run_id,job_id,planned_release_ns,actual_start_ns,finish_ns,execution_time_ns,response_time_ns,release_jitter_ns,deadline_ns,deadline_miss,overrun,skipped_release
1,0,94071290000000,94071290091125,94071291285875,1194750,1285875,91125,94071300000000,0,0,0
1,1,94071300000000,94071300074625,94071301263625,1189000,1263625,74625,94071310000000,0,0,0
1,2,94071310000000,94071310090750,94071311278000,1187250,1278000,90750,94071320000000,0,0,0
1,3,94071320000000,94071320061375,94071321258625,1197250,1258625,61375,94071330000000,0,0,0
1,4,94071330000000,94071330097875,94071331283875,1186000,1283875,97875,94071340000000,0,0,0
1,5,94071340000000,94071340092625,94071341289250,1196625,1289250,92625,94071350000000,0,0,0
1,6,94071350000000,94071350104875,94071351265750,1160875,1265750,104875,94071360000000,0,0,0
1,7,94071360000000,94071360092500,94071361285375,1192875,1285375,92500,94071370000000,0,0,0
1,8,94071370000000,94071370101375,94071371282500,1181125,1282500,101375,94071380000000,0,0,0
1,9,94071380000000,94071380086250,94071381275125,1188875,1275125,86250,94071390000000,0,0,0
1,10,94071390000000,94071390088000,94071391281000,1193000,1281000,88000,94071400000000,0,0,0
1,11,94071400000000,94071400088875,94071401282250,1193375,1282250,88875,94071410000000,0,0,0
1,12,94071410000000,94071410091875,94071411269125,1177250,1269125,91875,94071420000000,0,0,0
1,13,94071420000000,94071420096125,94071421284625,1188500,1284625,96125,94071430000000,0,0,0
1,14,94071430000000,94071430093625,94071431268375,1174750,1268375,93625,94071440000000,0,0,0
1,15,94071440000000,94071440099000,94071441272500,1173500,1272500,99000,94071450000000,0,0,0
1,16,94071450000000,94071450090750,94071451273750,1183000,1273750,90750,94071460000000,0,0,0
1,17,94071460000000,94071460088000,94071461284000,1196000,1284000,88000,94071470000000,0,0,0
1,18,94071470000000,94071470097250,94071471279125,1181875,1279125,97250,94071480000000,0,0,0
1,19,94071480000000,94071480085500,94071481064375,978875,1064375,85500,94071490000000,0,0,0
1,20,94071490000000,94071490105125,94071491293375,1188250,1293375,105125,94071500000000,0,0,0
1,21,94071500000000,94071500085875,94071501278750,1192875,1278750,85875,94071510000000,0,0,0
1,22,94071510000000,94071510093500,94071511261750,1168250,1261750,93500,94071520000000,0,0,0
1,23,94071520000000,94071520089875,94071521261875,1172000,1261875,89875,94071530000000,0,0,0
1,24,94071530000000,94071530092375,94071531281375,1189000,1281375,92375,94071540000000,0,0,0
1,25,94071540000000,94071540089375,94071541263375,1174000,1263375,89375,94071550000000,0,0,0
1,26,94071550000000,94071550093500,94071551281250,1187750,1281250,93500,94071560000000,0,0,0
1,27,94071560000000,94071560086750,94071561267500,1180750,1267500,86750,94071570000000,0,0,0
1,28,94071570000000,94071570095125,94071571274875,1179750,1274875,95125,94071580000000,0,0,0
1,29,94071580000000,94071580096250,94071581079375,983125,1079375,96250,94071590000000,0,0,0
1,30,94071590000000,94071590095875,94071591269625,1173750,1269625,95875,94071600000000,0,0,0
1,31,94071600000000,94071600096625,94071601273000,1176375,1273000,96625,94071610000000,0,0,0
1,32,94071610000000,94071610095250,94071611265000,1169750,1265000,95250,94071620000000,0,0,0
1,33,94071620000000,94071620097125,94071621271250,1174125,1271250,97125,94071630000000,0,0,0
1,34,94071630000000,94071630092750,94071631276500,1183750,1276500,92750,94071640000000,0,0,0
1,35,94071640000000,94071640098750,94071641281625,1182875,1281625,98750,94071650000000,0,0,0
1,36,94071650000000,94071650093625,94071651061250,967625,1061250,93625,94071660000000,0,0,0
1,37,94071660000000,94071660086000,94071661256625,1170625,1256625,86000,94071670000000,0,0,0
1,38,94071670000000,94071670094500,94071671282875,1188375,1282875,94500,94071680000000,0,0,0
1,39,94071680000000,94071680086750,94071681284125,1197375,1284125,86750,94071690000000,0,0,0
1,40,94071690000000,94071690088750,94071691261625,1172875,1261625,88750,94071700000000,0,0,0
1,41,94071700000000,94071700085500,94071701269875,1184375,1269875,85500,94071710000000,0,0,0
1,42,94071710000000,94071710102250,94071711287625,1185375,1287625,102250,94071720000000,0,0,0
1,43,94071720000000,94071720098125,94071721292000,1193875,1292000,98125,94071730000000,0,0,0
1,44,94071730000000,94071730106375,94071731287375,1181000,1287375,106375,94071740000000,0,0,0
1,45,94071740000000,94071740087125,94071741281750,1194625,1281750,87125,94071750000000,0,0,0
1,46,94071750000000,94071750104125,94071751085000,980875,1085000,104125,94071760000000,0,0,0
1,47,94071760000000,94071760090375,94071761260250,1169875,1260250,90375,94071770000000,0,0,0
1,48,94071770000000,94071770091875,94071771276250,1184375,1276250,91875,94071780000000,0,0,0
1,49,94071780000000,94071780065250,94071781262875,1197625,1262875,65250,94071790000000,0,0,0
1,50,94071790000000,94071790094500,94071791299250,1204750,1299250,94500,94071800000000,0,0,0
1,51,94071800000000,94071800089875,94071801287125,1197250,1287125,89875,94071810000000,0,0,0
1,52,94071810000000,94071810093875,94071811276500,1182625,1276500,93875,94071820000000,0,0,0
1,53,94071820000000,94071820102500,94071821086250,983750,1086250,102500,94071830000000,0,0,0
1,54,94071830000000,94071830093250,94071831072125,978875,1072125,93250,94071840000000,0,0,0
1,55,94071840000000,94071840103250,94071841284500,1181250,1284500,103250,94071850000000,0,0,0
1,56,94071850000000,94071850091750,94071851078125,986375,1078125,91750,94071860000000,0,0,0
1,57,94071860000000,94071860088500,94071861259750,1171250,1259750,88500,94071870000000,0,0,0
1,58,94071870000000,94071870091625,94071871276125,1184500,1276125,91625,94071880000000,0,0,0
1,59,94071880000000,94071880089750,94071881266125,1176375,1266125,89750,94071890000000,0,0,0
1,60,94071890000000,94071890090750,94071891269250,1178500,1269250,90750,94071900000000,0,0,0
1,61,94071900000000,94071900082125,94071901075000,992875,1075000,82125,94071910000000,0,0,0
1,62,94071910000000,94071910103000,94071911279625,1176625,1279625,103000,94071920000000,0,0,0
1,63,94071920000000,94071920089750,94071921258000,1168250,1258000,89750,94071930000000,0,0,0
1,64,94071930000000,94071930091750,94071931274500,1182750,1274500,91750,94071940000000,0,0,0
1,65,94071940000000,94071940081000,94071941066750,985750,1066750,81000,94071950000000,0,0,0
1,66,94071950000000,94071950092000,94071951271000,1179000,1271000,92000,94071960000000,0,0,0
1,67,94071960000000,94071960092750,94071961083625,990875,1083625,92750,94071970000000,0,0,0
1,68,94071970000000,94071970092000,94071971272625,1180625,1272625,92000,94071980000000,0,0,0
1,69,94071980000000,94071980098500,94071981283000,1184500,1283000,98500,94071990000000,0,0,0
1,70,94071990000000,94071990091750,94071991268625,1176875,1268625,91750,94072000000000,0,0,0
1,71,94072000000000,94072000097250,94072001276625,1179375,1276625,97250,94072010000000,0,0,0
1,72,94072010000000,94072010092125,94072011277625,1185500,1277625,92125,94072020000000,0,0,0
1,73,94072020000000,94072020098500,94072021069625,971125,1069625,98500,94072030000000,0,0,0
1,74,94072030000000,94072030095500,94072031273250,1177750,1273250,95500,94072040000000,0,0,0
1,75,94072040000000,94072040087875,94072041255750,1167875,1255750,87875,94072050000000,0,0,0
1,76,94072050000000,94072050090125,94072051265500,1175375,1265500,90125,94072060000000,0,0,0
1,77,94072060000000,94072060088250,94072061267375,1179125,1267375,88250,94072070000000,0,0,0
1,78,94072070000000,94072070089875,94072071267875,1178000,1267875,89875,94072080000000,0,0,0
1,79,94072080000000,94072080086625,94072081049625,963000,1049625,86625,94072090000000,0,0,0
1,80,94072090000000,94072090105125,94072091289875,1184750,1289875,105125,94072100000000,0,0,0
1,81,94072100000000,94072100088000,94072101261875,1173875,1261875,88000,94072110000000,0,0,0
1,82,94072110000000,94072110087875,94072111267375,1179500,1267375,87875,94072120000000,0,0,0
1,83,94072120000000,94072120086875,94072121270250,1183375,1270250,86875,94072130000000,0,0,0
1,84,94072130000000,94072130089375,94072131264875,1175500,1264875,89375,94072140000000,0,0,0
1,85,94072140000000,94072140092750,94072141274875,1182125,1274875,92750,94072150000000,0,0,0
1,86,94072150000000,94072150096750,94072151276875,1180125,1276875,96750,94072160000000,0,0,0
1,87,94072160000000,94072160109750,94072161295625,1185875,1295625,109750,94072170000000,0,0,0
1,88,94072170000000,94072170097875,94072171086375,988500,1086375,97875,94072180000000,0,0,0
1,89,94072180000000,94072180085500,94072181068125,982625,1068125,85500,94072190000000,0,0,0
1,90,94072190000000,94072190094375,94072191279375,1185000,1279375,94375,94072200000000,0,0,0
1,91,94072200000000,94072200084125,94072201280750,1196625,1280750,84125,94072210000000,0,0,0
1,92,94072210000000,94072210094500,94072211281750,1187250,1281750,94500,94072220000000,0,0,0
1,93,94072220000000,94072220085375,94072221048500,963125,1048500,85375,94072230000000,0,0,0
1,94,94072230000000,94072230103750,94072231295875,1192125,1295875,103750,94072240000000,0,0,0
1,95,94072240000000,94072240086000,94072241257125,1171125,1257125,86000,94072250000000,0,0,0
1,96,94072250000000,94072250092875,94072251269250,1176375,1269250,92875,94072260000000,0,0,0
1,97,94072260000000,94072260086125,94072261272750,1186625,1272750,86125,94072270000000,0,0,0
1,98,94072270000000,94072270092500,94072271263250,1170750,1263250,92500,94072280000000,0,0,0
1,99,94072280000000,94072280093375,94072281282375,1189000,1282375,93375,94072290000000,0,0,0
1,100,94072290000000,94072290095500,94072291285000,1189500,1285000,95500,94072300000000,0,0,0
1,101,94072300000000,94072300085875,94072301254625,1168750,1254625,85875,94072310000000,0,0,0
1,102,94072310000000,94072310094500,94072311270375,1175875,1270375,94500,94072320000000,0,0,0
1,103,94072320000000,94072320086250,94072321258750,1172500,1258750,86250,94072330000000,0,0,0
1,104,94072330000000,94072330094625,94072331272250,1177625,1272250,94625,94072340000000,0,0,0
1,105,94072340000000,94072340085125,94072341260000,1174875,1260000,85125,94072350000000,0,0,0
1,106,94072350000000,94072350103250,94072351290125,1186875,1290125,103250,94072360000000,0,0,0
1,107,94072360000000,94072360085375,94072361071125,985750,1071125,85375,94072370000000,0,0,0
1,108,94072370000000,94072370104250,94072371285125,1180875,1285125,104250,94072380000000,0,0,0
1,109,94072380000000,94072380087500,94072381282500,1195000,1282500,87500,94072390000000,0,0,0
1,110,94072390000000,94072390103375,94072391293375,1190000,1293375,103375,94072400000000,0,0,0
1,111,94072400000000,94072400086125,94072401268000,1181875,1268000,86125,94072410000000,0,0,0
1,112,94072410000000,94072410092250,94072411271625,1179375,1271625,92250,94072420000000,0,0,0
1,113,94072420000000,94072420088875,94072421265000,1176125,1265000,88875,94072430000000,0,0,0
1,114,94072430000000,94072430091625,94072431276500,1184875,1276500,91625,94072440000000,0,0,0
1,115,94072440000000,94072440086625,94072441258250,1171625,1258250,86625,94072450000000,0,0,0
1,116,94072450000000,94072450092000,94072451264000,1172000,1264000,92000,94072460000000,0,0,0
1,117,94072460000000,94072460098875,94072461290875,1192000,1290875,98875,94072470000000,0,0,0
1,118,94072470000000,94072470093875,94072471276000,1182125,1276000,93875,94072480000000,0,0,0
1,119,94072480000000,94072480083125,94072481280500,1197375,1280500,83125,94072490000000,0,0,0
1,120,94072490000000,94072490094000,94072491274500,1180500,1274500,94000,94072500000000,0,0,0
1,121,94072500000000,94072500090500,94072501277375,1186875,1277375,90500,94072510000000,0,0,0
1,122,94072510000000,94072510105125,94072511308125,1203000,1308125,105125,94072520000000,0,0,0
1,123,94072520000000,94072520087125,94072521268000,1180875,1268000,87125,94072530000000,0,0,0
1,124,94072530000000,94072530103250,94072531298375,1195125,1298375,103250,94072540000000,0,0,0
1,125,94072540000000,94072540087625,94072541279500,1191875,1279500,87625,94072550000000,0,0,0
1,126,94072550000000,94072550103375,94072551082500,979125,1082500,103375,94072560000000,0,0,0
1,127,94072560000000,94072560084875,94072561258625,1173750,1258625,84875,94072570000000,0,0,0
1,128,94072570000000,94072570090125,94072571265375,1175250,1265375,90125,94072580000000,0,0,0
1,129,94072580000000,94072580086625,94072581277875,1191250,1277875,86625,94072590000000,0,0,0
1,130,94072590000000,94072590094250,94072591273000,1178750,1273000,94250,94072600000000,0,0,0
1,131,94072600000000,94072600091000,94072601278000,1187000,1278000,91000,94072610000000,0,0,0
1,132,94072610000000,94072610097875,94072611274000,1176125,1274000,97875,94072620000000,0,0,0
1,133,94072620000000,94072620094875,94072621274000,1179125,1274000,94875,94072630000000,0,0,0
1,134,94072630000000,94072630093375,94072631302500,1209125,1302500,93375,94072640000000,0,0,0
1,135,94072640000000,94072640086000,94072641283250,1197250,1283250,86000,94072650000000,0,0,0
1,136,94072650000000,94072650095250,94072651286875,1191625,1286875,95250,94072660000000,0,0,0
1,137,94072660000000,94072660087625,94072661276375,1188750,1276375,87625,94072670000000,0,0,0
1,138,94072670000000,94072670102500,94072671079250,976750,1079250,102500,94072680000000,0,0,0
1,139,94072680000000,94072680090875,94072681064750,973875,1064750,90875,94072690000000,0,0,0
1,140,94072690000000,94072690092875,94072691270875,1178000,1270875,92875,94072700000000,0,0,0
1,141,94072700000000,94072700085375,94072701262375,1177000,1262375,85375,94072710000000,0,0,0
1,142,94072710000000,94072710092500,94072711282750,1190250,1282750,92500,94072720000000,0,0,0
1,143,94072720000000,94072720083750,94072721278000,1194250,1278000,83750,94072730000000,0,0,0
1,144,94072730000000,94072730094375,94072731086375,992000,1086375,94375,94072740000000,0,0,0
1,145,94072740000000,94072740097375,94072741282125,1184750,1282125,97375,94072750000000,0,0,0
1,146,94072750000000,94072750096500,94072751268625,1172125,1268625,96500,94072760000000,0,0,0
1,147,94072760000000,94072760081500,94072761268750,1187250,1268750,81500,94072770000000,0,0,0
1,148,94072770000000,94072770094125,94072771270875,1176750,1270875,94125,94072780000000,0,0,0
1,149,94072780000000,94072780084625,94072781271875,1187250,1271875,84625,94072790000000,0,0,0
1,150,94072790000000,94072790094125,94072791240750,1146625,1240750,94125,94072800000000,0,0,0
1,151,94072800000000,94072800086375,94072801253750,1167375,1253750,86375,94072810000000,0,0,0
1,152,94072810000000,94072810105625,94072811275875,1170250,1275875,105625,94072820000000,0,0,0
1,153,94072820000000,94072820083500,94072821069375,985875,1069375,83500,94072830000000,0,0,0
1,154,94072830000000,94072830108375,94072831309250,1200875,1309250,108375,94072840000000,0,0,0
1,155,94072840000000,94072840088500,94072841282000,1193500,1282000,88500,94072850000000,0,0,0
1,156,94072850000000,94072850092000,94072851066750,974750,1066750,92000,94072860000000,0,0,0
1,157,94072860000000,94072860082875,94072861295625,1212750,1295625,82875,94072870000000,0,0,0
1,158,94072870000000,94072870094125,94072871277250,1183125,1277250,94125,94072880000000,0,0,0
1,159,94072880000000,94072880096125,94072881292375,1196250,1292375,96125,94072890000000,0,0,0
1,160,94072890000000,94072890094625,94072891269750,1175125,1269750,94625,94072900000000,0,0,0
1,161,94072900000000,94072900084500,94072901264875,1180375,1264875,84500,94072910000000,0,0,0
1,162,94072910000000,94072910089250,94072911265875,1176625,1265875,89250,94072920000000,0,0,0
1,163,94072920000000,94072920089125,94072921272625,1183500,1272625,89125,94072930000000,0,0,0
1,164,94072930000000,94072930090750,94072931276250,1185500,1276250,90750,94072940000000,0,0,0
1,165,94072940000000,94072940092000,94072941278375,1186375,1278375,92000,94072950000000,0,0,0
1,166,94072950000000,94072950091500,94072951280750,1189250,1280750,91500,94072960000000,0,0,0
1,167,94072960000000,94072960085750,94072961263625,1177875,1263625,85750,94072970000000,0,0,0
1,168,94072970000000,94072970099750,94072971299500,1199750,1299500,99750,94072980000000,0,0,0
1,169,94072980000000,94072980090250,94072981276125,1185875,1276125,90250,94072990000000,0,0,0
1,170,94072990000000,94072990102875,94072991292500,1189625,1292500,102875,94073000000000,0,0,0
1,171,94073000000000,94073000084750,94073001047375,962625,1047375,84750,94073010000000,0,0,0
1,172,94073010000000,94073010093250,94073011268750,1175500,1268750,93250,94073020000000,0,0,0
1,173,94073020000000,94073020086000,94073021068125,982125,1068125,86000,94073030000000,0,0,0
1,174,94073030000000,94073030103750,94073031292125,1188375,1292125,103750,94073040000000,0,0,0
1,175,94073040000000,94073040087375,94073041268750,1181375,1268750,87375,94073050000000,0,0,0
1,176,94073050000000,94073050093250,94073051285500,1192250,1285500,93250,94073060000000,0,0,0
1,177,94073060000000,94073060094000,94073061272625,1178625,1272625,94000,94073070000000,0,0,0
1,178,94073070000000,94073070093000,94073071270750,1177750,1270750,93000,94073080000000,0,0,0
1,179,94073080000000,94073080099750,94073081280875,1181125,1280875,99750,94073090000000,0,0,0
1,180,94073090000000,94073090095125,94073091287875,1192750,1287875,95125,94073100000000,0,0,0
1,181,94073100000000,94073100089375,94073101292750,1203375,1292750,89375,94073110000000,0,0,0
1,182,94073110000000,94073110094000,94073111271000,1177000,1271000,94000,94073120000000,0,0,0
1,183,94073120000000,94073120082625,94073121259375,1176750,1259375,82625,94073130000000,0,0,0
1,184,94073130000000,94073130103625,94073131287000,1183375,1287000,103625,94073140000000,0,0,0
1,185,94073140000000,94073140085875,94073141068250,982375,1068250,85875,94073150000000,0,0,0
1,186,94073150000000,94073150103000,94073151269875,1166875,1269875,103000,94073160000000,0,0,0
1,187,94073160000000,94073160084625,94073161269250,1184625,1269250,84625,94073170000000,0,0,0
1,188,94073170000000,94073170096250,94073171284500,1188250,1284500,96250,94073180000000,0,0,0
1,189,94073180000000,94073180087375,94073181275125,1187750,1275125,87375,94073190000000,0,0,0
1,190,94073190000000,94073190094000,94073191270250,1176250,1270250,94000,94073200000000,0,0,0
1,191,94073200000000,94073200094250,94073201277875,1183625,1277875,94250,94073210000000,0,0,0
1,192,94073210000000,94073210093000,94073211271250,1178250,1271250,93000,94073220000000,0,0,0
1,193,94073220000000,94073220095875,94073221290000,1194125,1290000,95875,94073230000000,0,0,0
1,194,94073230000000,94073230093375,94073231278875,1185500,1278875,93375,94073240000000,0,0,0
1,195,94073240000000,94073240095875,94073241278375,1182500,1278375,95875,94073250000000,0,0,0
1,196,94073250000000,94073250098750,94073251282375,1183625,1282375,98750,94073260000000,0,0,0
1,197,94073260000000,94073260086250,94073261282375,1196125,1282375,86250,94073270000000,0,0,0
1,198,94073270000000,94073270094250,94073271279875,1185625,1279875,94250,94073280000000,0,0,0
1,199,94073280000000,94073280087125,94073281067875,980750,1067875,87125,94073290000000,0,0,0
1,200,94073290000000,94073290099875,94073291095625,995750,1095625,99875,94073300000000,0,0,0
1,201,94073300000000,94073300088875,94073301263375,1174500,1263375,88875,94073310000000,0,0,0
1,202,94073310000000,94073310103125,94073311079000,975875,1079000,103125,94073320000000,0,0,0
1,203,94073320000000,94073320088875,94073321266750,1177875,1266750,88875,94073330000000,0,0,0
1,204,94073330000000,94073330102375,94073331280000,1177625,1280000,102375,94073340000000,0,0,0
1,205,94073340000000,94073340082375,94073341069375,987000,1069375,82375,94073350000000,0,0,0
1,206,94073350000000,94073350091000,94073351279750,1188750,1279750,91000,94073360000000,0,0,0
1,207,94073360000000,94073360086500,94073361261750,1175250,1261750,86500,94073370000000,0,0,0
1,208,94073370000000,94073370098250,94073371282125,1183875,1282125,98250,94073380000000,0,0,0
1,209,94073380000000,94073380085250,94073381260375,1175125,1260375,85250,94073390000000,0,0,0
1,210,94073390000000,94073390095250,94073391267875,1172625,1267875,95250,94073400000000,0,0,0
1,211,94073400000000,94073400098500,94073401287125,1188625,1287125,98500,94073410000000,0,0,0
1,212,94073410000000,94073410093250,94073411265500,1172250,1265500,93250,94073420000000,0,0,0
1,213,94073420000000,94073420097375,94073421081000,983625,1081000,97375,94073430000000,0,0,0
1,214,94073430000000,94073430096750,94073431076625,979875,1076625,96750,94073440000000,0,0,0
1,215,94073440000000,94073440083625,94073441265375,1181750,1265375,83625,94073450000000,0,0,0
1,216,94073450000000,94073450093750,94073451280875,1187125,1280875,93750,94073460000000,0,0,0
1,217,94073460000000,94073460085625,94073461274500,1188875,1274500,85625,94073470000000,0,0,0
1,218,94073470000000,94073470102250,94073471293000,1190750,1293000,102250,94073480000000,0,0,0
1,219,94073480000000,94073480083500,94073481057625,974125,1057625,83500,94073490000000,0,0,0
1,220,94073490000000,94073490105000,94073491283625,1178625,1283625,105000,94073500000000,0,0,0
1,221,94073500000000,94073500085750,94073501280125,1194375,1280125,85750,94073510000000,0,0,0
1,222,94073510000000,94073510092750,94073511264625,1171875,1264625,92750,94073520000000,0,0,0
1,223,94073520000000,94073520087875,94073521264750,1176875,1264750,87875,94073530000000,0,0,0
1,224,94073530000000,94073530087625,94073531270000,1182375,1270000,87625,94073540000000,0,0,0
1,225,94073540000000,94073540090250,94073541263250,1173000,1263250,90250,94073550000000,0,0,0
1,226,94073550000000,94073550087125,94073551263500,1176375,1263500,87125,94073560000000,0,0,0
1,227,94073560000000,94073560098875,94073561297875,1199000,1297875,98875,94073570000000,0,0,0
1,228,94073570000000,94073570090750,94073571262000,1171250,1262000,90750,94073580000000,0,0,0
1,229,94073580000000,94073580104750,94073581295375,1190625,1295375,104750,94073590000000,0,0,0
1,230,94073590000000,94073590091625,94073591273375,1181750,1273375,91625,94073600000000,0,0,0
1,231,94073600000000,94073600088250,94073601280125,1191875,1280125,88250,94073610000000,0,0,0
1,232,94073610000000,94073610090375,94073611266875,1176500,1266875,90375,94073620000000,0,0,0
1,233,94073620000000,94073620087625,94073621277250,1189625,1277250,87625,94073630000000,0,0,0
1,234,94073630000000,94073630103375,94073631273125,1169750,1273125,103375,94073640000000,0,0,0
1,235,94073640000000,94073640090250,94073641282625,1192375,1282625,90250,94073650000000,0,0,0
1,236,94073650000000,94073650102500,94073651074125,971625,1074125,102500,94073660000000,0,0,0
1,237,94073660000000,94073660088375,94073661266375,1178000,1266375,88375,94073670000000,0,0,0
1,238,94073670000000,94073670101625,94073671288000,1186375,1288000,101625,94073680000000,0,0,0
1,239,94073680000000,94073680089250,94073681269500,1180250,1269500,89250,94073690000000,0,0,0
1,240,94073690000000,94073690088375,94073691054125,965750,1054125,88375,94073700000000,0,0,0
1,241,94073700000000,94073700087250,94073701272500,1185250,1272500,87250,94073710000000,0,0,0
1,242,94073710000000,94073710088875,94073711263875,1175000,1263875,88875,94073720000000,0,0,0
1,243,94073720000000,94073720088625,94073721282625,1194000,1282625,88625,94073730000000,0,0,0
1,244,94073730000000,94073730091250,94073731279125,1187875,1279125,91250,94073740000000,0,0,0
1,245,94073740000000,94073740086625,94073741275375,1188750,1275375,86625,94073750000000,0,0,0
1,246,94073750000000,94073750088250,94073751254500,1166250,1254500,88250,94073760000000,0,0,0
1,247,94073760000000,94073760094250,94073761273250,1179000,1273250,94250,94073770000000,0,0,0
1,248,94073770000000,94073770091875,94073771063500,971625,1063500,91875,94073780000000,0,0,0
1,249,94073780000000,94073780100125,94073781274875,1174750,1274875,100125,94073790000000,0,0,0
1,250,94073790000000,94073790090250,94073791278750,1188500,1278750,90250,94073800000000,0,0,0
1,251,94073800000000,94073800082875,94073801064375,981500,1064375,82875,94073810000000,0,0,0
1,252,94073810000000,94073810092625,94073811275875,1183250,1275875,92625,94073820000000,0,0,0
1,253,94073820000000,94073820105125,94073821340375,1235250,1340375,105125,94073830000000,0,0,0
1,254,94073830000000,94073830098875,94073831275750,1176875,1275750,98875,94073840000000,0,0,0
1,255,94073840000000,94073840089125,94073841291625,1202500,1291625,89125,94073850000000,0,0,0
1,256,94073850000000,94073850107375,94073851294750,1187375,1294750,107375,94073860000000,0,0,0
1,257,94073860000000,94073860087250,94073861273500,1186250,1273500,87250,94073870000000,0,0,0
1,258,94073870000000,94073870103625,94073871290375,1186750,1290375,103625,94073880000000,0,0,0
1,259,94073880000000,94073880087250,94073881257875,1170625,1257875,87250,94073890000000,0,0,0
1,260,94073890000000,94073890105125,94073891303250,1198125,1303250,105125,94073900000000,0,0,0
1,261,94073900000000,94073900095500,94073901284000,1188500,1284000,95500,94073910000000,0,0,0
1,262,94073910000000,94073910106250,94073911298125,1191875,1298125,106250,94073920000000,0,0,0
1,263,94073920000000,94073920084750,94073921274875,1190125,1274875,84750,94073930000000,0,0,0
1,264,94073930000000,94073930095625,94073931277625,1182000,1277625,95625,94073940000000,0,0,0
1,265,94073940000000,94073940086250,94073941266375,1180125,1266375,86250,94073950000000,0,0,0
1,266,94073950000000,94073950092000,94073951265750,1173750,1265750,92000,94073960000000,0,0,0
1,267,94073960000000,94073960093625,94073961278625,1185000,1278625,93625,94073970000000,0,0,0
1,268,94073970000000,94073970093375,94073971271125,1177750,1271125,93375,94073980000000,0,0,0
1,269,94073980000000,94073980085375,94073981264125,1178750,1264125,85375,94073990000000,0,0,0
1,270,94073990000000,94073990094750,94073991285125,1190375,1285125,94750,94074000000000,0,0,0
1,271,94074000000000,94074000094000,94074001278500,1184500,1278500,94000,94074010000000,0,0,0
1,272,94074010000000,94074010092375,94074011277500,1185125,1277500,92375,94074020000000,0,0,0
1,273,94074020000000,94074020095625,94074021278500,1182875,1278500,95625,94074030000000,0,0,0
1,274,94074030000000,94074030092875,94074031273250,1180375,1273250,92875,94074040000000,0,0,0
1,275,94074040000000,94074040094125,94074041267125,1173000,1267125,94125,94074050000000,0,0,0
1,276,94074050000000,94074050094125,94074051272125,1178000,1272125,94125,94074060000000,0,0,0
1,277,94074060000000,94074060086500,94074061052000,965500,1052000,86500,94074070000000,0,0,0
1,278,94074070000000,94074070089250,94074071267500,1178250,1267500,89250,94074080000000,0,0,0
1,279,94074080000000,94074080087750,94074081272000,1184250,1272000,87750,94074090000000,0,0,0
1,280,94074090000000,94074090091125,94074091275625,1184500,1275625,91125,94074100000000,0,0,0
1,281,94074100000000,94074100084625,94074101269500,1184875,1269500,84625,94074110000000,0,0,0
1,282,94074110000000,94074110100500,94074111282000,1181500,1282000,100500,94074120000000,0,0,0
1,283,94074120000000,94074120090375,94074121265000,1174625,1265000,90375,94074130000000,0,0,0
1,284,94074130000000,94074130103375,94074131291750,1188375,1291750,103375,94074140000000,0,0,0
1,285,94074140000000,94074140089750,94074141280625,1190875,1280625,89750,94074150000000,0,0,0
1,286,94074150000000,94074150089500,94074151281000,1191500,1281000,89500,94074160000000,0,0,0
1,287,94074160000000,94074160088125,94074161274500,1186375,1274500,88125,94074170000000,0,0,0
1,288,94074170000000,94074170088125,94074171264125,1176000,1264125,88125,94074180000000,0,0,0
1,289,94074180000000,94074180097625,94074181094625,997000,1094625,97625,94074190000000,0,0,0
1,290,94074190000000,94074190093875,94074191279375,1185500,1279375,93875,94074200000000,0,0,0
1,291,94074200000000,94074200099875,94074201284500,1184625,1284500,99875,94074210000000,0,0,0
1,292,94074210000000,94074210091125,94074211265625,1174500,1265625,91125,94074220000000,0,0,0
1,293,94074220000000,94074220087625,94074221273375,1185750,1273375,87625,94074230000000,0,0,0
1,294,94074230000000,94074230092250,94074231277875,1185625,1277875,92250,94074240000000,0,0,0
1,295,94074240000000,94074240090000,94074241271875,1181875,1271875,90000,94074250000000,0,0,0
1,296,94074250000000,94074250099875,94074251273625,1173750,1273625,99875,94074260000000,0,0,0
1,297,94074260000000,94074260088125,94074261268000,1179875,1268000,88125,94074270000000,0,0,0
1,298,94074270000000,94074270090500,94074271277500,1187000,1277500,90500,94074280000000,0,0,0
1,299,94074280000000,94074280091625,94074281268375,1176750,1268375,91625,94074290000000,0,0,0
1,300,94074290000000,94074290089250,94074291053375,964125,1053375,89250,94074300000000,0,0,0
1,301,94074300000000,94074300099000,94074301268750,1169750,1268750,99000,94074310000000,0,0,0
1,302,94074310000000,94074310092500,94074311067875,975375,1067875,92500,94074320000000,0,0,0
1,303,94074320000000,94074320089500,94074321266625,1177125,1266625,89500,94074330000000,0,0,0
1,304,94074330000000,94074330095625,94074331278125,1182500,1278125,95625,94074340000000,0,0,0
1,305,94074340000000,94074340097500,94074341294125,1196625,1294125,97500,94074350000000,0,0,0
1,306,94074350000000,94074350097375,94074351284375,1187000,1284375,97375,94074360000000,0,0,0
1,307,94074360000000,94074360085750,94074361065000,979250,1065000,85750,94074370000000,0,0,0
1,308,94074370000000,94074370104375,94074371302375,1198000,1302375,104375,94074380000000,0,0,0
1,309,94074380000000,94074380085250,94074381075250,990000,1075250,85250,94074390000000,0,0,0
1,310,94074390000000,94074390093125,94074391265500,1172375,1265500,93125,94074400000000,0,0,0
1,311,94074400000000,94074400087375,94074401272500,1185125,1272500,87375,94074410000000,0,0,0
1,312,94074410000000,94074410092750,94074411270375,1177625,1270375,92750,94074420000000,0,0,0
1,313,94074420000000,94074420084250,94074421267875,1183625,1267875,84250,94074430000000,0,0,0
1,314,94074430000000,94074430094125,94074431284000,1189875,1284000,94125,94074440000000,0,0,0
1,315,94074440000000,94074440084625,94074441063000,978375,1063000,84625,94074450000000,0,0,0
1,316,94074450000000,94074450095500,94074451272875,1177375,1272875,95500,94074460000000,0,0,0
1,317,94074460000000,94074460094000,94074461275875,1181875,1275875,94000,94074470000000,0,0,0
1,318,94074470000000,94074470093250,94074471081375,988125,1081375,93250,94074480000000,0,0,0
1,319,94074480000000,94074480095875,94074481271750,1175875,1271750,95875,94074490000000,0,0,0
1,320,94074490000000,94074490095000,94074491266375,1171375,1266375,95000,94074500000000,0,0,0
1,321,94074500000000,94074500088500,94074501261375,1172875,1261375,88500,94074510000000,0,0,0
1,322,94074510000000,94074510088375,94074511261500,1173125,1261500,88375,94074520000000,0,0,0
1,323,94074520000000,94074520087000,94074521271625,1184625,1271625,87000,94074530000000,0,0,0
1,324,94074530000000,94074530091000,94074531276500,1185500,1276500,91000,94074540000000,0,0,0
1,325,94074540000000,94074540087750,94074541258500,1170750,1258500,87750,94074550000000,0,0,0
1,326,94074550000000,94074550098750,94074551286250,1187500,1286250,98750,94074560000000,0,0,0
1,327,94074560000000,94074560089125,94074561257750,1168625,1257750,89125,94074570000000,0,0,0
1,328,94074570000000,94074570101875,94074571270625,1168750,1270625,101875,94074580000000,0,0,0
1,329,94074580000000,94074580088250,94074581252500,1164250,1252500,88250,94074590000000,0,0,0
1,330,94074590000000,94074590090250,94074591266125,1175875,1266125,90250,94074600000000,0,0,0
1,331,94074600000000,94074600085250,94074601256375,1171125,1256375,85250,94074610000000,0,0,0
1,332,94074610000000,94074610093000,94074611270875,1177875,1270875,93000,94074620000000,0,0,0
1,333,94074620000000,94074620086500,94074621284875,1198375,1284875,86500,94074630000000,0,0,0
1,334,94074630000000,94074630092625,94074631267250,1174625,1267250,92625,94074640000000,0,0,0
1,335,94074640000000,94074640096000,94074641278000,1182000,1278000,96000,94074650000000,0,0,0
1,336,94074650000000,94074650094875,94074651273375,1178500,1273375,94875,94074660000000,0,0,0
1,337,94074660000000,94074660097625,94074661287250,1189625,1287250,97625,94074670000000,0,0,0
1,338,94074670000000,94074670093375,94074671279875,1186500,1279875,93375,94074680000000,0,0,0
1,339,94074680000000,94074680098250,94074681294875,1196625,1294875,98250,94074690000000,0,0,0
1,340,94074690000000,94074690094125,94074691272000,1177875,1272000,94125,94074700000000,0,0,0
1,341,94074700000000,94074700088750,94074701275875,1187125,1275875,88750,94074710000000,0,0,0
1,342,94074710000000,94074710095000,94074711279000,1184000,1279000,95000,94074720000000,0,0,0
1,343,94074720000000,94074720084625,94074721266125,1181500,1266125,84625,94074730000000,0,0,0
1,344,94074730000000,94074730102000,94074731068875,966875,1068875,102000,94074740000000,0,0,0
1,345,94074740000000,94074740089000,94074741275000,1186000,1275000,89000,94074750000000,0,0,0
1,346,94074750000000,94074750092250,94074751283750,1191500,1283750,92250,94074760000000,0,0,0
1,347,94074760000000,94074760086375,94074761277125,1190750,1277125,86375,94074770000000,0,0,0
1,348,94074770000000,94074770094500,94074771283125,1188625,1283125,94500,94074780000000,0,0,0
1,349,94074780000000,94074780097625,94074781271000,1173375,1271000,97625,94074790000000,0,0,0
1,350,94074790000000,94074790097125,94074791290500,1193375,1290500,97125,94074800000000,0,0,0
1,351,94074800000000,94074800098375,94074801284250,1185875,1284250,98375,94074810000000,0,0,0
1,352,94074810000000,94074810093000,94074811054125,961125,1054125,93000,94074820000000,0,0,0
1,353,94074820000000,94074820104375,94074821299625,1195250,1299625,104375,94074830000000,0,0,0
1,354,94074830000000,94074830092250,94074831290375,1198125,1290375,92250,94074840000000,0,0,0
1,355,94074840000000,94074840087750,94074841263500,1175750,1263500,87750,94074850000000,0,0,0
1,356,94074850000000,94074850091000,94074851275875,1184875,1275875,91000,94074860000000,0,0,0
1,357,94074860000000,94074860086250,94074861283500,1197250,1283500,86250,94074870000000,0,0,0
1,358,94074870000000,94074870092125,94074871265125,1173000,1265125,92125,94074880000000,0,0,0
1,359,94074880000000,94074880085500,94074881263000,1177500,1263000,85500,94074890000000,0,0,0
1,360,94074890000000,94074890101125,94074891290125,1189000,1290125,101125,94074900000000,0,0,0
1,361,94074900000000,94074900088125,94074901270375,1182250,1270375,88125,94074910000000,0,0,0
1,362,94074910000000,94074910103250,94074911295000,1191750,1295000,103250,94074920000000,0,0,0
1,363,94074920000000,94074920085375,94074921260375,1175000,1260375,85375,94074930000000,0,0,0
1,364,94074930000000,94074930103500,94074931271000,1167500,1271000,103500,94074940000000,0,0,0
1,365,94074940000000,94074940083625,94074941267250,1183625,1267250,83625,94074950000000,0,0,0
1,366,94074950000000,94074950090750,94074951266625,1175875,1266625,90750,94074960000000,0,0,0
1,367,94074960000000,94074960082750,94074961261875,1179125,1261875,82750,94074970000000,0,0,0
1,368,94074970000000,94074970093375,94074971080000,986625,1080000,93375,94074980000000,0,0,0
1,369,94074980000000,94074980096875,94074981292875,1196000,1292875,96875,94074990000000,0,0,0
1,370,94074990000000,94074990099625,94074991282250,1182625,1282250,99625,94075000000000,0,0,0
1,371,94075000000000,94075000084375,94075001267375,1183000,1267375,84375,94075010000000,0,0,0
1,372,94075010000000,94075010091875,94075011276625,1184750,1276625,91875,94075020000000,0,0,0
1,373,94075020000000,94075020083375,94075021275500,1192125,1275500,83375,94075030000000,0,0,0
1,374,94075030000000,94075030093625,94075031056000,962375,1056000,93625,94075040000000,0,0,0
1,375,94075040000000,94075040084000,94075041271625,1187625,1271625,84000,94075050000000,0,0,0
1,376,94075050000000,94075050101875,94075051274375,1172500,1274375,101875,94075060000000,0,0,0
1,377,94075060000000,94075060089125,94075061275375,1186250,1275375,89125,94075070000000,0,0,0
1,378,94075070000000,94075070101125,94075071291500,1190375,1291500,101125,94075080000000,0,0,0
1,379,94075080000000,94075080087000,94075081254000,1167000,1254000,87000,94075090000000,0,0,0
1,380,94075090000000,94075090089000,94075091060625,971625,1060625,89000,94075100000000,0,0,0
1,381,94075100000000,94075100088250,94075101278250,1190000,1278250,88250,94075110000000,0,0,0
1,382,94075110000000,94075110089750,94075111271125,1181375,1271125,89750,94075120000000,0,0,0
1,383,94075120000000,94075120087375,94075121250875,1163500,1250875,87375,94075130000000,0,0,0
1,384,94075130000000,94075130091625,94075131060875,969250,1060875,91625,94075140000000,0,0,0
1,385,94075140000000,94075140094625,94075141272250,1177625,1272250,94625,94075150000000,0,0,0
1,386,94075150000000,94075150089875,94075151268750,1178875,1268750,89875,94075160000000,0,0,0
1,387,94075160000000,94075160098625,94075161281375,1182750,1281375,98625,94075170000000,0,0,0
1,388,94075170000000,94075170096750,94075171284625,1187875,1284625,96750,94075180000000,0,0,0
1,389,94075180000000,94075180087375,94075181093375,1006000,1093375,87375,94075190000000,0,0,0
1,390,94075190000000,94075190092375,94075191289625,1197250,1289625,92375,94075200000000,0,0,0
1,391,94075200000000,94075200087750,94075201278750,1191000,1278750,87750,94075210000000,0,0,0
1,392,94075210000000,94075210103125,94075211280500,1177375,1280500,103125,94075220000000,0,0,0
1,393,94075220000000,94075220091125,94075221090000,998875,1090000,91125,94075230000000,0,0,0
1,394,94075230000000,94075230103000,94075231291000,1188000,1291000,103000,94075240000000,0,0,0
1,395,94075240000000,94075240088500,94075241271000,1182500,1271000,88500,94075250000000,0,0,0
1,396,94075250000000,94075250103250,94075251299750,1196500,1299750,103250,94075260000000,0,0,0
1,397,94075260000000,94075260091125,94075261270125,1179000,1270125,91125,94075270000000,0,0,0
1,398,94075270000000,94075270102375,94075271276875,1174500,1276875,102375,94075280000000,0,0,0
1,399,94075280000000,94075280087500,94075281276250,1188750,1276250,87500,94075290000000,0,0,0
1,400,94075290000000,94075290089625,94075291065000,975375,1065000,89625,94075300000000,0,0,0
1,401,94075300000000,94075300093125,94075301272375,1179250,1272375,93125,94075310000000,0,0,0
1,402,94075310000000,94075310099750,94075311288375,1188625,1288375,99750,94075320000000,0,0,0
1,403,94075320000000,94075320090250,94075321273500,1183250,1273500,90250,94075330000000,0,0,0
1,404,94075330000000,94075330091625,94075331290625,1199000,1290625,91625,94075340000000,0,0,0
1,405,94075340000000,94075340098750,94075341293000,1194250,1293000,98750,94075350000000,0,0,0
1,406,94075350000000,94075350094750,94075351272000,1177250,1272000,94750,94075360000000,0,0,0
1,407,94075360000000,94075360099750,94075361289750,1190000,1289750,99750,94075370000000,0,0,0
1,408,94075370000000,94075370096750,94075371268125,1171375,1268125,96750,94075380000000,0,0,0
1,409,94075380000000,94075380085875,94075381275125,1189250,1275125,85875,94075390000000,0,0,0
1,410,94075390000000,94075390089875,94075391268875,1179000,1268875,89875,94075400000000,0,0,0
1,411,94075400000000,94075400088375,94075401269750,1181375,1269750,88375,94075410000000,0,0,0
1,412,94075410000000,94075410098875,94075411270750,1171875,1270750,98875,94075420000000,0,0,0
1,413,94075420000000,94075420087500,94075421271375,1183875,1271375,87500,94075430000000,0,0,0
1,414,94075430000000,94075430084750,94075431264625,1179875,1264625,84750,94075440000000,0,0,0
1,415,94075440000000,94075440087375,94075441273250,1185875,1273250,87375,94075450000000,0,0,0
1,416,94075450000000,94075450089375,94075451061625,972250,1061625,89375,94075460000000,0,0,0
1,417,94075460000000,94075460097375,94075461277375,1180000,1277375,97375,94075470000000,0,0,0
1,418,94075470000000,94075470091500,94075471281500,1190000,1281500,91500,94075480000000,0,0,0
1,419,94075480000000,94075480085375,94075481270750,1185375,1270750,85375,94075490000000,0,0,0
1,420,94075490000000,94075490089000,94075491275250,1186250,1275250,89000,94075500000000,0,0,0
1,421,94075500000000,94075500087000,94075501281000,1194000,1281000,87000,94075510000000,0,0,0
1,422,94075510000000,94075510092750,94075511253375,1160625,1253375,92750,94075520000000,0,0,0
1,423,94075520000000,94075520087625,94075521276750,1189125,1276750,87625,94075530000000,0,0,0
1,424,94075530000000,94075530098000,94075531284000,1186000,1284000,98000,94075540000000,0,0,0
1,425,94075540000000,94075540086875,94075541051000,964125,1051000,86875,94075550000000,0,0,0
1,426,94075550000000,94075550103250,94075551086750,983500,1086750,103250,94075560000000,0,0,0
1,427,94075560000000,94075560085125,94075561265625,1180500,1265625,85125,94075570000000,0,0,0
1,428,94075570000000,94075570102125,94075571295500,1193375,1295500,102125,94075580000000,0,0,0
1,429,94075580000000,94075580087500,94075581256625,1169125,1256625,87500,94075590000000,0,0,0
1,430,94075590000000,94075590102000,94075591060625,958625,1060625,102000,94075600000000,0,0,0
1,431,94075600000000,94075600085375,94075601259500,1174125,1259500,85375,94075610000000,0,0,0
1,432,94075610000000,94075610093375,94075611266000,1172625,1266000,93375,94075620000000,0,0,0
1,433,94075620000000,94075620084750,94075621258500,1173750,1258500,84750,94075630000000,0,0,0
1,434,94075630000000,94075630090250,94075631276875,1186625,1276875,90250,94075640000000,0,0,0
1,435,94075640000000,94075640085250,94075641258000,1172750,1258000,85250,94075650000000,0,0,0
1,436,94075650000000,94075650099125,94075651295750,1196625,1295750,99125,94075660000000,0,0,0
1,437,94075660000000,94075660089250,94075661276875,1187625,1276875,89250,94075670000000,0,0,0
1,438,94075670000000,94075670093125,94075671268375,1175250,1268375,93125,94075680000000,0,0,0
1,439,94075680000000,94075680098875,94075681275500,1176625,1275500,98875,94075690000000,0,0,0
1,440,94075690000000,94075690091750,94075691268250,1176500,1268250,91750,94075700000000,0,0,0
1,441,94075700000000,94075700076500,94075701061125,984625,1061125,76500,94075710000000,0,0,0
1,442,94075710000000,94075710093750,94075711275375,1181625,1275375,93750,94075720000000,0,0,0
1,443,94075720000000,94075720084000,94075721267500,1183500,1267500,84000,94075730000000,0,0,0
1,444,94075730000000,94075730093375,94075731286750,1193375,1286750,93375,94075740000000,0,0,0
1,445,94075740000000,94075740085500,94075741254125,1168625,1254125,85500,94075750000000,0,0,0
1,446,94075750000000,94075750102375,94075751271125,1168750,1271125,102375,94075760000000,0,0,0
1,447,94075760000000,94075760085625,94075761253625,1168000,1253625,85625,94075770000000,0,0,0
1,448,94075770000000,94075770091375,94075771073625,982250,1073625,91375,94075780000000,0,0,0
1,449,94075780000000,94075780084125,94075781267500,1183375,1267500,84125,94075790000000,0,0,0
1,450,94075790000000,94075790091500,94075791268125,1176625,1268125,91500,94075800000000,0,0,0
1,451,94075800000000,94075800084250,94075801267500,1183250,1267500,84250,94075810000000,0,0,0
1,452,94075810000000,94075810098375,94075811279750,1181375,1279750,98375,94075820000000,0,0,0
1,453,94075820000000,94075820083750,94075821277125,1193375,1277125,83750,94075830000000,0,0,0
1,454,94075830000000,94075830092750,94075831262000,1169250,1262000,92750,94075840000000,0,0,0
1,455,94075840000000,94075840090625,94075841282375,1191750,1282375,90625,94075850000000,0,0,0
1,456,94075850000000,94075850093375,94075851267875,1174500,1267875,93375,94075860000000,0,0,0
1,457,94075860000000,94075860101500,94075861291625,1190125,1291625,101500,94075870000000,0,0,0
1,458,94075870000000,94075870090500,94075871265500,1175000,1265500,90500,94075880000000,0,0,0
1,459,94075880000000,94075880087500,94075881048875,961375,1048875,87500,94075890000000,0,0,0
1,460,94075890000000,94075890093000,94075891270125,1177125,1270125,93000,94075900000000,0,0,0
1,461,94075900000000,94075900087750,94075901258125,1170375,1258125,87750,94075910000000,0,0,0
1,462,94075910000000,94075910091000,94075911282500,1191500,1282500,91000,94075920000000,0,0,0
1,463,94075920000000,94075920087500,94075921275750,1188250,1275750,87500,94075930000000,0,0,0
1,464,94075930000000,94075930092125,94075931262250,1170125,1262250,92125,94075940000000,0,0,0
1,465,94075940000000,94075940087125,94075941274625,1187500,1274625,87125,94075950000000,0,0,0
1,466,94075950000000,94075950093750,94075951264375,1170625,1264375,93750,94075960000000,0,0,0
1,467,94075960000000,94075960087750,94075961277000,1189250,1277000,87750,94075970000000,0,0,0
1,468,94075970000000,94075970095625,94075971274250,1178625,1274250,95625,94075980000000,0,0,0
1,469,94075980000000,94075980086750,94075981282375,1195625,1282375,86750,94075990000000,0,0,0
1,470,94075990000000,94075990088125,94075991300125,1212000,1300125,88125,94076000000000,0,0,0
1,471,94076000000000,94076000084125,94076001257375,1173250,1257375,84125,94076010000000,0,0,0
1,472,94076010000000,94076010105625,94076011268875,1163250,1268875,105625,94076020000000,0,0,0
1,473,94076020000000,94076020079000,94076021248750,1169750,1248750,79000,94076030000000,0,0,0
1,474,94076030000000,94076030090500,94076031266375,1175875,1266375,90500,94076040000000,0,0,0
1,475,94076040000000,94076040088250,94076041280625,1192375,1280625,88250,94076050000000,0,0,0
1,476,94076050000000,94076050090500,94076051269125,1178625,1269125,90500,94076060000000,0,0,0
1,477,94076060000000,94076060089875,94076061282125,1192250,1282125,89875,94076070000000,0,0,0
1,478,94076070000000,94076070088000,94076071272125,1184125,1272125,88000,94076080000000,0,0,0
1,479,94076080000000,94076080097000,94076081303750,1206750,1303750,97000,94076090000000,0,0,0
1,480,94076090000000,94076090091625,94076091082000,990375,1082000,91625,94076100000000,0,0,0
1,481,94076100000000,94076100101125,94076101293125,1192000,1293125,101125,94076110000000,0,0,0
1,482,94076110000000,94076110095375,94076111265750,1170375,1265750,95375,94076120000000,0,0,0
1,483,94076120000000,94076120085625,94076121282875,1197250,1282875,85625,94076130000000,0,0,0
1,484,94076130000000,94076130095000,94076131267250,1172250,1267250,95000,94076140000000,0,0,0
1,485,94076140000000,94076140083500,94076141071625,988125,1071625,83500,94076150000000,0,0,0
1,486,94076150000000,94076150100750,94076151278875,1178125,1278875,100750,94076160000000,0,0,0
1,487,94076160000000,94076160087625,94076161262125,1174500,1262125,87625,94076170000000,0,0,0
1,488,94076170000000,94076170101875,94076171290750,1188875,1290750,101875,94076180000000,0,0,0
1,489,94076180000000,94076180089250,94076181291875,1202625,1291875,89250,94076190000000,0,0,0
1,490,94076190000000,94076190091125,94076191268500,1177375,1268500,91125,94076200000000,0,0,0
1,491,94076200000000,94076200087500,94076201278625,1191125,1278625,87500,94076210000000,0,0,0
1,492,94076210000000,94076210091375,94076211260750,1169375,1260750,91375,94076220000000,0,0,0
1,493,94076220000000,94076220096500,94076221075000,978500,1075000,96500,94076230000000,0,0,0
1,494,94076230000000,94076230096375,94076231286250,1189875,1286250,96375,94076240000000,0,0,0
1,495,94076240000000,94076240098250,94076241286125,1187875,1286125,98250,94076250000000,0,0,0
1,496,94076250000000,94076250095625,94076251279625,1184000,1279625,95625,94076260000000,0,0,0
1,497,94076260000000,94076260088000,94076261265500,1177500,1265500,88000,94076270000000,0,0,0
1,498,94076270000000,94076270089875,94076271265375,1175500,1265375,89875,94076280000000,0,0,0
1,499,94076280000000,94076280087875,94076281267125,1179250,1267125,87875,94076290000000,0,0,0
1,500,94076290000000,94076290091375,94076291277500,1186125,1277500,91375,94076300000000,0,0,0
1,501,94076300000000,94076300090500,94076301268875,1178375,1268875,90500,94076310000000,0,0,0
1,502,94076310000000,94076310089250,94076311275250,1186000,1275250,89250,94076320000000,0,0,0
1,503,94076320000000,94076320089375,94076321282125,1192750,1282125,89375,94076330000000,0,0,0
1,504,94076330000000,94076330091250,94076331291750,1200500,1291750,91250,94076340000000,0,0,0
1,505,94076340000000,94076340088500,94076341274625,1186125,1274625,88500,94076350000000,0,0,0
1,506,94076350000000,94076350104000,94076351269750,1165750,1269750,104000,94076360000000,0,0,0
1,507,94076360000000,94076360088875,94076361267375,1178500,1267375,88875,94076370000000,0,0,0
1,508,94076370000000,94076370088375,94076371282250,1193875,1282250,88375,94076380000000,0,0,0
1,509,94076380000000,94076380087250,94076381279625,1192375,1279625,87250,94076390000000,0,0,0
1,510,94076390000000,94076390089750,94076391258000,1168250,1258000,89750,94076400000000,0,0,0
1,511,94076400000000,94076400098625,94076401294500,1195875,1294500,98625,94076410000000,0,0,0
1,512,94076410000000,94076410096500,94076411274875,1178375,1274875,96500,94076420000000,0,0,0
1,513,94076420000000,94076420087750,94076421055625,967875,1055625,87750,94076430000000,0,0,0
1,514,94076430000000,94076430092250,94076431275000,1182750,1275000,92250,94076440000000,0,0,0
1,515,94076440000000,94076440086750,94076441076750,990000,1076750,86750,94076450000000,0,0,0
1,516,94076450000000,94076450092000,94076451264875,1172875,1264875,92000,94076460000000,0,0,0
1,517,94076460000000,94076460083500,94076461278000,1194500,1278000,83500,94076470000000,0,0,0
1,518,94076470000000,94076470089250,94076471260750,1171500,1260750,89250,94076480000000,0,0,0
1,519,94076480000000,94076480089750,94076481285125,1195375,1285125,89750,94076490000000,0,0,0
1,520,94076490000000,94076490091250,94076491275375,1184125,1275375,91250,94076500000000,0,0,0
1,521,94076500000000,94076500090000,94076501280375,1190375,1280375,90000,94076510000000,0,0,0
1,522,94076510000000,94076510098250,94076511287875,1189625,1287875,98250,94076520000000,0,0,0
1,523,94076520000000,94076520097500,94076521295875,1198375,1295875,97500,94076530000000,0,0,0
1,524,94076530000000,94076530108125,94076531311125,1203000,1311125,108125,94076540000000,0,0,0
1,525,94076540000000,94076540090500,94076541267375,1176875,1267375,90500,94076550000000,0,0,0
1,526,94076550000000,94076550089375,94076551067625,978250,1067625,89375,94076560000000,0,0,0
1,527,94076560000000,94076560090500,94076561278375,1187875,1278375,90500,94076570000000,0,0,0
1,528,94076570000000,94076570089250,94076571276250,1187000,1276250,89250,94076580000000,0,0,0
1,529,94076580000000,94076580088750,94076581268750,1180000,1268750,88750,94076590000000,0,0,0
1,530,94076590000000,94076590090000,94076591276000,1186000,1276000,90000,94076600000000,0,0,0
1,531,94076600000000,94076600096750,94076601287000,1190250,1287000,96750,94076610000000,0,0,0
1,532,94076610000000,94076610092875,94076611250250,1157375,1250250,92875,94076620000000,0,0,0
1,533,94076620000000,94076620098000,94076621283625,1185625,1283625,98000,94076630000000,0,0,0
1,534,94076630000000,94076630091250,94076631267500,1176250,1267500,91250,94076640000000,0,0,0
1,535,94076640000000,94076640100500,94076641078500,978000,1078500,100500,94076650000000,0,0,0
1,536,94076650000000,94076650093875,94076651254625,1160750,1254625,93875,94076660000000,0,0,0
1,537,94076660000000,94076660083250,94076661269125,1185875,1269125,83250,94076670000000,0,0,0
1,538,94076670000000,94076670095125,94076671074750,979625,1074750,95125,94076680000000,0,0,0
1,539,94076680000000,94076680085375,94076681255125,1169750,1255125,85375,94076690000000,0,0,0
1,540,94076690000000,94076690104375,94076691270625,1166250,1270625,104375,94076700000000,0,0,0
1,541,94076700000000,94076700085375,94076701071375,986000,1071375,85375,94076710000000,0,0,0
1,542,94076710000000,94076710106875,94076711291000,1184125,1291000,106875,94076720000000,0,0,0
1,543,94076720000000,94076720089125,94076721274250,1185125,1274250,89125,94076730000000,0,0,0
1,544,94076730000000,94076730093375,94076731288500,1195125,1288500,93375,94076740000000,0,0,0
1,545,94076740000000,94076740085000,94076741258625,1173625,1258625,85000,94076750000000,0,0,0
1,546,94076750000000,94076750091500,94076751264625,1173125,1264625,91500,94076760000000,0,0,0
1,547,94076760000000,94076760099625,94076761299000,1199375,1299000,99625,94076770000000,0,0,0
1,548,94076770000000,94076770092250,94076771276000,1183750,1276000,92250,94076780000000,0,0,0
1,549,94076780000000,94076780087125,94076781282125,1195000,1282125,87125,94076790000000,0,0,0
1,550,94076790000000,94076790094875,94076791288875,1194000,1288875,94875,94076800000000,0,0,0
1,551,94076800000000,94076800086250,94076801273625,1187375,1273625,86250,94076810000000,0,0,0
1,552,94076810000000,94076810102875,94076811286625,1183750,1286625,102875,94076820000000,0,0,0
1,553,94076820000000,94076820086375,94076821266250,1179875,1266250,86375,94076830000000,0,0,0
1,554,94076830000000,94076830107000,94076831304125,1197125,1304125,107000,94076840000000,0,0,0
1,555,94076840000000,94076840086000,94076841254250,1168250,1254250,86000,94076850000000,0,0,0
1,556,94076850000000,94076850093625,94076851259375,1165750,1259375,93625,94076860000000,0,0,0
1,557,94076860000000,94076860086000,94076861269750,1183750,1269750,86000,94076870000000,0,0,0
1,558,94076870000000,94076870091625,94076871274875,1183250,1274875,91625,94076880000000,0,0,0
1,559,94076880000000,94076880084250,94076881278750,1194500,1278750,84250,94076890000000,0,0,0
1,560,94076890000000,94076890095375,94076891286625,1191250,1286625,95375,94076900000000,0,0,0
1,561,94076900000000,94076900086250,94076901277000,1190750,1277000,86250,94076910000000,0,0,0
1,562,94076910000000,94076910093750,94076911283000,1189250,1283000,93750,94076920000000,0,0,0
1,563,94076920000000,94076920095500,94076921286750,1191250,1286750,95500,94076930000000,0,0,0
1,564,94076930000000,94076930092500,94076931246875,1154375,1246875,92500,94076940000000,0,0,0
1,565,94076940000000,94076940094750,94076941262625,1167875,1262625,94750,94076950000000,0,0,0
1,566,94076950000000,94076950103500,94076951290875,1187375,1290875,103500,94076960000000,0,0,0
1,567,94076960000000,94076960085125,94076961270125,1185000,1270125,85125,94076970000000,0,0,0
1,568,94076970000000,94076970093250,94076971276625,1183375,1276625,93250,94076980000000,0,0,0
1,569,94076980000000,94076980084250,94076981283375,1199125,1283375,84250,94076990000000,0,0,0
1,570,94076990000000,94076990091875,94076991270375,1178500,1270375,91875,94077000000000,0,0,0
1,571,94077000000000,94077000086375,94077001258500,1172125,1258500,86375,94077010000000,0,0,0
1,572,94077010000000,94077010101875,94077011290000,1188125,1290000,101875,94077020000000,0,0,0
1,573,94077020000000,94077020080625,94077021268500,1187875,1268500,80625,94077030000000,0,0,0
1,574,94077030000000,94077030094125,94077031281250,1187125,1281250,94125,94077040000000,0,0,0
1,575,94077040000000,94077040078375,94077041272625,1194250,1272625,78375,94077050000000,0,0,0
1,576,94077050000000,94077050095250,94077051265750,1170500,1265750,95250,94077060000000,0,0,0
1,577,94077060000000,94077060097500,94077061284500,1187000,1284500,97500,94077070000000,0,0,0
1,578,94077070000000,94077070090250,94077071262375,1172125,1262375,90250,94077080000000,0,0,0
1,579,94077080000000,94077080098500,94077081291750,1193250,1291750,98500,94077090000000,0,0,0
1,580,94077090000000,94077090094375,94077091276375,1182000,1276375,94375,94077100000000,0,0,0
1,581,94077100000000,94077100088375,94077101269875,1181500,1269875,88375,94077110000000,0,0,0
1,582,94077110000000,94077110089000,94077111080625,991625,1080625,89000,94077120000000,0,0,0
1,583,94077120000000,94077120087750,94077121281625,1193875,1281625,87750,94077130000000,0,0,0
1,584,94077130000000,94077130089375,94077131055250,965875,1055250,89375,94077140000000,0,0,0
1,585,94077140000000,94077140088125,94077141057750,969625,1057750,88125,94077150000000,0,0,0
1,586,94077150000000,94077150099000,94077151284500,1185500,1284500,99000,94077160000000,0,0,0
1,587,94077160000000,94077160086750,94077161268250,1181500,1268250,86750,94077170000000,0,0,0
1,588,94077170000000,94077170101500,94077171290625,1189125,1290625,101500,94077180000000,0,0,0
1,589,94077180000000,94077180089500,94077181290000,1200500,1290000,89500,94077190000000,0,0,0
1,590,94077190000000,94077190099375,94077191291125,1191750,1291125,99375,94077200000000,0,0,0
1,591,94077200000000,94077200088875,94077201277125,1188250,1277125,88875,94077210000000,0,0,0
1,592,94077210000000,94077210087875,94077211053750,965875,1053750,87875,94077220000000,0,0,0
1,593,94077220000000,94077220089750,94077221059250,969500,1059250,89750,94077230000000,0,0,0
1,594,94077230000000,94077230092125,94077231269375,1177250,1269375,92125,94077240000000,0,0,0
1,595,94077240000000,94077240087875,94077241276625,1188750,1276625,87875,94077250000000,0,0,0
1,596,94077250000000,94077250087875,94077251269875,1182000,1269875,87875,94077260000000,0,0,0
1,597,94077260000000,94077260096625,94077261271750,1175125,1271750,96625,94077270000000,0,0,0
1,598,94077270000000,94077270096125,94077271086125,990000,1086125,96125,94077280000000,0,0,0
1,599,94077280000000,94077280101250,94077281293500,1192250,1293500,101250,94077290000000,0,0,0
1,600,94077290000000,94077290093750,94077291286625,1192875,1286625,93750,94077300000000,0,0,0
1,601,94077300000000,94077300086625,94077301258750,1172125,1258750,86625,94077310000000,0,0,0
1,602,94077310000000,94077310093500,94077311284625,1191125,1284625,93500,94077320000000,0,0,0
1,603,94077320000000,94077320118875,94077321321875,1203000,1321875,118875,94077330000000,0,0,0
1,604,94077330000000,94077330099500,94077331079375,979875,1079375,99500,94077340000000,0,0,0
1,605,94077340000000,94077340085500,94077341266750,1181250,1266750,85500,94077350000000,0,0,0
1,606,94077350000000,94077350104000,94077351292875,1188875,1292875,104000,94077360000000,0,0,0
1,607,94077360000000,94077360084125,94077361266375,1182250,1266375,84125,94077370000000,0,0,0
1,608,94077370000000,94077370092625,94077371064000,971375,1064000,92625,94077380000000,0,0,0
1,609,94077380000000,94077380085500,94077381270625,1185125,1270625,85500,94077390000000,0,0,0
1,610,94077390000000,94077390105250,94077391313000,1207750,1313000,105250,94077400000000,0,0,0
1,611,94077400000000,94077400086875,94077401269750,1182875,1269750,86875,94077410000000,0,0,0
1,612,94077410000000,94077410092250,94077411281250,1189000,1281250,92250,94077420000000,0,0,0
1,613,94077420000000,94077420100125,94077421287375,1187250,1287375,100125,94077430000000,0,0,0
1,614,94077430000000,94077430093000,94077431267125,1174125,1267125,93000,94077440000000,0,0,0
1,615,94077440000000,94077440098625,94077441277500,1178875,1277500,98625,94077450000000,0,0,0
1,616,94077450000000,94077450094750,94077451264250,1169500,1264250,94750,94077460000000,0,0,0
1,617,94077460000000,94077460090250,94077461273875,1183625,1273875,90250,94077470000000,0,0,0
1,618,94077470000000,94077470092000,94077471269750,1177750,1269750,92000,94077480000000,0,0,0
1,619,94077480000000,94077480084500,94077481066125,981625,1066125,84500,94077490000000,0,0,0
1,620,94077490000000,94077490101750,94077491289250,1187500,1289250,101750,94077500000000,0,0,0
1,621,94077500000000,94077500083625,94077501267625,1184000,1267625,83625,94077510000000,0,0,0
1,622,94077510000000,94077510102000,94077511271125,1169125,1271125,102000,94077520000000,0,0,0
1,623,94077520000000,94077520088875,94077521079000,990125,1079000,88875,94077530000000,0,0,0
1,624,94077530000000,94077530104000,94077531295625,1191625,1295625,104000,94077540000000,0,0,0
1,625,94077540000000,94077540084500,94077541261000,1176500,1261000,84500,94077550000000,0,0,0
1,626,94077550000000,94077550093375,94077551265750,1172375,1265750,93375,94077560000000,0,0,0
1,627,94077560000000,94077560085000,94077561255500,1170500,1255500,85000,94077570000000,0,0,0
1,628,94077570000000,94077570092000,94077571268125,1176125,1268125,92000,94077580000000,0,0,0
1,629,94077580000000,94077580088125,94077581276125,1188000,1276125,88125,94077590000000,0,0,0
1,630,94077590000000,94077590092125,94077591275375,1183250,1275375,92125,94077600000000,0,0,0
1,631,94077600000000,94077600086875,94077601265375,1178500,1265375,86875,94077610000000,0,0,0
1,632,94077610000000,94077610094250,94077611273125,1178875,1273125,94250,94077620000000,0,0,0
1,633,94077620000000,94077620096250,94077621286500,1190250,1286500,96250,94077630000000,0,0,0
1,634,94077630000000,94077630094750,94077631266250,1171500,1266250,94750,94077640000000,0,0,0
1,635,94077640000000,94077640095000,94077641284250,1189250,1284250,95000,94077650000000,0,0,0
1,636,94077650000000,94077650094500,94077651285750,1191250,1285750,94500,94077660000000,0,0,0
1,637,94077660000000,94077660098750,94077661272750,1174000,1272750,98750,94077670000000,0,0,0
1,638,94077670000000,94077670093125,94077671065250,972125,1065250,93125,94077680000000,0,0,0
1,639,94077680000000,94077680088125,94077681080000,991875,1080000,88125,94077690000000,0,0,0
1,640,94077690000000,94077690094750,94077691276750,1182000,1276750,94750,94077700000000,0,0,0
1,641,94077700000000,94077700088500,94077701265000,1176500,1265000,88500,94077710000000,0,0,0
1,642,94077710000000,94077710093625,94077711277625,1184000,1277625,93625,94077720000000,0,0,0
1,643,94077720000000,94077720089375,94077721274125,1184750,1274125,89375,94077730000000,0,0,0
1,644,94077730000000,94077730095125,94077731286125,1191000,1286125,95125,94077740000000,0,0,0
1,645,94077740000000,94077740089375,94077741281750,1192375,1281750,89375,94077750000000,0,0,0
1,646,94077750000000,94077750095000,94077751079750,984750,1079750,95000,94077760000000,0,0,0
1,647,94077760000000,94077760091750,94077761281000,1189250,1281000,91750,94077770000000,0,0,0
1,648,94077770000000,94077770093625,94077771279375,1185750,1279375,93625,94077780000000,0,0,0
1,649,94077780000000,94077780087125,94077781270375,1183250,1270375,87125,94077790000000,0,0,0
1,650,94077790000000,94077790102625,94077791289125,1186500,1289125,102625,94077800000000,0,0,0
1,651,94077800000000,94077800088000,94077801259375,1171375,1259375,88000,94077810000000,0,0,0
1,652,94077810000000,94077810103750,94077811283500,1179750,1283500,103750,94077820000000,0,0,0
1,653,94077820000000,94077820082000,94077821302250,1220250,1302250,82000,94077830000000,0,0,0
1,654,94077830000000,94077830124000,94077831320125,1196125,1320125,124000,94077840000000,0,0,0
1,655,94077840000000,94077840088125,94077841282125,1194000,1282125,88125,94077850000000,0,0,0
1,656,94077850000000,94077850092875,94077851072125,979250,1072125,92875,94077860000000,0,0,0
1,657,94077860000000,94077860087250,94077861265875,1178625,1265875,87250,94077870000000,0,0,0
1,658,94077870000000,94077870088250,94077871287000,1198750,1287000,88250,94077880000000,0,0,0
1,659,94077880000000,94077880089500,94077881266250,1176750,1266250,89500,94077890000000,0,0,0
1,660,94077890000000,94077890090750,94077891062375,971625,1062375,90750,94077900000000,0,0,0
1,661,94077900000000,94077900100125,94077901285125,1185000,1285125,100125,94077910000000,0,0,0
1,662,94077910000000,94077910094500,94077911286000,1191500,1286000,94500,94077920000000,0,0,0
1,663,94077920000000,94077920089375,94077921059500,970125,1059500,89375,94077930000000,0,0,0
1,664,94077930000000,94077930089750,94077931267625,1177875,1267625,89750,94077940000000,0,0,0
1,665,94077940000000,94077940085500,94077941263875,1178375,1263875,85500,94077950000000,0,0,0
1,666,94077950000000,94077950095250,94077951263625,1168375,1263625,95250,94077960000000,0,0,0
1,667,94077960000000,94077960083625,94077961056750,973125,1056750,83625,94077970000000,0,0,0
1,668,94077970000000,94077970103750,94077971297000,1193250,1297000,103750,94077980000000,0,0,0
1,669,94077980000000,94077980077125,94077981269500,1192375,1269500,77125,94077990000000,0,0,0
1,670,94077990000000,94077990104750,94077991078250,973500,1078250,104750,94078000000000,0,0,0
1,671,94078000000000,94078000083875,94078001261500,1177625,1261500,83875,94078010000000,0,0,0
1,672,94078010000000,94078010091125,94078011277375,1186250,1277375,91125,94078020000000,0,0,0
1,673,94078020000000,94078020085375,94078021279750,1194375,1279750,85375,94078030000000,0,0,0
1,674,94078030000000,94078030093250,94078031277000,1183750,1277000,93250,94078040000000,0,0,0
1,675,94078040000000,94078040084000,94078041272125,1188125,1272125,84000,94078050000000,0,0,0
1,676,94078050000000,94078050092750,94078051262500,1169750,1262500,92750,94078060000000,0,0,0
1,677,94078060000000,94078060086250,94078061278000,1191750,1278000,86250,94078070000000,0,0,0
1,678,94078070000000,94078070094625,94078071279625,1185000,1279625,94625,94078080000000,0,0,0
1,679,94078080000000,94078080097750,94078081280250,1182500,1280250,97750,94078090000000,0,0,0
1,680,94078090000000,94078090091625,94078091271500,1179875,1271500,91625,94078100000000,0,0,0
1,681,94078100000000,94078100098375,94078101292250,1193875,1292250,98375,94078110000000,0,0,0
1,682,94078110000000,94078110094625,94078111062250,967625,1062250,94625,94078120000000,0,0,0
1,683,94078120000000,94078120098375,94078121277250,1178875,1277250,98375,94078130000000,0,0,0
1,684,94078130000000,94078130092125,94078131076125,984000,1076125,92125,94078140000000,0,0,0
1,685,94078140000000,94078140085875,94078141287375,1201500,1287375,85875,94078150000000,0,0,0
1,686,94078150000000,94078150095125,94078151280000,1184875,1280000,95125,94078160000000,0,0,0
1,687,94078160000000,94078160086250,94078161272000,1185750,1272000,86250,94078170000000,0,0,0
1,688,94078170000000,94078170100875,94078171277125,1176250,1277125,100875,94078180000000,0,0,0
1,689,94078180000000,94078180100125,94078181286250,1186125,1286250,100125,94078190000000,0,0,0
1,690,94078190000000,94078190114625,94078191300375,1185750,1300375,114625,94078200000000,0,0,0
1,691,94078200000000,94078200087000,94078201291375,1204375,1291375,87000,94078210000000,0,0,0
1,692,94078210000000,94078210090750,94078211279625,1188875,1279625,90750,94078220000000,0,0,0
1,693,94078220000000,94078220086375,94078221278875,1192500,1278875,86375,94078230000000,0,0,0
1,694,94078230000000,94078230095500,94078231279000,1183500,1279000,95500,94078240000000,0,0,0
1,695,94078240000000,94078240101625,94078241272750,1171125,1272750,101625,94078250000000,0,0,0
1,696,94078250000000,94078250092875,94078251261875,1169000,1261875,92875,94078260000000,0,0,0
1,697,94078260000000,94078260113375,94078261310375,1197000,1310375,113375,94078270000000,0,0,0
1,698,94078270000000,94078270096250,94078271269250,1173000,1269250,96250,94078280000000,0,0,0
1,699,94078280000000,94078280086250,94078281280625,1194375,1280625,86250,94078290000000,0,0,0
1,700,94078290000000,94078290095625,94078291284750,1189125,1284750,95625,94078300000000,0,0,0
1,701,94078300000000,94078300087375,94078301278250,1190875,1278250,87375,94078310000000,0,0,0
1,702,94078310000000,94078310104375,94078311290000,1185625,1290000,104375,94078320000000,0,0,0
1,703,94078320000000,94078320086250,94078321279125,1192875,1279125,86250,94078330000000,0,0,0
1,704,94078330000000,94078330092500,94078331260750,1168250,1260750,92500,94078340000000,0,0,0
1,705,94078340000000,94078340086375,94078341267750,1181375,1267750,86375,94078350000000,0,0,0
1,706,94078350000000,94078350093250,94078351293625,1200375,1293625,93250,94078360000000,0,0,0
1,707,94078360000000,94078360086500,94078361268125,1181625,1268125,86500,94078370000000,0,0,0
1,708,94078370000000,94078370092500,94078371268750,1176250,1268750,92500,94078380000000,0,0,0
1,709,94078380000000,94078380098250,94078381285250,1187000,1285250,98250,94078390000000,0,0,0
1,710,94078390000000,94078390095375,94078391075250,979875,1075250,95375,94078400000000,0,0,0
1,711,94078400000000,94078400099125,94078401280250,1181125,1280250,99125,94078410000000,0,0,0
1,712,94078410000000,94078410093125,94078411264375,1171250,1264375,93125,94078420000000,0,0,0
1,713,94078420000000,94078420087625,94078421274500,1186875,1274500,87625,94078430000000,0,0,0
1,714,94078430000000,94078430094625,94078431281000,1186375,1281000,94625,94078440000000,0,0,0
1,715,94078440000000,94078440090750,94078441260250,1169500,1260250,90750,94078450000000,0,0,0
1,716,94078450000000,94078450104750,94078451289000,1184250,1289000,104750,94078460000000,0,0,0
1,717,94078460000000,94078460090375,94078461259875,1169500,1259875,90375,94078470000000,0,0,0
1,718,94078470000000,94078470093500,94078471276125,1182625,1276125,93500,94078480000000,0,0,0
1,719,94078480000000,94078480088375,94078481268375,1180000,1268375,88375,94078490000000,0,0,0
1,720,94078490000000,94078490091750,94078491272875,1181125,1272875,91750,94078500000000,0,0,0
1,721,94078500000000,94078500099375,94078501266000,1166625,1266000,99375,94078510000000,0,0,0
1,722,94078510000000,94078510094750,94078511266625,1171875,1266625,94750,94078520000000,0,0,0
1,723,94078520000000,94078520100500,94078521276375,1175875,1276375,100500,94078530000000,0,0,0
1,724,94078530000000,94078530092500,94078531286375,1193875,1286375,92500,94078540000000,0,0,0
1,725,94078540000000,94078540086500,94078541280250,1193750,1280250,86500,94078550000000,0,0,0
1,726,94078550000000,94078550094875,94078551282250,1187375,1282250,94875,94078560000000,0,0,0
1,727,94078560000000,94078560086750,94078561264125,1177375,1264125,86750,94078570000000,0,0,0
1,728,94078570000000,94078570105125,94078571295500,1190375,1295500,105125,94078580000000,0,0,0
1,729,94078580000000,94078580085125,94078581265500,1180375,1265500,85125,94078590000000,0,0,0
1,730,94078590000000,94078590105125,94078591278875,1173750,1278875,105125,94078600000000,0,0,0
1,731,94078600000000,94078600088000,94078601284250,1196250,1284250,88000,94078610000000,0,0,0
1,732,94078610000000,94078610092000,94078611282750,1190750,1282750,92000,94078620000000,0,0,0
1,733,94078620000000,94078620086250,94078621271625,1185375,1271625,86250,94078630000000,0,0,0
1,734,94078630000000,94078630091375,94078631049500,958125,1049500,91375,94078640000000,0,0,0
1,735,94078640000000,94078640098250,94078641285625,1187375,1285625,98250,94078650000000,0,0,0
1,736,94078650000000,94078650092375,94078651271000,1178625,1271000,92375,94078660000000,0,0,0
1,737,94078660000000,94078660085250,94078661253250,1168000,1253250,85250,94078670000000,0,0,0
1,738,94078670000000,94078670093625,94078671276875,1183250,1276875,93625,94078680000000,0,0,0
1,739,94078680000000,94078680085500,94078681064000,978500,1064000,85500,94078690000000,0,0,0
1,740,94078690000000,94078690104250,94078691281125,1176875,1281125,104250,94078700000000,0,0,0
1,741,94078700000000,94078700094125,94078701290250,1196125,1290250,94125,94078710000000,0,0,0
1,742,94078710000000,94078710110250,94078711296375,1186125,1296375,110250,94078720000000,0,0,0
1,743,94078720000000,94078720087500,94078721262750,1175250,1262750,87500,94078730000000,0,0,0
1,744,94078730000000,94078730091000,94078731251000,1160000,1251000,91000,94078740000000,0,0,0
1,745,94078740000000,94078740087875,94078741273500,1185625,1273500,87875,94078750000000,0,0,0
1,746,94078750000000,94078750092250,94078751075875,983625,1075875,92250,94078760000000,0,0,0
1,747,94078760000000,94078760097125,94078761282250,1185125,1282250,97125,94078770000000,0,0,0
1,748,94078770000000,94078770094250,94078771278250,1184000,1278250,94250,94078780000000,0,0,0
1,749,94078780000000,94078780098500,94078781273875,1175375,1273875,98500,94078790000000,0,0,0
1,750,94078790000000,94078790095875,94078791288250,1192375,1288250,95875,94078800000000,0,0,0
1,751,94078800000000,94078800087375,94078801267625,1180250,1267625,87375,94078810000000,0,0,0
1,752,94078810000000,94078810095000,94078811261625,1166625,1261625,95000,94078820000000,0,0,0
1,753,94078820000000,94078820093250,94078821296625,1203375,1296625,93250,94078830000000,0,0,0
1,754,94078830000000,94078830097000,94078831069250,972250,1069250,97000,94078840000000,0,0,0
1,755,94078840000000,94078840091000,94078841256125,1165125,1256125,91000,94078850000000,0,0,0
1,756,94078850000000,94078850106000,94078851291875,1185875,1291875,106000,94078860000000,0,0,0
1,757,94078860000000,94078860088125,94078861259000,1170875,1259000,88125,94078870000000,0,0,0
1,758,94078870000000,94078870105375,94078871073750,968375,1073750,105375,94078880000000,0,0,0
1,759,94078880000000,94078880088625,94078881258500,1169875,1258500,88625,94078890000000,0,0,0
1,760,94078890000000,94078890093625,94078891275875,1182250,1275875,93625,94078900000000,0,0,0
1,761,94078900000000,94078900088875,94078901275875,1187000,1275875,88875,94078910000000,0,0,0
1,762,94078910000000,94078910090625,94078911260000,1169375,1260000,90625,94078920000000,0,0,0
1,763,94078920000000,94078920093750,94078921282000,1188250,1282000,93750,94078930000000,0,0,0
1,764,94078930000000,94078930091250,94078931260500,1169250,1260500,91250,94078940000000,0,0,0
1,765,94078940000000,94078940082000,94078941270000,1188000,1270000,82000,94078950000000,0,0,0
1,766,94078950000000,94078950089375,94078951280250,1190875,1280250,89375,94078960000000,0,0,0
1,767,94078960000000,94078960088500,94078961257750,1169250,1257750,88500,94078970000000,0,0,0
1,768,94078970000000,94078970102125,94078971289625,1187500,1289625,102125,94078980000000,0,0,0
1,769,94078980000000,94078980090125,94078981270375,1180250,1270375,90125,94078990000000,0,0,0
1,770,94078990000000,94078990090250,94078991284500,1194250,1284500,90250,94079000000000,0,0,0
1,771,94079000000000,94079000090250,94079001284250,1194000,1284250,90250,94079010000000,0,0,0
1,772,94079010000000,94079010091625,94079011261500,1169875,1261500,91625,94079020000000,0,0,0
1,773,94079020000000,94079020100250,94079021283125,1182875,1283125,100250,94079030000000,0,0,0
1,774,94079030000000,94079030089625,94079031262500,1172875,1262500,89625,94079040000000,0,0,0
1,775,94079040000000,94079040088375,94079041273875,1185500,1273875,88375,94079050000000,0,0,0
1,776,94079050000000,94079050092125,94079051264000,1171875,1264000,92125,94079060000000,0,0,0
1,777,94079060000000,94079060088750,94079061281875,1193125,1281875,88750,94079070000000,0,0,0
1,778,94079070000000,94079070092750,94079071258625,1165875,1258625,92750,94079080000000,0,0,0
1,779,94079080000000,94079080080000,94079081267375,1187375,1267375,80000,94079090000000,0,0,0
1,780,94079090000000,94079090104000,94079091060375,956375,1060375,104000,94079100000000,0,0,0
1,781,94079100000000,94079100087750,94079101273500,1185750,1273500,87750,94079110000000,0,0,0
1,782,94079110000000,94079110102375,94079111279125,1176750,1279125,102375,94079120000000,0,0,0
1,783,94079120000000,94079120089000,94079121279125,1190125,1279125,89000,94079130000000,0,0,0
1,784,94079130000000,94079130118250,94079131307125,1188875,1307125,118250,94079140000000,0,0,0
1,785,94079140000000,94079140089625,94079141278250,1188625,1278250,89625,94079150000000,0,0,0
1,786,94079150000000,94079150090375,94079151281375,1191000,1281375,90375,94079160000000,0,0,0
1,787,94079160000000,94079160090875,94079161281250,1190375,1281250,90875,94079170000000,0,0,0
1,788,94079170000000,94079170095375,94079171285000,1189625,1285000,95375,94079180000000,0,0,0
1,789,94079180000000,94079180085625,94079181269125,1183500,1269125,85625,94079190000000,0,0,0
1,790,94079190000000,94079190092250,94079191059250,967000,1059250,92250,94079200000000,0,0,0
1,791,94079200000000,94079200100250,94079201273000,1172750,1273000,100250,94079210000000,0,0,0
1,792,94079210000000,94079210092625,94079211060625,968000,1060625,92625,94079220000000,0,0,0
1,793,94079220000000,94079220086250,94079221285250,1199000,1285250,86250,94079230000000,0,0,0
1,794,94079230000000,94079230094375,94079231286375,1192000,1286375,94375,94079240000000,0,0,0
1,795,94079240000000,94079240089125,94079241255875,1166750,1255875,89125,94079250000000,0,0,0
1,796,94079250000000,94079250100250,94079251276875,1176625,1276875,100250,94079260000000,0,0,0
1,797,94079260000000,94079260086500,94079261260000,1173500,1260000,86500,94079270000000,0,0,0
1,798,94079270000000,94079270103750,94079271293625,1189875,1293625,103750,94079280000000,0,0,0
1,799,94079280000000,94079280088125,94079281258500,1170375,1258500,88125,94079290000000,0,0,0
1,800,94079290000000,94079290090250,94079291058125,967875,1058125,90250,94079300000000,0,0,0
1,801,94079300000000,94079300087625,94079301261125,1173500,1261125,87625,94079310000000,0,0,0
1,802,94079310000000,94079310092125,94079311274750,1182625,1274750,92125,94079320000000,0,0,0
1,803,94079320000000,94079320086750,94079321274875,1188125,1274875,86750,94079330000000,0,0,0
1,804,94079330000000,94079330096500,94079331290250,1193750,1290250,96500,94079340000000,0,0,0
1,805,94079340000000,94079340090500,94079341260250,1169750,1260250,90500,94079350000000,0,0,0
1,806,94079350000000,94079350094500,94079351264000,1169500,1264000,94500,94079360000000,0,0,0
1,807,94079360000000,94079360102250,94079361301375,1199125,1301375,102250,94079370000000,0,0,0
1,808,94079370000000,94079370095625,94079371281375,1185750,1281375,95625,94079380000000,0,0,0
1,809,94079380000000,94079380097125,94079381289000,1191875,1289000,97125,94079390000000,0,0,0
1,810,94079390000000,94079390096625,94079391268375,1171750,1268375,96625,94079400000000,0,0,0
1,811,94079400000000,94079400099250,94079401274875,1175625,1274875,99250,94079410000000,0,0,0
1,812,94079410000000,94079410093000,94079411278000,1185000,1278000,93000,94079420000000,0,0,0
1,813,94079420000000,94079420088625,94079421267875,1179250,1267875,88625,94079430000000,0,0,0
1,814,94079430000000,94079430092750,94079431286125,1193375,1286125,92750,94079440000000,0,0,0
1,815,94079440000000,94079440089750,94079441259875,1170125,1259875,89750,94079450000000,0,0,0
1,816,94079450000000,94079450103125,94079451279750,1176625,1279750,103125,94079460000000,0,0,0
1,817,94079460000000,94079460093250,94079461273875,1180625,1273875,93250,94079470000000,0,0,0
1,818,94079470000000,94079470103625,94079471277625,1174000,1277625,103625,94079480000000,0,0,0
1,819,94079480000000,94079480086625,94079481264250,1177625,1264250,86625,94079490000000,0,0,0
1,820,94079490000000,94079490091250,94079491262000,1170750,1262000,91250,94079500000000,0,0,0
1,821,94079500000000,94079500085000,94079501259625,1174625,1259625,85000,94079510000000,0,0,0
1,822,94079510000000,94079510093375,94079511064750,971375,1064750,93375,94079520000000,0,0,0
1,823,94079520000000,94079520095250,94079521270375,1175125,1270375,95250,94079530000000,0,0,0
1,824,94079530000000,94079530094000,94079531292250,1198250,1292250,94000,94079540000000,0,0,0
1,825,94079540000000,94079540082875,94079541264375,1181500,1264375,82875,94079550000000,0,0,0
1,826,94079550000000,94079550091250,94079551282750,1191500,1282750,91250,94079560000000,0,0,0
1,827,94079560000000,94079560085500,94079561266250,1180750,1266250,85500,94079570000000,0,0,0
1,828,94079570000000,94079570103375,94079571275750,1172375,1275750,103375,94079580000000,0,0,0
1,829,94079580000000,94079580088000,94079581057750,969750,1057750,88000,94079590000000,0,0,0
1,830,94079590000000,94079590104000,94079591279375,1175375,1279375,104000,94079600000000,0,0,0
1,831,94079600000000,94079600085625,94079601062375,976750,1062375,85625,94079610000000,0,0,0
1,832,94079610000000,94079610093750,94079611273500,1179750,1273500,93750,94079620000000,0,0,0
1,833,94079620000000,94079620084500,94079621263500,1179000,1263500,84500,94079630000000,0,0,0
1,834,94079630000000,94079630092625,94079631266625,1174000,1266625,92625,94079640000000,0,0,0
1,835,94079640000000,94079640094875,94079641263875,1169000,1263875,94875,94079650000000,0,0,0
1,836,94079650000000,94079650094875,94079651270125,1175250,1270125,94875,94079660000000,0,0,0
1,837,94079660000000,94079660098500,94079661292875,1194375,1292875,98500,94079670000000,0,0,0
1,838,94079670000000,94079670091625,94079671248875,1157250,1248875,91625,94079680000000,0,0,0
1,839,94079680000000,94079680101125,94079681293000,1191875,1293000,101125,94079690000000,0,0,0
1,840,94079690000000,94079690093125,94079691274500,1181375,1274500,93125,94079700000000,0,0,0
1,841,94079700000000,94079700085750,94079701271500,1185750,1271500,85750,94079710000000,0,0,0
1,842,94079710000000,94079710095625,94079711061500,965875,1061500,95625,94079720000000,0,0,0
1,843,94079720000000,94079720089375,94079721269500,1180125,1269500,89375,94079730000000,0,0,0
1,844,94079730000000,94079730103125,94079731278625,1175500,1278625,103125,94079740000000,0,0,0
1,845,94079740000000,94079740088500,94079741284250,1195750,1284250,88500,94079750000000,0,0,0
1,846,94079750000000,94079750103875,94079751274125,1170250,1274125,103875,94079760000000,0,0,0
1,847,94079760000000,94079760089250,94079761267000,1177750,1267000,89250,94079770000000,0,0,0
1,848,94079770000000,94079770089750,94079771061750,972000,1061750,89750,94079780000000,0,0,0
1,849,94079780000000,94079780089875,94079781281250,1191375,1281250,89875,94079790000000,0,0,0
1,850,94079790000000,94079790090625,94079791275625,1185000,1275625,90625,94079800000000,0,0,0
1,851,94079800000000,94079800088875,94079801263625,1174750,1263625,88875,94079810000000,0,0,0
1,852,94079810000000,94079810095625,94079811285250,1189625,1285250,95625,94079820000000,0,0,0
1,853,94079820000000,94079820090625,94079821262750,1172125,1262750,90625,94079830000000,0,0,0
1,854,94079830000000,94079830093500,94079831281250,1187750,1281250,93500,94079840000000,0,0,0
1,855,94079840000000,94079840089750,94079841274250,1184500,1274250,89750,94079850000000,0,0,0
1,856,94079850000000,94079850093875,94079851293500,1199625,1293500,93875,94079860000000,0,0,0
1,857,94079860000000,94079860097750,94079861275375,1177625,1275375,97750,94079870000000,0,0,0
1,858,94079870000000,94079870091125,94079871289500,1198375,1289500,91125,94079880000000,0,0,0
1,859,94079880000000,94079880085625,94079881270500,1184875,1270500,85625,94079890000000,0,0,0
1,860,94079890000000,94079890095625,94079891279875,1184250,1279875,95625,94079900000000,0,0,0
1,861,94079900000000,94079900083500,94079901254500,1171000,1254500,83500,94079910000000,0,0,0
1,862,94079910000000,94079910102500,94079911270125,1167625,1270125,102500,94079920000000,0,0,0
1,863,94079920000000,94079920091125,94079921285375,1194250,1285375,91125,94079930000000,0,0,0
1,864,94079930000000,94079930104250,94079931270125,1165875,1270125,104250,94079940000000,0,0,0
1,865,94079940000000,94079940084625,94079941266000,1181375,1266000,84625,94079950000000,0,0,0
1,866,94079950000000,94079950095000,94079951269625,1174625,1269625,95000,94079960000000,0,0,0
1,867,94079960000000,94079960085875,94079961260500,1174625,1260500,85875,94079970000000,0,0,0
1,868,94079970000000,94079970092750,94079971272875,1180125,1272875,92750,94079980000000,0,0,0
1,869,94079980000000,94079980087625,94079981260875,1173250,1260875,87625,94079990000000,0,0,0
1,870,94079990000000,94079990094750,94079991285000,1190250,1285000,94750,94080000000000,0,0,0
1,871,94080000000000,94080000095375,94080001278875,1183500,1278875,95375,94080010000000,0,0,0
1,872,94080010000000,94080010093250,94080011261625,1168375,1261625,93250,94080020000000,0,0,0
1,873,94080020000000,94080020098750,94080021299500,1200750,1299500,98750,94080030000000,0,0,0
1,874,94080030000000,94080030096125,94080031269125,1173000,1269125,96125,94080040000000,0,0,0
1,875,94080040000000,94080040086000,94080041283375,1197375,1283375,86000,94080050000000,0,0,0
1,876,94080050000000,94080050089875,94080051263625,1173750,1263625,89875,94080060000000,0,0,0
1,877,94080060000000,94080060086125,94080061262875,1176750,1262875,86125,94080070000000,0,0,0
1,878,94080070000000,94080070098875,94080071293750,1194875,1293750,98875,94080080000000,0,0,0
1,879,94080080000000,94080080088000,94080081266875,1178875,1266875,88000,94080090000000,0,0,0
1,880,94080090000000,94080090105750,94080091288625,1182875,1288625,105750,94080100000000,0,0,0
1,881,94080100000000,94080100079125,94080101267125,1188000,1267125,79125,94080110000000,0,0,0
1,882,94080110000000,94080110088375,94080111053250,964875,1053250,88375,94080120000000,0,0,0
1,883,94080120000000,94080120086875,94080121264875,1178000,1264875,86875,94080130000000,0,0,0
1,884,94080130000000,94080130088125,94080131275750,1187625,1275750,88125,94080140000000,0,0,0
1,885,94080140000000,94080140088250,94080141273000,1184750,1273000,88250,94080150000000,0,0,0
1,886,94080150000000,94080150090250,94080151258500,1168250,1258500,90250,94080160000000,0,0,0
1,887,94080160000000,94080160098125,94080161270125,1172000,1270125,98125,94080170000000,0,0,0
1,888,94080170000000,94080170091125,94080171265625,1174500,1265625,91125,94080180000000,0,0,0
1,889,94080180000000,94080180086125,94080181278125,1192000,1278125,86125,94080190000000,0,0,0
1,890,94080190000000,94080190091500,94080191278250,1186750,1278250,91500,94080200000000,0,0,0
1,891,94080200000000,94080200084500,94080201259750,1175250,1259750,84500,94080210000000,0,0,0
1,892,94080210000000,94080210103375,94080211291125,1187750,1291125,103375,94080220000000,0,0,0
1,893,94080220000000,94080220084125,94080221266000,1181875,1266000,84125,94080230000000,0,0,0
1,894,94080230000000,94080230091750,94080231269625,1177875,1269625,91750,94080240000000,0,0,0
1,895,94080240000000,94080240084750,94080241270750,1186000,1270750,84750,94080250000000,0,0,0
1,896,94080250000000,94080250096000,94080251279125,1183125,1279125,96000,94080260000000,0,0,0
1,897,94080260000000,94080260086500,94080261257125,1170625,1257125,86500,94080270000000,0,0,0
1,898,94080270000000,94080270094375,94080271271000,1176625,1271000,94375,94080280000000,0,0,0
1,899,94080280000000,94080280095875,94080281264500,1168625,1264500,95875,94080290000000,0,0,0
1,900,94080290000000,94080290094875,94080291269750,1174875,1269750,94875,94080300000000,0,0,0
1,901,94080300000000,94080300100375,94080301280625,1180250,1280625,100375,94080310000000,0,0,0
1,902,94080310000000,94080310093375,94080311086000,992625,1086000,93375,94080320000000,0,0,0
1,903,94080320000000,94080320085625,94080321078375,992750,1078375,85625,94080330000000,0,0,0
1,904,94080330000000,94080330093500,94080331275000,1181500,1275000,93500,94080340000000,0,0,0
1,905,94080340000000,94080340087750,94080341272875,1185125,1272875,87750,94080350000000,0,0,0
1,906,94080350000000,94080350092750,94080351063750,971000,1063750,92750,94080360000000,0,0,0
1,907,94080360000000,94080360086500,94080361258500,1172000,1258500,86500,94080370000000,0,0,0
1,908,94080370000000,94080370101250,94080371274125,1172875,1274125,101250,94080380000000,0,0,0
1,909,94080380000000,94080380088375,94080381269625,1181250,1269625,88375,94080390000000,0,0,0
1,910,94080390000000,94080390105000,94080391076875,971875,1076875,105000,94080400000000,0,0,0
1,911,94080400000000,94080400091625,94080401075750,984125,1075750,91625,94080410000000,0,0,0
1,912,94080410000000,94080410092000,94080411273375,1181375,1273375,92000,94080420000000,0,0,0
1,913,94080420000000,94080420086625,94080421274125,1187500,1274125,86625,94080430000000,0,0,0
1,914,94080430000000,94080430091000,94080431056625,965625,1056625,91000,94080440000000,0,0,0
1,915,94080440000000,94080440097375,94080441289250,1191875,1289250,97375,94080450000000,0,0,0
1,916,94080450000000,94080450094625,94080451271625,1177000,1271625,94625,94080460000000,0,0,0
1,917,94080460000000,94080460099000,94080461059875,960875,1059875,99000,94080470000000,0,0,0
1,918,94080470000000,94080470092750,94080471257250,1164500,1257250,92750,94080480000000,0,0,0
1,919,94080480000000,94080480086500,94080481273750,1187250,1273750,86500,94080490000000,0,0,0
1,920,94080490000000,94080490092125,94080491070750,978625,1070750,92125,94080500000000,0,0,0
1,921,94080500000000,94080500088375,94080501270000,1181625,1270000,88375,94080510000000,0,0,0
1,922,94080510000000,94080510103375,94080511277750,1174375,1277750,103375,94080520000000,0,0,0
1,923,94080520000000,94080520087375,94080521286500,1199125,1286500,87375,94080530000000,0,0,0
1,924,94080530000000,94080530091500,94080531271500,1180000,1271500,91500,94080540000000,0,0,0
1,925,94080540000000,94080540085875,94080541266250,1180375,1266250,85875,94080550000000,0,0,0
1,926,94080550000000,94080550092625,94080551270500,1177875,1270500,92625,94080560000000,0,0,0
1,927,94080560000000,94080560085875,94080561058875,973000,1058875,85875,94080570000000,0,0,0
1,928,94080570000000,94080570094375,94080571261250,1166875,1261250,94375,94080580000000,0,0,0
1,929,94080580000000,94080580096000,94080581273750,1177750,1273750,96000,94080590000000,0,0,0
1,930,94080590000000,94080590094250,94080591267750,1173500,1267750,94250,94080600000000,0,0,0
1,931,94080600000000,94080600098375,94080601271625,1173250,1271625,98375,94080610000000,0,0,0
1,932,94080610000000,94080610094500,94080611286000,1191500,1286000,94500,94080620000000,0,0,0
1,933,94080620000000,94080620083500,94080621268375,1184875,1268375,83500,94080630000000,0,0,0
1,934,94080630000000,94080630092375,94080631277500,1185125,1277500,92375,94080640000000,0,0,0
1,935,94080640000000,94080640086625,94080641058750,972125,1058750,86625,94080650000000,0,0,0
1,936,94080650000000,94080650104750,94080651290250,1185500,1290250,104750,94080660000000,0,0,0
1,937,94080660000000,94080660084250,94080661270000,1185750,1270000,84250,94080670000000,0,0,0
1,938,94080670000000,94080670092000,94080671272500,1180500,1272500,92000,94080680000000,0,0,0
1,939,94080680000000,94080680085875,94080681273625,1187750,1273625,85875,94080690000000,0,0,0
1,940,94080690000000,94080690092750,94080691285625,1192875,1285625,92750,94080700000000,0,0,0
1,941,94080700000000,94080700087250,94080701282750,1195500,1282750,87250,94080710000000,0,0,0
1,942,94080710000000,94080710090125,94080711270625,1180500,1270625,90125,94080720000000,0,0,0
1,943,94080720000000,94080720097125,94080721286500,1189375,1286500,97125,94080730000000,0,0,0
1,944,94080730000000,94080730094125,94080731275375,1181250,1275375,94125,94080740000000,0,0,0
1,945,94080740000000,94080740099375,94080741279875,1180500,1279875,99375,94080750000000,0,0,0
1,946,94080750000000,94080750093625,94080751256750,1163125,1256750,93625,94080760000000,0,0,0
1,947,94080760000000,94080760095250,94080761294625,1199375,1294625,95250,94080770000000,0,0,0
1,948,94080770000000,94080770096625,94080771266875,1170250,1266875,96625,94080780000000,0,0,0
1,949,94080780000000,94080780096500,94080781276000,1179500,1276000,96500,94080790000000,0,0,0
1,950,94080790000000,94080790094875,94080791276250,1181375,1276250,94875,94080800000000,0,0,0
1,951,94080800000000,94080800083500,94080801276000,1192500,1276000,83500,94080810000000,0,0,0
1,952,94080810000000,94080810096000,94080811283250,1187250,1283250,96000,94080820000000,0,0,0
1,953,94080820000000,94080820082625,94080821266875,1184250,1266875,82625,94080830000000,0,0,0
1,954,94080830000000,94080830097250,94080831283875,1186625,1283875,97250,94080840000000,0,0,0
1,955,94080840000000,94080840086000,94080841253000,1167000,1253000,86000,94080850000000,0,0,0
1,956,94080850000000,94080850105000,94080851280375,1175375,1280375,105000,94080860000000,0,0,0
1,957,94080860000000,94080860079875,94080861055500,975625,1055500,79875,94080870000000,0,0,0
1,958,94080870000000,94080870116625,94080871306750,1190125,1306750,116625,94080880000000,0,0,0
1,959,94080880000000,94080880086750,94080881287750,1201000,1287750,86750,94080890000000,0,0,0
1,960,94080890000000,94080890092125,94080891279125,1187000,1279125,92125,94080900000000,0,0,0
1,961,94080900000000,94080900084125,94080901273500,1189375,1273500,84125,94080910000000,0,0,0
1,962,94080910000000,94080910091375,94080911270250,1178875,1270250,91375,94080920000000,0,0,0
1,963,94080920000000,94080920081000,94080921078000,997000,1078000,81000,94080930000000,0,0,0
1,964,94080930000000,94080930094375,94080931271500,1177125,1271500,94375,94080940000000,0,0,0
1,965,94080940000000,94080940097500,94080941278625,1181125,1278625,97500,94080950000000,0,0,0
1,966,94080950000000,94080950093625,94080951281875,1188250,1281875,93625,94080960000000,0,0,0
1,967,94080960000000,94080960083625,94080961273125,1189500,1273125,83625,94080970000000,0,0,0
1,968,94080970000000,94080970090875,94080971286125,1195250,1286125,90875,94080980000000,0,0,0
1,969,94080980000000,94080980082250,94080981255500,1173250,1255500,82250,94080990000000,0,0,0
1,970,94080990000000,94080990102625,94080991280125,1177500,1280125,102625,94081000000000,0,0,0
1,971,94081000000000,94081000085250,94081001263000,1177750,1263000,85250,94081010000000,0,0,0
1,972,94081010000000,94081010104000,94081011281250,1177250,1281250,104000,94081020000000,0,0,0
1,973,94081020000000,94081020087875,94081021267375,1179500,1267375,87875,94081030000000,0,0,0
1,974,94081030000000,94081030104500,94081031277750,1173250,1277750,104500,94081040000000,0,0,0
1,975,94081040000000,94081040089375,94081041276625,1187250,1276625,89375,94081050000000,0,0,0
1,976,94081050000000,94081050089875,94081051270875,1181000,1270875,89875,94081060000000,0,0,0
1,977,94081060000000,94081060088500,94081061267750,1179250,1267750,88500,94081070000000,0,0,0
1,978,94081070000000,94081070094000,94081071266375,1172375,1266375,94000,94081080000000,0,0,0
1,979,94081080000000,94081080088375,94081081259125,1170750,1259125,88375,94081090000000,0,0,0
1,980,94081090000000,94081090090750,94081091066500,975750,1066500,90750,94081100000000,0,0,0
1,981,94081100000000,94081100096750,94081101069875,973125,1069875,96750,94081110000000,0,0,0
1,982,94081110000000,94081110089000,94081111256625,1167625,1256625,89000,94081120000000,0,0,0
1,983,94081120000000,94081120077875,94081121254250,1176375,1254250,77875,94081130000000,0,0,0
1,984,94081130000000,94081130090250,94081131265375,1175125,1265375,90250,94081140000000,0,0,0
1,985,94081140000000,94081140083000,94081141262875,1179875,1262875,83000,94081150000000,0,0,0
1,986,94081150000000,94081150092625,94081151265125,1172500,1265125,92625,94081160000000,0,0,0
1,987,94081160000000,94081160083750,94081161065375,981625,1065375,83750,94081170000000,0,0,0
1,988,94081170000000,94081170102250,94081171086625,984375,1086625,102250,94081180000000,0,0,0
1,989,94081180000000,94081180089000,94081181288500,1199500,1288500,89000,94081190000000,0,0,0
1,990,94081190000000,94081190089750,94081191254000,1164250,1254000,89750,94081200000000,0,0,0
1,991,94081200000000,94081200085375,94081201260750,1175375,1260750,85375,94081210000000,0,0,0
1,992,94081210000000,94081210089500,94081211276250,1186750,1276250,89500,94081220000000,0,0,0
1,993,94081220000000,94081220090500,94081221273500,1183000,1273500,90500,94081230000000,0,0,0
1,994,94081230000000,94081230089500,94081231262000,1172500,1262000,89500,94081240000000,0,0,0
1,995,94081240000000,94081240098375,94081241291875,1193500,1291875,98375,94081250000000,0,0,0
1,996,94081250000000,94081250092875,94081251261375,1168500,1261375,92875,94081260000000,0,0,0
1,997,94081260000000,94081260088875,94081261271125,1182250,1271125,88875,94081270000000,0,0,0
1,998,94081270000000,94081270090125,94081271274250,1184125,1274250,90125,94081280000000,0,0,0
1,999,94081280000000,94081280086500,94081281276875,1190375,1276875,86500,94081290000000,0,0,0
1,1000,94081290000000,94081290092375,94081291269625,1177250,1269625,92375,94081300000000,0,0,0
1,1001,94081300000000,94081300086500,94081301253875,1167375,1253875,86500,94081310000000,0,0,0
1,1002,94081310000000,94081310102625,94081311293000,1190375,1293000,102625,94081320000000,0,0,0
1,1003,94081320000000,94081320087250,94081321072250,985000,1072250,87250,94081330000000,0,0,0
1,1004,94081330000000,94081330104125,94081331286000,1181875,1286000,104125,94081340000000,0,0,0
1,1005,94081340000000,94081340115375,94081341307500,1192125,1307500,115375,94081350000000,0,0,0
1,1006,94081350000000,94081350115500,94081351306125,1190625,1306125,115500,94081360000000,0,0,0
1,1007,94081360000000,94081360090500,94081361294375,1203875,1294375,90500,94081370000000,0,0,0
1,1008,94081370000000,94081370095125,94081371279125,1184000,1279125,95125,94081380000000,0,0,0
1,1009,94081380000000,94081380082750,94081381261875,1179125,1261875,82750,94081390000000,0,0,0
1,1010,94081390000000,94081390094625,94081391275000,1180375,1275000,94625,94081400000000,0,0,0
1,1011,94081400000000,94081400099500,94081401288125,1188625,1288125,99500,94081410000000,0,0,0
1,1012,94081410000000,94081410095625,94081411262375,1166750,1262375,95625,94081420000000,0,0,0
1,1013,94081420000000,94081420084875,94081421275875,1191000,1275875,84875,94081430000000,0,0,0
1,1014,94081430000000,94081430093000,94081431274125,1181125,1274125,93000,94081440000000,0,0,0
1,1015,94081440000000,94081440086625,94081441277500,1190875,1277500,86625,94081450000000,0,0,0
1,1016,94081450000000,94081450090875,94081451064250,973375,1064250,90875,94081460000000,0,0,0
1,1017,94081460000000,94081460086625,94081461269125,1182500,1269125,86625,94081470000000,0,0,0
1,1018,94081470000000,94081470102250,94081471288000,1185750,1288000,102250,94081480000000,0,0,0
1,1019,94081480000000,94081480087625,94081481277875,1190250,1277875,87625,94081490000000,0,0,0
1,1020,94081490000000,94081490092750,94081491049000,956250,1049000,92750,94081500000000,0,0,0
1,1021,94081500000000,94081500095750,94081501275125,1179375,1275125,95750,94081510000000,0,0,0
1,1022,94081510000000,94081510092500,94081511270125,1177625,1270125,92500,94081520000000,0,0,0
1,1023,94081520000000,94081520096500,94081521281375,1184875,1281375,96500,94081530000000,0,0,0
1,1024,94081530000000,94081530093375,94081531258000,1164625,1258000,93375,94081540000000,0,0,0
1,1025,94081540000000,94081540098500,94081541284000,1185500,1284000,98500,94081550000000,0,0,0
1,1026,94081550000000,94081550091375,94081551280375,1189000,1280375,91375,94081560000000,0,0,0
1,1027,94081560000000,94081560086500,94081561272375,1185875,1272375,86500,94081570000000,0,0,0
1,1028,94081570000000,94081570092625,94081571073625,981000,1073625,92625,94081580000000,0,0,0
1,1029,94081580000000,94081580087625,94081581279375,1191750,1279375,87625,94081590000000,0,0,0
1,1030,94081590000000,94081590088750,94081591272750,1184000,1272750,88750,94081600000000,0,0,0
1,1031,94081600000000,94081600086875,94081601273125,1186250,1273125,86875,94081610000000,0,0,0
1,1032,94081610000000,94081610099625,94081611289125,1189500,1289125,99625,94081620000000,0,0,0
1,1033,94081620000000,94081620088375,94081621264000,1175625,1264000,88375,94081630000000,0,0,0
1,1034,94081630000000,94081630103625,94081631286875,1183250,1286875,103625,94081640000000,0,0,0
1,1035,94081640000000,94081640091125,94081641278875,1187750,1278875,91125,94081650000000,0,0,0
1,1036,94081650000000,94081650089875,94081651273125,1183250,1273125,89875,94081660000000,0,0,0
1,1037,94081660000000,94081660089000,94081661273000,1184000,1273000,89000,94081670000000,0,0,0
1,1038,94081670000000,94081670089750,94081671266500,1176750,1266500,89750,94081680000000,0,0,0
1,1039,94081680000000,94081680098250,94081681277750,1179500,1277750,98250,94081690000000,0,0,0
1,1040,94081690000000,94081690093500,94081691061500,968000,1061500,93500,94081700000000,0,0,0
1,1041,94081700000000,94081700099750,94081701297000,1197250,1297000,99750,94081710000000,0,0,0
1,1042,94081710000000,94081710091625,94081711272875,1181250,1272875,91625,94081720000000,0,0,0
1,1043,94081720000000,94081720085000,94081721269500,1184500,1269500,85000,94081730000000,0,0,0
1,1044,94081730000000,94081730093000,94081731270875,1177875,1270875,93000,94081740000000,0,0,0
1,1045,94081740000000,94081740094375,94081741276375,1182000,1276375,94375,94081750000000,0,0,0
1,1046,94081750000000,94081750096000,94081751272500,1176500,1272500,96000,94081760000000,0,0,0
1,1047,94081760000000,94081760087625,94081761279250,1191625,1279250,87625,94081770000000,0,0,0
1,1048,94081770000000,94081770101125,94081771090625,989500,1090625,101125,94081780000000,0,0,0
1,1049,94081780000000,94081780088125,94081781276500,1188375,1276500,88125,94081790000000,0,0,0
1,1050,94081790000000,94081790100625,94081791281875,1181250,1281875,100625,94081800000000,0,0,0
1,1051,94081800000000,94081800088125,94081801268750,1180625,1268750,88125,94081810000000,0,0,0
1,1052,94081810000000,94081810104500,94081811085000,980500,1085000,104500,94081820000000,0,0,0
1,1053,94081820000000,94081820084125,94081821311875,1227750,1311875,84125,94081830000000,0,0,0
1,1054,94081830000000,94081830109000,94081831276000,1167000,1276000,109000,94081840000000,0,0,0
1,1055,94081840000000,94081840084375,94081841276250,1191875,1276250,84375,94081850000000,0,0,0
1,1056,94081850000000,94081850095000,94081851267875,1172875,1267875,95000,94081860000000,0,0,0
1,1057,94081860000000,94081860085625,94081861264000,1178375,1264000,85625,94081870000000,0,0,0
1,1058,94081870000000,94081870090125,94081871280500,1190375,1280500,90125,94081880000000,0,0,0
1,1059,94081880000000,94081880084000,94081881251125,1167125,1251125,84000,94081890000000,0,0,0
1,1060,94081890000000,94081890093625,94081891274875,1181250,1274875,93625,94081900000000,0,0,0
1,1061,94081900000000,94081900092375,94081901281000,1188625,1281000,92375,94081910000000,0,0,0
1,1062,94081910000000,94081910091875,94081911272000,1180125,1272000,91875,94081920000000,0,0,0
1,1063,94081920000000,94081920097500,94081921279125,1181625,1279125,97500,94081930000000,0,0,0
1,1064,94081930000000,94081930094500,94081931063000,968500,1063000,94500,94081940000000,0,0,0
1,1065,94081940000000,94081940084000,94081941056875,972875,1056875,84000,94081950000000,0,0,0
1,1066,94081950000000,94081950094000,94081951282125,1188125,1282125,94000,94081960000000,0,0,0
1,1067,94081960000000,94081960085250,94081961263750,1178500,1263750,85250,94081970000000,0,0,0
1,1068,94081970000000,94081970092125,94081971274375,1182250,1274375,92125,94081980000000,0,0,0
1,1069,94081980000000,94081980086750,94081981279750,1193000,1279750,86750,94081990000000,0,0,0
1,1070,94081990000000,94081990092000,94081991271250,1179250,1271250,92000,94082000000000,0,0,0
1,1071,94082000000000,94082000086375,94082001262875,1176500,1262875,86375,94082010000000,0,0,0
1,1072,94082010000000,94082010104000,94082011088625,984625,1088625,104000,94082020000000,0,0,0
1,1073,94082020000000,94082020089000,94082021267000,1178000,1267000,89000,94082030000000,0,0,0
1,1074,94082030000000,94082030091500,94082031280625,1189125,1280625,91500,94082040000000,0,0,0
1,1075,94082040000000,94082040089375,94082041279750,1190375,1279750,89375,94082050000000,0,0,0
1,1076,94082050000000,94082050091500,94082051270125,1178625,1270125,91500,94082060000000,0,0,0
1,1077,94082060000000,94082060097875,94082061280625,1182750,1280625,97875,94082070000000,0,0,0
1,1078,94082070000000,94082070090875,94082071074750,983875,1074750,90875,94082080000000,0,0,0
1,1079,94082080000000,94082080096250,94082081273375,1177125,1273375,96250,94082090000000,0,0,0
1,1080,94082090000000,94082090095875,94082091280875,1185000,1280875,95875,94082100000000,0,0,0
1,1081,94082100000000,94082100099750,94082101068500,968750,1068500,99750,94082110000000,0,0,0
1,1082,94082110000000,94082110095125,94082111275250,1180125,1275250,95125,94082120000000,0,0,0
1,1083,94082120000000,94082120084750,94082121261875,1177125,1261875,84750,94082130000000,0,0,0
1,1084,94082130000000,94082130095000,94082131063750,968750,1063750,95000,94082140000000,0,0,0
1,1085,94082140000000,94082140077625,94082141275500,1197875,1275500,77625,94082150000000,0,0,0
1,1086,94082150000000,94082150093875,94082151274375,1180500,1274375,93875,94082160000000,0,0,0
1,1087,94082160000000,94082160084750,94082161264250,1179500,1264250,84750,94082170000000,0,0,0
1,1088,94082170000000,94082170103250,94082171287000,1183750,1287000,103250,94082180000000,0,0,0
1,1089,94082180000000,94082180088000,94082181284375,1196375,1284375,88000,94082190000000,0,0,0
1,1090,94082190000000,94082190106125,94082191286500,1180375,1286500,106125,94082200000000,0,0,0
1,1091,94082200000000,94082200085375,94082201278500,1193125,1278500,85375,94082210000000,0,0,0
1,1092,94082210000000,94082210093000,94082211281625,1188625,1281625,93000,94082220000000,0,0,0
1,1093,94082220000000,94082220084875,94082221262375,1177500,1262375,84875,94082230000000,0,0,0
1,1094,94082230000000,94082230093500,94082231277375,1183875,1277375,93500,94082240000000,0,0,0
1,1095,94082240000000,94082240094875,94082241269375,1174500,1269375,94875,94082250000000,0,0,0
1,1096,94082250000000,94082250093250,94082251264625,1171375,1264625,93250,94082260000000,0,0,0
1,1097,94082260000000,94082260096125,94082261286000,1189875,1286000,96125,94082270000000,0,0,0
1,1098,94082270000000,94082270094750,94082271276250,1181500,1276250,94750,94082280000000,0,0,0
1,1099,94082280000000,94082280096375,94082281287875,1191500,1287875,96375,94082290000000,0,0,0
1,1100,94082290000000,94082290096750,94082291082125,985375,1082125,96750,94082300000000,0,0,0
1,1101,94082300000000,94082300089500,94082301267375,1177875,1267375,89500,94082310000000,0,0,0
1,1102,94082310000000,94082310091500,94082311263125,1171625,1263125,91500,94082320000000,0,0,0
1,1103,94082320000000,94082320088750,94082321262250,1173500,1262250,88750,94082330000000,0,0,0
1,1104,94082330000000,94082330103125,94082331298750,1195625,1298750,103125,94082340000000,0,0,0
1,1105,94082340000000,94082340087500,94082341053750,966250,1053750,87500,94082350000000,0,0,0
1,1106,94082350000000,94082350107000,94082351283625,1176625,1283625,107000,94082360000000,0,0,0
1,1107,94082360000000,94082360088750,94082361270750,1182000,1270750,88750,94082370000000,0,0,0
1,1108,94082370000000,94082370089375,94082371286375,1197000,1286375,89375,94082380000000,0,0,0
1,1109,94082380000000,94082380087375,94082381261125,1173750,1261125,87375,94082390000000,0,0,0
1,1110,94082390000000,94082390091375,94082391069000,977625,1069000,91375,94082400000000,0,0,0
1,1111,94082400000000,94082400096500,94082401291750,1195250,1291750,96500,94082410000000,0,0,0
1,1112,94082410000000,94082410094875,94082411076500,981625,1076500,94875,94082420000000,0,0,0
1,1113,94082420000000,94082420084250,94082421269500,1185250,1269500,84250,94082430000000,0,0,0
1,1114,94082430000000,94082430094375,94082431273250,1178875,1273250,94375,94082440000000,0,0,0
1,1115,94082440000000,94082440085750,94082441274625,1188875,1274625,85750,94082450000000,0,0,0
1,1116,94082450000000,94082450094000,94082451281375,1187375,1281375,94000,94082460000000,0,0,0
1,1117,94082460000000,94082460083500,94082461259125,1175625,1259125,83500,94082470000000,0,0,0
1,1118,94082470000000,94082470107250,94082471300750,1193500,1300750,107250,94082480000000,0,0,0
1,1119,94082480000000,94082480083250,94082481269625,1186375,1269625,83250,94082490000000,0,0,0
1,1120,94082490000000,94082490091750,94082491264750,1173000,1264750,91750,94082500000000,0,0,0
1,1121,94082500000000,94082500083750,94082501259875,1176125,1259875,83750,94082510000000,0,0,0
1,1122,94082510000000,94082510094750,94082511279750,1185000,1279750,94750,94082520000000,0,0,0
1,1123,94082520000000,94082520086500,94082521270875,1184375,1270875,86500,94082530000000,0,0,0
1,1124,94082530000000,94082530094000,94082531269250,1175250,1269250,94000,94082540000000,0,0,0
1,1125,94082540000000,94082540093125,94082541276250,1183125,1276250,93125,94082550000000,0,0,0
1,1126,94082550000000,94082550094375,94082551280625,1186250,1280625,94375,94082560000000,0,0,0
1,1127,94082560000000,94082560084250,94082561259125,1174875,1259125,84250,94082570000000,0,0,0
1,1128,94082570000000,94082570092375,94082571283875,1191500,1283875,92375,94082580000000,0,0,0
1,1129,94082580000000,94082580082750,94082581069375,986625,1069375,82750,94082590000000,0,0,0
1,1130,94082590000000,94082590107625,94082591304250,1196625,1304250,107625,94082600000000,0,0,0
1,1131,94082600000000,94082600097000,94082601284875,1187875,1284875,97000,94082610000000,0,0,0
1,1132,94082610000000,94082610111750,94082611300125,1188375,1300125,111750,94082620000000,0,0,0
1,1133,94082620000000,94082620086375,94082621261250,1174875,1261250,86375,94082630000000,0,0,0
1,1134,94082630000000,94082630091625,94082631277625,1186000,1277625,91625,94082640000000,0,0,0
1,1135,94082640000000,94082640084250,94082641265500,1181250,1265500,84250,94082650000000,0,0,0
1,1136,94082650000000,94082650093500,94082651274750,1181250,1274750,93500,94082660000000,0,0,0
1,1137,94082660000000,94082660092625,94082661283750,1191125,1283750,92625,94082670000000,0,0,0
1,1138,94082670000000,94082670095000,94082671285250,1190250,1285250,95000,94082680000000,0,0,0
1,1139,94082680000000,94082680094875,94082681285375,1190500,1285375,94875,94082690000000,0,0,0
1,1140,94082690000000,94082690093875,94082691286250,1192375,1286250,93875,94082700000000,0,0,0
1,1141,94082700000000,94082700084750,94082701270750,1186000,1270750,84750,94082710000000,0,0,0
1,1142,94082710000000,94082710095000,94082711268125,1173125,1268125,95000,94082720000000,0,0,0
1,1143,94082720000000,94082720088375,94082721255000,1166625,1255000,88375,94082730000000,0,0,0
1,1144,94082730000000,94082730102375,94082731291750,1189375,1291750,102375,94082740000000,0,0,0
1,1145,94082740000000,94082740087875,94082741051625,963750,1051625,87875,94082750000000,0,0,0
1,1146,94082750000000,94082750103500,94082751291000,1187500,1291000,103500,94082760000000,0,0,0
1,1147,94082760000000,94082760091625,94082761271500,1179875,1271500,91625,94082770000000,0,0,0
1,1148,94082770000000,94082770094250,94082771281375,1187125,1281375,94250,94082780000000,0,0,0
1,1149,94082780000000,94082780088625,94082781279875,1191250,1279875,88625,94082790000000,0,0,0
1,1150,94082790000000,94082790089500,94082791270375,1180875,1270375,89500,94082800000000,0,0,0
1,1151,94082800000000,94082800093625,94082801077625,984000,1077625,93625,94082810000000,0,0,0
1,1152,94082810000000,94082810091250,94082811280875,1189625,1280875,91250,94082820000000,0,0,0
1,1153,94082820000000,94082820103625,94082821281125,1177500,1281125,103625,94082830000000,0,0,0
1,1154,94082830000000,94082830091750,94082831277000,1185250,1277000,91750,94082840000000,0,0,0
1,1155,94082840000000,94082840087375,94082841255375,1168000,1255375,87375,94082850000000,0,0,0
1,1156,94082850000000,94082850092375,94082851283500,1191125,1283500,92375,94082860000000,0,0,0
1,1157,94082860000000,94082860085250,94082861269750,1184500,1269750,85250,94082870000000,0,0,0
1,1158,94082870000000,94082870094250,94082871269875,1175625,1269875,94250,94082880000000,0,0,0
1,1159,94082880000000,94082880087500,94082881258500,1171000,1258500,87500,94082890000000,0,0,0
1,1160,94082890000000,94082890102875,94082891277625,1174750,1277625,102875,94082900000000,0,0,0
1,1161,94082900000000,94082900086875,94082901272625,1185750,1272625,86875,94082910000000,0,0,0
1,1162,94082910000000,94082910091125,94082911258750,1167625,1258750,91125,94082920000000,0,0,0
1,1163,94082920000000,94082920086500,94082921269375,1182875,1269375,86500,94082930000000,0,0,0
1,1164,94082930000000,94082930091000,94082931272875,1181875,1272875,91000,94082940000000,0,0,0
1,1165,94082940000000,94082940088125,94082941271750,1183625,1271750,88125,94082950000000,0,0,0
1,1166,94082950000000,94082950097875,94082951265125,1167250,1265125,97875,94082960000000,0,0,0
1,1167,94082960000000,94082960098750,94082961078125,979375,1078125,98750,94082970000000,0,0,0
1,1168,94082970000000,94082970096000,94082971277500,1181500,1277500,96000,94082980000000,0,0,0
1,1169,94082980000000,94082980085875,94082981273000,1187125,1273000,85875,94082990000000,0,0,0
1,1170,94082990000000,94082990094125,94082991279250,1185125,1279250,94125,94083000000000,0,0,0
1,1171,94083000000000,94083000087125,94083001274625,1187500,1274625,87125,94083010000000,0,0,0
1,1172,94083010000000,94083010104000,94083011299750,1195750,1299750,104000,94083020000000,0,0,0
1,1173,94083020000000,94083020087125,94083021265875,1178750,1265875,87125,94083030000000,0,0,0
1,1174,94083030000000,94083030115000,94083031291250,1176250,1291250,115000,94083040000000,0,0,0
1,1175,94083040000000,94083040090375,94083041269500,1179125,1269500,90375,94083050000000,0,0,0
1,1176,94083050000000,94083050089875,94083051272250,1182375,1272250,89875,94083060000000,0,0,0
1,1177,94083060000000,94083060089750,94083061276000,1186250,1276000,89750,94083070000000,0,0,0
1,1178,94083070000000,94083070089875,94083071264875,1175000,1264875,89875,94083080000000,0,0,0
1,1179,94083080000000,94083080100125,94083081287500,1187375,1287500,100125,94083090000000,0,0,0
1,1180,94083090000000,94083090091750,94083091278875,1187125,1278875,91750,94083100000000,0,0,0
1,1181,94083100000000,94083100077625,94083101262125,1184500,1262125,77625,94083110000000,0,0,0
1,1182,94083110000000,94083110089375,94083111267250,1177875,1267250,89375,94083120000000,0,0,0
1,1183,94083120000000,94083120088375,94083121284500,1196125,1284500,88375,94083130000000,0,0,0
1,1184,94083130000000,94083130089625,94083131269625,1180000,1269625,89625,94083140000000,0,0,0
1,1185,94083140000000,94083140086500,94083141270000,1183500,1270000,86500,94083150000000,0,0,0
1,1186,94083150000000,94083150103500,94083151275875,1172375,1275875,103500,94083160000000,0,0,0
1,1187,94083160000000,94083160081750,94083161285750,1204000,1285750,81750,94083170000000,0,0,0
1,1188,94083170000000,94083170087875,94083171262000,1174125,1262000,87875,94083180000000,0,0,0
1,1189,94083180000000,94083180090750,94083181280000,1189250,1280000,90750,94083190000000,0,0,0
1,1190,94083190000000,94083190091375,94083191265625,1174250,1265625,91375,94083200000000,0,0,0
1,1191,94083200000000,94083200089750,94083201272250,1182500,1272250,89750,94083210000000,0,0,0
1,1192,94083210000000,94083210092500,94083211272875,1180375,1272875,92500,94083220000000,0,0,0
1,1193,94083220000000,94083220089000,94083221073375,984375,1073375,89000,94083230000000,0,0,0
1,1194,94083230000000,94083230089750,94083231271125,1181375,1271125,89750,94083240000000,0,0,0
1,1195,94083240000000,94083240100250,94083241286500,1186250,1286500,100250,94083250000000,0,0,0
1,1196,94083250000000,94083250093875,94083251263375,1169500,1263375,93875,94083260000000,0,0,0
1,1197,94083260000000,94083260098250,94083261281500,1183250,1281500,98250,94083270000000,0,0,0
1,1198,94083270000000,94083270094750,94083271282375,1187625,1282375,94750,94083280000000,0,0,0
1,1199,94083280000000,94083280084875,94083281261750,1176875,1261750,84875,94083290000000,0,0,0
1,1200,94083290000000,94083290091750,94083291278625,1186875,1278625,91750,94083300000000,0,0,0
1,1201,94083300000000,94083300097750,94083301284125,1186375,1284125,97750,94083310000000,0,0,0
1,1202,94083310000000,94083310094125,94083311270625,1176500,1270625,94125,94083320000000,0,0,0
1,1203,94083320000000,94083320089000,94083321272625,1183625,1272625,89000,94083330000000,0,0,0
1,1204,94083330000000,94083330104500,94083331293375,1188875,1293375,104500,94083340000000,0,0,0
1,1205,94083340000000,94083340086125,94083341269250,1183125,1269250,86125,94083350000000,0,0,0
1,1206,94083350000000,94083350091250,94083351275125,1183875,1275125,91250,94083360000000,0,0,0
1,1207,94083360000000,94083360089000,94083361067500,978500,1067500,89000,94083370000000,0,0,0
1,1208,94083370000000,94083370098625,94083371290000,1191375,1290000,98625,94083380000000,0,0,0
1,1209,94083380000000,94083380091000,94083381270125,1179125,1270125,91000,94083390000000,0,0,0
1,1210,94083390000000,94083390092375,94083391287375,1195000,1287375,92375,94083400000000,0,0,0
1,1211,94083400000000,94083400093375,94083401073750,980375,1073750,93375,94083410000000,0,0,0
1,1212,94083410000000,94083410094125,94083411262875,1168750,1262875,94125,94083420000000,0,0,0
1,1213,94083420000000,94083420080250,94083421256875,1176625,1256875,80250,94083430000000,0,0,0
1,1214,94083430000000,94083430094000,94083431272500,1178500,1272500,94000,94083440000000,0,0,0
1,1215,94083440000000,94083440085625,94083441276250,1190625,1276250,85625,94083450000000,0,0,0
1,1216,94083450000000,94083450093875,94083451274750,1180875,1274750,93875,94083460000000,0,0,0
1,1217,94083460000000,94083460087750,94083461265625,1177875,1265625,87750,94083470000000,0,0,0
1,1218,94083470000000,94083470097750,94083471284250,1186500,1284250,97750,94083480000000,0,0,0
1,1219,94083480000000,94083480090000,94083481267375,1177375,1267375,90000,94083490000000,0,0,0
1,1220,94083490000000,94083490100500,94083491287250,1186750,1287250,100500,94083500000000,0,0,0
1,1221,94083500000000,94083500088500,94083501054250,965750,1054250,88500,94083510000000,0,0,0
1,1222,94083510000000,94083510103625,94083511278250,1174625,1278250,103625,94083520000000,0,0,0
1,1223,94083520000000,94083520089500,94083521286250,1196750,1286250,89500,94083530000000,0,0,0
1,1224,94083530000000,94083530091625,94083531285250,1193625,1285250,91625,94083540000000,0,0,0
1,1225,94083540000000,94083540089125,94083541274625,1185500,1274625,89125,94083550000000,0,0,0
1,1226,94083550000000,94083550090125,94083551282250,1192125,1282250,90125,94083560000000,0,0,0
1,1227,94083560000000,94083560097875,94083561284000,1186125,1284000,97875,94083570000000,0,0,0
1,1228,94083570000000,94083570092875,94083571298000,1205125,1298000,92875,94083580000000,0,0,0
1,1229,94083580000000,94083580100625,94083581291375,1190750,1291375,100625,94083590000000,0,0,0
1,1230,94083590000000,94083590091750,94083591269250,1177500,1269250,91750,94083600000000,0,0,0
1,1231,94083600000000,94083600089125,94083601268125,1179000,1268125,89125,94083610000000,0,0,0
1,1232,94083610000000,94083610091375,94083611262750,1171375,1262750,91375,94083620000000,0,0,0
1,1233,94083620000000,94083620086750,94083621261125,1174375,1261125,86750,94083630000000,0,0,0
1,1234,94083630000000,94083630101000,94083631285000,1184000,1285000,101000,94083640000000,0,0,0
1,1235,94083640000000,94083640091375,94083641274375,1183000,1274375,91375,94083650000000,0,0,0
1,1236,94083650000000,94083650101625,94083651277625,1176000,1277625,101625,94083660000000,0,0,0
1,1237,94083660000000,94083660088625,94083661281000,1192375,1281000,88625,94083670000000,0,0,0
1,1238,94083670000000,94083670100250,94083671269500,1169250,1269500,100250,94083680000000,0,0,0
1,1239,94083680000000,94083680090375,94083681283000,1192625,1283000,90375,94083690000000,0,0,0
1,1240,94083690000000,94083690101625,94083691088625,987000,1088625,101625,94083700000000,0,0,0
1,1241,94083700000000,94083700086875,94083701265500,1178625,1265500,86875,94083710000000,0,0,0
1,1242,94083710000000,94083710094000,94083711062875,968875,1062875,94000,94083720000000,0,0,0
1,1243,94083720000000,94083720088000,94083721071375,983375,1071375,88000,94083730000000,0,0,0
1,1244,94083730000000,94083730094500,94083731263750,1169250,1263750,94500,94083740000000,0,0,0
1,1245,94083740000000,94083740085375,94083741260375,1175000,1260375,85375,94083750000000,0,0,0
1,1246,94083750000000,94083750092750,94083751266750,1174000,1266750,92750,94083760000000,0,0,0
1,1247,94083760000000,94083760086625,94083761272625,1186000,1272625,86625,94083770000000,0,0,0
1,1248,94083770000000,94083770091375,94083771257375,1166000,1257375,91375,94083780000000,0,0,0
1,1249,94083780000000,94083780086875,94083781268375,1181500,1268375,86875,94083790000000,0,0,0
1,1250,94083790000000,94083790089625,94083791275875,1186250,1275875,89625,94083800000000,0,0,0
1,1251,94083800000000,94083800096250,94083801268750,1172500,1268750,96250,94083810000000,0,0,0
1,1252,94083810000000,94083810097875,94083811279125,1181250,1279125,97875,94083820000000,0,0,0
1,1253,94083820000000,94083820097500,94083821297750,1200250,1297750,97500,94083830000000,0,0,0
1,1254,94083830000000,94083830093875,94083831280500,1186625,1280500,93875,94083840000000,0,0,0
1,1255,94083840000000,94083840101500,94083841293875,1192375,1293875,101500,94083850000000,0,0,0
1,1256,94083850000000,94083850093750,94083851272125,1178375,1272125,93750,94083860000000,0,0,0
1,1257,94083860000000,94083860084125,94083861278875,1194750,1278875,84125,94083870000000,0,0,0
1,1258,94083870000000,94083870095375,94083871274375,1179000,1274375,95375,94083880000000,0,0,0
1,1259,94083880000000,94083880090875,94083881294375,1203500,1294375,90875,94083890000000,0,0,0
1,1260,94083890000000,94083890093375,94083891264000,1170625,1264000,93375,94083900000000,0,0,0
1,1261,94083900000000,94083900098500,94083901283750,1185250,1283750,98500,94083910000000,0,0,0
1,1262,94083910000000,94083910107750,94083911299750,1192000,1299750,107750,94083920000000,0,0,0
1,1263,94083920000000,94083920085250,94083921297125,1211875,1297125,85250,94083930000000,0,0,0
1,1264,94083930000000,94083930102125,94083931291000,1188875,1291000,102125,94083940000000,0,0,0
1,1265,94083940000000,94083940086750,94083941074625,987875,1074625,86750,94083950000000,0,0,0
1,1266,94083950000000,94083950092000,94083951278125,1186125,1278125,92000,94083960000000,0,0,0
1,1267,94083960000000,94083960086500,94083961272375,1185875,1272375,86500,94083970000000,0,0,0
1,1268,94083970000000,94083970093625,94083971280000,1186375,1280000,93625,94083980000000,0,0,0
1,1269,94083980000000,94083980090375,94083981267750,1177375,1267750,90375,94083990000000,0,0,0
1,1270,94083990000000,94083990094750,94083991287000,1192250,1287000,94750,94084000000000,0,0,0
1,1271,94084000000000,94084000092000,94084001284375,1192375,1284375,92000,94084010000000,0,0,0
1,1272,94084010000000,94084010095000,94084011278000,1183000,1278000,95000,94084020000000,0,0,0
1,1273,94084020000000,94084020099625,94084021288125,1188500,1288125,99625,94084030000000,0,0,0
1,1274,94084030000000,94084030094125,94084031280750,1186625,1280750,94125,94084040000000,0,0,0
1,1275,94084040000000,94084040087500,94084041272125,1184625,1272125,87500,94084050000000,0,0,0
1,1276,94084050000000,94084050091250,94084051254375,1163125,1254375,91250,94084060000000,0,0,0
1,1277,94084060000000,94084060089375,94084061270250,1180875,1270250,89375,94084070000000,0,0,0
1,1278,94084070000000,94084070104250,94084071274000,1169750,1274000,104250,94084080000000,0,0,0
1,1279,94084080000000,94084080086125,94084081263750,1177625,1263750,86125,94084090000000,0,0,0
1,1280,94084090000000,94084090090750,94084091272250,1181500,1272250,90750,94084100000000,0,0,0
1,1281,94084100000000,94084100085250,94084101283750,1198500,1283750,85250,94084110000000,0,0,0
1,1282,94084110000000,94084110093500,94084111276625,1183125,1276625,93500,94084120000000,0,0,0
1,1283,94084120000000,94084120085375,94084121259250,1173875,1259250,85375,94084130000000,0,0,0
1,1284,94084130000000,94084130097750,94084131294875,1197125,1294875,97750,94084140000000,0,0,0
1,1285,94084140000000,94084140089875,94084141261875,1172000,1261875,89875,94084150000000,0,0,0
1,1286,94084150000000,94084150096000,94084151291125,1195125,1291125,96000,94084160000000,0,0,0
1,1287,94084160000000,94084160095375,94084161270875,1175500,1270875,95375,94084170000000,0,0,0
1,1288,94084170000000,94084170094000,94084171068500,974500,1068500,94000,94084180000000,0,0,0
1,1289,94084180000000,94084180085625,94084181272625,1187000,1272625,85625,94084190000000,0,0,0
1,1290,94084190000000,94084190094000,94084191281250,1187250,1281250,94000,94084200000000,0,0,0
1,1291,94084200000000,94084200088000,94084201256125,1168125,1256125,88000,94084210000000,0,0,0
1,1292,94084210000000,94084210092500,94084211070875,978375,1070875,92500,94084220000000,0,0,0
1,1293,94084220000000,94084220089750,94084221280125,1190375,1280125,89750,94084230000000,0,0,0
1,1294,94084230000000,94084230089125,94084231263250,1174125,1263250,89125,94084240000000,0,0,0
1,1295,94084240000000,94084240090125,94084241283375,1193250,1283375,90125,94084250000000,0,0,0
1,1296,94084250000000,94084250092125,94084251258875,1166750,1258875,92125,94084260000000,0,0,0
1,1297,94084260000000,94084260089500,94084261064625,975125,1064625,89500,94084270000000,0,0,0
1,1298,94084270000000,94084270102375,94084271287375,1185000,1287375,102375,94084280000000,0,0,0
1,1299,94084280000000,94084280087500,94084281266750,1179250,1266750,87500,94084290000000,0,0,0
1,1300,94084290000000,94084290091250,94084291264000,1172750,1264000,91250,94084300000000,0,0,0
1,1301,94084300000000,94084300089750,94084301254750,1165000,1254750,89750,94084310000000,0,0,0
1,1302,94084310000000,94084310094375,94084311278625,1184250,1278625,94375,94084320000000,0,0,0
1,1303,94084320000000,94084320087250,94084321265500,1178250,1265500,87250,94084330000000,0,0,0
1,1304,94084330000000,94084330105500,94084331282125,1176625,1282125,105500,94084340000000,0,0,0
1,1305,94084340000000,94084340090250,94084341270500,1180250,1270500,90250,94084350000000,0,0,0
1,1306,94084350000000,94084350093875,94084351278750,1184875,1278750,93875,94084360000000,0,0,0
1,1307,94084360000000,94084360098125,94084361263375,1165250,1263375,98125,94084370000000,0,0,0
1,1308,94084370000000,94084370091750,94084371270750,1179000,1270750,91750,94084380000000,0,0,0
1,1309,94084380000000,94084380099250,94084381082250,983000,1082250,99250,94084390000000,0,0,0
1,1310,94084390000000,94084390094625,94084391281250,1186625,1281250,94625,94084400000000,0,0,0
1,1311,94084400000000,94084400086750,94084401266250,1179500,1266250,86750,94084410000000,0,0,0
1,1312,94084410000000,94084410088750,94084411269250,1180500,1269250,88750,94084420000000,0,0,0
1,1313,94084420000000,94084420088000,94084421265625,1177625,1265625,88000,94084430000000,0,0,0
1,1314,94084430000000,94084430102000,94084431288000,1186000,1288000,102000,94084440000000,0,0,0
1,1315,94084440000000,94084440087625,94084441264875,1177250,1264875,87625,94084450000000,0,0,0
1,1316,94084450000000,94084450100875,94084451277875,1177000,1277875,100875,94084460000000,0,0,0
1,1317,94084460000000,94084460089125,94084461282000,1192875,1282000,89125,94084470000000,0,0,0
1,1318,94084470000000,94084470103250,94084471277250,1174000,1277250,103250,94084480000000,0,0,0
1,1319,94084480000000,94084480086625,94084481265875,1179250,1265875,86625,94084490000000,0,0,0
1,1320,94084490000000,94084490105000,94084491267125,1162125,1267125,105000,94084500000000,0,0,0
1,1321,94084500000000,94084500091125,94084501261000,1169875,1261000,91125,94084510000000,0,0,0
1,1322,94084510000000,94084510104750,94084511286875,1182125,1286875,104750,94084520000000,0,0,0
1,1323,94084520000000,94084520091750,94084521277250,1185500,1277250,91750,94084530000000,0,0,0
1,1324,94084530000000,94084530092000,94084531075000,983000,1075000,92000,94084540000000,0,0,0
1,1325,94084540000000,94084540086750,94084541285375,1198625,1285375,86750,94084550000000,0,0,0
1,1326,94084550000000,94084550093000,94084551270000,1177000,1270000,93000,94084560000000,0,0,0
1,1327,94084560000000,94084560086250,94084561263875,1177625,1263875,86250,94084570000000,0,0,0
1,1328,94084570000000,94084570090000,94084571282125,1192125,1282125,90000,94084580000000,0,0,0
1,1329,94084580000000,94084580084500,94084581276250,1191750,1276250,84500,94084590000000,0,0,0
1,1330,94084590000000,94084590091625,94084591271875,1180250,1271875,91625,94084600000000,0,0,0
1,1331,94084600000000,94084600097500,94084601268875,1171375,1268875,97500,94084610000000,0,0,0
1,1332,94084610000000,94084610093000,94084611084125,991125,1084125,93000,94084620000000,0,0,0
1,1333,94084620000000,94084620084625,94084621073625,989000,1073625,84625,94084630000000,0,0,0
1,1334,94084630000000,94084630095250,94084631275625,1180375,1275625,95250,94084640000000,0,0,0
1,1335,94084640000000,94084640090750,94084641284125,1193375,1284125,90750,94084650000000,0,0,0
1,1336,94084650000000,94084650091750,94084651282875,1191125,1282875,91750,94084660000000,0,0,0
1,1337,94084660000000,94084660087000,94084661270625,1183625,1270625,87000,94084670000000,0,0,0
1,1338,94084670000000,94084670100750,94084671265250,1164500,1265250,100750,94084680000000,0,0,0
1,1339,94084680000000,94084680089125,94084681260125,1171000,1260125,89125,94084690000000,0,0,0
1,1340,94084690000000,94084690088625,94084691269375,1180750,1269375,88625,94084700000000,0,0,0
1,1341,94084700000000,94084700087125,94084701266375,1179250,1266375,87125,94084710000000,0,0,0
1,1342,94084710000000,94084710090625,94084711052375,961750,1052375,90625,94084720000000,0,0,0
1,1343,94084720000000,94084720099500,94084721277875,1178375,1277875,99500,94084730000000,0,0,0
1,1344,94084730000000,94084730091625,94084731261500,1169875,1261500,91625,94084740000000,0,0,0
1,1345,94084740000000,94084740099500,94084741292500,1193000,1292500,99500,94084750000000,0,0,0
1,1346,94084750000000,94084750091000,94084751277375,1186375,1277375,91000,94084760000000,0,0,0
1,1347,94084760000000,94084760110750,94084761312250,1201500,1312250,110750,94084770000000,0,0,0
1,1348,94084770000000,94084770095625,94084771276500,1180875,1276500,95625,94084780000000,0,0,0
1,1349,94084780000000,94084780088750,94084781268375,1179625,1268375,88750,94084790000000,0,0,0
1,1350,94084790000000,94084790090125,94084791061750,971625,1061750,90125,94084800000000,0,0,0
1,1351,94084800000000,94084800084625,94084801266250,1181625,1266250,84625,94084810000000,0,0,0
1,1352,94084810000000,94084810099875,94084811285625,1185750,1285625,99875,94084820000000,0,0,0
1,1353,94084820000000,94084820088125,94084821063875,975750,1063875,88125,94084830000000,0,0,0
1,1354,94084830000000,94084830107125,94084831287500,1180375,1287500,107125,94084840000000,0,0,0
1,1355,94084840000000,94084840091750,94084841281000,1189250,1281000,91750,94084850000000,0,0,0
1,1356,94084850000000,94084850103500,94084851287375,1183875,1287375,103500,94084860000000,0,0,0
1,1357,94084860000000,94084860089125,94084861278875,1189750,1278875,89125,94084870000000,0,0,0
1,1358,94084870000000,94084870103750,94084871280875,1177125,1280875,103750,94084880000000,0,0,0
1,1359,94084880000000,94084880087250,94084881273125,1185875,1273125,87250,94084890000000,0,0,0
1,1360,94084890000000,94084890104125,94084891076500,972375,1076500,104125,94084900000000,0,0,0
1,1361,94084900000000,94084900091000,94084901276000,1185000,1276000,91000,94084910000000,0,0,0
1,1362,94084910000000,94084910090500,94084911273000,1182500,1273000,90500,94084920000000,0,0,0
1,1363,94084920000000,94084920086000,94084921061625,975625,1061625,86000,94084930000000,0,0,0
1,1364,94084930000000,94084930093750,94084931263875,1170125,1263875,93750,94084940000000,0,0,0
1,1365,94084940000000,94084940076375,94084941255875,1179500,1255875,76375,94084950000000,0,0,0
1,1366,94084950000000,94084950091750,94084951277250,1185500,1277250,91750,94084960000000,0,0,0
1,1367,94084960000000,94084960098250,94084961075875,977625,1075875,98250,94084970000000,0,0,0
1,1368,94084970000000,94084970094500,94084971086500,992000,1086500,94500,94084980000000,0,0,0
1,1369,94084980000000,94084980085000,94084981258125,1173125,1258125,85000,94084990000000,0,0,0
1,1370,94084990000000,94084990093125,94084991259500,1166375,1259500,93125,94085000000000,0,0,0
1,1371,94085000000000,94085000082375,94085001264000,1181625,1264000,82375,94085010000000,0,0,0
1,1372,94085010000000,94085010092375,94085011285125,1192750,1285125,92375,94085020000000,0,0,0
1,1373,94085020000000,94085020084625,94085021264625,1180000,1264625,84625,94085030000000,0,0,0
1,1374,94085030000000,94085030102625,94085031282875,1180250,1282875,102625,94085040000000,0,0,0
1,1375,94085040000000,94085040088125,94085041276625,1188500,1276625,88125,94085050000000,0,0,0
1,1376,94085050000000,94085050092500,94085051265000,1172500,1265000,92500,94085060000000,0,0,0
1,1377,94085060000000,94085060084625,94085061266000,1181375,1266000,84625,94085070000000,0,0,0
1,1378,94085070000000,94085070092625,94085071258625,1166000,1258625,92625,94085080000000,0,0,0
1,1379,94085080000000,94085080097875,94085081291000,1193125,1291000,97875,94085090000000,0,0,0
1,1380,94085090000000,94085090094750,94085091279875,1185125,1279875,94750,94085100000000,0,0,0
1,1381,94085100000000,94085100085125,94085101266125,1181000,1266125,85125,94085110000000,0,0,0
1,1382,94085110000000,94085110092125,94085111079250,987125,1079250,92125,94085120000000,0,0,0
1,1383,94085120000000,94085120089000,94085121279750,1190750,1279750,89000,94085130000000,0,0,0
1,1384,94085130000000,94085130092000,94085131259250,1167250,1259250,92000,94085140000000,0,0,0
1,1385,94085140000000,94085140086625,94085141277500,1190875,1277500,86625,94085150000000,0,0,0
1,1386,94085150000000,94085150099125,94085151076500,977375,1076500,99125,94085160000000,0,0,0
1,1387,94085160000000,94085160086750,94085161257250,1170500,1257250,86750,94085170000000,0,0,0
1,1388,94085170000000,94085170104875,94085171293875,1189000,1293875,104875,94085180000000,0,0,0
1,1389,94085180000000,94085180086625,94085181259625,1173000,1259625,86625,94085190000000,0,0,0
1,1390,94085190000000,94085190119000,94085191307750,1188750,1307750,119000,94085200000000,0,0,0
1,1391,94085200000000,94085200081625,94085201256625,1175000,1256625,81625,94085210000000,0,0,0
1,1392,94085210000000,94085210090125,94085211276125,1186000,1276125,90125,94085220000000,0,0,0
1,1393,94085220000000,94085220090500,94085221278375,1187875,1278375,90500,94085230000000,0,0,0
1,1394,94085230000000,94085230092750,94085231277750,1185000,1277750,92750,94085240000000,0,0,0
1,1395,94085240000000,94085240087000,94085241264875,1177875,1264875,87000,94085250000000,0,0,0
1,1396,94085250000000,94085250093250,94085251272625,1179375,1272625,93250,94085260000000,0,0,0
1,1397,94085260000000,94085260100500,94085261289375,1188875,1289375,100500,94085270000000,0,0,0
1,1398,94085270000000,94085270094750,94085271070875,976125,1070875,94750,94085280000000,0,0,0
1,1399,94085280000000,94085280099750,94085281262000,1162250,1262000,99750,94085290000000,0,0,0
1,1400,94085290000000,94085290093750,94085291261875,1168125,1261875,93750,94085300000000,0,0,0
1,1401,94085300000000,94085300085375,94085301270500,1185125,1270500,85375,94085310000000,0,0,0
1,1402,94085310000000,94085310092250,94085311270625,1178375,1270625,92250,94085320000000,0,0,0
1,1403,94085320000000,94085320085000,94085321268750,1183750,1268750,85000,94085330000000,0,0,0
1,1404,94085330000000,94085330103000,94085331287750,1184750,1287750,103000,94085340000000,0,0,0
1,1405,94085340000000,94085340087000,94085341283375,1196375,1283375,87000,94085350000000,0,0,0
1,1406,94085350000000,94085350091125,94085351062875,971750,1062875,91125,94085360000000,0,0,0
1,1407,94085360000000,94085360089375,94085361274375,1185000,1274375,89375,94085370000000,0,0,0
1,1408,94085370000000,94085370094250,94085371264750,1170500,1264750,94250,94085380000000,0,0,0
1,1409,94085380000000,94085380090750,94085381277000,1186250,1277000,90750,94085390000000,0,0,0
1,1410,94085390000000,94085390097000,94085391293125,1196125,1293125,97000,94085400000000,0,0,0
1,1411,94085400000000,94085400088875,94085401078250,989375,1078250,88875,94085410000000,0,0,0
1,1412,94085410000000,94085410093750,94085411283125,1189375,1283125,93750,94085420000000,0,0,0
1,1413,94085420000000,94085420100250,94085421285750,1185500,1285750,100250,94085430000000,0,0,0
1,1414,94085430000000,94085430095500,94085431067000,971500,1067000,95500,94085440000000,0,0,0
1,1415,94085440000000,94085440088125,94085441267125,1179000,1267125,88125,94085450000000,0,0,0
1,1416,94085450000000,94085450093125,94085451283125,1190000,1283125,93125,94085460000000,0,0,0
1,1417,94085460000000,94085460088125,94085461285750,1197625,1285750,88125,94085470000000,0,0,0
1,1418,94085470000000,94085470091625,94085471290125,1198500,1290125,91625,94085480000000,0,0,0
1,1419,94085480000000,94085480087875,94085481282625,1194750,1282625,87875,94085490000000,0,0,0
1,1420,94085490000000,94085490096250,94085491272875,1176625,1272875,96250,94085500000000,0,0,0
1,1421,94085500000000,94085500088375,94085501065375,977000,1065375,88375,94085510000000,0,0,0
1,1422,94085510000000,94085510104250,94085511296750,1192500,1296750,104250,94085520000000,0,0,0
1,1423,94085520000000,94085520089250,94085521259625,1170375,1259625,89250,94085530000000,0,0,0
1,1424,94085530000000,94085530089500,94085531285375,1195875,1285375,89500,94085540000000,0,0,0
1,1425,94085540000000,94085540080125,94085541268250,1188125,1268250,80125,94085550000000,0,0,0
1,1426,94085550000000,94085550090750,94085551263125,1172375,1263125,90750,94085560000000,0,0,0
1,1427,94085560000000,94085560093625,94085561283000,1189375,1283000,93625,94085570000000,0,0,0
1,1428,94085570000000,94085570092625,94085571269000,1176375,1269000,92625,94085580000000,0,0,0
1,1429,94085580000000,94085580087125,94085581253625,1166500,1253625,87125,94085590000000,0,0,0
1,1430,94085590000000,94085590090625,94085591275625,1185000,1275625,90625,94085600000000,0,0,0
1,1431,94085600000000,94085600087750,94085601262875,1175125,1262875,87750,94085610000000,0,0,0
1,1432,94085610000000,94085610089750,94085611262375,1172625,1262375,89750,94085620000000,0,0,0
1,1433,94085620000000,94085620095875,94085621285125,1189250,1285125,95875,94085630000000,0,0,0
1,1434,94085630000000,94085630095375,94085631079500,984125,1079500,95375,94085640000000,0,0,0
1,1435,94085640000000,94085640090000,94085641279375,1189375,1279375,90000,94085650000000,0,0,0
1,1436,94085650000000,94085650100000,94085651287625,1187625,1287625,100000,94085660000000,0,0,0
1,1437,94085660000000,94085660089125,94085661279500,1190375,1279500,89125,94085670000000,0,0,0
1,1438,94085670000000,94085670101375,94085671278500,1177125,1278500,101375,94085680000000,0,0,0
1,1439,94085680000000,94085680089750,94085681264125,1174375,1264125,89750,94085690000000,0,0,0
1,1440,94085690000000,94085690089500,94085691267250,1177750,1267250,89500,94085700000000,0,0,0
1,1441,94085700000000,94085700087125,94085701255375,1168250,1255375,87125,94085710000000,0,0,0
1,1442,94085710000000,94085710090375,94085711269000,1178625,1269000,90375,94085720000000,0,0,0
1,1443,94085720000000,94085720090625,94085721275500,1184875,1275500,90625,94085730000000,0,0,0
1,1444,94085730000000,94085730094000,94085731059375,965375,1059375,94000,94085740000000,0,0,0
1,1445,94085740000000,94085740095125,94085741283500,1188375,1283500,95125,94085750000000,0,0,0
1,1446,94085750000000,94085750094125,94085751267125,1173000,1267125,94125,94085760000000,0,0,0
1,1447,94085760000000,94085760087375,94085761266750,1179375,1266750,87375,94085770000000,0,0,0
1,1448,94085770000000,94085770095625,94085771266125,1170500,1266125,95625,94085780000000,0,0,0
1,1449,94085780000000,94085780088250,94085781276375,1188125,1276375,88250,94085790000000,0,0,0
1,1450,94085790000000,94085790091625,94085791260625,1169000,1260625,91625,94085800000000,0,0,0
1,1451,94085800000000,94085800085375,94085801261375,1176000,1261375,85375,94085810000000,0,0,0
1,1452,94085810000000,94085810104500,94085811286000,1181500,1286000,104500,94085820000000,0,0,0
1,1453,94085820000000,94085820081500,94085821281875,1200375,1281875,81500,94085830000000,0,0,0
1,1454,94085830000000,94085830114000,94085831283000,1169000,1283000,114000,94085840000000,0,0,0
1,1455,94085840000000,94085840089500,94085841278125,1188625,1278125,89500,94085850000000,0,0,0
1,1456,94085850000000,94085850090250,94085851267375,1177125,1267375,90250,94085860000000,0,0,0
1,1457,94085860000000,94085860089250,94085861270125,1180875,1270125,89250,94085870000000,0,0,0
1,1458,94085870000000,94085870093500,94085871274750,1181250,1274750,93500,94085880000000,0,0,0
1,1459,94085880000000,94085880087250,94085881269000,1181750,1269000,87250,94085890000000,0,0,0
1,1460,94085890000000,94085890093875,94085891268375,1174500,1268375,93875,94085900000000,0,0,0
1,1461,94085900000000,94085900100625,94085901295000,1194375,1295000,100625,94085910000000,0,0,0
1,1462,94085910000000,94085910092875,94085911273000,1180125,1273000,92875,94085920000000,0,0,0
1,1463,94085920000000,94085920087875,94085921065625,977750,1065625,87875,94085930000000,0,0,0
1,1464,94085930000000,94085930092875,94085931265375,1172500,1265375,92875,94085940000000,0,0,0
1,1465,94085940000000,94085940085500,94085941261250,1175750,1261250,85500,94085950000000,0,0,0
1,1466,94085950000000,94085950094000,94085951281750,1187750,1281750,94000,94085960000000,0,0,0
1,1467,94085960000000,94085960085750,94085961262875,1177125,1262875,85750,94085970000000,0,0,0
1,1468,94085970000000,94085970093625,94085971276875,1183250,1276875,93625,94085980000000,0,0,0
1,1469,94085980000000,94085980087000,94085981061250,974250,1061250,87000,94085990000000,0,0,0
1,1470,94085990000000,94085990103250,94085991290000,1186750,1290000,103250,94086000000000,0,0,0
1,1471,94086000000000,94086000084750,94086001257625,1172875,1257625,84750,94086010000000,0,0,0
1,1472,94086010000000,94086010091375,94086011269250,1177875,1269250,91375,94086020000000,0,0,0
1,1473,94086020000000,94086020085250,94086021255625,1170375,1255625,85250,94086030000000,0,0,0
1,1474,94086030000000,94086030094500,94086031278750,1184250,1278750,94500,94086040000000,0,0,0
1,1475,94086040000000,94086040087125,94086041273875,1186750,1273875,87125,94086050000000,0,0,0
1,1476,94086050000000,94086050102750,94086051298000,1195250,1298000,102750,94086060000000,0,0,0
1,1477,94086060000000,94086060090375,94086061286750,1196375,1286750,90375,94086070000000,0,0,0
1,1478,94086070000000,94086070093125,94086071275000,1181875,1275000,93125,94086080000000,0,0,0
1,1479,94086080000000,94086080094125,94086081276625,1182500,1276625,94125,94086090000000,0,0,0
1,1480,94086090000000,94086090095125,94086091294375,1199250,1294375,95125,94086100000000,0,0,0
1,1481,94086100000000,94086100078250,94086101270000,1191750,1270000,78250,94086110000000,0,0,0
1,1482,94086110000000,94086110094625,94086111268500,1173875,1268500,94625,94086120000000,0,0,0
1,1483,94086120000000,94086120085500,94086121276500,1191000,1276500,85500,94086130000000,0,0,0
1,1484,94086130000000,94086130093375,94086131285125,1191750,1285125,93375,94086140000000,0,0,0
1,1485,94086140000000,94086140087750,94086141277875,1190125,1277875,87750,94086150000000,0,0,0
1,1486,94086150000000,94086150093750,94086151067500,973750,1067500,93750,94086160000000,0,0,0
1,1487,94086160000000,94086160086500,94086161263250,1176750,1263250,86500,94086170000000,0,0,0
1,1488,94086170000000,94086170103000,94086171078375,975375,1078375,103000,94086180000000,0,0,0
1,1489,94086180000000,94086180089250,94086181277875,1188625,1277875,89250,94086190000000,0,0,0
1,1490,94086190000000,94086190101875,94086191282500,1180625,1282500,101875,94086200000000,0,0,0
1,1491,94086200000000,94086200085250,94086201280625,1195375,1280625,85250,94086210000000,0,0,0
1,1492,94086210000000,94086210103625,94086211296750,1193125,1296750,103625,94086220000000,0,0,0
1,1493,94086220000000,94086220076625,94086221046750,970125,1046750,76625,94086230000000,0,0,0
1,1494,94086230000000,94086230093000,94086231278500,1185500,1278500,93000,94086240000000,0,0,0
1,1495,94086240000000,94086240085000,94086241260750,1175750,1260750,85000,94086250000000,0,0,0
1,1496,94086250000000,94086250095125,94086251272250,1177125,1272250,95125,94086260000000,0,0,0
1,1497,94086260000000,94086260094875,94086261275750,1180875,1275750,94875,94086270000000,0,0,0
1,1498,94086270000000,94086270094000,94086271266500,1172500,1266500,94000,94086280000000,0,0,0
1,1499,94086280000000,94086280098500,94086281289375,1190875,1289375,98500,94086290000000,0,0,0
1,1500,94086290000000,94086290094750,94086291275750,1181000,1275750,94750,94086300000000,0,0,0
1,1501,94086300000000,94086300083375,94086301257250,1173875,1257250,83375,94086310000000,0,0,0
1,1502,94086310000000,94086310092875,94086311274750,1181875,1274750,92875,94086320000000,0,0,0
1,1503,94086320000000,94086320085750,94086321274000,1188250,1274000,85750,94086330000000,0,0,0
1,1504,94086330000000,94086330094375,94086331281000,1186625,1281000,94375,94086340000000,0,0,0
1,1505,94086340000000,94086340084500,94086341276000,1191500,1276000,84500,94086350000000,0,0,0
1,1506,94086350000000,94086350093000,94086351264125,1171125,1264125,93000,94086360000000,0,0,0
1,1507,94086360000000,94086360083625,94086361263000,1179375,1263000,83625,94086370000000,0,0,0
1,1508,94086370000000,94086370103000,94086371285500,1182500,1285500,103000,94086380000000,0,0,0
1,1509,94086380000000,94086380091375,94086381271875,1180500,1271875,91375,94086390000000,0,0,0
1,1510,94086390000000,94086390102500,94086391272250,1169750,1272250,102500,94086400000000,0,0,0
1,1511,94086400000000,94086400091125,94086401251625,1160500,1251625,91125,94086410000000,0,0,0
1,1512,94086410000000,94086410106000,94086411289250,1183250,1289250,106000,94086420000000,0,0,0
1,1513,94086420000000,94086420087000,94086421287875,1200875,1287875,87000,94086430000000,0,0,0
1,1514,94086430000000,94086430102500,94086431074375,971875,1074375,102500,94086440000000,0,0,0
1,1515,94086440000000,94086440088250,94086441274000,1185750,1274000,88250,94086450000000,0,0,0
1,1516,94086450000000,94086450103750,94086451294500,1190750,1294500,103750,94086460000000,0,0,0
1,1517,94086460000000,94086460085750,94086461070500,984750,1070500,85750,94086470000000,0,0,0
1,1518,94086470000000,94086470094500,94086471279750,1185250,1279750,94500,94086480000000,0,0,0
1,1519,94086480000000,94086480092375,94086481285875,1193500,1285875,92375,94086490000000,0,0,0
1,1520,94086490000000,94086490094500,94086491297875,1203375,1297875,94500,94086500000000,0,0,0
1,1521,94086500000000,94086500101000,94086501295250,1194250,1295250,101000,94086510000000,0,0,0
1,1522,94086510000000,94086510095250,94086511283250,1188000,1283250,95250,94086520000000,0,0,0
1,1523,94086520000000,94086520087875,94086521258750,1170875,1258750,87875,94086530000000,0,0,0
1,1524,94086530000000,94086530092500,94086531063125,970625,1063125,92500,94086540000000,0,0,0
1,1525,94086540000000,94086540088875,94086541264750,1175875,1264750,88875,94086550000000,0,0,0
1,1526,94086550000000,94086550091000,94086551267875,1176875,1267875,91000,94086560000000,0,0,0
1,1527,94086560000000,94086560087875,94086561258625,1170750,1258625,87875,94086570000000,0,0,0
1,1528,94086570000000,94086570098125,94086571288750,1190625,1288750,98125,94086580000000,0,0,0
1,1529,94086580000000,94086580087625,94086581277375,1189750,1277375,87625,94086590000000,0,0,0
1,1530,94086590000000,94086590090375,94086591277625,1187250,1277625,90375,94086600000000,0,0,0
1,1531,94086600000000,94086600089875,94086601273000,1183125,1273000,89875,94086610000000,0,0,0
1,1532,94086610000000,94086610091625,94086611276625,1185000,1276625,91625,94086620000000,0,0,0
1,1533,94086620000000,94086620100375,94086621277750,1177375,1277750,100375,94086630000000,0,0,0
1,1534,94086630000000,94086630090500,94086631269750,1179250,1269750,90500,94086640000000,0,0,0
1,1535,94086640000000,94086640088250,94086641254375,1166125,1254375,88250,94086650000000,0,0,0
1,1536,94086650000000,94086650091500,94086651279250,1187750,1279250,91500,94086660000000,0,0,0
1,1537,94086660000000,94086660086625,94086661264625,1178000,1264625,86625,94086670000000,0,0,0
1,1538,94086670000000,94086670092000,94086671267500,1175500,1267500,92000,94086680000000,0,0,0
1,1539,94086680000000,94086680085625,94086681261875,1176250,1261875,85625,94086690000000,0,0,0
1,1540,94086690000000,94086690102625,94086691277625,1175000,1277625,102625,94086700000000,0,0,0
1,1541,94086700000000,94086700085125,94086701273000,1187875,1273000,85125,94086710000000,0,0,0
1,1542,94086710000000,94086710092750,94086711258500,1165750,1258500,92750,94086720000000,0,0,0
1,1543,94086720000000,94086720086500,94086721274000,1187500,1274000,86500,94086730000000,0,0,0
1,1544,94086730000000,94086730090750,94086731280000,1189250,1280000,90750,94086740000000,0,0,0
1,1545,94086740000000,94086740085000,94086741251750,1166750,1251750,85000,94086750000000,0,0,0
1,1546,94086750000000,94086750095375,94086751270125,1174750,1270125,95375,94086760000000,0,0,0
1,1547,94086760000000,94086760097125,94086761270250,1173125,1270250,97125,94086770000000,0,0,0
1,1548,94086770000000,94086770091000,94086771283000,1192000,1283000,91000,94086780000000,0,0,0
1,1549,94086780000000,94086780089000,94086781287625,1198625,1287625,89000,94086790000000,0,0,0
1,1550,94086790000000,94086790090000,94086791262500,1172500,1262500,90000,94086800000000,0,0,0
1,1551,94086800000000,94086800088750,94086801264875,1176125,1264875,88750,94086810000000,0,0,0
1,1552,94086810000000,94086810098500,94086811279750,1181250,1279750,98500,94086820000000,0,0,0
1,1553,94086820000000,94086820093750,94086821272000,1178250,1272000,93750,94086830000000,0,0,0
1,1554,94086830000000,94086830089375,94086831266125,1176750,1266125,89375,94086840000000,0,0,0
1,1555,94086840000000,94086840084625,94086841275500,1190875,1275500,84625,94086850000000,0,0,0
1,1556,94086850000000,94086850093625,94086851255750,1162125,1255750,93625,94086860000000,0,0,0
1,1557,94086860000000,94086860098250,94086861280250,1182000,1280250,98250,94086870000000,0,0,0
1,1558,94086870000000,94086870094375,94086871271250,1176875,1271250,94375,94086880000000,0,0,0
1,1559,94086880000000,94086880084250,94086881279000,1194750,1279000,84250,94086890000000,0,0,0
1,1560,94086890000000,94086890095875,94086891283875,1188000,1283875,95875,94086900000000,0,0,0
1,1561,94086900000000,94086900083375,94086901062125,978750,1062125,83375,94086910000000,0,0,0
1,1562,94086910000000,94086910097250,94086911269000,1171750,1269000,97250,94086920000000,0,0,0
1,1563,94086920000000,94086920084875,94086921259500,1174625,1259500,84875,94086930000000,0,0,0
1,1564,94086930000000,94086930106375,94086931075750,969375,1075750,106375,94086940000000,0,0,0
1,1565,94086940000000,94086940087125,94086941265000,1177875,1265000,87125,94086950000000,0,0,0
1,1566,94086950000000,94086950102500,94086951278500,1176000,1278500,102500,94086960000000,0,0,0
1,1567,94086960000000,94086960085625,94086961274625,1189000,1274625,85625,94086970000000,0,0,0
1,1568,94086970000000,94086970101750,94086971274750,1173000,1274750,101750,94086980000000,0,0,0
1,1569,94086980000000,94086980090000,94086981265750,1175750,1265750,90000,94086990000000,0,0,0
1,1570,94086990000000,94086990092250,94086991278625,1186375,1278625,92250,94087000000000,0,0,0
1,1571,94087000000000,94087000086125,94087001266250,1180125,1266250,86125,94087010000000,0,0,0
1,1572,94087010000000,94087010092500,94087011267500,1175000,1267500,92500,94087020000000,0,0,0
1,1573,94087020000000,94087020096250,94087021274750,1178500,1274750,96250,94087030000000,0,0,0
1,1574,94087030000000,94087030093500,94087031269125,1175625,1269125,93500,94087040000000,0,0,0
1,1575,94087040000000,94087040086375,94087041269250,1182875,1269250,86375,94087050000000,0,0,0
1,1576,94087050000000,94087050089000,94087051261875,1172875,1261875,89000,94087060000000,0,0,0
1,1577,94087060000000,94087060088500,94087061288000,1199500,1288000,88500,94087070000000,0,0,0
1,1578,94087070000000,94087070091875,94087071285250,1193375,1285250,91875,94087080000000,0,0,0
1,1579,94087080000000,94087080087000,94087081260750,1173750,1260750,87000,94087090000000,0,0,0
1,1580,94087090000000,94087090100625,94087091272875,1172250,1272875,100625,94087100000000,0,0,0
1,1581,94087100000000,94087100088375,94087101263250,1174875,1263250,88375,94087110000000,0,0,0
1,1582,94087110000000,94087110101500,94087111280125,1178625,1280125,101500,94087120000000,0,0,0
1,1583,94087120000000,94087120089125,94087121273250,1184125,1273250,89125,94087130000000,0,0,0
1,1584,94087130000000,94087130104375,94087131289875,1185500,1289875,104375,94087140000000,0,0,0
1,1585,94087140000000,94087140085500,94087141271000,1185500,1271000,85500,94087150000000,0,0,0
1,1586,94087150000000,94087150091375,94087151280000,1188625,1280000,91375,94087160000000,0,0,0
1,1587,94087160000000,94087160084125,94087161069500,985375,1069500,84125,94087170000000,0,0,0
1,1588,94087170000000,94087170093750,94087171265750,1172000,1265750,93750,94087180000000,0,0,0
1,1589,94087180000000,94087180094250,94087181269500,1175250,1269500,94250,94087190000000,0,0,0
1,1590,94087190000000,94087190093625,94087191273375,1179750,1273375,93625,94087200000000,0,0,0
1,1591,94087200000000,94087200095750,94087201268875,1173125,1268875,95750,94087210000000,0,0,0
1,1592,94087210000000,94087210093500,94087211277625,1184125,1277625,93500,94087220000000,0,0,0
1,1593,94087220000000,94087220098125,94087221274500,1176375,1274500,98125,94087230000000,0,0,0
1,1594,94087230000000,94087230093625,94087231282625,1189000,1282625,93625,94087240000000,0,0,0
1,1595,94087240000000,94087240080250,94087241275250,1195000,1275250,80250,94087250000000,0,0,0
1,1596,94087250000000,94087250092000,94087251284250,1192250,1284250,92000,94087260000000,0,0,0
1,1597,94087260000000,94087260081500,94087261275750,1194250,1275750,81500,94087270000000,0,0,0
1,1598,94087270000000,94087270105250,94087271284250,1179000,1284250,105250,94087280000000,0,0,0
1,1599,94087280000000,94087280086375,94087281275875,1189500,1275875,86375,94087290000000,0,0,0
1,1600,94087290000000,94087290102750,94087291281000,1178250,1281000,102750,94087300000000,0,0,0
1,1601,94087300000000,94087300087875,94087301272125,1184250,1272125,87875,94087310000000,0,0,0
1,1602,94087310000000,94087310093125,94087311280000,1186875,1280000,93125,94087320000000,0,0,0
1,1603,94087320000000,94087320088625,94087321272875,1184250,1272875,88625,94087330000000,0,0,0
1,1604,94087330000000,94087330090250,94087331259250,1169000,1259250,90250,94087340000000,0,0,0
1,1605,94087340000000,94087340096625,94087341282625,1186000,1282625,96625,94087350000000,0,0,0
1,1606,94087350000000,94087350094250,94087351286000,1191750,1286000,94250,94087360000000,0,0,0
1,1607,94087360000000,94087360094375,94087361280125,1185750,1280125,94375,94087370000000,0,0,0
1,1608,94087370000000,94087370092750,94087371265625,1172875,1265625,92750,94087380000000,0,0,0
1,1609,94087380000000,94087380093375,94087381265750,1172375,1265750,93375,94087390000000,0,0,0
1,1610,94087390000000,94087390092375,94087391286125,1193750,1286125,92375,94087400000000,0,0,0
1,1611,94087400000000,94087400123000,94087401323250,1200250,1323250,123000,94087410000000,0,0,0
1,1612,94087410000000,94087410099625,94087411292375,1192750,1292375,99625,94087420000000,0,0,0
1,1613,94087420000000,94087420088625,94087421278250,1189625,1278250,88625,94087430000000,0,0,0
1,1614,94087430000000,94087430104750,94087431072625,967875,1072625,104750,94087440000000,0,0,0
1,1615,94087440000000,94087440088375,94087441068750,980375,1068750,88375,94087450000000,0,0,0
1,1616,94087450000000,94087450091250,94087451280500,1189250,1280500,91250,94087460000000,0,0,0
1,1617,94087460000000,94087460085375,94087461260875,1175500,1260875,85375,94087470000000,0,0,0
1,1618,94087470000000,94087470092625,94087471274000,1181375,1274000,92625,94087480000000,0,0,0
1,1619,94087480000000,94087480098500,94087481085625,987125,1085625,98500,94087490000000,0,0,0
1,1620,94087490000000,94087490094625,94087491290125,1195500,1290125,94625,94087500000000,0,0,0
1,1621,94087500000000,94087500087750,94087501281000,1193250,1281000,87750,94087510000000,0,0,0
1,1622,94087510000000,94087510096625,94087511269875,1173250,1269875,96625,94087520000000,0,0,0
1,1623,94087520000000,94087520085250,94087521268375,1183125,1268375,85250,94087530000000,0,0,0
1,1624,94087530000000,94087530103375,94087531281375,1178000,1281375,103375,94087540000000,0,0,0
1,1625,94087540000000,94087540087375,94087541270125,1182750,1270125,87375,94087550000000,0,0,0
1,1626,94087550000000,94087550092250,94087551255500,1163250,1255500,92250,94087560000000,0,0,0
1,1627,94087560000000,94087560089750,94087561280375,1190625,1280375,89750,94087570000000,0,0,0
1,1628,94087570000000,94087570093125,94087571276000,1182875,1276000,93125,94087580000000,0,0,0
1,1629,94087580000000,94087580088500,94087581269375,1180875,1269375,88500,94087590000000,0,0,0
1,1630,94087590000000,94087590093625,94087591277375,1183750,1277375,93625,94087600000000,0,0,0
1,1631,94087600000000,94087600087375,94087601281625,1194250,1281625,87375,94087610000000,0,0,0
1,1632,94087610000000,94087610093375,94087611281625,1188250,1281625,93375,94087620000000,0,0,0
1,1633,94087620000000,94087620099125,94087621288625,1189500,1288625,99125,94087630000000,0,0,0
1,1634,94087630000000,94087630091750,94087631072750,981000,1072750,91750,94087640000000,0,0,0
1,1635,94087640000000,94087640101125,94087641295750,1194625,1295750,101125,94087650000000,0,0,0
1,1636,94087650000000,94087650091500,94087651276375,1184875,1276375,91500,94087660000000,0,0,0
1,1637,94087660000000,94087660088125,94087661275625,1187500,1275625,88125,94087670000000,0,0,0
1,1638,94087670000000,94087670094500,94087671279250,1184750,1279250,94500,94087680000000,0,0,0
1,1639,94087680000000,94087680090250,94087681266750,1176500,1266750,90250,94087690000000,0,0,0
1,1640,94087690000000,94087690103875,94087691291250,1187375,1291250,103875,94087700000000,0,0,0
1,1641,94087700000000,94087700088375,94087701276750,1188375,1276750,88375,94087710000000,0,0,0
1,1642,94087710000000,94087710090875,94087711059250,968375,1059250,90875,94087720000000,0,0,0
1,1643,94087720000000,94087720088375,94087721271500,1183125,1271500,88375,94087730000000,0,0,0
1,1644,94087730000000,94087730092000,94087731267625,1175625,1267625,92000,94087740000000,0,0,0
1,1645,94087740000000,94087740088375,94087741274125,1185750,1274125,88375,94087750000000,0,0,0
1,1646,94087750000000,94087750089375,94087751060500,971125,1060500,89375,94087760000000,0,0,0
1,1647,94087760000000,94087760097750,94087761280250,1182500,1280250,97750,94087770000000,0,0,0
1,1648,94087770000000,94087770091500,94087771275875,1184375,1275875,91500,94087780000000,0,0,0
1,1649,94087780000000,94087780112500,94087781294875,1182375,1294875,112500,94087790000000,0,0,0
1,1650,94087790000000,94087790096375,94087791068500,972125,1068500,96375,94087800000000,0,0,0
1,1651,94087800000000,94087800089250,94087801275375,1186125,1275375,89250,94087810000000,0,0,0
1,1652,94087810000000,94087810097625,94087811289375,1191750,1289375,97625,94087820000000,0,0,0
1,1653,94087820000000,94087820086875,94087821261625,1174750,1261625,86875,94087830000000,0,0,0
1,1654,94087830000000,94087830104125,94087831069750,965625,1069750,104125,94087840000000,0,0,0
1,1655,94087840000000,94087840089750,94087841287000,1197250,1287000,89750,94087850000000,0,0,0
1,1656,94087850000000,94087850102125,94087851284750,1182625,1284750,102125,94087860000000,0,0,0
1,1657,94087860000000,94087860088875,94087861266625,1177750,1266625,88875,94087870000000,0,0,0
1,1658,94087870000000,94087870087125,94087871068875,981750,1068875,87125,94087880000000,0,0,0
1,1659,94087880000000,94087880090625,94087881284000,1193375,1284000,90625,94087890000000,0,0,0
1,1660,94087890000000,94087890091500,94087891268000,1176500,1268000,91500,94087900000000,0,0,0
1,1661,94087900000000,94087900087750,94087901274375,1186625,1274375,87750,94087910000000,0,0,0
1,1662,94087910000000,94087910090250,94087911277750,1187500,1277750,90250,94087920000000,0,0,0
1,1663,94087920000000,94087920089500,94087921275750,1186250,1275750,89500,94087930000000,0,0,0
1,1664,94087930000000,94087930090250,94087931067250,977000,1067250,90250,94087940000000,0,0,0
1,1665,94087940000000,94087940100250,94087941281875,1181625,1281875,100250,94087950000000,0,0,0
1,1666,94087950000000,94087950094875,94087951280375,1185500,1280375,94875,94087960000000,0,0,0
1,1667,94087960000000,94087960084125,94087961280750,1196625,1280750,84125,94087970000000,0,0,0
1,1668,94087970000000,94087970094500,94087971281000,1186500,1281000,94500,94087980000000,0,0,0
1,1669,94087980000000,94087980085000,94087981260875,1175875,1260875,85000,94087990000000,0,0,0
1,1670,94087990000000,94087990104250,94087991288875,1184625,1288875,104250,94088000000000,0,0,0
1,1671,94088000000000,94088000086875,94088001268375,1181500,1268375,86875,94088010000000,0,0,0
1,1672,94088010000000,94088010090500,94088011270500,1180000,1270500,90500,94088020000000,0,0,0
1,1673,94088020000000,94088020084125,94088021262625,1178500,1262625,84125,94088030000000,0,0,0
1,1674,94088030000000,94088030094000,94088031276250,1182250,1276250,94000,94088040000000,0,0,0
1,1675,94088040000000,94088040087375,94088041285125,1197750,1285125,87375,94088050000000,0,0,0
1,1676,94088050000000,94088050092875,94088051278750,1185875,1278750,92875,94088060000000,0,0,0
1,1677,94088060000000,94088060082750,94088061275625,1192875,1275625,82750,94088070000000,0,0,0
1,1678,94088070000000,94088070092000,94088071257250,1165250,1257250,92000,94088080000000,0,0,0
1,1679,94088080000000,94088080096125,94088081276625,1180500,1276625,96125,94088090000000,0,0,0
1,1680,94088090000000,94088090094750,94088091270000,1175250,1270000,94750,94088100000000,0,0,0
1,1681,94088100000000,94088100084500,94088101258750,1174250,1258750,84500,94088110000000,0,0,0
1,1682,94088110000000,94088110091375,94088111280375,1189000,1280375,91375,94088120000000,0,0,0
1,1683,94088120000000,94088120086250,94088121273125,1186875,1273125,86250,94088130000000,0,0,0
1,1684,94088130000000,94088130092750,94088131268750,1176000,1268750,92750,94088140000000,0,0,0
1,1685,94088140000000,94088140084000,94088141265625,1181625,1265625,84000,94088150000000,0,0,0
1,1686,94088150000000,94088150100625,94088151279750,1179125,1279750,100625,94088160000000,0,0,0
1,1687,94088160000000,94088160088375,94088161286000,1197625,1286000,88375,94088170000000,0,0,0
1,1688,94088170000000,94088170090625,94088171062000,971375,1062000,90625,94088180000000,0,0,0
1,1689,94088180000000,94088180085500,94088181271750,1186250,1271750,85500,94088190000000,0,0,0
1,1690,94088190000000,94088190094375,94088191279625,1185250,1279625,94375,94088200000000,0,0,0
1,1691,94088200000000,94088200084500,94088201257750,1173250,1257750,84500,94088210000000,0,0,0
1,1692,94088210000000,94088210105000,94088211297500,1192500,1297500,105000,94088220000000,0,0,0
1,1693,94088220000000,94088220076500,94088221285500,1209000,1285500,76500,94088230000000,0,0,0
1,1694,94088230000000,94088230094000,94088231277125,1183125,1277125,94000,94088240000000,0,0,0
1,1695,94088240000000,94088240089875,94088241266750,1176875,1266750,89875,94088250000000,0,0,0
1,1696,94088250000000,94088250096250,94088251289375,1193125,1289375,96250,94088260000000,0,0,0
1,1697,94088260000000,94088260075125,94088261261000,1185875,1261000,75125,94088270000000,0,0,0
1,1698,94088270000000,94088270095500,94088271270625,1175125,1270625,95500,94088280000000,0,0,0
1,1699,94088280000000,94088280083375,94088281254500,1171125,1254500,83375,94088290000000,0,0,0
1,1700,94088290000000,94088290102125,94088291276500,1174375,1276500,102125,94088300000000,0,0,0
1,1701,94088300000000,94088300090750,94088301276250,1185500,1276250,90750,94088310000000,0,0,0
1,1702,94088310000000,94088310089875,94088311271750,1181875,1271750,89875,94088320000000,0,0,0
1,1703,94088320000000,94088320084375,94088321266500,1182125,1266500,84375,94088330000000,0,0,0
1,1704,94088330000000,94088330091875,94088331260750,1168875,1260750,91875,94088340000000,0,0,0
1,1705,94088340000000,94088340097750,94088341276625,1178875,1276625,97750,94088350000000,0,0,0
1,1706,94088350000000,94088350092375,94088351258250,1165875,1258250,92375,94088360000000,0,0,0
1,1707,94088360000000,94088360084250,94088361254125,1169875,1254125,84250,94088370000000,0,0,0
1,1708,94088370000000,94088370095000,94088371268125,1173125,1268125,95000,94088380000000,0,0,0
1,1709,94088380000000,94088380085125,94088381278375,1193250,1278375,85125,94088390000000,0,0,0
1,1710,94088390000000,94088390094625,94088391277000,1182375,1277000,94625,94088400000000,0,0,0
1,1711,94088400000000,94088400086500,94088401266500,1180000,1266500,86500,94088410000000,0,0,0
1,1712,94088410000000,94088410099875,94088411285500,1185625,1285500,99875,94088420000000,0,0,0
1,1713,94088420000000,94088420092125,94088421063750,971625,1063750,92125,94088430000000,0,0,0
1,1714,94088430000000,94088430107375,94088431276750,1169375,1276750,107375,94088440000000,0,0,0
1,1715,94088440000000,94088440085625,94088441282750,1197125,1282750,85625,94088450000000,0,0,0
1,1716,94088450000000,94088450092625,94088451273000,1180375,1273000,92625,94088460000000,0,0,0
1,1717,94088460000000,94088460091500,94088461072375,980875,1072375,91500,94088470000000,0,0,0
1,1718,94088470000000,94088470096750,94088471280500,1183750,1280500,96750,94088480000000,0,0,0
1,1719,94088480000000,94088480090125,94088481265500,1175375,1265500,90125,94088490000000,0,0,0
1,1720,94088490000000,94088490091125,94088491270125,1179000,1270125,91125,94088500000000,0,0,0
1,1721,94088500000000,94088500096750,94088501286000,1189250,1286000,96750,94088510000000,0,0,0
1,1722,94088510000000,94088510096000,94088511275125,1179125,1275125,96000,94088520000000,0,0,0
1,1723,94088520000000,94088520084875,94088521258500,1173625,1258500,84875,94088530000000,0,0,0
1,1724,94088530000000,94088530092750,94088531277500,1184750,1277500,92750,94088540000000,0,0,0
1,1725,94088540000000,94088540085750,94088541261500,1175750,1261500,85750,94088550000000,0,0,0
1,1726,94088550000000,94088550103000,94088551287875,1184875,1287875,103000,94088560000000,0,0,0
1,1727,94088560000000,94088560088125,94088561275375,1187250,1275375,88125,94088570000000,0,0,0
1,1728,94088570000000,94088570086125,94088571268625,1182500,1268625,86125,94088580000000,0,0,0
1,1729,94088580000000,94088580090000,94088581270750,1180750,1270750,90000,94088590000000,0,0,0
1,1730,94088590000000,94088590094750,94088591265250,1170500,1265250,94750,94088600000000,0,0,0
1,1731,94088600000000,94088600099250,94088601281625,1182375,1281625,99250,94088610000000,0,0,0
1,1732,94088610000000,94088610092250,94088611270000,1177750,1270000,92250,94088620000000,0,0,0
1,1733,94088620000000,94088620096375,94088621078375,982000,1078375,96375,94088630000000,0,0,0
1,1734,94088630000000,94088630091125,94088631077000,985875,1077000,91125,94088640000000,0,0,0
1,1735,94088640000000,94088640112875,94088641308625,1195750,1308625,112875,94088650000000,0,0,0
1,1736,94088650000000,94088650094875,94088651273375,1178500,1273375,94875,94088660000000,0,0,0
1,1737,94088660000000,94088660088000,94088661279375,1191375,1279375,88000,94088670000000,0,0,0
1,1738,94088670000000,94088670092500,94088671264625,1172125,1264625,92500,94088680000000,0,0,0
1,1739,94088680000000,94088680090125,94088681257500,1167375,1257500,90125,94088690000000,0,0,0
1,1740,94088690000000,94088690100500,94088691278125,1177625,1278125,100500,94088700000000,0,0,0
1,1741,94088700000000,94088700088125,94088701275125,1187000,1275125,88125,94088710000000,0,0,0
1,1742,94088710000000,94088710100750,94088711285000,1184250,1285000,100750,94088720000000,0,0,0
1,1743,94088720000000,94088720082875,94088721267625,1184750,1267625,82875,94088730000000,0,0,0
1,1744,94088730000000,94088730101375,94088731274000,1172625,1274000,101375,94088740000000,0,0,0
1,1745,94088740000000,94088740086875,94088741288375,1201500,1288375,86875,94088750000000,0,0,0
1,1746,94088750000000,94088750090000,94088751278875,1188875,1278875,90000,94088760000000,0,0,0
1,1747,94088760000000,94088760083375,94088761256250,1172875,1256250,83375,94088770000000,0,0,0
1,1748,94088770000000,94088770092250,94088771259375,1167125,1259375,92250,94088780000000,0,0,0
1,1749,94088780000000,94088780094625,94088781276875,1182250,1276875,94625,94088790000000,0,0,0
1,1750,94088790000000,94088790094125,94088791274000,1179875,1274000,94125,94088800000000,0,0,0
1,1751,94088800000000,94088800094750,94088801274375,1179625,1274375,94750,94088810000000,0,0,0
1,1752,94088810000000,94088810094875,94088811275125,1180250,1275125,94875,94088820000000,0,0,0
1,1753,94088820000000,94088820097500,94088821090625,993125,1090625,97500,94088830000000,0,0,0
1,1754,94088830000000,94088830098625,94088831288250,1189625,1288250,98625,94088840000000,0,0,0
1,1755,94088840000000,94088840088750,94088841283625,1194875,1283625,88750,94088850000000,0,0,0
1,1756,94088850000000,94088850092250,94088851286250,1194000,1286250,92250,94088860000000,0,0,0
1,1757,94088860000000,94088860085375,94088861275875,1190500,1275875,85375,94088870000000,0,0,0
1,1758,94088870000000,94088870103000,94088871281875,1178875,1281875,103000,94088880000000,0,0,0
1,1759,94088880000000,94088880088875,94088881275500,1186625,1275500,88875,94088890000000,0,0,0
1,1760,94088890000000,94088890105375,94088891294625,1189250,1294625,105375,94088900000000,0,0,0
1,1761,94088900000000,94088900087000,94088901278750,1191750,1278750,87000,94088910000000,0,0,0
1,1762,94088910000000,94088910103250,94088911274500,1171250,1274500,103250,94088920000000,0,0,0
1,1763,94088920000000,94088920088750,94088921264875,1176125,1264875,88750,94088930000000,0,0,0
1,1764,94088930000000,94088930104875,94088931287750,1182875,1287750,104875,94088940000000,0,0,0
1,1765,94088940000000,94088940090625,94088941279125,1188500,1279125,90625,94088950000000,0,0,0
1,1766,94088950000000,94088950090375,94088951273125,1182750,1273125,90375,94088960000000,0,0,0
1,1767,94088960000000,94088960088250,94088961275625,1187375,1275625,88250,94088970000000,0,0,0
1,1768,94088970000000,94088970090250,94088971283250,1193000,1283250,90250,94088980000000,0,0,0
1,1769,94088980000000,94088980086375,94088981254500,1168125,1254500,86375,94088990000000,0,0,0
1,1770,94088990000000,94088990090625,94088991281375,1190750,1281375,90625,94089000000000,0,0,0
1,1771,94089000000000,94089000096125,94089001290000,1193875,1290000,96125,94089010000000,0,0,0
1,1772,94089010000000,94089010093000,94089011287625,1194625,1287625,93000,94089020000000,0,0,0
1,1773,94089020000000,94089020097250,94089021292500,1195250,1292500,97250,94089030000000,0,0,0
1,1774,94089030000000,94089030094000,94089031274750,1180750,1274750,94000,94089040000000,0,0,0
1,1775,94089040000000,94089040099625,94089041288500,1188875,1288500,99625,94089050000000,0,0,0
1,1776,94089050000000,94089050093125,94089051270375,1177250,1270375,93125,94089060000000,0,0,0
1,1777,94089060000000,94089060088000,94089061272625,1184625,1272625,88000,94089070000000,0,0,0
1,1778,94089070000000,94089070099000,94089071288125,1189125,1288125,99000,94089080000000,0,0,0
1,1779,94089080000000,94089080091125,94089081278000,1186875,1278000,91125,94089090000000,0,0,0
1,1780,94089090000000,94089090106250,94089091293000,1186750,1293000,106250,94089100000000,0,0,0
1,1781,94089100000000,94089100087875,94089101272000,1184125,1272000,87875,94089110000000,0,0,0
1,1782,94089110000000,94089110092750,94089111266875,1174125,1266875,92750,94089120000000,0,0,0
1,1783,94089120000000,94089120083000,94089121270875,1187875,1270875,83000,94089130000000,0,0,0
1,1784,94089130000000,94089130090750,94089131260500,1169750,1260500,90750,94089140000000,0,0,0
1,1785,94089140000000,94089140097250,94089141067375,970125,1067375,97250,94089150000000,0,0,0
1,1786,94089150000000,94089150094250,94089151261625,1167375,1261625,94250,94089160000000,0,0,0
1,1787,94089160000000,94089160096500,94089161280750,1184250,1280750,96500,94089170000000,0,0,0
1,1788,94089170000000,94089170094000,94089171270125,1176125,1270125,94000,94089180000000,0,0,0
1,1789,94089180000000,94089180084000,94089181253125,1169125,1253125,84000,94089190000000,0,0,0
1,1790,94089190000000,94089190095625,94089191285875,1190250,1285875,95625,94089200000000,0,0,0
1,1791,94089200000000,94089200084500,94089201270250,1185750,1270250,84500,94089210000000,0,0,0
1,1792,94089210000000,94089210094125,94089211282500,1188375,1282500,94125,94089220000000,0,0,0
1,1793,94089220000000,94089220087625,94089221268125,1180500,1268125,87625,94089230000000,0,0,0
1,1794,94089230000000,94089230105375,94089231079250,973875,1079250,105375,94089240000000,0,0,0
1,1795,94089240000000,94089240090625,94089241274375,1183750,1274375,90625,94089250000000,0,0,0
1,1796,94089250000000,94089250089250,94089251282375,1193125,1282375,89250,94089260000000,0,0,0
1,1797,94089260000000,94089260087625,94089261285625,1198000,1285625,87625,94089270000000,0,0,0
1,1798,94089270000000,94089270088750,94089271266500,1177750,1266500,88750,94089280000000,0,0,0
1,1799,94089280000000,94089280083750,94089281060250,976500,1060250,83750,94089290000000,0,0,0
1,1800,94089290000000,94089290090625,94089291064875,974250,1064875,90625,94089300000000,0,0,0
1,1801,94089300000000,94089300097875,94089301285875,1188000,1285875,97875,94089310000000,0,0,0
1,1802,94089310000000,94089310092875,94089311284500,1191625,1284500,92875,94089320000000,0,0,0
1,1803,94089320000000,94089320089125,94089321266375,1177250,1266375,89125,94089330000000,0,0,0
1,1804,94089330000000,94089330092375,94089331273625,1181250,1273625,92375,94089340000000,0,0,0
1,1805,94089340000000,94089340088375,94089341075750,987375,1075750,88375,94089350000000,0,0,0
1,1806,94089350000000,94089350100375,94089351290375,1190000,1290375,100375,94089360000000,0,0,0
1,1807,94089360000000,94089360089125,94089361270375,1181250,1270375,89125,94089370000000,0,0,0
1,1808,94089370000000,94089370100750,94089371275875,1175125,1275875,100750,94089380000000,0,0,0
1,1809,94089380000000,94089380090625,94089381280875,1190250,1280875,90625,94089390000000,0,0,0
1,1810,94089390000000,94089390103500,94089391283500,1180000,1283500,103500,94089400000000,0,0,0
1,1811,94089400000000,94089400090000,94089401280750,1190750,1280750,90000,94089410000000,0,0,0
1,1812,94089410000000,94089410095500,94089411280250,1184750,1280250,95500,94089420000000,0,0,0
1,1813,94089420000000,94089420093875,94089421276000,1182125,1276000,93875,94089430000000,0,0,0
1,1814,94089430000000,94089430092250,94089431282500,1190250,1282500,92250,94089440000000,0,0,0
1,1815,94089440000000,94089440100375,94089441281500,1181125,1281500,100375,94089450000000,0,0,0
1,1816,94089450000000,94089450094500,94089451288250,1193750,1288250,94500,94089460000000,0,0,0
1,1817,94089460000000,94089460082250,94089461280250,1198000,1280250,82250,94089470000000,0,0,0
1,1818,94089470000000,94089470093375,94089471264000,1170625,1264000,93375,94089480000000,0,0,0
1,1819,94089480000000,94089480089625,94089481295875,1206250,1295875,89625,94089490000000,0,0,0
1,1820,94089490000000,94089490089625,94089491273625,1184000,1273625,89625,94089500000000,0,0,0
1,1821,94089500000000,94089500097125,94089501289500,1192375,1289500,97125,94089510000000,0,0,0
1,1822,94089510000000,94089510105750,94089511280625,1174875,1280625,105750,94089520000000,0,0,0
1,1823,94089520000000,94089520092625,94089521284500,1191875,1284500,92625,94089530000000,0,0,0
1,1824,94089530000000,94089530105625,94089531290625,1185000,1290625,105625,94089540000000,0,0,0
1,1825,94089540000000,94089540086625,94089541264375,1177750,1264375,86625,94089550000000,0,0,0
1,1826,94089550000000,94089550095000,94089551276875,1181875,1276875,95000,94089560000000,0,0,0
1,1827,94089560000000,94089560087375,94089561268375,1181000,1268375,87375,94089570000000,0,0,0
1,1828,94089570000000,94089570094250,94089571283500,1189250,1283500,94250,94089580000000,0,0,0
1,1829,94089580000000,94089580086125,94089581286375,1200250,1286375,86125,94089590000000,0,0,0
1,1830,94089590000000,94089590092250,94089591275875,1183625,1275875,92250,94089600000000,0,0,0
1,1831,94089600000000,94089600095375,94089601282500,1187125,1282500,95375,94089610000000,0,0,0
1,1832,94089610000000,94089610093500,94089611273500,1180000,1273500,93500,94089620000000,0,0,0
1,1833,94089620000000,94089620096250,94089621285375,1189125,1285375,96250,94089630000000,0,0,0
1,1834,94089630000000,94089630093500,94089631269125,1175625,1269125,93500,94089640000000,0,0,0
1,1835,94089640000000,94089640085750,94089641265125,1179375,1265125,85750,94089650000000,0,0,0
1,1836,94089650000000,94089650093875,94089651277750,1183875,1277750,93875,94089660000000,0,0,0
1,1837,94089660000000,94089660085125,94089661262750,1177625,1262750,85125,94089670000000,0,0,0
1,1838,94089670000000,94089670102000,94089671278000,1176000,1278000,102000,94089680000000,0,0,0
1,1839,94089680000000,94089680085125,94089681259125,1174000,1259125,85125,94089690000000,0,0,0
1,1840,94089690000000,94089690092500,94089691263375,1170875,1263375,92500,94089700000000,0,0,0
1,1841,94089700000000,94089700086000,94089701259875,1173875,1259875,86000,94089710000000,0,0,0
1,1842,94089710000000,94089710095000,94089711291500,1196500,1291500,95000,94089720000000,0,0,0
1,1843,94089720000000,94089720084250,94089721061750,977500,1061750,84250,94089730000000,0,0,0
1,1844,94089730000000,94089730093875,94089731280625,1186750,1280625,93875,94089740000000,0,0,0
1,1845,94089740000000,94089740095375,94089741272000,1176625,1272000,95375,94089750000000,0,0,0
1,1846,94089750000000,94089750091875,94089751276625,1184750,1276625,91875,94089760000000,0,0,0
1,1847,94089760000000,94089760085125,94089761277375,1192250,1277375,85125,94089770000000,0,0,0
1,1848,94089770000000,94089770093750,94089771254875,1161125,1254875,93750,94089780000000,0,0,0
1,1849,94089780000000,94089780090750,94089781285750,1195000,1285750,90750,94089790000000,0,0,0
1,1850,94089790000000,94089790092500,94089791071250,978750,1071250,92500,94089800000000,0,0,0
1,1851,94089800000000,94089800089500,94089801273875,1184375,1273875,89500,94089810000000,0,0,0
1,1852,94089810000000,94089810102250,94089811078875,976625,1078875,102250,94089820000000,0,0,0
1,1853,94089820000000,94089820112125,94089821305125,1193000,1305125,112125,94089830000000,0,0,0
1,1854,94089830000000,94089830111500,94089831283125,1171625,1283125,111500,94089840000000,0,0,0
1,1855,94089840000000,94089840091000,94089841267875,1176875,1267875,91000,94089850000000,0,0,0
1,1856,94089850000000,94089850088125,94089851066000,977875,1066000,88125,94089860000000,0,0,0
1,1857,94089860000000,94089860089625,94089861265875,1176250,1265875,89625,94089870000000,0,0,0
1,1858,94089870000000,94089870092375,94089871284125,1191750,1284125,92375,94089880000000,0,0,0
1,1859,94089880000000,94089880082750,94089881258000,1175250,1258000,82750,94089890000000,0,0,0
1,1860,94089890000000,94089890092625,94089891065875,973250,1065875,92625,94089900000000,0,0,0
1,1861,94089900000000,94089900099125,94089901289750,1190625,1289750,99125,94089910000000,0,0,0
1,1862,94089910000000,94089910094500,94089911278750,1184250,1278750,94500,94089920000000,0,0,0
1,1863,94089920000000,94089920082625,94089921253625,1171000,1253625,82625,94089930000000,0,0,0
1,1864,94089930000000,94089930103375,94089931292250,1188875,1292250,103375,94089940000000,0,0,0
1,1865,94089940000000,94089940088250,94089941268875,1180625,1268875,88250,94089950000000,0,0,0
1,1866,94089950000000,94089950101250,94089951288250,1187000,1288250,101250,94089960000000,0,0,0
1,1867,94089960000000,94089960086750,94089961278625,1191875,1278625,86750,94089970000000,0,0,0
1,1868,94089970000000,94089970091875,94089971266750,1174875,1266750,91875,94089980000000,0,0,0
1,1869,94089980000000,94089980087375,94089981056375,969000,1056375,87375,94089990000000,0,0,0
1,1870,94089990000000,94089990094375,94089991268750,1174375,1268750,94375,94090000000000,0,0,0
1,1871,94090000000000,94090000100750,94090001288250,1187500,1288250,100750,94090010000000,0,0,0
1,1872,94090010000000,94090010092625,94090011266125,1173500,1266125,92625,94090020000000,0,0,0
1,1873,94090020000000,94090020086750,94090021070500,983750,1070500,86750,94090030000000,0,0,0
1,1874,94090030000000,94090030093875,94090031264625,1170750,1264625,93875,94090040000000,0,0,0
1,1875,94090040000000,94090040084750,94090041266875,1182125,1266875,84750,94090050000000,0,0,0
1,1876,94090050000000,94090050093375,94090051258125,1164750,1258125,93375,94090060000000,0,0,0
1,1877,94090060000000,94090060089000,94090061266000,1177000,1266000,89000,94090070000000,0,0,0
1,1878,94090070000000,94090070102875,94090071278750,1175875,1278750,102875,94090080000000,0,0,0
1,1879,94090080000000,94090080089375,94090081278625,1189250,1278625,89375,94090090000000,0,0,0
1,1880,94090090000000,94090090086000,94090091267625,1181625,1267625,86000,94090100000000,0,0,0
1,1881,94090100000000,94090100088875,94090101260750,1171875,1260750,88875,94090110000000,0,0,0
1,1882,94090110000000,94090110087500,94090111268625,1181125,1268625,87500,94090120000000,0,0,0
1,1883,94090120000000,94090120089125,94090121069875,980750,1069875,89125,94090130000000,0,0,0
1,1884,94090130000000,94090130092625,94090131274750,1182125,1274750,92625,94090140000000,0,0,0
1,1885,94090140000000,94090140090625,94090141271250,1180625,1271250,90625,94090150000000,0,0,0
1,1886,94090150000000,94090150093250,94090151271750,1178500,1271750,93250,94090160000000,0,0,0
1,1887,94090160000000,94090160098000,94090161274375,1176375,1274375,98000,94090170000000,0,0,0
1,1888,94090170000000,94090170093500,94090171284750,1191250,1284750,93500,94090180000000,0,0,0
1,1889,94090180000000,94090180087250,94090181255375,1168125,1255375,87250,94090190000000,0,0,0
1,1890,94090190000000,94090190091750,94090191290875,1199125,1290875,91750,94090200000000,0,0,0
1,1891,94090200000000,94090200086250,94090201046000,959750,1046000,86250,94090210000000,0,0,0
1,1892,94090210000000,94090210102250,94090211283375,1181125,1283375,102250,94090220000000,0,0,0
1,1893,94090220000000,94090220086875,94090221276500,1189625,1276500,86875,94090230000000,0,0,0
1,1894,94090230000000,94090230105125,94090231286875,1181750,1286875,105125,94090240000000,0,0,0
1,1895,94090240000000,94090240088750,94090241064875,976125,1064875,88750,94090250000000,0,0,0
1,1896,94090250000000,94090250102875,94090251283000,1180125,1283000,102875,94090260000000,0,0,0
1,1897,94090260000000,94090260086625,94090261064375,977750,1064375,86625,94090270000000,0,0,0
1,1898,94090270000000,94090270094250,94090271271750,1177500,1271750,94250,94090280000000,0,0,0
1,1899,94090280000000,94090280086750,94090281268000,1181250,1268000,86750,94090290000000,0,0,0
1,1900,94090290000000,94090290092000,94090291274125,1182125,1274125,92000,94090300000000,0,0,0
1,1901,94090300000000,94090300081375,94090301254500,1173125,1254500,81375,94090310000000,0,0,0
1,1902,94090310000000,94090310095000,94090311262500,1167500,1262500,95000,94090320000000,0,0,0
1,1903,94090320000000,94090320097250,94090321300375,1203125,1300375,97250,94090330000000,0,0,0
1,1904,94090330000000,94090330093500,94090331289375,1195875,1289375,93500,94090340000000,0,0,0
1,1905,94090340000000,94090340087375,94090341268375,1181000,1268375,87375,94090350000000,0,0,0
1,1906,94090350000000,94090350099375,94090351288500,1189125,1288500,99375,94090360000000,0,0,0
1,1907,94090360000000,94090360096500,94090361280000,1183500,1280000,96500,94090370000000,0,0,0
1,1908,94090370000000,94090370096625,94090371285750,1189125,1285750,96625,94090380000000,0,0,0
1,1909,94090380000000,94090380089125,94090381271000,1181875,1271000,89125,94090390000000,0,0,0
1,1910,94090390000000,94090390099625,94090391283125,1183500,1283125,99625,94090400000000,0,0,0
1,1911,94090400000000,94090400088750,94090401274750,1186000,1274750,88750,94090410000000,0,0,0
1,1912,94090410000000,94090410099750,94090411299125,1199375,1299125,99750,94090420000000,0,0,0
1,1913,94090420000000,94090420089375,94090421275125,1185750,1275125,89375,94090430000000,0,0,0
1,1914,94090430000000,94090430088500,94090431259625,1171125,1259625,88500,94090440000000,0,0,0
1,1915,94090440000000,94090440089750,94090441265625,1175875,1265625,89750,94090450000000,0,0,0
1,1916,94090450000000,94090450090000,94090451261500,1171500,1261500,90000,94090460000000,0,0,0
1,1917,94090460000000,94090460089375,94090461268500,1179125,1268500,89375,94090470000000,0,0,0
1,1918,94090470000000,94090470090375,94090471267625,1177250,1267625,90375,94090480000000,0,0,0
1,1919,94090480000000,94090480086375,94090481290875,1204500,1290875,86375,94090490000000,0,0,0
1,1920,94090490000000,94090490091500,94090491274000,1182500,1274000,91500,94090500000000,0,0,0
1,1921,94090500000000,94090500087125,94090501287750,1200625,1287750,87125,94090510000000,0,0,0
1,1922,94090510000000,94090510090625,94090511264625,1174000,1264625,90625,94090520000000,0,0,0
1,1923,94090520000000,94090520098000,94090521080750,982750,1080750,98000,94090530000000,0,0,0
1,1924,94090530000000,94090530090750,94090531263500,1172750,1263500,90750,94090540000000,0,0,0
1,1925,94090540000000,94090540086000,94090541268250,1182250,1268250,86000,94090550000000,0,0,0
1,1926,94090550000000,94090550092250,94090551273375,1181125,1273375,92250,94090560000000,0,0,0
1,1927,94090560000000,94090560086250,94090561257375,1171125,1257375,86250,94090570000000,0,0,0
1,1928,94090570000000,94090570104625,94090571278750,1174125,1278750,104625,94090580000000,0,0,0
1,1929,94090580000000,94090580085125,94090581262500,1177375,1262500,85125,94090590000000,0,0,0
1,1930,94090590000000,94090590088250,94090591258125,1169875,1258125,88250,94090600000000,0,0,0
1,1931,94090600000000,94090600086250,94090601257500,1171250,1257500,86250,94090610000000,0,0,0
1,1932,94090610000000,94090610092250,94090611273750,1181500,1273750,92250,94090620000000,0,0,0
1,1933,94090620000000,94090620083000,94090621253250,1170250,1253250,83000,94090630000000,0,0,0
1,1934,94090630000000,94090630093875,94090631268750,1174875,1268750,93875,94090640000000,0,0,0
1,1935,94090640000000,94090640093500,94090641064125,970625,1064125,93500,94090650000000,0,0,0
1,1936,94090650000000,94090650095875,94090651070125,974250,1070125,95875,94090660000000,0,0,0
1,1937,94090660000000,94090660100750,94090661289000,1188250,1289000,100750,94090670000000,0,0,0
1,1938,94090670000000,94090670094125,94090671275750,1181625,1275750,94125,94090680000000,0,0,0
1,1939,94090680000000,94090680083375,94090681065000,981625,1065000,83375,94090690000000,0,0,0
1,1940,94090690000000,94090690091250,94090691274125,1182875,1274125,91250,94090700000000,0,0,0
1,1941,94090700000000,94090700091875,94090701267500,1175625,1267500,91875,94090710000000,0,0,0
1,1942,94090710000000,94090710095875,94090711285625,1189750,1285625,95875,94090720000000,0,0,0
1,1943,94090720000000,94090720083875,94090721277000,1193125,1277000,83875,94090730000000,0,0,0
1,1944,94090730000000,94090730092625,94090731274125,1181500,1274125,92625,94090740000000,0,0,0
1,1945,94090740000000,94090740083875,94090741049250,965375,1049250,83875,94090750000000,0,0,0
1,1946,94090750000000,94090750102125,94090751269750,1167625,1269750,102125,94090760000000,0,0,0
1,1947,94090760000000,94090760085500,94090761259750,1174250,1259750,85500,94090770000000,0,0,0
1,1948,94090770000000,94090770103500,94090771291000,1187500,1291000,103500,94090780000000,0,0,0
1,1949,94090780000000,94090780083625,94090781285000,1201375,1285000,83625,94090790000000,0,0,0
1,1950,94090790000000,94090790115750,94090791320250,1204500,1320250,115750,94090800000000,0,0,0
1,1951,94090800000000,94090800087750,94090801278625,1190875,1278625,87750,94090810000000,0,0,0
1,1952,94090810000000,94090810091875,94090811273500,1181625,1273500,91875,94090820000000,0,0,0
1,1953,94090820000000,94090820091250,94090821299625,1208375,1299625,91250,94090830000000,0,0,0
1,1954,94090830000000,94090830095500,94090831279250,1183750,1279250,95500,94090840000000,0,0,0
1,1955,94090840000000,94090840086250,94090841279125,1192875,1279125,86250,94090850000000,0,0,0
1,1956,94090850000000,94090850091625,94090851265750,1174125,1265750,91625,94090860000000,0,0,0
1,1957,94090860000000,94090860099000,94090861282500,1183500,1282500,99000,94090870000000,0,0,0
1,1958,94090870000000,94090870092875,94090871256375,1163500,1256375,92875,94090880000000,0,0,0
1,1959,94090880000000,94090880088750,94090881268250,1179500,1268250,88750,94090890000000,0,0,0
1,1960,94090890000000,94090890091750,94090891264250,1172500,1264250,91750,94090900000000,0,0,0
1,1961,94090900000000,94090900086375,94090901257250,1170875,1257250,86375,94090910000000,0,0,0
1,1962,94090910000000,94090910103250,94090911292750,1189500,1292750,103250,94090920000000,0,0,0
1,1963,94090920000000,94090920088375,94090921274125,1185750,1274125,88375,94090930000000,0,0,0
1,1964,94090930000000,94090930103125,94090931283375,1180250,1283375,103125,94090940000000,0,0,0
1,1965,94090940000000,94090940083125,94090941308250,1225125,1308250,83125,94090950000000,0,0,0
1,1966,94090950000000,94090950100000,94090951291500,1191500,1291500,100000,94090960000000,0,0,0
1,1967,94090960000000,94090960045625,94090961251375,1205750,1251375,45625,94090970000000,0,0,0
1,1968,94090970000000,94090970096125,94090971290125,1194000,1290125,96125,94090980000000,0,0,0
1,1969,94090980000000,94090980097875,94090981301500,1203625,1301500,97875,94090990000000,0,0,0
1,1970,94090990000000,94090990095250,94090991279875,1184625,1279875,95250,94091000000000,0,0,0
1,1971,94091000000000,94091000087125,94091001068750,981625,1068750,87125,94091010000000,0,0,0
1,1972,94091010000000,94091010091875,94091011271625,1179750,1271625,91875,94091020000000,0,0,0
1,1973,94091020000000,94091020087500,94091021272750,1185250,1272750,87500,94091030000000,0,0,0
1,1974,94091030000000,94091030090375,94091031271625,1181250,1271625,90375,94091040000000,0,0,0
1,1975,94091040000000,94091040087625,94091041266125,1178500,1266125,87625,94091050000000,0,0,0
1,1976,94091050000000,94091050104125,94091051290625,1186500,1290625,104125,94091060000000,0,0,0
1,1977,94091060000000,94091060087625,94091061264250,1176625,1264250,87625,94091070000000,0,0,0
1,1978,94091070000000,94091070092250,94091071282750,1190500,1282750,92250,94091080000000,0,0,0
1,1979,94091080000000,94091080085500,94091081259750,1174250,1259750,85500,94091090000000,0,0,0
1,1980,94091090000000,94091090093125,94091091252625,1159500,1252625,93125,94091100000000,0,0,0
1,1981,94091100000000,94091100099375,94091101284375,1185000,1284375,99375,94091110000000,0,0,0
1,1982,94091110000000,94091110092625,94091111284250,1191625,1284250,92625,94091120000000,0,0,0
1,1983,94091120000000,94091120086000,94091121268500,1182500,1268500,86000,94091130000000,0,0,0
1,1984,94091130000000,94091130090500,94091131279125,1188625,1279125,90500,94091140000000,0,0,0
1,1985,94091140000000,94091140087375,94091141274625,1187250,1274625,87375,94091150000000,0,0,0
1,1986,94091150000000,94091150091125,94091151264875,1173750,1264875,91125,94091160000000,0,0,0
1,1987,94091160000000,94091160088875,94091161271000,1182125,1271000,88875,94091170000000,0,0,0
1,1988,94091170000000,94091170098375,94091171275875,1177500,1275875,98375,94091180000000,0,0,0
1,1989,94091180000000,94091180089250,94091181271375,1182125,1271375,89250,94091190000000,0,0,0
1,1990,94091190000000,94091190099250,94091191296250,1197000,1296250,99250,94091200000000,0,0,0
1,1991,94091200000000,94091200088250,94091201070250,982000,1070250,88250,94091210000000,0,0,0
1,1992,94091210000000,94091210103625,94091211279375,1175750,1279375,103625,94091220000000,0,0,0
1,1993,94091220000000,94091220093750,94091221284750,1191000,1284750,93750,94091230000000,0,0,0
1,1994,94091230000000,94091230090875,94091231271875,1181000,1271875,90875,94091240000000,0,0,0
1,1995,94091240000000,94091240088500,94091241263500,1175000,1263500,88500,94091250000000,0,0,0
1,1996,94091250000000,94091250091125,94091251274625,1183500,1274625,91125,94091260000000,0,0,0
1,1997,94091260000000,94091260098750,94091261278000,1179250,1278000,98750,94091270000000,0,0,0
1,1998,94091270000000,94091270090750,94091271055375,964625,1055375,90750,94091280000000,0,0,0
1,1999,94091280000000,94091280088375,94091281279750,1191375,1279750,88375,94091290000000,0,0,0
1,2000,94091290000000,94091290090375,94091291281875,1191500,1281875,90375,94091300000000,0,0,0
1,2001,94091300000000,94091300088875,94091301279875,1191000,1279875,88875,94091310000000,0,0,0
1,2002,94091310000000,94091310101875,94091311272875,1171000,1272875,101875,94091320000000,0,0,0
1,2003,94091320000000,94091320080500,94091321270125,1189625,1270125,80500,94091330000000,0,0,0
1,2004,94091330000000,94091330102000,94091331284250,1182250,1284250,102000,94091340000000,0,0,0
1,2005,94091340000000,94091340089875,94091341069750,979875,1069750,89875,94091350000000,0,0,0
1,2006,94091350000000,94091350102500,94091351285375,1182875,1285375,102500,94091360000000,0,0,0
1,2007,94091360000000,94091360086250,94091361272000,1185750,1272000,86250,94091370000000,0,0,0
1,2008,94091370000000,94091370106375,94091371299375,1193000,1299375,106375,94091380000000,0,0,0
1,2009,94091380000000,94091380085375,94091381290375,1205000,1290375,85375,94091390000000,0,0,0
1,2010,94091390000000,94091390092125,94091391282875,1190750,1282875,92125,94091400000000,0,0,0
1,2011,94091400000000,94091400089125,94091401260125,1171000,1260125,89125,94091410000000,0,0,0
1,2012,94091410000000,94091410093625,94091411274375,1180750,1274375,93625,94091420000000,0,0,0
1,2013,94091420000000,94091420128875,94091421324500,1195625,1324500,128875,94091430000000,0,0,0
1,2014,94091430000000,94091430103625,94091431288125,1184500,1288125,103625,94091440000000,0,0,0
1,2015,94091440000000,94091440102000,94091441295375,1193375,1295375,102000,94091450000000,0,0,0
1,2016,94091450000000,94091450095625,94091451281875,1186250,1281875,95625,94091460000000,0,0,0
1,2017,94091460000000,94091460086625,94091461279500,1192875,1279500,86625,94091470000000,0,0,0
1,2018,94091470000000,94091470090625,94091471278375,1187750,1278375,90625,94091480000000,0,0,0
1,2019,94091480000000,94091480088875,94091481266000,1177125,1266000,88875,94091490000000,0,0,0
1,2020,94091490000000,94091490099125,94091491284375,1185250,1284375,99125,94091500000000,0,0,0
1,2021,94091500000000,94091500089750,94091501280500,1190750,1280500,89750,94091510000000,0,0,0
1,2022,94091510000000,94091510089000,94091511279500,1190500,1279500,89000,94091520000000,0,0,0
1,2023,94091520000000,94091520087375,94091521265125,1177750,1265125,87375,94091530000000,0,0,0
1,2024,94091530000000,94091530089000,94091531081000,992000,1081000,89000,94091540000000,0,0,0
1,2025,94091540000000,94091540097625,94091541275750,1178125,1275750,97625,94091550000000,0,0,0
1,2026,94091550000000,94091550090625,94091551280250,1189625,1280250,90625,94091560000000,0,0,0
1,2027,94091560000000,94091560100000,94091561289250,1189250,1289250,100000,94091570000000,0,0,0
1,2028,94091570000000,94091570089500,94091571283250,1193750,1283250,89500,94091580000000,0,0,0
1,2029,94091580000000,94091580086250,94091581274250,1188000,1274250,86250,94091590000000,0,0,0
1,2030,94091590000000,94091590091125,94091591263250,1172125,1263250,91125,94091600000000,0,0,0
1,2031,94091600000000,94091600087750,94091601269875,1182125,1269875,87750,94091610000000,0,0,0
1,2032,94091610000000,94091610100625,94091611284750,1184125,1284750,100625,94091620000000,0,0,0
1,2033,94091620000000,94091620087750,94091621254000,1166250,1254000,87750,94091630000000,0,0,0
1,2034,94091630000000,94091630100375,94091631278375,1178000,1278375,100375,94091640000000,0,0,0
1,2035,94091640000000,94091640090125,94091641263750,1173625,1263750,90125,94091650000000,0,0,0
1,2036,94091650000000,94091650121750,94091651305250,1183500,1305250,121750,94091660000000,0,0,0
1,2037,94091660000000,94091660090750,94091661285000,1194250,1285000,90750,94091670000000,0,0,0
1,2038,94091670000000,94091670088125,94091671281500,1193375,1281500,88125,94091680000000,0,0,0
1,2039,94091680000000,94091680088625,94091681055500,966875,1055500,88625,94091690000000,0,0,0
1,2040,94091690000000,94091690096125,94091691281375,1185250,1281375,96125,94091700000000,0,0,0
1,2041,94091700000000,94091700098250,94091701267625,1169375,1267625,98250,94091710000000,0,0,0
1,2042,94091710000000,94091710092500,94091711269250,1176750,1269250,92500,94091720000000,0,0,0
1,2043,94091720000000,94091720082625,94091721282000,1199375,1282000,82625,94091730000000,0,0,0
1,2044,94091730000000,94091730093375,94091731266000,1172625,1266000,93375,94091740000000,0,0,0
1,2045,94091740000000,94091740090000,94091741280875,1190875,1280875,90000,94091750000000,0,0,0
1,2046,94091750000000,94091750101875,94091751270500,1168625,1270500,101875,94091760000000,0,0,0
1,2047,94091760000000,94091760088750,94091761282875,1194125,1282875,88750,94091770000000,0,0,0
1,2048,94091770000000,94091770091625,94091771274500,1182875,1274500,91625,94091780000000,0,0,0
1,2049,94091780000000,94091780084500,94091781262500,1178000,1262500,84500,94091790000000,0,0,0
1,2050,94091790000000,94091790096750,94091791270375,1173625,1270375,96750,94091800000000,0,0,0
1,2051,94091800000000,94091800098375,94091801287500,1189125,1287500,98375,94091810000000,0,0,0
1,2052,94091810000000,94091810096375,94091811277625,1181250,1277625,96375,94091820000000,0,0,0
1,2053,94091820000000,94091820088875,94091821259750,1170875,1259750,88875,94091830000000,0,0,0
1,2054,94091830000000,94091830089875,94091831279125,1189250,1279125,89875,94091840000000,0,0,0
1,2055,94091840000000,94091840086375,94091841281125,1194750,1281125,86375,94091850000000,0,0,0
1,2056,94091850000000,94091850094000,94091851272375,1178375,1272375,94000,94091860000000,0,0,0
1,2057,94091860000000,94091860084000,94091861264625,1180625,1264625,84000,94091870000000,0,0,0
1,2058,94091870000000,94091870100875,94091871082375,981500,1082375,100875,94091880000000,0,0,0
1,2059,94091880000000,94091880085125,94091881264000,1178875,1264000,85125,94091890000000,0,0,0
1,2060,94091890000000,94091890104125,94091891285750,1181625,1285750,104125,94091900000000,0,0,0
1,2061,94091900000000,94091900087000,94091901065750,978750,1065750,87000,94091910000000,0,0,0
1,2062,94091910000000,94091910093125,94091911050125,957000,1050125,93125,94091920000000,0,0,0
1,2063,94091920000000,94091920086500,94091921267875,1181375,1267875,86500,94091930000000,0,0,0
1,2064,94091930000000,94091930092375,94091931273375,1181000,1273375,92375,94091940000000,0,0,0
1,2065,94091940000000,94091940086375,94091941270125,1183750,1270125,86375,94091950000000,0,0,0
1,2066,94091950000000,94091950093500,94091951270000,1176500,1270000,93500,94091960000000,0,0,0
1,2067,94091960000000,94091960097875,94091961081125,983250,1081125,97875,94091970000000,0,0,0
1,2068,94091970000000,94091970094875,94091971276500,1181625,1276500,94875,94091980000000,0,0,0
1,2069,94091980000000,94091980086875,94091981287875,1201000,1287875,86875,94091990000000,0,0,0
1,2070,94091990000000,94091990090750,94091991275750,1185000,1275750,90750,94092000000000,0,0,0
1,2071,94092000000000,94092000090000,94092001269500,1179500,1269500,90000,94092010000000,0,0,0
1,2072,94092010000000,94092010103625,94092011279375,1175750,1279375,103625,94092020000000,0,0,0
1,2073,94092020000000,94092020088250,94092021280375,1192125,1280375,88250,94092030000000,0,0,0
1,2074,94092030000000,94092030093625,94092031267750,1174125,1267750,93625,94092040000000,0,0,0
1,2075,94092040000000,94092040086875,94092041266125,1179250,1266125,86875,94092050000000,0,0,0
1,2076,94092050000000,94092050092125,94092051289750,1197625,1289750,92125,94092060000000,0,0,0
1,2077,94092060000000,94092060088000,94092061055625,967625,1055625,88000,94092070000000,0,0,0
1,2078,94092070000000,94092070093625,94092071288875,1195250,1288875,93625,94092080000000,0,0,0
1,2079,94092080000000,94092080092500,94092081273875,1181375,1273875,92500,94092090000000,0,0,0
1,2080,94092090000000,94092090094625,94092091266500,1171875,1266500,94625,94092100000000,0,0,0
1,2081,94092100000000,94092100095750,94092101270125,1174375,1270125,95750,94092110000000,0,0,0
1,2082,94092110000000,94092110092500,94092111286875,1194375,1286875,92500,94092120000000,0,0,0
1,2083,94092120000000,94092120082750,94092121256000,1173250,1256000,82750,94092130000000,0,0,0
1,2084,94092130000000,94092130096875,94092131077375,980500,1077375,96875,94092140000000,0,0,0
1,2085,94092140000000,94092140084250,94092141271125,1186875,1271125,84250,94092150000000,0,0,0
1,2086,94092150000000,94092150092750,94092151279500,1186750,1279500,92750,94092160000000,0,0,0
1,2087,94092160000000,94092160083250,94092161274000,1190750,1274000,83250,94092170000000,0,0,0
1,2088,94092170000000,94092170092250,94092171268000,1175750,1268000,92250,94092180000000,0,0,0
1,2089,94092180000000,94092180084750,94092181268625,1183875,1268625,84750,94092190000000,0,0,0
1,2090,94092190000000,94092190102375,94092191293250,1190875,1293250,102375,94092200000000,0,0,0
1,2091,94092200000000,94092200088125,94092201278750,1190625,1278750,88125,94092210000000,0,0,0
1,2092,94092210000000,94092210089750,94092211045875,956125,1045875,89750,94092220000000,0,0,0
1,2093,94092220000000,94092220089125,94092221275125,1186000,1275125,89125,94092230000000,0,0,0
1,2094,94092230000000,94092230093750,94092231081625,987875,1081625,93750,94092240000000,0,0,0
1,2095,94092240000000,94092240090875,94092241277000,1186125,1277000,90875,94092250000000,0,0,0
1,2096,94092250000000,94092250091125,94092251267375,1176250,1267375,91125,94092260000000,0,0,0
1,2097,94092260000000,94092260087500,94092261274125,1186625,1274125,87500,94092270000000,0,0,0
1,2098,94092270000000,94092270092750,94092271262625,1169875,1262625,92750,94092280000000,0,0,0
1,2099,94092280000000,94092280092125,94092281273500,1181375,1273500,92125,94092290000000,0,0,0
1,2100,94092290000000,94092290090750,94092291265500,1174750,1265500,90750,94092300000000,0,0,0
1,2101,94092300000000,94092300096500,94092301278500,1182000,1278500,96500,94092310000000,0,0,0
1,2102,94092310000000,94092310092750,94092311266750,1174000,1266750,92750,94092320000000,0,0,0
1,2103,94092320000000,94092320096625,94092321283750,1187125,1283750,96625,94092330000000,0,0,0
1,2104,94092330000000,94092330090375,94092331062750,972375,1062750,90375,94092340000000,0,0,0
1,2105,94092340000000,94092340081000,94092341263500,1182500,1263500,81000,94092350000000,0,0,0
1,2106,94092350000000,94092350088000,94092351275250,1187250,1275250,88000,94092360000000,0,0,0
1,2107,94092360000000,94092360086750,94092361053250,966500,1053250,86750,94092370000000,0,0,0
1,2108,94092370000000,94092370102250,94092371291250,1189000,1291250,102250,94092380000000,0,0,0
1,2109,94092380000000,94092380083500,94092381266625,1183125,1266625,83500,94092390000000,0,0,0
1,2110,94092390000000,94092390093750,94092391286500,1192750,1286500,93750,94092400000000,0,0,0
1,2111,94092400000000,94092400088125,94092401278875,1190750,1278875,88125,94092410000000,0,0,0
1,2112,94092410000000,94092410090125,94092411280500,1190375,1280500,90125,94092420000000,0,0,0
1,2113,94092420000000,94092420099375,94092421081500,982125,1081500,99375,94092430000000,0,0,0
1,2114,94092430000000,94092430091500,94092431266000,1174500,1266000,91500,94092440000000,0,0,0
1,2115,94092440000000,94092440085875,94092441057250,971375,1057250,85875,94092450000000,0,0,0
1,2116,94092450000000,94092450089375,94092451264750,1175375,1264750,89375,94092460000000,0,0,0
1,2117,94092460000000,94092460085250,94092461269500,1184250,1269500,85250,94092470000000,0,0,0
1,2118,94092470000000,94092470090125,94092471285000,1194875,1285000,90125,94092480000000,0,0,0
1,2119,94092480000000,94092480087625,94092481264250,1176625,1264250,87625,94092490000000,0,0,0
1,2120,94092490000000,94092490100000,94092491273500,1173500,1273500,100000,94092500000000,0,0,0
1,2121,94092500000000,94092500087125,94092501272625,1185500,1272625,87125,94092510000000,0,0,0
1,2122,94092510000000,94092510104625,94092511294625,1190000,1294625,104625,94092520000000,0,0,0
1,2123,94092520000000,94092520098375,94092521296625,1198250,1296625,98375,94092530000000,0,0,0
1,2124,94092530000000,94092530107625,94092531294250,1186625,1294250,107625,94092540000000,0,0,0
1,2125,94092540000000,94092540090500,94092541277000,1186500,1277000,90500,94092550000000,0,0,0
1,2126,94092550000000,94092550088875,94092551267125,1178250,1267125,88875,94092560000000,0,0,0
1,2127,94092560000000,94092560087625,94092561265000,1177375,1265000,87625,94092570000000,0,0,0
1,2128,94092570000000,94092570089125,94092571264750,1175625,1264750,89125,94092580000000,0,0,0
1,2129,94092580000000,94092580099125,94092581282750,1183625,1282750,99125,94092590000000,0,0,0
1,2130,94092590000000,94092590094500,94092591285250,1190750,1285250,94500,94092600000000,0,0,0
1,2131,94092600000000,94092600087875,94092601290500,1202625,1290500,87875,94092610000000,0,0,0
1,2132,94092610000000,94092610089500,94092611269375,1179875,1269375,89500,94092620000000,0,0,0
1,2133,94092620000000,94092620089250,94092621275375,1186125,1275375,89250,94092630000000,0,0,0
1,2134,94092630000000,94092630103125,94092631289375,1186250,1289375,103125,94092640000000,0,0,0
1,2135,94092640000000,94092640092125,94092641075000,982875,1075000,92125,94092650000000,0,0,0
1,2136,94092650000000,94092650102000,94092651079375,977375,1079375,102000,94092660000000,0,0,0
1,2137,94092660000000,94092660091500,94092661271500,1180000,1271500,91500,94092670000000,0,0,0
1,2138,94092670000000,94092670088625,94092671257125,1168500,1257125,88625,94092680000000,0,0,0
1,2139,94092680000000,94092680088500,94092681268375,1179875,1268375,88500,94092690000000,0,0,0
1,2140,94092690000000,94092690090500,94092691273750,1183250,1273750,90500,94092700000000,0,0,0
1,2141,94092700000000,94092700086875,94092701286750,1199875,1286750,86875,94092710000000,0,0,0
1,2142,94092710000000,94092710088250,94092711072000,983750,1072000,88250,94092720000000,0,0,0
1,2143,94092720000000,94092720097125,94092721281000,1183875,1281000,97125,94092730000000,0,0,0
1,2144,94092730000000,94092730096125,94092731277250,1181125,1277250,96125,94092740000000,0,0,0
1,2145,94092740000000,94092740086750,94092741264000,1177250,1264000,86750,94092750000000,0,0,0
1,2146,94092750000000,94092750089375,94092751282625,1193250,1282625,89375,94092760000000,0,0,0
1,2147,94092760000000,94092760092125,94092761268125,1176000,1268125,92125,94092770000000,0,0,0
1,2148,94092770000000,94092770089750,94092771270375,1180625,1270375,89750,94092780000000,0,0,0
1,2149,94092780000000,94092780087875,94092781274750,1186875,1274750,87875,94092790000000,0,0,0
1,2150,94092790000000,94092790092125,94092791278125,1186000,1278125,92125,94092800000000,0,0,0
1,2151,94092800000000,94092800083500,94092801270250,1186750,1270250,83500,94092810000000,0,0,0
1,2152,94092810000000,94092810093500,94092811275250,1181750,1275250,93500,94092820000000,0,0,0
1,2153,94092820000000,94092820088125,94092821270375,1182250,1270375,88125,94092830000000,0,0,0
1,2154,94092830000000,94092830100500,94092831282625,1182125,1282625,100500,94092840000000,0,0,0
1,2155,94092840000000,94092840090125,94092841265625,1175500,1265625,90125,94092850000000,0,0,0
1,2156,94092850000000,94092850103625,94092851074625,971000,1074625,103625,94092860000000,0,0,0
1,2157,94092860000000,94092860085000,94092861255375,1170375,1255375,85000,94092870000000,0,0,0
1,2158,94092870000000,94092870104125,94092871283250,1179125,1283250,104125,94092880000000,0,0,0
1,2159,94092880000000,94092880085625,94092881262125,1176500,1262125,85625,94092890000000,0,0,0
1,2160,94092890000000,94092890104625,94092891096625,992000,1096625,104625,94092900000000,0,0,0
1,2161,94092900000000,94092900085125,94092901260625,1175500,1260625,85125,94092910000000,0,0,0
1,2162,94092910000000,94092910093750,94092911271375,1177625,1271375,93750,94092920000000,0,0,0
1,2163,94092920000000,94092920086500,94092921273375,1186875,1273375,86500,94092930000000,0,0,0
1,2164,94092930000000,94092930092375,94092931275750,1183375,1275750,92375,94092940000000,0,0,0
1,2165,94092940000000,94092940083750,94092941273625,1189875,1273625,83750,94092950000000,0,0,0
1,2166,94092950000000,94092950103125,94092951298750,1195625,1298750,103125,94092960000000,0,0,0
1,2167,94092960000000,94092960086500,94092961285625,1199125,1285625,86500,94092970000000,0,0,0
1,2168,94092970000000,94092970094000,94092971285250,1191250,1285250,94000,94092980000000,0,0,0
1,2169,94092980000000,94092980099125,94092981294500,1195375,1294500,99125,94092990000000,0,0,0
1,2170,94092990000000,94092990092125,94092991258625,1166500,1258625,92125,94093000000000,0,0,0
1,2171,94093000000000,94093000084875,94093001281125,1196250,1281125,84875,94093010000000,0,0,0
1,2172,94093010000000,94093010094125,94093011257250,1163125,1257250,94125,94093020000000,0,0,0
1,2173,94093020000000,94093020086250,94093021274875,1188625,1274875,86250,94093030000000,0,0,0
1,2174,94093030000000,94093030103375,94093031083750,980375,1083750,103375,94093040000000,0,0,0
1,2175,94093040000000,94093040087125,94093041266625,1179500,1266625,87125,94093050000000,0,0,0
1,2176,94093050000000,94093050102000,94093051292125,1190125,1292125,102000,94093060000000,0,0,0
1,2177,94093060000000,94093060088750,94093061263000,1174250,1263000,88750,94093070000000,0,0,0
1,2178,94093070000000,94093070103125,94093071293625,1190500,1293625,103125,94093080000000,0,0,0
1,2179,94093080000000,94093080087125,94093081058750,971625,1058750,87125,94093090000000,0,0,0
1,2180,94093090000000,94093090104250,94093091273625,1169375,1273625,104250,94093100000000,0,0,0
1,2181,94093100000000,94093100088000,94093101272125,1184125,1272125,88000,94093110000000,0,0,0
1,2182,94093110000000,94093110089625,94093111255000,1165375,1255000,89625,94093120000000,0,0,0
1,2183,94093120000000,94093120087875,94093121265500,1177625,1265500,87875,94093130000000,0,0,0
1,2184,94093130000000,94093130090500,94093131265375,1174875,1265375,90500,94093140000000,0,0,0
1,2185,94093140000000,94093140085250,94093141258375,1173125,1258375,85250,94093150000000,0,0,0
1,2186,94093150000000,94093150091000,94093151269000,1178000,1269000,91000,94093160000000,0,0,0
1,2187,94093160000000,94093160087250,94093161277750,1190500,1277750,87250,94093170000000,0,0,0
1,2188,94093170000000,94093170091625,94093171265250,1173625,1265250,91625,94093180000000,0,0,0
1,2189,94093180000000,94093180094625,94093181267250,1172625,1267250,94625,94093190000000,0,0,0
1,2190,94093190000000,94093190090500,94093191268875,1178375,1268875,90500,94093200000000,0,0,0
1,2191,94093200000000,94093200096375,94093201284875,1188500,1284875,96375,94093210000000,0,0,0
1,2192,94093210000000,94093210095500,94093211287125,1191625,1287125,95500,94093220000000,0,0,0
1,2193,94093220000000,94093220089875,94093221285125,1195250,1285125,89875,94093230000000,0,0,0
1,2194,94093230000000,94093230094500,94093231271875,1177375,1271875,94500,94093240000000,0,0,0
1,2195,94093240000000,94093240088625,94093241283750,1195125,1283750,88625,94093250000000,0,0,0
1,2196,94093250000000,94093250091875,94093251277375,1185500,1277375,91875,94093260000000,0,0,0
1,2197,94093260000000,94093260087500,94093261275750,1188250,1275750,87500,94093270000000,0,0,0
1,2198,94093270000000,94093270101250,94093271284875,1183625,1284875,101250,94093280000000,0,0,0
1,2199,94093280000000,94093280089500,94093281276000,1186500,1276000,89500,94093290000000,0,0,0
1,2200,94093290000000,94093290089125,94093291060625,971500,1060625,89125,94093300000000,0,0,0
1,2201,94093300000000,94093300088000,94093301262375,1174375,1262375,88000,94093310000000,0,0,0
1,2202,94093310000000,94093310091125,94093311269625,1178500,1269625,91125,94093320000000,0,0,0
1,2203,94093320000000,94093320086000,94093321263000,1177000,1263000,86000,94093330000000,0,0,0
1,2204,94093330000000,94093330091625,94093331277375,1185750,1277375,91625,94093340000000,0,0,0
1,2205,94093340000000,94093340075625,94093341292875,1217250,1292875,75625,94093350000000,0,0,0
1,2206,94093350000000,94093350092000,94093351268500,1176500,1268500,92000,94093360000000,0,0,0
1,2207,94093360000000,94093360084875,94093361272250,1187375,1272250,84875,94093370000000,0,0,0
1,2208,94093370000000,94093370095375,94093371290625,1195250,1290625,95375,94093380000000,0,0,0
1,2209,94093380000000,94093380113250,94093381310125,1196875,1310125,113250,94093390000000,0,0,0
1,2210,94093390000000,94093390094625,94093391276375,1181750,1276375,94625,94093400000000,0,0,0
1,2211,94093400000000,94093400085000,94093401287625,1202625,1287625,85000,94093410000000,0,0,0
1,2212,94093410000000,94093410094875,94093411282125,1187250,1282125,94875,94093420000000,0,0,0
1,2213,94093420000000,94093420089375,94093421285250,1195875,1285250,89375,94093430000000,0,0,0
1,2214,94093430000000,94093430104375,94093431284875,1180500,1284875,104375,94093440000000,0,0,0
1,2215,94093440000000,94093440086500,94093441271375,1184875,1271375,86500,94093450000000,0,0,0
1,2216,94093450000000,94093450095250,94093451259500,1164250,1259500,95250,94093460000000,0,0,0
1,2217,94093460000000,94093460085000,94093461260250,1175250,1260250,85000,94093470000000,0,0,0
1,2218,94093470000000,94093470093125,94093471293875,1200750,1293875,93125,94093480000000,0,0,0
1,2219,94093480000000,94093480084875,94093481288625,1203750,1288625,84875,94093490000000,0,0,0
1,2220,94093490000000,94093490090875,94093491290500,1199625,1290500,90875,94093500000000,0,0,0
1,2221,94093500000000,94093500085000,94093501270750,1185750,1270750,85000,94093510000000,0,0,0
1,2222,94093510000000,94093510096250,94093511273125,1176875,1273125,96250,94093520000000,0,0,0
1,2223,94093520000000,94093520094250,94093521267375,1173125,1267375,94250,94093530000000,0,0,0
1,2224,94093530000000,94093530094750,94093531284250,1189500,1284250,94750,94093540000000,0,0,0
1,2225,94093540000000,94093540108750,94093541292250,1183500,1292250,108750,94093550000000,0,0,0
1,2226,94093550000000,94093550097500,94093551291500,1194000,1291500,97500,94093560000000,0,0,0
1,2227,94093560000000,94093560083625,94093561272250,1188625,1272250,83625,94093570000000,0,0,0
1,2228,94093570000000,94093570099125,94093571280625,1181500,1280625,99125,94093580000000,0,0,0
1,2229,94093580000000,94093580086125,94093581275625,1189500,1275625,86125,94093590000000,0,0,0
1,2230,94093590000000,94093590094875,94093591272875,1178000,1272875,94875,94093600000000,0,0,0
1,2231,94093600000000,94093600086625,94093601267750,1181125,1267750,86625,94093610000000,0,0,0
1,2232,94093610000000,94093610102000,94093611286500,1184500,1286500,102000,94093620000000,0,0,0
1,2233,94093620000000,94093620090500,94093621073375,982875,1073375,90500,94093630000000,0,0,0
1,2234,94093630000000,94093630091625,94093631284375,1192750,1284375,91625,94093640000000,0,0,0
1,2235,94093640000000,94093640084125,94093641270375,1186250,1270375,84125,94093650000000,0,0,0
1,2236,94093650000000,94093650094875,94093651283125,1188250,1283125,94875,94093660000000,0,0,0
1,2237,94093660000000,94093660085625,94093661260125,1174500,1260125,85625,94093670000000,0,0,0
1,2238,94093670000000,94093670092000,94093671279500,1187500,1279500,92000,94093680000000,0,0,0
1,2239,94093680000000,94093680098875,94093681271625,1172750,1271625,98875,94093690000000,0,0,0
1,2240,94093690000000,94093690093750,94093691066000,972250,1066000,93750,94093700000000,0,0,0
1,2241,94093700000000,94093700085375,94093701074625,989250,1074625,85375,94093710000000,0,0,0
1,2242,94093710000000,94093710094875,94093711271750,1176875,1271750,94875,94093720000000,0,0,0
1,2243,94093720000000,94093720089125,94093721276500,1187375,1276500,89125,94093730000000,0,0,0
1,2244,94093730000000,94093730092250,94093731279500,1187250,1279500,92250,94093740000000,0,0,0
1,2245,94093740000000,94093740079875,94093741259500,1179625,1259500,79875,94093750000000,0,0,0
1,2246,94093750000000,94093750101625,94093751278375,1176750,1278375,101625,94093760000000,0,0,0
1,2247,94093760000000,94093760087875,94093761264625,1176750,1264625,87875,94093770000000,0,0,0
1,2248,94093770000000,94093770096125,94093771281125,1185000,1281125,96125,94093780000000,0,0,0
1,2249,94093780000000,94093780086375,94093781275000,1188625,1275000,86375,94093790000000,0,0,0
1,2250,94093790000000,94093790093875,94093791286750,1192875,1286750,93875,94093800000000,0,0,0
1,2251,94093800000000,94093800087125,94093801269125,1182000,1269125,87125,94093810000000,0,0,0
1,2252,94093810000000,94093810106500,94093811088625,982125,1088625,106500,94093820000000,0,0,0
1,2253,94093820000000,94093820104875,94093821303250,1198375,1303250,104875,94093830000000,0,0,0
1,2254,94093830000000,94093830099875,94093831297125,1197250,1297125,99875,94093840000000,0,0,0
1,2255,94093840000000,94093840095250,94093841291250,1196000,1291250,95250,94093850000000,0,0,0
1,2256,94093850000000,94093850092750,94093851279625,1186875,1279625,92750,94093860000000,0,0,0
1,2257,94093860000000,94093860095875,94093861278250,1182375,1278250,95875,94093870000000,0,0,0
1,2258,94093870000000,94093870094250,94093871274375,1180125,1274375,94250,94093880000000,0,0,0
1,2259,94093880000000,94093880096750,94093881273250,1176500,1273250,96750,94093890000000,0,0,0
1,2260,94093890000000,94093890092250,94093891277500,1185250,1277500,92250,94093900000000,0,0,0
1,2261,94093900000000,94093900098625,94093901283000,1184375,1283000,98625,94093910000000,0,0,0
1,2262,94093910000000,94093910094000,94093911265375,1171375,1265375,94000,94093920000000,0,0,0
1,2263,94093920000000,94093920094875,94093921279000,1184125,1279000,94875,94093930000000,0,0,0
1,2264,94093930000000,94093930094750,94093931279000,1184250,1279000,94750,94093940000000,0,0,0
1,2265,94093940000000,94093940086250,94093941280750,1194500,1280750,86250,94093950000000,0,0,0
1,2266,94093950000000,94093950092375,94093951265875,1173500,1265875,92375,94093960000000,0,0,0
1,2267,94093960000000,94093960088500,94093961274875,1186375,1274875,88500,94093970000000,0,0,0
1,2268,94093970000000,94093970104500,94093971278125,1173625,1278125,104500,94093980000000,0,0,0
1,2269,94093980000000,94093980090625,94093981268875,1178250,1268875,90625,94093990000000,0,0,0
1,2270,94093990000000,94093990106125,94093991289000,1182875,1289000,106125,94094000000000,0,0,0
1,2271,94094000000000,94094000088625,94094001272500,1183875,1272500,88625,94094010000000,0,0,0
1,2272,94094010000000,94094010104875,94094011284500,1179625,1284500,104875,94094020000000,0,0,0
1,2273,94094020000000,94094020089375,94094021274625,1185250,1274625,89375,94094030000000,0,0,0
1,2274,94094030000000,94094030090000,94094031280125,1190125,1280125,90000,94094040000000,0,0,0
1,2275,94094040000000,94094040089000,94094041265625,1176625,1265625,89000,94094050000000,0,0,0
1,2276,94094050000000,94094050093375,94094051261625,1168250,1261625,93375,94094060000000,0,0,0
1,2277,94094060000000,94094060098000,94094061284250,1186250,1284250,98000,94094070000000,0,0,0
1,2278,94094070000000,94094070092000,94094071282875,1190875,1282875,92000,94094080000000,0,0,0
1,2279,94094080000000,94094080099750,94094081283750,1184000,1283750,99750,94094090000000,0,0,0
1,2280,94094090000000,94094090091625,94094091263500,1171875,1263500,91625,94094100000000,0,0,0
1,2281,94094100000000,94094100086875,94094101282000,1195125,1282000,86875,94094110000000,0,0,0
1,2282,94094110000000,94094110091500,94094111277375,1185875,1277375,91500,94094120000000,0,0,0
1,2283,94094120000000,94094120091000,94094121282000,1191000,1282000,91000,94094130000000,0,0,0
1,2284,94094130000000,94094130105750,94094131286750,1181000,1286750,105750,94094140000000,0,0,0
1,2285,94094140000000,94094140091500,94094141281250,1189750,1281250,91500,94094150000000,0,0,0
1,2286,94094150000000,94094150104250,94094151272000,1167750,1272000,104250,94094160000000,0,0,0
1,2287,94094160000000,94094160088125,94094161272750,1184625,1272750,88125,94094170000000,0,0,0
1,2288,94094170000000,94094170090000,94094171268625,1178625,1268625,90000,94094180000000,0,0,0
1,2289,94094180000000,94094180091875,94094181277375,1185500,1277375,91875,94094190000000,0,0,0
1,2290,94094190000000,94094190090875,94094191274250,1183375,1274250,90875,94094200000000,0,0,0
1,2291,94094200000000,94094200088250,94094201270125,1181875,1270125,88250,94094210000000,0,0,0
1,2292,94094210000000,94094210092375,94094211274000,1181625,1274000,92375,94094220000000,0,0,0
1,2293,94094220000000,94094220093625,94094221285125,1191500,1285125,93625,94094230000000,0,0,0
1,2294,94094230000000,94094230090750,94094231262875,1172125,1262875,90750,94094240000000,0,0,0
1,2295,94094240000000,94094240110625,94094241289125,1178500,1289125,110625,94094250000000,0,0,0
1,2296,94094250000000,94094250095250,94094251281125,1185875,1281125,95250,94094260000000,0,0,0
1,2297,94094260000000,94094260086625,94094261266250,1179625,1266250,86625,94094270000000,0,0,0
1,2298,94094270000000,94094270094625,94094271279250,1184625,1279250,94625,94094280000000,0,0,0
1,2299,94094280000000,94094280083375,94094281260125,1176750,1260125,83375,94094290000000,0,0,0
1,2300,94094290000000,94094290103250,94094291286000,1182750,1286000,103250,94094300000000,0,0,0
1,2301,94094300000000,94094300087000,94094301268125,1181125,1268125,87000,94094310000000,0,0,0
1,2302,94094310000000,94094310104250,94094311293125,1188875,1293125,104250,94094320000000,0,0,0
1,2303,94094320000000,94094320090500,94094321266375,1175875,1266375,90500,94094330000000,0,0,0
1,2304,94094330000000,94094330093500,94094331278125,1184625,1278125,93500,94094340000000,0,0,0
1,2305,94094340000000,94094340084250,94094341269625,1185375,1269625,84250,94094350000000,0,0,0
1,2306,94094350000000,94094350092500,94094351268375,1175875,1268375,92500,94094360000000,0,0,0
1,2307,94094360000000,94094360091250,94094361269875,1178625,1269875,91250,94094370000000,0,0,0
1,2308,94094370000000,94094370094375,94094371272875,1178500,1272875,94375,94094380000000,0,0,0
1,2309,94094380000000,94094380076625,94094381256750,1180125,1256750,76625,94094390000000,0,0,0
1,2310,94094390000000,94094390090500,94094391269000,1178500,1269000,90500,94094400000000,0,0,0
1,2311,94094400000000,94094400087125,94094401270250,1183125,1270250,87125,94094410000000,0,0,0
1,2312,94094410000000,94094410092375,94094411277500,1185125,1277500,92375,94094420000000,0,0,0
1,2313,94094420000000,94094420086125,94094421059875,973750,1059875,86125,94094430000000,0,0,0
1,2314,94094430000000,94094430102875,94094431280250,1177375,1280250,102875,94094440000000,0,0,0
1,2315,94094440000000,94094440091875,94094441277750,1185875,1277750,91875,94094450000000,0,0,0
1,2316,94094450000000,94094450104875,94094451297125,1192250,1297125,104875,94094460000000,0,0,0
1,2317,94094460000000,94094460087750,94094461268000,1180250,1268000,87750,94094470000000,0,0,0
1,2318,94094470000000,94094470093125,94094471279750,1186625,1279750,93125,94094480000000,0,0,0
1,2319,94094480000000,94094480085125,94094481273750,1188625,1273750,85125,94094490000000,0,0,0
1,2320,94094490000000,94094490093375,94094491279625,1186250,1279625,93375,94094500000000,0,0,0
1,2321,94094500000000,94094500085500,94094501273000,1187500,1273000,85500,94094510000000,0,0,0
1,2322,94094510000000,94094510090375,94094511279250,1188875,1279250,90375,94094520000000,0,0,0
1,2323,94094520000000,94094520094750,94094521280250,1185500,1280250,94750,94094530000000,0,0,0
1,2324,94094530000000,94094530092625,94094531074500,981875,1074500,92625,94094540000000,0,0,0
1,2325,94094540000000,94094540095750,94094541270750,1175000,1270750,95750,94094550000000,0,0,0
1,2326,94094550000000,94094550093250,94094551277000,1183750,1277000,93250,94094560000000,0,0,0
1,2327,94094560000000,94094560083000,94094561281250,1198250,1281250,83000,94094570000000,0,0,0
1,2328,94094570000000,94094570092500,94094571275500,1183000,1275500,92500,94094580000000,0,0,0
1,2329,94094580000000,94094580084125,94094581063625,979500,1063625,84125,94094590000000,0,0,0
1,2330,94094590000000,94094590103625,94094591303875,1200250,1303875,103625,94094600000000,0,0,0
1,2331,94094600000000,94094600085500,94094601272750,1187250,1272750,85500,94094610000000,0,0,0
1,2332,94094610000000,94094610093250,94094611273250,1180000,1273250,93250,94094620000000,0,0,0
1,2333,94094620000000,94094620084500,94094621261250,1176750,1261250,84500,94094630000000,0,0,0
1,2334,94094630000000,94094630095375,94094631270625,1175250,1270625,95375,94094640000000,0,0,0
1,2335,94094640000000,94094640096875,94094641287625,1190750,1287625,96875,94094650000000,0,0,0
1,2336,94094650000000,94094650094875,94094651279000,1184125,1279000,94875,94094660000000,0,0,0
1,2337,94094660000000,94094660095625,94094661282500,1186875,1282500,95625,94094670000000,0,0,0
1,2338,94094670000000,94094670104125,94094671297125,1193000,1297125,104125,94094680000000,0,0,0
1,2339,94094680000000,94094680089625,94094681272750,1183125,1272750,89625,94094690000000,0,0,0
1,2340,94094690000000,94094690094875,94094691076875,982000,1076875,94875,94094700000000,0,0,0
1,2341,94094700000000,94094700088500,94094701264125,1175625,1264125,88500,94094710000000,0,0,0
1,2342,94094710000000,94094710103125,94094711298375,1195250,1298375,103125,94094720000000,0,0,0
1,2343,94094720000000,94094720091125,94094721287500,1196375,1287500,91125,94094730000000,0,0,0
1,2344,94094730000000,94094730087625,94094731271125,1183500,1271125,87625,94094740000000,0,0,0
1,2345,94094740000000,94094740088125,94094741276875,1188750,1276875,88125,94094750000000,0,0,0
1,2346,94094750000000,94094750091750,94094751076125,984375,1076125,91750,94094760000000,0,0,0
1,2347,94094760000000,94094760094625,94094761281125,1186500,1281125,94625,94094770000000,0,0,0
1,2348,94094770000000,94094770091125,94094771266875,1175750,1266875,91125,94094780000000,0,0,0
1,2349,94094780000000,94094780086875,94094781276250,1189375,1276250,86875,94094790000000,0,0,0
1,2350,94094790000000,94094790090250,94094791277625,1187375,1277625,90250,94094800000000,0,0,0
1,2351,94094800000000,94094800089500,94094801276625,1187125,1276625,89500,94094810000000,0,0,0
1,2352,94094810000000,94094810090000,94094811069500,979500,1069500,90000,94094820000000,0,0,0
1,2353,94094820000000,94094820091125,94094821283125,1192000,1283125,91125,94094830000000,0,0,0
1,2354,94094830000000,94094830092250,94094831275125,1182875,1275125,92250,94094840000000,0,0,0
1,2355,94094840000000,94094840088000,94094841272250,1184250,1272250,88000,94094850000000,0,0,0
1,2356,94094850000000,94094850103875,94094851278375,1174500,1278375,103875,94094860000000,0,0,0
1,2357,94094860000000,94094860089875,94094861271375,1181500,1271375,89875,94094870000000,0,0,0
1,2358,94094870000000,94094870102875,94094871286000,1183125,1286000,102875,94094880000000,0,0,0
1,2359,94094880000000,94094880089000,94094881277250,1188250,1277250,89000,94094890000000,0,0,0
1,2360,94094890000000,94094890088875,94094891271750,1182875,1271750,88875,94094900000000,0,0,0
1,2361,94094900000000,94094900089375,94094901279250,1189875,1279250,89375,94094910000000,0,0,0
1,2362,94094910000000,94094910092875,94094911053000,960125,1053000,92875,94094920000000,0,0,0
1,2363,94094920000000,94094920095000,94094921287500,1192500,1287500,95000,94094930000000,0,0,0
1,2364,94094930000000,94094930096000,94094931280875,1184875,1280875,96000,94094940000000,0,0,0
1,2365,94094940000000,94094940099375,94094941284500,1185125,1284500,99375,94094950000000,0,0,0
1,2366,94094950000000,94094950093500,94094951279625,1186125,1279625,93500,94094960000000,0,0,0
1,2367,94094960000000,94094960084875,94094961255875,1171000,1255875,84875,94094970000000,0,0,0
1,2368,94094970000000,94094970094000,94094971281875,1187875,1281875,94000,94094980000000,0,0,0
1,2369,94094980000000,94094980088875,94094981273250,1184375,1273250,88875,94094990000000,0,0,0
1,2370,94094990000000,94094990094250,94094991267000,1172750,1267000,94250,94095000000000,0,0,0
1,2371,94095000000000,94095000088750,94095001258000,1169250,1258000,88750,94095010000000,0,0,0
1,2372,94095010000000,94095010102625,94095011283750,1181125,1283750,102625,94095020000000,0,0,0
1,2373,94095020000000,94095020087500,94095021278875,1191375,1278875,87500,94095030000000,0,0,0
1,2374,94095030000000,94095030091625,94095031264875,1173250,1264875,91625,94095040000000,0,0,0
1,2375,94095040000000,94095040087625,94095041259000,1171375,1259000,87625,94095050000000,0,0,0
1,2376,94095050000000,94095050095000,94095051265000,1170000,1265000,95000,94095060000000,0,0,0
1,2377,94095060000000,94095060097625,94095061275000,1177375,1275000,97625,94095070000000,0,0,0
1,2378,94095070000000,94095070094500,94095071055125,960625,1055125,94500,94095080000000,0,0,0
1,2379,94095080000000,94095080088250,94095081269125,1180875,1269125,88250,94095090000000,0,0,0
1,2380,94095090000000,94095090090125,94095091265125,1175000,1265125,90125,94095100000000,0,0,0
1,2381,94095100000000,94095100096750,94095101281625,1184875,1281625,96750,94095110000000,0,0,0
1,2382,94095110000000,94095110092250,94095111279750,1187500,1279750,92250,94095120000000,0,0,0
1,2383,94095120000000,94095120087000,94095121288125,1201125,1288125,87000,94095130000000,0,0,0
1,2384,94095130000000,94095130091750,94095131275875,1184125,1275875,91750,94095140000000,0,0,0
1,2385,94095140000000,94095140087375,94095141277625,1190250,1277625,87375,94095150000000,0,0,0
1,2386,94095150000000,94095150105625,94095151289125,1183500,1289125,105625,94095160000000,0,0,0
1,2387,94095160000000,94095160087000,94095161264125,1177125,1264125,87000,94095170000000,0,0,0
1,2388,94095170000000,94095170104250,94095171292875,1188625,1292875,104250,94095180000000,0,0,0
1,2389,94095180000000,94095180087625,94095181259750,1172125,1259750,87625,94095190000000,0,0,0
1,2390,94095190000000,94095190094875,94095191270750,1175875,1270750,94875,94095200000000,0,0,0
1,2391,94095200000000,94095200082000,94095201259125,1177125,1259125,82000,94095210000000,0,0,0
1,2392,94095210000000,94095210094875,94095211279875,1185000,1279875,94875,94095220000000,0,0,0
1,2393,94095220000000,94095220087125,94095221280375,1193250,1280375,87125,94095230000000,0,0,0
1,2394,94095230000000,94095230089375,94095231258250,1168875,1258250,89375,94095240000000,0,0,0
1,2395,94095240000000,94095240101000,94095241295625,1194625,1295625,101000,94095250000000,0,0,0
1,2396,94095250000000,94095250095750,94095251077250,981500,1077250,95750,94095260000000,0,0,0
1,2397,94095260000000,94095260101625,94095261283750,1182125,1283750,101625,94095270000000,0,0,0
1,2398,94095270000000,94095270096125,94095271269250,1173125,1269250,96125,94095280000000,0,0,0
1,2399,94095280000000,94095280083750,94095281273750,1190000,1273750,83750,94095290000000,0,0,0
1,2400,94095290000000,94095290093750,94095291273375,1179625,1273375,93750,94095300000000,0,0,0
1,2401,94095300000000,94095300088125,94095301273250,1185125,1273250,88125,94095310000000,0,0,0
1,2402,94095310000000,94095310104375,94095311284625,1180250,1284625,104375,94095320000000,0,0,0
1,2403,94095320000000,94095320088500,94095321067500,979000,1067500,88500,94095330000000,0,0,0
1,2404,94095330000000,94095330104625,94095331273125,1168500,1273125,104625,94095340000000,0,0,0
1,2405,94095340000000,94095340089375,94095341292750,1203375,1292750,89375,94095350000000,0,0,0
1,2406,94095350000000,94095350094125,94095351266000,1171875,1266000,94125,94095360000000,0,0,0
1,2407,94095360000000,94095360089000,94095361268625,1179625,1268625,89000,94095370000000,0,0,0
1,2408,94095370000000,94095370093875,94095371261000,1167125,1261000,93875,94095380000000,0,0,0
1,2409,94095380000000,94095380098750,94095381266625,1167875,1266625,98750,94095390000000,0,0,0
1,2410,94095390000000,94095390093500,94095391060875,967375,1060875,93500,94095400000000,0,0,0
1,2411,94095400000000,94095400080000,94095401270875,1190875,1270875,80000,94095410000000,0,0,0
1,2412,94095410000000,94095410090500,94095411268000,1177500,1268000,90500,94095420000000,0,0,0
1,2413,94095420000000,94095420089750,94095421272125,1182375,1272125,89750,94095430000000,0,0,0
1,2414,94095430000000,94095430093750,94095431259375,1165625,1259375,93750,94095440000000,0,0,0
1,2415,94095440000000,94095440092625,94095441277000,1184375,1277000,92625,94095450000000,0,0,0
1,2416,94095450000000,94095450100250,94095451080375,980125,1080375,100250,94095460000000,0,0,0
1,2417,94095460000000,94095460089750,94095461281625,1191875,1281625,89750,94095470000000,0,0,0
1,2418,94095470000000,94095470109375,94095471291250,1181875,1291250,109375,94095480000000,0,0,0
1,2419,94095480000000,94095480091000,94095481283375,1192375,1283375,91000,94095490000000,0,0,0
1,2420,94095490000000,94095490091625,94095491298500,1206875,1298500,91625,94095500000000,0,0,0
1,2421,94095500000000,94095500085625,94095501282875,1197250,1282875,85625,94095510000000,0,0,0
1,2422,94095510000000,94095510092750,94095511271625,1178875,1271625,92750,94095520000000,0,0,0
1,2423,94095520000000,94095520098125,94095521069625,971500,1069625,98125,94095530000000,0,0,0
1,2424,94095530000000,94095530104000,94095531292875,1188875,1292875,104000,94095540000000,0,0,0
1,2425,94095540000000,94095540085875,94095541278625,1192750,1278625,85875,94095550000000,0,0,0
1,2426,94095550000000,94095550094000,94095551268875,1174875,1268875,94000,94095560000000,0,0,0
1,2427,94095560000000,94095560085000,94095561281375,1196375,1281375,85000,94095570000000,0,0,0
1,2428,94095570000000,94095570093875,94095571287500,1193625,1287500,93875,94095580000000,0,0,0
1,2429,94095580000000,94095580085750,94095581280875,1195125,1280875,85750,94095590000000,0,0,0
1,2430,94095590000000,94095590101750,94095591287000,1185250,1287000,101750,94095600000000,0,0,0
1,2431,94095600000000,94095600085500,94095601256875,1171375,1256875,85500,94095610000000,0,0,0
1,2432,94095610000000,94095610105625,94095611277500,1171875,1277500,105625,94095620000000,0,0,0
1,2433,94095620000000,94095620087500,94095621068375,980875,1068375,87500,94095630000000,0,0,0
1,2434,94095630000000,94095630105625,94095631282500,1176875,1282500,105625,94095640000000,0,0,0
1,2435,94095640000000,94095640087000,94095641273875,1186875,1273875,87000,94095650000000,0,0,0
1,2436,94095650000000,94095650091500,94095651271125,1179625,1271125,91500,94095660000000,0,0,0
1,2437,94095660000000,94095660085875,94095661274500,1188625,1274500,85875,94095670000000,0,0,0
1,2438,94095670000000,94095670095125,94095671260125,1165000,1260125,95125,94095680000000,0,0,0
1,2439,94095680000000,94095680097250,94095681077500,980250,1077500,97250,94095690000000,0,0,0
1,2440,94095690000000,94095690092625,94095691269125,1176500,1269125,92625,94095700000000,0,0,0
1,2441,94095700000000,94095700096875,94095701294000,1197125,1294000,96875,94095710000000,0,0,0
1,2442,94095710000000,94095710090375,94095711269375,1179000,1269375,90375,94095720000000,0,0,0
1,2443,94095720000000,94095720099500,94095721276625,1177125,1276625,99500,94095730000000,0,0,0
1,2444,94095730000000,94095730092000,94095731274750,1182750,1274750,92000,94095740000000,0,0,0
1,2445,94095740000000,94095740088625,94095741289875,1201250,1289875,88625,94095750000000,0,0,0
1,2446,94095750000000,94095750094625,94095751294875,1200250,1294875,94625,94095760000000,0,0,0
1,2447,94095760000000,94095760087375,94095761268750,1181375,1268750,87375,94095770000000,0,0,0
1,2448,94095770000000,94095770100375,94095771290250,1189875,1290250,100375,94095780000000,0,0,0
1,2449,94095780000000,94095780090625,94095781273250,1182625,1273250,90625,94095790000000,0,0,0
1,2450,94095790000000,94095790103625,94095791277125,1173500,1277125,103625,94095800000000,0,0,0
1,2451,94095800000000,94095800091000,94095801277125,1186125,1277125,91000,94095810000000,0,0,0
1,2452,94095810000000,94095810092750,94095811275125,1182375,1275125,92750,94095820000000,0,0,0
1,2453,94095820000000,94095820093000,94095821287125,1194125,1287125,93000,94095830000000,0,0,0
1,2454,94095830000000,94095830091875,94095831269125,1177250,1269125,91875,94095840000000,0,0,0
1,2455,94095840000000,94095840097625,94095841271625,1174000,1271625,97625,94095850000000,0,0,0
1,2456,94095850000000,94095850090125,94095851286250,1196125,1286250,90125,94095860000000,0,0,0
1,2457,94095860000000,94095860097875,94095861079750,981875,1079750,97875,94095870000000,0,0,0
1,2458,94095870000000,94095870092125,94095871265375,1173250,1265375,92125,94095880000000,0,0,0
1,2459,94095880000000,94095880100250,94095881276875,1176625,1276875,100250,94095890000000,0,0,0
1,2460,94095890000000,94095890091250,94095891275000,1183750,1275000,91250,94095900000000,0,0,0
1,2461,94095900000000,94095900088125,94095901285750,1197625,1285750,88125,94095910000000,0,0,0
1,2462,94095910000000,94095910090500,94095911270000,1179500,1270000,90500,94095920000000,0,0,0
1,2463,94095920000000,94095920088250,94095921274750,1186500,1274750,88250,94095930000000,0,0,0
1,2464,94095930000000,94095930100750,94095931289875,1189125,1289875,100750,94095940000000,0,0,0
1,2465,94095940000000,94095940085250,94095941051500,966250,1051500,85250,94095950000000,0,0,0
1,2466,94095950000000,94095950089375,94095951267375,1178000,1267375,89375,94095960000000,0,0,0
1,2467,94095960000000,94095960098000,94095961088625,990625,1088625,98000,94095970000000,0,0,0
1,2468,94095970000000,94095970092500,94095971266375,1173875,1266375,92500,94095980000000,0,0,0
1,2469,94095980000000,94095980099125,94095981278250,1179125,1278250,99125,94095990000000,0,0,0
1,2470,94095990000000,94095990090750,94095991292000,1201250,1292000,90750,94096000000000,0,0,0
1,2471,94096000000000,94096000086125,94096001283250,1197125,1283250,86125,94096010000000,0,0,0
1,2472,94096010000000,94096010089750,94096011276500,1186750,1276500,89750,94096020000000,0,0,0
1,2473,94096020000000,94096020089250,94096021076875,987625,1076875,89250,94096030000000,0,0,0
1,2474,94096030000000,94096030103250,94096031286375,1183125,1286375,103250,94096040000000,0,0,0
1,2475,94096040000000,94096040090500,94096041278750,1188250,1278750,90500,94096050000000,0,0,0
1,2476,94096050000000,94096050100375,94096051283250,1182875,1283250,100375,94096060000000,0,0,0
1,2477,94096060000000,94096060088750,94096061073375,984625,1073375,88750,94096070000000,0,0,0
1,2478,94096070000000,94096070098500,94096071278625,1180125,1278625,98500,94096080000000,0,0,0
1,2479,94096080000000,94096080087750,94096081256125,1168375,1256125,87750,94096090000000,0,0,0
1,2480,94096090000000,94096090101625,94096091271500,1169875,1271500,101625,94096100000000,0,0,0
1,2481,94096100000000,94096100087375,94096101265875,1178500,1265875,87375,94096110000000,0,0,0
1,2482,94096110000000,94096110092625,94096111261750,1169125,1261750,92625,94096120000000,0,0,0
1,2483,94096120000000,94096120083750,94096121266125,1182375,1266125,83750,94096130000000,0,0,0
1,2484,94096130000000,94096130090250,94096131274625,1184375,1274625,90250,94096140000000,0,0,0
1,2485,94096140000000,94096140086250,94096141273875,1187625,1273875,86250,94096150000000,0,0,0
1,2486,94096150000000,94096150093000,94096151275125,1182125,1275125,93000,94096160000000,0,0,0
1,2487,94096160000000,94096160085625,94096161267875,1182250,1267875,85625,94096170000000,0,0,0
1,2488,94096170000000,94096170091875,94096171264625,1172750,1264625,91875,94096180000000,0,0,0
1,2489,94096180000000,94096180100375,94096181284875,1184500,1284875,100375,94096190000000,0,0,0
1,2490,94096190000000,94096190093000,94096191286250,1193250,1286250,93000,94096200000000,0,0,0
1,2491,94096200000000,94096200096375,94096201287250,1190875,1287250,96375,94096210000000,0,0,0
1,2492,94096210000000,94096210090250,94096211263000,1172750,1263000,90250,94096220000000,0,0,0
1,2493,94096220000000,94096220099250,94096221287125,1187875,1287125,99250,94096230000000,0,0,0
1,2494,94096230000000,94096230093000,94096231272500,1179500,1272500,93000,94096240000000,0,0,0
1,2495,94096240000000,94096240083750,94096241257750,1174000,1257750,83750,94096250000000,0,0,0
1,2496,94096250000000,94096250096750,94096251277125,1180375,1277125,96750,94096260000000,0,0,0
1,2497,94096260000000,94096260085875,94096261267625,1181750,1267625,85875,94096270000000,0,0,0
1,2498,94096270000000,94096270094500,94096271278875,1184375,1278875,94500,94096280000000,0,0,0
1,2499,94096280000000,94096280087000,94096281274375,1187375,1274375,87000,94096290000000,0,0,0
1,2500,94096290000000,94096290095500,94096291267500,1172000,1267500,95500,94096300000000,0,0,0
1,2501,94096300000000,94096300085375,94096301273375,1188000,1273375,85375,94096310000000,0,0,0
1,2502,94096310000000,94096310091250,94096311274875,1183625,1274875,91250,94096320000000,0,0,0
1,2503,94096320000000,94096320087375,94096321280375,1193000,1280375,87375,94096330000000,0,0,0
1,2504,94096330000000,94096330092250,94096331262750,1170500,1262750,92250,94096340000000,0,0,0
1,2505,94096340000000,94096340087125,94096341276500,1189375,1276500,87125,94096350000000,0,0,0
1,2506,94096350000000,94096350089375,94096351264750,1175375,1264750,89375,94096360000000,0,0,0
1,2507,94096360000000,94096360088375,94096361065750,977375,1065750,88375,94096370000000,0,0,0
1,2508,94096370000000,94096370105000,94096371277750,1172750,1277750,105000,94096380000000,0,0,0
1,2509,94096380000000,94096380092000,94096381275125,1183125,1275125,92000,94096390000000,0,0,0
1,2510,94096390000000,94096390114500,94096391299500,1185000,1299500,114500,94096400000000,0,0,0
1,2511,94096400000000,94096400091125,94096401267875,1176750,1267875,91125,94096410000000,0,0,0
1,2512,94096410000000,94096410091250,94096411275625,1184375,1275625,91250,94096420000000,0,0,0
1,2513,94096420000000,94096420079875,94096421266625,1186750,1266625,79875,94096430000000,0,0,0
1,2514,94096430000000,94096430090750,94096431294000,1203250,1294000,90750,94096440000000,0,0,0
1,2515,94096440000000,94096440081875,94096441265250,1183375,1265250,81875,94096450000000,0,0,0
1,2516,94096450000000,94096450089875,94096451283375,1193500,1283375,89875,94096460000000,0,0,0
1,2517,94096460000000,94096460098000,94096461277750,1179750,1277750,98000,94096470000000,0,0,0
1,2518,94096470000000,94096470094500,94096471278500,1184000,1278500,94500,94096480000000,0,0,0
1,2519,94096480000000,94096480085750,94096481054250,968500,1054250,85750,94096490000000,0,0,0
1,2520,94096490000000,94096490108250,94096491286500,1178250,1286500,108250,94096500000000,0,0,0
1,2521,94096500000000,94096500089750,94096501259875,1170125,1259875,89750,94096510000000,0,0,0
1,2522,94096510000000,94096510089750,94096511263500,1173750,1263500,89750,94096520000000,0,0,0
1,2523,94096520000000,94096520088375,94096521272875,1184500,1272875,88375,94096530000000,0,0,0
1,2524,94096530000000,94096530088500,94096531266375,1177875,1266375,88500,94096540000000,0,0,0
1,2525,94096540000000,94096540086500,94096541268875,1182375,1268875,86500,94096550000000,0,0,0
1,2526,94096550000000,94096550089750,94096551275125,1185375,1275125,89750,94096560000000,0,0,0
1,2527,94096560000000,94096560087500,94096561270625,1183125,1270625,87500,94096570000000,0,0,0
1,2528,94096570000000,94096570089000,94096571261125,1172125,1261125,89000,94096580000000,0,0,0
1,2529,94096580000000,94096580092500,94096581276875,1184375,1276875,92500,94096590000000,0,0,0
1,2530,94096590000000,94096590094125,94096591072125,978000,1072125,94125,94096600000000,0,0,0
1,2531,94096600000000,94096600101500,94096601289750,1188250,1289750,101500,94096610000000,0,0,0
1,2532,94096610000000,94096610092125,94096611281000,1188875,1281000,92125,94096620000000,0,0,0
1,2533,94096620000000,94096620085625,94096621267375,1181750,1267375,85625,94096630000000,0,0,0
1,2534,94096630000000,94096630093125,94096631287125,1194000,1287125,93125,94096640000000,0,0,0
1,2535,94096640000000,94096640088500,94096641270500,1182000,1270500,88500,94096650000000,0,0,0
1,2536,94096650000000,94096650093875,94096651277375,1183500,1277375,93875,94096660000000,0,0,0
1,2537,94096660000000,94096660086500,94096661269500,1183000,1269500,86500,94096670000000,0,0,0
1,2538,94096670000000,94096670092000,94096671292250,1200250,1292250,92000,94096680000000,0,0,0
1,2539,94096680000000,94096680084375,94096681268375,1184000,1268375,84375,94096690000000,0,0,0
1,2540,94096690000000,94096690104875,94096691278875,1174000,1278875,104875,94096700000000,0,0,0
1,2541,94096700000000,94096700090000,94096701275375,1185375,1275375,90000,94096710000000,0,0,0
1,2542,94096710000000,94096710104125,94096711274750,1170625,1274750,104125,94096720000000,0,0,0
1,2543,94096720000000,94096720088875,94096721271625,1182750,1271625,88875,94096730000000,0,0,0
1,2544,94096730000000,94096730088750,94096731263500,1174750,1263500,88750,94096740000000,0,0,0
1,2545,94096740000000,94096740092500,94096741287375,1194875,1287375,92500,94096750000000,0,0,0
1,2546,94096750000000,94096750089750,94096751083500,993750,1083500,89750,94096760000000,0,0,0
1,2547,94096760000000,94096760096375,94096761285375,1189000,1285375,96375,94096770000000,0,0,0
1,2548,94096770000000,94096770094125,94096771268500,1174375,1268500,94125,94096780000000,0,0,0
1,2549,94096780000000,94096780088000,94096781288250,1200250,1288250,88000,94096790000000,0,0,0
1,2550,94096790000000,94096790092625,94096791277875,1185250,1277875,92625,94096800000000,0,0,0
1,2551,94096800000000,94096800087375,94096801289250,1201875,1289250,87375,94096810000000,0,0,0
1,2552,94096810000000,94096810090750,94096811275875,1185125,1275875,90750,94096820000000,0,0,0
1,2553,94096820000000,94096820091125,94096821259125,1168000,1259125,91125,94096830000000,0,0,0
1,2554,94096830000000,94096830096625,94096831278125,1181500,1278125,96625,94096840000000,0,0,0
1,2555,94096840000000,94096840090000,94096841254250,1164250,1254250,90000,94096850000000,0,0,0
1,2556,94096850000000,94096850106125,94096851299000,1192875,1299000,106125,94096860000000,0,0,0
1,2557,94096860000000,94096860087625,94096861267625,1180000,1267625,87625,94096870000000,0,0,0
1,2558,94096870000000,94096870090000,94096871271375,1181375,1271375,90000,94096880000000,0,0,0
1,2559,94096880000000,94096880088250,94096881263875,1175625,1263875,88250,94096890000000,0,0,0
1,2560,94096890000000,94096890091375,94096891284125,1192750,1284125,91375,94096900000000,0,0,0
1,2561,94096900000000,94096900086500,94096901269500,1183000,1269500,86500,94096910000000,0,0,0
1,2562,94096910000000,94096910095500,94096911271125,1175625,1271125,95500,94096920000000,0,0,0
1,2563,94096920000000,94096920097125,94096921275875,1178750,1275875,97125,94096930000000,0,0,0
1,2564,94096930000000,94096930093250,94096931287750,1194500,1287750,93250,94096940000000,0,0,0
1,2565,94096940000000,94096940085125,94096941067000,981875,1067000,85125,94096950000000,0,0,0
1,2566,94096950000000,94096950095500,94096951283875,1188375,1283875,95500,94096960000000,0,0,0
1,2567,94096960000000,94096960088125,94096961064500,976375,1064500,88125,94096970000000,0,0,0
1,2568,94096970000000,94096970104375,94096971292375,1188000,1292375,104375,94096980000000,0,0,0
1,2569,94096980000000,94096980090000,94096981279000,1189000,1279000,90000,94096990000000,0,0,0
1,2570,94096990000000,94096990089750,94096991263625,1173875,1263625,89750,94097000000000,0,0,0
1,2571,94097000000000,94097000084500,94097001279625,1195125,1279625,84500,94097010000000,0,0,0
1,2572,94097010000000,94097010093000,94097011267250,1174250,1267250,93000,94097020000000,0,0,0
1,2573,94097020000000,94097020100250,94097021284250,1184000,1284250,100250,94097030000000,0,0,0
1,2574,94097030000000,94097030096125,94097031278875,1182750,1278875,96125,94097040000000,0,0,0
1,2575,94097040000000,94097040083250,94097041268750,1185500,1268750,83250,94097050000000,0,0,0
1,2576,94097050000000,94097050094875,94097051261875,1167000,1261875,94875,94097060000000,0,0,0
1,2577,94097060000000,94097060086125,94097061268750,1182625,1268750,86125,94097070000000,0,0,0
1,2578,94097070000000,94097070093875,94097071295125,1201250,1295125,93875,94097080000000,0,0,0
1,2579,94097080000000,94097080069875,94097081280125,1210250,1280125,69875,94097090000000,0,0,0
1,2580,94097090000000,94097090074375,94097091284500,1210125,1284500,74375,94097100000000,0,0,0
1,2581,94097100000000,94097100069125,94097101275375,1206250,1275375,69125,94097110000000,0,0,0
1,2582,94097110000000,94097110082000,94097111300750,1218750,1300750,82000,94097120000000,0,0,0
1,2583,94097120000000,94097120068375,94097121280250,1211875,1280250,68375,94097130000000,0,0,0
1,2584,94097130000000,94097130069875,94097131289000,1219125,1289000,69875,94097140000000,0,0,0
1,2585,94097140000000,94097140066375,94097141275750,1209375,1275750,66375,94097150000000,0,0,0
1,2586,94097150000000,94097150067250,94097151277000,1209750,1277000,67250,94097160000000,0,0,0
1,2587,94097160000000,94097160076750,94097161296500,1219750,1296500,76750,94097170000000,0,0,0
1,2588,94097170000000,94097170072750,94097171280250,1207500,1280250,72750,94097180000000,0,0,0
1,2589,94097180000000,94097180066750,94097181059500,992750,1059500,66750,94097190000000,0,0,0
1,2590,94097190000000,94097190069875,94097191267625,1197750,1267625,69875,94097200000000,0,0,0
1,2591,94097200000000,94097200083500,94097201245250,1161750,1245250,83500,94097210000000,0,0,0
1,2592,94097210000000,94097210090000,94097211053000,963000,1053000,90000,94097220000000,0,0,0
1,2593,94097220000000,94097220087375,94097221055625,968250,1055625,87375,94097230000000,0,0,0
1,2594,94097230000000,94097230105125,94097231285875,1180750,1285875,105125,94097240000000,0,0,0
1,2595,94097240000000,94097240088000,94097241277000,1189000,1277000,88000,94097250000000,0,0,0
1,2596,94097250000000,94097250090250,94097251274000,1183750,1274000,90250,94097260000000,0,0,0
1,2597,94097260000000,94097260097500,94097261291125,1193625,1291125,97500,94097270000000,0,0,0
1,2598,94097270000000,94097270095125,94097271261875,1166750,1261875,95125,94097280000000,0,0,0
1,2599,94097280000000,94097280101125,94097281285750,1184625,1285750,101125,94097290000000,0,0,0
1,2600,94097290000000,94097290093875,94097291262500,1168625,1262500,93875,94097300000000,0,0,0
1,2601,94097300000000,94097300090250,94097301279000,1188750,1279000,90250,94097310000000,0,0,0
1,2602,94097310000000,94097310091250,94097311059125,967875,1059125,91250,94097320000000,0,0,0
1,2603,94097320000000,94097320090750,94097321275125,1184375,1275125,90750,94097330000000,0,0,0
1,2604,94097330000000,94097330103625,94097331295125,1191500,1295125,103625,94097340000000,0,0,0
1,2605,94097340000000,94097340088875,94097341280875,1192000,1280875,88875,94097350000000,0,0,0
1,2606,94097350000000,94097350104000,94097351274500,1170500,1274500,104000,94097360000000,0,0,0
1,2607,94097360000000,94097360088375,94097361272250,1183875,1272250,88375,94097370000000,0,0,0
1,2608,94097370000000,94097370088625,94097371276750,1188125,1276750,88625,94097380000000,0,0,0
1,2609,94097380000000,94097380090875,94097381282625,1191750,1282625,90875,94097390000000,0,0,0
1,2610,94097390000000,94097390091375,94097391271375,1180000,1271375,91375,94097400000000,0,0,0
1,2611,94097400000000,94097400093500,94097401279875,1186375,1279875,93500,94097410000000,0,0,0
1,2612,94097410000000,94097410093250,94097411274875,1181625,1274875,93250,94097420000000,0,0,0
1,2613,94097420000000,94097420099500,94097421291000,1191500,1291000,99500,94097430000000,0,0,0
1,2614,94097430000000,94097430093500,94097431258625,1165125,1258625,93500,94097440000000,0,0,0
1,2615,94097440000000,94097440091250,94097441274000,1182750,1274000,91250,94097450000000,0,0,0
1,2616,94097450000000,94097450091125,94097451276500,1185375,1276500,91125,94097460000000,0,0,0
1,2617,94097460000000,94097460088875,94097461049500,960625,1049500,88875,94097470000000,0,0,0
1,2618,94097470000000,94097470092875,94097471273375,1180500,1273375,92875,94097480000000,0,0,0
1,2619,94097480000000,94097480126375,94097481304750,1178375,1304750,126375,94097490000000,0,0,0
1,2620,94097490000000,94097490101875,94097491285250,1183375,1285250,101875,94097500000000,0,0,0
1,2621,94097500000000,94097500083750,94097501267750,1184000,1267750,83750,94097510000000,0,0,0
1,2622,94097510000000,94097510104125,94097511293000,1188875,1293000,104125,94097520000000,0,0,0
1,2623,94097520000000,94097520089375,94097521266250,1176875,1266250,89375,94097530000000,0,0,0
1,2624,94097530000000,94097530092375,94097531060750,968375,1060750,92375,94097540000000,0,0,0
1,2625,94097540000000,94097540085250,94097541282750,1197500,1282750,85250,94097550000000,0,0,0
1,2626,94097550000000,94097550094000,94097551276875,1182875,1276875,94000,94097560000000,0,0,0
1,2627,94097560000000,94097560068375,94097561271250,1202875,1271250,68375,94097570000000,0,0,0
1,2628,94097570000000,94097570096250,94097571265375,1169125,1265375,96250,94097580000000,0,0,0
1,2629,94097580000000,94097580086250,94097581271625,1185375,1271625,86250,94097590000000,0,0,0
1,2630,94097590000000,94097590094125,94097591279750,1185625,1279750,94125,94097600000000,0,0,0
1,2631,94097600000000,94097600080750,94097601269750,1189000,1269750,80750,94097610000000,0,0,0
1,2632,94097610000000,94097610094375,94097611275500,1181125,1275500,94375,94097620000000,0,0,0
1,2633,94097620000000,94097620096000,94097621300750,1204750,1300750,96000,94097630000000,0,0,0
1,2634,94097630000000,94097630095625,94097631280000,1184375,1280000,95625,94097640000000,0,0,0
1,2635,94097640000000,94097640082625,94097641265125,1182500,1265125,82625,94097650000000,0,0,0
1,2636,94097650000000,94097650097250,94097651268750,1171500,1268750,97250,94097660000000,0,0,0
1,2637,94097660000000,94097660087250,94097661258625,1171375,1258625,87250,94097670000000,0,0,0
1,2638,94097670000000,94097670098250,94097671274375,1176125,1274375,98250,94097680000000,0,0,0
1,2639,94097680000000,94097680080750,94097681280250,1199500,1280250,80750,94097690000000,0,0,0
1,2640,94097690000000,94097690103500,94097691299000,1195500,1299000,103500,94097700000000,0,0,0
1,2641,94097700000000,94097700085875,94097701282500,1196625,1282500,85875,94097710000000,0,0,0
1,2642,94097710000000,94097710104625,94097711291875,1187250,1291875,104625,94097720000000,0,0,0
1,2643,94097720000000,94097720083125,94097721267375,1184250,1267375,83125,94097730000000,0,0,0
1,2644,94097730000000,94097730104125,94097731271625,1167500,1271625,104125,94097740000000,0,0,0
1,2645,94097740000000,94097740088750,94097741268500,1179750,1268500,88750,94097750000000,0,0,0
1,2646,94097750000000,94097750094000,94097751280875,1186875,1280875,94000,94097760000000,0,0,0
1,2647,94097760000000,94097760080750,94097761259250,1178500,1259250,80750,94097770000000,0,0,0
1,2648,94097770000000,94097770074500,94097771267500,1193000,1267500,74500,94097780000000,0,0,0
1,2649,94097780000000,94097780074000,94097781297250,1223250,1297250,74000,94097790000000,0,0,0
1,2650,94097790000000,94097790071625,94097791271375,1199750,1271375,71625,94097800000000,0,0,0
1,2651,94097800000000,94097800089250,94097801241500,1152250,1241500,89250,94097810000000,0,0,0
1,2652,94097810000000,94097810094375,94097811280375,1186000,1280375,94375,94097820000000,0,0,0
1,2653,94097820000000,94097820100625,94097821276750,1176125,1276750,100625,94097830000000,0,0,0
1,2654,94097830000000,94097830076750,94097831297625,1220875,1297625,76750,94097840000000,0,0,0
1,2655,94097840000000,94097840072875,94097841265875,1193000,1265875,72875,94097850000000,0,0,0
1,2656,94097850000000,94097850098750,94097851275750,1177000,1275750,98750,94097860000000,0,0,0
1,2657,94097860000000,94097860088750,94097861060000,971250,1060000,88750,94097870000000,0,0,0
1,2658,94097870000000,94097870105375,94097871282000,1176625,1282000,105375,94097880000000,0,0,0
1,2659,94097880000000,94097880082500,94097881276000,1193500,1276000,82500,94097890000000,0,0,0
1,2660,94097890000000,94097890092750,94097891264625,1171875,1264625,92750,94097900000000,0,0,0
1,2661,94097900000000,94097900086000,94097901264500,1178500,1264500,86000,94097910000000,0,0,0
1,2662,94097910000000,94097910096875,94097911271250,1174375,1271250,96875,94097920000000,0,0,0
1,2663,94097920000000,94097920081625,94097921266250,1184625,1266250,81625,94097930000000,0,0,0
1,2664,94097930000000,94097930092875,94097931269250,1176375,1269250,92875,94097940000000,0,0,0
1,2665,94097940000000,94097940066875,94097941252625,1185750,1252625,66875,94097950000000,0,0,0
1,2666,94097950000000,94097950095750,94097951261625,1165875,1261625,95750,94097960000000,0,0,0
1,2667,94097960000000,94097960100250,94097961281250,1181000,1281250,100250,94097970000000,0,0,0
1,2668,94097970000000,94097970092500,94097971277875,1185375,1277875,92500,94097980000000,0,0,0
1,2669,94097980000000,94097980084375,94097981277000,1192625,1277000,84375,94097990000000,0,0,0
1,2670,94097990000000,94097990093250,94097991276250,1183000,1276250,93250,94098000000000,0,0,0
1,2671,94098000000000,94098000078500,94098001262625,1184125,1262625,78500,94098010000000,0,0,0
1,2672,94098010000000,94098010081125,94098011279625,1198500,1279625,81125,94098020000000,0,0,0
1,2673,94098020000000,94098020066500,94098021246875,1180375,1246875,66500,94098030000000,0,0,0
1,2674,94098030000000,94098030097000,94098031313875,1216875,1313875,97000,94098040000000,0,0,0
1,2675,94098040000000,94098040068875,94098041262000,1193125,1262000,68875,94098050000000,0,0,0
1,2676,94098050000000,94098050108125,94098051304250,1196125,1304250,108125,94098060000000,0,0,0
1,2677,94098060000000,94098060095750,94098061294375,1198625,1294375,95750,94098070000000,0,0,0
1,2678,94098070000000,94098070110500,94098071294750,1184250,1294750,110500,94098080000000,0,0,0
1,2679,94098080000000,94098080087250,94098081272250,1185000,1272250,87250,94098090000000,0,0,0
1,2680,94098090000000,94098090107875,94098091291375,1183500,1291375,107875,94098100000000,0,0,0
1,2681,94098100000000,94098100087250,94098101061250,974000,1061250,87250,94098110000000,0,0,0
1,2682,94098110000000,94098110092750,94098111269000,1176250,1269000,92750,94098120000000,0,0,0
1,2683,94098120000000,94098120099500,94098121292500,1193000,1292500,99500,94098130000000,0,0,0
1,2684,94098130000000,94098130095000,94098131281000,1186000,1281000,95000,94098140000000,0,0,0
1,2685,94098140000000,94098140097625,94098141287125,1189500,1287125,97625,94098150000000,0,0,0
1,2686,94098150000000,94098150070250,94098151296750,1226500,1296750,70250,94098160000000,0,0,0
1,2687,94098160000000,94098160096375,94098161275875,1179500,1275875,96375,94098170000000,0,0,0
1,2688,94098170000000,94098170093750,94098171276375,1182625,1276375,93750,94098180000000,0,0,0
1,2689,94098180000000,94098180085000,94098181271375,1186375,1271375,85000,94098190000000,0,0,0
1,2690,94098190000000,94098190093125,94098191290125,1197000,1290125,93125,94098200000000,0,0,0
1,2691,94098200000000,94098200087375,94098201065375,978000,1065375,87375,94098210000000,0,0,0
1,2692,94098210000000,94098210104750,94098211286625,1181875,1286625,104750,94098220000000,0,0,0
1,2693,94098220000000,94098220088375,94098221269625,1181250,1269625,88375,94098230000000,0,0,0
1,2694,94098230000000,94098230088000,94098231069000,981000,1069000,88000,94098240000000,0,0,0
1,2695,94098240000000,94098240087250,94098241269125,1181875,1269125,87250,94098250000000,0,0,0
1,2696,94098250000000,94098250091250,94098251271250,1180000,1271250,91250,94098260000000,0,0,0
1,2697,94098260000000,94098260069125,94098261282000,1212875,1282000,69125,94098270000000,0,0,0
1,2698,94098270000000,94098270094375,94098271267500,1173125,1267500,94375,94098280000000,0,0,0
1,2699,94098280000000,94098280095375,94098281274875,1179500,1274875,95375,94098290000000,0,0,0
1,2700,94098290000000,94098290094375,94098291264375,1170000,1264375,94375,94098300000000,0,0,0
1,2701,94098300000000,94098300091500,94098301081000,989500,1081000,91500,94098310000000,0,0,0
1,2702,94098310000000,94098310096750,94098311276750,1180000,1276750,96750,94098320000000,0,0,0
1,2703,94098320000000,94098320085750,94098321287000,1201250,1287000,85750,94098330000000,0,0,0
1,2704,94098330000000,94098330095250,94098331272375,1177125,1272375,95250,94098340000000,0,0,0
1,2705,94098340000000,94098340085750,94098341285375,1199625,1285375,85750,94098350000000,0,0,0
1,2706,94098350000000,94098350097250,94098351081500,984250,1081500,97250,94098360000000,0,0,0
1,2707,94098360000000,94098360087750,94098361267750,1180000,1267750,87750,94098370000000,0,0,0
1,2708,94098370000000,94098370083000,94098371279250,1196250,1279250,83000,94098380000000,0,0,0
1,2709,94098380000000,94098380085500,94098381249750,1164250,1249750,85500,94098390000000,0,0,0
1,2710,94098390000000,94098390101500,94098391282500,1181000,1282500,101500,94098400000000,0,0,0
1,2711,94098400000000,94098400086750,94098401279000,1192250,1279000,86750,94098410000000,0,0,0
1,2712,94098410000000,94098410106000,94098411288375,1182375,1288375,106000,94098420000000,0,0,0
1,2713,94098420000000,94098420085875,94098421286250,1200375,1286250,85875,94098430000000,0,0,0
1,2714,94098430000000,94098430093250,94098431280875,1187625,1280875,93250,94098440000000,0,0,0
1,2715,94098440000000,94098440086375,94098441264000,1177625,1264000,86375,94098450000000,0,0,0
1,2716,94098450000000,94098450092375,94098451269875,1177500,1269875,92375,94098460000000,0,0,0
1,2717,94098460000000,94098460131625,94098461134125,1002500,1134125,131625,94098470000000,0,0,0
1,2718,94098470000000,94098470098250,94098471273125,1174875,1273125,98250,94098480000000,0,0,0
1,2719,94098480000000,94098480088750,94098481289250,1200500,1289250,88750,94098490000000,0,0,0
1,2720,94098490000000,94098490087500,94098491247625,1160125,1247625,87500,94098500000000,0,0,0
1,2721,94098500000000,94098500096000,94098501271875,1175875,1271875,96000,94098510000000,0,0,0
1,2722,94098510000000,94098510096875,94098511288125,1191250,1288125,96875,94098520000000,0,0,0
1,2723,94098520000000,94098520096000,94098521278250,1182250,1278250,96000,94098530000000,0,0,0
1,2724,94098530000000,94098530094125,94098531272750,1178625,1272750,94125,94098540000000,0,0,0
1,2725,94098540000000,94098540088375,94098541273625,1185250,1273625,88375,94098550000000,0,0,0
1,2726,94098550000000,94098550104000,94098551290875,1186875,1290875,104000,94098560000000,0,0,0
1,2727,94098560000000,94098560090000,94098561269625,1179625,1269625,90000,94098570000000,0,0,0
1,2728,94098570000000,94098570109625,94098571287625,1178000,1287625,109625,94098580000000,0,0,0
1,2729,94098580000000,94098580087000,94098581071875,984875,1071875,87000,94098590000000,0,0,0
1,2730,94098590000000,94098590094625,94098591260750,1166125,1260750,94625,94098600000000,0,0,0
1,2731,94098600000000,94098600066375,94098601259375,1193000,1259375,66375,94098610000000,0,0,0
1,2732,94098610000000,94098610093375,94098611252250,1158875,1252250,93375,94098620000000,0,0,0
1,2733,94098620000000,94098620096125,94098621074125,978000,1074125,96125,94098630000000,0,0,0
1,2734,94098630000000,94098630094250,94098631272500,1178250,1272500,94250,94098640000000,0,0,0
1,2735,94098640000000,94098640086500,94098641279750,1193250,1279750,86500,94098650000000,0,0,0
1,2736,94098650000000,94098650095000,94098651284875,1189875,1284875,95000,94098660000000,0,0,0
1,2737,94098660000000,94098660095875,94098661283875,1188000,1283875,95875,94098670000000,0,0,0
1,2738,94098670000000,94098670097875,94098671291125,1193250,1291125,97875,94098680000000,0,0,0
1,2739,94098680000000,94098680086500,94098681262625,1176125,1262625,86500,94098690000000,0,0,0
1,2740,94098690000000,94098690102625,94098691282125,1179500,1282125,102625,94098700000000,0,0,0
1,2741,94098700000000,94098700085375,94098701264500,1179125,1264500,85375,94098710000000,0,0,0
1,2742,94098710000000,94098710072125,94098711288875,1216750,1288875,72125,94098720000000,0,0,0
1,2743,94098720000000,94098720084375,94098721248375,1164000,1248375,84375,94098730000000,0,0,0
1,2744,94098730000000,94098730093500,94098731252750,1159250,1252750,93500,94098740000000,0,0,0
1,2745,94098740000000,94098740097875,94098741274875,1177000,1274875,97875,94098750000000,0,0,0
1,2746,94098750000000,94098750095625,94098751265250,1169625,1265250,95625,94098760000000,0,0,0
1,2747,94098760000000,94098760084125,94098761062500,978375,1062500,84125,94098770000000,0,0,0
1,2748,94098770000000,94098770093625,94098771282875,1189250,1282875,93625,94098780000000,0,0,0
1,2749,94098780000000,94098780086125,94098781269375,1183250,1269375,86125,94098790000000,0,0,0
1,2750,94098790000000,94098790093750,94098791277375,1183625,1277375,93750,94098800000000,0,0,0
1,2751,94098800000000,94098800085750,94098801284000,1198250,1284000,85750,94098810000000,0,0,0
1,2752,94098810000000,94098810092500,94098811270875,1178375,1270875,92500,94098820000000,0,0,0
1,2753,94098820000000,94098820070000,94098821290625,1220625,1290625,70000,94098830000000,0,0,0
1,2754,94098830000000,94098830096375,94098831264375,1168000,1264375,96375,94098840000000,0,0,0
1,2755,94098840000000,94098840087250,94098841261000,1173750,1261000,87250,94098850000000,0,0,0
1,2756,94098850000000,94098850105125,94098851285750,1180625,1285750,105125,94098860000000,0,0,0
1,2757,94098860000000,94098860088000,94098861266375,1178375,1266375,88000,94098870000000,0,0,0
1,2758,94098870000000,94098870107750,94098871301000,1193250,1301000,107750,94098880000000,0,0,0
1,2759,94098880000000,94098880068000,94098881261500,1193500,1261500,68000,94098890000000,0,0,0
1,2760,94098890000000,94098890093375,94098891277750,1184375,1277750,93375,94098900000000,0,0,0
1,2761,94098900000000,94098900088375,94098901272625,1184250,1272625,88375,94098910000000,0,0,0
1,2762,94098910000000,94098910095500,94098911273375,1177875,1273375,95500,94098920000000,0,0,0
1,2763,94098920000000,94098920091000,94098921271875,1180875,1271875,91000,94098930000000,0,0,0
1,2764,94098930000000,94098930074500,94098931277250,1202750,1277250,74500,94098940000000,0,0,0
1,2765,94098940000000,94098940101375,94098941260750,1159375,1260750,101375,94098950000000,0,0,0
1,2766,94098950000000,94098950086250,94098951270375,1184125,1270375,86250,94098960000000,0,0,0
1,2767,94098960000000,94098960102250,94098961296000,1193750,1296000,102250,94098970000000,0,0,0
1,2768,94098970000000,94098970095500,94098971063625,968125,1063625,95500,94098980000000,0,0,0
1,2769,94098980000000,94098980113250,94098981296625,1183375,1296625,113250,94098990000000,0,0,0
1,2770,94098990000000,94098990096875,94098991277375,1180500,1277375,96875,94099000000000,0,0,0
1,2771,94099000000000,94099000085000,94099001271750,1186750,1271750,85000,94099010000000,0,0,0
1,2772,94099010000000,94099010094000,94099011279250,1185250,1279250,94000,94099020000000,0,0,0
1,2773,94099020000000,94099020088625,94099021269500,1180875,1269500,88625,94099030000000,0,0,0
1,2774,94099030000000,94099030104750,94099031080875,976125,1080875,104750,94099040000000,0,0,0
1,2775,94099040000000,94099040081375,94099041269875,1188500,1269875,81375,94099050000000,0,0,0
1,2776,94099050000000,94099050090125,94099051233000,1142875,1233000,90125,94099060000000,0,0,0
1,2777,94099060000000,94099060085750,94099061054875,969125,1054875,85750,94099070000000,0,0,0
1,2778,94099070000000,94099070095375,94099071074125,978750,1074125,95375,94099080000000,0,0,0
1,2779,94099080000000,94099080092875,94099081285250,1192375,1285250,92875,94099090000000,0,0,0
1,2780,94099090000000,94099090095500,94099091280500,1185000,1280500,95500,94099100000000,0,0,0
1,2781,94099100000000,94099100100000,94099101292625,1192625,1292625,100000,94099110000000,0,0,0
1,2782,94099110000000,94099110091375,94099111276000,1184625,1276000,91375,94099120000000,0,0,0
1,2783,94099120000000,94099120098875,94099121289250,1190375,1289250,98875,94099130000000,0,0,0
1,2784,94099130000000,94099130093250,94099131266625,1173375,1266625,93250,94099140000000,0,0,0
1,2785,94099140000000,94099140100250,94099141272625,1172375,1272625,100250,94099150000000,0,0,0
1,2786,94099150000000,94099150097250,94099151286000,1188750,1286000,97250,94099160000000,0,0,0
1,2787,94099160000000,94099160067000,94099161262625,1195625,1262625,67000,94099170000000,0,0,0
1,2788,94099170000000,94099170093375,94099171258875,1165500,1258875,93375,94099180000000,0,0,0
1,2789,94099180000000,94099180085375,94099181269375,1184000,1269375,85375,94099190000000,0,0,0
1,2790,94099190000000,94099190072625,94099191246250,1173625,1246250,72625,94099200000000,0,0,0
1,2791,94099200000000,94099200088750,94099201265500,1176750,1265500,88750,94099210000000,0,0,0
1,2792,94099210000000,94099210104500,94099211289375,1184875,1289375,104500,94099220000000,0,0,0
1,2793,94099220000000,94099220087000,94099221063750,976750,1063750,87000,94099230000000,0,0,0
1,2794,94099230000000,94099230103500,94099231285500,1182000,1285500,103500,94099240000000,0,0,0
1,2795,94099240000000,94099240086750,94099241271375,1184625,1271375,86750,94099250000000,0,0,0
1,2796,94099250000000,94099250093125,94099251264875,1171750,1264875,93125,94099260000000,0,0,0
1,2797,94099260000000,94099260084750,94099261278875,1194125,1278875,84750,94099270000000,0,0,0
1,2798,94099270000000,94099270072250,94099271077750,1005500,1077750,72250,94099280000000,0,0,0
1,2799,94099280000000,94099280088500,94099281258750,1170250,1258750,88500,94099290000000,0,0,0
1,2800,94099290000000,94099290096500,94099291280875,1184375,1280875,96500,94099300000000,0,0,0
1,2801,94099300000000,94099300096625,94099301280500,1183875,1280500,96625,94099310000000,0,0,0
1,2802,94099310000000,94099310096750,94099311083750,987000,1083750,96750,94099320000000,0,0,0
1,2803,94099320000000,94099320101375,94099321292250,1190875,1292250,101375,94099330000000,0,0,0
1,2804,94099330000000,94099330092875,94099331288625,1195750,1288625,92875,94099340000000,0,0,0
1,2805,94099340000000,94099340086375,94099341273750,1187375,1273750,86375,94099350000000,0,0,0
1,2806,94099350000000,94099350095500,94099351069750,974250,1069750,95500,94099360000000,0,0,0
1,2807,94099360000000,94099360085750,94099361078500,992750,1078500,85750,94099370000000,0,0,0
1,2808,94099370000000,94099370106750,94099371281625,1174875,1281625,106750,94099380000000,0,0,0
1,2809,94099380000000,94099380067875,94099381278000,1210125,1278000,67875,94099390000000,0,0,0
1,2810,94099390000000,94099390095625,94099391246500,1150875,1246500,95625,94099400000000,0,0,0
1,2811,94099400000000,94099400088125,94099401258125,1170000,1258125,88125,94099410000000,0,0,0
1,2812,94099410000000,94099410107875,94099411300000,1192125,1300000,107875,94099420000000,0,0,0
1,2813,94099420000000,94099420084875,94099421279875,1195000,1279875,84875,94099430000000,0,0,0
1,2814,94099430000000,94099430093125,94099431265750,1172625,1265750,93125,94099440000000,0,0,0
1,2815,94099440000000,94099440091625,94099441295750,1204125,1295750,91625,94099450000000,0,0,0
1,2816,94099450000000,94099450095750,94099451277000,1181250,1277000,95750,94099460000000,0,0,0
1,2817,94099460000000,94099460083250,94099461263000,1179750,1263000,83250,94099470000000,0,0,0
1,2818,94099470000000,94099470097250,94099471271625,1174375,1271625,97250,94099480000000,0,0,0
1,2819,94099480000000,94099480122375,94099481100875,978500,1100875,122375,94099490000000,0,0,0
1,2820,94099490000000,94099490077250,94099491281500,1204250,1281500,77250,94099500000000,0,0,0
1,2821,94099500000000,94099500085125,94099501154250,1069125,1154250,85125,94099510000000,0,0,0
1,2822,94099510000000,94099510096250,94099511237750,1141500,1237750,96250,94099520000000,0,0,0
1,2823,94099520000000,94099520328125,94099522536125,2208000,2536125,328125,94099530000000,0,0,0
1,2824,94099530000000,94099530203875,94099531366000,1162125,1366000,203875,94099540000000,0,0,0
1,2825,94099540000000,94099540064875,94099541181375,1116500,1181375,64875,94099550000000,0,0,0
1,2826,94099550000000,94099550134750,94099551376625,1241875,1376625,134750,94099560000000,0,0,0
1,2827,94099560000000,94099560068375,94099561306500,1238125,1306500,68375,94099570000000,0,0,0
1,2828,94099570000000,94099570139875,94099571322875,1183000,1322875,139875,94099580000000,0,0,0
1,2829,94099580000000,94099580073125,94099581283750,1210625,1283750,73125,94099590000000,0,0,0
1,2830,94099590000000,94099590136750,94099591318125,1181375,1318125,136750,94099600000000,0,0,0
1,2831,94099600000000,94099600087625,94099601268875,1181250,1268875,87625,94099610000000,0,0,0
1,2832,94099610000000,94099610095500,94099611287125,1191625,1287125,95500,94099620000000,0,0,0
1,2833,94099620000000,94099620089375,94099621259875,1170500,1259875,89375,94099630000000,0,0,0
1,2834,94099630000000,94099630096250,94099631276375,1180125,1276375,96250,94099640000000,0,0,0
1,2835,94099640000000,94099640104000,94099641285125,1181125,1285125,104000,94099650000000,0,0,0
1,2836,94099650000000,94099650096125,94099651060875,964750,1060875,96125,94099660000000,0,0,0
1,2837,94099660000000,94099660084500,94099661268750,1184250,1268750,84500,94099670000000,0,0,0
1,2838,94099670000000,94099670095250,94099671283750,1188500,1283750,95250,94099680000000,0,0,0
1,2839,94099680000000,94099680087000,94099681273000,1186000,1273000,87000,94099690000000,0,0,0
1,2840,94099690000000,94099690096250,94099691293250,1197000,1293250,96250,94099700000000,0,0,0
1,2841,94099700000000,94099700086875,94099701274125,1187250,1274125,86875,94099710000000,0,0,0
1,2842,94099710000000,94099710092250,94099711281625,1189375,1281625,92250,94099720000000,0,0,0
1,2843,94099720000000,94099720086500,94099721254625,1168125,1254625,86500,94099730000000,0,0,0
1,2844,94099730000000,94099730102250,94099731283125,1180875,1283125,102250,94099740000000,0,0,0
1,2845,94099740000000,94099740091625,94099741284500,1192875,1284500,91625,94099750000000,0,0,0
1,2846,94099750000000,94099750106625,94099751082500,975875,1082500,106625,94099760000000,0,0,0
1,2847,94099760000000,94099760091125,94099761066125,975000,1066125,91125,94099770000000,0,0,0
1,2848,94099770000000,94099770097375,94099771279750,1182375,1279750,97375,94099780000000,0,0,0
1,2849,94099780000000,94099780092500,94099781284625,1192125,1284625,92500,94099790000000,0,0,0
1,2850,94099790000000,94099790095000,94099791280750,1185750,1280750,95000,94099800000000,0,0,0
1,2851,94099800000000,94099800098500,94099801272125,1173625,1272125,98500,94099810000000,0,0,0
1,2852,94099810000000,94099810095875,94099811291750,1195875,1291750,95875,94099820000000,0,0,0
1,2853,94099820000000,94099820102625,94099821079000,976375,1079000,102625,94099830000000,0,0,0
1,2854,94099830000000,94099830096750,94099831088250,991500,1088250,96750,94099840000000,0,0,0
1,2855,94099840000000,94099840109750,94099841296250,1186500,1296250,109750,94099850000000,0,0,0
1,2856,94099850000000,94099850099125,94099851283875,1184750,1283875,99125,94099860000000,0,0,0
1,2857,94099860000000,94099860088125,94099861267875,1179750,1267875,88125,94099870000000,0,0,0
1,2858,94099870000000,94099870097250,94099871290750,1193500,1290750,97250,94099880000000,0,0,0
1,2859,94099880000000,94099880087375,94099881265875,1178500,1265875,87375,94099890000000,0,0,0
1,2860,94099890000000,94099890098250,94099891289000,1190750,1289000,98250,94099900000000,0,0,0
1,2861,94099900000000,94099900086000,94099901273500,1187500,1273500,86000,94099910000000,0,0,0
1,2862,94099910000000,94099910094875,94099911280750,1185875,1280750,94875,94099920000000,0,0,0
1,2863,94099920000000,94099920085250,94099921262875,1177625,1262875,85250,94099930000000,0,0,0
1,2864,94099930000000,94099930106375,94099931278500,1172125,1278500,106375,94099940000000,0,0,0
1,2865,94099940000000,94099940092375,94099941268250,1175875,1268250,92375,94099950000000,0,0,0
1,2866,94099950000000,94099950094375,94099951066375,972000,1066375,94375,94099960000000,0,0,0
1,2867,94099960000000,94099960090625,94099961274125,1183500,1274125,90625,94099970000000,0,0,0
1,2868,94099970000000,94099970094875,94099971291125,1196250,1291125,94875,94099980000000,0,0,0
1,2869,94099980000000,94099980087500,94099981063125,975625,1063125,87500,94099990000000,0,0,0
1,2870,94099990000000,94099990093000,94099991069375,976375,1069375,93000,94100000000000,0,0,0
1,2871,94100000000000,94100000099500,94100001282125,1182625,1282125,99500,94100010000000,0,0,0
1,2872,94100010000000,94100010100000,94100011283250,1183250,1283250,100000,94100020000000,0,0,0
1,2873,94100020000000,94100020087750,94100021273625,1185875,1273625,87750,94100030000000,0,0,0
1,2874,94100030000000,94100030091875,94100031272500,1180625,1272500,91875,94100040000000,0,0,0
1,2875,94100040000000,94100040085375,94100041270000,1184625,1270000,85375,94100050000000,0,0,0
1,2876,94100050000000,94100050103500,94100051296500,1193000,1296500,103500,94100060000000,0,0,0
1,2877,94100060000000,94100060090125,94100061284125,1194000,1284125,90125,94100070000000,0,0,0
1,2878,94100070000000,94100070103375,94100071291125,1187750,1291125,103375,94100080000000,0,0,0
1,2879,94100080000000,94100080089750,94100081264625,1174875,1264625,89750,94100090000000,0,0,0
1,2880,94100090000000,94100090104875,94100091085875,981000,1085875,104875,94100100000000,0,0,0
1,2881,94100100000000,94100100093125,94100101289125,1196000,1289125,93125,94100110000000,0,0,0
1,2882,94100110000000,94100110094625,94100111281125,1186500,1281125,94625,94100120000000,0,0,0
1,2883,94100120000000,94100120090125,94100121281750,1191625,1281750,90125,94100130000000,0,0,0
1,2884,94100130000000,94100130093250,94100131276750,1183500,1276750,93250,94100140000000,0,0,0
1,2885,94100140000000,94100140098125,94100141294250,1196125,1294250,98125,94100150000000,0,0,0
1,2886,94100150000000,94100150089750,94100151070125,980375,1070125,89750,94100160000000,0,0,0
1,2887,94100160000000,94100160087625,94100161060875,973250,1060875,87625,94100170000000,0,0,0
1,2888,94100170000000,94100170094250,94100171060125,965875,1060125,94250,94100180000000,0,0,0
1,2889,94100180000000,94100180088125,94100181266375,1178250,1266375,88125,94100190000000,0,0,0
1,2890,94100190000000,94100190093875,94100191265500,1171625,1265500,93875,94100200000000,0,0,0
1,2891,94100200000000,94100200086875,94100201281125,1194250,1281125,86875,94100210000000,0,0,0
1,2892,94100210000000,94100210093750,94100211279625,1185875,1279625,93750,94100220000000,0,0,0
1,2893,94100220000000,94100220088000,94100221279625,1191625,1279625,88000,94100230000000,0,0,0
1,2894,94100230000000,94100230102000,94100231283125,1181125,1283125,102000,94100240000000,0,0,0
1,2895,94100240000000,94100240090125,94100241280250,1190125,1280250,90125,94100250000000,0,0,0
1,2896,94100250000000,94100250090625,94100251080500,989875,1080500,90625,94100260000000,0,0,0
1,2897,94100260000000,94100260087375,94100261264375,1177000,1264375,87375,94100270000000,0,0,0
1,2898,94100270000000,94100270105875,94100271288250,1182375,1288250,105875,94100280000000,0,0,0
1,2899,94100280000000,94100280089750,94100281288625,1198875,1288625,89750,94100290000000,0,0,0
1,2900,94100290000000,94100290094750,94100291276125,1181375,1276125,94750,94100300000000,0,0,0
1,2901,94100300000000,94100300086750,94100301273625,1186875,1273625,86750,94100310000000,0,0,0
1,2902,94100310000000,94100310092250,94100311272000,1179750,1272000,92250,94100320000000,0,0,0
1,2903,94100320000000,94100320098625,94100321295875,1197250,1295875,98625,94100330000000,0,0,0
1,2904,94100330000000,94100330092875,94100331265625,1172750,1265625,92875,94100340000000,0,0,0
1,2905,94100340000000,94100340087875,94100341258375,1170500,1258375,87875,94100350000000,0,0,0
1,2906,94100350000000,94100350091875,94100351276250,1184375,1276250,91875,94100360000000,0,0,0
1,2907,94100360000000,94100360088375,94100361286125,1197750,1286125,88375,94100370000000,0,0,0
1,2908,94100370000000,94100370095000,94100371266625,1171625,1266625,95000,94100380000000,0,0,0
1,2909,94100380000000,94100380091250,94100381274625,1183375,1274625,91250,94100390000000,0,0,0
1,2910,94100390000000,94100390101375,94100391288000,1186625,1288000,101375,94100400000000,0,0,0
1,2911,94100400000000,94100400090000,94100401279875,1189875,1279875,90000,94100410000000,0,0,0
1,2912,94100410000000,94100410090750,94100411277500,1186750,1277500,90750,94100420000000,0,0,0
1,2913,94100420000000,94100420092000,94100421276000,1184000,1276000,92000,94100430000000,0,0,0
1,2914,94100430000000,94100430093375,94100431051375,958000,1051375,93375,94100440000000,0,0,0
1,2915,94100440000000,94100440098000,94100441274375,1176375,1274375,98000,94100450000000,0,0,0
1,2916,94100450000000,94100450096250,94100451266000,1169750,1266000,96250,94100460000000,0,0,0
1,2917,94100460000000,94100460087125,94100461262250,1175125,1262250,87125,94100470000000,0,0,0
1,2918,94100470000000,94100470095750,94100471271375,1175625,1271375,95750,94100480000000,0,0,0
1,2919,94100480000000,94100480087375,94100481261000,1173625,1261000,87375,94100490000000,0,0,0
1,2920,94100490000000,94100490103750,94100491291125,1187375,1291125,103750,94100500000000,0,0,0
1,2921,94100500000000,94100500117250,94100501110250,993000,1110250,117250,94100510000000,0,0,0
1,2922,94100510000000,94100510113000,94100511297875,1184875,1297875,113000,94100520000000,0,0,0
1,2923,94100520000000,94100520090375,94100521287125,1196750,1287125,90375,94100530000000,0,0,0
1,2924,94100530000000,94100530093875,94100531271000,1177125,1271000,93875,94100540000000,0,0,0
1,2925,94100540000000,94100540083500,94100541259875,1176375,1259875,83500,94100550000000,0,0,0
1,2926,94100550000000,94100550088375,94100551268250,1179875,1268250,88375,94100560000000,0,0,0
1,2927,94100560000000,94100560100750,94100561291625,1190875,1291625,100750,94100570000000,0,0,0
1,2928,94100570000000,94100570095250,94100571273375,1178125,1273375,95250,94100580000000,0,0,0
1,2929,94100580000000,94100580099375,94100581292125,1192750,1292125,99375,94100590000000,0,0,0
1,2930,94100590000000,94100590094125,94100591277750,1183625,1277750,94125,94100600000000,0,0,0
1,2931,94100600000000,94100600087875,94100601277750,1189875,1277750,87875,94100610000000,0,0,0
1,2932,94100610000000,94100610090625,94100611072625,982000,1072625,90625,94100620000000,0,0,0
1,2933,94100620000000,94100620087250,94100621264250,1177000,1264250,87250,94100630000000,0,0,0
1,2934,94100630000000,94100630101750,94100631074125,972375,1074125,101750,94100640000000,0,0,0
1,2935,94100640000000,94100640087625,94100641266750,1179125,1266750,87625,94100650000000,0,0,0
1,2936,94100650000000,94100650090000,94100651285875,1195875,1285875,90000,94100660000000,0,0,0
1,2937,94100660000000,94100660086750,94100661261500,1174750,1261500,86750,94100670000000,0,0,0
1,2938,94100670000000,94100670090625,94100671277000,1186375,1277000,90625,94100680000000,0,0,0
1,2939,94100680000000,94100680095375,94100681297375,1202000,1297375,95375,94100690000000,0,0,0
1,2940,94100690000000,94100690088625,94100691274125,1185500,1274125,88625,94100700000000,0,0,0
1,2941,94100700000000,94100700115125,94100701308125,1193000,1308125,115125,94100710000000,0,0,0
1,2942,94100710000000,94100710096000,94100711289500,1193500,1289500,96000,94100720000000,0,0,0
1,2943,94100720000000,94100720087625,94100721250500,1162875,1250500,87625,94100730000000,0,0,0
1,2944,94100730000000,94100730094500,94100731273375,1178875,1273375,94500,94100740000000,0,0,0
1,2945,94100740000000,94100740085000,94100741278125,1193125,1278125,85000,94100750000000,0,0,0
1,2946,94100750000000,94100750093125,94100751273750,1180625,1273750,93125,94100760000000,0,0,0
1,2947,94100760000000,94100760086500,94100761288750,1202250,1288750,86500,94100770000000,0,0,0
1,2948,94100770000000,94100770091875,94100771268250,1176375,1268250,91875,94100780000000,0,0,0
1,2949,94100780000000,94100780084250,94100781262000,1177750,1262000,84250,94100790000000,0,0,0
1,2950,94100790000000,94100790107375,94100791302625,1195250,1302625,107375,94100800000000,0,0,0
1,2951,94100800000000,94100800086625,94100801258875,1172250,1258875,86625,94100810000000,0,0,0
1,2952,94100810000000,94100810105500,94100811278875,1173375,1278875,105500,94100820000000,0,0,0
1,2953,94100820000000,94100820085625,94100821268250,1182625,1268250,85625,94100830000000,0,0,0
1,2954,94100830000000,94100830108875,94100831306625,1197750,1306625,108875,94100840000000,0,0,0
1,2955,94100840000000,94100840088875,94100841261000,1172125,1261000,88875,94100850000000,0,0,0
1,2956,94100850000000,94100850092750,94100851278875,1186125,1278875,92750,94100860000000,0,0,0
1,2957,94100860000000,94100860086625,94100861279000,1192375,1279000,86625,94100870000000,0,0,0
1,2958,94100870000000,94100870094125,94100871274875,1180750,1274875,94125,94100880000000,0,0,0
1,2959,94100880000000,94100880095500,94100881273750,1178250,1273750,95500,94100890000000,0,0,0
1,2960,94100890000000,94100890092000,94100891285750,1193750,1285750,92000,94100900000000,0,0,0
1,2961,94100900000000,94100900097000,94100901278250,1181250,1278250,97000,94100910000000,0,0,0
1,2962,94100910000000,94100910094500,94100911275000,1180500,1275000,94500,94100920000000,0,0,0
1,2963,94100920000000,94100920084125,94100921062125,978000,1062125,84125,94100930000000,0,0,0
1,2964,94100930000000,94100930094750,94100931271750,1177000,1271750,94750,94100940000000,0,0,0
1,2965,94100940000000,94100940086375,94100941268625,1182250,1268625,86375,94100950000000,0,0,0
1,2966,94100950000000,94100950094000,94100951060750,966750,1060750,94000,94100960000000,0,0,0
1,2967,94100960000000,94100960086500,94100961272125,1185625,1272125,86500,94100970000000,0,0,0
1,2968,94100970000000,94100970093625,94100971271000,1177375,1271000,93625,94100980000000,0,0,0
1,2969,94100980000000,94100980083625,94100981268625,1185000,1268625,83625,94100990000000,0,0,0
1,2970,94100990000000,94100990104875,94100991287000,1182125,1287000,104875,94101000000000,0,0,0
1,2971,94101000000000,94101000091250,94101001059500,968250,1059500,91250,94101010000000,0,0,0
1,2972,94101010000000,94101010093750,94101011267375,1173625,1267375,93750,94101020000000,0,0,0
1,2973,94101020000000,94101020087250,94101021278000,1190750,1278000,87250,94101030000000,0,0,0
1,2974,94101030000000,94101030094250,94101031259000,1164750,1259000,94250,94101040000000,0,0,0
1,2975,94101040000000,94101040096875,94101041274875,1178000,1274875,96875,94101050000000,0,0,0
1,2976,94101050000000,94101050097375,94101051290000,1192625,1290000,97375,94101060000000,0,0,0
1,2977,94101060000000,94101060085500,94101061274375,1188875,1274375,85500,94101070000000,0,0,0
1,2978,94101070000000,94101070094375,94101071288500,1194125,1288500,94375,94101080000000,0,0,0
1,2979,94101080000000,94101080084625,94101081258875,1174250,1258875,84625,94101090000000,0,0,0
1,2980,94101090000000,94101090102250,94101091286625,1184375,1286625,102250,94101100000000,0,0,0
1,2981,94101100000000,94101100085625,94101101248250,1162625,1248250,85625,94101110000000,0,0,0
1,2982,94101110000000,94101110091000,94101111265875,1174875,1265875,91000,94101120000000,0,0,0
1,2983,94101120000000,94101120085750,94101121279750,1194000,1279750,85750,94101130000000,0,0,0
1,2984,94101130000000,94101130105500,94101131295375,1189875,1295375,105500,94101140000000,0,0,0
1,2985,94101140000000,94101140088125,94101141060250,972125,1060250,88125,94101150000000,0,0,0
1,2986,94101150000000,94101150094375,94101151286750,1192375,1286750,94375,94101160000000,0,0,0
1,2987,94101160000000,94101160097250,94101161288250,1191000,1288250,97250,94101170000000,0,0,0
1,2988,94101170000000,94101170095500,94101171071875,976375,1071875,95500,94101180000000,0,0,0
1,2989,94101180000000,94101180100875,94101181300625,1199750,1300625,100875,94101190000000,0,0,0
1,2990,94101190000000,94101190094125,94101191269000,1174875,1269000,94125,94101200000000,0,0,0
1,2991,94101200000000,94101200087875,94101201254375,1166500,1254375,87875,94101210000000,0,0,0
1,2992,94101210000000,94101210090625,94101211274375,1183750,1274375,90625,94101220000000,0,0,0
1,2993,94101220000000,94101220086750,94101221271625,1184875,1271625,86750,94101230000000,0,0,0
1,2994,94101230000000,94101230089500,94101231065375,975875,1065375,89500,94101240000000,0,0,0
1,2995,94101240000000,94101240086375,94101241261625,1175250,1261625,86375,94101250000000,0,0,0
1,2996,94101250000000,94101250101375,94101251273125,1171750,1273125,101375,94101260000000,0,0,0
1,2997,94101260000000,94101260084875,94101261261250,1176375,1261250,84875,94101270000000,0,0,0
1,2998,94101270000000,94101270104125,94101271289750,1185625,1289750,104125,94101280000000,0,0,0
1,2999,94101280000000,94101280086625,94101281263750,1177125,1263750,86625,94101290000000,0,0,0
1,3000,94101290000000,94101290105000,94101291295375,1190375,1295375,105000,94101300000000,0,0,0
1,3001,94101300000000,94101300090750,94101301266375,1175625,1266375,90750,94101310000000,0,0,0
1,3002,94101310000000,94101310089125,94101311260750,1171625,1260750,89125,94101320000000,0,0,0
1,3003,94101320000000,94101320089750,94101321276625,1186875,1276625,89750,94101330000000,0,0,0
1,3004,94101330000000,94101330094500,94101331075250,980750,1075250,94500,94101340000000,0,0,0
1,3005,94101340000000,94101340099625,94101341285125,1185500,1285125,99625,94101350000000,0,0,0
1,3006,94101350000000,94101350094000,94101351258750,1164750,1258750,94000,94101360000000,0,0,0
1,3007,94101360000000,94101360099250,94101361281500,1182250,1281500,99250,94101370000000,0,0,0
1,3008,94101370000000,94101370093750,94101371268125,1174375,1268125,93750,94101380000000,0,0,0
1,3009,94101380000000,94101380084875,94101381266125,1181250,1266125,84875,94101390000000,0,0,0
1,3010,94101390000000,94101390096000,94101391278000,1182000,1278000,96000,94101400000000,0,0,0
1,3011,94101400000000,94101400084625,94101401265750,1181125,1265750,84625,94101410000000,0,0,0
1,3012,94101410000000,94101410104500,94101411289750,1185250,1289750,104500,94101420000000,0,0,0
1,3013,94101420000000,94101420086500,94101421258125,1171625,1258125,86500,94101430000000,0,0,0
1,3014,94101430000000,94101430104000,94101431286125,1182125,1286125,104000,94101440000000,0,0,0
1,3015,94101440000000,94101440087500,94101441264125,1176625,1264125,87500,94101450000000,0,0,0
1,3016,94101450000000,94101450104250,94101451281875,1177625,1281875,104250,94101460000000,0,0,0
1,3017,94101460000000,94101460090000,94101461264250,1174250,1264250,90000,94101470000000,0,0,0
1,3018,94101470000000,94101470103250,94101471287750,1184500,1287750,103250,94101480000000,0,0,0
1,3019,94101480000000,94101480087875,94101481280500,1192625,1280500,87875,94101490000000,0,0,0
1,3020,94101490000000,94101490092500,94101491283750,1191250,1283750,92500,94101500000000,0,0,0
1,3021,94101500000000,94101500102500,94101501316875,1214375,1316875,102500,94101510000000,0,0,0
1,3022,94101510000000,94101510104750,94101511302750,1198000,1302750,104750,94101520000000,0,0,0
1,3023,94101520000000,94101520082000,94101521275000,1193000,1275000,82000,94101530000000,0,0,0
1,3024,94101530000000,94101530095500,94101531269125,1173625,1269125,95500,94101540000000,0,0,0
1,3025,94101540000000,94101540097375,94101541284875,1187500,1284875,97375,94101550000000,0,0,0
1,3026,94101550000000,94101550096375,94101551282375,1186000,1282375,96375,94101560000000,0,0,0
1,3027,94101560000000,94101560101375,94101561282125,1180750,1282125,101375,94101570000000,0,0,0
1,3028,94101570000000,94101570098250,94101571283625,1185375,1283625,98250,94101580000000,0,0,0
1,3029,94101580000000,94101580083875,94101581268750,1184875,1268750,83875,94101590000000,0,0,0
1,3030,94101590000000,94101590095375,94101591283875,1188500,1283875,95375,94101600000000,0,0,0
1,3031,94101600000000,94101600083500,94101601287750,1204250,1287750,83500,94101610000000,0,0,0
1,3032,94101610000000,94101610093125,94101611269375,1176250,1269375,93125,94101620000000,0,0,0
1,3033,94101620000000,94101620083750,94101621269875,1186125,1269875,83750,94101630000000,0,0,0
1,3034,94101630000000,94101630102625,94101631278875,1176250,1278875,102625,94101640000000,0,0,0
1,3035,94101640000000,94101640087250,94101641276000,1188750,1276000,87250,94101650000000,0,0,0
1,3036,94101650000000,94101650091125,94101651264875,1173750,1264875,91125,94101660000000,0,0,0
1,3037,94101660000000,94101660086750,94101661280750,1194000,1280750,86750,94101670000000,0,0,0
1,3038,94101670000000,94101670093750,94101671275375,1181625,1275375,93750,94101680000000,0,0,0
1,3039,94101680000000,94101680085375,94101681265625,1180250,1265625,85375,94101690000000,0,0,0
1,3040,94101690000000,94101690096125,94101691277875,1181750,1277875,96125,94101700000000,0,0,0
1,3041,94101700000000,94101700089750,94101701278375,1188625,1278375,89750,94101710000000,0,0,0
1,3042,94101710000000,94101710093625,94101711292375,1198750,1292375,93625,94101720000000,0,0,0
1,3043,94101720000000,94101720086125,94101721060125,974000,1060125,86125,94101730000000,0,0,0
1,3044,94101730000000,94101730095250,94101731280625,1185375,1280625,95250,94101740000000,0,0,0
1,3045,94101740000000,94101740093625,94101741284250,1190625,1284250,93625,94101750000000,0,0,0
1,3046,94101750000000,94101750094125,94101751259500,1165375,1259500,94125,94101760000000,0,0,0
1,3047,94101760000000,94101760095250,94101761279500,1184250,1279500,95250,94101770000000,0,0,0
1,3048,94101770000000,94101770097375,94101771283500,1186125,1283500,97375,94101780000000,0,0,0
1,3049,94101780000000,94101780086375,94101781284250,1197875,1284250,86375,94101790000000,0,0,0
1,3050,94101790000000,94101790089500,94101791286250,1196750,1286250,89500,94101800000000,0,0,0
1,3051,94101800000000,94101800089625,94101801283750,1194125,1283750,89625,94101810000000,0,0,0
1,3052,94101810000000,94101810091625,94101811276375,1184750,1276375,91625,94101820000000,0,0,0
1,3053,94101820000000,94101820083375,94101821270000,1186625,1270000,83375,94101830000000,0,0,0
1,3054,94101830000000,94101830109250,94101831295750,1186500,1295750,109250,94101840000000,0,0,0
1,3055,94101840000000,94101840088500,94101841074125,985625,1074125,88500,94101850000000,0,0,0
1,3056,94101850000000,94101850091125,94101851268000,1176875,1268000,91125,94101860000000,0,0,0
1,3057,94101860000000,94101860088125,94101861260500,1172375,1260500,88125,94101870000000,0,0,0
1,3058,94101870000000,94101870090875,94101871270875,1180000,1270875,90875,94101880000000,0,0,0
1,3059,94101880000000,94101880087500,94101881268500,1181000,1268500,87500,94101890000000,0,0,0
1,3060,94101890000000,94101890090250,94101891269375,1179125,1269375,90250,94101900000000,0,0,0
1,3061,94101900000000,94101900097875,94101901291125,1193250,1291125,97875,94101910000000,0,0,0
1,3062,94101910000000,94101910089625,94101911257250,1167625,1257250,89625,94101920000000,0,0,0
1,3063,94101920000000,94101920098375,94101921299000,1200625,1299000,98375,94101930000000,0,0,0
1,3064,94101930000000,94101930097625,94101931279250,1181625,1279250,97625,94101940000000,0,0,0
1,3065,94101940000000,94101940088250,94101941281750,1193500,1281750,88250,94101950000000,0,0,0
1,3066,94101950000000,94101950092625,94101951258125,1165500,1258125,92625,94101960000000,0,0,0
1,3067,94101960000000,94101960087750,94101961270750,1183000,1270750,87750,94101970000000,0,0,0
1,3068,94101970000000,94101970103625,94101971288250,1184625,1288250,103625,94101980000000,0,0,0
1,3069,94101980000000,94101980078875,94101981267125,1188250,1267125,78875,94101990000000,0,0,0
1,3070,94101990000000,94101990103250,94101991296375,1193125,1296375,103250,94102000000000,0,0,0
1,3071,94102000000000,94102000095375,94102001294000,1198625,1294000,95375,94102010000000,0,0,0
1,3072,94102010000000,94102010096250,94102011278500,1182250,1278500,96250,94102020000000,0,0,0
1,3073,94102020000000,94102020086625,94102021265500,1178875,1265500,86625,94102030000000,0,0,0
1,3074,94102030000000,94102030093250,94102031267750,1174500,1267750,93250,94102040000000,0,0,0
1,3075,94102040000000,94102040097500,94102041278625,1181125,1278625,97500,94102050000000,0,0,0
1,3076,94102050000000,94102050094875,94102051287375,1192500,1287375,94875,94102060000000,0,0,0
1,3077,94102060000000,94102060084625,94102061269125,1184500,1269125,84625,94102070000000,0,0,0
1,3078,94102070000000,94102070092375,94102071267500,1175125,1267500,92375,94102080000000,0,0,0
1,3079,94102080000000,94102080086875,94102081278000,1191125,1278000,86875,94102090000000,0,0,0
1,3080,94102090000000,94102090093875,94102091288500,1194625,1288500,93875,94102100000000,0,0,0
1,3081,94102100000000,94102100084000,94102101266375,1182375,1266375,84000,94102110000000,0,0,0
1,3082,94102110000000,94102110103500,94102111094625,991125,1094625,103500,94102120000000,0,0,0
1,3083,94102120000000,94102120087750,94102121277125,1189375,1277125,87750,94102130000000,0,0,0
1,3084,94102130000000,94102130102750,94102131275750,1173000,1275750,102750,94102140000000,0,0,0
1,3085,94102140000000,94102140090500,94102141276000,1185500,1276000,90500,94102150000000,0,0,0
1,3086,94102150000000,94102150103750,94102151072375,968625,1072375,103750,94102160000000,0,0,0
1,3087,94102160000000,94102160089625,94102161279250,1189625,1279250,89625,94102170000000,0,0,0
1,3088,94102170000000,94102170089625,94102171262750,1173125,1262750,89625,94102180000000,0,0,0
1,3089,94102180000000,94102180088375,94102181277125,1188750,1277125,88375,94102190000000,0,0,0
1,3090,94102190000000,94102190095750,94102191270000,1174250,1270000,95750,94102200000000,0,0,0
1,3091,94102200000000,94102200084250,94102201255250,1171000,1255250,84250,94102210000000,0,0,0
1,3092,94102210000000,94102210090375,94102211062750,972375,1062750,90375,94102220000000,0,0,0
1,3093,94102220000000,94102220097250,94102221264500,1167250,1264500,97250,94102230000000,0,0,0
1,3094,94102230000000,94102230094500,94102231261000,1166500,1261000,94500,94102240000000,0,0,0
1,3095,94102240000000,94102240097125,94102241287375,1190250,1287375,97125,94102250000000,0,0,0
1,3096,94102250000000,94102250091375,94102251276625,1185250,1276625,91375,94102260000000,0,0,0
1,3097,94102260000000,94102260081625,94102261271375,1189750,1271375,81625,94102270000000,0,0,0
1,3098,94102270000000,94102270094625,94102271270500,1175875,1270500,94625,94102280000000,0,0,0
1,3099,94102280000000,94102280086625,94102281259125,1172500,1259125,86625,94102290000000,0,0,0
1,3100,94102290000000,94102290104375,94102291281250,1176875,1281250,104375,94102300000000,0,0,0
1,3101,94102300000000,94102300085125,94102301266125,1181000,1266125,85125,94102310000000,0,0,0
1,3102,94102310000000,94102310093625,94102311294750,1201125,1294750,93625,94102320000000,0,0,0
1,3103,94102320000000,94102320085625,94102321071500,985875,1071500,85625,94102330000000,0,0,0
1,3104,94102330000000,94102330092625,94102331286125,1193500,1286125,92625,94102340000000,0,0,0
1,3105,94102340000000,94102340099250,94102341071250,972000,1071250,99250,94102350000000,0,0,0
1,3106,94102350000000,94102350098000,94102351270750,1172750,1270750,98000,94102360000000,0,0,0
1,3107,94102360000000,94102360085500,94102361272750,1187250,1272750,85500,94102370000000,0,0,0
1,3108,94102370000000,94102370093375,94102371286000,1192625,1286000,93375,94102380000000,0,0,0
1,3109,94102380000000,94102380084375,94102381267625,1183250,1267625,84375,94102390000000,0,0,0
1,3110,94102390000000,94102390105875,94102391288625,1182750,1288625,105875,94102400000000,0,0,0
1,3111,94102400000000,94102400087625,94102401287125,1199500,1287125,87625,94102410000000,0,0,0
1,3112,94102410000000,94102410105875,94102411295500,1189625,1295500,105875,94102420000000,0,0,0
1,3113,94102420000000,94102420082750,94102421279750,1197000,1279750,82750,94102430000000,0,0,0
1,3114,94102430000000,94102430114875,94102431294500,1179625,1294500,114875,94102440000000,0,0,0
1,3115,94102440000000,94102440087250,94102441281750,1194500,1281750,87250,94102450000000,0,0,0
1,3116,94102450000000,94102450092875,94102451282625,1189750,1282625,92875,94102460000000,0,0,0
1,3117,94102460000000,94102460086000,94102461255750,1169750,1255750,86000,94102470000000,0,0,0
1,3118,94102470000000,94102470094750,94102471275250,1180500,1275250,94750,94102480000000,0,0,0
1,3119,94102480000000,94102480095875,94102481078625,982750,1078625,95875,94102490000000,0,0,0
1,3120,94102490000000,94102490096250,94102491292250,1196000,1292250,96250,94102500000000,0,0,0
1,3121,94102500000000,94102500084500,94102501262625,1178125,1262625,84500,94102510000000,0,0,0
1,3122,94102510000000,94102510093125,94102511267125,1174000,1267125,93125,94102520000000,0,0,0
1,3123,94102520000000,94102520084625,94102521038250,953625,1038250,84625,94102530000000,0,0,0
1,3124,94102530000000,94102530106875,94102531298125,1191250,1298125,106875,94102540000000,0,0,0
1,3125,94102540000000,94102540079000,94102541258125,1179125,1258125,79000,94102550000000,0,0,0
1,3126,94102550000000,94102550092750,94102551247750,1155000,1247750,92750,94102560000000,0,0,0
1,3127,94102560000000,94102560090250,94102561265625,1175375,1265625,90250,94102570000000,0,0,0
1,3128,94102570000000,94102570089875,94102571271125,1181250,1271125,89875,94102580000000,0,0,0
1,3129,94102580000000,94102580089500,94102581270750,1181250,1270750,89500,94102590000000,0,0,0
1,3130,94102590000000,94102590091250,94102591262875,1171625,1262875,91250,94102600000000,0,0,0
1,3131,94102600000000,94102600098375,94102601277125,1178750,1277125,98375,94102610000000,0,0,0
1,3132,94102610000000,94102610092250,94102611265250,1173000,1265250,92250,94102620000000,0,0,0
1,3133,94102620000000,94102620079125,94102621263250,1184125,1263250,79125,94102630000000,0,0,0
1,3134,94102630000000,94102630096000,94102631290375,1194375,1290375,96000,94102640000000,0,0,0
1,3135,94102640000000,94102640086625,94102641277125,1190500,1277125,86625,94102650000000,0,0,0
1,3136,94102650000000,94102650094625,94102651264750,1170125,1264750,94625,94102660000000,0,0,0
1,3137,94102660000000,94102660086500,94102661075875,989375,1075875,86500,94102670000000,0,0,0
1,3138,94102670000000,94102670104125,94102671288875,1184750,1288875,104125,94102680000000,0,0,0
1,3139,94102680000000,94102680086250,94102681058000,971750,1058000,86250,94102690000000,0,0,0
1,3140,94102690000000,94102690096250,94102691276500,1180250,1276500,96250,94102700000000,0,0,0
1,3141,94102700000000,94102700084875,94102701275500,1190625,1275500,84875,94102710000000,0,0,0
1,3142,94102710000000,94102710094250,94102711288875,1194625,1288875,94250,94102720000000,0,0,0
1,3143,94102720000000,94102720087750,94102721279625,1191875,1279625,87750,94102730000000,0,0,0
1,3144,94102730000000,94102730093375,94102731270250,1176875,1270250,93375,94102740000000,0,0,0
1,3145,94102740000000,94102740096625,94102741062000,965375,1062000,96625,94102750000000,0,0,0
1,3146,94102750000000,94102750095125,94102751270500,1175375,1270500,95125,94102760000000,0,0,0
1,3147,94102760000000,94102760094250,94102761274125,1179875,1274125,94250,94102770000000,0,0,0
1,3148,94102770000000,94102770094000,94102771276375,1182375,1276375,94000,94102780000000,0,0,0
1,3149,94102780000000,94102780083125,94102781253250,1170125,1253250,83125,94102790000000,0,0,0
1,3150,94102790000000,94102790093375,94102791283250,1189875,1283250,93375,94102800000000,0,0,0
1,3151,94102800000000,94102800089250,94102801263625,1174375,1263625,89250,94102810000000,0,0,0
1,3152,94102810000000,94102810092500,94102811268500,1176000,1268500,92500,94102820000000,0,0,0
1,3153,94102820000000,94102820091875,94102821273625,1181750,1273625,91875,94102830000000,0,0,0
1,3154,94102830000000,94102830095625,94102831277875,1182250,1277875,95625,94102840000000,0,0,0
1,3155,94102840000000,94102840088750,94102841264500,1175750,1264500,88750,94102850000000,0,0,0
1,3156,94102850000000,94102850104875,94102851298750,1193875,1298750,104875,94102860000000,0,0,0
1,3157,94102860000000,94102860099875,94102861298000,1198125,1298000,99875,94102870000000,0,0,0
1,3158,94102870000000,94102870108875,94102871289875,1181000,1289875,108875,94102880000000,0,0,0
1,3159,94102880000000,94102880089750,94102881266875,1177125,1266875,89750,94102890000000,0,0,0
1,3160,94102890000000,94102890093125,94102891288625,1195500,1288625,93125,94102900000000,0,0,0
1,3161,94102900000000,94102900086375,94102901289875,1203500,1289875,86375,94102910000000,0,0,0
1,3162,94102910000000,94102910090250,94102911277625,1187375,1277625,90250,94102920000000,0,0,0
1,3163,94102920000000,94102920100000,94102921282375,1182375,1282375,100000,94102930000000,0,0,0
1,3164,94102930000000,94102930093000,94102931271000,1178000,1271000,93000,94102940000000,0,0,0
1,3165,94102940000000,94102940098125,94102941297375,1199250,1297375,98125,94102950000000,0,0,0
1,3166,94102950000000,94102950091625,94102951272375,1180750,1272375,91625,94102960000000,0,0,0
1,3167,94102960000000,94102960083375,94102961266125,1182750,1266125,83375,94102970000000,0,0,0
1,3168,94102970000000,94102970092125,94102971281125,1189000,1281125,92125,94102980000000,0,0,0
1,3169,94102980000000,94102980084750,94102981275750,1191000,1275750,84750,94102990000000,0,0,0
1,3170,94102990000000,94102990093375,94102991078500,985125,1078500,93375,94103000000000,0,0,0
1,3171,94103000000000,94103000083875,94103001072750,988875,1072750,83875,94103010000000,0,0,0
1,3172,94103010000000,94103010103750,94103011271000,1167250,1271000,103750,94103020000000,0,0,0
1,3173,94103020000000,94103020085750,94103021251125,1165375,1251125,85750,94103030000000,0,0,0
1,3174,94103030000000,94103030091250,94103031267750,1176500,1267750,91250,94103040000000,0,0,0
1,3175,94103040000000,94103040084125,94103041268875,1184750,1268875,84125,94103050000000,0,0,0
1,3176,94103050000000,94103050092500,94103051075500,983000,1075500,92500,94103060000000,0,0,0
1,3177,94103060000000,94103060092875,94103061271250,1178375,1271250,92875,94103070000000,0,0,0
1,3178,94103070000000,94103070092500,94103071062500,970000,1062500,92500,94103080000000,0,0,0
1,3179,94103080000000,94103080095125,94103081268500,1173375,1268500,95125,94103090000000,0,0,0
1,3180,94103090000000,94103090093500,94103091276375,1182875,1276375,93500,94103100000000,0,0,0
1,3181,94103100000000,94103100081625,94103101278000,1196375,1278000,81625,94103110000000,0,0,0
1,3182,94103110000000,94103110092250,94103111279250,1187000,1279250,92250,94103120000000,0,0,0
1,3183,94103120000000,94103120085625,94103121277750,1192125,1277750,85625,94103130000000,0,0,0
1,3184,94103130000000,94103130093250,94103131279125,1185875,1279125,93250,94103140000000,0,0,0
1,3185,94103140000000,94103140083875,94103141276750,1192875,1276750,83875,94103150000000,0,0,0
1,3186,94103150000000,94103150102875,94103151276375,1173500,1276375,102875,94103160000000,0,0,0
1,3187,94103160000000,94103160086000,94103161280250,1194250,1280250,86000,94103170000000,0,0,0
1,3188,94103170000000,94103170102750,94103171289000,1186250,1289000,102750,94103180000000,0,0,0
1,3189,94103180000000,94103180085000,94103181262500,1177500,1262500,85000,94103190000000,0,0,0
1,3190,94103190000000,94103190104875,94103191286125,1181250,1286125,104875,94103200000000,0,0,0
1,3191,94103200000000,94103200090375,94103201271875,1181500,1271875,90375,94103210000000,0,0,0
1,3192,94103210000000,94103210090375,94103211262625,1172250,1262625,90375,94103220000000,0,0,0
1,3193,94103220000000,94103220087125,94103221267250,1180125,1267250,87125,94103230000000,0,0,0
1,3194,94103230000000,94103230090000,94103231065125,975125,1065125,90000,94103240000000,0,0,0
1,3195,94103240000000,94103240098250,94103241291000,1192750,1291000,98250,94103250000000,0,0,0
1,3196,94103250000000,94103250094500,94103251275750,1181250,1275750,94500,94103260000000,0,0,0
1,3197,94103260000000,94103260095000,94103261278750,1183750,1278750,95000,94103270000000,0,0,0
1,3198,94103270000000,94103270092875,94103271266625,1173750,1266625,92875,94103280000000,0,0,0
1,3199,94103280000000,94103280096625,94103281295500,1198875,1295500,96625,94103290000000,0,0,0
1,3200,94103290000000,94103290105125,94103291300750,1195625,1300750,105125,94103300000000,0,0,0
1,3201,94103300000000,94103300085625,94103301275375,1189750,1275375,85625,94103310000000,0,0,0
1,3202,94103310000000,94103310096500,94103311278000,1181500,1278000,96500,94103320000000,0,0,0
1,3203,94103320000000,94103320088000,94103321275875,1187875,1275875,88000,94103330000000,0,0,0
1,3204,94103330000000,94103330101500,94103331285750,1184250,1285750,101500,94103340000000,0,0,0
1,3205,94103340000000,94103340086500,94103341272875,1186375,1272875,86500,94103350000000,0,0,0
1,3206,94103350000000,94103350104625,94103351284875,1180250,1284875,104625,94103360000000,0,0,0
1,3207,94103360000000,94103360089125,94103361271625,1182500,1271625,89125,94103370000000,0,0,0
1,3208,94103370000000,94103370091125,94103371271750,1180625,1271750,91125,94103380000000,0,0,0
1,3209,94103380000000,94103380087625,94103381257625,1170000,1257625,87625,94103390000000,0,0,0
1,3210,94103390000000,94103390094375,94103391280500,1186125,1280500,94375,94103400000000,0,0,0
1,3211,94103400000000,94103400086875,94103401260500,1173625,1260500,86875,94103410000000,0,0,0
1,3212,94103410000000,94103410093625,94103411065875,972250,1065875,93625,94103420000000,0,0,0
1,3213,94103420000000,94103420097750,94103421287125,1189375,1287125,97750,94103430000000,0,0,0
1,3214,94103430000000,94103430094875,94103431263625,1168750,1263625,94875,94103440000000,0,0,0
1,3215,94103440000000,94103440083500,94103441251125,1167625,1251125,83500,94103450000000,0,0,0
1,3216,94103450000000,94103450093750,94103451283000,1189250,1283000,93750,94103460000000,0,0,0
1,3217,94103460000000,94103460083375,94103461256125,1172750,1256125,83375,94103470000000,0,0,0
1,3218,94103470000000,94103470094375,94103471278875,1184500,1278875,94375,94103480000000,0,0,0
1,3219,94103480000000,94103480084000,94103481277125,1193125,1277125,84000,94103490000000,0,0,0
1,3220,94103490000000,94103490092875,94103491287875,1195000,1287875,92875,94103500000000,0,0,0
1,3221,94103500000000,94103500087375,94103501267000,1179625,1267000,87375,94103510000000,0,0,0
1,3222,94103510000000,94103510102375,94103511284125,1181750,1284125,102375,94103520000000,0,0,0
1,3223,94103520000000,94103520091500,94103521278375,1186875,1278375,91500,94103530000000,0,0,0
1,3224,94103530000000,94103530109750,94103531295375,1185625,1295375,109750,94103540000000,0,0,0
1,3225,94103540000000,94103540083625,94103541266250,1182625,1266250,83625,94103550000000,0,0,0
1,3226,94103550000000,94103550090875,94103551265250,1174375,1265250,90875,94103560000000,0,0,0
1,3227,94103560000000,94103560079250,94103561072500,993250,1072500,79250,94103570000000,0,0,0
1,3228,94103570000000,94103570095125,94103571271750,1176625,1271750,95125,94103580000000,0,0,0
1,3229,94103580000000,94103580078500,94103581274000,1195500,1274000,78500,94103590000000,0,0,0
1,3230,94103590000000,94103590088750,94103591284000,1195250,1284000,88750,94103600000000,0,0,0
1,3231,94103600000000,94103600087125,94103601272000,1184875,1272000,87125,94103610000000,0,0,0
1,3232,94103610000000,94103610090125,94103611264500,1174375,1264500,90125,94103620000000,0,0,0
1,3233,94103620000000,94103620096625,94103621268750,1172125,1268750,96625,94103630000000,0,0,0
1,3234,94103630000000,94103630089125,94103631254500,1165375,1254500,89125,94103640000000,0,0,0
1,3235,94103640000000,94103640087250,94103641267750,1180500,1267750,87250,94103650000000,0,0,0
1,3236,94103650000000,94103650090500,94103651073250,982750,1073250,90500,94103660000000,0,0,0
1,3237,94103660000000,94103660087750,94103661285750,1198000,1285750,87750,94103670000000,0,0,0
1,3238,94103670000000,94103670092000,94103671275125,1183125,1275125,92000,94103680000000,0,0,0
1,3239,94103680000000,94103680088000,94103681265625,1177625,1265625,88000,94103690000000,0,0,0
1,3240,94103690000000,94103690103125,94103691089000,985875,1089000,103125,94103700000000,0,0,0
1,3241,94103700000000,94103700087750,94103701269000,1181250,1269000,87750,94103710000000,0,0,0
1,3242,94103710000000,94103710104375,94103711283875,1179500,1283875,104375,94103720000000,0,0,0
1,3243,94103720000000,94103720097125,94103721286375,1189250,1286375,97125,94103730000000,0,0,0
1,3244,94103730000000,94103730108750,94103731293875,1185125,1293875,108750,94103740000000,0,0,0
1,3245,94103740000000,94103740090500,94103741284250,1193750,1284250,90500,94103750000000,0,0,0
1,3246,94103750000000,94103750087375,94103751278375,1191000,1278375,87375,94103760000000,0,0,0
1,3247,94103760000000,94103760086125,94103761268250,1182125,1268250,86125,94103770000000,0,0,0
1,3248,94103770000000,94103770093250,94103771272750,1179500,1272750,93250,94103780000000,0,0,0
1,3249,94103780000000,94103780097000,94103781272625,1175625,1272625,97000,94103790000000,0,0,0
1,3250,94103790000000,94103790094875,94103791273500,1178625,1273500,94875,94103800000000,0,0,0
1,3251,94103800000000,94103800099250,94103801300125,1200875,1300125,99250,94103810000000,0,0,0
1,3252,94103810000000,94103810095375,94103811290625,1195250,1290625,95375,94103820000000,0,0,0
1,3253,94103820000000,94103820087250,94103821282250,1195000,1282250,87250,94103830000000,0,0,0
1,3254,94103830000000,94103830097125,94103831287250,1190125,1287250,97125,94103840000000,0,0,0
1,3255,94103840000000,94103840085125,94103841281625,1196500,1281625,85125,94103850000000,0,0,0
1,3256,94103850000000,94103850094000,94103851286250,1192250,1286250,94000,94103860000000,0,0,0
1,3257,94103860000000,94103860084000,94103861257375,1173375,1257375,84000,94103870000000,0,0,0
1,3258,94103870000000,94103870103625,94103871277500,1173875,1277500,103625,94103880000000,0,0,0
1,3259,94103880000000,94103880085375,94103881257750,1172375,1257750,85375,94103890000000,0,0,0
1,3260,94103890000000,94103890101500,94103891279500,1178000,1279500,101500,94103900000000,0,0,0
1,3261,94103900000000,94103900085250,94103901263625,1178375,1263625,85250,94103910000000,0,0,0
1,3262,94103910000000,94103910092375,94103911285375,1193000,1285375,92375,94103920000000,0,0,0
1,3263,94103920000000,94103920085125,94103921057125,972000,1057125,85125,94103930000000,0,0,0
1,3264,94103930000000,94103930094125,94103931286000,1191875,1286000,94125,94103940000000,0,0,0
1,3265,94103940000000,94103940086625,94103941060875,974250,1060875,86625,94103950000000,0,0,0
1,3266,94103950000000,94103950095125,94103951287625,1192500,1287625,95125,94103960000000,0,0,0
1,3267,94103960000000,94103960084875,94103961266375,1181500,1266375,84875,94103970000000,0,0,0
1,3268,94103970000000,94103970094625,94103971272750,1178125,1272750,94625,94103980000000,0,0,0
1,3269,94103980000000,94103980101500,94103981293125,1191625,1293125,101500,94103990000000,0,0,0
1,3270,94103990000000,94103990096500,94103991265750,1169250,1265750,96500,94104000000000,0,0,0
1,3271,94104000000000,94104000083875,94104001263250,1179375,1263250,83875,94104010000000,0,0,0
1,3272,94104010000000,94104010092250,94104011277750,1185500,1277750,92250,94104020000000,0,0,0
1,3273,94104020000000,94104020085625,94104021287125,1201500,1287125,85625,94104030000000,0,0,0
1,3274,94104030000000,94104030093875,94104031260500,1166625,1260500,93875,94104040000000,0,0,0
1,3275,94104040000000,94104040083250,94104041257375,1174125,1257375,83250,94104050000000,0,0,0
1,3276,94104050000000,94104050105000,94104051289500,1184500,1289500,105000,94104060000000,0,0,0
1,3277,94104060000000,94104060081500,94104061269375,1187875,1269375,81500,94104070000000,0,0,0
1,3278,94104070000000,94104070091500,94104071275375,1183875,1275375,91500,94104080000000,0,0,0
1,3279,94104080000000,94104080085125,94104081268875,1183750,1268875,85125,94104090000000,0,0,0
1,3280,94104090000000,94104090092875,94104091265375,1172500,1265375,92875,94104100000000,0,0,0
1,3281,94104100000000,94104100100625,94104101293375,1192750,1293375,100625,94104110000000,0,0,0
1,3282,94104110000000,94104110094875,94104111278000,1183125,1278000,94875,94104120000000,0,0,0
1,3283,94104120000000,94104120083375,94104121066500,983125,1066500,83375,94104130000000,0,0,0
1,3284,94104130000000,94104130095750,94104131277375,1181625,1277375,95750,94104140000000,0,0,0
1,3285,94104140000000,94104140086250,94104141076625,990375,1076625,86250,94104150000000,0,0,0
1,3286,94104150000000,94104150098750,94104151283750,1185000,1283750,98750,94104160000000,0,0,0
1,3287,94104160000000,94104160090000,94104161089000,999000,1089000,90000,94104170000000,0,0,0
1,3288,94104170000000,94104170108625,94104171297125,1188500,1297125,108625,94104180000000,0,0,0
1,3289,94104180000000,94104180091250,94104181288375,1197125,1288375,91250,94104190000000,0,0,0
1,3290,94104190000000,94104190103500,94104191289125,1185625,1289125,103500,94104200000000,0,0,0
1,3291,94104200000000,94104200090500,94104201266125,1175625,1266125,90500,94104210000000,0,0,0
1,3292,94104210000000,94104210090125,94104211287625,1197500,1287625,90125,94104220000000,0,0,0
1,3293,94104220000000,94104220088375,94104221269625,1181250,1269625,88375,94104230000000,0,0,0
1,3294,94104230000000,94104230090250,94104231269375,1179125,1269375,90250,94104240000000,0,0,0
1,3295,94104240000000,94104240093125,94104241293625,1200500,1293625,93125,94104250000000,0,0,0
1,3296,94104250000000,94104250094875,94104251261625,1166750,1261625,94875,94104260000000,0,0,0
1,3297,94104260000000,94104260098875,94104261282625,1183750,1282625,98875,94104270000000,0,0,0
1,3298,94104270000000,94104270092000,94104271271500,1179500,1271500,92000,94104280000000,0,0,0
1,3299,94104280000000,94104280099750,94104281286375,1186625,1286375,99750,94104290000000,0,0,0
1,3300,94104290000000,94104290095250,94104291292375,1197125,1292375,95250,94104300000000,0,0,0
1,3301,94104300000000,94104300085125,94104301265500,1180375,1265500,85125,94104310000000,0,0,0
1,3302,94104310000000,94104310093750,94104311264750,1171000,1264750,93750,94104320000000,0,0,0
1,3303,94104320000000,94104320084375,94104321265750,1181375,1265750,84375,94104330000000,0,0,0
1,3304,94104330000000,94104330098000,94104331068625,970625,1068625,98000,94104340000000,0,0,0
1,3305,94104340000000,94104340089500,94104341267625,1178125,1267625,89500,94104350000000,0,0,0
1,3306,94104350000000,94104350103875,94104351298875,1195000,1298875,103875,94104360000000,0,0,0
1,3307,94104360000000,94104360090500,94104361278375,1187875,1278375,90500,94104370000000,0,0,0
1,3308,94104370000000,94104370089500,94104371270750,1181250,1270750,89500,94104380000000,0,0,0
1,3309,94104380000000,94104380089375,94104381278000,1188625,1278000,89375,94104390000000,0,0,0
1,3310,94104390000000,94104390093250,94104391277875,1184625,1277875,93250,94104400000000,0,0,0
1,3311,94104400000000,94104400085125,94104401277250,1192125,1277250,85125,94104410000000,0,0,0
1,3312,94104410000000,94104410090500,94104411258125,1167625,1258125,90500,94104420000000,0,0,0
1,3313,94104420000000,94104420090000,94104421276375,1186375,1276375,90000,94104430000000,0,0,0
1,3314,94104430000000,94104430094750,94104431276000,1181250,1276000,94750,94104440000000,0,0,0
1,3315,94104440000000,94104440096750,94104441278000,1181250,1278000,96750,94104450000000,0,0,0
1,3316,94104450000000,94104450093875,94104451275875,1182000,1275875,93875,94104460000000,0,0,0
1,3317,94104460000000,94104460083875,94104461269250,1185375,1269250,83875,94104470000000,0,0,0
1,3318,94104470000000,94104470095000,94104471280250,1185250,1280250,95000,94104480000000,0,0,0
1,3319,94104480000000,94104480084625,94104481258250,1173625,1258250,84625,94104490000000,0,0,0
1,3320,94104490000000,94104490103750,94104491295625,1191875,1295625,103750,94104500000000,0,0,0
1,3321,94104500000000,94104500088375,94104501282500,1194125,1282500,88375,94104510000000,0,0,0
1,3322,94104510000000,94104510104375,94104511280750,1176375,1280750,104375,94104520000000,0,0,0
1,3323,94104520000000,94104520087250,94104521275375,1188125,1275375,87250,94104530000000,0,0,0
1,3324,94104530000000,94104530089875,94104531281875,1192000,1281875,89875,94104540000000,0,0,0
1,3325,94104540000000,94104540086625,94104541263375,1176750,1263375,86625,94104550000000,0,0,0
1,3326,94104550000000,94104550091875,94104551267500,1175625,1267500,91875,94104560000000,0,0,0
1,3327,94104560000000,94104560099000,94104561091250,992250,1091250,99000,94104570000000,0,0,0
1,3328,94104570000000,94104570092500,94104571254625,1162125,1254625,92500,94104580000000,0,0,0
1,3329,94104580000000,94104580122875,94104581302750,1179875,1302750,122875,94104590000000,0,0,0
1,3330,94104590000000,94104590097500,94104591296375,1198875,1296375,97500,94104600000000,0,0,0
1,3331,94104600000000,94104600086375,94104601286500,1200125,1286500,86375,94104610000000,0,0,0
1,3332,94104610000000,94104610102125,94104611081875,979750,1081875,102125,94104620000000,0,0,0
1,3333,94104620000000,94104620087500,94104621072375,984875,1072375,87500,94104630000000,0,0,0
1,3334,94104630000000,94104630104625,94104631272000,1167375,1272000,104625,94104640000000,0,0,0
1,3335,94104640000000,94104640085875,94104641255875,1170000,1255875,85875,94104650000000,0,0,0
1,3336,94104650000000,94104650092625,94104651272375,1179750,1272375,92625,94104660000000,0,0,0
1,3337,94104660000000,94104660085875,94104661058875,973000,1058875,85875,94104670000000,0,0,0
1,3338,94104670000000,94104670093250,94104671273375,1180125,1273375,93250,94104680000000,0,0,0
1,3339,94104680000000,94104680088125,94104681267750,1179625,1267750,88125,94104690000000,0,0,0
1,3340,94104690000000,94104690092250,94104691266375,1174125,1266375,92250,94104700000000,0,0,0
1,3341,94104700000000,94104700095875,94104701279000,1183125,1279000,95875,94104710000000,0,0,0
1,3342,94104710000000,94104710096500,94104711283000,1186500,1283000,96500,94104720000000,0,0,0
1,3343,94104720000000,94104720082500,94104721271250,1188750,1271250,82500,94104730000000,0,0,0
1,3344,94104730000000,94104730095125,94104731287500,1192375,1287500,95125,94104740000000,0,0,0
1,3345,94104740000000,94104740089125,94104741278375,1189250,1278375,89125,94104750000000,0,0,0
1,3346,94104750000000,94104750094500,94104751286000,1191500,1286000,94500,94104760000000,0,0,0
1,3347,94104760000000,94104760088125,94104761083375,995250,1083375,88125,94104770000000,0,0,0
1,3348,94104770000000,94104770104875,94104771291625,1186750,1291625,104875,94104780000000,0,0,0
1,3349,94104780000000,94104780089000,94104781276500,1187500,1276500,89000,94104790000000,0,0,0
1,3350,94104790000000,94104790090125,94104791259500,1169375,1259500,90125,94104800000000,0,0,0
1,3351,94104800000000,94104800088125,94104801272250,1184125,1272250,88125,94104810000000,0,0,0
1,3352,94104810000000,94104810090500,94104811061625,971125,1061625,90500,94104820000000,0,0,0
1,3353,94104820000000,94104820097750,94104821287625,1189875,1287625,97750,94104830000000,0,0,0
1,3354,94104830000000,94104830094250,94104831274125,1179875,1274125,94250,94104840000000,0,0,0
1,3355,94104840000000,94104840087250,94104841272625,1185375,1272625,87250,94104850000000,0,0,0
1,3356,94104850000000,94104850091125,94104851275750,1184625,1275750,91125,94104860000000,0,0,0
1,3357,94104860000000,94104860088000,94104861278750,1190750,1278750,88000,94104870000000,0,0,0
1,3358,94104870000000,94104870090250,94104871259500,1169250,1259500,90250,94104880000000,0,0,0
1,3359,94104880000000,94104880086375,94104881283000,1196625,1283000,86375,94104890000000,0,0,0
1,3360,94104890000000,94104890090875,94104891273750,1182875,1273750,90875,94104900000000,0,0,0
1,3361,94104900000000,94104900088250,94104901276500,1188250,1276500,88250,94104910000000,0,0,0
1,3362,94104910000000,94104910104000,94104911296875,1192875,1296875,104000,94104920000000,0,0,0
1,3363,94104920000000,94104920089000,94104921273000,1184000,1273000,89000,94104930000000,0,0,0
1,3364,94104930000000,94104930101375,94104931282500,1181125,1282500,101375,94104940000000,0,0,0
1,3365,94104940000000,94104940090875,94104941076500,985625,1076500,90875,94104950000000,0,0,0
1,3366,94104950000000,94104950101125,94104951279000,1177875,1279000,101125,94104960000000,0,0,0
1,3367,94104960000000,94104960086875,94104961276750,1189875,1276750,86875,94104970000000,0,0,0
1,3368,94104970000000,94104970105000,94104971288000,1183000,1288000,105000,94104980000000,0,0,0
1,3369,94104980000000,94104980086750,94104981059750,973000,1059750,86750,94104990000000,0,0,0
1,3370,94104990000000,94104990103750,94104991281500,1177750,1281500,103750,94105000000000,0,0,0
1,3371,94105000000000,94105000085250,94105001263875,1178625,1263875,85250,94105010000000,0,0,0
1,3372,94105010000000,94105010123125,94105011301375,1178250,1301375,123125,94105020000000,0,0,0
1,3373,94105020000000,94105020087250,94105021256500,1169250,1256500,87250,94105030000000,0,0,0
1,3374,94105030000000,94105030092000,94105031278000,1186000,1278000,92000,94105040000000,0,0,0
1,3375,94105040000000,94105040085500,94105041262250,1176750,1262250,85500,94105050000000,0,0,0
1,3376,94105050000000,94105050092875,94105051271125,1178250,1271125,92875,94105060000000,0,0,0
1,3377,94105060000000,94105060095250,94105061269625,1174375,1269625,95250,94105070000000,0,0,0
1,3378,94105070000000,94105070095625,94105071258125,1162500,1258125,95625,94105080000000,0,0,0
1,3379,94105080000000,94105080096625,94105081272750,1176125,1272750,96625,94105090000000,0,0,0
1,3380,94105090000000,94105090092875,94105091267625,1174750,1267625,92875,94105100000000,0,0,0
1,3381,94105100000000,94105100094375,94105101279375,1185000,1279375,94375,94105110000000,0,0,0
1,3382,94105110000000,94105110091125,94105111269625,1178500,1269625,91125,94105120000000,0,0,0
1,3383,94105120000000,94105120086125,94105121269375,1183250,1269375,86125,94105130000000,0,0,0
1,3384,94105130000000,94105130090375,94105131263250,1172875,1263250,90375,94105140000000,0,0,0
1,3385,94105140000000,94105140087000,94105141051750,964750,1051750,87000,94105150000000,0,0,0
1,3386,94105150000000,94105150104750,94105151276750,1172000,1276750,104750,94105160000000,0,0,0
1,3387,94105160000000,94105160087375,94105161265250,1177875,1265250,87375,94105170000000,0,0,0
1,3388,94105170000000,94105170088000,94105171257750,1169750,1257750,88000,94105180000000,0,0,0
1,3389,94105180000000,94105180088875,94105181271500,1182625,1271500,88875,94105190000000,0,0,0
1,3390,94105190000000,94105190090375,94105191263125,1172750,1263125,90375,94105200000000,0,0,0
1,3391,94105200000000,94105200088625,94105201273375,1184750,1273375,88625,94105210000000,0,0,0
1,3392,94105210000000,94105210095625,94105211276750,1181125,1276750,95625,94105220000000,0,0,0
1,3393,94105220000000,94105220090250,94105221282750,1192500,1282750,90250,94105230000000,0,0,0
1,3394,94105230000000,94105230089625,94105231267500,1177875,1267500,89625,94105240000000,0,0,0
1,3395,94105240000000,94105240100625,94105241279375,1178750,1279375,100625,94105250000000,0,0,0
1,3396,94105250000000,94105250091750,94105251276625,1184875,1276625,91750,94105260000000,0,0,0
1,3397,94105260000000,94105260096500,94105261285500,1189000,1285500,96500,94105270000000,0,0,0
1,3398,94105270000000,94105270089875,94105271278125,1188250,1278125,89875,94105280000000,0,0,0
1,3399,94105280000000,94105280085625,94105281266250,1180625,1266250,85625,94105290000000,0,0,0
1,3400,94105290000000,94105290093000,94105291278250,1185250,1278250,93000,94105300000000,0,0,0
1,3401,94105300000000,94105300086250,94105301270875,1184625,1270875,86250,94105310000000,0,0,0
1,3402,94105310000000,94105310097375,94105311290875,1193500,1290875,97375,94105320000000,0,0,0
1,3403,94105320000000,94105320085375,94105321255250,1169875,1255250,85375,94105330000000,0,0,0
1,3404,94105330000000,94105330103750,94105331277375,1173625,1277375,103750,94105340000000,0,0,0
1,3405,94105340000000,94105340086750,94105341263250,1176500,1263250,86750,94105350000000,0,0,0
1,3406,94105350000000,94105350093250,94105351281750,1188500,1281750,93250,94105360000000,0,0,0
1,3407,94105360000000,94105360085750,94105361264375,1178625,1264375,85750,94105370000000,0,0,0
1,3408,94105370000000,94105370092000,94105371067125,975125,1067125,92000,94105380000000,0,0,0
1,3409,94105380000000,94105380091875,94105381277375,1185500,1277375,91875,94105390000000,0,0,0
1,3410,94105390000000,94105390093250,94105391284250,1191000,1284250,93250,94105400000000,0,0,0
1,3411,94105400000000,94105400081625,94105401064125,982500,1064125,81625,94105410000000,0,0,0
1,3412,94105410000000,94105410097000,94105411282750,1185750,1282750,97000,94105420000000,0,0,0
1,3413,94105420000000,94105420087000,94105421268750,1181750,1268750,87000,94105430000000,0,0,0
1,3414,94105430000000,94105430094375,94105431271000,1176625,1271000,94375,94105440000000,0,0,0
1,3415,94105440000000,94105440098375,94105441296000,1197625,1296000,98375,94105450000000,0,0,0
1,3416,94105450000000,94105450096875,94105451289375,1192500,1289375,96875,94105460000000,0,0,0
1,3417,94105460000000,94105460085500,94105461276375,1190875,1276375,85500,94105470000000,0,0,0
1,3418,94105470000000,94105470102875,94105471293750,1190875,1293750,102875,94105480000000,0,0,0
1,3419,94105480000000,94105480087750,94105481275125,1187375,1275125,87750,94105490000000,0,0,0
1,3420,94105490000000,94105490104000,94105491293875,1189875,1293875,104000,94105500000000,0,0,0
1,3421,94105500000000,94105500087000,94105501265250,1178250,1265250,87000,94105510000000,0,0,0
1,3422,94105510000000,94105510093250,94105511289000,1195750,1289000,93250,94105520000000,0,0,0
1,3423,94105520000000,94105520082500,94105521063375,980875,1063375,82500,94105530000000,0,0,0
1,3424,94105530000000,94105530094125,94105531290375,1196250,1290375,94125,94105540000000,0,0,0
1,3425,94105540000000,94105540087250,94105541275000,1187750,1275000,87250,94105550000000,0,0,0
1,3426,94105550000000,94105550102125,94105551276625,1174500,1276625,102125,94105560000000,0,0,0
1,3427,94105560000000,94105560096250,94105561298750,1202500,1298750,96250,94105570000000,0,0,0
1,3428,94105570000000,94105570095125,94105571284125,1189000,1284125,95125,94105580000000,0,0,0
1,3429,94105580000000,94105580096625,94105581283750,1187125,1283750,96625,94105590000000,0,0,0
1,3430,94105590000000,94105590094500,94105591274750,1180250,1274750,94500,94105600000000,0,0,0
1,3431,94105600000000,94105600075500,94105601261750,1186250,1261750,75500,94105610000000,0,0,0
1,3432,94105610000000,94105610094875,94105611268750,1173875,1268750,94875,94105620000000,0,0,0
1,3433,94105620000000,94105620084625,94105621268375,1183750,1268375,84625,94105630000000,0,0,0
1,3434,94105630000000,94105630095250,94105631280000,1184750,1280000,95250,94105640000000,0,0,0
1,3435,94105640000000,94105640085750,94105641266750,1181000,1266750,85750,94105650000000,0,0,0
1,3436,94105650000000,94105650103250,94105651276875,1173625,1276875,103250,94105660000000,0,0,0
1,3437,94105660000000,94105660086500,94105661262125,1175625,1262125,86500,94105670000000,0,0,0
1,3438,94105670000000,94105670104500,94105671283500,1179000,1283500,104500,94105680000000,0,0,0
1,3439,94105680000000,94105680086875,94105681256500,1169625,1256500,86875,94105690000000,0,0,0
1,3440,94105690000000,94105690105625,94105691296125,1190500,1296125,105625,94105700000000,0,0,0
1,3441,94105700000000,94105700085625,94105701260500,1174875,1260500,85625,94105710000000,0,0,0
1,3442,94105710000000,94105710108625,94105711297625,1189000,1297625,108625,94105720000000,0,0,0
1,3443,94105720000000,94105720085750,94105721265875,1180125,1265875,85750,94105730000000,0,0,0
1,3444,94105730000000,94105730090125,94105731285375,1195250,1285375,90125,94105740000000,0,0,0
1,3445,94105740000000,94105740086375,94105741273500,1187125,1273500,86375,94105750000000,0,0,0
1,3446,94105750000000,94105750095000,94105751276500,1181500,1276500,95000,94105760000000,0,0,0
1,3447,94105760000000,94105760095875,94105761288875,1193000,1288875,95875,94105770000000,0,0,0
1,3448,94105770000000,94105770095125,94105771267750,1172625,1267750,95125,94105780000000,0,0,0
1,3449,94105780000000,94105780099750,94105781277625,1177875,1277625,99750,94105790000000,0,0,0
1,3450,94105790000000,94105790096500,94105791076500,980000,1076500,96500,94105800000000,0,0,0
1,3451,94105800000000,94105800100000,94105801071625,971625,1071625,100000,94105810000000,0,0,0
1,3452,94105810000000,94105810092625,94105811279125,1186500,1279125,92625,94105820000000,0,0,0
1,3453,94105820000000,94105820075750,94105821269375,1193625,1269375,75750,94105830000000,0,0,0
1,3454,94105830000000,94105830095125,94105831271250,1176125,1271250,95125,94105840000000,0,0,0
1,3455,94105840000000,94105840088875,94105841256500,1167625,1256500,88875,94105850000000,0,0,0
1,3456,94105850000000,94105850104000,94105851281625,1177625,1281625,104000,94105860000000,0,0,0
1,3457,94105860000000,94105860090875,94105861276000,1185125,1276000,90875,94105870000000,0,0,0
1,3458,94105870000000,94105870121500,94105871308625,1187125,1308625,121500,94105880000000,0,0,0
1,3459,94105880000000,94105880085125,94105881251250,1166125,1251250,85125,94105890000000,0,0,0
1,3460,94105890000000,94105890093125,94105891276125,1183000,1276125,93125,94105900000000,0,0,0
1,3461,94105900000000,94105900087750,94105901274875,1187125,1274875,87750,94105910000000,0,0,0
1,3462,94105910000000,94105910091750,94105911273375,1181625,1273375,91750,94105920000000,0,0,0
1,3463,94105920000000,94105920091625,94105921277500,1185875,1277500,91625,94105930000000,0,0,0
1,3464,94105930000000,94105930094625,94105931288000,1193375,1288000,94625,94105940000000,0,0,0
1,3465,94105940000000,94105940094125,94105941276625,1182500,1276625,94125,94105950000000,0,0,0
1,3466,94105950000000,94105950094750,94105951273125,1178375,1273125,94750,94105960000000,0,0,0
1,3467,94105960000000,94105960097625,94105961288125,1190500,1288125,97625,94105970000000,0,0,0
1,3468,94105970000000,94105970092875,94105971276125,1183250,1276125,92875,94105980000000,0,0,0
1,3469,94105980000000,94105980087125,94105981069625,982500,1069625,87125,94105990000000,0,0,0
1,3470,94105990000000,94105990097875,94105991279875,1182000,1279875,97875,94106000000000,0,0,0
1,3471,94106000000000,94106000084500,94106001069625,985125,1069625,84500,94106010000000,0,0,0
1,3472,94106010000000,94106010095125,94106011287250,1192125,1287250,95125,94106020000000,0,0,0
1,3473,94106020000000,94106020088250,94106021260125,1171875,1260125,88250,94106030000000,0,0,0
1,3474,94106030000000,94106030093875,94106031273625,1179750,1273625,93875,94106040000000,0,0,0
1,3475,94106040000000,94106040089000,94106041276000,1187000,1276000,89000,94106050000000,0,0,0
1,3476,94106050000000,94106050093750,94106051261625,1167875,1261625,93750,94106060000000,0,0,0
1,3477,94106060000000,94106060086125,94106061265250,1179125,1265250,86125,94106070000000,0,0,0
1,3478,94106070000000,94106070101500,94106071280250,1178750,1280250,101500,94106080000000,0,0,0
1,3479,94106080000000,94106080092000,94106081269250,1177250,1269250,92000,94106090000000,0,0,0
1,3480,94106090000000,94106090104625,94106091068625,964000,1068625,104625,94106100000000,0,0,0
1,3481,94106100000000,94106100087125,94106101261625,1174500,1261625,87125,94106110000000,0,0,0
1,3482,94106110000000,94106110103250,94106111296000,1192750,1296000,103250,94106120000000,0,0,0
1,3483,94106120000000,94106120087875,94106121290250,1202375,1290250,87875,94106130000000,0,0,0
1,3484,94106130000000,94106130104875,94106131300375,1195500,1300375,104875,94106140000000,0,0,0
1,3485,94106140000000,94106140088250,94106141274625,1186375,1274625,88250,94106150000000,0,0,0
1,3486,94106150000000,94106150105125,94106151289500,1184375,1289500,105125,94106160000000,0,0,0
1,3487,94106160000000,94106160086500,94106161253500,1167000,1253500,86500,94106170000000,0,0,0
1,3488,94106170000000,94106170105500,94106171277625,1172125,1277625,105500,94106180000000,0,0,0
1,3489,94106180000000,94106180078000,94106181255125,1177125,1255125,78000,94106190000000,0,0,0
1,3490,94106190000000,94106190093250,94106191063625,970375,1063625,93250,94106200000000,0,0,0
1,3491,94106200000000,94106200085625,94106201251500,1165875,1251500,85625,94106210000000,0,0,0
1,3492,94106210000000,94106210093000,94106211272625,1179625,1272625,93000,94106220000000,0,0,0
1,3493,94106220000000,94106220085000,94106221256500,1171500,1256500,85000,94106230000000,0,0,0
1,3494,94106230000000,94106230092875,94106231076750,983875,1076750,92875,94106240000000,0,0,0
1,3495,94106240000000,94106240098250,94106241276000,1177750,1276000,98250,94106250000000,0,0,0
1,3496,94106250000000,94106250093375,94106251265625,1172250,1265625,93375,94106260000000,0,0,0
1,3497,94106260000000,94106260096625,94106261283375,1186750,1283375,96625,94106270000000,0,0,0
1,3498,94106270000000,94106270093875,94106271267000,1173125,1267000,93875,94106280000000,0,0,0
1,3499,94106280000000,94106280089000,94106281283625,1194625,1283625,89000,94106290000000,0,0,0
1,3500,94106290000000,94106290094000,94106291282250,1188250,1282250,94000,94106300000000,0,0,0
1,3501,94106300000000,94106300089625,94106301273250,1183625,1273250,89625,94106310000000,0,0,0
1,3502,94106310000000,94106310101875,94106311290625,1188750,1290625,101875,94106320000000,0,0,0
1,3503,94106320000000,94106320088125,94106321277625,1189500,1277625,88125,94106330000000,0,0,0
1,3504,94106330000000,94106330104625,94106331272500,1167875,1272500,104625,94106340000000,0,0,0
1,3505,94106340000000,94106340093500,94106341282750,1189250,1282750,93500,94106350000000,0,0,0
1,3506,94106350000000,94106350104125,94106351288250,1184125,1288250,104125,94106360000000,0,0,0
1,3507,94106360000000,94106360086000,94106361271000,1185000,1271000,86000,94106370000000,0,0,0
1,3508,94106370000000,94106370091625,94106371269625,1178000,1269625,91625,94106380000000,0,0,0
1,3509,94106380000000,94106380085125,94106381070125,985000,1070125,85125,94106390000000,0,0,0
1,3510,94106390000000,94106390094125,94106391286125,1192000,1286125,94125,94106400000000,0,0,0
1,3511,94106400000000,94106400086500,94106401281625,1195125,1281625,86500,94106410000000,0,0,0
1,3512,94106410000000,94106410092625,94106411279750,1187125,1279750,92625,94106420000000,0,0,0
1,3513,94106420000000,94106420095875,94106421291625,1195750,1291625,95875,94106430000000,0,0,0
1,3514,94106430000000,94106430092500,94106431258500,1166000,1258500,92500,94106440000000,0,0,0
1,3515,94106440000000,94106440097250,94106441287875,1190625,1287875,97250,94106450000000,0,0,0
1,3516,94106450000000,94106450093375,94106451284750,1191375,1284750,93375,94106460000000,0,0,0
1,3517,94106460000000,94106460084875,94106461263875,1179000,1263875,84875,94106470000000,0,0,0
1,3518,94106470000000,94106470096500,94106471283875,1187375,1283875,96500,94106480000000,0,0,0
1,3519,94106480000000,94106480084500,94106481252875,1168375,1252875,84500,94106490000000,0,0,0
1,3520,94106490000000,94106490103625,94106491289000,1185375,1289000,103625,94106500000000,0,0,0
1,3521,94106500000000,94106500089875,94106501271125,1181250,1271125,89875,94106510000000,0,0,0
1,3522,94106510000000,94106510104250,94106511296250,1192000,1296250,104250,94106520000000,0,0,0
1,3523,94106520000000,94106520088375,94106521273750,1185375,1273750,88375,94106530000000,0,0,0
1,3524,94106530000000,94106530104000,94106531073250,969250,1073250,104000,94106540000000,0,0,0
1,3525,94106540000000,94106540086250,94106541264750,1178500,1264750,86250,94106550000000,0,0,0
1,3526,94106550000000,94106550090750,94106551072875,982125,1072875,90750,94106560000000,0,0,0
1,3527,94106560000000,94106560087375,94106561273125,1185750,1273125,87375,94106570000000,0,0,0
1,3528,94106570000000,94106570094625,94106571271875,1177250,1271875,94625,94106580000000,0,0,0
1,3529,94106580000000,94106580088000,94106581275000,1187000,1275000,88000,94106590000000,0,0,0
1,3530,94106590000000,94106590095000,94106591277125,1182125,1277125,95000,94106600000000,0,0,0
1,3531,94106600000000,94106600088625,94106601275250,1186625,1275250,88625,94106610000000,0,0,0
1,3532,94106610000000,94106610089125,94106611282000,1192875,1282000,89125,94106620000000,0,0,0
1,3533,94106620000000,94106620079250,94106621263750,1184500,1263750,79250,94106630000000,0,0,0
1,3534,94106630000000,94106630090500,94106631282750,1192250,1282750,90500,94106640000000,0,0,0
1,3535,94106640000000,94106640098625,94106641290000,1191375,1290000,98625,94106650000000,0,0,0
1,3536,94106650000000,94106650091000,94106651279375,1188375,1279375,91000,94106660000000,0,0,0
1,3537,94106660000000,94106660099125,94106661276000,1176875,1276000,99125,94106670000000,0,0,0
1,3538,94106670000000,94106670090500,94106671264625,1174125,1264625,90500,94106680000000,0,0,0
1,3539,94106680000000,94106680096875,94106681075750,978875,1075750,96875,94106690000000,0,0,0
1,3540,94106690000000,94106690093125,94106691284875,1191750,1284875,93125,94106700000000,0,0,0
1,3541,94106700000000,94106700099000,94106701275375,1176375,1275375,99000,94106710000000,0,0,0
1,3542,94106710000000,94106710094125,94106711290125,1196000,1290125,94125,94106720000000,0,0,0
1,3543,94106720000000,94106720083000,94106721273250,1190250,1273250,83000,94106730000000,0,0,0
1,3544,94106730000000,94106730097750,94106731275000,1177250,1275000,97750,94106740000000,0,0,0
1,3545,94106740000000,94106740094875,94106741288000,1193125,1288000,94875,94106750000000,0,0,0
1,3546,94106750000000,94106750095875,94106751270250,1174375,1270250,95875,94106760000000,0,0,0
1,3547,94106760000000,94106760084750,94106761268000,1183250,1268000,84750,94106770000000,0,0,0
1,3548,94106770000000,94106770101625,94106771276500,1174875,1276500,101625,94106780000000,0,0,0
1,3549,94106780000000,94106780084875,94106781268375,1183500,1268375,84875,94106790000000,0,0,0
1,3550,94106790000000,94106790104500,94106791276000,1171500,1276000,104500,94106800000000,0,0,0
1,3551,94106800000000,94106800085750,94106801279625,1193875,1279625,85750,94106810000000,0,0,0
1,3552,94106810000000,94106810092625,94106811287625,1195000,1287625,92625,94106820000000,0,0,0
1,3553,94106820000000,94106820092875,94106821291125,1198250,1291125,92875,94106830000000,0,0,0
1,3554,94106830000000,94106830093625,94106831278875,1185250,1278875,93625,94106840000000,0,0,0
1,3555,94106840000000,94106840101500,94106841289250,1187750,1289250,101500,94106850000000,0,0,0
1,3556,94106850000000,94106850092875,94106851272875,1180000,1272875,92875,94106860000000,0,0,0
1,3557,94106860000000,94106860086625,94106861281625,1195000,1281625,86625,94106870000000,0,0,0
1,3558,94106870000000,94106870091500,94106871286500,1195000,1286500,91500,94106880000000,0,0,0
1,3559,94106880000000,94106880083500,94106881263500,1180000,1263500,83500,94106890000000,0,0,0
1,3560,94106890000000,94106890107000,94106891287875,1180875,1287875,107000,94106900000000,0,0,0
1,3561,94106900000000,94106900086000,94106901275000,1189000,1275000,86000,94106910000000,0,0,0
1,3562,94106910000000,94106910093000,94106911261375,1168375,1261375,93000,94106920000000,0,0,0
1,3563,94106920000000,94106920086750,94106921269625,1182875,1269625,86750,94106930000000,0,0,0
1,3564,94106930000000,94106930092125,94106931264125,1172000,1264125,92125,94106940000000,0,0,0
1,3565,94106940000000,94106940082500,94106941253375,1170875,1253375,82500,94106950000000,0,0,0
1,3566,94106950000000,94106950090250,94106951268125,1177875,1268125,90250,94106960000000,0,0,0
1,3567,94106960000000,94106960086250,94106961267125,1180875,1267125,86250,94106970000000,0,0,0
1,3568,94106970000000,94106970093125,94106971262750,1169625,1262750,93125,94106980000000,0,0,0
1,3569,94106980000000,94106980098000,94106981295250,1197250,1295250,98000,94106990000000,0,0,0
1,3570,94106990000000,94106990093625,94106991272625,1179000,1272625,93625,94107000000000,0,0,0
1,3571,94107000000000,94107000085375,94107001265625,1180250,1265625,85375,94107010000000,0,0,0
1,3572,94107010000000,94107010095500,94107011281000,1185500,1281000,95500,94107020000000,0,0,0
1,3573,94107020000000,94107020086000,94107021273750,1187750,1273750,86000,94107030000000,0,0,0
1,3574,94107030000000,94107030092750,94107031272750,1180000,1272750,92750,94107040000000,0,0,0
1,3575,94107040000000,94107040084250,94107041259625,1175375,1259625,84250,94107050000000,0,0,0
1,3576,94107050000000,94107050101500,94107051287375,1185875,1287375,101500,94107060000000,0,0,0
1,3577,94107060000000,94107060086000,94107061269875,1183875,1269875,86000,94107070000000,0,0,0
1,3578,94107070000000,94107070102500,94107071292500,1190000,1292500,102500,94107080000000,0,0,0
1,3579,94107080000000,94107080088250,94107081270250,1182000,1270250,88250,94107090000000,0,0,0
1,3580,94107090000000,94107090090375,94107091275250,1184875,1275250,90375,94107100000000,0,0,0
1,3581,94107100000000,94107100088250,94107101275500,1187250,1275500,88250,94107110000000,0,0,0
1,3582,94107110000000,94107110092625,94107111269125,1176500,1269125,92625,94107120000000,0,0,0
1,3583,94107120000000,94107120087375,94107121270875,1183500,1270875,87375,94107130000000,0,0,0
1,3584,94107130000000,94107130092125,94107131266750,1174625,1266750,92125,94107140000000,0,0,0
1,3585,94107140000000,94107140101000,94107141294375,1193375,1294375,101000,94107150000000,0,0,0
1,3586,94107150000000,94107150093875,94107151271625,1177750,1271625,93875,94107160000000,0,0,0
1,3587,94107160000000,94107160090000,94107161288250,1198250,1288250,90000,94107170000000,0,0,0
1,3588,94107170000000,94107170104500,94107171290875,1186375,1290875,104500,94107180000000,0,0,0
1,3589,94107180000000,94107180090750,94107181269000,1178250,1269000,90750,94107190000000,0,0,0
1,3590,94107190000000,94107190104500,94107191283000,1178500,1283000,104500,94107200000000,0,0,0
1,3591,94107200000000,94107200090375,94107201079375,989000,1079375,90375,94107210000000,0,0,0
1,3592,94107210000000,94107210103750,94107211286875,1183125,1286875,103750,94107220000000,0,0,0
1,3593,94107220000000,94107220089750,94107221258750,1169000,1258750,89750,94107230000000,0,0,0
1,3594,94107230000000,94107230093250,94107231260750,1167500,1260750,93250,94107240000000,0,0,0
1,3595,94107240000000,94107240083625,94107241263500,1179875,1263500,83625,94107250000000,0,0,0
1,3596,94107250000000,94107250093750,94107251283875,1190125,1283875,93750,94107260000000,0,0,0
1,3597,94107260000000,94107260088125,94107261279000,1190875,1279000,88125,94107270000000,0,0,0
1,3598,94107270000000,94107270095625,94107271070000,974375,1070000,95625,94107280000000,0,0,0
1,3599,94107280000000,94107280100750,94107281289500,1188750,1289500,100750,94107290000000,0,0,0
1,3600,94107290000000,94107290094750,94107291272375,1177625,1272375,94750,94107300000000,0,0,0
1,3601,94107300000000,94107300100375,94107301284125,1183750,1284125,100375,94107310000000,0,0,0
1,3602,94107310000000,94107310094250,94107311266250,1172000,1266250,94250,94107320000000,0,0,0
1,3603,94107320000000,94107320101375,94107321296500,1195125,1296500,101375,94107330000000,0,0,0
1,3604,94107330000000,94107330092250,94107331066250,974000,1066250,92250,94107340000000,0,0,0
1,3605,94107340000000,94107340085625,94107341281250,1195625,1281250,85625,94107350000000,0,0,0
1,3606,94107350000000,94107350093375,94107351275000,1181625,1275000,93375,94107360000000,0,0,0
1,3607,94107360000000,94107360084750,94107361267125,1182375,1267125,84750,94107370000000,0,0,0
1,3608,94107370000000,94107370104500,94107371286125,1181625,1286125,104500,94107380000000,0,0,0
1,3609,94107380000000,94107380085750,94107381265250,1179500,1265250,85750,94107390000000,0,0,0
1,3610,94107390000000,94107390092500,94107391287375,1194875,1287375,92500,94107400000000,0,0,0
1,3611,94107400000000,94107400087250,94107401256000,1168750,1256000,87250,94107410000000,0,0,0
1,3612,94107410000000,94107410091000,94107411273125,1182125,1273125,91000,94107420000000,0,0,0
1,3613,94107420000000,94107420093000,94107421269250,1176250,1269250,93000,94107430000000,0,0,0
1,3614,94107430000000,94107430096125,94107431269625,1173500,1269625,96125,94107440000000,0,0,0
1,3615,94107440000000,94107440093750,94107441268000,1174250,1268000,93750,94107450000000,0,0,0
1,3616,94107450000000,94107450094750,94107451273375,1178625,1273375,94750,94107460000000,0,0,0
1,3617,94107460000000,94107460098375,94107461278250,1179875,1278250,98375,94107470000000,0,0,0
1,3618,94107470000000,94107470094875,94107471061250,966375,1061250,94875,94107480000000,0,0,0
1,3619,94107480000000,94107480088375,94107481265250,1176875,1265250,88375,94107490000000,0,0,0
1,3620,94107490000000,94107490088125,94107491267375,1179250,1267375,88125,94107500000000,0,0,0
1,3621,94107500000000,94107500087625,94107501285250,1197625,1285250,87625,94107510000000,0,0,0
1,3622,94107510000000,94107510089375,94107511272000,1182625,1272000,89375,94107520000000,0,0,0
1,3623,94107520000000,94107520088750,94107521279875,1191125,1279875,88750,94107530000000,0,0,0
1,3624,94107530000000,94107530099375,94107531265375,1166000,1265375,99375,94107540000000,0,0,0
1,3625,94107540000000,94107540090125,94107541276250,1186125,1276250,90125,94107550000000,0,0,0
1,3626,94107550000000,94107550109500,94107551298250,1188750,1298250,109500,94107560000000,0,0,0
1,3627,94107560000000,94107560120750,94107561311625,1190875,1311625,120750,94107570000000,0,0,0
1,3628,94107570000000,94107570100250,94107571280125,1179875,1280125,100250,94107580000000,0,0,0
1,3629,94107580000000,94107580087000,94107581282125,1195125,1282125,87000,94107590000000,0,0,0
1,3630,94107590000000,94107590091500,94107591269250,1177750,1269250,91500,94107600000000,0,0,0
1,3631,94107600000000,94107600091250,94107601299125,1207875,1299125,91250,94107610000000,0,0,0
1,3632,94107610000000,94107610093375,94107611280000,1186625,1280000,93375,94107620000000,0,0,0
1,3633,94107620000000,94107620098625,94107621295125,1196500,1295125,98625,94107630000000,0,0,0
1,3634,94107630000000,94107630093375,94107631265500,1172125,1265500,93375,94107640000000,0,0,0
1,3635,94107640000000,94107640088625,94107641268750,1180125,1268750,88625,94107650000000,0,0,0
1,3636,94107650000000,94107650094000,94107651267125,1173125,1267125,94000,94107660000000,0,0,0
1,3637,94107660000000,94107660088000,94107661278000,1190000,1278000,88000,94107670000000,0,0,0
1,3638,94107670000000,94107670092875,94107671277750,1184875,1277750,92875,94107680000000,0,0,0
1,3639,94107680000000,94107680088750,94107681264125,1175375,1264125,88750,94107690000000,0,0,0
1,3640,94107690000000,94107690101000,94107691298000,1197000,1298000,101000,94107700000000,0,0,0
1,3641,94107700000000,94107700087250,94107701253375,1166125,1253375,87250,94107710000000,0,0,0
1,3642,94107710000000,94107710103125,94107711290000,1186875,1290000,103125,94107720000000,0,0,0
1,3643,94107720000000,94107720085500,94107721261500,1176000,1261500,85500,94107730000000,0,0,0
1,3644,94107730000000,94107730093375,94107731275000,1181625,1275000,93375,94107740000000,0,0,0
1,3645,94107740000000,94107740082125,94107741266500,1184375,1266500,82125,94107750000000,0,0,0
1,3646,94107750000000,94107750096125,94107751274375,1178250,1274375,96125,94107760000000,0,0,0
1,3647,94107760000000,94107760085375,94107761263625,1178250,1263625,85375,94107770000000,0,0,0
1,3648,94107770000000,94107770093000,94107771074625,981625,1074625,93000,94107780000000,0,0,0
1,3649,94107780000000,94107780098750,94107781280125,1181375,1280125,98750,94107790000000,0,0,0
1,3650,94107790000000,94107790093000,94107791274125,1181125,1274125,93000,94107800000000,0,0,0
1,3651,94107800000000,94107800084500,94107801270375,1185875,1270375,84500,94107810000000,0,0,0
1,3652,94107810000000,94107810096625,94107811277500,1180875,1277500,96625,94107820000000,0,0,0
1,3653,94107820000000,94107820087500,94107821272125,1184625,1272125,87500,94107830000000,0,0,0
1,3654,94107830000000,94107830093625,94107831068250,974625,1068250,93625,94107840000000,0,0,0
1,3655,94107840000000,94107840085625,94107841268750,1183125,1268750,85625,94107850000000,0,0,0
1,3656,94107850000000,94107850102750,94107851293375,1190625,1293375,102750,94107860000000,0,0,0
1,3657,94107860000000,94107860086625,94107861068000,981375,1068000,86625,94107870000000,0,0,0
1,3658,94107870000000,94107870102250,94107871297750,1195500,1297750,102250,94107880000000,0,0,0
1,3659,94107880000000,94107880084875,94107881277875,1193000,1277875,84875,94107890000000,0,0,0
1,3660,94107890000000,94107890091625,94107891269000,1177375,1269000,91625,94107900000000,0,0,0
1,3661,94107900000000,94107900085750,94107901275250,1189500,1275250,85750,94107910000000,0,0,0
1,3662,94107910000000,94107910094375,94107911278250,1183875,1278250,94375,94107920000000,0,0,0
1,3663,94107920000000,94107920083750,94107921253750,1170000,1253750,83750,94107930000000,0,0,0
1,3664,94107930000000,94107930094000,94107931270625,1176625,1270625,94000,94107940000000,0,0,0
1,3665,94107940000000,94107940093750,94107941263875,1170125,1263875,93750,94107950000000,0,0,0
1,3666,94107950000000,94107950091000,94107951282375,1191375,1282375,91000,94107960000000,0,0,0
1,3667,94107960000000,94107960096500,94107961277375,1180875,1277375,96500,94107970000000,0,0,0
1,3668,94107970000000,94107970093250,94107971282875,1189625,1282875,93250,94107980000000,0,0,0
1,3669,94107980000000,94107980095125,94107981285250,1190125,1285250,95125,94107990000000,0,0,0
1,3670,94107990000000,94107990095250,94107991283250,1188000,1283250,95250,94108000000000,0,0,0
1,3671,94108000000000,94108000086125,94108001053500,967375,1053500,86125,94108010000000,0,0,0
1,3672,94108010000000,94108010092875,94108011270625,1177750,1270625,92875,94108020000000,0,0,0
1,3673,94108020000000,94108020087375,94108021273500,1186125,1273500,87375,94108030000000,0,0,0
1,3674,94108030000000,94108030104125,94108031292125,1188000,1292125,104125,94108040000000,0,0,0
1,3675,94108040000000,94108040091250,94108041285125,1193875,1285125,91250,94108050000000,0,0,0
1,3676,94108050000000,94108050103875,94108051299250,1195375,1299250,103875,94108060000000,0,0,0
1,3677,94108060000000,94108060086875,94108061268875,1182000,1268875,86875,94108070000000,0,0,0
1,3678,94108070000000,94108070103875,94108071277125,1173250,1277125,103875,94108080000000,0,0,0
1,3679,94108080000000,94108080085000,94108081269500,1184500,1269500,85000,94108090000000,0,0,0
1,3680,94108090000000,94108090104625,94108091292250,1187625,1292250,104625,94108100000000,0,0,0
1,3681,94108100000000,94108100086125,94108101271625,1185500,1271625,86125,94108110000000,0,0,0
1,3682,94108110000000,94108110094750,94108111282875,1188125,1282875,94750,94108120000000,0,0,0
1,3683,94108120000000,94108120090125,94108121261250,1171125,1261250,90125,94108130000000,0,0,0
1,3684,94108130000000,94108130086500,94108131267125,1180625,1267125,86500,94108140000000,0,0,0
1,3685,94108140000000,94108140097250,94108141079375,982125,1079375,97250,94108150000000,0,0,0
1,3686,94108150000000,94108150094625,94108151273500,1178875,1273500,94625,94108160000000,0,0,0
1,3687,94108160000000,94108160087500,94108161268125,1180625,1268125,87500,94108170000000,0,0,0
1,3688,94108170000000,94108170093250,94108171277750,1184500,1277750,93250,94108180000000,0,0,0
1,3689,94108180000000,94108180087000,94108181265750,1178750,1265750,87000,94108190000000,0,0,0
1,3690,94108190000000,94108190095375,94108191268000,1172625,1268000,95375,94108200000000,0,0,0
1,3691,94108200000000,94108200087750,94108201263125,1175375,1263125,87750,94108210000000,0,0,0
1,3692,94108210000000,94108210104125,94108211294250,1190125,1294250,104125,94108220000000,0,0,0
1,3693,94108220000000,94108220088875,94108221253375,1164500,1253375,88875,94108230000000,0,0,0
1,3694,94108230000000,94108230103250,94108231279250,1176000,1279250,103250,94108240000000,0,0,0
1,3695,94108240000000,94108240088625,94108241270125,1181500,1270125,88625,94108250000000,0,0,0
1,3696,94108250000000,94108250086250,94108251274750,1188500,1274750,86250,94108260000000,0,0,0
1,3697,94108260000000,94108260087125,94108261275000,1187875,1275000,87125,94108270000000,0,0,0
1,3698,94108270000000,94108270092375,94108271288125,1195750,1288125,92375,94108280000000,0,0,0
1,3699,94108280000000,94108280086375,94108281272375,1186000,1272375,86375,94108290000000,0,0,0
1,3700,94108290000000,94108290087625,94108291259750,1172125,1259750,87625,94108300000000,0,0,0
1,3701,94108300000000,94108300096375,94108301290250,1193875,1290250,96375,94108310000000,0,0,0
1,3702,94108310000000,94108310090750,94108311260625,1169875,1260625,90750,94108320000000,0,0,0
1,3703,94108320000000,94108320086125,94108321267125,1181000,1267125,86125,94108330000000,0,0,0
1,3704,94108330000000,94108330090875,94108331285875,1195000,1285875,90875,94108340000000,0,0,0
1,3705,94108340000000,94108340088125,94108341280500,1192375,1280500,88125,94108350000000,0,0,0
1,3706,94108350000000,94108350090500,94108351254375,1163875,1254375,90500,94108360000000,0,0,0
1,3707,94108360000000,94108360086500,94108361268125,1181625,1268125,86500,94108370000000,0,0,0
1,3708,94108370000000,94108370100750,94108371277625,1176875,1277625,100750,94108380000000,0,0,0
1,3709,94108380000000,94108380088125,94108381270000,1181875,1270000,88125,94108390000000,0,0,0
1,3710,94108390000000,94108390103125,94108391276500,1173375,1276500,103125,94108400000000,0,0,0
1,3711,94108400000000,94108400087250,94108401062875,975625,1062875,87250,94108410000000,0,0,0
1,3712,94108410000000,94108410103000,94108411288625,1185625,1288625,103000,94108420000000,0,0,0
1,3713,94108420000000,94108420089125,94108421274875,1185750,1274875,89125,94108430000000,0,0,0
1,3714,94108430000000,94108430089875,94108431272875,1183000,1272875,89875,94108440000000,0,0,0
1,3715,94108440000000,94108440088125,94108441255875,1167750,1255875,88125,94108450000000,0,0,0
1,3716,94108450000000,94108450091875,94108451258750,1166875,1258750,91875,94108460000000,0,0,0
1,3717,94108460000000,94108460093000,94108461279625,1186625,1279625,93000,94108470000000,0,0,0
1,3718,94108470000000,94108470095125,94108471268500,1173375,1268500,95125,94108480000000,0,0,0
1,3719,94108480000000,94108480099000,94108481291125,1192125,1291125,99000,94108490000000,0,0,0
1,3720,94108490000000,94108490095875,94108491287875,1192000,1287875,95875,94108500000000,0,0,0
1,3721,94108500000000,94108500099000,94108501290500,1191500,1290500,99000,94108510000000,0,0,0
1,3722,94108510000000,94108510094875,94108511272750,1177875,1272750,94875,94108520000000,0,0,0
1,3723,94108520000000,94108520099875,94108521072250,972375,1072250,99875,94108530000000,0,0,0
1,3724,94108530000000,94108530095000,94108531262125,1167125,1262125,95000,94108540000000,0,0,0
1,3725,94108540000000,94108540084375,94108541062125,977750,1062125,84375,94108550000000,0,0,0
1,3726,94108550000000,94108550106625,94108551293000,1186375,1293000,106625,94108560000000,0,0,0
1,3727,94108560000000,94108560088500,94108561273375,1184875,1273375,88500,94108570000000,0,0,0
1,3728,94108570000000,94108570092750,94108571274125,1181375,1274125,92750,94108580000000,0,0,0
1,3729,94108580000000,94108580089250,94108581277750,1188500,1277750,89250,94108590000000,0,0,0
1,3730,94108590000000,94108590091750,94108591272750,1181000,1272750,91750,94108600000000,0,0,0
1,3731,94108600000000,94108600097125,94108601267500,1170375,1267500,97125,94108610000000,0,0,0
1,3732,94108610000000,94108610095500,94108611285875,1190375,1285875,95500,94108620000000,0,0,0
1,3733,94108620000000,94108620083625,94108621265875,1182250,1265875,83625,94108630000000,0,0,0
1,3734,94108630000000,94108630092000,94108631276125,1184125,1276125,92000,94108640000000,0,0,0
1,3735,94108640000000,94108640088000,94108641284875,1196875,1284875,88000,94108650000000,0,0,0
1,3736,94108650000000,94108650093750,94108651277750,1184000,1277750,93750,94108660000000,0,0,0
1,3737,94108660000000,94108660077500,94108661272375,1194875,1272375,77500,94108670000000,0,0,0
1,3738,94108670000000,94108670101125,94108671274375,1173250,1274375,101125,94108680000000,0,0,0
1,3739,94108680000000,94108680084875,94108681267250,1182375,1267250,84875,94108690000000,0,0,0
1,3740,94108690000000,94108690103500,94108691294875,1191375,1294875,103500,94108700000000,0,0,0
1,3741,94108700000000,94108700076125,94108701272875,1196750,1272875,76125,94108710000000,0,0,0
1,3742,94108710000000,94108710091000,94108711264500,1173500,1264500,91000,94108720000000,0,0,0
1,3743,94108720000000,94108720083250,94108721248125,1164875,1248125,83250,94108730000000,0,0,0
1,3744,94108730000000,94108730089750,94108731057875,968125,1057875,89750,94108740000000,0,0,0
1,3745,94108740000000,94108740091375,94108741275875,1184500,1275875,91375,94108750000000,0,0,0
1,3746,94108750000000,94108750094250,94108751278375,1184125,1278375,94250,94108760000000,0,0,0
1,3747,94108760000000,94108760094250,94108761280250,1186000,1280250,94250,94108770000000,0,0,0
1,3748,94108770000000,94108770093375,94108771279500,1186125,1279500,93375,94108780000000,0,0,0
1,3749,94108780000000,94108780101750,94108781289875,1188125,1289875,101750,94108790000000,0,0,0
1,3750,94108790000000,94108790095125,94108791080500,985375,1080500,95125,94108800000000,0,0,0
1,3751,94108800000000,94108800099500,94108801283625,1184125,1283625,99500,94108810000000,0,0,0
1,3752,94108810000000,94108810095625,94108811281000,1185375,1281000,95625,94108820000000,0,0,0
1,3753,94108820000000,94108820084750,94108821274750,1190000,1274750,84750,94108830000000,0,0,0
1,3754,94108830000000,94108830095250,94108831069375,974125,1069375,95250,94108840000000,0,0,0
1,3755,94108840000000,94108840088125,94108841274000,1185875,1274000,88125,94108850000000,0,0,0
1,3756,94108850000000,94108850095250,94108851276750,1181500,1276750,95250,94108860000000,0,0,0
1,3757,94108860000000,94108860086750,94108861059250,972500,1059250,86750,94108870000000,0,0,0
1,3758,94108870000000,94108870105875,94108871290250,1184375,1290250,105875,94108880000000,0,0,0
1,3759,94108880000000,94108880087000,94108881264625,1177625,1264625,87000,94108890000000,0,0,0
1,3760,94108890000000,94108890116750,94108891320750,1204000,1320750,116750,94108900000000,0,0,0
1,3761,94108900000000,94108900101250,94108901288625,1187375,1288625,101250,94108910000000,0,0,0
1,3762,94108910000000,94108910098875,94108911287750,1188875,1287750,98875,94108920000000,0,0,0
1,3763,94108920000000,94108920090125,94108921064875,974750,1064875,90125,94108930000000,0,0,0
1,3764,94108930000000,94108930095375,94108931269250,1173875,1269250,95375,94108940000000,0,0,0
1,3765,94108940000000,94108940100375,94108941271750,1171375,1271750,100375,94108950000000,0,0,0
1,3766,94108950000000,94108950096500,94108951275750,1179250,1275750,96500,94108960000000,0,0,0
1,3767,94108960000000,94108960102375,94108961295125,1192750,1295125,102375,94108970000000,0,0,0
1,3768,94108970000000,94108970094625,94108971270125,1175500,1270125,94625,94108980000000,0,0,0
1,3769,94108980000000,94108980089250,94108981069625,980375,1069625,89250,94108990000000,0,0,0
1,3770,94108990000000,94108990097750,94108991069750,972000,1069750,97750,94109000000000,0,0,0
1,3771,94109000000000,94109000091375,94109001265375,1174000,1265375,91375,94109010000000,0,0,0
1,3772,94109010000000,94109010092875,94109011291750,1198875,1291750,92875,94109020000000,0,0,0
1,3773,94109020000000,94109020086375,94109021284000,1197625,1284000,86375,94109030000000,0,0,0
1,3774,94109030000000,94109030091500,94109031262000,1170500,1262000,91500,94109040000000,0,0,0
1,3775,94109040000000,94109040088875,94109041295000,1206125,1295000,88875,94109050000000,0,0,0
1,3776,94109050000000,94109050091875,94109051077000,985125,1077000,91875,94109060000000,0,0,0
1,3777,94109060000000,94109060088125,94109061076625,988500,1076625,88125,94109070000000,0,0,0
1,3778,94109070000000,94109070094000,94109071078500,984500,1078500,94000,94109080000000,0,0,0
1,3779,94109080000000,94109080092125,94109081264875,1172750,1264875,92125,94109090000000,0,0,0
1,3780,94109090000000,94109090103625,94109091281500,1177875,1281500,103625,94109100000000,0,0,0
1,3781,94109100000000,94109100090375,94109101270500,1180125,1270500,90375,94109110000000,0,0,0
1,3782,94109110000000,94109110104750,94109111289625,1184875,1289625,104750,94109120000000,0,0,0
1,3783,94109120000000,94109120087875,94109121266875,1179000,1266875,87875,94109130000000,0,0,0
1,3784,94109130000000,94109130089875,94109131285500,1195625,1285500,89875,94109140000000,0,0,0
1,3785,94109140000000,94109140088500,94109141269125,1180625,1269125,88500,94109150000000,0,0,0
1,3786,94109150000000,94109150115375,94109151301375,1186000,1301375,115375,94109160000000,0,0,0
1,3787,94109160000000,94109160088250,94109161079875,991625,1079875,88250,94109170000000,0,0,0
1,3788,94109170000000,94109170092875,94109171270500,1177625,1270500,92875,94109180000000,0,0,0
1,3789,94109180000000,94109180097375,94109181285750,1188375,1285750,97375,94109190000000,0,0,0
1,3790,94109190000000,94109190091125,94109191069375,978250,1069375,91125,94109200000000,0,0,0
1,3791,94109200000000,94109200098750,94109201289625,1190875,1289625,98750,94109210000000,0,0,0
1,3792,94109210000000,94109210090125,94109211275875,1185750,1275875,90125,94109220000000,0,0,0
1,3793,94109220000000,94109220085375,94109221277375,1192000,1277375,85375,94109230000000,0,0,0
1,3794,94109230000000,94109230089500,94109231060875,971375,1060875,89500,94109240000000,0,0,0
1,3795,94109240000000,94109240090000,94109241277000,1187000,1277000,90000,94109250000000,0,0,0
1,3796,94109250000000,94109250094250,94109251292375,1198125,1292375,94250,94109260000000,0,0,0
1,3797,94109260000000,94109260086625,94109261265875,1179250,1265875,86625,94109270000000,0,0,0
1,3798,94109270000000,94109270102875,94109271290500,1187625,1290500,102875,94109280000000,0,0,0
1,3799,94109280000000,94109280091250,94109281286000,1194750,1286000,91250,94109290000000,0,0,0
1,3800,94109290000000,94109290105375,94109291304375,1199000,1304375,105375,94109300000000,0,0,0
1,3801,94109300000000,94109300086000,94109301277500,1191500,1277500,86000,94109310000000,0,0,0
1,3802,94109310000000,94109310093500,94109311285625,1192125,1285625,93500,94109320000000,0,0,0
1,3803,94109320000000,94109320095375,94109321287750,1192375,1287750,95375,94109330000000,0,0,0
1,3804,94109330000000,94109330094750,94109331277250,1182500,1277250,94750,94109340000000,0,0,0
1,3805,94109340000000,94109340097875,94109341284000,1186125,1284000,97875,94109350000000,0,0,0
1,3806,94109350000000,94109350095750,94109351281375,1185625,1281375,95750,94109360000000,0,0,0
1,3807,94109360000000,94109360090500,94109361283000,1192500,1283000,90500,94109370000000,0,0,0
1,3808,94109370000000,94109370091250,94109371280000,1188750,1280000,91250,94109380000000,0,0,0
1,3809,94109380000000,94109380087375,94109381268125,1180750,1268125,87375,94109390000000,0,0,0
1,3810,94109390000000,94109390106750,94109391283750,1177000,1283750,106750,94109400000000,0,0,0
1,3811,94109400000000,94109400087875,94109401272250,1184375,1272250,87875,94109410000000,0,0,0
1,3812,94109410000000,94109410087375,94109411260125,1172750,1260125,87375,94109420000000,0,0,0
1,3813,94109420000000,94109420089375,94109421281500,1192125,1281500,89375,94109430000000,0,0,0
1,3814,94109430000000,94109430092500,94109431274250,1181750,1274250,92500,94109440000000,0,0,0
1,3815,94109440000000,94109440087000,94109441260875,1173875,1260875,87000,94109450000000,0,0,0
1,3816,94109450000000,94109450095125,94109451265500,1170375,1265500,95125,94109460000000,0,0,0
1,3817,94109460000000,94109460096250,94109461267125,1170875,1267125,96250,94109470000000,0,0,0
1,3818,94109470000000,94109470094250,94109471273375,1179125,1273375,94250,94109480000000,0,0,0
1,3819,94109480000000,94109480098375,94109481288500,1190125,1288500,98375,94109490000000,0,0,0
1,3820,94109490000000,94109490094375,94109491272875,1178500,1272875,94375,94109500000000,0,0,0
1,3821,94109500000000,94109500098750,94109501290250,1191500,1290250,98750,94109510000000,0,0,0
1,3822,94109510000000,94109510093375,94109511266000,1172625,1266000,93375,94109520000000,0,0,0
1,3823,94109520000000,94109520087625,94109521254500,1166875,1254500,87625,94109530000000,0,0,0
1,3824,94109530000000,94109530089500,94109531270875,1181375,1270875,89500,94109540000000,0,0,0
1,3825,94109540000000,94109540087000,94109541261875,1174875,1261875,87000,94109550000000,0,0,0
1,3826,94109550000000,94109550091375,94109551282000,1190625,1282000,91375,94109560000000,0,0,0
1,3827,94109560000000,94109560089125,94109561269125,1180000,1269125,89125,94109570000000,0,0,0
1,3828,94109570000000,94109570095500,94109571262000,1166500,1262000,95500,94109580000000,0,0,0
1,3829,94109580000000,94109580094250,94109581281875,1187625,1281875,94250,94109590000000,0,0,0
1,3830,94109590000000,94109590092875,94109591290000,1197125,1290000,92875,94109600000000,0,0,0
1,3831,94109600000000,94109600090375,94109601280375,1190000,1280375,90375,94109610000000,0,0,0
1,3832,94109610000000,94109610105250,94109611077250,972000,1077250,105250,94109620000000,0,0,0
1,3833,94109620000000,94109620089000,94109621269375,1180375,1269375,89000,94109630000000,0,0,0
1,3834,94109630000000,94109630087125,94109631278125,1191000,1278125,87125,94109640000000,0,0,0
1,3835,94109640000000,94109640086875,94109641070000,983125,1070000,86875,94109650000000,0,0,0
1,3836,94109650000000,94109650091125,94109651276375,1185250,1276375,91125,94109660000000,0,0,0
1,3837,94109660000000,94109660098625,94109661293500,1194875,1293500,98625,94109670000000,0,0,0
1,3838,94109670000000,94109670088750,94109671277750,1189000,1277750,88750,94109680000000,0,0,0
1,3839,94109680000000,94109680117000,94109681309875,1192875,1309875,117000,94109690000000,0,0,0
1,3840,94109690000000,94109690094500,94109691281000,1186500,1281000,94500,94109700000000,0,0,0
1,3841,94109700000000,94109700088500,94109701286000,1197500,1286000,88500,94109710000000,0,0,0
1,3842,94109710000000,94109710098625,94109711279000,1180375,1279000,98625,94109720000000,0,0,0
1,3843,94109720000000,94109720086250,94109721274000,1187750,1274000,86250,94109730000000,0,0,0
1,3844,94109730000000,94109730102875,94109731294625,1191750,1294625,102875,94109740000000,0,0,0
1,3845,94109740000000,94109740084625,94109741067750,983125,1067750,84625,94109750000000,0,0,0
1,3846,94109750000000,94109750104000,94109751296000,1192000,1296000,104000,94109760000000,0,0,0
1,3847,94109760000000,94109760087625,94109761066875,979250,1066875,87625,94109770000000,0,0,0
1,3848,94109770000000,94109770090500,94109771267000,1176500,1267000,90500,94109780000000,0,0,0
1,3849,94109780000000,94109780094750,94109781268625,1173875,1268625,94750,94109790000000,0,0,0
1,3850,94109790000000,94109790092750,94109791279000,1186250,1279000,92750,94109800000000,0,0,0
1,3851,94109800000000,94109800099750,94109801298000,1198250,1298000,99750,94109810000000,0,0,0
1,3852,94109810000000,94109810095500,94109811283750,1188250,1283750,95500,94109820000000,0,0,0
1,3853,94109820000000,94109820108375,94109821307500,1199125,1307500,108375,94109830000000,0,0,0
1,3854,94109830000000,94109830099375,94109831277625,1178250,1277625,99375,94109840000000,0,0,0
1,3855,94109840000000,94109840086000,94109841262750,1176750,1262750,86000,94109850000000,0,0,0
1,3856,94109850000000,94109850106375,94109851276625,1170250,1276625,106375,94109860000000,0,0,0
1,3857,94109860000000,94109860084500,94109861269625,1185125,1269625,84500,94109870000000,0,0,0
1,3858,94109870000000,94109870092500,94109871267000,1174500,1267000,92500,94109880000000,0,0,0
1,3859,94109880000000,94109880085250,94109881271375,1186125,1271375,85250,94109890000000,0,0,0
1,3860,94109890000000,94109890094625,94109891277875,1183250,1277875,94625,94109900000000,0,0,0
1,3861,94109900000000,94109900085125,94109901274125,1189000,1274125,85125,94109910000000,0,0,0
1,3862,94109910000000,94109910093250,94109911272250,1179000,1272250,93250,94109920000000,0,0,0
1,3863,94109920000000,94109920099125,94109921283500,1184375,1283500,99125,94109930000000,0,0,0
1,3864,94109930000000,94109930092750,94109931270250,1177500,1270250,92750,94109940000000,0,0,0
1,3865,94109940000000,94109940097875,94109941282000,1184125,1282000,97875,94109950000000,0,0,0
1,3866,94109950000000,94109950093750,94109951266125,1172375,1266125,93750,94109960000000,0,0,0
1,3867,94109960000000,94109960083125,94109961254250,1171125,1254250,83125,94109970000000,0,0,0
1,3868,94109970000000,94109970095500,94109971276250,1180750,1276250,95500,94109980000000,0,0,0
1,3869,94109980000000,94109980087500,94109981065750,978250,1065750,87500,94109990000000,0,0,0
1,3870,94109990000000,94109990103625,94109991280750,1177125,1280750,103625,94110000000000,0,0,0
1,3871,94110000000000,94110000084500,94110001275500,1191000,1275500,84500,94110010000000,0,0,0
1,3872,94110010000000,94110010091250,94110011263375,1172125,1263375,91250,94110020000000,0,0,0
1,3873,94110020000000,94110020088375,94110021277250,1188875,1277250,88375,94110030000000,0,0,0
1,3874,94110030000000,94110030091250,94110031257000,1165750,1257000,91250,94110040000000,0,0,0
1,3875,94110040000000,94110040092125,94110041263125,1171000,1263125,92125,94110050000000,0,0,0
1,3876,94110050000000,94110050092125,94110051289750,1197625,1289750,92125,94110060000000,0,0,0
1,3877,94110060000000,94110060098500,94110061286875,1188375,1286875,98500,94110070000000,0,0,0
1,3878,94110070000000,94110070094000,94110071286375,1192375,1286375,94000,94110080000000,0,0,0
1,3879,94110080000000,94110080098375,94110081284875,1186500,1284875,98375,94110090000000,0,0,0
1,3880,94110090000000,94110090093875,94110091264250,1170375,1264250,93875,94110100000000,0,0,0
1,3881,94110100000000,94110100083500,94110101274250,1190750,1274250,83500,94110110000000,0,0,0
1,3882,94110110000000,94110110094250,94110111265250,1171000,1265250,94250,94110120000000,0,0,0
1,3883,94110120000000,94110120084250,94110121267875,1183625,1267875,84250,94110130000000,0,0,0
1,3884,94110130000000,94110130103125,94110131288875,1185750,1288875,103125,94110140000000,0,0,0
1,3885,94110140000000,94110140089250,94110141291000,1201750,1291000,89250,94110150000000,0,0,0
1,3886,94110150000000,94110150091750,94110151270375,1178625,1270375,91750,94110160000000,0,0,0
1,3887,94110160000000,94110160086250,94110161261500,1175250,1261500,86250,94110170000000,0,0,0
1,3888,94110170000000,94110170092125,94110171264875,1172750,1264875,92125,94110180000000,0,0,0
1,3889,94110180000000,94110180098625,94110181295250,1196625,1295250,98625,94110190000000,0,0,0
1,3890,94110190000000,94110190093500,94110191284250,1190750,1284250,93500,94110200000000,0,0,0
1,3891,94110200000000,94110200098250,94110201282625,1184375,1282625,98250,94110210000000,0,0,0
1,3892,94110210000000,94110210089625,94110211280500,1190875,1280500,89625,94110220000000,0,0,0
1,3893,94110220000000,94110220086000,94110221274750,1188750,1274750,86000,94110230000000,0,0,0
1,3894,94110230000000,94110230095375,94110231067250,971875,1067250,95375,94110240000000,0,0,0
1,3895,94110240000000,94110240088750,94110241276625,1187875,1276625,88750,94110250000000,0,0,0
1,3896,94110250000000,94110250089250,94110251266750,1177500,1266750,89250,94110260000000,0,0,0
1,3897,94110260000000,94110260086750,94110261273375,1186625,1273375,86750,94110270000000,0,0,0
1,3898,94110270000000,94110270099875,94110271273500,1173625,1273500,99875,94110280000000,0,0,0
1,3899,94110280000000,94110280091375,94110281264000,1172625,1264000,91375,94110290000000,0,0,0
1,3900,94110290000000,94110290099375,94110291278125,1178750,1278125,99375,94110300000000,0,0,0
1,3901,94110300000000,94110300090250,94110301276125,1185875,1276125,90250,94110310000000,0,0,0
1,3902,94110310000000,94110310089750,94110311267125,1177375,1267125,89750,94110320000000,0,0,0
1,3903,94110320000000,94110320087875,94110321278250,1190375,1278250,87875,94110330000000,0,0,0
1,3904,94110330000000,94110330090125,94110331256750,1166625,1256750,90125,94110340000000,0,0,0
1,3905,94110340000000,94110340095000,94110341270125,1175125,1270125,95000,94110350000000,0,0,0
1,3906,94110350000000,94110350089750,94110351282000,1192250,1282000,89750,94110360000000,0,0,0
1,3907,94110360000000,94110360095875,94110361270250,1174375,1270250,95875,94110370000000,0,0,0
1,3908,94110370000000,94110370095125,94110371277750,1182625,1277750,95125,94110380000000,0,0,0
1,3909,94110380000000,94110380093500,94110381270125,1176625,1270125,93500,94110390000000,0,0,0
1,3910,94110390000000,94110390095000,94110391284250,1189250,1284250,95000,94110400000000,0,0,0
1,3911,94110400000000,94110400095125,94110401293625,1198500,1293625,95125,94110410000000,0,0,0
1,3912,94110410000000,94110410095000,94110411265625,1170625,1265625,95000,94110420000000,0,0,0
1,3913,94110420000000,94110420085750,94110421058500,972750,1058500,85750,94110430000000,0,0,0
1,3914,94110430000000,94110430095125,94110431276875,1181750,1276875,95125,94110440000000,0,0,0
1,3915,94110440000000,94110440087250,94110441282500,1195250,1282500,87250,94110450000000,0,0,0
1,3916,94110450000000,94110450093500,94110451260375,1166875,1260375,93500,94110460000000,0,0,0
1,3917,94110460000000,94110460088875,94110461275125,1186250,1275125,88875,94110470000000,0,0,0
1,3918,94110470000000,94110470101250,94110471280125,1178875,1280125,101250,94110480000000,0,0,0
1,3919,94110480000000,94110480085250,94110481273500,1188250,1273500,85250,94110490000000,0,0,0
1,3920,94110490000000,94110490101500,94110491273500,1172000,1273500,101500,94110500000000,0,0,0
1,3921,94110500000000,94110500085750,94110501262125,1176375,1262125,85750,94110510000000,0,0,0
1,3922,94110510000000,94110510100500,94110511280875,1180375,1280875,100500,94110520000000,0,0,0
1,3923,94110520000000,94110520084875,94110521076875,992000,1076875,84875,94110530000000,0,0,0
1,3924,94110530000000,94110530106500,94110531290875,1184375,1290875,106500,94110540000000,0,0,0
1,3925,94110540000000,94110540084375,94110541278625,1194250,1278625,84375,94110550000000,0,0,0
1,3926,94110550000000,94110550092000,94110551273875,1181875,1273875,92000,94110560000000,0,0,0
1,3927,94110560000000,94110560083500,94110561276375,1192875,1276375,83500,94110570000000,0,0,0
1,3928,94110570000000,94110570093625,94110571279500,1185875,1279500,93625,94110580000000,0,0,0
1,3929,94110580000000,94110580084875,94110581266750,1181875,1266750,84875,94110590000000,0,0,0
1,3930,94110590000000,94110590092375,94110591271875,1179500,1271875,92375,94110600000000,0,0,0
1,3931,94110600000000,94110600097000,94110601277000,1180000,1277000,97000,94110610000000,0,0,0
1,3932,94110610000000,94110610102375,94110611293875,1191500,1293875,102375,94110620000000,0,0,0
1,3933,94110620000000,94110620087750,94110621273000,1185250,1273000,87750,94110630000000,0,0,0
1,3934,94110630000000,94110630093875,94110631284750,1190875,1284750,93875,94110640000000,0,0,0
1,3935,94110640000000,94110640091375,94110641287250,1195875,1287250,91375,94110650000000,0,0,0
1,3936,94110650000000,94110650089625,94110651283000,1193375,1283000,89625,94110660000000,0,0,0
1,3937,94110660000000,94110660085750,94110661257625,1171875,1257625,85750,94110670000000,0,0,0
1,3938,94110670000000,94110670100250,94110671267625,1167375,1267625,100250,94110680000000,0,0,0
1,3939,94110680000000,94110680090875,94110681270375,1179500,1270375,90875,94110690000000,0,0,0
1,3940,94110690000000,94110690090000,94110691275250,1185250,1275250,90000,94110700000000,0,0,0
1,3941,94110700000000,94110700081375,94110701063750,982375,1063750,81375,94110710000000,0,0,0
1,3942,94110710000000,94110710091250,94110711274750,1183500,1274750,91250,94110720000000,0,0,0
1,3943,94110720000000,94110720100250,94110721284250,1184000,1284250,100250,94110730000000,0,0,0
1,3944,94110730000000,94110730093250,94110731268625,1175375,1268625,93250,94110740000000,0,0,0
1,3945,94110740000000,94110740087750,94110741267125,1179375,1267125,87750,94110750000000,0,0,0
1,3946,94110750000000,94110750091000,94110751277500,1186500,1277500,91000,94110760000000,0,0,0
1,3947,94110760000000,94110760088125,94110761269250,1181125,1269250,88125,94110770000000,0,0,0
1,3948,94110770000000,94110770099750,94110771294625,1194875,1294625,99750,94110780000000,0,0,0
1,3949,94110780000000,94110780090375,94110781273750,1183375,1273750,90375,94110790000000,0,0,0
1,3950,94110790000000,94110790090000,94110791058625,968625,1058625,90000,94110800000000,0,0,0
1,3951,94110800000000,94110800087000,94110801270375,1183375,1270375,87000,94110810000000,0,0,0
1,3952,94110810000000,94110810089125,94110811281500,1192375,1281500,89125,94110820000000,0,0,0
1,3953,94110820000000,94110820092875,94110821273000,1180125,1273000,92875,94110830000000,0,0,0
1,3954,94110830000000,94110830096500,94110831272750,1176250,1272750,96500,94110840000000,0,0,0
1,3955,94110840000000,94110840094250,94110841282000,1187750,1282000,94250,94110850000000,0,0,0
1,3956,94110850000000,94110850092250,94110851273750,1181500,1273750,92250,94110860000000,0,0,0
1,3957,94110860000000,94110860094125,94110861295375,1201250,1295375,94125,94110870000000,0,0,0
1,3958,94110870000000,94110870093625,94110871271500,1177875,1271500,93625,94110880000000,0,0,0
1,3959,94110880000000,94110880094500,94110881078625,984125,1078625,94500,94110890000000,0,0,0
1,3960,94110890000000,94110890094625,94110891081375,986750,1081375,94625,94110900000000,0,0,0
1,3961,94110900000000,94110900098000,94110901274625,1176625,1274625,98000,94110910000000,0,0,0
1,3962,94110910000000,94110910097500,94110911071125,973625,1071125,97500,94110920000000,0,0,0
1,3963,94110920000000,94110920101750,94110921292000,1190250,1292000,101750,94110930000000,0,0,0
1,3964,94110930000000,94110930094625,94110931283875,1189250,1283875,94625,94110940000000,0,0,0
1,3965,94110940000000,94110940096000,94110941275625,1179625,1275625,96000,94110950000000,0,0,0
1,3966,94110950000000,94110950095125,94110951273125,1178000,1273125,95125,94110960000000,0,0,0
1,3967,94110960000000,94110960097375,94110961274750,1177375,1274750,97375,94110970000000,0,0,0
1,3968,94110970000000,94110970095250,94110971283125,1187875,1283125,95250,94110980000000,0,0,0
1,3969,94110980000000,94110980088000,94110981272250,1184250,1272250,88000,94110990000000,0,0,0
1,3970,94110990000000,94110990090500,94110991262000,1171500,1262000,90500,94111000000000,0,0,0
1,3971,94111000000000,94111000086375,94111001271750,1185375,1271750,86375,94111010000000,0,0,0
1,3972,94111010000000,94111010100875,94111011289750,1188875,1289750,100875,94111020000000,0,0,0
1,3973,94111020000000,94111020089250,94111021282875,1193625,1282875,89250,94111030000000,0,0,0
1,3974,94111030000000,94111030104875,94111031283125,1178250,1283125,104875,94111040000000,0,0,0
1,3975,94111040000000,94111040090000,94111041277625,1187625,1277625,90000,94111050000000,0,0,0
1,3976,94111050000000,94111050118500,94111051308625,1190125,1308625,118500,94111060000000,0,0,0
1,3977,94111060000000,94111060090750,94111061277875,1187125,1277875,90750,94111070000000,0,0,0
1,3978,94111070000000,94111070093750,94111071268375,1174625,1268375,93750,94111080000000,0,0,0
1,3979,94111080000000,94111080084000,94111081259000,1175000,1259000,84000,94111090000000,0,0,0
1,3980,94111090000000,94111090091625,94111091266750,1175125,1266750,91625,94111100000000,0,0,0
1,3981,94111100000000,94111100091625,94111101272500,1180875,1272500,91625,94111110000000,0,0,0
1,3982,94111110000000,94111110094625,94111111284750,1190125,1284750,94625,94111120000000,0,0,0
1,3983,94111120000000,94111120099125,94111121281750,1182625,1281750,99125,94111130000000,0,0,0
1,3984,94111130000000,94111130093375,94111131048500,955125,1048500,93375,94111140000000,0,0,0
1,3985,94111140000000,94111140085250,94111141269625,1184375,1269625,85250,94111150000000,0,0,0
1,3986,94111150000000,94111150094250,94111151283250,1189000,1283250,94250,94111160000000,0,0,0
1,3987,94111160000000,94111160085125,94111161258875,1173750,1258875,85125,94111170000000,0,0,0
1,3988,94111170000000,94111170102750,94111171301125,1198375,1301125,102750,94111180000000,0,0,0
1,3989,94111180000000,94111180087750,94111181262125,1174375,1262125,87750,94111190000000,0,0,0
1,3990,94111190000000,94111190100250,94111191279250,1179000,1279250,100250,94111200000000,0,0,0
1,3991,94111200000000,94111200087625,94111201252000,1164375,1252000,87625,94111210000000,0,0,0
1,3992,94111210000000,94111210102000,94111211280750,1178750,1280750,102000,94111220000000,0,0,0
1,3993,94111220000000,94111220085875,94111221266125,1180250,1266125,85875,94111230000000,0,0,0
1,3994,94111230000000,94111230090375,94111231262875,1172500,1262875,90375,94111240000000,0,0,0
1,3995,94111240000000,94111240087375,94111241266125,1178750,1266125,87375,94111250000000,0,0,0
1,3996,94111250000000,94111250090750,94111251073250,982500,1073250,90750,94111260000000,0,0,0
1,3997,94111260000000,94111260099750,94111261293000,1193250,1293000,99750,94111270000000,0,0,0
1,3998,94111270000000,94111270094625,94111271287625,1193000,1287625,94625,94111280000000,0,0,0
1,3999,94111280000000,94111280098375,94111281291875,1193500,1291875,98375,94111290000000,0,0,0
1,4000,94111290000000,94111290093000,94111291272375,1179375,1272375,93000,94111300000000,0,0,0
1,4001,94111300000000,94111300083625,94111301258750,1175125,1258750,83625,94111310000000,0,0,0
1,4002,94111310000000,94111310094125,94111311286375,1192250,1286375,94125,94111320000000,0,0,0
1,4003,94111320000000,94111320087750,94111321279125,1191375,1279125,87750,94111330000000,0,0,0
1,4004,94111330000000,94111330094500,94111331277875,1183375,1277875,94500,94111340000000,0,0,0
1,4005,94111340000000,94111340084125,94111341275375,1191250,1275375,84125,94111350000000,0,0,0
1,4006,94111350000000,94111350102250,94111351270375,1168125,1270375,102250,94111360000000,0,0,0
1,4007,94111360000000,94111360091000,94111361277625,1186625,1277625,91000,94111370000000,0,0,0
1,4008,94111370000000,94111370088875,94111371264375,1175500,1264375,88875,94111380000000,0,0,0
1,4009,94111380000000,94111380083125,94111381260625,1177500,1260625,83125,94111390000000,0,0,0
1,4010,94111390000000,94111390093125,94111391282500,1189375,1282500,93125,94111400000000,0,0,0
1,4011,94111400000000,94111400084250,94111401268875,1184625,1268875,84250,94111410000000,0,0,0
1,4012,94111410000000,94111410093375,94111411281625,1188250,1281625,93375,94111420000000,0,0,0
1,4013,94111420000000,94111420090125,94111421270875,1180750,1270875,90125,94111430000000,0,0,0
1,4014,94111430000000,94111430094000,94111431268750,1174750,1268750,94000,94111440000000,0,0,0
1,4015,94111440000000,94111440099125,94111441094625,995500,1094625,99125,94111450000000,0,0,0
1,4016,94111450000000,94111450097875,94111451276125,1178250,1276125,97875,94111460000000,0,0,0
1,4017,94111460000000,94111460085125,94111461076375,991250,1076375,85125,94111470000000,0,0,0
1,4018,94111470000000,94111470091375,94111471278875,1187500,1278875,91375,94111480000000,0,0,0
1,4019,94111480000000,94111480101125,94111481287125,1186000,1287125,101125,94111490000000,0,0,0
1,4020,94111490000000,94111490094250,94111491283875,1189625,1283875,94250,94111500000000,0,0,0
1,4021,94111500000000,94111500086250,94111501269625,1183375,1269625,86250,94111510000000,0,0,0
1,4022,94111510000000,94111510104625,94111511300250,1195625,1300250,104625,94111520000000,0,0,0
1,4023,94111520000000,94111520087125,94111521275750,1188625,1275750,87125,94111530000000,0,0,0
1,4024,94111530000000,94111530106750,94111531297375,1190625,1297375,106750,94111540000000,0,0,0
1,4025,94111540000000,94111540084125,94111541288375,1204250,1288375,84125,94111550000000,0,0,0
1,4026,94111550000000,94111550091125,94111551265500,1174375,1265500,91125,94111560000000,0,0,0
1,4027,94111560000000,94111560084375,94111561276875,1192500,1276875,84375,94111570000000,0,0,0
1,4028,94111570000000,94111570095625,94111571282500,1186875,1282500,95625,94111580000000,0,0,0
1,4029,94111580000000,94111580097625,94111581301625,1204000,1301625,97625,94111590000000,0,0,0
1,4030,94111590000000,94111590101000,94111591304500,1203500,1304500,101000,94111600000000,0,0,0
1,4031,94111600000000,94111600089375,94111601286750,1197375,1286750,89375,94111610000000,0,0,0
1,4032,94111610000000,94111610095000,94111611298750,1203750,1298750,95000,94111620000000,0,0,0
1,4033,94111620000000,94111620098250,94111621288500,1190250,1288500,98250,94111630000000,0,0,0
1,4034,94111630000000,94111630093500,94111631057000,963500,1057000,93500,94111640000000,0,0,0
1,4035,94111640000000,94111640083500,94111641287625,1204125,1287625,83500,94111650000000,0,0,0
1,4036,94111650000000,94111650093625,94111651265875,1172250,1265875,93625,94111660000000,0,0,0
1,4037,94111660000000,94111660085000,94111661273125,1188125,1273125,85000,94111670000000,0,0,0
1,4038,94111670000000,94111670104500,94111671280375,1175875,1280375,104500,94111680000000,0,0,0
1,4039,94111680000000,94111680087375,94111681261625,1174250,1261625,87375,94111690000000,0,0,0
1,4040,94111690000000,94111690090875,94111691256000,1165125,1256000,90875,94111700000000,0,0,0
1,4041,94111700000000,94111700085125,94111701271125,1186000,1271125,85125,94111710000000,0,0,0
1,4042,94111710000000,94111710093250,94111711288625,1195375,1288625,93250,94111720000000,0,0,0
1,4043,94111720000000,94111720116000,94111721091500,975500,1091500,116000,94111730000000,0,0,0
1,4044,94111730000000,94111730099875,94111731290625,1190750,1290625,99875,94111740000000,0,0,0
1,4045,94111740000000,94111740087625,94111741272000,1184375,1272000,87625,94111750000000,0,0,0
1,4046,94111750000000,94111750091875,94111751289125,1197250,1289125,91875,94111760000000,0,0,0
1,4047,94111760000000,94111760091000,94111761275625,1184625,1275625,91000,94111770000000,0,0,0
1,4048,94111770000000,94111770095875,94111771265875,1170000,1265875,95875,94111780000000,0,0,0
1,4049,94111780000000,94111780083625,94111781256750,1173125,1256750,83625,94111790000000,0,0,0
1,4050,94111790000000,94111790091375,94111791275250,1183875,1275250,91375,94111800000000,0,0,0
1,4051,94111800000000,94111800084000,94111801275000,1191000,1275000,84000,94111810000000,0,0,0
1,4052,94111810000000,94111810094625,94111811285375,1190750,1285375,94625,94111820000000,0,0,0
1,4053,94111820000000,94111820086250,94111821267750,1181500,1267750,86250,94111830000000,0,0,0
1,4054,94111830000000,94111830104000,94111831280375,1176375,1280375,104000,94111840000000,0,0,0
1,4055,94111840000000,94111840084875,94111841268500,1183625,1268500,84875,94111850000000,0,0,0
1,4056,94111850000000,94111850104625,94111851290500,1185875,1290500,104625,94111860000000,0,0,0
1,4057,94111860000000,94111860088250,94111861290000,1201750,1290000,88250,94111870000000,0,0,0
1,4058,94111870000000,94111870093000,94111871268750,1175750,1268750,93000,94111880000000,0,0,0
1,4059,94111880000000,94111880083375,94111881280375,1197000,1280375,83375,94111890000000,0,0,0
1,4060,94111890000000,94111890092500,94111891273000,1180500,1273000,92500,94111900000000,0,0,0
1,4061,94111900000000,94111900076750,94111901284125,1207375,1284125,76750,94111910000000,0,0,0
1,4062,94111910000000,94111910101125,94111911287250,1186125,1287250,101125,94111920000000,0,0,0
1,4063,94111920000000,94111920087125,94111921272750,1185625,1272750,87125,94111930000000,0,0,0
1,4064,94111930000000,94111930092125,94111931274125,1182000,1274125,92125,94111940000000,0,0,0
1,4065,94111940000000,94111940094250,94111941280125,1185875,1280125,94250,94111950000000,0,0,0
1,4066,94111950000000,94111950094875,94111951268625,1173750,1268625,94875,94111960000000,0,0,0
1,4067,94111960000000,94111960076625,94111961266750,1190125,1266750,76625,94111970000000,0,0,0
1,4068,94111970000000,94111970093750,94111971054875,961125,1054875,93750,94111980000000,0,0,0
1,4069,94111980000000,94111980085500,94111981273750,1188250,1273750,85500,94111990000000,0,0,0
1,4070,94111990000000,94111990093500,94111991269375,1175875,1269375,93500,94112000000000,0,0,0
1,4071,94112000000000,94112000083875,94112001274125,1190250,1274125,83875,94112010000000,0,0,0
1,4072,94112010000000,94112010094000,94112011274250,1180250,1274250,94000,94112020000000,0,0,0
1,4073,94112020000000,94112020084000,94112021270000,1186000,1270000,84000,94112030000000,0,0,0
1,4074,94112030000000,94112030101375,94112031279250,1177875,1279250,101375,94112040000000,0,0,0
1,4075,94112040000000,94112040085750,94112041264625,1178875,1264625,85750,94112050000000,0,0,0
1,4076,94112050000000,94112050089125,94112051269750,1180625,1269750,89125,94112060000000,0,0,0
1,4077,94112060000000,94112060088000,94112061273250,1185250,1273250,88000,94112070000000,0,0,0
1,4078,94112070000000,94112070090125,94112071262500,1172375,1262500,90125,94112080000000,0,0,0
1,4079,94112080000000,94112080093750,94112081277750,1184000,1277750,93750,94112090000000,0,0,0
1,4080,94112090000000,94112090090750,94112091280250,1189500,1280250,90750,94112100000000,0,0,0
1,4081,94112100000000,94112100096750,94112101285875,1189125,1285875,96750,94112110000000,0,0,0
1,4082,94112110000000,94112110090125,94112111069875,979750,1069875,90125,94112120000000,0,0,0
1,4083,94112120000000,94112120099750,94112121270000,1170250,1270000,99750,94112130000000,0,0,0
1,4084,94112130000000,94112130090000,94112131286250,1196250,1286250,90000,94112140000000,0,0,0
1,4085,94112140000000,94112140095250,94112141273000,1177750,1273000,95250,94112150000000,0,0,0
1,4086,94112150000000,94112150092250,94112151269500,1177250,1269500,92250,94112160000000,0,0,0
1,4087,94112160000000,94112160087875,94112161264750,1176875,1264750,87875,94112170000000,0,0,0
1,4088,94112170000000,94112170092500,94112171296250,1203750,1296250,92500,94112180000000,0,0,0
1,4089,94112180000000,94112180087000,94112181275625,1188625,1275625,87000,94112190000000,0,0,0
1,4090,94112190000000,94112190092250,94112191290500,1198250,1290500,92250,94112200000000,0,0,0
1,4091,94112200000000,94112200086625,94112201264625,1178000,1264625,86625,94112210000000,0,0,0
1,4092,94112210000000,94112210100875,94112211070250,969375,1070250,100875,94112220000000,0,0,0
1,4093,94112220000000,94112220088375,94112221258375,1170000,1258375,88375,94112230000000,0,0,0
1,4094,94112230000000,94112230089375,94112231065875,976500,1065875,89375,94112240000000,0,0,0
1,4095,94112240000000,94112240088625,94112241278375,1189750,1278375,88625,94112250000000,0,0,0
1,4096,94112250000000,94112250088875,94112251266625,1177750,1266625,88875,94112260000000,0,0,0
1,4097,94112260000000,94112260088875,94112261267875,1179000,1267875,88875,94112270000000,0,0,0
1,4098,94112270000000,94112270092000,94112271272625,1180625,1272625,92000,94112280000000,0,0,0
1,4099,94112280000000,94112280086875,94112281255375,1168500,1255375,86875,94112290000000,0,0,0
1,4100,94112290000000,94112290090125,94112291263000,1172875,1263000,90125,94112300000000,0,0,0
1,4101,94112300000000,94112300097125,94112301285250,1188125,1285250,97125,94112310000000,0,0,0
1,4102,94112310000000,94112310089250,94112311264500,1175250,1264500,89250,94112320000000,0,0,0
1,4103,94112320000000,94112320086750,94112321279125,1192375,1279125,86750,94112330000000,0,0,0
1,4104,94112330000000,94112330090250,94112331068125,977875,1068125,90250,94112340000000,0,0,0
1,4105,94112340000000,94112340098250,94112341297375,1199125,1297375,98250,94112350000000,0,0,0
1,4106,94112350000000,94112350093625,94112351291875,1198250,1291875,93625,94112360000000,0,0,0
1,4107,94112360000000,94112360087750,94112361279500,1191750,1279500,87750,94112370000000,0,0,0
1,4108,94112370000000,94112370102500,94112371067750,965250,1067750,102500,94112380000000,0,0,0
1,4109,94112380000000,94112380088000,94112381264125,1176125,1264125,88000,94112390000000,0,0,0
1,4110,94112390000000,94112390103625,94112391275000,1171375,1275000,103625,94112400000000,0,0,0
1,4111,94112400000000,94112400088125,94112401251500,1163375,1251500,88125,94112410000000,0,0,0
1,4112,94112410000000,94112410088875,94112411279500,1190625,1279500,88875,94112420000000,0,0,0
1,4113,94112420000000,94112420087375,94112421276250,1188875,1276250,87375,94112430000000,0,0,0
1,4114,94112430000000,94112430090750,94112431272125,1181375,1272125,90750,94112440000000,0,0,0
1,4115,94112440000000,94112440096500,94112441277125,1180625,1277125,96500,94112450000000,0,0,0
1,4116,94112450000000,94112450092375,94112451265375,1173000,1265375,92375,94112460000000,0,0,0
1,4117,94112460000000,94112460081500,94112461250500,1169000,1250500,81500,94112470000000,0,0,0
1,4118,94112470000000,94112470090875,94112471264500,1173625,1264500,90875,94112480000000,0,0,0
1,4119,94112480000000,94112480085375,94112481272375,1187000,1272375,85375,94112490000000,0,0,0
1,4120,94112490000000,94112490093000,94112491263875,1170875,1263875,93000,94112500000000,0,0,0
1,4121,94112500000000,94112500082000,94112501254375,1172375,1254375,82000,94112510000000,0,0,0
1,4122,94112510000000,94112510103250,94112511284750,1181500,1284750,103250,94112520000000,0,0,0
1,4123,94112520000000,94112520085125,94112521279000,1193875,1279000,85125,94112530000000,0,0,0
1,4124,94112530000000,94112530101750,94112531286625,1184875,1286625,101750,94112540000000,0,0,0
1,4125,94112540000000,94112540085375,94112541282375,1197000,1282375,85375,94112550000000,0,0,0
1,4126,94112550000000,94112550104250,94112551297375,1193125,1297375,104250,94112560000000,0,0,0
1,4127,94112560000000,94112560086500,94112561268375,1181875,1268375,86500,94112570000000,0,0,0
1,4128,94112570000000,94112570092375,94112571268000,1175625,1268000,92375,94112580000000,0,0,0
1,4129,94112580000000,94112580086625,94112581273375,1186750,1273375,86625,94112590000000,0,0,0
1,4130,94112590000000,94112590093375,94112591265125,1171750,1265125,93375,94112600000000,0,0,0
1,4131,94112600000000,94112600091750,94112601277500,1185750,1277500,91750,94112610000000,0,0,0
1,4132,94112610000000,94112610094125,94112611073750,979625,1073750,94125,94112620000000,0,0,0
1,4133,94112620000000,94112620096875,94112621285000,1188125,1285000,96875,94112630000000,0,0,0
1,4134,94112630000000,94112630095500,94112631275375,1179875,1275375,95500,94112640000000,0,0,0
1,4135,94112640000000,94112640085625,94112641261375,1175750,1261375,85625,94112650000000,0,0,0
1,4136,94112650000000,94112650093625,94112651282250,1188625,1282250,93625,94112660000000,0,0,0
1,4137,94112660000000,94112660085500,94112661277125,1191625,1277125,85500,94112670000000,0,0,0
1,4138,94112670000000,94112670094250,94112671261375,1167125,1261375,94250,94112680000000,0,0,0
1,4139,94112680000000,94112680090125,94112681280125,1190000,1280125,90125,94112690000000,0,0,0
1,4140,94112690000000,94112690090625,94112691284125,1193500,1284125,90625,94112700000000,0,0,0
1,4141,94112700000000,94112700086375,94112701285625,1199250,1285625,86375,94112710000000,0,0,0
1,4142,94112710000000,94112710092250,94112711270250,1178000,1270250,92250,94112720000000,0,0,0
1,4143,94112720000000,94112720088875,94112721259125,1170250,1259125,88875,94112730000000,0,0,0
1,4144,94112730000000,94112730102250,94112731286500,1184250,1286500,102250,94112740000000,0,0,0
1,4145,94112740000000,94112740083125,94112741285500,1202375,1285500,83125,94112750000000,0,0,0
1,4146,94112750000000,94112750102500,94112751274375,1171875,1274375,102500,94112760000000,0,0,0
1,4147,94112760000000,94112760087625,94112761281750,1194125,1281750,87625,94112770000000,0,0,0
1,4148,94112770000000,94112770116500,94112771307250,1190750,1307250,116500,94112780000000,0,0,0
1,4149,94112780000000,94112780091250,94112781268000,1176750,1268000,91250,94112790000000,0,0,0
1,4150,94112790000000,94112790092875,94112791276125,1183250,1276125,92875,94112800000000,0,0,0
1,4151,94112800000000,94112800088750,94112801272000,1183250,1272000,88750,94112810000000,0,0,0
1,4152,94112810000000,94112810092750,94112811265125,1172375,1265125,92750,94112820000000,0,0,0
1,4153,94112820000000,94112820098125,94112821277750,1179625,1277750,98125,94112830000000,0,0,0
1,4154,94112830000000,94112830098625,94112831269500,1170875,1269500,98625,94112840000000,0,0,0
1,4155,94112840000000,94112840103625,94112841299625,1196000,1299625,103625,94112850000000,0,0,0
1,4156,94112850000000,94112850095625,94112851281750,1186125,1281750,95625,94112860000000,0,0,0
1,4157,94112860000000,94112860079125,94112861260500,1181375,1260500,79125,94112870000000,0,0,0
1,4158,94112870000000,94112870093500,94112871268250,1174750,1268250,93500,94112880000000,0,0,0
1,4159,94112880000000,94112880084125,94112881261625,1177500,1261625,84125,94112890000000,0,0,0
1,4160,94112890000000,94112890093750,94112891283875,1190125,1283875,93750,94112900000000,0,0,0
1,4161,94112900000000,94112900078250,94112901301000,1222750,1301000,78250,94112910000000,0,0,0
1,4162,94112910000000,94112910098250,94112911287375,1189125,1287375,98250,94112920000000,0,0,0
1,4163,94112920000000,94112920088625,94112921268375,1179750,1268375,88625,94112930000000,0,0,0
1,4164,94112930000000,94112930104000,94112931083625,979625,1083625,104000,94112940000000,0,0,0
1,4165,94112940000000,94112940091750,94112941258250,1166500,1258250,91750,94112950000000,0,0,0
1,4166,94112950000000,94112950106625,94112951302875,1196250,1302875,106625,94112960000000,0,0,0
1,4167,94112960000000,94112960089250,94112961046250,957000,1046250,89250,94112970000000,0,0,0
1,4168,94112970000000,94112970080125,94112971247875,1167750,1247875,80125,94112980000000,0,0,0
1,4169,94112980000000,94112980086750,94112981261375,1174625,1261375,86750,94112990000000,0,0,0
1,4170,94112990000000,94112990091750,94112991264500,1172750,1264500,91750,94113000000000,0,0,0
1,4171,94113000000000,94113000086375,94113001267000,1180625,1267000,86375,94113010000000,0,0,0
1,4172,94113010000000,94113010091250,94113011267375,1176125,1267375,91250,94113020000000,0,0,0
1,4173,94113020000000,94113020097750,94113021290875,1193125,1290875,97750,94113030000000,0,0,0
1,4174,94113030000000,94113030092250,94113031066375,974125,1066375,92250,94113040000000,0,0,0
1,4175,94113040000000,94113040086875,94113041290875,1204000,1290875,86875,94113050000000,0,0,0
1,4176,94113050000000,94113050095250,94113051260875,1165625,1260875,95250,94113060000000,0,0,0
1,4177,94113060000000,94113060084375,94113061281250,1196875,1281250,84375,94113070000000,0,0,0
1,4178,94113070000000,94113070104750,94113071283000,1178250,1283000,104750,94113080000000,0,0,0
1,4179,94113080000000,94113080085625,94113081275000,1189375,1275000,85625,94113090000000,0,0,0
1,4180,94113090000000,94113090092500,94113091261500,1169000,1261500,92500,94113100000000,0,0,0
1,4181,94113100000000,94113100087375,94113101069250,981875,1069250,87375,94113110000000,0,0,0
1,4182,94113110000000,94113110095000,94113111280375,1185375,1280375,95000,94113120000000,0,0,0
1,4183,94113120000000,94113120082875,94113121268500,1185625,1268500,82875,94113130000000,0,0,0
1,4184,94113130000000,94113130090125,94113131285250,1195125,1285250,90125,94113140000000,0,0,0
1,4185,94113140000000,94113140085875,94113141252000,1166125,1252000,85875,94113150000000,0,0,0
1,4186,94113150000000,94113150093250,94113151055625,962375,1055625,93250,94113160000000,0,0,0
1,4187,94113160000000,94113160096000,94113161298125,1202125,1298125,96000,94113170000000,0,0,0
1,4188,94113170000000,94113170093375,94113171276625,1183250,1276625,93375,94113180000000,0,0,0
1,4189,94113180000000,94113180096500,94113181283750,1187250,1283750,96500,94113190000000,0,0,0
1,4190,94113190000000,94113190096250,94113191269500,1173250,1269500,96250,94113200000000,0,0,0
1,4191,94113200000000,94113200108500,94113201299750,1191250,1299750,108500,94113210000000,0,0,0
1,4192,94113210000000,94113210094375,94113211274750,1180375,1274750,94375,94113220000000,0,0,0
1,4193,94113220000000,94113220086750,94113221266125,1179375,1266125,86750,94113230000000,0,0,0
1,4194,94113230000000,94113230089250,94113231273250,1184000,1273250,89250,94113240000000,0,0,0
1,4195,94113240000000,94113240087625,94113241064250,976625,1064250,87625,94113250000000,0,0,0
1,4196,94113250000000,94113250104375,94113251274125,1169750,1274125,104375,94113260000000,0,0,0
1,4197,94113260000000,94113260086750,94113261278625,1191875,1278625,86750,94113270000000,0,0,0
1,4198,94113270000000,94113270090250,94113271064500,974250,1064500,90250,94113280000000,0,0,0
1,4199,94113280000000,94113280090625,94113281276250,1185625,1276250,90625,94113290000000,0,0,0
1,4200,94113290000000,94113290090625,94113291269375,1178750,1269375,90625,94113300000000,0,0,0
1,4201,94113300000000,94113300088625,94113301282875,1194250,1282875,88625,94113310000000,0,0,0
1,4202,94113310000000,94113310091875,94113311269000,1177125,1269000,91875,94113320000000,0,0,0
1,4203,94113320000000,94113320088125,94113321262125,1174000,1262125,88125,94113330000000,0,0,0
1,4204,94113330000000,94113330090000,94113331262125,1172125,1262125,90000,94113340000000,0,0,0
1,4205,94113340000000,94113340098750,94113341270875,1172125,1270875,98750,94113350000000,0,0,0
1,4206,94113350000000,94113350093250,94113351263625,1170375,1263625,93250,94113360000000,0,0,0
1,4207,94113360000000,94113360100375,94113361287875,1187500,1287875,100375,94113370000000,0,0,0
1,4208,94113370000000,94113370092000,94113371272625,1180625,1272625,92000,94113380000000,0,0,0
1,4209,94113380000000,94113380087000,94113381263625,1176625,1263625,87000,94113390000000,0,0,0
1,4210,94113390000000,94113390095375,94113391267500,1172125,1267500,95375,94113400000000,0,0,0
1,4211,94113400000000,94113400087875,94113401269875,1182000,1269875,87875,94113410000000,0,0,0
1,4212,94113410000000,94113410090500,94113411270000,1179500,1270000,90500,94113420000000,0,0,0
1,4213,94113420000000,94113420087625,94113421267125,1179500,1267125,87625,94113430000000,0,0,0
1,4214,94113430000000,94113430094375,94113431272250,1177875,1272250,94375,94113440000000,0,0,0
1,4215,94113440000000,94113440087125,94113441278750,1191625,1278750,87125,94113450000000,0,0,0
1,4216,94113450000000,94113450090125,94113451277125,1187000,1277125,90125,94113460000000,0,0,0
1,4217,94113460000000,94113460085750,94113461282375,1196625,1282375,85750,94113470000000,0,0,0
1,4218,94113470000000,94113470092250,94113471063375,971125,1063375,92250,94113480000000,0,0,0
1,4219,94113480000000,94113480089750,94113481274500,1184750,1274500,89750,94113490000000,0,0,0
1,4220,94113490000000,94113490099250,94113491278250,1179000,1278250,99250,94113500000000,0,0,0
1,4221,94113500000000,94113500086250,94113501259500,1173250,1259500,86250,94113510000000,0,0,0
1,4222,94113510000000,94113510103500,94113511280000,1176500,1280000,103500,94113520000000,0,0,0
1,4223,94113520000000,94113520086000,94113521072875,986875,1072875,86000,94113530000000,0,0,0
1,4224,94113530000000,94113530104625,94113531284375,1179750,1284375,104625,94113540000000,0,0,0
1,4225,94113540000000,94113540089500,94113541271375,1181875,1271375,89500,94113550000000,0,0,0
1,4226,94113550000000,94113550092625,94113551270500,1177875,1270500,92625,94113560000000,0,0,0
1,4227,94113560000000,94113560086375,94113561277375,1191000,1277375,86375,94113570000000,0,0,0
1,4228,94113570000000,94113570093000,94113571070125,977125,1070125,93000,94113580000000,0,0,0
1,4229,94113580000000,94113580100250,94113581280625,1180375,1280625,100250,94113590000000,0,0,0
1,4230,94113590000000,94113590094375,94113591077750,983375,1077750,94375,94113600000000,0,0,0
1,4231,94113600000000,94113600090250,94113601279375,1189125,1279375,90250,94113610000000,0,0,0
1,4232,94113610000000,94113610096125,94113611276250,1180125,1276250,96125,94113620000000,0,0,0
1,4233,94113620000000,94113620087875,94113621291125,1203250,1291125,87875,94113630000000,0,0,0
1,4234,94113630000000,94113630105000,94113631302250,1197250,1302250,105000,94113640000000,0,0,0
1,4235,94113640000000,94113640092000,94113641278750,1186750,1278750,92000,94113650000000,0,0,0
1,4236,94113650000000,94113650102750,94113651283500,1180750,1283500,102750,94113660000000,0,0,0
1,4237,94113660000000,94113660087250,94113661282375,1195125,1282375,87250,94113670000000,0,0,0
1,4238,94113670000000,94113670101375,94113671303750,1202375,1303750,101375,94113680000000,0,0,0
1,4239,94113680000000,94113680084500,94113681277125,1192625,1277125,84500,94113690000000,0,0,0
1,4240,94113690000000,94113690106250,94113691292375,1186125,1292375,106250,94113700000000,0,0,0
1,4241,94113700000000,94113700080875,94113701256875,1176000,1256875,80875,94113710000000,0,0,0
1,4242,94113710000000,94113710092875,94113711263750,1170875,1263750,92875,94113720000000,0,0,0
1,4243,94113720000000,94113720090000,94113721263750,1173750,1263750,90000,94113730000000,0,0,0
1,4244,94113730000000,94113730093000,94113731262750,1169750,1262750,93000,94113740000000,0,0,0
1,4245,94113740000000,94113740099625,94113741291125,1191500,1291125,99625,94113750000000,0,0,0
1,4246,94113750000000,94113750095750,94113751279750,1184000,1279750,95750,94113760000000,0,0,0
1,4247,94113760000000,94113760076375,94113761057375,981000,1057375,76375,94113770000000,0,0,0
1,4248,94113770000000,94113770094500,94113771274625,1180125,1274625,94500,94113780000000,0,0,0
1,4249,94113780000000,94113780084625,94113781265750,1181125,1265750,84625,94113790000000,0,0,0
1,4250,94113790000000,94113790094750,94113791279500,1184750,1279500,94750,94113800000000,0,0,0
1,4251,94113800000000,94113800084625,94113801265500,1180875,1265500,84625,94113810000000,0,0,0
1,4252,94113810000000,94113810093625,94113811281250,1187625,1281250,93625,94113820000000,0,0,0
1,4253,94113820000000,94113820104750,94113821305500,1200750,1305500,104750,94113830000000,0,0,0
1,4254,94113830000000,94113830097375,94113831283250,1185875,1283250,97375,94113840000000,0,0,0
1,4255,94113840000000,94113840085750,94113841261625,1175875,1261625,85750,94113850000000,0,0,0
1,4256,94113850000000,94113850102875,94113851277500,1174625,1277500,102875,94113860000000,0,0,0
1,4257,94113860000000,94113860086375,94113861260625,1174250,1260625,86375,94113870000000,0,0,0
1,4258,94113870000000,94113870103750,94113871286750,1183000,1286750,103750,94113880000000,0,0,0
1,4259,94113880000000,94113880088750,94113881062250,973500,1062250,88750,94113890000000,0,0,0
1,4260,94113890000000,94113890102000,94113891083375,981375,1083375,102000,94113900000000,0,0,0
1,4261,94113900000000,94113900090375,94113901271500,1181125,1271500,90375,94113910000000,0,0,0
1,4262,94113910000000,94113910104375,94113911284125,1179750,1284125,104375,94113920000000,0,0,0
1,4263,94113920000000,94113920087875,94113921288375,1200500,1288375,87875,94113930000000,0,0,0
1,4264,94113930000000,94113930105125,94113931287750,1182625,1287750,105125,94113940000000,0,0,0
1,4265,94113940000000,94113940084750,94113941272125,1187375,1272125,84750,94113950000000,0,0,0
1,4266,94113950000000,94113950091375,94113951285625,1194250,1285625,91375,94113960000000,0,0,0
1,4267,94113960000000,94113960083625,94113961055500,971875,1055500,83625,94113970000000,0,0,0
1,4268,94113970000000,94113970093500,94113971267375,1173875,1267375,93500,94113980000000,0,0,0
1,4269,94113980000000,94113980097625,94113981276375,1178750,1276375,97625,94113990000000,0,0,0
1,4270,94113990000000,94113990092250,94113991069125,976875,1069125,92250,94114000000000,0,0,0
1,4271,94114000000000,94114000098125,94114001290000,1191875,1290000,98125,94114010000000,0,0,0
1,4272,94114010000000,94114010092125,94114011071750,979625,1071750,92125,94114020000000,0,0,0
1,4273,94114020000000,94114020113375,94114021309875,1196500,1309875,113375,94114030000000,0,0,0
1,4274,94114030000000,94114030097875,94114031282750,1184875,1282750,97875,94114040000000,0,0,0
1,4275,94114040000000,94114040085125,94114041273500,1188375,1273500,85125,94114050000000,0,0,0
1,4276,94114050000000,94114050093750,94114051281625,1187875,1281625,93750,94114060000000,0,0,0
1,4277,94114060000000,94114060096125,94114061305500,1209375,1305500,96125,94114070000000,0,0,0
1,4278,94114070000000,94114070095625,94114071294125,1198500,1294125,95625,94114080000000,0,0,0
1,4279,94114080000000,94114080086625,94114081068750,982125,1068750,86625,94114090000000,0,0,0
1,4280,94114090000000,94114090103375,94114091275375,1172000,1275375,103375,94114100000000,0,0,0
1,4281,94114100000000,94114100084125,94114101271250,1187125,1271250,84125,94114110000000,0,0,0
1,4282,94114110000000,94114110103000,94114111082625,979625,1082625,103000,94114120000000,0,0,0
1,4283,94114120000000,94114120087000,94114121266375,1179375,1266375,87000,94114130000000,0,0,0
1,4284,94114130000000,94114130101750,94114131279250,1177500,1279250,101750,94114140000000,0,0,0
1,4285,94114140000000,94114140080250,94114141268125,1187875,1268125,80250,94114150000000,0,0,0
1,4286,94114150000000,94114150101125,94114151290625,1189500,1290625,101125,94114160000000,0,0,0
1,4287,94114160000000,94114160086250,94114161273500,1187250,1273500,86250,94114170000000,0,0,0
1,4288,94114170000000,94114170107000,94114171086875,979875,1086875,107000,94114180000000,0,0,0
1,4289,94114180000000,94114180088750,94114181285250,1196500,1285250,88750,94114190000000,0,0,0
1,4290,94114190000000,94114190105875,94114191091875,986000,1091875,105875,94114200000000,0,0,0
1,4291,94114200000000,94114200086750,94114201254250,1167500,1254250,86750,94114210000000,0,0,0
1,4292,94114210000000,94114210092375,94114211285000,1192625,1285000,92375,94114220000000,0,0,0
1,4293,94114220000000,94114220083750,94114221275125,1191375,1275125,83750,94114230000000,0,0,0
1,4294,94114230000000,94114230093875,94114231272000,1178125,1272000,93875,94114240000000,0,0,0
1,4295,94114240000000,94114240095250,94114241287875,1192625,1287875,95250,94114250000000,0,0,0
1,4296,94114250000000,94114250095875,94114251282625,1186750,1282625,95875,94114260000000,0,0,0
1,4297,94114260000000,94114260092375,94114261274875,1182500,1274875,92375,94114270000000,0,0,0
1,4298,94114270000000,94114270091375,94114271079750,988375,1079750,91375,94114280000000,0,0,0
1,4299,94114280000000,94114280097250,94114281067500,970250,1067500,97250,94114290000000,0,0,0
1,4300,94114290000000,94114290095375,94114291275250,1179875,1275250,95375,94114300000000,0,0,0
1,4301,94114300000000,94114300083875,94114301273125,1189250,1273125,83875,94114310000000,0,0,0
1,4302,94114310000000,94114310093500,94114311273000,1179500,1273000,93500,94114320000000,0,0,0
1,4303,94114320000000,94114320085625,94114321064500,978875,1064500,85625,94114330000000,0,0,0
1,4304,94114330000000,94114330104625,94114331276250,1171625,1276250,104625,94114340000000,0,0,0
1,4305,94114340000000,94114340086250,94114341265125,1178875,1265125,86250,94114350000000,0,0,0
1,4306,94114350000000,94114350092875,94114351061000,968125,1061000,92875,94114360000000,0,0,0
1,4307,94114360000000,94114360085875,94114361260625,1174750,1260625,85875,94114370000000,0,0,0
1,4308,94114370000000,94114370092000,94114371265875,1173875,1265875,92000,94114380000000,0,0,0
1,4309,94114380000000,94114380088500,94114381265625,1177125,1265625,88500,94114390000000,0,0,0
1,4310,94114390000000,94114390091750,94114391275500,1183750,1275500,91750,94114400000000,0,0,0
1,4311,94114400000000,94114400087750,94114401268375,1180625,1268375,87750,94114410000000,0,0,0
1,4312,94114410000000,94114410087750,94114411270750,1183000,1270750,87750,94114420000000,0,0,0
1,4313,94114420000000,94114420099375,94114421287625,1188250,1287625,99375,94114430000000,0,0,0
1,4314,94114430000000,94114430092125,94114431267625,1175500,1267625,92125,94114440000000,0,0,0
1,4315,94114440000000,94114440097625,94114441282000,1184375,1282000,97625,94114450000000,0,0,0
1,4316,94114450000000,94114450094125,94114451282625,1188500,1282625,94125,94114460000000,0,0,0
1,4317,94114460000000,94114460098000,94114461285250,1187250,1285250,98000,94114470000000,0,0,0
1,4318,94114470000000,94114470093000,94114471275250,1182250,1275250,93000,94114480000000,0,0,0
1,4319,94114480000000,94114480087625,94114481269250,1181625,1269250,87625,94114490000000,0,0,0
1,4320,94114490000000,94114490100125,94114491283000,1182875,1283000,100125,94114500000000,0,0,0
1,4321,94114500000000,94114500091000,94114501069625,978625,1069625,91000,94114510000000,0,0,0
1,4322,94114510000000,94114510104125,94114511290375,1186250,1290375,104125,94114520000000,0,0,0
1,4323,94114520000000,94114520091250,94114521281125,1189875,1281125,91250,94114530000000,0,0,0
1,4324,94114530000000,94114530103125,94114531295000,1191875,1295000,103125,94114540000000,0,0,0
1,4325,94114540000000,94114540090125,94114541274750,1184625,1274750,90125,94114550000000,0,0,0
1,4326,94114550000000,94114550104000,94114551279875,1175875,1279875,104000,94114560000000,0,0,0
1,4327,94114560000000,94114560089125,94114561062250,973125,1062250,89125,94114570000000,0,0,0
1,4328,94114570000000,94114570103125,94114571291000,1187875,1291000,103125,94114580000000,0,0,0
1,4329,94114580000000,94114580087000,94114581266750,1179750,1266750,87000,94114590000000,0,0,0
1,4330,94114590000000,94114590106250,94114591084375,978125,1084375,106250,94114600000000,0,0,0
1,4331,94114600000000,94114600088875,94114601289500,1200625,1289500,88875,94114610000000,0,0,0
1,4332,94114610000000,94114610089875,94114611286625,1196750,1286625,89875,94114620000000,0,0,0
1,4333,94114620000000,94114620087500,94114621268125,1180625,1268125,87500,94114630000000,0,0,0
1,4334,94114630000000,94114630092375,94114631277125,1184750,1277125,92375,94114640000000,0,0,0
1,4335,94114640000000,94114640092625,94114641288250,1195625,1288250,92625,94114650000000,0,0,0
1,4336,94114650000000,94114650092750,94114651066875,974125,1066875,92750,94114660000000,0,0,0
1,4337,94114660000000,94114660101125,94114661290250,1189125,1290250,101125,94114670000000,0,0,0
1,4338,94114670000000,94114670094375,94114671280375,1186000,1280375,94375,94114680000000,0,0,0
1,4339,94114680000000,94114680086500,94114681273375,1186875,1273375,86500,94114690000000,0,0,0
1,4340,94114690000000,94114690092875,94114691266500,1173625,1266500,92875,94114700000000,0,0,0
1,4341,94114700000000,94114700086625,94114701270000,1183375,1270000,86625,94114710000000,0,0,0
1,4342,94114710000000,94114710102000,94114711292250,1190250,1292250,102000,94114720000000,0,0,0
1,4343,94114720000000,94114720088000,94114721261500,1173500,1261500,88000,94114730000000,0,0,0
1,4344,94114730000000,94114730101875,94114731288125,1186250,1288125,101875,94114740000000,0,0,0
1,4345,94114740000000,94114740085875,94114741062625,976750,1062625,85875,94114750000000,0,0,0
1,4346,94114750000000,94114750093125,94114751272250,1179125,1272250,93125,94114760000000,0,0,0
1,4347,94114760000000,94114760084000,94114761257250,1173250,1257250,84000,94114770000000,0,0,0
1,4348,94114770000000,94114770089750,94114771277375,1187625,1277375,89750,94114780000000,0,0,0
1,4349,94114780000000,94114780081375,94114781520125,1438750,1520125,81375,94114790000000,0,0,0
1,4350,94114790000000,94114790095250,94114791295125,1199875,1295125,95250,94114800000000,0,0,0
1,4351,94114800000000,94114800087375,94114801281500,1194125,1281500,87375,94114810000000,0,0,0
1,4352,94114810000000,94114810093750,94114811085625,991875,1085625,93750,94114820000000,0,0,0
1,4353,94114820000000,94114820091375,94114821277750,1186375,1277750,91375,94114830000000,0,0,0
1,4354,94114830000000,94114830092125,94114831272875,1180750,1272875,92125,94114840000000,0,0,0
1,4355,94114840000000,94114840099250,94114841267625,1168375,1267625,99250,94114850000000,0,0,0
1,4356,94114850000000,94114850088500,94114851288875,1200375,1288875,88500,94114860000000,0,0,0
1,4357,94114860000000,94114860079750,94114861281000,1201250,1281000,79750,94114870000000,0,0,0
1,4358,94114870000000,94114870084500,94114871066000,981500,1066000,84500,94114880000000,0,0,0
1,4359,94114880000000,94114880085750,94114881281500,1195750,1281500,85750,94114890000000,0,0,0
1,4360,94114890000000,94114890093875,94114891274750,1180875,1274750,93875,94114900000000,0,0,0
1,4361,94114900000000,94114900089625,94114901291500,1201875,1291500,89625,94114910000000,0,0,0
1,4362,94114910000000,94114910101875,94114911297125,1195250,1297125,101875,94114920000000,0,0,0
1,4363,94114920000000,94114920100000,94114921283875,1183875,1283875,100000,94114930000000,0,0,0
1,4364,94114930000000,94114930104125,94114931302250,1198125,1302250,104125,94114940000000,0,0,0
1,4365,94114940000000,94114940086250,94114941054625,968375,1054625,86250,94114950000000,0,0,0
1,4366,94114950000000,94114950100750,94114951291875,1191125,1291875,100750,94114960000000,0,0,0
1,4367,94114960000000,94114960087625,94114961266875,1179250,1266875,87625,94114970000000,0,0,0
1,4368,94114970000000,94114970103000,94114971276625,1173625,1276625,103000,94114980000000,0,0,0
1,4369,94114980000000,94114980090250,94114981263875,1173625,1263875,90250,94114990000000,0,0,0
1,4370,94114990000000,94114990090000,94114991272625,1182625,1272625,90000,94115000000000,0,0,0
1,4371,94115000000000,94115000083125,94115001253375,1170250,1253375,83125,94115010000000,0,0,0
1,4372,94115010000000,94115010099125,94115011307375,1208250,1307375,99125,94115020000000,0,0,0
1,4373,94115020000000,94115020077625,94115021281750,1204125,1281750,77625,94115030000000,0,0,0
1,4374,94115030000000,94115030094625,94115031292000,1197375,1292000,94625,94115040000000,0,0,0
1,4375,94115040000000,94115040101625,94115041283875,1182250,1283875,101625,94115050000000,0,0,0
1,4376,94115050000000,94115050092000,94115051272500,1180500,1272500,92000,94115060000000,0,0,0
1,4377,94115060000000,94115060097750,94115061282750,1185000,1282750,97750,94115070000000,0,0,0
1,4378,94115070000000,94115070095000,94115071287875,1192875,1287875,95000,94115080000000,0,0,0
1,4379,94115080000000,94115080087625,94115081271750,1184125,1271750,87625,94115090000000,0,0,0
1,4380,94115090000000,94115090090500,94115091276875,1186375,1276875,90500,94115100000000,0,0,0
1,4381,94115100000000,94115100087000,94115101248750,1161750,1248750,87000,94115110000000,0,0,0
1,4382,94115110000000,94115110109875,94115111290375,1180500,1290375,109875,94115120000000,0,0,0
1,4383,94115120000000,94115120089875,94115121285625,1195750,1285625,89875,94115130000000,0,0,0
1,4384,94115130000000,94115130093875,94115131281750,1187875,1281750,93875,94115140000000,0,0,0
1,4385,94115140000000,94115140086500,94115141292375,1205875,1292375,86500,94115150000000,0,0,0
1,4386,94115150000000,94115150094625,94115151264000,1169375,1264000,94625,94115160000000,0,0,0
1,4387,94115160000000,94115160095000,94115161292250,1197250,1292250,95000,94115170000000,0,0,0
1,4388,94115170000000,94115170095000,94115171284125,1189125,1284125,95000,94115180000000,0,0,0
1,4389,94115180000000,94115180096125,94115181276375,1180250,1276375,96125,94115190000000,0,0,0
1,4390,94115190000000,94115190093750,94115191277250,1183500,1277250,93750,94115200000000,0,0,0
1,4391,94115200000000,94115200086375,94115201277875,1191500,1277875,86375,94115210000000,0,0,0
1,4392,94115210000000,94115210092500,94115211274625,1182125,1274625,92500,94115220000000,0,0,0
1,4393,94115220000000,94115220085750,94115221063625,977875,1063625,85750,94115230000000,0,0,0
1,4394,94115230000000,94115230103000,94115231276125,1173125,1276125,103000,94115240000000,0,0,0
1,4395,94115240000000,94115240087500,94115241261125,1173625,1261125,87500,94115250000000,0,0,0
1,4396,94115250000000,94115250104000,94115251292625,1188625,1292625,104000,94115260000000,0,0,0
1,4397,94115260000000,94115260087250,94115261274000,1186750,1274000,87250,94115270000000,0,0,0
1,4398,94115270000000,94115270093375,94115271274750,1181375,1274750,93375,94115280000000,0,0,0
1,4399,94115280000000,94115280087375,94115281261000,1173625,1261000,87375,94115290000000,0,0,0
1,4400,94115290000000,94115290094875,94115291274125,1179250,1274125,94875,94115300000000,0,0,0
1,4401,94115300000000,94115300089375,94115301057875,968500,1057875,89375,94115310000000,0,0,0
1,4402,94115310000000,94115310092250,94115311063875,971625,1063875,92250,94115320000000,0,0,0
1,4403,94115320000000,94115320100250,94115321284500,1184250,1284500,100250,94115330000000,0,0,0
1,4404,94115330000000,94115330093625,94115331274500,1180875,1274500,93625,94115340000000,0,0,0
1,4405,94115340000000,94115340087500,94115341261500,1174000,1261500,87500,94115350000000,0,0,0
1,4406,94115350000000,94115350104125,94115351282250,1178125,1282250,104125,94115360000000,0,0,0
1,4407,94115360000000,94115360092750,94115361276500,1183750,1276500,92750,94115370000000,0,0,0
1,4408,94115370000000,94115370107375,94115371295500,1188125,1295500,107375,94115380000000,0,0,0
1,4409,94115380000000,94115380087500,94115381257625,1170125,1257625,87500,94115390000000,0,0,0
1,4410,94115390000000,94115390092375,94115391279875,1187500,1279875,92375,94115400000000,0,0,0
1,4411,94115400000000,94115400092125,94115401275250,1183125,1275250,92125,94115410000000,0,0,0
1,4412,94115410000000,94115410094000,94115411276000,1182000,1276000,94000,94115420000000,0,0,0
1,4413,94115420000000,94115420094375,94115421274250,1179875,1274250,94375,94115430000000,0,0,0
1,4414,94115430000000,94115430092750,94115431264125,1171375,1264125,92750,94115440000000,0,0,0
1,4415,94115440000000,94115440097750,94115441292000,1194250,1292000,97750,94115450000000,0,0,0
1,4416,94115450000000,94115450094500,94115451285000,1190500,1285000,94500,94115460000000,0,0,0
1,4417,94115460000000,94115460087000,94115461255000,1168000,1255000,87000,94115470000000,0,0,0
1,4418,94115470000000,94115470095250,94115471273375,1178125,1273375,95250,94115480000000,0,0,0
1,4419,94115480000000,94115480083500,94115481261750,1178250,1261750,83500,94115490000000,0,0,0
1,4420,94115490000000,94115490092750,94115491062750,970000,1062750,92750,94115500000000,0,0,0
1,4421,94115500000000,94115500086875,94115501265250,1178375,1265250,86875,94115510000000,0,0,0
1,4422,94115510000000,94115510094375,94115511267125,1172750,1267125,94375,94115520000000,0,0,0
1,4423,94115520000000,94115520084375,94115521280625,1196250,1280625,84375,94115530000000,0,0,0
1,4424,94115530000000,94115530094875,94115531282875,1188000,1282875,94875,94115540000000,0,0,0
1,4425,94115540000000,94115540083750,94115541064000,980250,1064000,83750,94115550000000,0,0,0
1,4426,94115550000000,94115550104000,94115551292250,1188250,1292250,104000,94115560000000,0,0,0
1,4427,94115560000000,94115560085375,94115561275250,1189875,1275250,85375,94115570000000,0,0,0
1,4428,94115570000000,94115570092750,94115571279375,1186625,1279375,92750,94115580000000,0,0,0
1,4429,94115580000000,94115580086000,94115581280625,1194625,1280625,86000,94115590000000,0,0,0
1,4430,94115590000000,94115590093125,94115591057250,964125,1057250,93125,94115600000000,0,0,0
1,4431,94115600000000,94115600096000,94115601289625,1193625,1289625,96000,94115610000000,0,0,0
1,4432,94115610000000,94115610092375,94115611272125,1179750,1272125,92375,94115620000000,0,0,0
1,4433,94115620000000,94115620102375,94115621288750,1186375,1288750,102375,94115630000000,0,0,0
1,4434,94115630000000,94115630098875,94115631277875,1179000,1277875,98875,94115640000000,0,0,0
1,4435,94115640000000,94115640086250,94115641265750,1179500,1265750,86250,94115650000000,0,0,0
1,4436,94115650000000,94115650099375,94115651273250,1173875,1273250,99375,94115660000000,0,0,0
1,4437,94115660000000,94115660088625,94115661273625,1185000,1273625,88625,94115670000000,0,0,0
1,4438,94115670000000,94115670092750,94115671267375,1174625,1267375,92750,94115680000000,0,0,0
1,4439,94115680000000,94115680088625,94115681074875,986250,1074875,88625,94115690000000,0,0,0
1,4440,94115690000000,94115690103500,94115691285000,1181500,1285000,103500,94115700000000,0,0,0
1,4441,94115700000000,94115700088625,94115701063500,974875,1063500,88625,94115710000000,0,0,0
1,4442,94115710000000,94115710104500,94115711290500,1186000,1290500,104500,94115720000000,0,0,0
1,4443,94115720000000,94115720089625,94115721078125,988500,1078125,89625,94115730000000,0,0,0
1,4444,94115730000000,94115730104750,94115731276125,1171375,1276125,104750,94115740000000,0,0,0
1,4445,94115740000000,94115740089000,94115741279625,1190625,1279625,89000,94115750000000,0,0,0
1,4446,94115750000000,94115750101250,94115751283500,1182250,1283500,101250,94115760000000,0,0,0
1,4447,94115760000000,94115760091500,94115761278875,1187375,1278875,91500,94115770000000,0,0,0
1,4448,94115770000000,94115770091500,94115771286750,1195250,1286750,91500,94115780000000,0,0,0
1,4449,94115780000000,94115780090875,94115781267125,1176250,1267125,90875,94115790000000,0,0,0
1,4450,94115790000000,94115790102375,94115791296625,1194250,1296625,102375,94115800000000,0,0,0
1,4451,94115800000000,94115800080375,94115801056500,976125,1056500,80375,94115810000000,0,0,0
1,4452,94115810000000,94115810099500,94115811294625,1195125,1294625,99500,94115820000000,0,0,0
1,4453,94115820000000,94115820091125,94115821083250,992125,1083250,91125,94115830000000,0,0,0
1,4454,94115830000000,94115830091750,94115831266500,1174750,1266500,91750,94115840000000,0,0,0
1,4455,94115840000000,94115840101250,94115841297250,1196000,1297250,101250,94115850000000,0,0,0
1,4456,94115850000000,94115850091625,94115851273250,1181625,1273250,91625,94115860000000,0,0,0
1,4457,94115860000000,94115860098000,94115861079750,981750,1079750,98000,94115870000000,0,0,0
1,4458,94115870000000,94115870091250,94115871269250,1178000,1269250,91250,94115880000000,0,0,0
1,4459,94115880000000,94115880087125,94115881266500,1179375,1266500,87125,94115890000000,0,0,0
1,4460,94115890000000,94115890090500,94115891280125,1189625,1280125,90500,94115900000000,0,0,0
1,4461,94115900000000,94115900087750,94115901260625,1172875,1260625,87750,94115910000000,0,0,0
1,4462,94115910000000,94115910101750,94115911275875,1174125,1275875,101750,94115920000000,0,0,0
1,4463,94115920000000,94115920088250,94115921255500,1167250,1255500,88250,94115930000000,0,0,0
1,4464,94115930000000,94115930093500,94115931064875,971375,1064875,93500,94115940000000,0,0,0
1,4465,94115940000000,94115940084750,94115941263875,1179125,1263875,84750,94115950000000,0,0,0
1,4466,94115950000000,94115950097500,94115951282125,1184625,1282125,97500,94115960000000,0,0,0
1,4467,94115960000000,94115960087875,94115961278750,1190875,1278750,87875,94115970000000,0,0,0
1,4468,94115970000000,94115970093625,94115971286250,1192625,1286250,93625,94115980000000,0,0,0
1,4469,94115980000000,94115980098000,94115981272625,1174625,1272625,98000,94115990000000,0,0,0
1,4470,94115990000000,94115990092250,94115991269125,1176875,1269125,92250,94116000000000,0,0,0
1,4471,94116000000000,94116000085875,94116001264375,1178500,1264375,85875,94116010000000,0,0,0
1,4472,94116010000000,94116010094375,94116011279000,1184625,1279000,94375,94116020000000,0,0,0
1,4473,94116020000000,94116020087875,94116021283375,1195500,1283375,87875,94116030000000,0,0,0
1,4474,94116030000000,94116030088875,94116031277625,1188750,1277625,88875,94116040000000,0,0,0
1,4475,94116040000000,94116040086000,94116041267625,1181625,1267625,86000,94116050000000,0,0,0
1,4476,94116050000000,94116050105625,94116051289000,1183375,1289000,105625,94116060000000,0,0,0
1,4477,94116060000000,94116060089625,94116061279500,1189875,1279500,89625,94116070000000,0,0,0
1,4478,94116070000000,94116070093000,94116071276250,1183250,1276250,93000,94116080000000,0,0,0
1,4479,94116080000000,94116080082500,94116081256500,1174000,1256500,82500,94116090000000,0,0,0
1,4480,94116090000000,94116090096375,94116091291875,1195500,1291875,96375,94116100000000,0,0,0
1,4481,94116100000000,94116100085875,94116101270625,1184750,1270625,85875,94116110000000,0,0,0
1,4482,94116110000000,94116110095000,94116111271750,1176750,1271750,95000,94116120000000,0,0,0
1,4483,94116120000000,94116120090500,94116121270375,1179875,1270375,90500,94116130000000,0,0,0
1,4484,94116130000000,94116130093500,94116131266875,1173375,1266875,93500,94116140000000,0,0,0
1,4485,94116140000000,94116140089625,94116141058625,969000,1058625,89625,94116150000000,0,0,0
1,4486,94116150000000,94116150098250,94116151268000,1169750,1268000,98250,94116160000000,0,0,0
1,4487,94116160000000,94116160095875,94116161273125,1177250,1273125,95875,94116170000000,0,0,0
1,4488,94116170000000,94116170095125,94116171280125,1185000,1280125,95125,94116180000000,0,0,0
1,4489,94116180000000,94116180084625,94116181253125,1168500,1253125,84625,94116190000000,0,0,0
1,4490,94116190000000,94116190093125,94116191279250,1186125,1279250,93125,94116200000000,0,0,0
1,4491,94116200000000,94116200086625,94116201266875,1180250,1266875,86625,94116210000000,0,0,0
1,4492,94116210000000,94116210094500,94116211293000,1198500,1293000,94500,94116220000000,0,0,0
1,4493,94116220000000,94116220097625,94116221288125,1190500,1288125,97625,94116230000000,0,0,0
1,4494,94116230000000,94116230093875,94116231273500,1179625,1273500,93875,94116240000000,0,0,0
1,4495,94116240000000,94116240087375,94116241270125,1182750,1270125,87375,94116250000000,0,0,0
1,4496,94116250000000,94116250104375,94116251286625,1182250,1286625,104375,94116260000000,0,0,0
1,4497,94116260000000,94116260087625,94116261281000,1193375,1281000,87625,94116270000000,0,0,0
1,4498,94116270000000,94116270104375,94116271291375,1187000,1291375,104375,94116280000000,0,0,0
1,4499,94116280000000,94116280087750,94116281273250,1185500,1273250,87750,94116290000000,0,0,0
1,4500,94116290000000,94116290091375,94116291254250,1162875,1254250,91375,94116300000000,0,0,0
1,4501,94116300000000,94116300089000,94116301260375,1171375,1260375,89000,94116310000000,0,0,0
1,4502,94116310000000,94116310095500,94116311281000,1185500,1281000,95500,94116320000000,0,0,0
1,4503,94116320000000,94116320090250,94116321258625,1168375,1258625,90250,94116330000000,0,0,0
1,4504,94116330000000,94116330092875,94116331274250,1181375,1274250,92875,94116340000000,0,0,0
1,4505,94116340000000,94116340097625,94116341064875,967250,1064875,97625,94116350000000,0,0,0
1,4506,94116350000000,94116350094000,94116351265625,1171625,1265625,94000,94116360000000,0,0,0
1,4507,94116360000000,94116360096875,94116361281125,1184250,1281125,96875,94116370000000,0,0,0
1,4508,94116370000000,94116370093375,94116371256875,1163500,1256875,93375,94116380000000,0,0,0
1,4509,94116380000000,94116380086250,94116381259000,1172750,1259000,86250,94116390000000,0,0,0
1,4510,94116390000000,94116390093500,94116391287625,1194125,1287625,93500,94116400000000,0,0,0
1,4511,94116400000000,94116400086375,94116401265000,1178625,1265000,86375,94116410000000,0,0,0
1,4512,94116410000000,94116410095625,94116411074125,978500,1074125,95625,94116420000000,0,0,0
1,4513,94116420000000,94116420085000,94116421271750,1186750,1271750,85000,94116430000000,0,0,0
1,4514,94116430000000,94116430093875,94116431278125,1184250,1278125,93875,94116440000000,0,0,0
1,4515,94116440000000,94116440088500,94116441277625,1189125,1277625,88500,94116450000000,0,0,0
1,4516,94116450000000,94116450104375,94116451287000,1182625,1287000,104375,94116460000000,0,0,0
1,4517,94116460000000,94116460087250,94116461272000,1184750,1272000,87250,94116470000000,0,0,0
1,4518,94116470000000,94116470093625,94116471278000,1184375,1278000,93625,94116480000000,0,0,0
1,4519,94116480000000,94116480089500,94116481271000,1181500,1271000,89500,94116490000000,0,0,0
1,4520,94116490000000,94116490091625,94116491285375,1193750,1285375,91625,94116500000000,0,0,0
1,4521,94116500000000,94116500089875,94116501281375,1191500,1281375,89875,94116510000000,0,0,0
1,4522,94116510000000,94116510094375,94116511265375,1171000,1265375,94375,94116520000000,0,0,0
1,4523,94116520000000,94116520097000,94116521268875,1171875,1268875,97000,94116530000000,0,0,0
1,4524,94116530000000,94116530091750,94116531277875,1186125,1277875,91750,94116540000000,0,0,0
1,4525,94116540000000,94116540098750,94116541276625,1177875,1276625,98750,94116550000000,0,0,0
1,4526,94116550000000,94116550095125,94116551295000,1199875,1295000,95125,94116560000000,0,0,0
1,4527,94116560000000,94116560093375,94116561070000,976625,1070000,93375,94116570000000,0,0,0
1,4528,94116570000000,94116570091250,94116571076625,985375,1076625,91250,94116580000000,0,0,0
1,4529,94116580000000,94116580088125,94116581291875,1203750,1291875,88125,94116590000000,0,0,0
1,4530,94116590000000,94116590089625,94116591267875,1178250,1267875,89625,94116600000000,0,0,0
1,4531,94116600000000,94116600088750,94116601255875,1167125,1255875,88750,94116610000000,0,0,0
1,4532,94116610000000,94116610098250,94116611273875,1175625,1273875,98250,94116620000000,0,0,0
1,4533,94116620000000,94116620089250,94116621271000,1181750,1271000,89250,94116630000000,0,0,0
1,4534,94116630000000,94116630101500,94116631081500,980000,1081500,101500,94116640000000,0,0,0
1,4535,94116640000000,94116640090375,94116641261375,1171000,1261375,90375,94116650000000,0,0,0
1,4536,94116650000000,94116650120625,94116651299000,1178375,1299000,120625,94116660000000,0,0,0
1,4537,94116660000000,94116660089250,94116661273875,1184625,1273875,89250,94116670000000,0,0,0
1,4538,94116670000000,94116670092375,94116671278875,1186500,1278875,92375,94116680000000,0,0,0
1,4539,94116680000000,94116680084625,94116681289250,1204625,1289250,84625,94116690000000,0,0,0
1,4540,94116690000000,94116690093625,94116691262000,1168375,1262000,93625,94116700000000,0,0,0
1,4541,94116700000000,94116700096250,94116701283625,1187375,1283625,96250,94116710000000,0,0,0
1,4542,94116710000000,94116710093375,94116711287750,1194375,1287750,93375,94116720000000,0,0,0
1,4543,94116720000000,94116720093750,94116721276500,1182750,1276500,93750,94116730000000,0,0,0
1,4544,94116730000000,94116730097375,94116731279250,1181875,1279250,97375,94116740000000,0,0,0
1,4545,94116740000000,94116740084625,94116741265750,1181125,1265750,84625,94116750000000,0,0,0
1,4546,94116750000000,94116750092375,94116751279375,1187000,1279375,92375,94116760000000,0,0,0
1,4547,94116760000000,94116760085125,94116761286250,1201125,1286250,85125,94116770000000,0,0,0
1,4548,94116770000000,94116770094250,94116771266125,1171875,1266125,94250,94116780000000,0,0,0
1,4549,94116780000000,94116780085375,94116781287500,1202125,1287500,85375,94116790000000,0,0,0
1,4550,94116790000000,94116790105375,94116791293250,1187875,1293250,105375,94116800000000,0,0,0
1,4551,94116800000000,94116800084250,94116801264125,1179875,1264125,84250,94116810000000,0,0,0
1,4552,94116810000000,94116810091000,94116811262000,1171000,1262000,91000,94116820000000,0,0,0
1,4553,94116820000000,94116820077500,94116821265250,1187750,1265250,77500,94116830000000,0,0,0
1,4554,94116830000000,94116830096750,94116831276375,1179625,1276375,96750,94116840000000,0,0,0
1,4555,94116840000000,94116840088875,94116841263250,1174375,1263250,88875,94116850000000,0,0,0
1,4556,94116850000000,94116850093375,94116851278875,1185500,1278875,93375,94116860000000,0,0,0
1,4557,94116860000000,94116860097500,94116861289875,1192375,1289875,97500,94116870000000,0,0,0
1,4558,94116870000000,94116870094000,94116871279375,1185375,1279375,94000,94116880000000,0,0,0
1,4559,94116880000000,94116880095250,94116881280625,1185375,1280625,95250,94116890000000,0,0,0
1,4560,94116890000000,94116890095375,94116891280875,1185500,1280875,95375,94116900000000,0,0,0
1,4561,94116900000000,94116900090875,94116901054875,964000,1054875,90875,94116910000000,0,0,0
1,4562,94116910000000,94116910094375,94116911278000,1183625,1278000,94375,94116920000000,0,0,0
1,4563,94116920000000,94116920084250,94116921269000,1184750,1269000,84250,94116930000000,0,0,0
1,4564,94116930000000,94116930094750,94116931272500,1177750,1272500,94750,94116940000000,0,0,0
1,4565,94116940000000,94116940087500,94116941257500,1170000,1257500,87500,94116950000000,0,0,0
1,4566,94116950000000,94116950106375,94116951285875,1179500,1285875,106375,94116960000000,0,0,0
1,4567,94116960000000,94116960086625,94116961281625,1195000,1281625,86625,94116970000000,0,0,0
1,4568,94116970000000,94116970096875,94116971279375,1182500,1279375,96875,94116980000000,0,0,0
1,4569,94116980000000,94116980086750,94116981257750,1171000,1257750,86750,94116990000000,0,0,0
1,4570,94116990000000,94116990093500,94116991283750,1190250,1283750,93500,94117000000000,0,0,0
1,4571,94117000000000,94117000086250,94117001267000,1180750,1267000,86250,94117010000000,0,0,0
1,4572,94117010000000,94117010092625,94117011269750,1177125,1269750,92625,94117020000000,0,0,0
1,4573,94117020000000,94117020082125,94117021264500,1182375,1264500,82125,94117030000000,0,0,0
1,4574,94117030000000,94117030092875,94117031282625,1189750,1282625,92875,94117040000000,0,0,0
1,4575,94117040000000,94117040096000,94117041272000,1176000,1272000,96000,94117050000000,0,0,0
1,4576,94117050000000,94117050094750,94117051289125,1194375,1289125,94750,94117060000000,0,0,0
1,4577,94117060000000,94117060095500,94117061277500,1182000,1277500,95500,94117070000000,0,0,0
1,4578,94117070000000,94117070093750,94117071270250,1176500,1270250,93750,94117080000000,0,0,0
1,4579,94117080000000,94117080108750,94117081287125,1178375,1287125,108750,94117090000000,0,0,0
1,4580,94117090000000,94117090096750,94117091286375,1189625,1286375,96750,94117100000000,0,0,0
1,4581,94117100000000,94117100084500,94117101263125,1178625,1263125,84500,94117110000000,0,0,0
1,4582,94117110000000,94117110093500,94117111281250,1187750,1281250,93500,94117120000000,0,0,0
1,4583,94117120000000,94117120085125,94117121263000,1177875,1263000,85125,94117130000000,0,0,0
1,4584,94117130000000,94117130094875,94117131278750,1183875,1278750,94875,94117140000000,0,0,0
1,4585,94117140000000,94117140084000,94117141262000,1178000,1262000,84000,94117150000000,0,0,0
1,4586,94117150000000,94117150102375,94117151283750,1181375,1283750,102375,94117160000000,0,0,0
1,4587,94117160000000,94117160085750,94117161279500,1193750,1279500,85750,94117170000000,0,0,0
1,4588,94117170000000,94117170104625,94117171293500,1188875,1293500,104625,94117180000000,0,0,0
1,4589,94117180000000,94117180083000,94117181266750,1183750,1266750,83000,94117190000000,0,0,0
1,4590,94117190000000,94117190103250,94117191295125,1191875,1295125,103250,94117200000000,0,0,0
1,4591,94117200000000,94117200087000,94117201285375,1198375,1285375,87000,94117210000000,0,0,0
1,4592,94117210000000,94117210090750,94117211271375,1180625,1271375,90750,94117220000000,0,0,0
1,4593,94117220000000,94117220087625,94117221285250,1197625,1285250,87625,94117230000000,0,0,0
1,4594,94117230000000,94117230089500,94117231265250,1175750,1265250,89500,94117240000000,0,0,0
1,4595,94117240000000,94117240099750,94117241079000,979250,1079000,99750,94117250000000,0,0,0
1,4596,94117250000000,94117250094375,94117251270125,1175750,1270125,94375,94117260000000,0,0,0
1,4597,94117260000000,94117260088000,94117261273750,1185750,1273750,88000,94117270000000,0,0,0
1,4598,94117270000000,94117270096000,94117271275125,1179125,1275125,96000,94117280000000,0,0,0
1,4599,94117280000000,94117280089125,94117281261750,1172625,1261750,89125,94117290000000,0,0,0
1,4600,94117290000000,94117290101875,94117291278875,1177000,1278875,101875,94117300000000,0,0,0
1,4601,94117300000000,94117300088500,94117301268750,1180250,1268750,88500,94117310000000,0,0,0
1,4602,94117310000000,94117310092500,94117311278000,1185500,1278000,92500,94117320000000,0,0,0
1,4603,94117320000000,94117320089125,94117321271000,1181875,1271000,89125,94117330000000,0,0,0
1,4604,94117330000000,94117330090000,94117331271375,1181375,1271375,90000,94117340000000,0,0,0
1,4605,94117340000000,94117340096000,94117341269750,1173750,1269750,96000,94117350000000,0,0,0
1,4606,94117350000000,94117350092000,94117351272125,1180125,1272125,92000,94117360000000,0,0,0
1,4607,94117360000000,94117360098250,94117361292375,1194125,1292375,98250,94117370000000,0,0,0
1,4608,94117370000000,94117370090625,94117371273750,1183125,1273750,90625,94117380000000,0,0,0
1,4609,94117380000000,94117380099875,94117381293500,1193625,1293500,99875,94117390000000,0,0,0
1,4610,94117390000000,94117390090875,94117391272750,1181875,1272750,90875,94117400000000,0,0,0
1,4611,94117400000000,94117400097750,94117401280750,1183000,1280750,97750,94117410000000,0,0,0
1,4612,94117410000000,94117410092125,94117411273250,1181125,1273250,92125,94117420000000,0,0,0
1,4613,94117420000000,94117420088125,94117421252375,1164250,1252375,88125,94117430000000,0,0,0
1,4614,94117430000000,94117430090000,94117431273000,1183000,1273000,90000,94117440000000,0,0,0
1,4615,94117440000000,94117440091750,94117441274750,1183000,1274750,91750,94117450000000,0,0,0
1,4616,94117450000000,94117450090875,94117451262375,1171500,1262375,90875,94117460000000,0,0,0
1,4617,94117460000000,94117460088500,94117461264750,1176250,1264750,88500,94117470000000,0,0,0
1,4618,94117470000000,94117470104875,94117471290625,1185750,1290625,104875,94117480000000,0,0,0
1,4619,94117480000000,94117480088625,94117481254625,1166000,1254625,88625,94117490000000,0,0,0
1,4620,94117490000000,94117490103500,94117491278250,1174750,1278250,103500,94117500000000,0,0,0
1,4621,94117500000000,94117500090250,94117501276875,1186625,1276875,90250,94117510000000,0,0,0
1,4622,94117510000000,94117510119750,94117511319375,1199625,1319375,119750,94117520000000,0,0,0
1,4623,94117520000000,94117520092125,94117521296375,1204250,1296375,92125,94117530000000,0,0,0
1,4624,94117530000000,94117530093250,94117531281875,1188625,1281875,93250,94117540000000,0,0,0
1,4625,94117540000000,94117540087250,94117541261125,1173875,1261125,87250,94117550000000,0,0,0
1,4626,94117550000000,94117550094250,94117551275750,1181500,1275750,94250,94117560000000,0,0,0
1,4627,94117560000000,94117560093750,94117561070875,977125,1070875,93750,94117570000000,0,0,0
1,4628,94117570000000,94117570093875,94117571270125,1176250,1270125,93875,94117580000000,0,0,0
1,4629,94117580000000,94117580100500,94117581061875,961375,1061875,100500,94117590000000,0,0,0
1,4630,94117590000000,94117590095000,94117591288250,1193250,1288250,95000,94117600000000,0,0,0
1,4631,94117600000000,94117600097375,94117601284875,1187500,1284875,97375,94117610000000,0,0,0
1,4632,94117610000000,94117610088375,94117611268125,1179750,1268125,88375,94117620000000,0,0,0
1,4633,94117620000000,94117620086750,94117621276250,1189500,1276250,86750,94117630000000,0,0,0
1,4634,94117630000000,94117630097500,94117631281625,1184125,1281625,97500,94117640000000,0,0,0
1,4635,94117640000000,94117640112125,94117641315750,1203625,1315750,112125,94117650000000,0,0,0
1,4636,94117650000000,94117650102250,94117651299875,1197625,1299875,102250,94117660000000,0,0,0
1,4637,94117660000000,94117660088875,94117661277875,1189000,1277875,88875,94117670000000,0,0,0
1,4638,94117670000000,94117670105750,94117671288000,1182250,1288000,105750,94117680000000,0,0,0
1,4639,94117680000000,94117680090625,94117681270750,1180125,1270750,90625,94117690000000,0,0,0
1,4640,94117690000000,94117690105000,94117691288875,1183875,1288875,105000,94117700000000,0,0,0
1,4641,94117700000000,94117700086750,94117701269000,1182250,1269000,86750,94117710000000,0,0,0
1,4642,94117710000000,94117710093000,94117711275625,1182625,1275625,93000,94117720000000,0,0,0
1,4643,94117720000000,94117720088125,94117721263875,1175750,1263875,88125,94117730000000,0,0,0
1,4644,94117730000000,94117730093000,94117731277500,1184500,1277500,93000,94117740000000,0,0,0
1,4645,94117740000000,94117740088500,94117741255250,1166750,1255250,88500,94117750000000,0,0,0
1,4646,94117750000000,94117750090375,94117751275125,1184750,1275125,90375,94117760000000,0,0,0
1,4647,94117760000000,94117760089750,94117761279000,1189250,1279000,89750,94117770000000,0,0,0
1,4648,94117770000000,94117770092625,94117771284500,1191875,1284500,92625,94117780000000,0,0,0
1,4649,94117780000000,94117780087750,94117781256500,1168750,1256500,87750,94117790000000,0,0,0
1,4650,94117790000000,94117790090625,94117791075750,985125,1075750,90625,94117800000000,0,0,0
1,4651,94117800000000,94117800096500,94117801080125,983625,1080125,96500,94117810000000,0,0,0
1,4652,94117810000000,94117810091375,94117811292375,1201000,1292375,91375,94117820000000,0,0,0
1,4653,94117820000000,94117820103875,94117821302250,1198375,1302250,103875,94117830000000,0,0,0
1,4654,94117830000000,94117830094500,94117831287500,1193000,1287500,94500,94117840000000,0,0,0
1,4655,94117840000000,94117840081500,94117841270875,1189375,1270875,81500,94117850000000,0,0,0
1,4656,94117850000000,94117850103000,94117851075000,972000,1075000,103000,94117860000000,0,0,0
1,4657,94117860000000,94117860092375,94117861271000,1178625,1271000,92375,94117870000000,0,0,0
1,4658,94117870000000,94117870094125,94117871269875,1175750,1269875,94125,94117880000000,0,0,0
1,4659,94117880000000,94117880086875,94117881276625,1189750,1276625,86875,94117890000000,0,0,0
1,4660,94117890000000,94117890092875,94117891279375,1186500,1279375,92875,94117900000000,0,0,0
1,4661,94117900000000,94117900085125,94117901274625,1189500,1274625,85125,94117910000000,0,0,0
1,4662,94117910000000,94117910091875,94117911275500,1183625,1275500,91875,94117920000000,0,0,0
1,4663,94117920000000,94117920098000,94117921264000,1166000,1264000,98000,94117930000000,0,0,0
1,4664,94117930000000,94117930094500,94117931262375,1167875,1262375,94500,94117940000000,0,0,0
1,4665,94117940000000,94117940106125,94117941312000,1205875,1312000,106125,94117950000000,0,0,0
1,4666,94117950000000,94117950095000,94117951283625,1188625,1283625,95000,94117960000000,0,0,0
1,4667,94117960000000,94117960089500,94117961288750,1199250,1288750,89500,94117970000000,0,0,0
1,4668,94117970000000,94117970091000,94117971284500,1193500,1284500,91000,94117980000000,0,0,0
1,4669,94117980000000,94117980078875,94117981250750,1171875,1250750,78875,94117990000000,0,0,0
1,4670,94117990000000,94117990106250,94117991285625,1179375,1285625,106250,94118000000000,0,0,0
1,4671,94118000000000,94118000086875,94118001260750,1173875,1260750,86875,94118010000000,0,0,0
1,4672,94118010000000,94118010093250,94118011271375,1178125,1271375,93250,94118020000000,0,0,0
1,4673,94118020000000,94118020089250,94118021271250,1182000,1271250,89250,94118030000000,0,0,0
1,4674,94118030000000,94118030096875,94118031283625,1186750,1283625,96875,94118040000000,0,0,0
1,4675,94118040000000,94118040088500,94118041273875,1185375,1273875,88500,94118050000000,0,0,0
1,4676,94118050000000,94118050088500,94118051289000,1200500,1289000,88500,94118060000000,0,0,0
1,4677,94118060000000,94118060089250,94118061282750,1193500,1282750,89250,94118070000000,0,0,0
1,4678,94118070000000,94118070090250,94118071263375,1173125,1263375,90250,94118080000000,0,0,0
1,4679,94118080000000,94118080096000,94118081291125,1195125,1291125,96000,94118090000000,0,0,0
1,4680,94118090000000,94118090089625,94118091045000,955375,1045000,89625,94118100000000,0,0,0
1,4681,94118100000000,94118100100500,94118101273875,1173375,1273875,100500,94118110000000,0,0,0
1,4682,94118110000000,94118110091625,94118111268125,1176500,1268125,91625,94118120000000,0,0,0
1,4683,94118120000000,94118120082750,94118121289625,1206875,1289625,82750,94118130000000,0,0,0
1,4684,94118130000000,94118130093875,94118131268500,1174625,1268500,93875,94118140000000,0,0,0
1,4685,94118140000000,94118140088750,94118141274625,1185875,1274625,88750,94118150000000,0,0,0
1,4686,94118150000000,94118150103500,94118151089250,985750,1089250,103500,94118160000000,0,0,0
1,4687,94118160000000,94118160089750,94118161282250,1192500,1282250,89750,94118170000000,0,0,0
1,4688,94118170000000,94118170103625,94118171290625,1187000,1290625,103625,94118180000000,0,0,0
1,4689,94118180000000,94118180087500,94118181282125,1194625,1282125,87500,94118190000000,0,0,0
1,4690,94118190000000,94118190102750,94118191273625,1170875,1273625,102750,94118200000000,0,0,0
1,4691,94118200000000,94118200087000,94118201286250,1199250,1286250,87000,94118210000000,0,0,0
1,4692,94118210000000,94118210090625,94118211282500,1191875,1282500,90625,94118220000000,0,0,0
1,4693,94118220000000,94118220084750,94118221276875,1192125,1276875,84750,94118230000000,0,0,0
1,4694,94118230000000,94118230094750,94118231275625,1180875,1275625,94750,94118240000000,0,0,0
1,4695,94118240000000,94118240098875,94118241283625,1184750,1283625,98875,94118250000000,0,0,0
1,4696,94118250000000,94118250094500,94118251266375,1171875,1266375,94500,94118260000000,0,0,0
1,4697,94118260000000,94118260084750,94118261257375,1172625,1257375,84750,94118270000000,0,0,0
1,4698,94118270000000,94118270094000,94118271279875,1185875,1279875,94000,94118280000000,0,0,0
1,4699,94118280000000,94118280089125,94118281062625,973500,1062625,89125,94118290000000,0,0,0
1,4700,94118290000000,94118290102375,94118291306000,1203625,1306000,102375,94118300000000,0,0,0
1,4701,94118300000000,94118300091250,94118301279375,1188125,1279375,91250,94118310000000,0,0,0
1,4702,94118310000000,94118310090625,94118311277375,1186750,1277375,90625,94118320000000,0,0,0
1,4703,94118320000000,94118320084875,94118321258000,1173125,1258000,84875,94118330000000,0,0,0
1,4704,94118330000000,94118330093875,94118331281375,1187500,1281375,93875,94118340000000,0,0,0
1,4705,94118340000000,94118340088750,94118341260625,1171875,1260625,88750,94118350000000,0,0,0
1,4706,94118350000000,94118350091000,94118351279375,1188375,1279375,91000,94118360000000,0,0,0
1,4707,94118360000000,94118360098000,94118361280750,1182750,1280750,98000,94118370000000,0,0,0
1,4708,94118370000000,94118370102250,94118371302250,1200000,1302250,102250,94118380000000,0,0,0
1,4709,94118380000000,94118380103750,94118381281250,1177500,1281250,103750,94118390000000,0,0,0
1,4710,94118390000000,94118390095750,94118391277625,1181875,1277625,95750,94118400000000,0,0,0
1,4711,94118400000000,94118400084375,94118401274375,1190000,1274375,84375,94118410000000,0,0,0
1,4712,94118410000000,94118410094250,94118411068375,974125,1068375,94250,94118420000000,0,0,0
1,4713,94118420000000,94118420085625,94118421266750,1181125,1266750,85625,94118430000000,0,0,0
1,4714,94118430000000,94118430103875,94118431290500,1186625,1290500,103875,94118440000000,0,0,0
1,4715,94118440000000,94118440090125,94118441274750,1184625,1274750,90125,94118450000000,0,0,0
1,4716,94118450000000,94118450103500,94118451292750,1189250,1292750,103500,94118460000000,0,0,0
1,4717,94118460000000,94118460087125,94118461269500,1182375,1269500,87125,94118470000000,0,0,0
1,4718,94118470000000,94118470108375,94118471294500,1186125,1294500,108375,94118480000000,0,0,0
1,4719,94118480000000,94118480090375,94118481279250,1188875,1279250,90375,94118490000000,0,0,0
1,4720,94118490000000,94118490089750,94118491277625,1187875,1277625,89750,94118500000000,0,0,0
1,4721,94118500000000,94118500089375,94118501277250,1187875,1277250,89375,94118510000000,0,0,0
1,4722,94118510000000,94118510092375,94118511272125,1179750,1272125,92375,94118520000000,0,0,0
1,4723,94118520000000,94118520092625,94118521274375,1181750,1274375,92625,94118530000000,0,0,0
1,4724,94118530000000,94118530095500,94118531279875,1184375,1279875,95500,94118540000000,0,0,0
1,4725,94118540000000,94118540084750,94118541277500,1192750,1277500,84750,94118550000000,0,0,0
1,4726,94118550000000,94118550095000,94118551075625,980625,1075625,95000,94118560000000,0,0,0
1,4727,94118560000000,94118560086375,94118561271000,1184625,1271000,86375,94118570000000,0,0,0
1,4728,94118570000000,94118570105500,94118571072125,966625,1072125,105500,94118580000000,0,0,0
1,4729,94118580000000,94118580085000,94118581275750,1190750,1275750,85000,94118590000000,0,0,0
1,4730,94118590000000,94118590104125,94118591285625,1181500,1285625,104125,94118600000000,0,0,0
1,4731,94118600000000,94118600085875,94118601273875,1188000,1273875,85875,94118610000000,0,0,0
1,4732,94118610000000,94118610105125,94118611293750,1188625,1293750,105125,94118620000000,0,0,0
1,4733,94118620000000,94118620086625,94118621271875,1185250,1271875,86625,94118630000000,0,0,0
1,4734,94118630000000,94118630092875,94118631276375,1183500,1276375,92875,94118640000000,0,0,0
1,4735,94118640000000,94118640083625,94118641269750,1186125,1269750,83625,94118650000000,0,0,0
1,4736,94118650000000,94118650092875,94118651260250,1167375,1260250,92875,94118660000000,0,0,0
1,4737,94118660000000,94118660090625,94118661297750,1207125,1297750,90625,94118670000000,0,0,0
1,4738,94118670000000,94118670093500,94118671062875,969375,1062875,93500,94118680000000,0,0,0
1,4739,94118680000000,94118680100750,94118681286125,1185375,1286125,100750,94118690000000,0,0,0
1,4740,94118690000000,94118690092375,94118691265000,1172625,1265000,92375,94118700000000,0,0,0
1,4741,94118700000000,94118700089250,94118701069750,980500,1069750,89250,94118710000000,0,0,0
1,4742,94118710000000,94118710095125,94118711279000,1183875,1279000,95125,94118720000000,0,0,0
1,4743,94118720000000,94118720083750,94118721275750,1192000,1275750,83750,94118730000000,0,0,0
1,4744,94118730000000,94118730093125,94118731069250,976125,1069250,93125,94118740000000,0,0,0
1,4745,94118740000000,94118740087000,94118741267750,1180750,1267750,87000,94118750000000,0,0,0
1,4746,94118750000000,94118750103625,94118751293125,1189500,1293125,103625,94118760000000,0,0,0
1,4747,94118760000000,94118760085125,94118761264625,1179500,1264625,85125,94118770000000,0,0,0
1,4748,94118770000000,94118770091875,94118771280125,1188250,1280125,91875,94118780000000,0,0,0
1,4749,94118780000000,94118780084750,94118781265625,1180875,1265625,84750,94118790000000,0,0,0
1,4750,94118790000000,94118790093125,94118791268500,1175375,1268500,93125,94118800000000,0,0,0
1,4751,94118800000000,94118800097250,94118801285125,1187875,1285125,97250,94118810000000,0,0,0
1,4752,94118810000000,94118810095750,94118811266875,1171125,1266875,95750,94118820000000,0,0,0
1,4753,94118820000000,94118820091375,94118821279500,1188125,1279500,91375,94118830000000,0,0,0
1,4754,94118830000000,94118830094875,94118831271875,1177000,1271875,94875,94118840000000,0,0,0
1,4755,94118840000000,94118840098500,94118841285750,1187250,1285750,98500,94118850000000,0,0,0
1,4756,94118850000000,94118850093625,94118851275125,1181500,1275125,93625,94118860000000,0,0,0
1,4757,94118860000000,94118860084750,94118861268875,1184125,1268875,84750,94118870000000,0,0,0
1,4758,94118870000000,94118870091000,94118871275000,1184000,1275000,91000,94118880000000,0,0,0
1,4759,94118880000000,94118880085375,94118881056125,970750,1056125,85375,94118890000000,0,0,0
1,4760,94118890000000,94118890107500,94118891290250,1182750,1290250,107500,94118900000000,0,0,0
1,4761,94118900000000,94118900091125,94118901278375,1187250,1278375,91125,94118910000000,0,0,0
1,4762,94118910000000,94118910103625,94118911289875,1186250,1289875,103625,94118920000000,0,0,0
1,4763,94118920000000,94118920089625,94118921280125,1190500,1280125,89625,94118930000000,0,0,0
1,4764,94118930000000,94118930089000,94118931270125,1181125,1270125,89000,94118940000000,0,0,0
1,4765,94118940000000,94118940080250,94118941318875,1238625,1318875,80250,94118950000000,0,0,0
1,4766,94118950000000,94118950100250,94118951279000,1178750,1279000,100250,94118960000000,0,0,0
1,4767,94118960000000,94118960091625,94118961267000,1175375,1267000,91625,94118970000000,0,0,0
1,4768,94118970000000,94118970093000,94118971274125,1181125,1274125,93000,94118980000000,0,0,0
1,4769,94118980000000,94118980087750,94118981283750,1196000,1283750,87750,94118990000000,0,0,0
1,4770,94118990000000,94118990094750,94118991280500,1185750,1280500,94750,94119000000000,0,0,0
1,4771,94119000000000,94119000094875,94119001284125,1189250,1284125,94875,94119010000000,0,0,0
1,4772,94119010000000,94119010096500,94119011283375,1186875,1283375,96500,94119020000000,0,0,0
1,4773,94119020000000,94119020098000,94119021288375,1190375,1288375,98000,94119030000000,0,0,0
1,4774,94119030000000,94119030096500,94119031283250,1186750,1283250,96500,94119040000000,0,0,0
1,4775,94119040000000,94119040087250,94119041285000,1197750,1285000,87250,94119050000000,0,0,0
1,4776,94119050000000,94119050093125,94119051274375,1181250,1274375,93125,94119060000000,0,0,0
1,4777,94119060000000,94119060089125,94119061274500,1185375,1274500,89125,94119070000000,0,0,0
1,4778,94119070000000,94119070103375,94119071289500,1186125,1289500,103375,94119080000000,0,0,0
1,4779,94119080000000,94119080086625,94119081276875,1190250,1276875,86625,94119090000000,0,0,0
1,4780,94119090000000,94119090091750,94119091275250,1183500,1275250,91750,94119100000000,0,0,0
1,4781,94119100000000,94119100086375,94119101275000,1188625,1275000,86375,94119110000000,0,0,0
1,4782,94119110000000,94119110092125,94119111273750,1181625,1273750,92125,94119120000000,0,0,0
1,4783,94119120000000,94119120101000,94119121274375,1173375,1274375,101000,94119130000000,0,0,0
1,4784,94119130000000,94119130092000,94119131271375,1179375,1271375,92000,94119140000000,0,0,0
1,4785,94119140000000,94119140116750,94119141309625,1192875,1309625,116750,94119150000000,0,0,0
1,4786,94119150000000,94119150103500,94119151295000,1191500,1295000,103500,94119160000000,0,0,0
1,4787,94119160000000,94119160087625,94119161273375,1185750,1273375,87625,94119170000000,0,0,0
1,4788,94119170000000,94119170096250,94119171079750,983500,1079750,96250,94119180000000,0,0,0
1,4789,94119180000000,94119180087125,94119181279500,1192375,1279500,87125,94119190000000,0,0,0
1,4790,94119190000000,94119190095750,94119191281375,1185625,1281375,95750,94119200000000,0,0,0
1,4791,94119200000000,94119200084375,94119201267750,1183375,1267750,84375,94119210000000,0,0,0
1,4792,94119210000000,94119210103500,94119211072500,969000,1072500,103500,94119220000000,0,0,0
1,4793,94119220000000,94119220093375,94119221281125,1187750,1281125,93375,94119230000000,0,0,0
1,4794,94119230000000,94119230119250,94119231320375,1201125,1320375,119250,94119240000000,0,0,0
1,4795,94119240000000,94119240091875,94119241293250,1201375,1293250,91875,94119250000000,0,0,0
1,4796,94119250000000,94119250090625,94119251273000,1182375,1273000,90625,94119260000000,0,0,0
1,4797,94119260000000,94119260086750,94119261270125,1183375,1270125,86750,94119270000000,0,0,0
1,4798,94119270000000,94119270095375,94119271280625,1185250,1280625,95375,94119280000000,0,0,0
1,4799,94119280000000,94119280089500,94119281267250,1177750,1267250,89500,94119290000000,0,0,0
1,4800,94119290000000,94119290089625,94119291267000,1177375,1267000,89625,94119300000000,0,0,0
1,4801,94119300000000,94119300098875,94119301075625,976750,1075625,98875,94119310000000,0,0,0
1,4802,94119310000000,94119310094500,94119311282750,1188250,1282750,94500,94119320000000,0,0,0
1,4803,94119320000000,94119320096875,94119321274875,1178000,1274875,96875,94119330000000,0,0,0
1,4804,94119330000000,94119330094750,94119331075125,980375,1075125,94750,94119340000000,0,0,0
1,4805,94119340000000,94119340097625,94119341274875,1177250,1274875,97625,94119350000000,0,0,0
1,4806,94119350000000,94119350092875,94119351272750,1179875,1272750,92875,94119360000000,0,0,0
1,4807,94119360000000,94119360086250,94119361279375,1193125,1279375,86250,94119370000000,0,0,0
1,4808,94119370000000,94119370093250,94119371272250,1179000,1272250,93250,94119380000000,0,0,0
1,4809,94119380000000,94119380086125,94119381262000,1175875,1262000,86125,94119390000000,0,0,0
1,4810,94119390000000,94119390104375,94119391285000,1180625,1285000,104375,94119400000000,0,0,0
1,4811,94119400000000,94119400089625,94119401291500,1201875,1291500,89625,94119410000000,0,0,0
1,4812,94119410000000,94119410102750,94119411281625,1178875,1281625,102750,94119420000000,0,0,0
1,4813,94119420000000,94119420090000,94119421070500,980500,1070500,90000,94119430000000,0,0,0
1,4814,94119430000000,94119430103750,94119431294375,1190625,1294375,103750,94119440000000,0,0,0
1,4815,94119440000000,94119440087250,94119441269750,1182500,1269750,87250,94119450000000,0,0,0
1,4816,94119450000000,94119450103000,94119451277500,1174500,1277500,103000,94119460000000,0,0,0
1,4817,94119460000000,94119460090125,94119461289000,1198875,1289000,90125,94119470000000,0,0,0
1,4818,94119470000000,94119470104250,94119471278500,1174250,1278500,104250,94119480000000,0,0,0
1,4819,94119480000000,94119480090375,94119481073875,983500,1073875,90375,94119490000000,0,0,0
1,4820,94119490000000,94119490096375,94119491290000,1193625,1290000,96375,94119500000000,0,0,0
1,4821,94119500000000,94119500093000,94119501278000,1185000,1278000,93000,94119510000000,0,0,0
1,4822,94119510000000,94119510094875,94119511281875,1187000,1281875,94875,94119520000000,0,0,0
1,4823,94119520000000,94119520094125,94119521290250,1196125,1290250,94125,94119530000000,0,0,0
1,4824,94119530000000,94119530093375,94119531060625,967250,1060625,93375,94119540000000,0,0,0
1,4825,94119540000000,94119540099000,94119541290375,1191375,1290375,99000,94119550000000,0,0,0
1,4826,94119550000000,94119550094625,94119551286375,1191750,1286375,94625,94119560000000,0,0,0
1,4827,94119560000000,94119560088250,94119561272125,1183875,1272125,88250,94119570000000,0,0,0
1,4828,94119570000000,94119570092500,94119571261500,1169000,1261500,92500,94119580000000,0,0,0
1,4829,94119580000000,94119580088250,94119581274125,1185875,1274125,88250,94119590000000,0,0,0
1,4830,94119590000000,94119590095125,94119591264125,1169000,1264125,95125,94119600000000,0,0,0
1,4831,94119600000000,94119600088125,94119601062625,974500,1062625,88125,94119610000000,0,0,0
1,4832,94119610000000,94119610103250,94119611297375,1194125,1297375,103250,94119620000000,0,0,0
1,4833,94119620000000,94119620088625,94119621275500,1186875,1275500,88625,94119630000000,0,0,0
1,4834,94119630000000,94119630104375,94119631291625,1187250,1291625,104375,94119640000000,0,0,0
1,4835,94119640000000,94119640087750,94119641280375,1192625,1280375,87750,94119650000000,0,0,0
1,4836,94119650000000,94119650108875,94119651299000,1190125,1299000,108875,94119660000000,0,0,0
1,4837,94119660000000,94119660091750,94119661272625,1180875,1272625,91750,94119670000000,0,0,0
1,4838,94119670000000,94119670098125,94119671286750,1188625,1286750,98125,94119680000000,0,0,0
1,4839,94119680000000,94119680089125,94119681261875,1172750,1261875,89125,94119690000000,0,0,0
1,4840,94119690000000,94119690092125,94119691286875,1194750,1286875,92125,94119700000000,0,0,0
1,4841,94119700000000,94119700096750,94119701275875,1179125,1275875,96750,94119710000000,0,0,0
1,4842,94119710000000,94119710094750,94119711069750,975000,1069750,94750,94119720000000,0,0,0
1,4843,94119720000000,94119720097000,94119721303875,1206875,1303875,97000,94119730000000,0,0,0
1,4844,94119730000000,94119730091875,94119731261000,1169125,1261000,91875,94119740000000,0,0,0
1,4845,94119740000000,94119740087875,94119741267500,1179625,1267500,87875,94119750000000,0,0,0
1,4846,94119750000000,94119750095375,94119751276500,1181125,1276500,95375,94119760000000,0,0,0
1,4847,94119760000000,94119760087500,94119761266500,1179000,1266500,87500,94119770000000,0,0,0
1,4848,94119770000000,94119770104375,94119771282625,1178250,1282625,104375,94119780000000,0,0,0
1,4849,94119780000000,94119780088375,94119781294625,1206250,1294625,88375,94119790000000,0,0,0
1,4850,94119790000000,94119790088125,94119791288125,1200000,1288125,88125,94119800000000,0,0,0
1,4851,94119800000000,94119800088000,94119801264125,1176125,1264125,88000,94119810000000,0,0,0
1,4852,94119810000000,94119810096000,94119811282000,1186000,1282000,96000,94119820000000,0,0,0
1,4853,94119820000000,94119820101000,94119821269000,1168000,1269000,101000,94119830000000,0,0,0
1,4854,94119830000000,94119830092250,94119831279375,1187125,1279375,92250,94119840000000,0,0,0
1,4855,94119840000000,94119840089500,94119841076000,986500,1076000,89500,94119850000000,0,0,0
1,4856,94119850000000,94119850092125,94119851071375,979250,1071375,92125,94119860000000,0,0,0
1,4857,94119860000000,94119860087750,94119861271750,1184000,1271750,87750,94119870000000,0,0,0
1,4858,94119870000000,94119870089500,94119871269750,1180250,1269750,89500,94119880000000,0,0,0
1,4859,94119880000000,94119880116125,94119881303250,1187125,1303250,116125,94119890000000,0,0,0
1,4860,94119890000000,94119890098750,94119891290500,1191750,1290500,98750,94119900000000,0,0,0
1,4861,94119900000000,94119900110875,94119901306875,1196000,1306875,110875,94119910000000,0,0,0
1,4862,94119910000000,94119910096000,94119911278750,1182750,1278750,96000,94119920000000,0,0,0
1,4863,94119920000000,94119920089250,94119921285125,1195875,1285125,89250,94119930000000,0,0,0
1,4864,94119930000000,94119930103250,94119931288250,1185000,1288250,103250,94119940000000,0,0,0
1,4865,94119940000000,94119940088625,94119941051500,962875,1051500,88625,94119950000000,0,0,0
1,4866,94119950000000,94119950104000,94119951273500,1169500,1273500,104000,94119960000000,0,0,0
1,4867,94119960000000,94119960089750,94119961266500,1176750,1266500,89750,94119970000000,0,0,0
1,4868,94119970000000,94119970103625,94119971277125,1173500,1277125,103625,94119980000000,0,0,0
1,4869,94119980000000,94119980087250,94119981273875,1186625,1273875,87250,94119990000000,0,0,0
1,4870,94119990000000,94119990089000,94119991252875,1163875,1252875,89000,94120000000000,0,0,0
1,4871,94120000000000,94120000087000,94120001271750,1184750,1271750,87000,94120010000000,0,0,0
1,4872,94120010000000,94120010093250,94120011084875,991625,1084875,93250,94120020000000,0,0,0
1,4873,94120020000000,94120020097375,94120021284625,1187250,1284625,97375,94120030000000,0,0,0
1,4874,94120030000000,94120030094250,94120031276250,1182000,1276250,94250,94120040000000,0,0,0
1,4875,94120040000000,94120040100625,94120041294500,1193875,1294500,100625,94120050000000,0,0,0
1,4876,94120050000000,94120050093625,94120051277250,1183625,1277250,93625,94120060000000,0,0,0
1,4877,94120060000000,94120060100250,94120061290500,1190250,1290500,100250,94120070000000,0,0,0
1,4878,94120070000000,94120070098250,94120071051875,953625,1051875,98250,94120080000000,0,0,0
1,4879,94120080000000,94120080089625,94120081276750,1187125,1276750,89625,94120090000000,0,0,0
1,4880,94120090000000,94120090103500,94120091302875,1199375,1302875,103500,94120100000000,0,0,0
1,4881,94120100000000,94120100090625,94120101263375,1172750,1263375,90625,94120110000000,0,0,0
1,4882,94120110000000,94120110104125,94120111294875,1190750,1294875,104125,94120120000000,0,0,0
1,4883,94120120000000,94120120089750,94120121267000,1177250,1267000,89750,94120130000000,0,0,0
1,4884,94120130000000,94120130103375,94120131270250,1166875,1270250,103375,94120140000000,0,0,0
1,4885,94120140000000,94120140087000,94120141259625,1172625,1259625,87000,94120150000000,0,0,0
1,4886,94120150000000,94120150104750,94120151291250,1186500,1291250,104750,94120160000000,0,0,0
1,4887,94120160000000,94120160088625,94120161065125,976500,1065125,88625,94120170000000,0,0,0
1,4888,94120170000000,94120170088625,94120171269500,1180875,1269500,88625,94120180000000,0,0,0
1,4889,94120180000000,94120180089250,94120181272625,1183375,1272625,89250,94120190000000,0,0,0
1,4890,94120190000000,94120190089750,94120191267375,1177625,1267375,89750,94120200000000,0,0,0
1,4891,94120200000000,94120200100250,94120201285375,1185125,1285375,100250,94120210000000,0,0,0
1,4892,94120210000000,94120210090125,94120211274250,1184125,1274250,90125,94120220000000,0,0,0
1,4893,94120220000000,94120220088125,94120221074125,986000,1074125,88125,94120230000000,0,0,0
1,4894,94120230000000,94120230091375,94120231274500,1183125,1274500,91375,94120240000000,0,0,0
1,4895,94120240000000,94120240087750,94120241263000,1175250,1263000,87750,94120250000000,0,0,0
1,4896,94120250000000,94120250092000,94120251279000,1187000,1279000,92000,94120260000000,0,0,0
1,4897,94120260000000,94120260088750,94120261260750,1172000,1260750,88750,94120270000000,0,0,0
1,4898,94120270000000,94120270101750,94120271303500,1201750,1303500,101750,94120280000000,0,0,0
1,4899,94120280000000,94120280089750,94120281275875,1186125,1275875,89750,94120290000000,0,0,0
1,4900,94120290000000,94120290088250,94120291287000,1198750,1287000,88250,94120300000000,0,0,0
1,4901,94120300000000,94120300085125,94120301264000,1178875,1264000,85125,94120310000000,0,0,0
1,4902,94120310000000,94120310089750,94120311283750,1194000,1283750,89750,94120320000000,0,0,0
1,4903,94120320000000,94120320099250,94120321268250,1169000,1268250,99250,94120330000000,0,0,0
1,4904,94120330000000,94120330092750,94120331272625,1179875,1272625,92750,94120340000000,0,0,0
1,4905,94120340000000,94120340095875,94120341276250,1180375,1276250,95875,94120350000000,0,0,0
1,4906,94120350000000,94120350095875,94120351274000,1178125,1274000,95875,94120360000000,0,0,0
1,4907,94120360000000,94120360094625,94120361270125,1175500,1270125,94625,94120370000000,0,0,0
1,4908,94120370000000,94120370092500,94120371276250,1183750,1276250,92500,94120380000000,0,0,0
1,4909,94120380000000,94120380100000,94120381280000,1180000,1280000,100000,94120390000000,0,0,0
1,4910,94120390000000,94120390092500,94120391276500,1184000,1276500,92500,94120400000000,0,0,0
1,4911,94120400000000,94120400086750,94120401268000,1181250,1268000,86750,94120410000000,0,0,0
1,4912,94120410000000,94120410089875,94120411272000,1182125,1272000,89875,94120420000000,0,0,0
1,4913,94120420000000,94120420087125,94120421262375,1175250,1262375,87125,94120430000000,0,0,0
1,4914,94120430000000,94120430104500,94120431074500,970000,1074500,104500,94120440000000,0,0,0
1,4915,94120440000000,94120440086500,94120441258750,1172250,1258750,86500,94120450000000,0,0,0
1,4916,94120450000000,94120450091250,94120451263875,1172625,1263875,91250,94120460000000,0,0,0
1,4917,94120460000000,94120460083375,94120461257875,1174500,1257875,83375,94120470000000,0,0,0
1,4918,94120470000000,94120470091250,94120471273000,1181750,1273000,91250,94120480000000,0,0,0
1,4919,94120480000000,94120480084250,94120481280750,1196500,1280750,84250,94120490000000,0,0,0
1,4920,94120490000000,94120490092500,94120491276250,1183750,1276250,92500,94120500000000,0,0,0
1,4921,94120500000000,94120500083250,94120501257875,1174625,1257875,83250,94120510000000,0,0,0
1,4922,94120510000000,94120510093125,94120511280000,1186875,1280000,93125,94120520000000,0,0,0
1,4923,94120520000000,94120520090375,94120521286000,1195625,1286000,90375,94120530000000,0,0,0
1,4924,94120530000000,94120530096125,94120531273250,1177125,1273250,96125,94120540000000,0,0,0
1,4925,94120540000000,94120540099750,94120541272375,1172625,1272375,99750,94120550000000,0,0,0
1,4926,94120550000000,94120550094375,94120551283625,1189250,1283625,94375,94120560000000,0,0,0
1,4927,94120560000000,94120560088375,94120561276375,1188000,1276375,88375,94120570000000,0,0,0
1,4928,94120570000000,94120570089125,94120571265750,1176625,1265750,89125,94120580000000,0,0,0
1,4929,94120580000000,94120580088000,94120581250375,1162375,1250375,88000,94120590000000,0,0,0
1,4930,94120590000000,94120590103625,94120591269250,1165625,1269250,103625,94120600000000,0,0,0
1,4931,94120600000000,94120600089000,94120601072750,983750,1072750,89000,94120610000000,0,0,0
1,4932,94120610000000,94120610105500,94120611279750,1174250,1279750,105500,94120620000000,0,0,0
1,4933,94120620000000,94120620088625,94120621268750,1180125,1268750,88625,94120630000000,0,0,0
1,4934,94120630000000,94120630091125,94120631264375,1173250,1264375,91125,94120640000000,0,0,0
1,4935,94120640000000,94120640085125,94120641258750,1173625,1258750,85125,94120650000000,0,0,0
1,4936,94120650000000,94120650094500,94120651280750,1186250,1280750,94500,94120660000000,0,0,0
1,4937,94120660000000,94120660086125,94120661281250,1195125,1281250,86125,94120670000000,0,0,0
1,4938,94120670000000,94120670088250,94120671263625,1175375,1263625,88250,94120680000000,0,0,0
1,4939,94120680000000,94120680097875,94120681285625,1187750,1285625,97875,94120690000000,0,0,0
1,4940,94120690000000,94120690091375,94120691266375,1175000,1266375,91375,94120700000000,0,0,0
1,4941,94120700000000,94120700085000,94120701262750,1177750,1262750,85000,94120710000000,0,0,0
1,4942,94120710000000,94120710090250,94120711274500,1184250,1274500,90250,94120720000000,0,0,0
1,4943,94120720000000,94120720087625,94120721276125,1188500,1276125,87625,94120730000000,0,0,0
1,4944,94120730000000,94120730091750,94120731278750,1187000,1278750,91750,94120740000000,0,0,0
1,4945,94120740000000,94120740086000,94120741269625,1183625,1269625,86000,94120750000000,0,0,0
1,4946,94120750000000,94120750101625,94120751271250,1169625,1271250,101625,94120760000000,0,0,0
1,4947,94120760000000,94120760088250,94120761267875,1179625,1267875,88250,94120770000000,0,0,0
1,4948,94120770000000,94120770105000,94120771286500,1181500,1286500,105000,94120780000000,0,0,0
1,4949,94120780000000,94120780087500,94120781258750,1171250,1258750,87500,94120790000000,0,0,0
1,4950,94120790000000,94120790089625,94120791259000,1169375,1259000,89625,94120800000000,0,0,0
1,4951,94120800000000,94120800087750,94120801280750,1193000,1280750,87750,94120810000000,0,0,0
1,4952,94120810000000,94120810091375,94120811279375,1188000,1279375,91375,94120820000000,0,0,0
1,4953,94120820000000,94120820086250,94120821264625,1178375,1264625,86250,94120830000000,0,0,0
1,4954,94120830000000,94120830096625,94120831279875,1183250,1279875,96625,94120840000000,0,0,0
1,4955,94120840000000,94120840084250,94120841261750,1177500,1261750,84250,94120850000000,0,0,0
1,4956,94120850000000,94120850095875,94120851291250,1195375,1291250,95875,94120860000000,0,0,0
1,4957,94120860000000,94120860084250,94120861263125,1178875,1263125,84250,94120870000000,0,0,0
1,4958,94120870000000,94120870094750,94120871271125,1176375,1271125,94750,94120880000000,0,0,0
1,4959,94120880000000,94120880097750,94120881275750,1178000,1275750,97750,94120890000000,0,0,0
1,4960,94120890000000,94120890095375,94120891280875,1185500,1280875,95375,94120900000000,0,0,0
1,4961,94120900000000,94120900077750,94120901249625,1171875,1249625,77750,94120910000000,0,0,0
1,4962,94120910000000,94120910093750,94120911274625,1180875,1274625,93750,94120920000000,0,0,0
1,4963,94120920000000,94120920088500,94120921281250,1192750,1281250,88500,94120930000000,0,0,0
1,4964,94120930000000,94120930097750,94120931293125,1195375,1293125,97750,94120940000000,0,0,0
1,4965,94120940000000,94120940083375,94120941267875,1184500,1267875,83375,94120950000000,0,0,0
1,4966,94120950000000,94120950105000,94120951281750,1176750,1281750,105000,94120960000000,0,0,0
1,4967,94120960000000,94120960097375,94120961294125,1196750,1294125,97375,94120970000000,0,0,0
1,4968,94120970000000,94120970109875,94120971093875,984000,1093875,109875,94120980000000,0,0,0
1,4969,94120980000000,94120980087625,94120981259125,1171500,1259125,87625,94120990000000,0,0,0
1,4970,94120990000000,94120990091625,94120991064750,973125,1064750,91625,94121000000000,0,0,0
1,4971,94121000000000,94121000088375,94121001258875,1170500,1258875,88375,94121010000000,0,0,0
1,4972,94121010000000,94121010094000,94121011292750,1198750,1292750,94000,94121020000000,0,0,0
1,4973,94121020000000,94121020083250,94121021253875,1170625,1253875,83250,94121030000000,0,0,0
1,4974,94121030000000,94121030092000,94121031283250,1191250,1283250,92000,94121040000000,0,0,0
1,4975,94121040000000,94121040097625,94121041082375,984750,1082375,97625,94121050000000,0,0,0
1,4976,94121050000000,94121050095250,94121051282125,1186875,1282125,95250,94121060000000,0,0,0
1,4977,94121060000000,94121060083250,94121061274250,1191000,1274250,83250,94121070000000,0,0,0
1,4978,94121070000000,94121070096625,94121071281375,1184750,1281375,96625,94121080000000,0,0,0
1,4979,94121080000000,94121080086125,94121081267750,1181625,1267750,86125,94121090000000,0,0,0
1,4980,94121090000000,94121090104375,94121091286000,1181625,1286000,104375,94121100000000,0,0,0
1,4981,94121100000000,94121100086375,94121101266625,1180250,1266625,86375,94121110000000,0,0,0
1,4982,94121110000000,94121110105250,94121111284750,1179500,1284750,105250,94121120000000,0,0,0
1,4983,94121120000000,94121120084875,94121121265500,1180625,1265500,84875,94121130000000,0,0,0
1,4984,94121130000000,94121130093500,94121131269125,1175625,1269125,93500,94121140000000,0,0,0
1,4985,94121140000000,94121140087125,94121141265375,1178250,1265375,87125,94121150000000,0,0,0
1,4986,94121150000000,94121150094375,94121151274250,1179875,1274250,94375,94121160000000,0,0,0
1,4987,94121160000000,94121160085875,94121161279125,1193250,1279125,85875,94121170000000,0,0,0
1,4988,94121170000000,94121170091000,94121171076375,985375,1076375,91000,94121180000000,0,0,0
1,4989,94121180000000,94121180090375,94121181283375,1193000,1283375,90375,94121190000000,0,0,0
1,4990,94121190000000,94121190095750,94121191267625,1171875,1267625,95750,94121200000000,0,0,0
1,4991,94121200000000,94121200093875,94121201283000,1189125,1283000,93875,94121210000000,0,0,0
1,4992,94121210000000,94121210095125,94121211271000,1175875,1271000,95125,94121220000000,0,0,0
1,4993,94121220000000,94121220093875,94121221278875,1185000,1278875,93875,94121230000000,0,0,0
1,4994,94121230000000,94121230095000,94121231066750,971750,1066750,95000,94121240000000,0,0,0
1,4995,94121240000000,94121240101500,94121241286000,1184500,1286000,101500,94121250000000,0,0,0
1,4996,94121250000000,94121250093500,94121251287875,1194375,1287875,93500,94121260000000,0,0,0
1,4997,94121260000000,94121260086625,94121261245250,1158625,1245250,86625,94121270000000,0,0,0
1,4998,94121270000000,94121270092250,94121271285250,1193000,1285250,92250,94121280000000,0,0,0
1,4999,94121280000000,94121280088250,94121281268875,1180625,1268875,88250,94121290000000,0,0,0
1,5000,94121290000000,94121290090625,94121291279500,1188875,1279500,90625,94121300000000,0,0,0
1,5001,94121300000000,94121300088375,94121301276625,1188250,1276625,88375,94121310000000,0,0,0
1,5002,94121310000000,94121310091375,94121311269875,1178500,1269875,91375,94121320000000,0,0,0
1,5003,94121320000000,94121320090125,94121321281250,1191125,1281250,90125,94121330000000,0,0,0
1,5004,94121330000000,94121330094500,94121331272500,1178000,1272500,94500,94121340000000,0,0,0
1,5005,94121340000000,94121340085250,94121341283125,1197875,1283125,85250,94121350000000,0,0,0
1,5006,94121350000000,94121350094000,94121351270875,1176875,1270875,94000,94121360000000,0,0,0
1,5007,94121360000000,94121360089875,94121361268125,1178250,1268125,89875,94121370000000,0,0,0
1,5008,94121370000000,94121370103750,94121371075375,971625,1075375,103750,94121380000000,0,0,0
1,5009,94121380000000,94121380087875,94121381264875,1177000,1264875,87875,94121390000000,0,0,0
1,5010,94121390000000,94121390119500,94121391308625,1189125,1308625,119500,94121400000000,0,0,0
1,5011,94121400000000,94121400090000,94121401280375,1190375,1280375,90000,94121410000000,0,0,0
1,5012,94121410000000,94121410095000,94121411286625,1191625,1286625,95000,94121420000000,0,0,0
1,5013,94121420000000,94121420088000,94121421068000,980000,1068000,88000,94121430000000,0,0,0
1,5014,94121430000000,94121430091250,94121431082750,991500,1082750,91250,94121440000000,0,0,0
1,5015,94121440000000,94121440097750,94121441289000,1191250,1289000,97750,94121450000000,0,0,0
1,5016,94121450000000,94121450096875,94121451281000,1184125,1281000,96875,94121460000000,0,0,0
1,5017,94121460000000,94121460084000,94121461269375,1185375,1269375,84000,94121470000000,0,0,0
1,5018,94121470000000,94121470095500,94121471268250,1172750,1268250,95500,94121480000000,0,0,0
1,5019,94121480000000,94121480085375,94121481275625,1190250,1275625,85375,94121490000000,0,0,0
1,5020,94121490000000,94121490095125,94121491285750,1190625,1285750,95125,94121500000000,0,0,0
1,5021,94121500000000,94121500083750,94121501266250,1182500,1266250,83750,94121510000000,0,0,0
1,5022,94121510000000,94121510102750,94121511275125,1172375,1275125,102750,94121520000000,0,0,0
1,5023,94121520000000,94121520086750,94121521284000,1197250,1284000,86750,94121530000000,0,0,0
1,5024,94121530000000,94121530102750,94121531284875,1182125,1284875,102750,94121540000000,0,0,0
1,5025,94121540000000,94121540087750,94121541264625,1176875,1264625,87750,94121550000000,0,0,0
1,5026,94121550000000,94121550091375,94121551278875,1187500,1278875,91375,94121560000000,0,0,0
1,5027,94121560000000,94121560086125,94121561064500,978375,1064500,86125,94121570000000,0,0,0
1,5028,94121570000000,94121570096625,94121571285125,1188500,1285125,96625,94121580000000,0,0,0
1,5029,94121580000000,94121580086750,94121581267500,1180750,1267500,86750,94121590000000,0,0,0
1,5030,94121590000000,94121590094875,94121591276875,1182000,1276875,94875,94121600000000,0,0,0
1,5031,94121600000000,94121600097375,94121601072125,974750,1072125,97375,94121610000000,0,0,0
1,5032,94121610000000,94121610092125,94121611274250,1182125,1274250,92125,94121620000000,0,0,0
1,5033,94121620000000,94121620098875,94121621281375,1182500,1281375,98875,94121630000000,0,0,0
1,5034,94121630000000,94121630093500,94121631285125,1191625,1285125,93500,94121640000000,0,0,0
1,5035,94121640000000,94121640089125,94121641267750,1178625,1267750,89125,94121650000000,0,0,0
1,5036,94121650000000,94121650093000,94121651065750,972750,1065750,93000,94121660000000,0,0,0
1,5037,94121660000000,94121660100875,94121661298750,1197875,1298750,100875,94121670000000,0,0,0
1,5038,94121670000000,94121670098250,94121671076375,978125,1076375,98250,94121680000000,0,0,0
1,5039,94121680000000,94121680094875,94121681291125,1196250,1291125,94875,94121690000000,0,0,0
1,5040,94121690000000,94121690104500,94121691278750,1174250,1278750,104500,94121700000000,0,0,0
1,5041,94121700000000,94121700088375,94121701266375,1178000,1266375,88375,94121710000000,0,0,0
1,5042,94121710000000,94121710090125,94121711266625,1176500,1266625,90125,94121720000000,0,0,0
1,5043,94121720000000,94121720086750,94121721271375,1184625,1271375,86750,94121730000000,0,0,0
1,5044,94121730000000,94121730089250,94121731279750,1190500,1279750,89250,94121740000000,0,0,0
1,5045,94121740000000,94121740088875,94121741278750,1189875,1278750,88875,94121750000000,0,0,0
1,5046,94121750000000,94121750090750,94121751272250,1181500,1272250,90750,94121760000000,0,0,0
1,5047,94121760000000,94121760096125,94121761274625,1178500,1274625,96125,94121770000000,0,0,0
1,5048,94121770000000,94121770095875,94121771286125,1190250,1286125,95875,94121780000000,0,0,0
1,5049,94121780000000,94121780097375,94121781279750,1182375,1279750,97375,94121790000000,0,0,0
1,5050,94121790000000,94121790092250,94121791271750,1179500,1271750,92250,94121800000000,0,0,0
1,5051,94121800000000,94121800087250,94121801272625,1185375,1272625,87250,94121810000000,0,0,0
1,5052,94121810000000,94121810089000,94121811258625,1169625,1258625,89000,94121820000000,0,0,0
1,5053,94121820000000,94121820108000,94121821318500,1210500,1318500,108000,94121830000000,0,0,0
1,5054,94121830000000,94121830097125,94121831271375,1174250,1271375,97125,94121840000000,0,0,0
1,5055,94121840000000,94121840088500,94121841262375,1173875,1262375,88500,94121850000000,0,0,0
1,5056,94121850000000,94121850104125,94121851301250,1197125,1301250,104125,94121860000000,0,0,0
1,5057,94121860000000,94121860091125,94121861276625,1185500,1276625,91125,94121870000000,0,0,0
1,5058,94121870000000,94121870105750,94121871288125,1182375,1288125,105750,94121880000000,0,0,0
1,5059,94121880000000,94121880089875,94121881286375,1196500,1286375,89875,94121890000000,0,0,0
1,5060,94121890000000,94121890091125,94121891271625,1180500,1271625,91125,94121900000000,0,0,0
1,5061,94121900000000,94121900088125,94121901264250,1176125,1264250,88125,94121910000000,0,0,0
1,5062,94121910000000,94121910090625,94121911060750,970125,1060750,90625,94121920000000,0,0,0
1,5063,94121920000000,94121920088250,94121921272625,1184375,1272625,88250,94121930000000,0,0,0
1,5064,94121930000000,94121930090750,94121931068125,977375,1068125,90750,94121940000000,0,0,0
1,5065,94121940000000,94121940100750,94121941278375,1177625,1278375,100750,94121950000000,0,0,0
1,5066,94121950000000,94121950092500,94121951274500,1182000,1274500,92500,94121960000000,0,0,0
1,5067,94121960000000,94121960087500,94121961260750,1173250,1260750,87500,94121970000000,0,0,0
1,5068,94121970000000,94121970090750,94121971277125,1186375,1277125,90750,94121980000000,0,0,0
1,5069,94121980000000,94121980087750,94121981271500,1183750,1271500,87750,94121990000000,0,0,0
1,5070,94121990000000,94121990091875,94121991275125,1183250,1275125,91875,94122000000000,0,0,0
1,5071,94122000000000,94122000089625,94122001283750,1194125,1283750,89625,94122010000000,0,0,0
1,5072,94122010000000,94122010092250,94122011277875,1185625,1277875,92250,94122020000000,0,0,0
1,5073,94122020000000,94122020089000,94122021278375,1189375,1278375,89000,94122030000000,0,0,0
1,5074,94122030000000,94122030099250,94122031291625,1192375,1291625,99250,94122040000000,0,0,0
1,5075,94122040000000,94122040087125,94122041276125,1189000,1276125,87125,94122050000000,0,0,0
1,5076,94122050000000,94122050088625,94122051059750,971125,1059750,88625,94122060000000,0,0,0
1,5077,94122060000000,94122060089125,94122061273625,1184500,1273625,89125,94122070000000,0,0,0
1,5078,94122070000000,94122070090500,94122071272875,1182375,1272875,90500,94122080000000,0,0,0
1,5079,94122080000000,94122080088250,94122081269750,1181500,1269750,88250,94122090000000,0,0,0
1,5080,94122090000000,94122090092500,94122091266250,1173750,1266250,92500,94122100000000,0,0,0
1,5081,94122100000000,94122100095500,94122101282750,1187250,1282750,95500,94122110000000,0,0,0
1,5082,94122110000000,94122110094375,94122111262500,1168125,1262500,94375,94122120000000,0,0,0
1,5083,94122120000000,94122120096625,94122121272625,1176000,1272625,96625,94122130000000,0,0,0
1,5084,94122130000000,94122130090750,94122131268625,1177875,1268625,90750,94122140000000,0,0,0
1,5085,94122140000000,94122140087000,94122141264750,1177750,1264750,87000,94122150000000,0,0,0
1,5086,94122150000000,94122150092750,94122151282250,1189500,1282250,92750,94122160000000,0,0,0
1,5087,94122160000000,94122160087875,94122161257750,1169875,1257750,87875,94122170000000,0,0,0
1,5088,94122170000000,94122170102250,94122171283000,1180750,1283000,102250,94122180000000,0,0,0
1,5089,94122180000000,94122180087625,94122181253125,1165500,1253125,87625,94122190000000,0,0,0
1,5090,94122190000000,94122190089000,94122191268000,1179000,1268000,89000,94122200000000,0,0,0
1,5091,94122200000000,94122200088875,94122201073125,984250,1073125,88875,94122210000000,0,0,0
1,5092,94122210000000,94122210091000,94122211267375,1176375,1267375,91000,94122220000000,0,0,0
1,5093,94122220000000,94122220097250,94122221068750,971500,1068750,97250,94122230000000,0,0,0
1,5094,94122230000000,94122230093000,94122231273000,1180000,1273000,93000,94122240000000,0,0,0
1,5095,94122240000000,94122240096500,94122241284250,1187750,1284250,96500,94122250000000,0,0,0
1,5096,94122250000000,94122250098625,94122251282750,1184125,1282750,98625,94122260000000,0,0,0
1,5097,94122260000000,94122260083875,94122261273750,1189875,1273750,83875,94122270000000,0,0,0
1,5098,94122270000000,94122270095875,94122271279375,1183500,1279375,95875,94122280000000,0,0,0
1,5099,94122280000000,94122280083750,94122281264875,1181125,1264875,83750,94122290000000,0,0,0
1,5100,94122290000000,94122290105875,94122291287875,1182000,1287875,105875,94122300000000,0,0,0
1,5101,94122300000000,94122300080750,94122301268875,1188125,1268875,80750,94122310000000,0,0,0
1,5102,94122310000000,94122310092000,94122311271250,1179250,1271250,92000,94122320000000,0,0,0
1,5103,94122320000000,94122320086125,94122321260875,1174750,1260875,86125,94122330000000,0,0,0
1,5104,94122330000000,94122330090750,94122331256000,1165250,1256000,90750,94122340000000,0,0,0
1,5105,94122340000000,94122340096375,94122341286000,1189625,1286000,96375,94122350000000,0,0,0
1,5106,94122350000000,94122350093875,94122351287250,1193375,1287250,93875,94122360000000,0,0,0
1,5107,94122360000000,94122360096500,94122361291125,1194625,1291125,96500,94122370000000,0,0,0
1,5108,94122370000000,94122370095125,94122371270250,1175125,1270250,95125,94122380000000,0,0,0
1,5109,94122380000000,94122380097375,94122381280750,1183375,1280750,97375,94122390000000,0,0,0
1,5110,94122390000000,94122390094625,94122391284375,1189750,1284375,94625,94122400000000,0,0,0
1,5111,94122400000000,94122400085500,94122401256125,1170625,1256125,85500,94122410000000,0,0,0
1,5112,94122410000000,94122410090500,94122411268750,1178250,1268750,90500,94122420000000,0,0,0
1,5113,94122420000000,94122420088500,94122421257500,1169000,1257500,88500,94122430000000,0,0,0
1,5114,94122430000000,94122430090250,94122431270375,1180125,1270375,90250,94122440000000,0,0,0
1,5115,94122440000000,94122440088250,94122441264000,1175750,1264000,88250,94122450000000,0,0,0
1,5116,94122450000000,94122450091250,94122451058250,967000,1058250,91250,94122460000000,0,0,0
1,5117,94122460000000,94122460088250,94122461267125,1178875,1267125,88250,94122470000000,0,0,0
1,5118,94122470000000,94122470095500,94122471272125,1176625,1272125,95500,94122480000000,0,0,0
1,5119,94122480000000,94122480086125,94122481264125,1178000,1264125,86125,94122490000000,0,0,0
1,5120,94122490000000,94122490105500,94122491288000,1182500,1288000,105500,94122500000000,0,0,0
1,5121,94122500000000,94122500087375,94122501271125,1183750,1271125,87375,94122510000000,0,0,0
1,5122,94122510000000,94122510103875,94122511301000,1197125,1301000,103875,94122520000000,0,0,0
1,5123,94122520000000,94122520087000,94122521065375,978375,1065375,87000,94122530000000,0,0,0
1,5124,94122530000000,94122530094875,94122531274250,1179375,1274250,94875,94122540000000,0,0,0
1,5125,94122540000000,94122540085125,94122541266375,1181250,1266375,85125,94122550000000,0,0,0
1,5126,94122550000000,94122550092875,94122551275875,1183000,1275875,92875,94122560000000,0,0,0
1,5127,94122560000000,94122560088250,94122561260375,1172125,1260375,88250,94122570000000,0,0,0
1,5128,94122570000000,94122570094625,94122571278250,1183625,1278250,94625,94122580000000,0,0,0
1,5129,94122580000000,94122580086875,94122581276000,1189125,1276000,86875,94122590000000,0,0,0
1,5130,94122590000000,94122590090750,94122591271250,1180500,1271250,90750,94122600000000,0,0,0
1,5131,94122600000000,94122600095500,94122601267500,1172000,1267500,95500,94122610000000,0,0,0
1,5132,94122610000000,94122610090500,94122611268750,1178250,1268750,90500,94122620000000,0,0,0
1,5133,94122620000000,94122620095750,94122621280625,1184875,1280625,95750,94122630000000,0,0,0
1,5134,94122630000000,94122630089125,94122631273125,1184000,1273125,89125,94122640000000,0,0,0
1,5135,94122640000000,94122640087500,94122641269125,1181625,1269125,87500,94122650000000,0,0,0
1,5136,94122650000000,94122650090000,94122651269500,1179500,1269500,90000,94122660000000,0,0,0
1,5137,94122660000000,94122660088625,94122661266625,1178000,1266625,88625,94122670000000,0,0,0
1,5138,94122670000000,94122670103000,94122671281125,1178125,1281125,103000,94122680000000,0,0,0
1,5139,94122680000000,94122680095750,94122681299500,1203750,1299500,95750,94122690000000,0,0,0
1,5140,94122690000000,94122690107125,94122691294750,1187625,1294750,107125,94122700000000,0,0,0
1,5141,94122700000000,94122700089125,94122701258750,1169625,1258750,89125,94122710000000,0,0,0
1,5142,94122710000000,94122710089625,94122711269000,1179375,1269000,89625,94122720000000,0,0,0
1,5143,94122720000000,94122720088375,94122721267125,1178750,1267125,88375,94122730000000,0,0,0
1,5144,94122730000000,94122730089875,94122731255875,1166000,1255875,89875,94122740000000,0,0,0
1,5145,94122740000000,94122740099250,94122741274875,1175625,1274875,99250,94122750000000,0,0,0
1,5146,94122750000000,94122750090750,94122751262375,1171625,1262375,90750,94122760000000,0,0,0
1,5147,94122760000000,94122760086250,94122761262875,1176625,1262875,86250,94122770000000,0,0,0
1,5148,94122770000000,94122770091625,94122771287375,1195750,1287375,91625,94122780000000,0,0,0
1,5149,94122780000000,94122780083875,94122781274875,1191000,1274875,83875,94122790000000,0,0,0
1,5150,94122790000000,94122790093250,94122791282250,1189000,1282250,93250,94122800000000,0,0,0
1,5151,94122800000000,94122800084750,94122801259000,1174250,1259000,84750,94122810000000,0,0,0
1,5152,94122810000000,94122810102250,94122811286125,1183875,1286125,102250,94122820000000,0,0,0
1,5153,94122820000000,94122820090625,94122821270375,1179750,1270375,90625,94122830000000,0,0,0
1,5154,94122830000000,94122830104625,94122831285500,1180875,1285500,104625,94122840000000,0,0,0
1,5155,94122840000000,94122840086750,94122841276375,1189625,1276375,86750,94122850000000,0,0,0
1,5156,94122850000000,94122850111125,94122851287875,1176750,1287875,111125,94122860000000,0,0,0
1,5157,94122860000000,94122860088625,94122861074000,985375,1074000,88625,94122870000000,0,0,0
1,5158,94122870000000,94122870090250,94122871279875,1189625,1279875,90250,94122880000000,0,0,0
1,5159,94122880000000,94122880087625,94122881067125,979500,1067125,87625,94122890000000,0,0,0
1,5160,94122890000000,94122890094625,94122891056375,961750,1056375,94625,94122900000000,0,0,0
1,5161,94122900000000,94122900101125,94122901299000,1197875,1299000,101125,94122910000000,0,0,0
1,5162,94122910000000,94122910093500,94122911277000,1183500,1277000,93500,94122920000000,0,0,0
1,5163,94122920000000,94122920090125,94122921271125,1181000,1271125,90125,94122930000000,0,0,0
1,5164,94122930000000,94122930093250,94122931275875,1182625,1275875,93250,94122940000000,0,0,0
1,5165,94122940000000,94122940081250,94122941259000,1177750,1259000,81250,94122950000000,0,0,0
1,5166,94122950000000,94122950103375,94122951284500,1181125,1284500,103375,94122960000000,0,0,0
1,5167,94122960000000,94122960091000,94122961269500,1178500,1269500,91000,94122970000000,0,0,0
1,5168,94122970000000,94122970094000,94122971263500,1169500,1263500,94000,94122980000000,0,0,0
1,5169,94122980000000,94122980090250,94122981275250,1185000,1275250,90250,94122990000000,0,0,0
1,5170,94122990000000,94122990094125,94122991275250,1181125,1275250,94125,94123000000000,0,0,0
1,5171,94123000000000,94123000086750,94123001266250,1179500,1266250,86750,94123010000000,0,0,0
1,5172,94123010000000,94123010092750,94123011062750,970000,1062750,92750,94123020000000,0,0,0
1,5173,94123020000000,94123020090625,94123021283500,1192875,1283500,90625,94123030000000,0,0,0
1,5174,94123030000000,94123030094000,94123031255000,1161000,1255000,94000,94123040000000,0,0,0
1,5175,94123040000000,94123040093875,94123041282250,1188375,1282250,93875,94123050000000,0,0,0
1,5176,94123050000000,94123050094375,94123051260125,1165750,1260125,94375,94123060000000,0,0,0
1,5177,94123060000000,94123060089625,94123061280875,1191250,1280875,89625,94123070000000,0,0,0
1,5178,94123070000000,94123070096125,94123071289750,1193625,1289750,96125,94123080000000,0,0,0
1,5179,94123080000000,94123080090375,94123081276750,1186375,1276750,90375,94123090000000,0,0,0
1,5180,94123090000000,94123090091000,94123091274375,1183375,1274375,91000,94123100000000,0,0,0
1,5181,94123100000000,94123100082750,94123101253500,1170750,1253500,82750,94123110000000,0,0,0
1,5182,94123110000000,94123110100000,94123111083000,983000,1083000,100000,94123120000000,0,0,0
1,5183,94123120000000,94123120091750,94123121266000,1174250,1266000,91750,94123130000000,0,0,0
1,5184,94123130000000,94123130105250,94123131294125,1188875,1294125,105250,94123140000000,0,0,0
1,5185,94123140000000,94123140088375,94123141275125,1186750,1275125,88375,94123150000000,0,0,0
1,5186,94123150000000,94123150101500,94123151277000,1175500,1277000,101500,94123160000000,0,0,0
1,5187,94123160000000,94123160088000,94123161271125,1183125,1271125,88000,94123170000000,0,0,0
1,5188,94123170000000,94123170102500,94123171283000,1180500,1283000,102500,94123180000000,0,0,0
1,5189,94123180000000,94123180092125,94123181274375,1182250,1274375,92125,94123190000000,0,0,0
1,5190,94123190000000,94123190102125,94123191281750,1179625,1281750,102125,94123200000000,0,0,0
1,5191,94123200000000,94123200088000,94123201271000,1183000,1271000,88000,94123210000000,0,0,0
1,5192,94123210000000,94123210089500,94123211285000,1195500,1285000,89500,94123220000000,0,0,0
1,5193,94123220000000,94123220087500,94123221270750,1183250,1270750,87500,94123230000000,0,0,0
1,5194,94123230000000,94123230090875,94123231273750,1182875,1273750,90875,94123240000000,0,0,0
1,5195,94123240000000,94123240098000,94123241291750,1193750,1291750,98000,94123250000000,0,0,0
1,5196,94123250000000,94123250095875,94123251076500,980625,1076500,95875,94123260000000,0,0,0
1,5197,94123260000000,94123260098375,94123261260000,1161625,1260000,98375,94123270000000,0,0,0
1,5198,94123270000000,94123270092625,94123271279375,1186750,1279375,92625,94123280000000,0,0,0
1,5199,94123280000000,94123280088125,94123281284875,1196750,1284875,88125,94123290000000,0,0,0
1,5200,94123290000000,94123290092625,94123291283625,1191000,1283625,92625,94123300000000,0,0,0
1,5201,94123300000000,94123300088750,94123301274000,1185250,1274000,88750,94123310000000,0,0,0
1,5202,94123310000000,94123310099875,94123311284000,1184125,1284000,99875,94123320000000,0,0,0
1,5203,94123320000000,94123320090250,94123321286750,1196500,1286750,90250,94123330000000,0,0,0
1,5204,94123330000000,94123330104125,94123331073875,969750,1073875,104125,94123340000000,0,0,0
1,5205,94123340000000,94123340092125,94123341258750,1166625,1258750,92125,94123350000000,0,0,0
1,5206,94123350000000,94123350091500,94123351270625,1179125,1270625,91500,94123360000000,0,0,0
1,5207,94123360000000,94123360088750,94123361283125,1194375,1283125,88750,94123370000000,0,0,0
1,5208,94123370000000,94123370090000,94123371278875,1188875,1278875,90000,94123380000000,0,0,0
1,5209,94123380000000,94123380089000,94123381275750,1186750,1275750,89000,94123390000000,0,0,0
1,5210,94123390000000,94123390091750,94123391273625,1181875,1273625,91750,94123400000000,0,0,0
1,5211,94123400000000,94123400101125,94123401282500,1181375,1282500,101125,94123410000000,0,0,0
1,5212,94123410000000,94123410093125,94123411276625,1183500,1276625,93125,94123420000000,0,0,0
1,5213,94123420000000,94123420089000,94123421266500,1177500,1266500,89000,94123430000000,0,0,0
1,5214,94123430000000,94123430094125,94123431271500,1177375,1271500,94125,94123440000000,0,0,0
1,5215,94123440000000,94123440089750,94123441278000,1188250,1278000,89750,94123450000000,0,0,0
1,5216,94123450000000,94123450093875,94123451075875,982000,1075875,93875,94123460000000,0,0,0
1,5217,94123460000000,94123460088250,94123461066250,978000,1066250,88250,94123470000000,0,0,0
1,5218,94123470000000,94123470099750,94123471081375,981625,1081375,99750,94123480000000,0,0,0
1,5219,94123480000000,94123480090875,94123481285375,1194500,1285375,90875,94123490000000,0,0,0
1,5220,94123490000000,94123490102375,94123491275375,1173000,1275375,102375,94123500000000,0,0,0
1,5221,94123500000000,94123500087250,94123501060875,973625,1060875,87250,94123510000000,0,0,0
1,5222,94123510000000,94123510106750,94123511300125,1193375,1300125,106750,94123520000000,0,0,0
1,5223,94123520000000,94123520086125,94123521287250,1201125,1287250,86125,94123530000000,0,0,0
1,5224,94123530000000,94123530090500,94123531263125,1172625,1263125,90500,94123540000000,0,0,0
1,5225,94123540000000,94123540099625,94123541284250,1184625,1284250,99625,94123550000000,0,0,0
1,5226,94123550000000,94123550096250,94123551262750,1166500,1262750,96250,94123560000000,0,0,0
1,5227,94123560000000,94123560099250,94123561287250,1188000,1287250,99250,94123570000000,0,0,0
1,5228,94123570000000,94123570093500,94123571271375,1177875,1271375,93500,94123580000000,0,0,0
1,5229,94123580000000,94123580097875,94123581281250,1183375,1281250,97875,94123590000000,0,0,0
1,5230,94123590000000,94123590096875,94123591272500,1175625,1272500,96875,94123600000000,0,0,0
1,5231,94123600000000,94123600099875,94123601281000,1181125,1281000,99875,94123610000000,0,0,0
1,5232,94123610000000,94123610096500,94123611287500,1191000,1287500,96500,94123620000000,0,0,0
1,5233,94123620000000,94123620087125,94123621278875,1191750,1278875,87125,94123630000000,0,0,0
1,5234,94123630000000,94123630091000,94123631270250,1179250,1270250,91000,94123640000000,0,0,0
1,5235,94123640000000,94123640088250,94123641273375,1185125,1273375,88250,94123650000000,0,0,0
1,5236,94123650000000,94123650100500,94123651281625,1181125,1281625,100500,94123660000000,0,0,0
1,5237,94123660000000,94123660085875,94123661056625,970750,1056625,85875,94123670000000,0,0,0
1,5238,94123670000000,94123670092125,94123671280500,1188375,1280500,92125,94123680000000,0,0,0
1,5239,94123680000000,94123680090625,94123681287625,1197000,1287625,90625,94123690000000,0,0,0
1,5240,94123690000000,94123690099500,94123691292625,1193125,1292625,99500,94123700000000,0,0,0
1,5241,94123700000000,94123700088000,94123701283375,1195375,1283375,88000,94123710000000,0,0,0
1,5242,94123710000000,94123710097750,94123711269375,1171625,1269375,97750,94123720000000,0,0,0
1,5243,94123720000000,94123720098250,94123721268500,1170250,1268500,98250,94123730000000,0,0,0
1,5244,94123730000000,94123730095375,94123731278625,1183250,1278625,95375,94123740000000,0,0,0
1,5245,94123740000000,94123740099250,94123741286250,1187000,1286250,99250,94123750000000,0,0,0
1,5246,94123750000000,94123750092750,94123751077125,984375,1077125,92750,94123760000000,0,0,0
1,5247,94123760000000,94123760087750,94123761261875,1174125,1261875,87750,94123770000000,0,0,0
1,5248,94123770000000,94123770091250,94123771284750,1193500,1284750,91250,94123780000000,0,0,0
1,5249,94123780000000,94123780085500,94123781259625,1174125,1259625,85500,94123790000000,0,0,0
1,5250,94123790000000,94123790103875,94123791276375,1172500,1276375,103875,94123800000000,0,0,0
1,5251,94123800000000,94123800087625,94123801280125,1192500,1280125,87625,94123810000000,0,0,0
1,5252,94123810000000,94123810106375,94123811281000,1174625,1281000,106375,94123820000000,0,0,0
1,5253,94123820000000,94123820089750,94123821274625,1184875,1274625,89750,94123830000000,0,0,0
1,5254,94123830000000,94123830104125,94123831302375,1198250,1302375,104125,94123840000000,0,0,0
1,5255,94123840000000,94123840090000,94123841281875,1191875,1281875,90000,94123850000000,0,0,0
1,5256,94123850000000,94123850104500,94123851292875,1188375,1292875,104500,94123860000000,0,0,0
1,5257,94123860000000,94123860089125,94123861271375,1182250,1271375,89125,94123870000000,0,0,0
1,5258,94123870000000,94123870089875,94123871264750,1174875,1264750,89875,94123880000000,0,0,0
1,5259,94123880000000,94123880087750,94123881276250,1188500,1276250,87750,94123890000000,0,0,0
1,5260,94123890000000,94123890095375,94123891291375,1196000,1291375,95375,94123900000000,0,0,0
1,5261,94123900000000,94123900090375,94123901281125,1190750,1281125,90375,94123910000000,0,0,0
1,5262,94123910000000,94123910090750,94123911256625,1165875,1256625,90750,94123920000000,0,0,0
1,5263,94123920000000,94123920098125,94123921280750,1182625,1280750,98125,94123930000000,0,0,0
1,5264,94123930000000,94123930092000,94123931265000,1173000,1265000,92000,94123940000000,0,0,0
1,5265,94123940000000,94123940086875,94123941269375,1182500,1269375,86875,94123950000000,0,0,0
1,5266,94123950000000,94123950090875,94123951268000,1177125,1268000,90875,94123960000000,0,0,0
1,5267,94123960000000,94123960077000,94123961263125,1186125,1263125,77000,94123970000000,0,0,0
1,5268,94123970000000,94123970102000,94123971279250,1177250,1279250,102000,94123980000000,0,0,0
1,5269,94123980000000,94123980086875,94123981284250,1197375,1284250,86875,94123990000000,0,0,0
1,5270,94123990000000,94123990105500,94123991290125,1184625,1290125,105500,94124000000000,0,0,0
1,5271,94124000000000,94124000073125,94124001272500,1199375,1272500,73125,94124010000000,0,0,0
1,5272,94124010000000,94124010104500,94124011277875,1173375,1277875,104500,94124020000000,0,0,0
1,5273,94124020000000,94124020073375,94124021059375,986000,1059375,73375,94124030000000,0,0,0
1,5274,94124030000000,94124030102125,94124031280375,1178250,1280375,102125,94124040000000,0,0,0
1,5275,94124040000000,94124040080000,94124041274250,1194250,1274250,80000,94124050000000,0,0,0
1,5276,94124050000000,94124050090750,94124051063000,972250,1063000,90750,94124060000000,0,0,0
1,5277,94124060000000,94124060077500,94124061275750,1198250,1275750,77500,94124070000000,0,0,0
1,5278,94124070000000,94124070094250,94124071280500,1186250,1280500,94250,94124080000000,0,0,0
1,5279,94124080000000,94124080085000,94124081269375,1184375,1269375,85000,94124090000000,0,0,0
1,5280,94124090000000,94124090093500,94124091278625,1185125,1278625,93500,94124100000000,0,0,0
1,5281,94124100000000,94124100094750,94124101299125,1204375,1299125,94750,94124110000000,0,0,0
1,5282,94124110000000,94124110093750,94124111289125,1195375,1289125,93750,94124120000000,0,0,0
1,5283,94124120000000,94124120083500,94124121261000,1177500,1261000,83500,94124130000000,0,0,0
1,5284,94124130000000,94124130093250,94124131044750,951500,1044750,93250,94124140000000,0,0,0
1,5285,94124140000000,94124140088625,94124141271000,1182375,1271000,88625,94124150000000,0,0,0
1,5286,94124150000000,94124150094875,94124151275250,1180375,1275250,94875,94124160000000,0,0,0
1,5287,94124160000000,94124160088375,94124161280125,1191750,1280125,88375,94124170000000,0,0,0
1,5288,94124170000000,94124170092750,94124171263125,1170375,1263125,92750,94124180000000,0,0,0
1,5289,94124180000000,94124180086125,94124181277375,1191250,1277375,86125,94124190000000,0,0,0
1,5290,94124190000000,94124190101625,94124191268375,1166750,1268375,101625,94124200000000,0,0,0
1,5291,94124200000000,94124200086625,94124201276500,1189875,1276500,86625,94124210000000,0,0,0
1,5292,94124210000000,94124210103625,94124211290875,1187250,1290875,103625,94124220000000,0,0,0
1,5293,94124220000000,94124220080750,94124221058750,978000,1058750,80750,94124230000000,0,0,0
1,5294,94124230000000,94124230104500,94124231282250,1177750,1282250,104500,94124240000000,0,0,0
1,5295,94124240000000,94124240086250,94124241069500,983250,1069500,86250,94124250000000,0,0,0
1,5296,94124250000000,94124250093625,94124251275750,1182125,1275750,93625,94124260000000,0,0,0
1,5297,94124260000000,94124260100750,94124261297750,1197000,1297750,100750,94124270000000,0,0,0
1,5298,94124270000000,94124270096875,94124271281500,1184625,1281500,96875,94124280000000,0,0,0
1,5299,94124280000000,94124280086375,94124281274875,1188500,1274875,86375,94124290000000,0,0,0
1,5300,94124290000000,94124290095625,94124291284375,1188750,1284375,95625,94124300000000,0,0,0
1,5301,94124300000000,94124300096250,94124301292750,1196500,1292750,96250,94124310000000,0,0,0
1,5302,94124310000000,94124310093750,94124311087250,993500,1087250,93750,94124320000000,0,0,0
1,5303,94124320000000,94124320095125,94124321286375,1191250,1286375,95125,94124330000000,0,0,0
1,5304,94124330000000,94124330093625,94124331066250,972625,1066250,93625,94124340000000,0,0,0
1,5305,94124340000000,94124340102875,94124341287625,1184750,1287625,102875,94124350000000,0,0,0
1,5306,94124350000000,94124350091000,94124351262000,1171000,1262000,91000,94124360000000,0,0,0
1,5307,94124360000000,94124360087625,94124361259250,1171625,1259250,87625,94124370000000,0,0,0
1,5308,94124370000000,94124370095375,94124371281375,1186000,1281375,95375,94124380000000,0,0,0
1,5309,94124380000000,94124380089000,94124381275750,1186750,1275750,89000,94124390000000,0,0,0
1,5310,94124390000000,94124390093125,94124391284375,1191250,1284375,93125,94124400000000,0,0,0
1,5311,94124400000000,94124400100000,94124401289500,1189500,1289500,100000,94124410000000,0,0,0
1,5312,94124410000000,94124410095000,94124411289375,1194375,1289375,95000,94124420000000,0,0,0
1,5313,94124420000000,94124420087250,94124421274875,1187625,1274875,87250,94124430000000,0,0,0
1,5314,94124430000000,94124430105625,94124431289750,1184125,1289750,105625,94124440000000,0,0,0
1,5315,94124440000000,94124440088750,94124441262875,1174125,1262875,88750,94124450000000,0,0,0
1,5316,94124450000000,94124450093750,94124451286875,1193125,1286875,93750,94124460000000,0,0,0
1,5317,94124460000000,94124460087000,94124461268000,1181000,1268000,87000,94124470000000,0,0,0
1,5318,94124470000000,94124470092375,94124471276875,1184500,1276875,92375,94124480000000,0,0,0
1,5319,94124480000000,94124480093625,94124481282250,1188625,1282250,93625,94124490000000,0,0,0
1,5320,94124490000000,94124490093250,94124491268375,1175125,1268375,93250,94124500000000,0,0,0
1,5321,94124500000000,94124500086000,94124501274125,1188125,1274125,86000,94124510000000,0,0,0
1,5322,94124510000000,94124510093875,94124511070500,976625,1070500,93875,94124520000000,0,0,0
1,5323,94124520000000,94124520085125,94124521260750,1175625,1260750,85125,94124530000000,0,0,0
1,5324,94124530000000,94124530102625,94124531283750,1181125,1283750,102625,94124540000000,0,0,0
1,5325,94124540000000,94124540087000,94124541259875,1172875,1259875,87000,94124550000000,0,0,0
1,5326,94124550000000,94124550101875,94124551291375,1189500,1291375,101875,94124560000000,0,0,0
1,5327,94124560000000,94124560086875,94124561071500,984625,1071500,86875,94124570000000,0,0,0
1,5328,94124570000000,94124570103500,94124571089750,986250,1089750,103500,94124580000000,0,0,0
1,5329,94124580000000,94124580096125,94124581275500,1179375,1275500,96125,94124590000000,0,0,0
1,5330,94124590000000,94124590094625,94124591274875,1180250,1274875,94625,94124600000000,0,0,0
1,5331,94124600000000,94124600085500,94124601267625,1182125,1267625,85500,94124610000000,0,0,0
1,5332,94124610000000,94124610092750,94124611270125,1177375,1270125,92750,94124620000000,0,0,0
1,5333,94124620000000,94124620095875,94124621286250,1190375,1286250,95875,94124630000000,0,0,0
1,5334,94124630000000,94124630094125,94124631053250,959125,1053250,94125,94124640000000,0,0,0
1,5335,94124640000000,94124640097000,94124641287000,1190000,1287000,97000,94124650000000,0,0,0
1,5336,94124650000000,94124650093500,94124651264750,1171250,1264750,93500,94124660000000,0,0,0
1,5337,94124660000000,94124660086625,94124661056375,969750,1056375,86625,94124670000000,0,0,0
1,5338,94124670000000,94124670094250,94124671264250,1170000,1264250,94250,94124680000000,0,0,0
1,5339,94124680000000,94124680087875,94124681262125,1174250,1262125,87875,94124690000000,0,0,0
1,5340,94124690000000,94124690093625,94124691077500,983875,1077500,93625,94124700000000,0,0,0
1,5341,94124700000000,94124700086875,94124701258375,1171500,1258375,86875,94124710000000,0,0,0
1,5342,94124710000000,94124710103375,94124711288875,1185500,1288875,103375,94124720000000,0,0,0
1,5343,94124720000000,94124720088125,94124721270125,1182000,1270125,88125,94124730000000,0,0,0
1,5344,94124730000000,94124730092000,94124731272125,1180125,1272125,92000,94124740000000,0,0,0
1,5345,94124740000000,94124740088000,94124741281500,1193500,1281500,88000,94124750000000,0,0,0
1,5346,94124750000000,94124750091375,94124751260625,1169250,1260625,91375,94124760000000,0,0,0
1,5347,94124760000000,94124760094875,94124761270375,1175500,1270375,94875,94124770000000,0,0,0
1,5348,94124770000000,94124770094750,94124771281625,1186875,1281625,94750,94124780000000,0,0,0
1,5349,94124780000000,94124780100000,94124781286250,1186250,1286250,100000,94124790000000,0,0,0
1,5350,94124790000000,94124790095375,94124791276625,1181250,1276625,95375,94124800000000,0,0,0
1,5351,94124800000000,94124800088875,94124801060000,971125,1060000,88875,94124810000000,0,0,0
1,5352,94124810000000,94124810090125,94124811262000,1171875,1262000,90125,94124820000000,0,0,0
1,5353,94124820000000,94124820088500,94124821280125,1191625,1280125,88500,94124830000000,0,0,0
1,5354,94124830000000,94124830102125,94124831294375,1192250,1294375,102125,94124840000000,0,0,0
1,5355,94124840000000,94124840089375,94124841269625,1180250,1269625,89375,94124850000000,0,0,0
1,5356,94124850000000,94124850105000,94124851310375,1205375,1310375,105000,94124860000000,0,0,0
1,5357,94124860000000,94124860088625,94124861286875,1198250,1286875,88625,94124870000000,0,0,0
1,5358,94124870000000,94124870101875,94124871288500,1186625,1288500,101875,94124880000000,0,0,0
1,5359,94124880000000,94124880088875,94124881267875,1179000,1267875,88875,94124890000000,0,0,0
1,5360,94124890000000,94124890088625,94124891273750,1185125,1273750,88625,94124900000000,0,0,0
1,5361,94124900000000,94124900088000,94124901263250,1175250,1263250,88000,94124910000000,0,0,0
1,5362,94124910000000,94124910093500,94124911259875,1166375,1259875,93500,94124920000000,0,0,0
1,5363,94124920000000,94124920098875,94124921291125,1192250,1291125,98875,94124930000000,0,0,0
1,5364,94124930000000,94124930092250,94124931267500,1175250,1267500,92250,94124940000000,0,0,0
1,5365,94124940000000,94124940084500,94124941263750,1179250,1263750,84500,94124950000000,0,0,0
1,5366,94124950000000,94124950091125,94124951071625,980500,1071625,91125,94124960000000,0,0,0
1,5367,94124960000000,94124960086250,94124961264000,1177750,1264000,86250,94124970000000,0,0,0
1,5368,94124970000000,94124970099000,94124971284625,1185625,1284625,99000,94124980000000,0,0,0
1,5369,94124980000000,94124980119875,94124981091250,971375,1091250,119875,94124990000000,0,0,0
1,5370,94124990000000,94124990114375,94124991287125,1172750,1287125,114375,94125000000000,0,0,0
1,5371,94125000000000,94125000092875,94125001260375,1167500,1260375,92875,94125010000000,0,0,0
1,5372,94125010000000,94125010091000,94125011277375,1186375,1277375,91000,94125020000000,0,0,0
1,5373,94125020000000,94125020090000,94125021264500,1174500,1264500,90000,94125030000000,0,0,0
1,5374,94125030000000,94125030090625,94125031277500,1186875,1277500,90625,94125040000000,0,0,0
1,5375,94125040000000,94125040090875,94125041278875,1188000,1278875,90875,94125050000000,0,0,0
1,5376,94125050000000,94125050091500,94125051272500,1181000,1272500,91500,94125060000000,0,0,0
1,5377,94125060000000,94125060098125,94125061263375,1165250,1263375,98125,94125070000000,0,0,0
1,5378,94125070000000,94125070095000,94125071281500,1186500,1281500,95000,94125080000000,0,0,0
1,5379,94125080000000,94125080086875,94125081053625,966750,1053625,86875,94125090000000,0,0,0
1,5380,94125090000000,94125090096125,94125091280125,1184000,1280125,96125,94125100000000,0,0,0
1,5381,94125100000000,94125100090000,94125101276750,1186750,1276750,90000,94125110000000,0,0,0
1,5382,94125110000000,94125110092375,94125111280000,1187625,1280000,92375,94125120000000,0,0,0
1,5383,94125120000000,94125120087500,94125121281000,1193500,1281000,87500,94125130000000,0,0,0
1,5384,94125130000000,94125130096875,94125131277500,1180625,1277500,96875,94125140000000,0,0,0
1,5385,94125140000000,94125140089875,94125141274625,1184750,1274625,89875,94125150000000,0,0,0
1,5386,94125150000000,94125150105625,94125151285125,1179500,1285125,105625,94125160000000,0,0,0
1,5387,94125160000000,94125160092750,94125161264125,1171375,1264125,92750,94125170000000,0,0,0
1,5388,94125170000000,94125170106250,94125171294375,1188125,1294375,106250,94125180000000,0,0,0
1,5389,94125180000000,94125180090875,94125181288375,1197500,1288375,90875,94125190000000,0,0,0
1,5390,94125190000000,94125190105125,94125191273500,1168375,1273500,105125,94125200000000,0,0,0
1,5391,94125200000000,94125200085625,94125201264375,1178750,1264375,85625,94125210000000,0,0,0
1,5392,94125210000000,94125210093625,94125211264375,1170750,1264375,93625,94125220000000,0,0,0
1,5393,94125220000000,94125220084625,94125221262250,1177625,1262250,84625,94125230000000,0,0,0
1,5394,94125230000000,94125230093125,94125231278875,1185750,1278875,93125,94125240000000,0,0,0
1,5395,94125240000000,94125240086750,94125241070625,983875,1070625,86750,94125250000000,0,0,0
1,5396,94125250000000,94125250095500,94125251289000,1193500,1289000,95500,94125260000000,0,0,0
1,5397,94125260000000,94125260085750,94125261280875,1195125,1280875,85750,94125270000000,0,0,0
1,5398,94125270000000,94125270107000,94125271301500,1194500,1301500,107000,94125280000000,0,0,0
1,5399,94125280000000,94125280092000,94125281288125,1196125,1288125,92000,94125290000000,0,0,0
1,5400,94125290000000,94125290093625,94125291261625,1168000,1261625,93625,94125300000000,0,0,0
1,5401,94125300000000,94125300097250,94125301280500,1183250,1280500,97250,94125310000000,0,0,0
1,5402,94125310000000,94125310093750,94125311273500,1179750,1273500,93750,94125320000000,0,0,0
1,5403,94125320000000,94125320089000,94125321267625,1178625,1267625,89000,94125330000000,0,0,0
1,5404,94125330000000,94125330090375,94125331066000,975625,1066000,90375,94125340000000,0,0,0
1,5405,94125340000000,94125340088625,94125341273625,1185000,1273625,88625,94125350000000,0,0,0
1,5406,94125350000000,94125350094375,94125351283375,1189000,1283375,94375,94125360000000,0,0,0
1,5407,94125360000000,94125360089250,94125361274250,1185000,1274250,89250,94125370000000,0,0,0
1,5408,94125370000000,94125370102750,94125371269875,1167125,1269875,102750,94125380000000,0,0,0
1,5409,94125380000000,94125380087875,94125381260625,1172750,1260625,87875,94125390000000,0,0,0
1,5410,94125390000000,94125390090375,94125391267125,1176750,1267125,90375,94125400000000,0,0,0
1,5411,94125400000000,94125400089375,94125401276625,1187250,1276625,89375,94125410000000,0,0,0
1,5412,94125410000000,94125410090625,94125411057125,966500,1057125,90625,94125420000000,0,0,0
1,5413,94125420000000,94125420096375,94125421089250,992875,1089250,96375,94125430000000,0,0,0
1,5414,94125430000000,94125430092875,94125431262625,1169750,1262625,92875,94125440000000,0,0,0
1,5415,94125440000000,94125440085875,94125441272375,1186500,1272375,85875,94125450000000,0,0,0
1,5416,94125450000000,94125450093000,94125451278125,1185125,1278125,93000,94125460000000,0,0,0
1,5417,94125460000000,94125460086000,94125461271375,1185375,1271375,86000,94125470000000,0,0,0
1,5418,94125470000000,94125470105625,94125471279625,1174000,1279625,105625,94125480000000,0,0,0
1,5419,94125480000000,94125480087750,94125481272250,1184500,1272250,87750,94125490000000,0,0,0
1,5420,94125490000000,94125490094250,94125491271125,1176875,1271125,94250,94125500000000,0,0,0
1,5421,94125500000000,94125500084375,94125501275250,1190875,1275250,84375,94125510000000,0,0,0
1,5422,94125510000000,94125510090875,94125511270750,1179875,1270750,90875,94125520000000,0,0,0
1,5423,94125520000000,94125520086250,94125521281375,1195125,1281375,86250,94125530000000,0,0,0
1,5424,94125530000000,94125530092000,94125531278250,1186250,1278250,92000,94125540000000,0,0,0
1,5425,94125540000000,94125540086625,94125541266125,1179500,1266125,86625,94125550000000,0,0,0
1,5426,94125550000000,94125550092375,94125551063375,971000,1063375,92375,94125560000000,0,0,0
1,5427,94125560000000,94125560098000,94125561271000,1173000,1271000,98000,94125570000000,0,0,0
1,5428,94125570000000,94125570093125,94125571265000,1171875,1265000,93125,94125580000000,0,0,0
1,5429,94125580000000,94125580084500,94125581256625,1172125,1256625,84500,94125590000000,0,0,0
1,5430,94125590000000,94125590093000,94125591274125,1181125,1274125,93000,94125600000000,0,0,0
1,5431,94125600000000,94125600088250,94125601251750,1163500,1251750,88250,94125610000000,0,0,0
1,5432,94125610000000,94125610102125,94125611283375,1181250,1283375,102125,94125620000000,0,0,0
1,5433,94125620000000,94125620088375,94125621264250,1175875,1264250,88375,94125630000000,0,0,0
1,5434,94125630000000,94125630103500,94125631291000,1187500,1291000,103500,94125640000000,0,0,0
1,5435,94125640000000,94125640085500,94125641265250,1179750,1265250,85500,94125650000000,0,0,0
1,5436,94125650000000,94125650103875,94125651291125,1187250,1291125,103875,94125660000000,0,0,0
1,5437,94125660000000,94125660089125,94125661066125,977000,1066125,89125,94125670000000,0,0,0
1,5438,94125670000000,94125670103500,94125671287750,1184250,1287750,103500,94125680000000,0,0,0
1,5439,94125680000000,94125680087000,94125681276375,1189375,1276375,87000,94125690000000,0,0,0
1,5440,94125690000000,94125690093000,94125691273875,1180875,1273875,93000,94125700000000,0,0,0
1,5441,94125700000000,94125700093125,94125701277750,1184625,1277750,93125,94125710000000,0,0,0
1,5442,94125710000000,94125710098375,94125711279875,1181500,1279875,98375,94125720000000,0,0,0
1,5443,94125720000000,94125720104000,94125721291375,1187375,1291375,104000,94125730000000,0,0,0
1,5444,94125730000000,94125730096500,94125731286250,1189750,1286250,96500,94125740000000,0,0,0
1,5445,94125740000000,94125740091125,94125741271375,1180250,1271375,91125,94125750000000,0,0,0
1,5446,94125750000000,94125750090500,94125751269500,1179000,1269500,90500,94125760000000,0,0,0
1,5447,94125760000000,94125760086750,94125761265875,1179125,1265875,86750,94125770000000,0,0,0
1,5448,94125770000000,94125770103250,94125771293000,1189750,1293000,103250,94125780000000,0,0,0
1,5449,94125780000000,94125780085750,94125781063000,977250,1063000,85750,94125790000000,0,0,0
1,5450,94125790000000,94125790092375,94125791273375,1181000,1273375,92375,94125800000000,0,0,0
1,5451,94125800000000,94125800083125,94125801278375,1195250,1278375,83125,94125810000000,0,0,0
1,5452,94125810000000,94125810092250,94125811067250,975000,1067250,92250,94125820000000,0,0,0
1,5453,94125820000000,94125820085250,94125821277250,1192000,1277250,85250,94125830000000,0,0,0
1,5454,94125830000000,94125830098500,94125831277875,1179375,1277875,98500,94125840000000,0,0,0
1,5455,94125840000000,94125840100250,94125841300250,1200000,1300250,100250,94125850000000,0,0,0
1,5456,94125850000000,94125850093875,94125851268875,1175000,1268875,93875,94125860000000,0,0,0
1,5457,94125860000000,94125860083250,94125861259250,1176000,1259250,83250,94125870000000,0,0,0
1,5458,94125870000000,94125870096625,94125871272625,1176000,1272625,96625,94125880000000,0,0,0
1,5459,94125880000000,94125880088125,94125881256875,1168750,1256875,88125,94125890000000,0,0,0
1,5460,94125890000000,94125890103250,94125891277125,1173875,1277125,103250,94125900000000,0,0,0
1,5461,94125900000000,94125900088625,94125901274125,1185500,1274125,88625,94125910000000,0,0,0
1,5462,94125910000000,94125910101625,94125911274250,1172625,1274250,101625,94125920000000,0,0,0
1,5463,94125920000000,94125920090250,94125921271250,1181000,1271250,90250,94125930000000,0,0,0
1,5464,94125930000000,94125930103125,94125931277500,1174375,1277500,103125,94125940000000,0,0,0
1,5465,94125940000000,94125940089875,94125941271750,1181875,1271750,89875,94125950000000,0,0,0
1,5466,94125950000000,94125950104000,94125951283375,1179375,1283375,104000,94125960000000,0,0,0
1,5467,94125960000000,94125960088875,94125961277500,1188625,1277500,88875,94125970000000,0,0,0
1,5468,94125970000000,94125970088375,94125971261125,1172750,1261125,88375,94125980000000,0,0,0
1,5469,94125980000000,94125980088125,94125981271125,1183000,1271125,88125,94125990000000,0,0,0
1,5470,94125990000000,94125990089250,94125991270625,1181375,1270625,89250,94126000000000,0,0,0
1,5471,94126000000000,94126000079000,94126001055750,976750,1055750,79000,94126010000000,0,0,0
1,5472,94126010000000,94126010090000,94126011267875,1177875,1267875,90000,94126020000000,0,0,0
1,5473,94126020000000,94126020089875,94126021275500,1185625,1275500,89875,94126030000000,0,0,0
1,5474,94126030000000,94126030091000,94126031277625,1186625,1277625,91000,94126040000000,0,0,0
1,5475,94126040000000,94126040088125,94126041270125,1182000,1270125,88125,94126050000000,0,0,0
1,5476,94126050000000,94126050090750,94126051274625,1183875,1274625,90750,94126060000000,0,0,0
1,5477,94126060000000,94126060094375,94126061281500,1187125,1281500,94375,94126070000000,0,0,0
1,5478,94126070000000,94126070094750,94126071285000,1190250,1285000,94750,94126080000000,0,0,0
1,5479,94126080000000,94126080085875,94126081262625,1176750,1262625,85875,94126090000000,0,0,0
1,5480,94126090000000,94126090095375,94126091273250,1177875,1273250,95375,94126100000000,0,0,0
1,5481,94126100000000,94126100083125,94126101271625,1188500,1271625,83125,94126110000000,0,0,0
1,5482,94126110000000,94126110093000,94126111270500,1177500,1270500,93000,94126120000000,0,0,0
1,5483,94126120000000,94126120086000,94126121275125,1189125,1275125,86000,94126130000000,0,0,0
1,5484,94126130000000,94126130103250,94126131296000,1192750,1296000,103250,94126140000000,0,0,0
1,5485,94126140000000,94126140085750,94126141263125,1177375,1263125,85750,94126150000000,0,0,0
1,5486,94126150000000,94126150104375,94126151285750,1181375,1285750,104375,94126160000000,0,0,0
1,5487,94126160000000,94126160085625,94126161262625,1177000,1262625,85625,94126170000000,0,0,0
1,5488,94126170000000,94126170104375,94126171079250,974875,1079250,104375,94126180000000,0,0,0
1,5489,94126180000000,94126180086000,94126181276250,1190250,1276250,86000,94126190000000,0,0,0
1,5490,94126190000000,94126190110250,94126191290125,1179875,1290125,110250,94126200000000,0,0,0
1,5491,94126200000000,94126200090500,94126201276875,1186375,1276875,90500,94126210000000,0,0,0
1,5492,94126210000000,94126210095125,94126211274375,1179250,1274375,95125,94126220000000,0,0,0
1,5493,94126220000000,94126220086375,94126221283875,1197500,1283875,86375,94126230000000,0,0,0
1,5494,94126230000000,94126230092875,94126231279125,1186250,1279125,92875,94126240000000,0,0,0
1,5495,94126240000000,94126240088625,94126241276875,1188250,1276875,88625,94126250000000,0,0,0
1,5496,94126250000000,94126250094500,94126251269875,1175375,1269875,94500,94126260000000,0,0,0
1,5497,94126260000000,94126260095625,94126261265625,1170000,1265625,95625,94126270000000,0,0,0
1,5498,94126270000000,94126270094500,94126271273625,1179125,1273625,94500,94126280000000,0,0,0
1,5499,94126280000000,94126280096375,94126281281250,1184875,1281250,96375,94126290000000,0,0,0
1,5500,94126290000000,94126290094625,94126291284250,1189625,1284250,94625,94126300000000,0,0,0
1,5501,94126300000000,94126300084375,94126301274875,1190500,1274875,84375,94126310000000,0,0,0
1,5502,94126310000000,94126310091375,94126311275375,1184000,1275375,91375,94126320000000,0,0,0
1,5503,94126320000000,94126320088250,94126321275875,1187625,1275875,88250,94126330000000,0,0,0
1,5504,94126330000000,94126330093000,94126331285125,1192125,1285125,93000,94126340000000,0,0,0
1,5505,94126340000000,94126340088875,94126341276500,1187625,1276500,88875,94126350000000,0,0,0
1,5506,94126350000000,94126350091000,94126351266500,1175500,1266500,91000,94126360000000,0,0,0
1,5507,94126360000000,94126360089750,94126361271500,1181750,1271500,89750,94126370000000,0,0,0
1,5508,94126370000000,94126370103250,94126371285500,1182250,1285500,103250,94126380000000,0,0,0
1,5509,94126380000000,94126380089125,94126381267250,1178125,1267250,89125,94126390000000,0,0,0
1,5510,94126390000000,94126390102500,94126391071125,968625,1071125,102500,94126400000000,0,0,0
1,5511,94126400000000,94126400088375,94126401283375,1195000,1283375,88375,94126410000000,0,0,0
1,5512,94126410000000,94126410093875,94126411272875,1179000,1272875,93875,94126420000000,0,0,0
1,5513,94126420000000,94126420087250,94126421266500,1179250,1266500,87250,94126430000000,0,0,0
1,5514,94126430000000,94126430091125,94126431271750,1180625,1271750,91125,94126440000000,0,0,0
1,5515,94126440000000,94126440095375,94126441273875,1178500,1273875,95375,94126450000000,0,0,0
1,5516,94126450000000,94126450090875,94126451270125,1179250,1270125,90875,94126460000000,0,0,0
1,5517,94126460000000,94126460099625,94126461264125,1164500,1264125,99625,94126470000000,0,0,0
1,5518,94126470000000,94126470090250,94126471269125,1178875,1269125,90250,94126480000000,0,0,0
1,5519,94126480000000,94126480088250,94126481270375,1182125,1270375,88250,94126490000000,0,0,0
1,5520,94126490000000,94126490095250,94126491261875,1166625,1261875,95250,94126500000000,0,0,0
1,5521,94126500000000,94126500089750,94126501264875,1175125,1264875,89750,94126510000000,0,0,0
1,5522,94126510000000,94126510103000,94126511278625,1175625,1278625,103000,94126520000000,0,0,0
1,5523,94126520000000,94126520089250,94126521277875,1188625,1277875,89250,94126530000000,0,0,0
1,5524,94126530000000,94126530104250,94126531280500,1176250,1280500,104250,94126540000000,0,0,0
1,5525,94126540000000,94126540088250,94126541275500,1187250,1275500,88250,94126550000000,0,0,0
1,5526,94126550000000,94126550088250,94126551279000,1190750,1279000,88250,94126560000000,0,0,0
1,5527,94126560000000,94126560098125,94126561293750,1195625,1293750,98125,94126570000000,0,0,0
1,5528,94126570000000,94126570094375,94126571275500,1181125,1275500,94375,94126580000000,0,0,0
1,5529,94126580000000,94126580097875,94126581266875,1169000,1266875,97875,94126590000000,0,0,0
1,5530,94126590000000,94126590094125,94126591067875,973750,1067875,94125,94126600000000,0,0,0
1,5531,94126600000000,94126600099125,94126601279625,1180500,1279625,99125,94126610000000,0,0,0
1,5532,94126610000000,94126610093875,94126611271625,1177750,1271625,93875,94126620000000,0,0,0
1,5533,94126620000000,94126620095500,94126621271125,1175625,1271125,95500,94126630000000,0,0,0
1,5534,94126630000000,94126630095000,94126631075375,980375,1075375,95000,94126640000000,0,0,0
1,5535,94126640000000,94126640086625,94126641281125,1194500,1281125,86625,94126650000000,0,0,0
1,5536,94126650000000,94126650097625,94126651276375,1178750,1276375,97625,94126660000000,0,0,0
1,5537,94126660000000,94126660086250,94126661272125,1185875,1272125,86250,94126670000000,0,0,0
1,5538,94126670000000,94126670104000,94126671293250,1189250,1293250,104000,94126680000000,0,0,0
1,5539,94126680000000,94126680090000,94126681285250,1195250,1285250,90000,94126690000000,0,0,0
1,5540,94126690000000,94126690102625,94126691287750,1185125,1287750,102625,94126700000000,0,0,0
1,5541,94126700000000,94126700089250,94126701065375,976125,1065375,89250,94126710000000,0,0,0
1,5542,94126710000000,94126710105125,94126711266125,1161000,1266125,105125,94126720000000,0,0,0
1,5543,94126720000000,94126720090500,94126721273625,1183125,1273625,90500,94126730000000,0,0,0
1,5544,94126730000000,94126730089625,94126731269125,1179500,1269125,89625,94126740000000,0,0,0
1,5545,94126740000000,94126740089375,94126741266500,1177125,1266500,89375,94126750000000,0,0,0
1,5546,94126750000000,94126750092625,94126751270250,1177625,1270250,92625,94126760000000,0,0,0
1,5547,94126760000000,94126760087875,94126761268875,1181000,1268875,87875,94126770000000,0,0,0
1,5548,94126770000000,94126770089625,94126771269125,1179500,1269125,89625,94126780000000,0,0,0
1,5549,94126780000000,94126780097875,94126781273375,1175500,1273375,97875,94126790000000,0,0,0
1,5550,94126790000000,94126790092625,94126791269500,1176875,1269500,92625,94126800000000,0,0,0
1,5551,94126800000000,94126800088875,94126801259625,1170750,1259625,88875,94126810000000,0,0,0
1,5552,94126810000000,94126810089750,94126811262000,1172250,1262000,89750,94126820000000,0,0,0
1,5553,94126820000000,94126820093625,94126821294250,1200625,1294250,93625,94126830000000,0,0,0
1,5554,94126830000000,94126830099750,94126831293750,1194000,1293750,99750,94126840000000,0,0,0
1,5555,94126840000000,94126840090875,94126841267500,1176625,1267500,90875,94126850000000,0,0,0
1,5556,94126850000000,94126850106750,94126851295625,1188875,1295625,106750,94126860000000,0,0,0
1,5557,94126860000000,94126860089125,94126861271250,1182125,1271250,89125,94126870000000,0,0,0
1,5558,94126870000000,94126870104125,94126871294875,1190750,1294875,104125,94126880000000,0,0,0
1,5559,94126880000000,94126880084750,94126881264375,1179625,1264375,84750,94126890000000,0,0,0
1,5560,94126890000000,94126890091875,94126891271750,1179875,1271750,91875,94126900000000,0,0,0
1,5561,94126900000000,94126900085125,94126901056000,970875,1056000,85125,94126910000000,0,0,0
1,5562,94126910000000,94126910094500,94126911286625,1192125,1286625,94500,94126920000000,0,0,0
1,5563,94126920000000,94126920084375,94126921063625,979250,1063625,84375,94126930000000,0,0,0
1,5564,94126930000000,94126930093500,94126931274250,1180750,1274250,93500,94126940000000,0,0,0
1,5565,94126940000000,94126940097125,94126941275125,1178000,1275125,97125,94126950000000,0,0,0
1,5566,94126950000000,94126950095500,94126951262000,1166500,1262000,95500,94126960000000,0,0,0
1,5567,94126960000000,94126960102250,94126961282500,1180250,1282500,102250,94126970000000,0,0,0
1,5568,94126970000000,94126970090500,94126971266750,1176250,1266750,90500,94126980000000,0,0,0
1,5569,94126980000000,94126980087750,94126981266750,1179000,1266750,87750,94126990000000,0,0,0
1,5570,94126990000000,94126990099625,94126991299125,1199500,1299125,99625,94127000000000,0,0,0
1,5571,94127000000000,94127000089875,94127001280625,1190750,1280625,89875,94127010000000,0,0,0
1,5572,94127010000000,94127010100750,94127011275000,1174250,1275000,100750,94127020000000,0,0,0
1,5573,94127020000000,94127020116625,94127021107250,990625,1107250,116625,94127030000000,0,0,0
1,5574,94127030000000,94127030113625,94127031285000,1171375,1285000,113625,94127040000000,0,0,0
1,5575,94127040000000,94127040091875,94127041281875,1190000,1281875,91875,94127050000000,0,0,0
1,5576,94127050000000,94127050090375,94127051272000,1181625,1272000,90375,94127060000000,0,0,0
1,5577,94127060000000,94127060089250,94127061281000,1191750,1281000,89250,94127070000000,0,0,0
1,5578,94127070000000,94127070089375,94127071267500,1178125,1267500,89375,94127080000000,0,0,0
1,5579,94127080000000,94127080101500,94127081268250,1166750,1268250,101500,94127090000000,0,0,0
1,5580,94127090000000,94127090092250,94127091281875,1189625,1281875,92250,94127100000000,0,0,0
1,5581,94127100000000,94127100087375,94127101260750,1173375,1260750,87375,94127110000000,0,0,0
1,5582,94127110000000,94127110089875,94127111284000,1194125,1284000,89875,94127120000000,0,0,0
1,5583,94127120000000,94127120091500,94127121281625,1190125,1281625,91500,94127130000000,0,0,0
1,5584,94127130000000,94127130093875,94127131282125,1188250,1282125,93875,94127140000000,0,0,0
1,5585,94127140000000,94127140094125,94127141281625,1187500,1281625,94125,94127150000000,0,0,0
1,5586,94127150000000,94127150096625,94127151270375,1173750,1270375,96625,94127160000000,0,0,0
1,5587,94127160000000,94127160089000,94127161273000,1184000,1273000,89000,94127170000000,0,0,0
1,5588,94127170000000,94127170103500,94127171288125,1184625,1288125,103500,94127180000000,0,0,0
1,5589,94127180000000,94127180086750,94127181266375,1179625,1266375,86750,94127190000000,0,0,0
1,5590,94127190000000,94127190093500,94127191277250,1183750,1277250,93500,94127200000000,0,0,0
1,5591,94127200000000,94127200083375,94127201278750,1195375,1278750,83375,94127210000000,0,0,0
1,5592,94127210000000,94127210095625,94127211070000,974375,1070000,95625,94127220000000,0,0,0
1,5593,94127220000000,94127220102375,94127221299000,1196625,1299000,102375,94127230000000,0,0,0
1,5594,94127230000000,94127230092500,94127231269375,1176875,1269375,92500,94127240000000,0,0,0
1,5595,94127240000000,94127240100750,94127241290000,1189250,1290000,100750,94127250000000,0,0,0
1,5596,94127250000000,94127250094500,94127251264750,1170250,1264750,94500,94127260000000,0,0,0
1,5597,94127260000000,94127260100625,94127261289625,1189000,1289625,100625,94127270000000,0,0,0
1,5598,94127270000000,94127270093375,94127271306750,1213375,1306750,93375,94127280000000,0,0,0
1,5599,94127280000000,94127280085500,94127281260500,1175000,1260500,85500,94127290000000,0,0,0
1,5600,94127290000000,94127290093125,94127291284875,1191750,1284875,93125,94127300000000,0,0,0
1,5601,94127300000000,94127300088500,94127301074750,986250,1074750,88500,94127310000000,0,0,0
1,5602,94127310000000,94127310103375,94127311278625,1175250,1278625,103375,94127320000000,0,0,0
1,5603,94127320000000,94127320089500,94127321262625,1173125,1262625,89500,94127330000000,0,0,0
1,5604,94127330000000,94127330092125,94127331276625,1184500,1276625,92125,94127340000000,0,0,0
1,5605,94127340000000,94127340087375,94127341277750,1190375,1277750,87375,94127350000000,0,0,0
1,5606,94127350000000,94127350091250,94127351064500,973250,1064500,91250,94127360000000,0,0,0
1,5607,94127360000000,94127360097625,94127361284375,1186750,1284375,97625,94127370000000,0,0,0
1,5608,94127370000000,94127370092000,94127371277375,1185375,1277375,92000,94127380000000,0,0,0
1,5609,94127380000000,94127380098125,94127381283875,1185750,1283875,98125,94127390000000,0,0,0
1,5610,94127390000000,94127390092875,94127391262750,1169875,1262750,92875,94127400000000,0,0,0
1,5611,94127400000000,94127400096500,94127401291875,1195375,1291875,96500,94127410000000,0,0,0
1,5612,94127410000000,94127410091250,94127411066625,975375,1066625,91250,94127420000000,0,0,0
1,5613,94127420000000,94127420102125,94127421282125,1180000,1282125,102125,94127430000000,0,0,0
1,5614,94127430000000,94127430094375,94127431283125,1188750,1283125,94375,94127440000000,0,0,0
1,5615,94127440000000,94127440086125,94127441271250,1185125,1271250,86125,94127450000000,0,0,0
1,5616,94127450000000,94127450091625,94127451268125,1176500,1268125,91625,94127460000000,0,0,0
1,5617,94127460000000,94127460087750,94127461280125,1192375,1280125,87750,94127470000000,0,0,0
1,5618,94127470000000,94127470094625,94127471282250,1187625,1282250,94625,94127480000000,0,0,0
1,5619,94127480000000,94127480086875,94127481269500,1182625,1269500,86875,94127490000000,0,0,0
1,5620,94127490000000,94127490104125,94127491286750,1182625,1286750,104125,94127500000000,0,0,0
1,5621,94127500000000,94127500088375,94127501264250,1175875,1264250,88375,94127510000000,0,0,0
1,5622,94127510000000,94127510092625,94127511247875,1155250,1247875,92625,94127520000000,0,0,0
1,5623,94127520000000,94127520087875,94127521272625,1184750,1272625,87875,94127530000000,0,0,0
1,5624,94127530000000,94127530095125,94127531279125,1184000,1279125,95125,94127540000000,0,0,0
1,5625,94127540000000,94127540089625,94127541265875,1176250,1265875,89625,94127550000000,0,0,0
1,5626,94127550000000,94127550092000,94127551274125,1182125,1274125,92000,94127560000000,0,0,0
1,5627,94127560000000,94127560102000,94127561279875,1177875,1279875,102000,94127570000000,0,0,0
1,5628,94127570000000,94127570093000,94127571283500,1190500,1283500,93000,94127580000000,0,0,0
1,5629,94127580000000,94127580086875,94127581278125,1191250,1278125,86875,94127590000000,0,0,0
1,5630,94127590000000,94127590092750,94127591276875,1184125,1276875,92750,94127600000000,0,0,0
1,5631,94127600000000,94127600087750,94127601284375,1196625,1284375,87750,94127610000000,0,0,0
1,5632,94127610000000,94127610093250,94127611278625,1185375,1278625,93250,94127620000000,0,0,0
1,5633,94127620000000,94127620084375,94127621251375,1167000,1251375,84375,94127630000000,0,0,0
1,5634,94127630000000,94127630105500,94127631286375,1180875,1286375,105500,94127640000000,0,0,0
1,5635,94127640000000,94127640085375,94127641066125,980750,1066125,85375,94127650000000,0,0,0
1,5636,94127650000000,94127650092875,94127651278125,1185250,1278125,92875,94127660000000,0,0,0
1,5637,94127660000000,94127660086000,94127661264125,1178125,1264125,86000,94127670000000,0,0,0
1,5638,94127670000000,94127670092250,94127671281500,1189250,1281500,92250,94127680000000,0,0,0
1,5639,94127680000000,94127680085250,94127681278500,1193250,1278500,85250,94127690000000,0,0,0
1,5640,94127690000000,94127690094875,94127691268750,1173875,1268750,94875,94127700000000,0,0,0
1,5641,94127700000000,94127700100625,94127701277375,1176750,1277375,100625,94127710000000,0,0,0
1,5642,94127710000000,94127710094125,94127711283625,1189500,1283625,94125,94127720000000,0,0,0
1,5643,94127720000000,94127720117875,94127721300250,1182375,1300250,117875,94127730000000,0,0,0
1,5644,94127730000000,94127730102625,94127731286375,1183750,1286375,102625,94127740000000,0,0,0
1,5645,94127740000000,94127740087250,94127741282500,1195250,1282500,87250,94127750000000,0,0,0
1,5646,94127750000000,94127750106375,94127751298250,1191875,1298250,106375,94127760000000,0,0,0
1,5647,94127760000000,94127760085375,94127761066125,980750,1066125,85375,94127770000000,0,0,0
1,5648,94127770000000,94127770094250,94127771272125,1177875,1272125,94250,94127780000000,0,0,0
1,5649,94127780000000,94127780086875,94127781064250,977375,1064250,86875,94127790000000,0,0,0
1,5650,94127790000000,94127790092625,94127791263125,1170500,1263125,92625,94127800000000,0,0,0
1,5651,94127800000000,94127800097625,94127801284375,1186750,1284375,97625,94127810000000,0,0,0
1,5652,94127810000000,94127810096875,94127811287375,1190500,1287375,96875,94127820000000,0,0,0
1,5653,94127820000000,94127820100875,94127821291750,1190875,1291750,100875,94127830000000,0,0,0
1,5654,94127830000000,94127830093750,94127831255875,1162125,1255875,93750,94127840000000,0,0,0
1,5655,94127840000000,94127840083875,94127841062500,978625,1062500,83875,94127850000000,0,0,0
1,5656,94127850000000,94127850104875,94127851286500,1181625,1286500,104875,94127860000000,0,0,0
1,5657,94127860000000,94127860088625,94127861288000,1199375,1288000,88625,94127870000000,0,0,0
1,5658,94127870000000,94127870105625,94127871279500,1173875,1279500,105625,94127880000000,0,0,0
1,5659,94127880000000,94127880090250,94127881280000,1189750,1280000,90250,94127890000000,0,0,0
1,5660,94127890000000,94127890090375,94127891286250,1195875,1286250,90375,94127900000000,0,0,0
1,5661,94127900000000,94127900087875,94127901068875,981000,1068875,87875,94127910000000,0,0,0
1,5662,94127910000000,94127910096125,94127911272500,1176375,1272500,96125,94127920000000,0,0,0
1,5663,94127920000000,94127920096500,94127921277500,1181000,1277500,96500,94127930000000,0,0,0
1,5664,94127930000000,94127930096750,94127931289000,1192250,1289000,96750,94127940000000,0,0,0
1,5665,94127940000000,94127940098500,94127941268625,1170125,1268625,98500,94127950000000,0,0,0
1,5666,94127950000000,94127950091375,94127951278250,1186875,1278250,91375,94127960000000,0,0,0
1,5667,94127960000000,94127960085000,94127961263875,1178875,1263875,85000,94127970000000,0,0,0
1,5668,94127970000000,94127970096125,94127971278875,1182750,1278875,96125,94127980000000,0,0,0
1,5669,94127980000000,94127980084500,94127981250375,1165875,1250375,84500,94127990000000,0,0,0
1,5670,94127990000000,94127990105250,94127991294125,1188875,1294125,105250,94128000000000,0,0,0
1,5671,94128000000000,94128000091375,94128001291500,1200125,1291500,91375,94128010000000,0,0,0
1,5672,94128010000000,94128010091625,94128011268375,1176750,1268375,91625,94128020000000,0,0,0
1,5673,94128020000000,94128020086125,94128021269750,1183625,1269750,86125,94128030000000,0,0,0
1,5674,94128030000000,94128030093875,94128031259500,1165625,1259500,93875,94128040000000,0,0,0
1,5675,94128040000000,94128040086000,94128041276750,1190750,1276750,86000,94128050000000,0,0,0
1,5676,94128050000000,94128050096250,94128051269250,1173000,1269250,96250,94128060000000,0,0,0
1,5677,94128060000000,94128060084250,94128061265250,1181000,1265250,84250,94128070000000,0,0,0
1,5678,94128070000000,94128070094875,94128071060875,966000,1060875,94875,94128080000000,0,0,0
1,5679,94128080000000,94128080088750,94128081262875,1174125,1262875,88750,94128090000000,0,0,0
1,5680,94128090000000,94128090106125,94128091282500,1176375,1282500,106125,94128100000000,0,0,0
1,5681,94128100000000,94128100084375,94128101054750,970375,1054750,84375,94128110000000,0,0,0
1,5682,94128110000000,94128110091500,94128111271250,1179750,1271250,91500,94128120000000,0,0,0
1,5683,94128120000000,94128120086125,94128121060375,974250,1060375,86125,94128130000000,0,0,0
1,5684,94128130000000,94128130094375,94128131276875,1182500,1276875,94375,94128140000000,0,0,0
1,5685,94128140000000,94128140087500,94128141276875,1189375,1276875,87500,94128150000000,0,0,0
1,5686,94128150000000,94128150093500,94128151263250,1169750,1263250,93500,94128160000000,0,0,0
1,5687,94128160000000,94128160096250,94128161275125,1178875,1275125,96250,94128170000000,0,0,0
1,5688,94128170000000,94128170093875,94128171276375,1182500,1276375,93875,94128180000000,0,0,0
1,5689,94128180000000,94128180086750,94128181266125,1179375,1266125,86750,94128190000000,0,0,0
1,5690,94128190000000,94128190095250,94128191279750,1184500,1279750,95250,94128200000000,0,0,0
1,5691,94128200000000,94128200085625,94128201271000,1185375,1271000,85625,94128210000000,0,0,0
1,5692,94128210000000,94128210091875,94128211262000,1170125,1262000,91875,94128220000000,0,0,0
1,5693,94128220000000,94128220080500,94128221267875,1187375,1267875,80500,94128230000000,0,0,0
1,5694,94128230000000,94128230108000,94128231293500,1185500,1293500,108000,94128240000000,0,0,0
1,5695,94128240000000,94128240090750,94128241285875,1195125,1285875,90750,94128250000000,0,0,0
1,5696,94128250000000,94128250092875,94128251269125,1176250,1269125,92875,94128260000000,0,0,0
1,5697,94128260000000,94128260088625,94128261272375,1183750,1272375,88625,94128270000000,0,0,0
1,5698,94128270000000,94128270089750,94128271070125,980375,1070125,89750,94128280000000,0,0,0
1,5699,94128280000000,94128280099625,94128281284500,1184875,1284500,99625,94128290000000,0,0,0
1,5700,94128290000000,94128290098500,94128291287125,1188625,1287125,98500,94128300000000,0,0,0
1,5701,94128300000000,94128300098250,94128301294250,1196000,1294250,98250,94128310000000,0,0,0
1,5702,94128310000000,94128310095500,94128311270625,1175125,1270625,95500,94128320000000,0,0,0
1,5703,94128320000000,94128320097875,94128321288500,1190625,1288500,97875,94128330000000,0,0,0
1,5704,94128330000000,94128330093625,94128331263000,1169375,1263000,93625,94128340000000,0,0,0
1,5705,94128340000000,94128340088250,94128341265000,1176750,1265000,88250,94128350000000,0,0,0
1,5706,94128350000000,94128350092125,94128351058875,966750,1058875,92125,94128360000000,0,0,0
1,5707,94128360000000,94128360090250,94128361268250,1178000,1268250,90250,94128370000000,0,0,0
1,5708,94128370000000,94128370090250,94128371266500,1176250,1266500,90250,94128380000000,0,0,0
1,5709,94128380000000,94128380090000,94128381256875,1166875,1256875,90000,94128390000000,0,0,0
1,5710,94128390000000,94128390101750,94128391295625,1193875,1295625,101750,94128400000000,0,0,0
1,5711,94128400000000,94128400088000,94128401072000,984000,1072000,88000,94128410000000,0,0,0
1,5712,94128410000000,94128410104625,94128411289250,1184625,1289250,104625,94128420000000,0,0,0
1,5713,94128420000000,94128420087125,94128421266375,1179250,1266375,87125,94128430000000,0,0,0
1,5714,94128430000000,94128430105250,94128431298250,1193000,1298250,105250,94128440000000,0,0,0
1,5715,94128440000000,94128440085625,94128441268750,1183125,1268750,85625,94128450000000,0,0,0
1,5716,94128450000000,94128450093250,94128451263000,1169750,1263000,93250,94128460000000,0,0,0
1,5717,94128460000000,94128460086875,94128461276125,1189250,1276125,86875,94128470000000,0,0,0
1,5718,94128470000000,94128470091375,94128471269500,1178125,1269500,91375,94128480000000,0,0,0
1,5719,94128480000000,94128480086375,94128481258750,1172375,1258750,86375,94128490000000,0,0,0
1,5720,94128490000000,94128490100625,94128491288125,1187500,1288125,100625,94128500000000,0,0,0
1,5721,94128500000000,94128500087875,94128501271125,1183250,1271125,87875,94128510000000,0,0,0
1,5722,94128510000000,94128510093375,94128511270125,1176750,1270125,93375,94128520000000,0,0,0
1,5723,94128520000000,94128520092875,94128521276125,1183250,1276125,92875,94128530000000,0,0,0
1,5724,94128530000000,94128530094250,94128531276375,1182125,1276375,94250,94128540000000,0,0,0
1,5725,94128540000000,94128540098125,94128541070750,972625,1070750,98125,94128550000000,0,0,0
1,5726,94128550000000,94128550094375,94128551272250,1177875,1272250,94375,94128560000000,0,0,0
1,5727,94128560000000,94128560101375,94128561288750,1187375,1288750,101375,94128570000000,0,0,0
1,5728,94128570000000,94128570093500,94128571270875,1177375,1270875,93500,94128580000000,0,0,0
1,5729,94128580000000,94128580085000,94128581064625,979625,1064625,85000,94128590000000,0,0,0
1,5730,94128590000000,94128590093250,94128591269000,1175750,1269000,93250,94128600000000,0,0,0
1,5731,94128600000000,94128600089000,94128601270000,1181000,1270000,89000,94128610000000,0,0,0
1,5732,94128610000000,94128610092250,94128611260625,1168375,1260625,92250,94128620000000,0,0,0
1,5733,94128620000000,94128620085000,94128621270750,1185750,1270750,85000,94128630000000,0,0,0
1,5734,94128630000000,94128630104500,94128631293125,1188625,1293125,104500,94128640000000,0,0,0
1,5735,94128640000000,94128640085750,94128641072500,986750,1072500,85750,94128650000000,0,0,0
1,5736,94128650000000,94128650104250,94128651276625,1172375,1276625,104250,94128660000000,0,0,0
1,5737,94128660000000,94128660087375,94128661269750,1182375,1269750,87375,94128670000000,0,0,0
1,5738,94128670000000,94128670104250,94128671289625,1185375,1289625,104250,94128680000000,0,0,0
1,5739,94128680000000,94128680085125,94128681268625,1183500,1268625,85125,94128690000000,0,0,0
1,5740,94128690000000,94128690093500,94128691282250,1188750,1282250,93500,94128700000000,0,0,0
1,5741,94128700000000,94128700084750,94128701264875,1180125,1264875,84750,94128710000000,0,0,0
1,5742,94128710000000,94128710104625,94128711307125,1202500,1307125,104625,94128720000000,0,0,0
1,5743,94128720000000,94128720088000,94128721282250,1194250,1282250,88000,94128730000000,0,0,0
1,5744,94128730000000,94128730097875,94128731290625,1192750,1290625,97875,94128740000000,0,0,0
1,5745,94128740000000,94128740096125,94128741088875,992750,1088875,96125,94128750000000,0,0,0
1,5746,94128750000000,94128750094250,94128751274875,1180625,1274875,94250,94128760000000,0,0,0
1,5747,94128760000000,94128760097375,94128761279875,1182500,1279875,97375,94128770000000,0,0,0
1,5748,94128770000000,94128770094250,94128771075625,981375,1075625,94250,94128780000000,0,0,0
1,5749,94128780000000,94128780098750,94128781281875,1183125,1281875,98750,94128790000000,0,0,0
1,5750,94128790000000,94128790093875,94128791279875,1186000,1279875,93875,94128800000000,0,0,0
1,5751,94128800000000,94128800089875,94128801259000,1169125,1259000,89875,94128810000000,0,0,0
1,5752,94128810000000,94128810095500,94128811289250,1193750,1289250,95500,94128820000000,0,0,0
1,5753,94128820000000,94128820088875,94128821274500,1185625,1274500,88875,94128830000000,0,0,0
1,5754,94128830000000,94128830091000,94128831278375,1187375,1278375,91000,94128840000000,0,0,0
1,5755,94128840000000,94128840091375,94128841294250,1202875,1294250,91375,94128850000000,0,0,0
1,5756,94128850000000,94128850092125,94128851274625,1182500,1274625,92125,94128860000000,0,0,0
1,5757,94128860000000,94128860088125,94128861275750,1187625,1275750,88125,94128870000000,0,0,0
1,5758,94128870000000,94128870100125,94128871290125,1190000,1290125,100125,94128880000000,0,0,0
1,5759,94128880000000,94128880089000,94128881074625,985625,1074625,89000,94128890000000,0,0,0
1,5760,94128890000000,94128890103000,94128891071375,968375,1071375,103000,94128900000000,0,0,0
1,5761,94128900000000,94128900090875,94128901294625,1203750,1294625,90875,94128910000000,0,0,0
1,5762,94128910000000,94128910088500,94128911259250,1170750,1259250,88500,94128920000000,0,0,0
1,5763,94128920000000,94128920088750,94128921279625,1190875,1279625,88750,94128930000000,0,0,0
1,5764,94128930000000,94128930092375,94128931285625,1193250,1285625,92375,94128940000000,0,0,0
1,5765,94128940000000,94128940089500,94128941176625,1087125,1176625,89500,94128950000000,0,0,0
1,5766,94128950000000,94128950090125,94128951274125,1184000,1274125,90125,94128960000000,0,0,0
1,5767,94128960000000,94128960088375,94128961262500,1174125,1262500,88375,94128970000000,0,0,0
1,5768,94128970000000,94128970090500,94128971253875,1163375,1253875,90500,94128980000000,0,0,0
1,5769,94128980000000,94128980097625,94128981285000,1187375,1285000,97625,94128990000000,0,0,0
1,5770,94128990000000,94128990096250,94128991070500,974250,1070500,96250,94129000000000,0,0,0
1,5771,94129000000000,94129000098875,94129001287250,1188375,1287250,98875,94129010000000,0,0,0
1,5772,94129010000000,94129010094125,94129011280750,1186625,1280750,94125,94129020000000,0,0,0
1,5773,94129020000000,94129020085500,94129021271625,1186125,1271625,85500,94129030000000,0,0,0
1,5774,94129030000000,94129030093750,94129031268750,1175000,1268750,93750,94129040000000,0,0,0
1,5775,94129040000000,94129040082500,94129041265625,1183125,1265625,82500,94129050000000,0,0,0
1,5776,94129050000000,94129050100375,94129051278500,1178125,1278500,100375,94129060000000,0,0,0
1,5777,94129060000000,94129060075375,94129061241125,1165750,1241125,75375,94129070000000,0,0,0
1,5778,94129070000000,94129070104875,94129071293375,1188500,1293375,104875,94129080000000,0,0,0
1,5779,94129080000000,94129080085750,94129081262000,1176250,1262000,85750,94129090000000,0,0,0
1,5780,94129090000000,94129090091625,94129091267750,1176125,1267750,91625,94129100000000,0,0,0
1,5781,94129100000000,94129100085125,94129101276500,1191375,1276500,85125,94129110000000,0,0,0
1,5782,94129110000000,94129110093625,94129111267000,1173375,1267000,93625,94129120000000,0,0,0
1,5783,94129120000000,94129120092000,94129121076625,984625,1076625,92000,94129130000000,0,0,0
1,5784,94129130000000,94129130093875,94129131280375,1186500,1280375,93875,94129140000000,0,0,0
1,5785,94129140000000,94129140109125,94129141318500,1209375,1318500,109125,94129150000000,0,0,0
1,5786,94129150000000,94129150095250,94129151267250,1172000,1267250,95250,94129160000000,0,0,0
1,5787,94129160000000,94129160085875,94129161262500,1176625,1262500,85875,94129170000000,0,0,0
1,5788,94129170000000,94129170095500,94129171269250,1173750,1269250,95500,94129180000000,0,0,0
1,5789,94129180000000,94129180077750,94129181279875,1202125,1279875,77750,94129190000000,0,0,0
1,5790,94129190000000,94129190088000,94129191279875,1191875,1279875,88000,94129200000000,0,0,0
1,5791,94129200000000,94129200088500,94129201277500,1189000,1277500,88500,94129210000000,0,0,0
1,5792,94129210000000,94129210102375,94129211272875,1170500,1272875,102375,94129220000000,0,0,0
1,5793,94129220000000,94129220089000,94129221265625,1176625,1265625,89000,94129230000000,0,0,0
1,5794,94129230000000,94129230091125,94129231251875,1160750,1251875,91125,94129240000000,0,0,0
1,5795,94129240000000,94129240090375,94129241269250,1178875,1269250,90375,94129250000000,0,0,0
1,5796,94129250000000,94129250090500,94129251276250,1185750,1276250,90500,94129260000000,0,0,0
1,5797,94129260000000,94129260090250,94129261267875,1177625,1267875,90250,94129270000000,0,0,0
1,5798,94129270000000,94129270093875,94129271271375,1177500,1271375,93875,94129280000000,0,0,0
1,5799,94129280000000,94129280099500,94129281279875,1180375,1279875,99500,94129290000000,0,0,0
1,5800,94129290000000,94129290094000,94129291266750,1172750,1266750,94000,94129300000000,0,0,0
1,5801,94129300000000,94129300084625,94129301072250,987625,1072250,84625,94129310000000,0,0,0
1,5802,94129310000000,94129310091500,94129311267375,1175875,1267375,91500,94129320000000,0,0,0
1,5803,94129320000000,94129320088125,94129321286125,1198000,1286125,88125,94129330000000,0,0,0
1,5804,94129330000000,94129330090000,94129331268375,1178375,1268375,90000,94129340000000,0,0,0
1,5805,94129340000000,94129340086875,94129341276250,1189375,1276250,86875,94129350000000,0,0,0
1,5806,94129350000000,94129350097375,94129351265125,1167750,1265125,97375,94129360000000,0,0,0
1,5807,94129360000000,94129360088125,94129361275750,1187625,1275750,88125,94129370000000,0,0,0
1,5808,94129370000000,94129370103000,94129371285000,1182000,1285000,103000,94129380000000,0,0,0
1,5809,94129380000000,94129380085250,94129381268000,1182750,1268000,85250,94129390000000,0,0,0
1,5810,94129390000000,94129390101750,94129391298000,1196250,1298000,101750,94129400000000,0,0,0
1,5811,94129400000000,94129400083500,94129401262500,1179000,1262500,83500,94129410000000,0,0,0
1,5812,94129410000000,94129410093875,94129411261750,1167875,1261750,93875,94129420000000,0,0,0
1,5813,94129420000000,94129420086500,94129421277875,1191375,1277875,86500,94129430000000,0,0,0
1,5814,94129430000000,94129430093625,94129431264250,1170625,1264250,93625,94129440000000,0,0,0
1,5815,94129440000000,94129440094625,94129441277250,1182625,1277250,94625,94129450000000,0,0,0
1,5816,94129450000000,94129450090750,94129451264000,1173250,1264000,90750,94129460000000,0,0,0
1,5817,94129460000000,94129460096875,94129461279500,1182625,1279500,96875,94129470000000,0,0,0
1,5818,94129470000000,94129470095500,94129471275250,1179750,1275250,95500,94129480000000,0,0,0
1,5819,94129480000000,94129480087250,94129481263750,1176500,1263750,87250,94129490000000,0,0,0
1,5820,94129490000000,94129490090250,94129491271125,1180875,1271125,90250,94129500000000,0,0,0
1,5821,94129500000000,94129500086125,94129501271000,1184875,1271000,86125,94129510000000,0,0,0
1,5822,94129510000000,94129510090000,94129511276875,1186875,1276875,90000,94129520000000,0,0,0
1,5823,94129520000000,94129520089250,94129521279125,1189875,1279125,89250,94129530000000,0,0,0
1,5824,94129530000000,94129530092125,94129531278750,1186625,1278750,92125,94129540000000,0,0,0
1,5825,94129540000000,94129540087625,94129541281750,1194125,1281750,87625,94129550000000,0,0,0
1,5826,94129550000000,94129550091625,94129551283625,1192000,1283625,91625,94129560000000,0,0,0
1,5827,94129560000000,94129560088125,94129561067000,978875,1067000,88125,94129570000000,0,0,0
1,5828,94129570000000,94129570103500,94129571298125,1194625,1298125,103500,94129580000000,0,0,0
1,5829,94129580000000,94129580089500,94129581275875,1186375,1275875,89500,94129590000000,0,0,0
1,5830,94129590000000,94129590105375,94129591285875,1180500,1285875,105375,94129600000000,0,0,0
1,5831,94129600000000,94129600090375,94129601274750,1184375,1274750,90375,94129610000000,0,0,0
1,5832,94129610000000,94129610100625,94129611071250,970625,1071250,100625,94129620000000,0,0,0
1,5833,94129620000000,94129620089375,94129621273000,1183625,1273000,89375,94129630000000,0,0,0
1,5834,94129630000000,94129631632250,94129633006000,1373750,3006000,1632250,94129640000000,0,0,0
1,5835,94129640000000,94129640058125,94129641240250,1182125,1240250,58125,94129650000000,0,0,0
1,5836,94129650000000,94129650093750,94129651283375,1189625,1283375,93750,94129660000000,0,0,0
1,5837,94129660000000,94129660087125,94129661263000,1175875,1263000,87125,94129670000000,0,0,0
1,5838,94129670000000,94129670093750,94129671269375,1175625,1269375,93750,94129680000000,0,0,0
1,5839,94129680000000,94129680088500,94129681268375,1179875,1268375,88500,94129690000000,0,0,0
1,5840,94129690000000,94129690093750,94129691280500,1186750,1280500,93750,94129700000000,0,0,0
1,5841,94129700000000,94129700096750,94129701290250,1193500,1290250,96750,94129710000000,0,0,0
1,5842,94129710000000,94129710093625,94129711271000,1177375,1271000,93625,94129720000000,0,0,0
1,5843,94129720000000,94129720100250,94129721273875,1173625,1273875,100250,94129730000000,0,0,0
1,5844,94129730000000,94129730099500,94129731274750,1175250,1274750,99500,94129740000000,0,0,0
1,5845,94129740000000,94129740106625,94129741284000,1177375,1284000,106625,94129750000000,0,0,0
1,5846,94129750000000,94129750093500,94129751279375,1185875,1279375,93500,94129760000000,0,0,0
1,5847,94129760000000,94129760084625,94129761273500,1188875,1273500,84625,94129770000000,0,0,0
1,5848,94129770000000,94129770093625,94129771283000,1189375,1283000,93625,94129780000000,0,0,0
1,5849,94129780000000,94129780085500,94129781275875,1190375,1275875,85500,94129790000000,0,0,0
1,5850,94129790000000,94129790094500,94129791271125,1176625,1271125,94500,94129800000000,0,0,0
1,5851,94129800000000,94129800085000,94129801276125,1191125,1276125,85000,94129810000000,0,0,0
1,5852,94129810000000,94129810104750,94129811270125,1165375,1270125,104750,94129820000000,0,0,0
1,5853,94129820000000,94129820080750,94129821310375,1229625,1310375,80750,94129830000000,0,0,0
1,5854,94129830000000,94129830112000,94129831291625,1179625,1291625,112000,94129840000000,0,0,0
1,5855,94129840000000,94129840092500,94129841272125,1179625,1272125,92500,94129850000000,0,0,0
1,5856,94129850000000,94129850091750,94129851277250,1185500,1277250,91750,94129860000000,0,0,0
1,5857,94129860000000,94129860087625,94129861073750,986125,1073750,87625,94129870000000,0,0,0
1,5858,94129870000000,94129870092875,94129871267000,1174125,1267000,92875,94129880000000,0,0,0
1,5859,94129880000000,94129880087500,94129881265500,1178000,1265500,87500,94129890000000,0,0,0
1,5860,94129890000000,94129890093875,94129891286375,1192500,1286375,93875,94129900000000,0,0,0
1,5861,94129900000000,94129900099000,94129901279125,1180125,1279125,99000,94129910000000,0,0,0
1,5862,94129910000000,94129910095375,94129911276625,1181250,1276625,95375,94129920000000,0,0,0
1,5863,94129920000000,94129920099125,94129921282750,1183625,1282750,99125,94129930000000,0,0,0
1,5864,94129930000000,94129930094125,94129931262125,1168000,1262125,94125,94129940000000,0,0,0
1,5865,94129940000000,94129940101250,94129941288625,1187375,1288625,101250,94129950000000,0,0,0
1,5866,94129950000000,94129950094625,94129951276875,1182250,1276875,94625,94129960000000,0,0,0
1,5867,94129960000000,94129960085250,94129961272125,1186875,1272125,85250,94129970000000,0,0,0
1,5868,94129970000000,94129970094625,94129971281625,1187000,1281625,94625,94129980000000,0,0,0
1,5869,94129980000000,94129980087000,94129981066500,979500,1066500,87000,94129990000000,0,0,0
1,5870,94129990000000,94129990102625,94129991296250,1193625,1296250,102625,94130000000000,0,0,0
1,5871,94130000000000,94130000096250,94130001292000,1195750,1292000,96250,94130010000000,0,0,0
1,5872,94130010000000,94130010110750,94130011303375,1192625,1303375,110750,94130020000000,0,0,0
1,5873,94130020000000,94130020089750,94130021278625,1188875,1278625,89750,94130030000000,0,0,0
1,5874,94130030000000,94130030106875,94130031289625,1182750,1289625,106875,94130040000000,0,0,0
1,5875,94130040000000,94130040086750,94130041062375,975625,1062375,86750,94130050000000,0,0,0
1,5876,94130050000000,94130050090250,94130051279875,1189625,1279875,90250,94130060000000,0,0,0
1,5877,94130060000000,94130060088125,94130061267375,1179250,1267375,88125,94130070000000,0,0,0
1,5878,94130070000000,94130070089000,94130071277000,1188000,1277000,89000,94130080000000,0,0,0
1,5879,94130080000000,94130080122250,94130081309000,1186750,1309000,122250,94130090000000,0,0,0
1,5880,94130090000000,94130090098375,94130091277375,1179000,1277375,98375,94130100000000,0,0,0
1,5881,94130100000000,94130100097625,94130101284750,1187125,1284750,97625,94130110000000,0,0,0
1,5882,94130110000000,94130110092250,94130111271250,1179000,1271250,92250,94130120000000,0,0,0
1,5883,94130120000000,94130120098750,94130121078375,979625,1078375,98750,94130130000000,0,0,0
1,5884,94130130000000,94130130098750,94130131278500,1179750,1278500,98750,94130140000000,0,0,0
1,5885,94130140000000,94130140098750,94130141079125,980375,1079125,98750,94130150000000,0,0,0
1,5886,94130150000000,94130150093625,94130151274125,1180500,1274125,93625,94130160000000,0,0,0
1,5887,94130160000000,94130160087125,94130161253875,1166750,1253875,87125,94130170000000,0,0,0
1,5888,94130170000000,94130170095000,94130171281375,1186375,1281375,95000,94130180000000,0,0,0
1,5889,94130180000000,94130180086125,94130181268000,1181875,1268000,86125,94130190000000,0,0,0
1,5890,94130190000000,94130190095500,94130191278125,1182625,1278125,95500,94130200000000,0,0,0
1,5891,94130200000000,94130200084500,94130201269500,1185000,1269500,84500,94130210000000,0,0,0
1,5892,94130210000000,94130210094000,94130211269625,1175625,1269625,94000,94130220000000,0,0,0
1,5893,94130220000000,94130220085250,94130221050000,964750,1050000,85250,94130230000000,0,0,0
1,5894,94130230000000,94130230104000,94130231285125,1181125,1285125,104000,94130240000000,0,0,0
1,5895,94130240000000,94130240086250,94130241271375,1185125,1271375,86250,94130250000000,0,0,0
1,5896,94130250000000,94130250103875,94130251294375,1190500,1294375,103875,94130260000000,0,0,0
1,5897,94130260000000,94130260088750,94130261277125,1188375,1277125,88750,94130270000000,0,0,0
1,5898,94130270000000,94130270094375,94130271293875,1199500,1293875,94375,94130280000000,0,0,0
1,5899,94130280000000,94130280075375,94130281398250,1322875,1398250,75375,94130290000000,0,0,0
1,5900,94130290000000,94130290063250,94130291527750,1464500,1527750,63250,94130300000000,0,0,0
1,5901,94130300000000,94130300063500,94130301510250,1446750,1510250,63500,94130310000000,0,0,0
1,5902,94130310000000,94130310062500,94130311521500,1459000,1521500,62500,94130320000000,0,0,0
1,5903,94130320000000,94130320071625,94130321542250,1470625,1542250,71625,94130330000000,0,0,0
1,5904,94130330000000,94130330074000,94130331469625,1395625,1469625,74000,94130340000000,0,0,0
1,5905,94130340000000,94130340089000,94130341544750,1455750,1544750,89000,94130350000000,0,0,0
1,5906,94130350000000,94130350080750,94130351518125,1437375,1518125,80750,94130360000000,0,0,0
1,5907,94130360000000,94130360091875,94130361522625,1430750,1522625,91875,94130370000000,0,0,0
1,5908,94130370000000,94130370079000,94130371343875,1264875,1343875,79000,94130380000000,0,0,0
1,5909,94130380000000,94130380093750,94130381568125,1474375,1568125,93750,94130390000000,0,0,0
1,5910,94130390000000,94130390082625,94130391531750,1449125,1531750,82625,94130400000000,0,0,0
1,5911,94130400000000,94130400079500,94130401545375,1465875,1545375,79500,94130410000000,0,0,0
1,5912,94130410000000,94130410067000,94130411450875,1383875,1450875,67000,94130420000000,0,0,0
1,5913,94130420000000,94130420082625,94130421522375,1439750,1522375,82625,94130430000000,0,0,0
1,5914,94130430000000,94130430081875,94130431494000,1412125,1494000,81875,94130440000000,0,0,0
1,5915,94130440000000,94130440086750,94130441495250,1408500,1495250,86750,94130450000000,0,0,0
1,5916,94130450000000,94130450106000,94130451567125,1461125,1567125,106000,94130460000000,0,0,0
1,5917,94130460000000,94130460086000,94130461536750,1450750,1536750,86000,94130470000000,0,0,0
1,5918,94130470000000,94130470082750,94130471491500,1408750,1491500,82750,94130480000000,0,0,0
1,5919,94130480000000,94130480083000,94130481453000,1370000,1453000,83000,94130490000000,0,0,0
1,5920,94130490000000,94130490066875,94130491482125,1415250,1482125,66875,94130500000000,0,0,0
1,5921,94130500000000,94130500085750,94130501533500,1447750,1533500,85750,94130510000000,0,0,0
1,5922,94130510000000,94130510081875,94130511548250,1466375,1548250,81875,94130520000000,0,0,0
1,5923,94130520000000,94130520096250,94130521547625,1451375,1547625,96250,94130530000000,0,0,0
1,5924,94130530000000,94130530078875,94130531500125,1421250,1500125,78875,94130540000000,0,0,0
1,5925,94130540000000,94130540074500,94130541467500,1393000,1467500,74500,94130550000000,0,0,0
1,5926,94130550000000,94130550078250,94130551535250,1457000,1535250,78250,94130560000000,0,0,0
1,5927,94130560000000,94130560077625,94130561439750,1362125,1439750,77625,94130570000000,0,0,0
1,5928,94130570000000,94130570094500,94130571446000,1351500,1446000,94500,94130580000000,0,0,0
1,5929,94130580000000,94130580080625,94130581429500,1348875,1429500,80625,94130590000000,0,0,0
1,5930,94130590000000,94130590100125,94130591519000,1418875,1519000,100125,94130600000000,0,0,0
1,5931,94130600000000,94130600082875,94130601510750,1427875,1510750,82875,94130610000000,0,0,0
1,5932,94130610000000,94130610096375,94130611528000,1431625,1528000,96375,94130620000000,0,0,0
1,5933,94130620000000,94130620087250,94130621516250,1429000,1516250,87250,94130630000000,0,0,0
1,5934,94130630000000,94130630082250,94130631424250,1342000,1424250,82250,94130640000000,0,0,0
1,5935,94130640000000,94130640080000,94130641463875,1383875,1463875,80000,94130650000000,0,0,0
1,5936,94130650000000,94130650083000,94130651448625,1365625,1448625,83000,94130660000000,0,0,0
1,5937,94130660000000,94130660081750,94130661452250,1370500,1452250,81750,94130670000000,0,0,0
1,5938,94130670000000,94130670080750,94130671513375,1432625,1513375,80750,94130680000000,0,0,0
1,5939,94130680000000,94130680081250,94130681492750,1411500,1492750,81250,94130690000000,0,0,0
1,5940,94130690000000,94130690080875,94130691380875,1300000,1380875,80875,94130700000000,0,0,0
1,5941,94130700000000,94130700074375,94130701526750,1452375,1526750,74375,94130710000000,0,0,0
1,5942,94130710000000,94130710074625,94130711537250,1462625,1537250,74625,94130720000000,0,0,0
1,5943,94130720000000,94130720093250,94130721573375,1480125,1573375,93250,94130730000000,0,0,0
1,5944,94130730000000,94130730076875,94130731571375,1494500,1571375,76875,94130740000000,0,0,0
1,5945,94130740000000,94130740093750,94130741576750,1483000,1576750,93750,94130750000000,0,0,0
1,5946,94130750000000,94130750083125,94130751508875,1425750,1508875,83125,94130760000000,0,0,0
1,5947,94130760000000,94130760081500,94130761399750,1318250,1399750,81500,94130770000000,0,0,0
1,5948,94130770000000,94130770082750,94130771537250,1454500,1537250,82750,94130780000000,0,0,0
1,5949,94130780000000,94130780081125,94130781539250,1458125,1539250,81125,94130790000000,0,0,0
1,5950,94130790000000,94130790084500,94130791543000,1458500,1543000,84500,94130800000000,0,0,0
1,5951,94130800000000,94130800078875,94130801549125,1470250,1549125,78875,94130810000000,0,0,0
1,5952,94130810000000,94130810082875,94130811517375,1434500,1517375,82875,94130820000000,0,0,0
1,5953,94130820000000,94130820073000,94130821517875,1444875,1517875,73000,94130830000000,0,0,0
1,5954,94130830000000,94130830090375,94130831530250,1439875,1530250,90375,94130840000000,0,0,0
1,5955,94130840000000,94130840079000,94130841462000,1383000,1462000,79000,94130850000000,0,0,0
1,5956,94130850000000,94130850093625,94130851461125,1367500,1461125,93625,94130860000000,0,0,0
1,5957,94130860000000,94130860082625,94130861491625,1409000,1491625,82625,94130870000000,0,0,0
1,5958,94130870000000,94130870109625,94130871506125,1396500,1506125,109625,94130880000000,0,0,0
1,5959,94130880000000,94130880089125,94130881485750,1396625,1485750,89125,94130890000000,0,0,0
1,5960,94130890000000,94130890081500,94130891431500,1350000,1431500,81500,94130900000000,0,0,0
1,5961,94130900000000,94130900068875,94130901431250,1362375,1431250,68875,94130910000000,0,0,0
1,5962,94130910000000,94130910064750,94130911523500,1458750,1523500,64750,94130920000000,0,0,0
1,5963,94130920000000,94130920078750,94130921514375,1435625,1514375,78750,94130930000000,0,0,0
1,5964,94130930000000,94130930081750,94130931522875,1441125,1522875,81750,94130940000000,0,0,0
1,5965,94130940000000,94130940096250,94130941510500,1414250,1510500,96250,94130950000000,0,0,0
1,5966,94130950000000,94130950083250,94130951529875,1446625,1529875,83250,94130960000000,0,0,0
1,5967,94130960000000,94130960098125,94130961507000,1408875,1507000,98125,94130970000000,0,0,0
1,5968,94130970000000,94130970084500,94130971510500,1426000,1510500,84500,94130980000000,0,0,0
1,5969,94130980000000,94130980097875,94130981446250,1348375,1446250,97875,94130990000000,0,0,0
1,5970,94130990000000,94130990082500,94130991390125,1307625,1390125,82500,94131000000000,0,0,0
1,5971,94131000000000,94131000081500,94131001552000,1470500,1552000,81500,94131010000000,0,0,0
1,5972,94131010000000,94131010081625,94131011440750,1359125,1440750,81625,94131020000000,0,0,0
1,5973,94131020000000,94131020080375,94131021561500,1481125,1561500,80375,94131030000000,0,0,0
1,5974,94131030000000,94131030083750,94131031524875,1441125,1524875,83750,94131040000000,0,0,0
1,5975,94131040000000,94131040080125,94131041540250,1460125,1540250,80125,94131050000000,0,0,0
1,5976,94131050000000,94131050096000,94131051569625,1473625,1569625,96000,94131060000000,0,0,0
1,5977,94131060000000,94131060084750,94131061571875,1487125,1571875,84750,94131070000000,0,0,0
1,5978,94131070000000,94131070078750,94131071509625,1430875,1509625,78750,94131080000000,0,0,0
1,5979,94131080000000,94131080081625,94131081442500,1360875,1442500,81625,94131090000000,0,0,0
1,5980,94131090000000,94131090079250,94131091567625,1488375,1567625,79250,94131100000000,0,0,0
1,5981,94131100000000,94131100073375,94131101534250,1460875,1534250,73375,94131110000000,0,0,0
1,5982,94131110000000,94131110076125,94131111542375,1466250,1542375,76125,94131120000000,0,0,0
1,5983,94131120000000,94131120092250,94131121572625,1480375,1572625,92250,94131130000000,0,0,0
1,5984,94131130000000,94131130081500,94131131546875,1465375,1546875,81500,94131140000000,0,0,0
1,5985,94131140000000,94131140092375,94131141541500,1449125,1541500,92375,94131150000000,0,0,0
1,5986,94131150000000,94131150082625,94131151566250,1483625,1566250,82625,94131160000000,0,0,0
1,5987,94131160000000,94131160094375,94131161521625,1427250,1521625,94375,94131170000000,0,0,0
1,5988,94131170000000,94131170071500,94131171498250,1426750,1498250,71500,94131180000000,0,0,0
1,5989,94131180000000,94131180074750,94131181515250,1440500,1515250,74750,94131190000000,0,0,0
1,5990,94131190000000,94131190081250,94131191508500,1427250,1508500,81250,94131200000000,0,0,0
1,5991,94131200000000,94131200078750,94131201432000,1353250,1432000,78750,94131210000000,0,0,0
1,5992,94131210000000,94131210095125,94131211458125,1363000,1458125,95125,94131220000000,0,0,0
1,5993,94131220000000,94131220083750,94131221476750,1393000,1476750,83750,94131230000000,0,0,0
1,5994,94131230000000,94131230065875,94131231440875,1375000,1440875,65875,94131240000000,0,0,0
1,5995,94131240000000,94131240077000,94131241497000,1420000,1497000,77000,94131250000000,0,0,0
1,5996,94131250000000,94131250077000,94131251503750,1426750,1503750,77000,94131260000000,0,0,0
1,5997,94131260000000,94131260082125,94131261435250,1353125,1435250,82125,94131270000000,0,0,0
1,5998,94131270000000,94131270082000,94131271498250,1416250,1498250,82000,94131280000000,0,0,0
1,5999,94131280000000,94131280094875,94131281437250,1342375,1437250,94875,94131290000000,0,0,0
