run_id,job_id,planned_release_ns,actual_start_ns,finish_ns,execution_time_ns,response_time_ns,release_jitter_ns,deadline_ns,deadline_miss,overrun,skipped_release
1,0,94493710000000,94493710061000,94493715676750,5615750,5676750,61000,94493720000000,0,0,0
1,1,94493720000000,94493720024250,94493725554375,5530125,5554375,24250,94493730000000,0,0,0
1,2,94493730000000,94493730064625,94493735798125,5733500,5798125,64625,94493740000000,0,0,0
1,3,94493740000000,94493740123875,94493745705250,5581375,5705250,123875,94493750000000,0,0,0
1,4,94493750000000,94493750126000,94493755755000,5629000,5755000,126000,94493760000000,0,0,0
1,5,94493760000000,94493760112625,94493765684125,5571500,5684125,112625,94493770000000,0,0,0
1,6,94493770000000,94493770124875,94493775773750,5648875,5773750,124875,94493780000000,0,0,0
1,7,94493780000000,94493780114125,94493785759000,5644875,5759000,114125,94493790000000,0,0,0
1,8,94493790000000,94493790071250,94493795803500,5732250,5803500,71250,94493800000000,0,0,0
1,9,94493800000000,94493800110500,94493805840125,5729625,5840125,110500,94493810000000,0,0,0
1,10,94493810000000,94493810102750,94493815939750,5837000,5939750,102750,94493820000000,0,0,0
1,11,94493820000000,94493820054125,94493825633625,5579500,5633625,54125,94493830000000,0,0,0
1,12,94493830000000,94493830109000,94493835618500,5509500,5618500,109000,94493840000000,0,0,0
1,13,94493840000000,94493840127250,94493845751250,5624000,5751250,127250,94493850000000,0,0,0
1,14,94493850000000,94493850107125,94493855686375,5579250,5686375,107125,94493860000000,0,0,0
1,15,94493860000000,94493860126500,94493865842250,5715750,5842250,126500,94493870000000,0,0,0
1,16,94493870000000,94493870105625,94493875689000,5583375,5689000,105625,94493880000000,0,0,0
1,17,94493880000000,94493880129500,94493885788125,5658625,5788125,129500,94493890000000,0,0,0
1,18,94493890000000,94493890109750,94493895754875,5645125,5754875,109750,94493900000000,0,0,0
1,19,94493900000000,94493900128875,94493905641250,5512375,5641250,128875,94493910000000,0,0,0
1,20,94493910000000,94493910108750,94493915772875,5664125,5772875,108750,94493920000000,0,0,0
1,21,94493920000000,94493920111500,94493925832000,5720500,5832000,111500,94493930000000,0,0,0
1,22,94493930000000,94493930105750,94493935799000,5693250,5799000,105750,94493940000000,0,0,0
1,23,94493940000000,94493940111750,94493945776625,5664875,5776625,111750,94493950000000,0,0,0
1,24,94493950000000,94493950105625,94493955765000,5659375,5765000,105625,94493960000000,0,0,0
1,25,94493960000000,94493960110625,94493965787625,5677000,5787625,110625,94493970000000,0,0,0
1,26,94493970000000,94493970102000,94493975642375,5540375,5642375,102000,94493980000000,0,0,0
1,27,94493980000000,94493980108875,94493985865625,5756750,5865625,108875,94493990000000,0,0,0
1,28,94493990000000,94493990106625,94493995739875,5633250,5739875,106625,94494000000000,0,0,0
1,29,94494000000000,94494000110625,94494005684375,5573750,5684375,110625,94494010000000,0,0,0
1,30,94494010000000,94494010123500,94494015739250,5615750,5739250,123500,94494020000000,0,0,0
1,31,94494020000000,94494020072875,94494025726250,5653375,5726250,72875,94494030000000,0,0,0
1,32,94494030000000,94494030120500,94494035757250,5636750,5757250,120500,94494040000000,0,0,0
1,33,94494040000000,94494040108750,94494045678500,5569750,5678500,108750,94494050000000,0,0,0
1,34,94494050000000,94494050122625,94494055717000,5594375,5717000,122625,94494060000000,0,0,0
1,35,94494060000000,94494060113625,94494065743125,5629500,5743125,113625,94494070000000,0,0,0
1,36,94494070000000,94494070107875,94494075718125,5610250,5718125,107875,94494080000000,0,0,0
1,37,94494080000000,94494080115875,94494085791125,5675250,5791125,115875,94494090000000,0,0,0
1,38,94494090000000,94494090109875,94494095826875,5717000,5826875,109875,94494100000000,0,0,0
1,39,94494100000000,94494100110250,94494105741625,5631375,5741625,110250,94494110000000,0,0,0
1,40,94494110000000,94494110107750,94494115844250,5736500,5844250,107750,94494120000000,0,0,0
1,41,94494120000000,94494120105375,94494125692375,5587000,5692375,105375,94494130000000,0,0,0
1,42,94494130000000,94494130107625,94494135685000,5577375,5685000,107625,94494140000000,0,0,0
1,43,94494140000000,94494140105750,94494145611625,5505875,5611625,105750,94494150000000,0,0,0
1,44,94494150000000,94494150104375,94494155682875,5578500,5682875,104375,94494160000000,0,0,0
1,45,94494160000000,94494160128125,94494165685375,5557250,5685375,128125,94494170000000,0,0,0
1,46,94494170000000,94494170104625,94494175660500,5555875,5660500,104625,94494180000000,0,0,0
1,47,94494180000000,94494180108000,94494185691375,5583375,5691375,108000,94494190000000,0,0,0
1,48,94494190000000,94494190103500,94494195766000,5662500,5766000,103500,94494200000000,0,0,0
1,49,94494200000000,94494200111125,94494205979250,5868125,5979250,111125,94494210000000,0,0,0
1,50,94494210000000,94494210112500,94494215832125,5719625,5832125,112500,94494220000000,0,0,0
1,51,94494220000000,94494220092000,94494225802625,5710625,5802625,92000,94494230000000,0,0,0
1,52,94494230000000,94494230101750,94494235772500,5670750,5772500,101750,94494240000000,0,0,0
1,53,94494240000000,94494240110000,94494245657000,5547000,5657000,110000,94494250000000,0,0,0
1,54,94494250000000,94494250125375,94494255833250,5707875,5833250,125375,94494260000000,0,0,0
1,55,94494260000000,94494260114875,94494265587125,5472250,5587125,114875,94494270000000,0,0,0
1,56,94494270000000,94494270107125,94494275821375,5714250,5821375,107125,94494280000000,0,0,0
1,57,94494280000000,94494280110625,94494285653125,5542500,5653125,110625,94494290000000,0,0,0
1,58,94494290000000,94494290103125,94494295826875,5723750,5826875,103125,94494300000000,0,0,0
1,59,94494300000000,94494300108750,94494305658125,5549375,5658125,108750,94494310000000,0,0,0
1,60,94494310000000,94494310103875,94494315701250,5597375,5701250,103875,94494320000000,0,0,0
1,61,94494320000000,94494320124500,94494325604000,5479500,5604000,124500,94494330000000,0,0,0
1,62,94494330000000,94494330104250,94494335799125,5694875,5799125,104250,94494340000000,0,0,0
1,63,94494340000000,94494340110875,94494345756375,5645500,5756375,110875,94494350000000,0,0,0
1,64,94494350000000,94494350107125,94494355702250,5595125,5702250,107125,94494360000000,0,0,0
1,65,94494360000000,94494360110875,94494365712375,5601500,5712375,110875,94494370000000,0,0,0
1,66,94494370000000,94494370102875,94494375801500,5698625,5801500,102875,94494380000000,0,0,0
1,67,94494380000000,94494380113125,94494385968625,5855500,5968625,113125,94494390000000,0,0,0
1,68,94494390000000,94494390105375,94494395862875,5757500,5862875,105375,94494400000000,0,0,0
1,69,94494400000000,94494400106875,94494405809750,5702875,5809750,106875,94494410000000,0,0,0
1,70,94494410000000,94494410106875,94494415773125,5666250,5773125,106875,94494420000000,0,0,0
1,71,94494420000000,94494420109000,94494425678625,5569625,5678625,109000,94494430000000,0,0,0
1,72,94494430000000,94494430095625,94494435745000,5649375,5745000,95625,94494440000000,0,0,0
1,73,94494440000000,94494440106375,94494445722500,5616125,5722500,106375,94494450000000,0,0,0
1,74,94494450000000,94494450102625,94494455800750,5698125,5800750,102625,94494460000000,0,0,0
1,75,94494460000000,94494460110625,94494465714875,5604250,5714875,110625,94494470000000,0,0,0
1,76,94494470000000,94494470124750,94494475745875,5621125,5745875,124750,94494480000000,0,0,0
1,77,94494480000000,94494480113375,94494485961875,5848500,5961875,113375,94494490000000,0,0,0
1,78,94494490000000,94494490109125,94494495948875,5839750,5948875,109125,94494500000000,0,0,0
1,79,94494500000000,94494500087375,94494505763875,5676500,5763875,87375,94494510000000,0,0,0
1,80,94494510000000,94494510104875,94494515789250,5684375,5789250,104875,94494520000000,0,0,0
1,81,94494520000000,94494520104250,94494525729500,5625250,5729500,104250,94494530000000,0,0,0
1,82,94494530000000,94494530102875,94494535783375,5680500,5783375,102875,94494540000000,0,0,0
1,83,94494540000000,94494540129000,94494545649250,5520250,5649250,129000,94494550000000,0,0,0
1,84,94494550000000,94494550106625,94494555769125,5662500,5769125,106625,94494560000000,0,0,0
1,85,94494560000000,94494560108000,94494565643500,5535500,5643500,108000,94494570000000,0,0,0
1,86,94494570000000,94494570111250,94494575820500,5709250,5820500,111250,94494580000000,0,0,0
1,87,94494580000000,94494580112000,94494585677250,5565250,5677250,112000,94494590000000,0,0,0
1,88,94494590000000,94494590104875,94494595723125,5618250,5723125,104875,94494600000000,0,0,0
1,89,94494600000000,94494600110125,94494605536875,5426750,5536875,110125,94494610000000,0,0,0
1,90,94494610000000,94494610100875,94494615711125,5610250,5711125,100875,94494620000000,0,0,0
1,91,94494620000000,94494620141875,94494625804875,5663000,5804875,141875,94494630000000,0,0,0
1,92,94494630000000,94494630072625,94494635905250,5832625,5905250,72625,94494640000000,0,0,0
1,93,94494640000000,94494640116500,94494645603875,5487375,5603875,116500,94494650000000,0,0,0
1,94,94494650000000,94494650125625,94494655800375,5674750,5800375,125625,94494660000000,0,0,0
1,95,94494660000000,94494660109000,94494665698750,5589750,5698750,109000,94494670000000,0,0,0
1,96,94494670000000,94494670123375,94494675824000,5700625,5824000,123375,94494680000000,0,0,0
1,97,94494680000000,94494680110500,94494685716375,5605875,5716375,110500,94494690000000,0,0,0
1,98,94494690000000,94494690110000,94494695758750,5648750,5758750,110000,94494700000000,0,0,0
1,99,94494700000000,94494700109750,94494705854625,5744875,5854625,109750,94494710000000,0,0,0
1,100,94494710000000,94494710108000,94494715863625,5755625,5863625,108000,94494720000000,0,0,0
1,101,94494720000000,94494720105625,94494725806750,5701125,5806750,105625,94494730000000,0,0,0
1,102,94494730000000,94494730105125,94494735717500,5612375,5717500,105125,94494740000000,0,0,0
1,103,94494740000000,94494740124000,94494745728375,5604375,5728375,124000,94494750000000,0,0,0
1,104,94494750000000,94494750068625,94494755775125,5706500,5775125,68625,94494760000000,0,0,0
1,105,94494760000000,94494760107125,94494765802250,5695125,5802250,107125,94494770000000,0,0,0
1,106,94494770000000,94494770108750,94494775787250,5678500,5787250,108750,94494780000000,0,0,0
1,107,94494780000000,94494780106375,94494785745375,5639000,5745375,106375,94494790000000,0,0,0
1,108,94494790000000,94494790104500,94494795801500,5697000,5801500,104500,94494800000000,0,0,0
1,109,94494800000000,94494800107750,94494805680750,5573000,5680750,107750,94494810000000,0,0,0
1,110,94494810000000,94494810123250,94494815918125,5794875,5918125,123250,94494820000000,0,0,0
1,111,94494820000000,94494820115375,94494825745875,5630500,5745875,115375,94494830000000,0,0,0
1,112,94494830000000,94494830104125,94494835792250,5688125,5792250,104125,94494840000000,0,0,0
1,113,94494840000000,94494840107125,94494845564125,5457000,5564125,107125,94494850000000,0,0,0
1,114,94494850000000,94494850107875,94494855714375,5606500,5714375,107875,94494860000000,0,0,0
1,115,94494860000000,94494860114375,94494865787750,5673375,5787750,114375,94494870000000,0,0,0
1,116,94494870000000,94494870100875,94494875657875,5557000,5657875,100875,94494880000000,0,0,0
1,117,94494880000000,94494880108500,94494885643750,5535250,5643750,108500,94494890000000,0,0,0
1,118,94494890000000,94494890110250,94494895717625,5607375,5717625,110250,94494900000000,0,0,0
1,119,94494900000000,94494900108750,94494905845375,5736625,5845375,108750,94494910000000,0,0,0
1,120,94494910000000,94494910105125,94494915802750,5697625,5802750,105125,94494920000000,0,0,0
1,121,94494920000000,94494920106875,94494926020375,5913500,6020375,106875,94494930000000,0,0,0
1,122,94494930000000,94494930109500,94494935936750,5827250,5936750,109500,94494940000000,0,0,0
1,123,94494940000000,94494940087875,94494945619125,5531250,5619125,87875,94494950000000,0,0,0
1,124,94494950000000,94494950103500,94494955902375,5798875,5902375,103500,94494960000000,0,0,0
1,125,94494960000000,94494960125250,94494965845625,5720375,5845625,125250,94494970000000,0,0,0
1,126,94494970000000,94494970104750,94494975793500,5688750,5793500,104750,94494980000000,0,0,0
1,127,94494980000000,94494980127375,94494985825000,5697625,5825000,127375,94494990000000,0,0,0
1,128,94494990000000,94494990107375,94494995731875,5624500,5731875,107375,94495000000000,0,0,0
1,129,94495000000000,94495000134500,94495005748500,5614000,5748500,134500,94495010000000,0,0,0
1,130,94495010000000,94495010105875,94495015787625,5681750,5787625,105875,94495020000000,0,0,0
1,131,94495020000000,94495020111125,94495025734750,5623625,5734750,111125,94495030000000,0,0,0
1,132,94495030000000,94495030110500,94495035686375,5575875,5686375,110500,94495040000000,0,0,0
1,133,94495040000000,94495040072125,94495045663375,5591250,5663375,72125,94495050000000,0,0,0
1,134,94495050000000,94495050106500,94495055770750,5664250,5770750,106500,94495060000000,0,0,0
1,135,94495060000000,94495060112750,94495065970625,5857875,5970625,112750,94495070000000,0,0,0
1,136,94495070000000,94495070101375,94495075740250,5638875,5740250,101375,94495080000000,0,0,0
1,137,94495080000000,94495080111375,94495085886750,5775375,5886750,111375,94495090000000,0,0,0
1,138,94495090000000,94495090125250,94495095731500,5606250,5731500,125250,94495100000000,0,0,0
1,139,94495100000000,94495100112000,94495105835000,5723000,5835000,112000,94495110000000,0,0,0
1,140,94495110000000,94495110102750,94495115862250,5759500,5862250,102750,94495120000000,0,0,0
1,141,94495120000000,94495120105875,94495125780500,5674625,5780500,105875,94495130000000,0,0,0
1,142,94495130000000,94495130108125,94495135863375,5755250,5863375,108125,94495140000000,0,0,0
1,143,94495140000000,94495140104750,94495145772000,5667250,5772000,104750,94495150000000,0,0,0
1,144,94495150000000,94495150105375,94495155732500,5627125,5732500,105375,94495160000000,0,0,0
1,145,94495160000000,94495160126750,94495165660375,5533625,5660375,126750,94495170000000,0,0,0
1,146,94495170000000,94495170107250,94495175762750,5655500,5762750,107250,94495180000000,0,0,0
1,147,94495180000000,94495180109375,94495185712750,5603375,5712750,109375,94495190000000,0,0,0
1,148,94495190000000,94495190109000,94495195809250,5700250,5809250,109000,94495200000000,0,0,0
1,149,94495200000000,94495200114125,94495205799250,5685125,5799250,114125,94495210000000,0,0,0
1,150,94495210000000,94495210104750,94495215702000,5597250,5702000,104750,94495220000000,0,0,0
1,151,94495220000000,94495220110375,94495225762500,5652125,5762500,110375,94495230000000,0,0,0
1,152,94495230000000,94495230119750,94495235813500,5693750,5813500,119750,94495240000000,0,0,0
1,153,94495240000000,94495240091625,94495245596250,5504625,5596250,91625,94495250000000,0,0,0
1,154,94495250000000,94495250123000,94495255685500,5562500,5685500,123000,94495260000000,0,0,0
1,155,94495260000000,94495260111250,94495265817000,5705750,5817000,111250,94495270000000,0,0,0
1,156,94495270000000,94495270124125,94495275770875,5646750,5770875,124125,94495280000000,0,0,0
1,157,94495280000000,94495280109250,94495285808250,5699000,5808250,109250,94495290000000,0,0,0
1,158,94495290000000,94495290125125,94495295832500,5707375,5832500,125125,94495300000000,0,0,0
1,159,94495300000000,94495300114000,94495305575125,5461125,5575125,114000,94495310000000,0,0,0
1,160,94495310000000,94495310103625,94495315736125,5632500,5736125,103625,94495320000000,0,0,0
1,161,94495320000000,94495320113625,94495325586375,5472750,5586375,113625,94495330000000,0,0,0
1,162,94495330000000,94495330104250,94495335787250,5683000,5787250,104250,94495340000000,0,0,0
1,163,94495340000000,94495340105500,94495345701750,5596250,5701750,105500,94495350000000,0,0,0
1,164,94495350000000,94495350109750,94495355760875,5651125,5760875,109750,94495360000000,0,0,0
1,165,94495360000000,94495360128625,94495365877625,5749000,5877625,128625,94495370000000,0,0,0
1,166,94495370000000,94495370107000,94495375762500,5655500,5762500,107000,94495380000000,0,0,0
1,167,94495380000000,94495380130375,94495385980625,5850250,5980625,130375,94495390000000,0,0,0
1,168,94495390000000,94495390110750,94495395868125,5757375,5868125,110750,94495400000000,0,0,0
1,169,94495400000000,94495400127500,94495406000625,5873125,6000625,127500,94495410000000,0,0,0
1,170,94495410000000,94495410108875,94495415760000,5651125,5760000,108875,94495420000000,0,0,0
1,171,94495420000000,94495420109750,94495425823000,5713250,5823000,109750,94495430000000,0,0,0
1,172,94495430000000,94495430109000,94495435783000,5674000,5783000,109000,94495440000000,0,0,0
1,173,94495440000000,94495440086625,94495445727500,5640875,5727500,86625,94495450000000,0,0,0
1,174,94495450000000,94495450099000,94495455863500,5764500,5863500,99000,94495460000000,0,0,0
1,175,94495460000000,94495460111000,94495465788000,5677000,5788000,111000,94495470000000,0,0,0
1,176,94495470000000,94495470105375,94495475787375,5682000,5787375,105375,94495480000000,0,0,0
1,177,94495480000000,94495480109500,94495485663875,5554375,5663875,109500,94495490000000,0,0,0
1,178,94495490000000,94495490104625,94495495690875,5586250,5690875,104625,94495500000000,0,0,0
1,179,94495500000000,94495500105625,94495505687125,5581500,5687125,105625,94495510000000,0,0,0
1,180,94495510000000,94495510106250,94495515743375,5637125,5743375,106250,94495520000000,0,0,0
1,181,94495520000000,94495520112625,94495525925500,5812875,5925500,112625,94495530000000,0,0,0
1,182,94495530000000,94495530102125,94495535814875,5712750,5814875,102125,94495540000000,0,0,0
1,183,94495540000000,94495540109625,94495545820375,5710750,5820375,109625,94495550000000,0,0,0
1,184,94495550000000,94495550125000,94495555800750,5675750,5800750,125000,94495560000000,0,0,0
1,185,94495560000000,94495560113875,94495565682375,5568500,5682375,113875,94495570000000,0,0,0
1,186,94495570000000,94495570122625,94495575838625,5716000,5838625,122625,94495580000000,0,0,0
1,187,94495580000000,94495580112875,94495585797250,5684375,5797250,112875,94495590000000,0,0,0
1,188,94495590000000,94495590103500,94495595792000,5688500,5792000,103500,94495600000000,0,0,0
1,189,94495600000000,94495600110875,94495606061125,5950250,6061125,110875,94495610000000,0,0,0
1,190,94495610000000,94495610103750,94495615900750,5797000,5900750,103750,94495620000000,0,0,0
1,191,94495620000000,94495620106250,94495625762500,5656250,5762500,106250,94495630000000,0,0,0
1,192,94495630000000,94495630105625,94495635803500,5697875,5803500,105625,94495640000000,0,0,0
1,193,94495640000000,94495640125000,94495645855625,5730625,5855625,125000,94495650000000,0,0,0
1,194,94495650000000,94495650070750,94495655739500,5668750,5739500,70750,94495660000000,0,0,0
1,195,94495660000000,94495660128875,94495665738000,5609125,5738000,128875,94495670000000,0,0,0
1,196,94495670000000,94495670103625,94495675671500,5567875,5671500,103625,94495680000000,0,0,0
1,197,94495680000000,94495680112875,94495685915750,5802875,5915750,112875,94495690000000,0,0,0
1,198,94495690000000,94495690103625,94495695705125,5601500,5705125,103625,94495700000000,0,0,0
1,199,94495700000000,94495700115375,94495705709250,5593875,5709250,115375,94495710000000,0,0,0
1,200,94495710000000,94495710102625,94495715789250,5686625,5789250,102625,94495720000000,0,0,0
1,201,94495720000000,94495720113000,94495725650375,5537375,5650375,113000,94495730000000,0,0,0
1,202,94495730000000,94495730100875,94495735780750,5679875,5780750,100875,94495740000000,0,0,0
1,203,94495740000000,94495740112750,94495745713750,5601000,5713750,112750,94495750000000,0,0,0
1,204,94495750000000,94495750101750,94495755737000,5635250,5737000,101750,94495760000000,0,0,0
1,205,94495760000000,94495760108500,94495765653625,5545125,5653625,108500,94495770000000,0,0,0
1,206,94495770000000,94495770123500,94495775982750,5859250,5982750,123500,94495780000000,0,0,0
1,207,94495780000000,94495780092500,94495785734375,5641875,5734375,92500,94495790000000,0,0,0
1,208,94495790000000,94495790106375,94495795736875,5630500,5736875,106375,94495800000000,0,0,0
1,209,94495800000000,94495800111500,94495805768750,5657250,5768750,111500,94495810000000,0,0,0
1,210,94495810000000,94495810105500,94495815722250,5616750,5722250,105500,94495820000000,0,0,0
1,211,94495820000000,94495820110375,94495825765125,5654750,5765125,110375,94495830000000,0,0,0
1,212,94495830000000,94495830110125,94495835673625,5563500,5673625,110125,94495840000000,0,0,0
1,213,94495840000000,94495840079125,94495845664625,5585500,5664625,79125,94495850000000,0,0,0
1,214,94495850000000,94495850107125,94495855813750,5706625,5813750,107125,94495860000000,0,0,0
1,215,94495860000000,94495860130625,94495865763125,5632500,5763125,130625,94495870000000,0,0,0
1,216,94495870000000,94495870112875,94495875661500,5548625,5661500,112875,94495880000000,0,0,0
1,217,94495880000000,94495880111875,94495885638875,5527000,5638875,111875,94495890000000,0,0,0
1,218,94495890000000,94495890109250,94495895701125,5591875,5701125,109250,94495900000000,0,0,0
1,219,94495900000000,94495900109625,94495905748000,5638375,5748000,109625,94495910000000,0,0,0
1,220,94495910000000,94495910097250,94495915643250,5546000,5643250,97250,94495920000000,0,0,0
1,221,94495920000000,94495920109625,94495925813125,5703500,5813125,109625,94495930000000,0,0,0
1,222,94495930000000,94495930100750,94495935663000,5562250,5663000,100750,94495940000000,0,0,0
1,223,94495940000000,94495940107125,94495945764500,5657375,5764500,107125,94495950000000,0,0,0
1,224,94495950000000,94495950119625,94495955830000,5710375,5830000,119625,94495960000000,0,0,0
1,225,94495960000000,94495960113000,94495965683250,5570250,5683250,113000,94495970000000,0,0,0
1,226,94495970000000,94495970120250,94495975817250,5697000,5817250,120250,94495980000000,0,0,0
1,227,94495980000000,94495980111250,94495985750125,5638875,5750125,111250,94495990000000,0,0,0
1,228,94495990000000,94495990103750,94495995771750,5668000,5771750,103750,94496000000000,0,0,0
1,229,94496000000000,94496000106375,94496005670125,5563750,5670125,106375,94496010000000,0,0,0
1,230,94496010000000,94496010082500,94496015612375,5529875,5612375,82500,94496020000000,0,0,0
1,231,94496020000000,94496020113250,94496025640375,5527125,5640375,113250,94496030000000,0,0,0
1,232,94496030000000,94496030105250,94496035770750,5665500,5770750,105250,94496040000000,0,0,0
1,233,94496040000000,94496040109000,94496045741375,5632375,5741375,109000,94496050000000,0,0,0
1,234,94496050000000,94496050107375,94496055674000,5566625,5674000,107375,94496060000000,0,0,0
1,235,94496060000000,94496060079750,94496065653250,5573500,5653250,79750,94496070000000,0,0,0
1,236,94496070000000,94496070102875,94496075702375,5599500,5702375,102875,94496080000000,0,0,0
1,237,94496080000000,94496080124625,94496085813125,5688500,5813125,124625,94496090000000,0,0,0
1,238,94496090000000,94496090104875,94496095681750,5576875,5681750,104875,94496100000000,0,0,0
1,239,94496100000000,94496100128500,94496105802875,5674375,5802875,128500,94496110000000,0,0,0
1,240,94496110000000,94496110108500,94496115630625,5522125,5630625,108500,94496120000000,0,0,0
1,241,94496120000000,94496120112500,94496125657250,5544750,5657250,112500,94496130000000,0,0,0
1,242,94496130000000,94496130106250,94496135723875,5617625,5723875,106250,94496140000000,0,0,0
1,243,94496140000000,94496140107125,94496145901750,5794625,5901750,107125,94496150000000,0,0,0
1,244,94496150000000,94496150104000,94496155836625,5732625,5836625,104000,94496160000000,0,0,0
1,245,94496160000000,94496160108375,94496165817250,5708875,5817250,108375,94496170000000,0,0,0
1,246,94496170000000,94496170121125,94496175725625,5604500,5725625,121125,94496180000000,0,0,0
1,247,94496180000000,94496180111750,94496185702750,5591000,5702750,111750,94496190000000,0,0,0
1,248,94496190000000,94496190083625,94496195749625,5666000,5749625,83625,94496200000000,0,0,0
1,249,94496200000000,94496200108250,94496205699750,5591500,5699750,108250,94496210000000,0,0,0
1,250,94496210000000,94496210107125,94496215811625,5704500,5811625,107125,94496220000000,0,0,0
1,251,94496220000000,94496220113250,94496225623125,5509875,5623125,113250,94496230000000,0,0,0
1,252,94496230000000,94496230103875,94496235749000,5645125,5749000,103875,94496240000000,0,0,0
1,253,94496240000000,94496240116375,94496245823125,5706750,5823125,116375,94496250000000,0,0,0
1,254,94496250000000,94496250108250,94496255819000,5710750,5819000,108250,94496260000000,0,0,0
1,255,94496260000000,94496260087500,94496265710625,5623125,5710625,87500,94496270000000,0,0,0
1,256,94496270000000,94496270105875,94496275819875,5714000,5819875,105875,94496280000000,0,0,0
1,257,94496280000000,94496280126750,94496285559250,5432500,5559250,126750,94496290000000,0,0,0
1,258,94496290000000,94496290107000,94496295786000,5679000,5786000,107000,94496300000000,0,0,0
1,259,94496300000000,94496300086625,94496305610750,5524125,5610750,86625,94496310000000,0,0,0
1,260,94496310000000,94496310109375,94496315684000,5574625,5684000,109375,94496320000000,0,0,0
1,261,94496320000000,94496320110500,94496325844125,5733625,5844125,110500,94496330000000,0,0,0
1,262,94496330000000,94496330109750,94496335838250,5728500,5838250,109750,94496340000000,0,0,0
1,263,94496340000000,94496340111375,94496345736875,5625500,5736875,111375,94496350000000,0,0,0
1,264,94496350000000,94496350105375,94496355756750,5651375,5756750,105375,94496360000000,0,0,0
1,265,94496360000000,94496360108125,94496365768500,5660375,5768500,108125,94496370000000,0,0,0
1,266,94496370000000,94496370102125,94496375752750,5650625,5752750,102125,94496380000000,0,0,0
1,267,94496380000000,94496380107125,94496385722750,5615625,5722750,107125,94496390000000,0,0,0
1,268,94496390000000,94496390122750,94496395813750,5691000,5813750,122750,94496400000000,0,0,0
1,269,94496400000000,94496400112250,94496405732500,5620250,5732500,112250,94496410000000,0,0,0
1,270,94496410000000,94496410106000,94496415864125,5758125,5864125,106000,94496420000000,0,0,0
1,271,94496420000000,94496420114375,94496425741500,5627125,5741500,114375,94496430000000,0,0,0
1,272,94496430000000,94496430108000,94496435778250,5670250,5778250,108000,94496440000000,0,0,0
1,273,94496440000000,94496440103125,94496445650250,5547125,5650250,103125,94496450000000,0,0,0
1,274,94496450000000,94496450108625,94496455744125,5635500,5744125,108625,94496460000000,0,0,0
1,275,94496460000000,94496460124625,94496465821000,5696375,5821000,124625,94496470000000,0,0,0
1,276,94496470000000,94496470099750,94496475704625,5604875,5704625,99750,94496480000000,0,0,0
1,277,94496480000000,94496480065125,94496485480000,5414875,5480000,65125,94496490000000,0,0,0
1,278,94496490000000,94496490070500,94496495729375,5658875,5729375,70500,94496500000000,0,0,0
1,279,94496500000000,94496500082250,94496505751750,5669500,5751750,82250,94496510000000,0,0,0
1,280,94496510000000,94496510109375,94496515741250,5631875,5741250,109375,94496520000000,0,0,0
1,281,94496520000000,94496520112375,94496525654375,5542000,5654375,112375,94496530000000,0,0,0
1,282,94496530000000,94496530100250,94496535771250,5671000,5771250,100250,94496540000000,0,0,0
1,283,94496540000000,94496540112250,94496545812125,5699875,5812125,112250,94496550000000,0,0,0
1,284,94496550000000,94496550101750,94496555886625,5784875,5886625,101750,94496560000000,0,0,0
1,285,94496560000000,94496560110625,94496565824000,5713375,5824000,110625,94496570000000,0,0,0
1,286,94496570000000,94496570102750,94496575777625,5674875,5777625,102750,94496580000000,0,0,0
1,287,94496580000000,94496580114250,94496585930125,5815875,5930125,114250,94496590000000,0,0,0
1,288,94496590000000,94496590102875,94496595819250,5716375,5819250,102875,94496600000000,0,0,0
1,289,94496600000000,94496600107875,94496605690625,5582750,5690625,107875,94496610000000,0,0,0
1,290,94496610000000,94496610124000,94496615806625,5682625,5806625,124000,94496620000000,0,0,0
1,291,94496620000000,94496620111500,94496625915375,5803875,5915375,111500,94496630000000,0,0,0
1,292,94496630000000,94496630125875,94496635957125,5831250,5957125,125875,94496640000000,0,0,0
1,293,94496640000000,94496640079000,94496645880875,5801875,5880875,79000,94496650000000,0,0,0
1,294,94496650000000,94496650069125,94496655759875,5690750,5759875,69125,94496660000000,0,0,0
1,295,94496660000000,94496660117750,94496665738375,5620625,5738375,117750,94496670000000,0,0,0
1,296,94496670000000,94496670072000,94496675830500,5758500,5830500,72000,94496680000000,0,0,0
1,297,94496680000000,94496680109125,94496685750750,5641625,5750750,109125,94496690000000,0,0,0
1,298,94496690000000,94496690104250,94496695798750,5694500,5798750,104250,94496700000000,0,0,0
1,299,94496700000000,94496700107875,94496705712375,5604500,5712375,107875,94496710000000,0,0,0
1,300,94496710000000,94496710106750,94496715805625,5698875,5805625,106750,94496720000000,0,0,0
1,301,94496720000000,94496720104500,94496725696000,5591500,5696000,104500,94496730000000,0,0,0
1,302,94496730000000,94496730110375,94496735829875,5719500,5829875,110375,94496740000000,0,0,0
1,303,94496740000000,94496740113375,94496745748000,5634625,5748000,113375,94496750000000,0,0,0
1,304,94496750000000,94496750106750,94496755640750,5534000,5640750,106750,94496760000000,0,0,0
1,305,94496760000000,94496760126750,94496765657500,5530750,5657500,126750,94496770000000,0,0,0
1,306,94496770000000,94496770107375,94496775694375,5587000,5694375,107375,94496780000000,0,0,0
1,307,94496780000000,94496780107375,94496785662000,5554625,5662000,107375,94496790000000,0,0,0
1,308,94496790000000,94496790109875,94496795687625,5577750,5687625,109875,94496800000000,0,0,0
1,309,94496800000000,94496800070125,94496805681750,5611625,5681750,70125,94496810000000,0,0,0
1,310,94496810000000,94496810108000,94496815739875,5631875,5739875,108000,94496820000000,0,0,0
1,311,94496820000000,94496820109875,94496825738500,5628625,5738500,109875,94496830000000,0,0,0
1,312,94496830000000,94496830069875,94496835709500,5639625,5709500,69875,94496840000000,0,0,0
1,313,94496840000000,94496840114625,94496845864125,5749500,5864125,114625,94496850000000,0,0,0
1,314,94496850000000,94496850105375,94496855765750,5660375,5765750,105375,94496860000000,0,0,0
1,315,94496860000000,94496860092000,94496865770625,5678625,5770625,92000,94496870000000,0,0,0
1,316,94496870000000,94496870122875,94496875783500,5660625,5783500,122875,94496880000000,0,0,0
1,317,94496880000000,94496880110875,94496885691875,5581000,5691875,110875,94496890000000,0,0,0
1,318,94496890000000,94496890116875,94496895812125,5695250,5812125,116875,94496900000000,0,0,0
1,319,94496900000000,94496900109375,94496905674875,5565500,5674875,109375,94496910000000,0,0,0
1,320,94496910000000,94496910127000,94496915760125,5633125,5760125,127000,94496920000000,0,0,0
1,321,94496920000000,94496920113750,94496925714500,5600750,5714500,113750,94496930000000,0,0,0
1,322,94496930000000,94496930103000,94496935863625,5760625,5863625,103000,94496940000000,0,0,0
1,323,94496940000000,94496940108000,94496945794750,5686750,5794750,108000,94496950000000,0,0,0
1,324,94496950000000,94496950106125,94496955681750,5575625,5681750,106125,94496960000000,0,0,0
1,325,94496960000000,94496960105875,94496965786375,5680500,5786375,105875,94496970000000,0,0,0
1,326,94496970000000,94496970106875,94496975772125,5665250,5772125,106875,94496980000000,0,0,0
1,327,94496980000000,94496980101750,94496985653750,5552000,5653750,101750,94496990000000,0,0,0
1,328,94496990000000,94496990069125,94496995763875,5694750,5763875,69125,94497000000000,0,0,0
1,329,94497000000000,94497000127750,94497005712500,5584750,5712500,127750,94497010000000,0,0,0
1,330,94497010000000,94497010111125,94497015783125,5672000,5783125,111125,94497020000000,0,0,0
1,331,94497020000000,94497020107125,94497026000625,5893500,6000625,107125,94497030000000,0,0,0
1,332,94497030000000,94497030107375,94497035944000,5836625,5944000,107375,94497040000000,0,0,0
1,333,94497040000000,94497040091375,94497045766250,5674875,5766250,91375,94497050000000,0,0,0
1,334,94497050000000,94497050107125,94497055774500,5667375,5774500,107125,94497060000000,0,0,0
1,335,94497060000000,94497060112875,94497065884750,5771875,5884750,112875,94497070000000,0,0,0
1,336,94497070000000,94497070106625,94497075754875,5648250,5754875,106625,94497080000000,0,0,0
1,337,94497080000000,94497080073125,94497085581375,5508250,5581375,73125,94497090000000,0,0,0
1,338,94497090000000,94497090104625,94497095730250,5625625,5730250,104625,94497100000000,0,0,0
1,339,94497100000000,94497100109625,94497105808750,5699125,5808750,109625,94497110000000,0,0,0
1,340,94497110000000,94497110100625,94497115627375,5526750,5627375,100625,94497120000000,0,0,0
1,341,94497120000000,94497120108250,94497125752500,5644250,5752500,108250,94497130000000,0,0,0
1,342,94497130000000,94497130125250,94497135811375,5686125,5811375,125250,94497140000000,0,0,0
1,343,94497140000000,94497140111750,94497145824375,5712625,5824375,111750,94497150000000,0,0,0
1,344,94497150000000,94497150123250,94497155849000,5725750,5849000,123250,94497160000000,0,0,0
1,345,94497160000000,94497160089500,94497165802000,5712500,5802000,89500,94497170000000,0,0,0
1,346,94497170000000,94497170128875,94497175824500,5695625,5824500,128875,94497180000000,0,0,0
1,347,94497180000000,94497180105750,94497185731375,5625625,5731375,105750,94497190000000,0,0,0
1,348,94497190000000,94497190123375,94497195804375,5681000,5804375,123375,94497200000000,0,0,0
1,349,94497200000000,94497200113500,94497205821375,5707875,5821375,113500,94497210000000,0,0,0
1,350,94497210000000,94497210108375,94497215809125,5700750,5809125,108375,94497220000000,0,0,0
1,351,94497220000000,94497220109750,94497225750125,5640375,5750125,109750,94497230000000,0,0,0
1,352,94497230000000,94497230107625,94497235875500,5767875,5875500,107625,94497240000000,0,0,0
1,353,94497240000000,94497240107000,94497245708875,5601875,5708875,107000,94497250000000,0,0,0
1,354,94497250000000,94497250105500,94497255743250,5637750,5743250,105500,94497260000000,0,0,0
1,355,94497260000000,94497260128875,94497265738750,5609875,5738750,128875,94497270000000,0,0,0
1,356,94497270000000,94497270104000,94497275719875,5615875,5719875,104000,94497280000000,0,0,0
1,357,94497280000000,94497280092375,94497285957875,5865500,5957875,92375,94497290000000,0,0,0
1,358,94497290000000,94497290104875,94497295825375,5720500,5825375,104875,94497300000000,0,0,0
1,359,94497300000000,94497300114125,94497305775375,5661250,5775375,114125,94497310000000,0,0,0
1,360,94497310000000,94497310101000,94497315799750,5698750,5799750,101000,94497320000000,0,0,0
1,361,94497320000000,94497320110375,94497325987875,5877500,5987875,110375,94497330000000,0,0,0
1,362,94497330000000,94497330103625,94497335715250,5611625,5715250,103625,94497340000000,0,0,0
1,363,94497340000000,94497340107750,94497345700375,5592625,5700375,107750,94497350000000,0,0,0
1,364,94497350000000,94497350122625,94497355668750,5546125,5668750,122625,94497360000000,0,0,0
1,365,94497360000000,94497360113875,94497365761125,5647250,5761125,113875,94497370000000,0,0,0
1,366,94497370000000,94497370102375,94497375721875,5619500,5721875,102375,94497380000000,0,0,0
1,367,94497380000000,94497380078250,94497385682375,5604125,5682375,78250,94497390000000,0,0,0
1,368,94497390000000,94497390105750,94497395738500,5632750,5738500,105750,94497400000000,0,0,0
1,369,94497400000000,94497400114125,94497405684375,5570250,5684375,114125,94497410000000,0,0,0
1,370,94497410000000,94497410109375,94497415763750,5654375,5763750,109375,94497420000000,0,0,0
1,371,94497420000000,94497420111500,94497425690125,5578625,5690125,111500,94497430000000,0,0,0
1,372,94497430000000,94497430108000,94497435795875,5687875,5795875,108000,94497440000000,0,0,0
1,373,94497440000000,94497440106125,94497445730250,5624125,5730250,106125,94497450000000,0,0,0
1,374,94497450000000,94497450104375,94497455646625,5542250,5646625,104375,94497460000000,0,0,0
1,375,94497460000000,94497460126625,94497465686625,5560000,5686625,126625,94497470000000,0,0,0
1,376,94497470000000,94497470111250,94497475789125,5677875,5789125,111250,94497480000000,0,0,0
1,377,94497480000000,94497480125625,94497485789500,5663875,5789500,125625,94497490000000,0,0,0
1,378,94497490000000,94497490104375,94497495803750,5699375,5803750,104375,94497500000000,0,0,0
1,379,94497500000000,94497500128625,94497505706125,5577500,5706125,128625,94497510000000,0,0,0
1,380,94497510000000,94497510106625,94497515811500,5704875,5811500,106625,94497520000000,0,0,0
1,381,94497520000000,94497520109125,94497525652875,5543750,5652875,109125,94497530000000,0,0,0
1,382,94497530000000,94497530109125,94497535752625,5643500,5752625,109125,94497540000000,0,0,0
1,383,94497540000000,94497540110000,94497545670625,5560625,5670625,110000,94497550000000,0,0,0
1,384,94497550000000,94497550106625,94497555647625,5541000,5647625,106625,94497560000000,0,0,0
1,385,94497560000000,94497560111625,94497565689000,5577375,5689000,111625,94497570000000,0,0,0
1,386,94497570000000,94497570105125,94497575704375,5599250,5704375,105125,94497580000000,0,0,0
1,387,94497580000000,94497580112250,94497585777625,5665375,5777625,112250,94497590000000,0,0,0
1,388,94497590000000,94497590106375,94497595777750,5671375,5777750,106375,94497600000000,0,0,0
1,389,94497600000000,94497600107625,94497605629750,5522125,5629750,107625,94497610000000,0,0,0
1,390,94497610000000,94497610122000,94497615810875,5688875,5810875,122000,94497620000000,0,0,0
1,391,94497620000000,94497620108250,94497625623250,5515000,5623250,108250,94497630000000,0,0,0
1,392,94497630000000,94497630102750,94497635704125,5601375,5704125,102750,94497640000000,0,0,0
1,393,94497640000000,94497640114000,94497646071375,5957375,6071375,114000,94497650000000,0,0,0
1,394,94497650000000,94497650109625,94497655758500,5648875,5758500,109625,94497660000000,0,0,0
1,395,94497660000000,94497660094375,94497665613500,5519125,5613500,94375,94497670000000,0,0,0
1,396,94497670000000,94497670104625,94497675794500,5689875,5794500,104625,94497680000000,0,0,0
1,397,94497680000000,94497680104875,94497685623750,5518875,5623750,104875,94497690000000,0,0,0
1,398,94497690000000,94497690073125,94497695746500,5673375,5746500,73125,94497700000000,0,0,0
1,399,94497700000000,94497700124625,94497705763750,5639125,5763750,124625,94497710000000,0,0,0
1,400,94497710000000,94497710109375,94497715798250,5688875,5798250,109375,94497720000000,0,0,0
1,401,94497720000000,94497720124000,94497725808375,5684375,5808375,124000,94497730000000,0,0,0
1,402,94497730000000,94497730105500,94497735770500,5665000,5770500,105500,94497740000000,0,0,0
1,403,94497740000000,94497740125250,94497745708875,5583625,5708875,125250,94497750000000,0,0,0
1,404,94497750000000,94497750106375,94497755684750,5578375,5684750,106375,94497760000000,0,0,0
1,405,94497760000000,94497760107375,94497765866125,5758750,5866125,107375,94497770000000,0,0,0
1,406,94497770000000,94497770104375,94497775754250,5649875,5754250,104375,94497780000000,0,0,0
1,407,94497780000000,94497780110375,94497785743250,5632875,5743250,110375,94497790000000,0,0,0
1,408,94497790000000,94497790110000,94497795794500,5684500,5794500,110000,94497800000000,0,0,0
1,409,94497800000000,94497800108375,94497805752125,5643750,5752125,108375,94497810000000,0,0,0
1,410,94497810000000,94497810103000,94497815825625,5722625,5825625,103000,94497820000000,0,0,0
1,411,94497820000000,94497820107250,94497825737000,5629750,5737000,107250,94497830000000,0,0,0
1,412,94497830000000,94497830125625,94497835769875,5644250,5769875,125625,94497840000000,0,0,0
1,413,94497840000000,94497840110125,94497845772000,5661875,5772000,110125,94497850000000,0,0,0
1,414,94497850000000,94497850123875,94497855740625,5616750,5740625,123875,94497860000000,0,0,0
1,415,94497860000000,94497860108500,94497865622625,5514125,5622625,108500,94497870000000,0,0,0
1,416,94497870000000,94497870102875,94497875695625,5592750,5695625,102875,94497880000000,0,0,0
1,417,94497880000000,94497880115875,94497885673375,5557500,5673375,115875,94497890000000,0,0,0
1,418,94497890000000,94497890095000,94497895768875,5673875,5768875,95000,94497900000000,0,0,0
1,419,94497900000000,94497900103375,94497905534250,5430875,5534250,103375,94497910000000,0,0,0
1,420,94497910000000,94497910105375,94497915697750,5592375,5697750,105375,94497920000000,0,0,0
1,421,94497920000000,94497920125000,94497925812750,5687750,5812750,125000,94497930000000,0,0,0
1,422,94497930000000,94497930105250,94497935790500,5685250,5790500,105250,94497940000000,0,0,0
1,423,94497940000000,94497940125500,94497945681625,5556125,5681625,125500,94497950000000,0,0,0
1,424,94497950000000,94497950111000,94497955614500,5503500,5614500,111000,94497960000000,0,0,0
1,425,94497960000000,94497960112500,94497965738000,5625500,5738000,112500,94497970000000,0,0,0
1,426,94497970000000,94497970107250,94497975738125,5630875,5738125,107250,94497980000000,0,0,0
1,427,94497980000000,94497980113500,94497985675750,5562250,5675750,113500,94497990000000,0,0,0
1,428,94497990000000,94497990103750,94497995644500,5540750,5644500,103750,94498000000000,0,0,0
1,429,94498000000000,94498000110250,94498005741250,5631000,5741250,110250,94498010000000,0,0,0
1,430,94498010000000,94498010105125,94498015783375,5678250,5783375,105125,94498020000000,0,0,0
1,431,94498020000000,94498020107875,94498025858875,5751000,5858875,107875,94498030000000,0,0,0
1,432,94498030000000,94498030102875,94498035795875,5693000,5795875,102875,94498040000000,0,0,0
1,433,94498040000000,94498040115750,94498045732375,5616625,5732375,115750,94498050000000,0,0,0
1,434,94498050000000,94498050126000,94498055787500,5661500,5787500,126000,94498060000000,0,0,0
1,435,94498060000000,94498060112750,94498065715750,5603000,5715750,112750,94498070000000,0,0,0
1,436,94498070000000,94498070106750,94498075703500,5596750,5703500,106750,94498080000000,0,0,0
1,437,94498080000000,94498080114125,94498085839500,5725375,5839500,114125,94498090000000,0,0,0
1,438,94498090000000,94498090108250,94498095830625,5722375,5830625,108250,94498100000000,0,0,0
1,439,94498100000000,94498100074250,94498105704125,5629875,5704125,74250,94498110000000,0,0,0
1,440,94498110000000,94498110101750,94498115708375,5606625,5708375,101750,94498120000000,0,0,0
1,441,94498120000000,94498120110250,94498125680875,5570625,5680875,110250,94498130000000,0,0,0
1,442,94498130000000,94498130105125,94498135677000,5571875,5677000,105125,94498140000000,0,0,0
1,443,94498140000000,94498140109250,94498145648250,5539000,5648250,109250,94498150000000,0,0,0
1,444,94498150000000,94498150104750,94498155826000,5721250,5826000,104750,94498160000000,0,0,0
1,445,94498160000000,94498160107375,94498165815125,5707750,5815125,107375,94498170000000,0,0,0
1,446,94498170000000,94498170106250,94498175721250,5615000,5721250,106250,94498180000000,0,0,0
1,447,94498180000000,94498180123625,94498185814500,5690875,5814500,123625,94498190000000,0,0,0
1,448,94498190000000,94498190109000,94498195761500,5652500,5761500,109000,94498200000000,0,0,0
1,449,94498200000000,94498200123500,94498205749375,5625875,5749375,123500,94498210000000,0,0,0
1,450,94498210000000,94498210099875,94498215705375,5605500,5705375,99875,94498220000000,0,0,0
1,451,94498220000000,94498220123250,94498225718125,5594875,5718125,123250,94498230000000,0,0,0
1,452,94498230000000,94498230103750,94498235755375,5651625,5755375,103750,94498240000000,0,0,0
1,453,94498240000000,94498240126875,94498245738875,5612000,5738875,126875,94498250000000,0,0,0
1,454,94498250000000,94498250104000,94498255683125,5579125,5683125,104000,94498260000000,0,0,0
1,455,94498260000000,94498260105625,94498265923625,5818000,5923625,105625,94498270000000,0,0,0
1,456,94498270000000,94498270109250,94498275663500,5554250,5663500,109250,94498280000000,0,0,0
1,457,94498280000000,94498280109875,94498285649500,5539625,5649500,109875,94498290000000,0,0,0
1,458,94498290000000,94498290102125,94498295693875,5591750,5693875,102125,94498300000000,0,0,0
1,459,94498300000000,94498300090625,94498305613375,5522750,5613375,90625,94498310000000,0,0,0
1,460,94498310000000,94498310119250,94498315801875,5682625,5801875,119250,94498320000000,0,0,0
1,461,94498320000000,94498320113375,94498325667375,5554000,5667375,113375,94498330000000,0,0,0
1,462,94498330000000,94498330106000,94498335795375,5689375,5795375,106000,94498340000000,0,0,0
1,463,94498340000000,94498340113250,94498345695875,5582625,5695875,113250,94498350000000,0,0,0
1,464,94498350000000,94498350105125,94498355731000,5625875,5731000,105125,94498360000000,0,0,0
1,465,94498360000000,94498360108875,94498365750375,5641500,5750375,108875,94498370000000,0,0,0
1,466,94498370000000,94498370106500,94498375684375,5577875,5684375,106500,94498380000000,0,0,0
1,467,94498380000000,94498380133125,94498385810250,5677125,5810250,133125,94498390000000,0,0,0
1,468,94498390000000,94498390107000,94498395817250,5710250,5817250,107000,94498400000000,0,0,0
1,469,94498400000000,94498400115125,94498405924500,5809375,5924500,115125,94498410000000,0,0,0
1,470,94498410000000,94498410110750,94498415716125,5605375,5716125,110750,94498420000000,0,0,0
1,471,94498420000000,94498420112375,94498425761500,5649125,5761500,112375,94498430000000,0,0,0
1,472,94498430000000,94498430100625,94498435789750,5689125,5789750,100625,94498440000000,0,0,0
1,473,94498440000000,94498440111250,94498445726625,5615375,5726625,111250,94498450000000,0,0,0
1,474,94498450000000,94498450124000,94498455824375,5700375,5824375,124000,94498460000000,0,0,0
1,475,94498460000000,94498460090625,94498465605375,5514750,5605375,90625,94498470000000,0,0,0
1,476,94498470000000,94498470126875,94498475812750,5685875,5812750,126875,94498480000000,0,0,0
1,477,94498480000000,94498480114500,94498485680125,5565625,5680125,114500,94498490000000,0,0,0
1,478,94498490000000,94498490123500,94498495733125,5609625,5733125,123500,94498500000000,0,0,0
1,479,94498500000000,94498500109125,94498505749875,5640750,5749875,109125,94498510000000,0,0,0
1,480,94498510000000,94498510094375,94498515749500,5655125,5749500,94375,94498520000000,0,0,0
1,481,94498520000000,94498520109125,94498525767250,5658125,5767250,109125,94498530000000,0,0,0
1,482,94498530000000,94498530098250,94498535701750,5603500,5701750,98250,94498540000000,0,0,0
1,483,94498540000000,94498540105500,94498546044875,5939375,6044875,105500,94498550000000,0,0,0
1,484,94498550000000,94498550112375,94498555835000,5722625,5835000,112375,94498560000000,0,0,0
1,485,94498560000000,94498560103125,94498565703000,5599875,5703000,103125,94498570000000,0,0,0
1,486,94498570000000,94498570103125,94498575885375,5782250,5885375,103125,94498580000000,0,0,0
1,487,94498580000000,94498580103500,94498585652000,5548500,5652000,103500,94498590000000,0,0,0
1,488,94498590000000,94498590107875,94498595717750,5609875,5717750,107875,94498600000000,0,0,0
1,489,94498600000000,94498600125500,94498605772750,5647250,5772750,125500,94498610000000,0,0,0
1,490,94498610000000,94498610108875,94498615723500,5614625,5723500,108875,94498620000000,0,0,0
1,491,94498620000000,94498620130000,94498625657375,5527375,5657375,130000,94498630000000,0,0,0
1,492,94498630000000,94498630104375,94498635789750,5685375,5789750,104375,94498640000000,0,0,0
1,493,94498640000000,94498640111875,94498645828125,5716250,5828125,111875,94498650000000,0,0,0
1,494,94498650000000,94498650106000,94498655847750,5741750,5847750,106000,94498660000000,0,0,0
1,495,94498660000000,94498660113625,94498665765375,5651750,5765375,113625,94498670000000,0,0,0
1,496,94498670000000,94498670099500,94498675628375,5528875,5628375,99500,94498680000000,0,0,0
1,497,94498680000000,94498680110625,94498685786500,5675875,5786500,110625,94498690000000,0,0,0
1,498,94498690000000,94498690103250,94498695748250,5645000,5748250,103250,94498700000000,0,0,0
1,499,94498700000000,94498700106125,94498705798125,5692000,5798125,106125,94498710000000,0,0,0
1,500,94498710000000,94498710069750,94498715676250,5606500,5676250,69750,94498720000000,0,0,0
1,501,94498720000000,94498720109750,94498725770750,5661000,5770750,109750,94498730000000,0,0,0
1,502,94498730000000,94498730121125,94498735758000,5636875,5758000,121125,94498740000000,0,0,0
1,503,94498740000000,94498740106125,94498745730375,5624250,5730375,106125,94498750000000,0,0,0
1,504,94498750000000,94498750116875,94498755783000,5666125,5783000,116875,94498760000000,0,0,0
1,505,94498760000000,94498760109125,94498765704625,5595500,5704625,109125,94498770000000,0,0,0
1,506,94498770000000,94498770121875,94498775727875,5606000,5727875,121875,94498780000000,0,0,0
1,507,94498780000000,94498780111750,94498785933500,5821750,5933500,111750,94498790000000,0,0,0
1,508,94498790000000,94498790123750,94498795777750,5654000,5777750,123750,94498800000000,0,0,0
1,509,94498800000000,94498800108000,94498805686125,5578125,5686125,108000,94498810000000,0,0,0
1,510,94498810000000,94498810105375,94498815856125,5750750,5856125,105375,94498820000000,0,0,0
1,511,94498820000000,94498820112625,94498825788500,5675875,5788500,112625,94498830000000,0,0,0
1,512,94498830000000,94498830106250,94498835778000,5671750,5778000,106250,94498840000000,0,0,0
1,513,94498840000000,94498840110000,94498845800125,5690125,5800125,110000,94498850000000,0,0,0
1,514,94498850000000,94498850082500,94498855677750,5595250,5677750,82500,94498860000000,0,0,0
1,515,94498860000000,94498860109750,94498865687250,5577500,5687250,109750,94498870000000,0,0,0
1,516,94498870000000,94498870105000,94498875707750,5602750,5707750,105000,94498880000000,0,0,0
1,517,94498880000000,94498880110125,94498885707500,5597375,5707500,110125,94498890000000,0,0,0
1,518,94498890000000,94498890143125,94498895675750,5532625,5675750,143125,94498900000000,0,0,0
1,519,94498900000000,94498900134500,94498905788250,5653750,5788250,134500,94498910000000,0,0,0
1,520,94498910000000,94498910068875,94498915861750,5792875,5861750,68875,94498920000000,0,0,0
1,521,94498920000000,94498920114625,94498925810625,5696000,5810625,114625,94498930000000,0,0,0
1,522,94498930000000,94498930106375,94498935700125,5593750,5700125,106375,94498940000000,0,0,0
1,523,94498940000000,94498940111000,94498945841125,5730125,5841125,111000,94498950000000,0,0,0
1,524,94498950000000,94498950096500,94498955678500,5582000,5678500,96500,94498960000000,0,0,0
1,525,94498960000000,94498960107625,94498965658750,5551125,5658750,107625,94498970000000,0,0,0
1,526,94498970000000,94498970121625,94498975836375,5714750,5836375,121625,94498980000000,0,0,0
1,527,94498980000000,94498980115125,94498985685250,5570125,5685250,115125,94498990000000,0,0,0
1,528,94498990000000,94498990120125,94498995796375,5676250,5796375,120125,94499000000000,0,0,0
1,529,94499000000000,94499000114375,94499005639625,5525250,5639625,114375,94499010000000,0,0,0
1,530,94499010000000,94499010123250,94499015731125,5607875,5731125,123250,94499020000000,0,0,0
1,531,94499020000000,94499020109750,94499025647500,5537750,5647500,109750,94499030000000,0,0,0
1,532,94499030000000,94499030118625,94499035774250,5655625,5774250,118625,94499040000000,0,0,0
1,533,94499040000000,94499040074125,94499045645125,5571000,5645125,74125,94499050000000,0,0,0
1,534,94499050000000,94499050124125,94499055759875,5635750,5759875,124125,94499060000000,0,0,0
1,535,94499060000000,94499060110500,94499065758625,5648125,5758625,110500,94499070000000,0,0,0
1,536,94499070000000,94499070106000,94499075630375,5524375,5630375,106000,94499080000000,0,0,0
1,537,94499080000000,94499080113000,94499085618250,5505250,5618250,113000,94499090000000,0,0,0
1,538,94499090000000,94499090106625,94499095781875,5675250,5781875,106625,94499100000000,0,0,0
1,539,94499100000000,94499100104125,94499105641000,5536875,5641000,104125,94499110000000,0,0,0
1,540,94499110000000,94499110110250,94499115778875,5668625,5778875,110250,94499120000000,0,0,0
1,541,94499120000000,94499120078500,94499125601250,5522750,5601250,78500,94499130000000,0,0,0
1,542,94499130000000,94499130105875,94499135738750,5632875,5738750,105875,94499140000000,0,0,0
1,543,94499140000000,94499140127875,94499145694875,5567000,5694875,127875,94499150000000,0,0,0
1,544,94499150000000,94499150109375,94499155743500,5634125,5743500,109375,94499160000000,0,0,0
1,545,94499160000000,94499160111875,94499165757000,5645125,5757000,111875,94499170000000,0,0,0
1,546,94499170000000,94499170107500,94499175793000,5685500,5793000,107500,94499180000000,0,0,0
1,547,94499180000000,94499180108125,94499185625125,5517000,5625125,108125,94499190000000,0,0,0
1,548,94499190000000,94499190108500,94499195681375,5572875,5681375,108500,94499200000000,0,0,0
1,549,94499200000000,94499200112000,94499205773500,5661500,5773500,112000,94499210000000,0,0,0
1,550,94499210000000,94499210109500,94499215755875,5646375,5755875,109500,94499220000000,0,0,0
1,551,94499220000000,94499220115000,94499225892625,5777625,5892625,115000,94499230000000,0,0,0
1,552,94499230000000,94499230113625,94499235862875,5749250,5862875,113625,94499240000000,0,0,0
1,553,94499240000000,94499240110250,94499245783625,5673375,5783625,110250,94499250000000,0,0,0
1,554,94499250000000,94499250100875,94499255728500,5627625,5728500,100875,94499260000000,0,0,0
1,555,94499260000000,94499260116625,94499265670750,5554125,5670750,116625,94499270000000,0,0,0
1,556,94499270000000,94499270124250,94499275784625,5660375,5784625,124250,94499280000000,0,0,0
1,557,94499280000000,94499280115375,94499285910000,5794625,5910000,115375,94499290000000,0,0,0
1,558,94499290000000,94499290124125,94499295921000,5796875,5921000,124125,94499300000000,0,0,0
1,559,94499300000000,94499300115875,94499305751000,5635125,5751000,115875,94499310000000,0,0,0
1,560,94499310000000,94499310108625,94499315863750,5755125,5863750,108625,94499320000000,0,0,0
1,561,94499320000000,94499320076625,94499325574000,5497375,5574000,76625,94499330000000,0,0,0
1,562,94499330000000,94499330103875,94499335652000,5548125,5652000,103875,94499340000000,0,0,0
1,563,94499340000000,94499340105625,94499345800500,5694875,5800500,105625,94499350000000,0,0,0
1,564,94499350000000,94499350107500,94499355726375,5618875,5726375,107500,94499360000000,0,0,0
1,565,94499360000000,94499360105125,94499365813750,5708625,5813750,105125,94499370000000,0,0,0
1,566,94499370000000,94499370108000,94499375792000,5684000,5792000,108000,94499380000000,0,0,0
1,567,94499380000000,94499380105250,94499385661250,5556000,5661250,105250,94499390000000,0,0,0
1,568,94499390000000,94499390103750,94499395675500,5571750,5675500,103750,94499400000000,0,0,0
1,569,94499400000000,94499400127500,94499405739125,5611625,5739125,127500,94499410000000,0,0,0
1,570,94499410000000,94499410106750,94499415722875,5616125,5722875,106750,94499420000000,0,0,0
1,571,94499420000000,94499420110125,94499425658750,5548625,5658750,110125,94499430000000,0,0,0
1,572,94499430000000,94499430107625,94499435771875,5664250,5771875,107625,94499440000000,0,0,0
1,573,94499440000000,94499440109875,94499445698375,5588500,5698375,109875,94499450000000,0,0,0
1,574,94499450000000,94499450098375,94499455679375,5581000,5679375,98375,94499460000000,0,0,0
1,575,94499460000000,94499460113250,94499465942125,5828875,5942125,113250,94499470000000,0,0,0
1,576,94499470000000,94499470104125,94499475828125,5724000,5828125,104125,94499480000000,0,0,0
1,577,94499480000000,94499480111500,94499485847500,5736000,5847500,111500,94499490000000,0,0,0
1,578,94499490000000,94499490129500,94499495833250,5703750,5833250,129500,94499500000000,0,0,0
1,579,94499500000000,94499500113750,94499505790875,5677125,5790875,113750,94499510000000,0,0,0
1,580,94499510000000,94499510125125,94499515887125,5762000,5887125,125125,94499520000000,0,0,0
1,581,94499520000000,94499520111625,94499525717750,5606125,5717750,111625,94499530000000,0,0,0
1,582,94499530000000,94499530096375,94499535849750,5753375,5849750,96375,94499540000000,0,0,0
1,583,94499540000000,94499540107375,94499545743250,5635875,5743250,107375,94499550000000,0,0,0
1,584,94499550000000,94499550107375,94499555828375,5721000,5828375,107375,94499560000000,0,0,0
1,585,94499560000000,94499560107375,94499565757250,5649875,5757250,107375,94499570000000,0,0,0
1,586,94499570000000,94499570108500,94499575713000,5604500,5713000,108500,94499580000000,0,0,0
1,587,94499580000000,94499580123750,94499585792750,5669000,5792750,123750,94499590000000,0,0,0
1,588,94499590000000,94499590107375,94499595813250,5705875,5813250,107375,94499600000000,0,0,0
1,589,94499600000000,94499600124875,94499605682875,5558000,5682875,124875,94499610000000,0,0,0
1,590,94499610000000,94499610107500,94499615734375,5626875,5734375,107500,94499620000000,0,0,0
1,591,94499620000000,94499620128125,94499625762625,5634500,5762625,128125,94499630000000,0,0,0
1,592,94499630000000,94499630105000,94499635772125,5667125,5772125,105000,94499640000000,0,0,0
1,593,94499640000000,94499640128875,94499645785250,5656375,5785250,128875,94499650000000,0,0,0
1,594,94499650000000,94499650102375,94499655810375,5708000,5810375,102375,94499660000000,0,0,0
1,595,94499660000000,94499660109125,94499665604250,5495125,5604250,109125,94499670000000,0,0,0
1,596,94499670000000,94499670106750,94499675809500,5702750,5809500,106750,94499680000000,0,0,0
1,597,94499680000000,94499680086375,94499685705125,5618750,5705125,86375,94499690000000,0,0,0
1,598,94499690000000,94499690102875,94499695774875,5672000,5774875,102875,94499700000000,0,0,0
1,599,94499700000000,94499700109500,94499705698625,5589125,5698625,109500,94499710000000,0,0,0
1,600,94499710000000,94499710119500,94499715799000,5679500,5799000,119500,94499720000000,0,0,0
1,601,94499720000000,94499720113375,94499725731250,5617875,5731250,113375,94499730000000,0,0,0
1,602,94499730000000,94499730069375,94499735771125,5701750,5771125,69375,94499740000000,0,0,0
1,603,94499740000000,94499740111375,94499745674250,5562875,5674250,111375,94499750000000,0,0,0
1,604,94499750000000,94499750114500,94499755663750,5549250,5663750,114500,94499760000000,0,0,0
1,605,94499760000000,94499760115750,94499765582250,5466500,5582250,115750,94499770000000,0,0,0
1,606,94499770000000,94499770102750,94499775816125,5713375,5816125,102750,94499780000000,0,0,0
1,607,94499780000000,94499780108125,94499785801625,5693500,5801625,108125,94499790000000,0,0,0
1,608,94499790000000,94499790103375,94499795613625,5510250,5613625,103375,94499800000000,0,0,0
1,609,94499800000000,94499800128875,94499806130125,6001250,6130125,128875,94499810000000,0,0,0
1,610,94499810000000,94499810107750,94499815876250,5768500,5876250,107750,94499820000000,0,0,0
1,611,94499820000000,94499820109875,94499825811875,5702000,5811875,109875,94499830000000,0,0,0
1,612,94499830000000,94499830106875,94499835675500,5568625,5675500,106875,94499840000000,0,0,0
1,613,94499840000000,94499840071750,94499845702625,5630875,5702625,71750,94499850000000,0,0,0
1,614,94499850000000,94499850107750,94499855672125,5564375,5672125,107750,94499860000000,0,0,0
1,615,94499860000000,94499860109500,94499865787250,5677750,5787250,109500,94499870000000,0,0,0
1,616,94499870000000,94499870066750,94499875780500,5713750,5780500,66750,94499880000000,0,0,0
1,617,94499880000000,94499880113375,94499885979500,5866125,5979500,113375,94499890000000,0,0,0
1,618,94499890000000,94499890108625,94499895779625,5671000,5779625,108625,94499900000000,0,0,0
1,619,94499900000000,94499900106375,94499905837500,5731125,5837500,106375,94499910000000,0,0,0
1,620,94499910000000,94499910105500,94499915696500,5591000,5696500,105500,94499920000000,0,0,0
1,621,94499920000000,94499920105750,94499925703375,5597625,5703375,105750,94499930000000,0,0,0
1,622,94499930000000,94499930121875,94499935911125,5789250,5911125,121875,94499940000000,0,0,0
1,623,94499940000000,94499940116750,94499945703125,5586375,5703125,116750,94499950000000,0,0,0
1,624,94499950000000,94499950123250,94499955742875,5619625,5742875,123250,94499960000000,0,0,0
1,625,94499960000000,94499960110875,94499965728875,5618000,5728875,110875,94499970000000,0,0,0
1,626,94499970000000,94499970108125,94499975761625,5653500,5761625,108125,94499980000000,0,0,0
1,627,94499980000000,94499980108625,94499985578375,5469750,5578375,108625,94499990000000,0,0,0
1,628,94499990000000,94499990107875,94499995768375,5660500,5768375,107875,94500000000000,0,0,0
1,629,94500000000000,94500000105750,94500005988000,5882250,5988000,105750,94500010000000,0,0,0
1,630,94500010000000,94500010082375,94500015747625,5665250,5747625,82375,94500020000000,0,0,0
1,631,94500020000000,94500020126375,94500025728875,5602500,5728875,126375,94500030000000,0,0,0
1,632,94500030000000,94500030105375,94500035782750,5677375,5782750,105375,94500040000000,0,0,0
1,633,94500040000000,94500040124375,94500045730125,5605750,5730125,124375,94500050000000,0,0,0
1,634,94500050000000,94500050111125,94500055780375,5669250,5780375,111125,94500060000000,0,0,0
1,635,94500060000000,94500060128750,94500065973750,5845000,5973750,128750,94500070000000,0,0,0
1,636,94500070000000,94500070112250,94500075940625,5828375,5940625,112250,94500080000000,0,0,0
1,637,94500080000000,94500080089000,94500085921875,5832875,5921875,89000,94500090000000,0,0,0
1,638,94500090000000,94500090111000,94500095726875,5615875,5726875,111000,94500100000000,0,0,0
1,639,94500100000000,94500100111000,94500105729125,5618125,5729125,111000,94500110000000,0,0,0
1,640,94500110000000,94500110105875,94500115863875,5758000,5863875,105875,94500120000000,0,0,0
1,641,94500120000000,94500120067625,94500125515375,5447750,5515375,67625,94500130000000,0,0,0
1,642,94500130000000,94500130068875,94500135730250,5661375,5730250,68875,94500140000000,0,0,0
1,643,94500140000000,94500140066750,94500145662250,5595500,5662250,66750,94500150000000,0,0,0
1,644,94500150000000,94500150082625,94500155753375,5670750,5753375,82625,94500160000000,0,0,0
1,645,94500160000000,94500160090750,94500165732000,5641250,5732000,90750,94500170000000,0,0,0
1,646,94500170000000,94500170103500,94500175744250,5640750,5744250,103500,94500180000000,0,0,0
1,647,94500180000000,94500180086750,94500185691375,5604625,5691375,86750,94500190000000,0,0,0
1,648,94500190000000,94500190119875,94500195762000,5642125,5762000,119875,94500200000000,0,0,0
1,649,94500200000000,94500200109750,94500205666125,5556375,5666125,109750,94500210000000,0,0,0
1,650,94500210000000,94500210105250,94500215798875,5693625,5798875,105250,94500220000000,0,0,0
1,651,94500220000000,94500220096875,94500225747875,5651000,5747875,96875,94500230000000,0,0,0
1,652,94500230000000,94500230107000,94500235777375,5670375,5777375,107000,94500240000000,0,0,0
1,653,94500240000000,94500240108625,94500245678375,5569750,5678375,108625,94500250000000,0,0,0
1,654,94500250000000,94500250105875,94500255755750,5649875,5755750,105875,94500260000000,0,0,0
1,655,94500260000000,94500260125875,94500265697125,5571250,5697125,125875,94500270000000,0,0,0
1,656,94500270000000,94500270110250,94500275767125,5656875,5767125,110250,94500280000000,0,0,0
1,657,94500280000000,94500280132500,94500285739125,5606625,5739125,132500,94500290000000,0,0,0
1,658,94500290000000,94500290108750,94500295772375,5663625,5772375,108750,94500300000000,0,0,0
1,659,94500300000000,94500300110125,94500306045500,5935375,6045500,110125,94500310000000,0,0,0
1,660,94500310000000,94500310107125,94500315831500,5724375,5831500,107125,94500320000000,0,0,0
1,661,94500320000000,94500320116125,94500325826375,5710250,5826375,116125,94500330000000,0,0,0
1,662,94500330000000,94500330102000,94500335771500,5669500,5771500,102000,94500340000000,0,0,0
1,663,94500340000000,94500340095125,94500345766750,5671625,5766750,95125,94500350000000,0,0,0
1,664,94500350000000,94500350121250,94500355814750,5693500,5814750,121250,94500360000000,0,0,0
1,665,94500360000000,94500360113750,94500365767000,5653250,5767000,113750,94500370000000,0,0,0
1,666,94500370000000,94500370125125,94500375697000,5571875,5697000,125125,94500380000000,0,0,0
1,667,94500380000000,94500380110250,94500385750375,5640125,5750375,110250,94500390000000,0,0,0
1,668,94500390000000,94500390125500,94500395783500,5658000,5783500,125500,94500400000000,0,0,0
1,669,94500400000000,94500400111375,94500405571500,5460125,5571500,111375,94500410000000,0,0,0
1,670,94500410000000,94500410108875,94500415780750,5671875,5780750,108875,94500420000000,0,0,0
1,671,94500420000000,94500420113375,94500425713750,5600375,5713750,113375,94500430000000,0,0,0
1,672,94500430000000,94500430108750,94500435759375,5650625,5759375,108750,94500440000000,0,0,0
1,673,94500440000000,94500440114750,94500445680000,5565250,5680000,114750,94500450000000,0,0,0
1,674,94500450000000,94500450108875,94500455794500,5685625,5794500,108875,94500460000000,0,0,0
1,675,94500460000000,94500460114375,94500465718000,5603625,5718000,114375,94500470000000,0,0,0
1,676,94500470000000,94500470110500,94500475846500,5736000,5846500,110500,94500480000000,0,0,0
1,677,94500480000000,94500480115250,94500485695000,5579750,5695000,115250,94500490000000,0,0,0
1,678,94500490000000,94500490107625,94500495664250,5556625,5664250,107625,94500500000000,0,0,0
1,679,94500500000000,94500500113750,94500505706375,5592625,5706375,113750,94500510000000,0,0,0
1,680,94500510000000,94500510108250,94500515618125,5509875,5618125,108250,94500520000000,0,0,0
1,681,94500520000000,94500520109750,94500525667000,5557250,5667000,109750,94500530000000,0,0,0
1,682,94500530000000,94500530102125,94500535785500,5683375,5785500,102125,94500540000000,0,0,0
1,683,94500540000000,94500540108875,94500545844875,5736000,5844875,108875,94500550000000,0,0,0
1,684,94500550000000,94500550102750,94500555840250,5737500,5840250,102750,94500560000000,0,0,0
1,685,94500560000000,94500560106500,94500565705500,5599000,5705500,106500,94500570000000,0,0,0
1,686,94500570000000,94500570107625,94500575728250,5620625,5728250,107625,94500580000000,0,0,0
1,687,94500580000000,94500580128625,94500585654750,5526125,5654750,128625,94500590000000,0,0,0
1,688,94500590000000,94500590108625,94500595773625,5665000,5773625,108625,94500600000000,0,0,0
1,689,94500600000000,94500600128750,94500605817625,5688875,5817625,128750,94500610000000,0,0,0
1,690,94500610000000,94500610111000,94500616261500,6150500,6261500,111000,94500620000000,0,0,0
1,691,94500620000000,94500620102875,94500625935875,5833000,5935875,102875,94500630000000,0,0,0
1,692,94500630000000,94500630110875,94500635759000,5648125,5759000,110875,94500640000000,0,0,0
1,693,94500640000000,94500640112125,94500645773500,5661375,5773500,112125,94500650000000,0,0,0
1,694,94500650000000,94500650107750,94500655790875,5683125,5790875,107750,94500660000000,0,0,0
1,695,94500660000000,94500660113375,94500665857000,5743625,5857000,113375,94500670000000,0,0,0
1,696,94500670000000,94500670070375,94500675742000,5671625,5742000,70375,94500680000000,0,0,0
1,697,94500680000000,94500680158625,94500685913875,5755250,5913875,158625,94500690000000,0,0,0
1,698,94500690000000,94500690104500,94500695672125,5567625,5672125,104500,94500700000000,0,0,0
1,699,94500700000000,94500700109750,94500705731375,5621625,5731375,109750,94500710000000,0,0,0
1,700,94500710000000,94500710128125,94500715725125,5597000,5725125,128125,94500720000000,0,0,0
1,701,94500720000000,94500720108250,94500725756500,5648250,5756500,108250,94500730000000,0,0,0
1,702,94500730000000,94500730124250,94500735803125,5678875,5803125,124250,94500740000000,0,0,0
1,703,94500740000000,94500740112125,94500745788875,5676750,5788875,112125,94500750000000,0,0,0
1,704,94500750000000,94500750071125,94500755792750,5721625,5792750,71125,94500760000000,0,0,0
1,705,94500760000000,94500760114125,94500765820625,5706500,5820625,114125,94500770000000,0,0,0
1,706,94500770000000,94500770104125,94500775722125,5618000,5722125,104125,94500780000000,0,0,0
1,707,94500780000000,94500780111750,94500785694125,5582375,5694125,111750,94500790000000,0,0,0
1,708,94500790000000,94500790108125,94500795749000,5640875,5749000,108125,94500800000000,0,0,0
1,709,94500800000000,94500800103250,94500805744750,5641500,5744750,103250,94500810000000,0,0,0
1,710,94500810000000,94500810109000,94500815807750,5698750,5807750,109000,94500820000000,0,0,0
1,711,94500820000000,94500820107625,94500825795750,5688125,5795750,107625,94500830000000,0,0,0
1,712,94500830000000,94500830070625,94500835727625,5657000,5727625,70625,94500840000000,0,0,0
1,713,94500840000000,94500840129250,94500845734000,5604750,5734000,129250,94500850000000,0,0,0
1,714,94500850000000,94500850110625,94500855805625,5695000,5805625,110625,94500860000000,0,0,0
1,715,94500860000000,94500860127125,94500865747875,5620750,5747875,127125,94500870000000,0,0,0
1,716,94500870000000,94500870105625,94500875672625,5567000,5672625,105625,94500880000000,0,0,0
1,717,94500880000000,94500880131875,94500885750250,5618375,5750250,131875,94500890000000,0,0,0
1,718,94500890000000,94500890103750,94500895834875,5731125,5834875,103750,94500900000000,0,0,0
1,719,94500900000000,94500900114750,94500905668750,5554000,5668750,114750,94500910000000,0,0,0
1,720,94500910000000,94500910108750,94500915725125,5616375,5725125,108750,94500920000000,0,0,0
1,721,94500920000000,94500920109000,94500925633000,5524000,5633000,109000,94500930000000,0,0,0
1,722,94500930000000,94500930069875,94500935731125,5661250,5731125,69875,94500940000000,0,0,0
1,723,94500940000000,94500940113000,94500945718750,5605750,5718750,113000,94500950000000,0,0,0
1,724,94500950000000,94500950102125,94500955746500,5644375,5746500,102125,94500960000000,0,0,0
1,725,94500960000000,94500960076000,94500965755750,5679750,5755750,76000,94500970000000,0,0,0
1,726,94500970000000,94500970098875,94500975687375,5588500,5687375,98875,94500980000000,0,0,0
1,727,94500980000000,94500980110750,94500985725000,5614250,5725000,110750,94500990000000,0,0,0
1,728,94500990000000,94500990120750,94500995793500,5672750,5793500,120750,94501000000000,0,0,0
1,729,94501000000000,94501000107750,94501005629750,5522000,5629750,107750,94501010000000,0,0,0
1,730,94501010000000,94501010110000,94501015781625,5671625,5781625,110000,94501020000000,0,0,0
1,731,94501020000000,94501020114875,94501025723625,5608750,5723625,114875,94501030000000,0,0,0
1,732,94501030000000,94501030103625,94501035713500,5609875,5713500,103625,94501040000000,0,0,0
1,733,94501040000000,94501040111250,94501045723500,5612250,5723500,111250,94501050000000,0,0,0
1,734,94501050000000,94501050111750,94501055661375,5549625,5661375,111750,94501060000000,0,0,0
1,735,94501060000000,94501060115500,94501065627625,5512125,5627625,115500,94501070000000,0,0,0
1,736,94501070000000,94501070108625,94501075784500,5675875,5784500,108625,94501080000000,0,0,0
1,737,94501080000000,94501080104375,94501085816625,5712250,5816625,104375,94501090000000,0,0,0
1,738,94501090000000,94501090107375,94501095723500,5616125,5723500,107375,94501100000000,0,0,0
1,739,94501100000000,94501100127875,94501105653000,5525125,5653000,127875,94501110000000,0,0,0
1,740,94501110000000,94501110108125,94501115692875,5584750,5692875,108125,94501120000000,0,0,0
1,741,94501120000000,94501120129375,94501125882375,5753000,5882375,129375,94501130000000,0,0,0
1,742,94501130000000,94501130111125,94501135904375,5793250,5904375,111125,94501140000000,0,0,0
1,743,94501140000000,94501140107625,94501145795750,5688125,5795750,107625,94501150000000,0,0,0
1,744,94501150000000,94501150108625,94501155789625,5681000,5789625,108625,94501160000000,0,0,0
1,745,94501160000000,94501160078125,94501165629000,5550875,5629000,78125,94501170000000,0,0,0
1,746,94501170000000,94501170105625,94501175793000,5687375,5793000,105625,94501180000000,0,0,0
1,747,94501180000000,94501180113125,94501185640750,5527625,5640750,113125,94501190000000,0,0,0
1,748,94501190000000,94501190110000,94501195689625,5579625,5689625,110000,94501200000000,0,0,0
1,749,94501200000000,94501200113000,94501205688500,5575500,5688500,113000,94501210000000,0,0,0
1,750,94501210000000,94501210105250,94501215675375,5570125,5675375,105250,94501220000000,0,0,0
1,751,94501220000000,94501220112875,94501225702250,5589375,5702250,112875,94501230000000,0,0,0
1,752,94501230000000,94501230101625,94501235766625,5665000,5766625,101625,94501240000000,0,0,0
1,753,94501240000000,94501240108375,94501245663375,5555000,5663375,108375,94501250000000,0,0,0
1,754,94501250000000,94501250122375,94501255767125,5644750,5767125,122375,94501260000000,0,0,0
1,755,94501260000000,94501260112000,94501266137000,6025000,6137000,112000,94501270000000,0,0,0
1,756,94501270000000,94501270127000,94501275830125,5703125,5830125,127000,94501280000000,0,0,0
1,757,94501280000000,94501280109750,94501285637500,5527750,5637500,109750,94501290000000,0,0,0
1,758,94501290000000,94501290105000,94501295780250,5675250,5780250,105000,94501300000000,0,0,0
1,759,94501300000000,94501300115500,94501305675125,5559625,5675125,115500,94501310000000,0,0,0
1,760,94501310000000,94501310102000,94501315768125,5666125,5768125,102000,94501320000000,0,0,0
1,761,94501320000000,94501320113500,94501325693000,5579500,5693000,113500,94501330000000,0,0,0
1,762,94501330000000,94501330101750,94501335746625,5644875,5746625,101750,94501340000000,0,0,0
1,763,94501340000000,94501340110500,94501345699500,5589000,5699500,110500,94501350000000,0,0,0
1,764,94501350000000,94501350104000,94501355825500,5721500,5825500,104000,94501360000000,0,0,0
1,765,94501360000000,94501360083625,94501365768125,5684500,5768125,83625,94501370000000,0,0,0
1,766,94501370000000,94501370107875,94501375721500,5613625,5721500,107875,94501380000000,0,0,0
1,767,94501380000000,94501380127000,94501385705000,5578000,5705000,127000,94501390000000,0,0,0
1,768,94501390000000,94501390105750,94501395754000,5648250,5754000,105750,94501400000000,0,0,0
1,769,94501400000000,94501400110125,94501405926750,5816625,5926750,110125,94501410000000,0,0,0
1,770,94501410000000,94501410108000,94501415738000,5630000,5738000,108000,94501420000000,0,0,0
1,771,94501420000000,94501420110500,94501425817375,5706875,5817375,110500,94501430000000,0,0,0
1,772,94501430000000,94501430100500,94501435894125,5793625,5894125,100500,94501440000000,0,0,0
1,773,94501440000000,94501440110375,94501445902125,5791750,5902125,110375,94501450000000,0,0,0
1,774,94501450000000,94501450106625,94501455805375,5698750,5805375,106625,94501460000000,0,0,0
1,775,94501460000000,94501460110375,94501465729250,5618875,5729250,110375,94501470000000,0,0,0
1,776,94501470000000,94501470124500,94501475828125,5703625,5828125,124500,94501480000000,0,0,0
1,777,94501480000000,94501480086375,94501485685250,5598875,5685250,86375,94501490000000,0,0,0
1,778,94501490000000,94501490106625,94501495805750,5699125,5805750,106625,94501500000000,0,0,0
1,779,94501500000000,94501500115625,94501506092000,5976375,6092000,115625,94501510000000,0,0,0
1,780,94501510000000,94501510109500,94501515955875,5846375,5955875,109500,94501520000000,0,0,0
1,781,94501520000000,94501520091000,94501525923000,5832000,5923000,91000,94501530000000,0,0,0
1,782,94501530000000,94501530108125,94501535707500,5599375,5707500,108125,94501540000000,0,0,0
1,783,94501540000000,94501540125250,94501545805500,5680250,5805500,125250,94501550000000,0,0,0
1,784,94501550000000,94501550106500,94501556211250,6104750,6211250,106500,94501560000000,0,0,0
1,785,94501560000000,94501560095500,94501565781250,5685750,5781250,95500,94501570000000,0,0,0
1,786,94501570000000,94501570096625,94501575795375,5698750,5795375,96625,94501580000000,0,0,0
1,787,94501580000000,94501580111000,94501585984125,5873125,5984125,111000,94501590000000,0,0,0
1,788,94501590000000,94501590111250,94501595915000,5803750,5915000,111250,94501600000000,0,0,0
1,789,94501600000000,94501600108375,94501605883125,5774750,5883125,108375,94501610000000,0,0,0
1,790,94501610000000,94501610106750,94501615824500,5717750,5824500,106750,94501620000000,0,0,0
1,791,94501620000000,94501620112000,94501625869125,5757125,5869125,112000,94501630000000,0,0,0
1,792,94501630000000,94501630109000,94501635818250,5709250,5818250,109000,94501640000000,0,0,0
1,793,94501640000000,94501640115875,94501645706125,5590250,5706125,115875,94501650000000,0,0,0
1,794,94501650000000,94501650106375,94501655825000,5718625,5825000,106375,94501660000000,0,0,0
1,795,94501660000000,94501660110250,94501665718625,5608375,5718625,110250,94501670000000,0,0,0
1,796,94501670000000,94501670101750,94501675761625,5659875,5761625,101750,94501680000000,0,0,0
1,797,94501680000000,94501680111500,94501685674125,5562625,5674125,111500,94501690000000,0,0,0
1,798,94501690000000,94501690123750,94501695802750,5679000,5802750,123750,94501700000000,0,0,0
1,799,94501700000000,94501700118125,94501705760000,5641875,5760000,118125,94501710000000,0,0,0
1,800,94501710000000,94501710106875,94501715725250,5618375,5725250,106875,94501720000000,0,0,0
1,801,94501720000000,94501720114750,94501725684250,5569500,5684250,114750,94501730000000,0,0,0
1,802,94501730000000,94501730109375,94501735681250,5571875,5681250,109375,94501740000000,0,0,0
1,803,94501740000000,94501740111750,94501745786750,5675000,5786750,111750,94501750000000,0,0,0
1,804,94501750000000,94501750106000,94501755784375,5678375,5784375,106000,94501760000000,0,0,0
1,805,94501760000000,94501760111875,94501765614250,5502375,5614250,111875,94501770000000,0,0,0
1,806,94501770000000,94501770071375,94501775714000,5642625,5714000,71375,94501780000000,0,0,0
1,807,94501780000000,94501780106625,94501785738250,5631625,5738250,106625,94501790000000,0,0,0
1,808,94501790000000,94501790103375,94501795650250,5546875,5650250,103375,94501800000000,0,0,0
1,809,94501800000000,94501800127750,94501805751250,5623500,5751250,127750,94501810000000,0,0,0
1,810,94501810000000,94501810110625,94501815661125,5550500,5661125,110625,94501820000000,0,0,0
1,811,94501820000000,94501820104750,94501825742625,5637875,5742625,104750,94501830000000,0,0,0
1,812,94501830000000,94501830109375,94501835701625,5592250,5701625,109375,94501840000000,0,0,0
1,813,94501840000000,94501840110375,94501845683000,5572625,5683000,110375,94501850000000,0,0,0
1,814,94501850000000,94501850100625,94501855724625,5624000,5724625,100625,94501860000000,0,0,0
1,815,94501860000000,94501860112125,94501865712125,5600000,5712125,112125,94501870000000,0,0,0
1,816,94501870000000,94501870099500,94501875733875,5634375,5733875,99500,94501880000000,0,0,0
1,817,94501880000000,94501880113750,94501885998375,5884625,5998375,113750,94501890000000,0,0,0
1,818,94501890000000,94501890101250,94501895998875,5897625,5998875,101250,94501900000000,0,0,0
1,819,94501900000000,94501900094000,94501905722250,5628250,5722250,94000,94501910000000,0,0,0
1,820,94501910000000,94501910129375,94501915733125,5603750,5733125,129375,94501920000000,0,0,0
1,821,94501920000000,94501920071000,94501925689250,5618250,5689250,71000,94501930000000,0,0,0
1,822,94501930000000,94501930106000,94501935748750,5642750,5748750,106000,94501940000000,0,0,0
1,823,94501940000000,94501940111125,94501945701250,5590125,5701250,111125,94501950000000,0,0,0
1,824,94501950000000,94501950104875,94501955742125,5637250,5742125,104875,94501960000000,0,0,0
1,825,94501960000000,94501960115875,94501965859000,5743125,5859000,115875,94501970000000,0,0,0
1,826,94501970000000,94501970106250,94501975788750,5682500,5788750,106250,94501980000000,0,0,0
1,827,94501980000000,94501980085000,94501985661000,5576000,5661000,85000,94501990000000,0,0,0
1,828,94501990000000,94501990105500,94501995809375,5703875,5809375,105500,94502000000000,0,0,0
1,829,94502000000000,94502000105625,94502005864375,5758750,5864375,105625,94502010000000,0,0,0
1,830,94502010000000,94502010107500,94502015779625,5672125,5779625,107500,94502020000000,0,0,0
1,831,94502020000000,94502020125000,94502025928000,5803000,5928000,125000,94502030000000,0,0,0
1,832,94502030000000,94502030114125,94502035858750,5744625,5858750,114125,94502040000000,0,0,0
1,833,94502040000000,94502040131125,94502045808875,5677750,5808875,131125,94502050000000,0,0,0
1,834,94502050000000,94502050107250,94502055728750,5621500,5728750,107250,94502060000000,0,0,0
1,835,94502060000000,94502060110500,94502065767000,5656500,5767000,110500,94502070000000,0,0,0
1,836,94502070000000,94502070109375,94502075749000,5639625,5749000,109375,94502080000000,0,0,0
1,837,94502080000000,94502080110125,94502085939875,5829750,5939875,110125,94502090000000,0,0,0
1,838,94502090000000,94502090106500,94502095734625,5628125,5734625,106500,94502100000000,0,0,0
1,839,94502100000000,94502100113500,94502105765250,5651750,5765250,113500,94502110000000,0,0,0
1,840,94502110000000,94502110121500,94502115770000,5648500,5770000,121500,94502120000000,0,0,0
1,841,94502120000000,94502120112625,94502125744625,5632000,5744625,112625,94502130000000,0,0,0
1,842,94502130000000,94502130124250,94502135747000,5622750,5747000,124250,94502140000000,0,0,0
1,843,94502140000000,94502140110375,94502145653875,5543500,5653875,110375,94502150000000,0,0,0
1,844,94502150000000,94502150106000,94502155779375,5673375,5779375,106000,94502160000000,0,0,0
1,845,94502160000000,94502160109250,94502165785875,5676625,5785875,109250,94502170000000,0,0,0
1,846,94502170000000,94502170107250,94502175862500,5755250,5862500,107250,94502180000000,0,0,0
1,847,94502180000000,94502180074750,94502185641500,5566750,5641500,74750,94502190000000,0,0,0
1,848,94502190000000,94502190104875,94502195748625,5643750,5748625,104875,94502200000000,0,0,0
1,849,94502200000000,94502200107250,94502205740375,5633125,5740375,107250,94502210000000,0,0,0
1,850,94502210000000,94502210107875,94502215773375,5665500,5773375,107875,94502220000000,0,0,0
1,851,94502220000000,94502220107875,94502225949875,5842000,5949875,107875,94502230000000,0,0,0
1,852,94502230000000,94502230110125,94502235981750,5871625,5981750,110125,94502240000000,0,0,0
1,853,94502240000000,94502240084000,94502245878750,5794750,5878750,84000,94502250000000,0,0,0
1,854,94502250000000,94502250107375,94502255716375,5609000,5716375,107375,94502260000000,0,0,0
1,855,94502260000000,94502260127875,94502265815125,5687250,5815125,127875,94502270000000,0,0,0
1,856,94502270000000,94502270111375,94502275823250,5711875,5823250,111375,94502280000000,0,0,0
1,857,94502280000000,94502280111000,94502285778000,5667000,5778000,111000,94502290000000,0,0,0
1,858,94502290000000,94502290108875,94502295780125,5671250,5780125,108875,94502300000000,0,0,0
1,859,94502300000000,94502300112000,94502305810500,5698500,5810500,112000,94502310000000,0,0,0
1,860,94502310000000,94502310106000,94502315767500,5661500,5767500,106000,94502320000000,0,0,0
1,861,94502320000000,94502320111125,94502325811250,5700125,5811250,111125,94502330000000,0,0,0
1,862,94502330000000,94502330105500,94502335856375,5750875,5856375,105500,94502340000000,0,0,0
1,863,94502340000000,94502340089500,94502345593625,5504125,5593625,89500,94502350000000,0,0,0
1,864,94502350000000,94502350128000,94502355759000,5631000,5759000,128000,94502360000000,0,0,0
1,865,94502360000000,94502360107500,94502365646875,5539375,5646875,107500,94502370000000,0,0,0
1,866,94502370000000,94502370107375,94502375798625,5691250,5798625,107375,94502380000000,0,0,0
1,867,94502380000000,94502380091125,94502385729500,5638375,5729500,91125,94502390000000,0,0,0
1,868,94502390000000,94502390086000,94502395677250,5591250,5677250,86000,94502400000000,0,0,0
1,869,94502400000000,94502400104375,94502405633250,5528875,5633250,104375,94502410000000,0,0,0
1,870,94502410000000,94502410105625,94502415711000,5605375,5711000,105625,94502420000000,0,0,0
1,871,94502420000000,94502420110000,94502425761500,5651500,5761500,110000,94502430000000,0,0,0
1,872,94502430000000,94502430105625,94502435806500,5700875,5806500,105625,94502440000000,0,0,0
1,873,94502440000000,94502440109125,94502445790500,5681375,5790500,109125,94502450000000,0,0,0
1,874,94502450000000,94502450108125,94502455700750,5592625,5700750,108125,94502460000000,0,0,0
1,875,94502460000000,94502460127000,94502465852500,5725500,5852500,127000,94502470000000,0,0,0
1,876,94502470000000,94502470106375,94502475756375,5650000,5756375,106375,94502480000000,0,0,0
1,877,94502480000000,94502480110750,94502485784875,5674125,5784875,110750,94502490000000,0,0,0
1,878,94502490000000,94502490106500,94502495638875,5532375,5638875,106500,94502500000000,0,0,0
1,879,94502500000000,94502500117000,94502505712625,5595625,5712625,117000,94502510000000,0,0,0
1,880,94502510000000,94502510104875,94502515727125,5622250,5727125,104875,94502520000000,0,0,0
1,881,94502520000000,94502520111500,94502525856875,5745375,5856875,111500,94502530000000,0,0,0
1,882,94502530000000,94502530105000,94502535860375,5755375,5860375,105000,94502540000000,0,0,0
1,883,94502540000000,94502540106875,94502545879750,5772875,5879750,106875,94502550000000,0,0,0
1,884,94502550000000,94502550104375,94502555698000,5593625,5698000,104375,94502560000000,0,0,0
1,885,94502560000000,94502560111500,94502565970125,5858625,5970125,111500,94502570000000,0,0,0
1,886,94502570000000,94502570103000,94502575772375,5669375,5772375,103000,94502580000000,0,0,0
1,887,94502580000000,94502580108500,94502585912375,5803875,5912375,108500,94502590000000,0,0,0
1,888,94502590000000,94502590116875,94502595862375,5745500,5862375,116875,94502600000000,0,0,0
1,889,94502600000000,94502600109875,94502605865625,5755750,5865625,109875,94502610000000,0,0,0
1,890,94502610000000,94502610126375,94502615796125,5669750,5796125,126375,94502620000000,0,0,0
1,891,94502620000000,94502620113125,94502625673750,5560625,5673750,113125,94502630000000,0,0,0
1,892,94502630000000,94502630107125,94502635960000,5852875,5960000,107125,94502640000000,0,0,0
1,893,94502640000000,94502640090500,94502645717750,5627250,5717750,90500,94502650000000,0,0,0
1,894,94502650000000,94502650103750,94502655729125,5625375,5729125,103750,94502660000000,0,0,0
1,895,94502660000000,94502660112875,94502665766750,5653875,5766750,112875,94502670000000,0,0,0
1,896,94502670000000,94502670108250,94502675729500,5621250,5729500,108250,94502680000000,0,0,0
1,897,94502680000000,94502680105125,94502685751500,5646375,5751500,105125,94502690000000,0,0,0
1,898,94502690000000,94502690111250,94502695784125,5672875,5784125,111250,94502700000000,0,0,0
1,899,94502700000000,94502700076500,94502705624125,5547625,5624125,76500,94502710000000,0,0,0
1,900,94502710000000,94502710104000,94502715729375,5625375,5729375,104000,94502720000000,0,0,0
1,901,94502720000000,94502720130500,94502725636250,5505750,5636250,130500,94502730000000,0,0,0
1,902,94502730000000,94502730109750,94502735666000,5556250,5666000,109750,94502740000000,0,0,0
1,903,94502740000000,94502740126500,94502745641625,5515125,5641625,126500,94502750000000,0,0,0
1,904,94502750000000,94502750107500,94502755767500,5660000,5767500,107500,94502760000000,0,0,0
1,905,94502760000000,94502760105375,94502765728000,5622625,5728000,105375,94502770000000,0,0,0
1,906,94502770000000,94502770109500,94502775626250,5516750,5626250,109500,94502780000000,0,0,0
1,907,94502780000000,94502780110625,94502785787625,5677000,5787625,110625,94502790000000,0,0,0
1,908,94502790000000,94502790070750,94502795682250,5611500,5682250,70750,94502800000000,0,0,0
1,909,94502800000000,94502800115375,94502805708875,5593500,5708875,115375,94502810000000,0,0,0
1,910,94502810000000,94502810108500,94502815881875,5773375,5881875,108500,94502820000000,0,0,0
1,911,94502820000000,94502820115375,94502825862750,5747375,5862750,115375,94502830000000,0,0,0
1,912,94502830000000,94502830104375,94502835738000,5633625,5738000,104375,94502840000000,0,0,0
1,913,94502840000000,94502840109000,94502845705125,5596125,5705125,109000,94502850000000,0,0,0
1,914,94502850000000,94502850101625,94502855639125,5537500,5639125,101625,94502860000000,0,0,0
1,915,94502860000000,94502860111750,94502865707000,5595250,5707000,111750,94502870000000,0,0,0
1,916,94502870000000,94502870102750,94502875697875,5595125,5697875,102750,94502880000000,0,0,0
1,917,94502880000000,94502880116000,94502885719500,5603500,5719500,116000,94502890000000,0,0,0
1,918,94502890000000,94502890106000,94502895741000,5635000,5741000,106000,94502900000000,0,0,0
1,919,94502900000000,94502900112125,94502905862625,5750500,5862625,112125,94502910000000,0,0,0
1,920,94502910000000,94502910103125,94502915780875,5677750,5780875,103125,94502920000000,0,0,0
1,921,94502920000000,94502920114875,94502925738750,5623875,5738750,114875,94502930000000,0,0,0
1,922,94502930000000,94502930124625,94502935779750,5655125,5779750,124625,94502940000000,0,0,0
1,923,94502940000000,94502940094375,94502945674500,5580125,5674500,94375,94502950000000,0,0,0
1,924,94502950000000,94502950108625,94502955804625,5696000,5804625,108625,94502960000000,0,0,0
1,925,94502960000000,94502960116125,94502965810125,5694000,5810125,116125,94502970000000,0,0,0
1,926,94502970000000,94502970107875,94502975875000,5767125,5875000,107875,94502980000000,0,0,0
1,927,94502980000000,94502980114250,94502985820125,5705875,5820125,114250,94502990000000,0,0,0
1,928,94502990000000,94502990106125,94502995885250,5779125,5885250,106125,94503000000000,0,0,0
1,929,94503000000000,94503000108750,94503005727375,5618625,5727375,108750,94503010000000,0,0,0
1,930,94503010000000,94503010095625,94503015744625,5649000,5744625,95625,94503020000000,0,0,0
1,931,94503020000000,94503020129625,94503025730875,5601250,5730875,129625,94503030000000,0,0,0
1,932,94503030000000,94503030107125,94503035739750,5632625,5739750,107125,94503040000000,0,0,0
1,933,94503040000000,94503040126625,94503045642250,5515625,5642250,126625,94503050000000,0,0,0
1,934,94503050000000,94503050106250,94503055796125,5689875,5796125,106250,94503060000000,0,0,0
1,935,94503060000000,94503060112375,94503065793875,5681500,5793875,112375,94503070000000,0,0,0
1,936,94503070000000,94503070103875,94503075712625,5608750,5712625,103875,94503080000000,0,0,0
1,937,94503080000000,94503080112125,94503085716750,5604625,5716750,112125,94503090000000,0,0,0
1,938,94503090000000,94503090104125,94503095729250,5625125,5729250,104125,94503100000000,0,0,0
1,939,94503100000000,94503100109750,94503105784375,5674625,5784375,109750,94503110000000,0,0,0
1,940,94503110000000,94503110107375,94503115698625,5591250,5698625,107375,94503120000000,0,0,0
1,941,94503120000000,94503120107375,94503125731375,5624000,5731375,107375,94503130000000,0,0,0
1,942,94503130000000,94503130121125,94503135723625,5602500,5723625,121125,94503140000000,0,0,0
1,943,94503140000000,94503140107750,94503145642250,5534500,5642250,107750,94503150000000,0,0,0
1,944,94503150000000,94503150124375,94503155810125,5685750,5810125,124375,94503160000000,0,0,0
1,945,94503160000000,94503160105250,94503165754875,5649625,5754875,105250,94503170000000,0,0,0
1,946,94503170000000,94503170108375,94503175872125,5763750,5872125,108375,94503180000000,0,0,0
1,947,94503180000000,94503180114500,94503185679250,5564750,5679250,114500,94503190000000,0,0,0
1,948,94503190000000,94503190103875,94503195764375,5660500,5764375,103875,94503200000000,0,0,0
1,949,94503200000000,94503200075500,94503205660750,5585250,5660750,75500,94503210000000,0,0,0
1,950,94503210000000,94503210109000,94503215788625,5679625,5788625,109000,94503220000000,0,0,0
1,951,94503220000000,94503220111375,94503225679000,5567625,5679000,111375,94503230000000,0,0,0
1,952,94503230000000,94503230108875,94503235728000,5619125,5728000,108875,94503240000000,0,0,0
1,953,94503240000000,94503240127750,94503245880000,5752250,5880000,127750,94503250000000,0,0,0
1,954,94503250000000,94503250111125,94503255833875,5722750,5833875,111125,94503260000000,0,0,0
1,955,94503260000000,94503260108875,94503265733500,5624625,5733500,108875,94503270000000,0,0,0
1,956,94503270000000,94503270105500,94503275807250,5701750,5807250,105500,94503280000000,0,0,0
1,957,94503280000000,94503280106750,94503285730750,5624000,5730750,106750,94503290000000,0,0,0
1,958,94503290000000,94503290104125,94503295784250,5680125,5784250,104125,94503300000000,0,0,0
1,959,94503300000000,94503300116875,94503305710125,5593250,5710125,116875,94503310000000,0,0,0
1,960,94503310000000,94503310104250,94503315642625,5538375,5642625,104250,94503320000000,0,0,0
1,961,94503320000000,94503320108625,94503325653125,5544500,5653125,108625,94503330000000,0,0,0
1,962,94503330000000,94503330104625,94503335815625,5711000,5815625,104625,94503340000000,0,0,0
1,963,94503340000000,94503340108750,94503345583125,5474375,5583125,108750,94503350000000,0,0,0
1,964,94503350000000,94503350120375,94503355790875,5670500,5790875,120375,94503360000000,0,0,0
1,965,94503360000000,94503360115125,94503365978125,5863000,5978125,115125,94503370000000,0,0,0
1,966,94503370000000,94503370120250,94503375820000,5699750,5820000,120250,94503380000000,0,0,0
1,967,94503380000000,94503380109750,94503385773875,5664125,5773875,109750,94503390000000,0,0,0
1,968,94503390000000,94503390125500,94503395789125,5663625,5789125,125500,94503400000000,0,0,0
1,969,94503400000000,94503400090625,94503406022500,5931875,6022500,90625,94503410000000,0,0,0
1,970,94503410000000,94503410105500,94503415817000,5711500,5817000,105500,94503420000000,0,0,0
1,971,94503420000000,94503420111375,94503425677375,5566000,5677375,111375,94503430000000,0,0,0
1,972,94503430000000,94503430108375,94503435834750,5726375,5834750,108375,94503440000000,0,0,0
1,973,94503440000000,94503440107625,94503445735750,5628125,5735750,107625,94503450000000,0,0,0
1,974,94503450000000,94503450104375,94503455648500,5544125,5648500,104375,94503460000000,0,0,0
1,975,94503460000000,94503460126250,94503465635750,5509500,5635750,126250,94503470000000,0,0,0
1,976,94503470000000,94503470109875,94503475860500,5750625,5860500,109875,94503480000000,0,0,0
1,977,94503480000000,94503480125625,94503485694000,5568375,5694000,125625,94503490000000,0,0,0
1,978,94503490000000,94503490107125,94503495730750,5623625,5730750,107125,94503500000000,0,0,0
1,979,94503500000000,94503500109375,94503505564125,5454750,5564125,109375,94503510000000,0,0,0
1,980,94503510000000,94503510108000,94503515679875,5571875,5679875,108000,94503520000000,0,0,0
1,981,94503520000000,94503520107375,94503525700125,5592750,5700125,107375,94503530000000,0,0,0
1,982,94503530000000,94503530101500,94503535755500,5654000,5755500,101500,94503540000000,0,0,0
1,983,94503540000000,94503540112000,94503545768375,5656375,5768375,112000,94503550000000,0,0,0
1,984,94503550000000,94503550105125,94503555648125,5543000,5648125,105125,94503560000000,0,0,0
1,985,94503560000000,94503560107375,94503565753625,5646250,5753625,107375,94503570000000,0,0,0
1,986,94503570000000,94503570125125,94503575684500,5559375,5684500,125125,94503580000000,0,0,0
1,987,94503580000000,94503580111250,94503585687375,5576125,5687375,111250,94503590000000,0,0,0
1,988,94503590000000,94503590107125,94503595695250,5588125,5695250,107125,94503600000000,0,0,0
1,989,94503600000000,94503600108625,94503605808125,5699500,5808125,108625,94503610000000,0,0,0
1,990,94503610000000,94503610103875,94503615793125,5689250,5793125,103875,94503620000000,0,0,0
1,991,94503620000000,94503620111500,94503625674750,5563250,5674750,111500,94503630000000,0,0,0
1,992,94503630000000,94503630106625,94503635745250,5638625,5745250,106625,94503640000000,0,0,0
1,993,94503640000000,94503640087375,94503645582125,5494750,5582125,87375,94503650000000,0,0,0
1,994,94503650000000,94503650096625,94503655726125,5629500,5726125,96625,94503660000000,0,0,0
1,995,94503660000000,94503660128500,94503665750875,5622375,5750875,128500,94503670000000,0,0,0
1,996,94503670000000,94503670111375,94503675682000,5570625,5682000,111375,94503680000000,0,0,0
1,997,94503680000000,94503680105125,94503685685750,5580625,5685750,105125,94503690000000,0,0,0
1,998,94503690000000,94503690108000,94503695702875,5594875,5702875,108000,94503700000000,0,0,0
1,999,94503700000000,94503700112250,94503705686000,5573750,5686000,112250,94503710000000,0,0,0
1,1000,94503710000000,94503710087500,94503715799750,5712250,5799750,87500,94503720000000,0,0,0
1,1001,94503720000000,94503720109750,94503725661750,5552000,5661750,109750,94503730000000,0,0,0
1,1002,94503730000000,94503730104375,94503735702750,5598375,5702750,104375,94503740000000,0,0,0
1,1003,94503740000000,94503740110750,94503745796500,5685750,5796500,110750,94503750000000,0,0,0
1,1004,94503750000000,94503750104375,94503755817750,5713375,5817750,104375,94503760000000,0,0,0
1,1005,94503760000000,94503760112250,94503765727000,5614750,5727000,112250,94503770000000,0,0,0
1,1006,94503770000000,94503770124000,94503775831250,5707250,5831250,124000,94503780000000,0,0,0
1,1007,94503780000000,94503780114625,94503785938000,5823375,5938000,114625,94503790000000,0,0,0
1,1008,94503790000000,94503790107625,94503795856875,5749250,5856875,107625,94503800000000,0,0,0
1,1009,94503800000000,94503800112375,94503805784375,5672000,5784375,112375,94503810000000,0,0,0
1,1010,94503810000000,94503810069625,94503815685375,5615750,5685375,69625,94503820000000,0,0,0
1,1011,94503820000000,94503820106500,94503825715625,5609125,5715625,106500,94503830000000,0,0,0
1,1012,94503830000000,94503830108875,94503835746375,5637500,5746375,108875,94503840000000,0,0,0
1,1013,94503840000000,94503840073000,94503845724250,5651250,5724250,73000,94503850000000,0,0,0
1,1014,94503850000000,94503850103750,94503855812625,5708875,5812625,103750,94503860000000,0,0,0
1,1015,94503860000000,94503860101750,94503865695375,5593625,5695375,101750,94503870000000,0,0,0
1,1016,94503870000000,94503870104125,94503875647875,5543750,5647875,104125,94503880000000,0,0,0
1,1017,94503880000000,94503880130000,94503885850000,5720000,5850000,130000,94503890000000,0,0,0
1,1018,94503890000000,94503890111375,94503895757750,5646375,5757750,111375,94503900000000,0,0,0
1,1019,94503900000000,94503900131125,94503905887500,5756375,5887500,131125,94503910000000,0,0,0
1,1020,94503910000000,94503910111625,94503915863875,5752250,5863875,111625,94503920000000,0,0,0
1,1021,94503920000000,94503920113250,94503925932375,5819125,5932375,113250,94503930000000,0,0,0
1,1022,94503930000000,94503930105500,94503935872750,5767250,5872750,105500,94503940000000,0,0,0
1,1023,94503940000000,94503940109750,94503945843500,5733750,5843500,109750,94503950000000,0,0,0
1,1024,94503950000000,94503950100750,94503955700500,5599750,5700500,100750,94503960000000,0,0,0
1,1025,94503960000000,94503960110125,94503965628625,5518500,5628625,110125,94503970000000,0,0,0
1,1026,94503970000000,94503970094750,94503975649625,5554875,5649625,94750,94503980000000,0,0,0
1,1027,94503980000000,94503980109250,94503985666125,5556875,5666125,109250,94503990000000,0,0,0
1,1028,94503990000000,94503990121875,94503995797500,5675625,5797500,121875,94504000000000,0,0,0
1,1029,94504000000000,94504000113000,94504005838500,5725500,5838500,113000,94504010000000,0,0,0
1,1030,94504010000000,94504010089625,94504015915250,5825625,5915250,89625,94504020000000,0,0,0
1,1031,94504020000000,94504020114375,94504025692375,5578000,5692375,114375,94504030000000,0,0,0
1,1032,94504030000000,94504030071125,94504035753625,5682500,5753625,71125,94504040000000,0,0,0
1,1033,94504040000000,94504040107375,94504045720375,5613000,5720375,107375,94504050000000,0,0,0
1,1034,94504050000000,94504050108750,94504055786250,5677500,5786250,108750,94504060000000,0,0,0
1,1035,94504060000000,94504060105500,94504065810875,5705375,5810875,105500,94504070000000,0,0,0
1,1036,94504070000000,94504070116250,94504075717875,5601625,5717875,116250,94504080000000,0,0,0
1,1037,94504080000000,94504080131750,94504085789875,5658125,5789875,131750,94504090000000,0,0,0
1,1038,94504090000000,94504090106625,94504095818375,5711750,5818375,106625,94504100000000,0,0,0
1,1039,94504100000000,94504100108250,94504105732250,5624000,5732250,108250,94504110000000,0,0,0
1,1040,94504110000000,94504110108625,94504115695125,5586500,5695125,108625,94504120000000,0,0,0
1,1041,94504120000000,94504120107000,94504125702750,5595750,5702750,107000,94504130000000,0,0,0
1,1042,94504130000000,94504130089375,94504135718750,5629375,5718750,89375,94504140000000,0,0,0
1,1043,94504140000000,94504140109500,94504145733250,5623750,5733250,109500,94504150000000,0,0,0
1,1044,94504150000000,94504150103125,94504155721625,5618500,5721625,103125,94504160000000,0,0,0
1,1045,94504160000000,94504160114250,94504165638625,5524375,5638625,114250,94504170000000,0,0,0
1,1046,94504170000000,94504170121375,94504175807375,5686000,5807375,121375,94504180000000,0,0,0
1,1047,94504180000000,94504180113875,94504185810250,5696375,5810250,113875,94504190000000,0,0,0
1,1048,94504190000000,94504190123000,94504196122000,5999000,6122000,123000,94504200000000,0,0,0
1,1049,94504200000000,94504200096750,94504205884625,5787875,5884625,96750,94504210000000,0,0,0
1,1050,94504210000000,94504210124625,94504215871625,5747000,5871625,124625,94504220000000,0,0,0
1,1051,94504220000000,94504220072500,94504225685125,5612625,5685125,72500,94504230000000,0,0,0
1,1052,94504230000000,94504230103375,94504235751250,5647875,5751250,103375,94504240000000,0,0,0
1,1053,94504240000000,94504240113875,94504245686375,5572500,5686375,113875,94504250000000,0,0,0
1,1054,94504250000000,94504250106625,94504255733500,5626875,5733500,106625,94504260000000,0,0,0
1,1055,94504260000000,94504260105000,94504265780250,5675250,5780250,105000,94504270000000,0,0,0
1,1056,94504270000000,94504270112875,94504275820000,5707125,5820000,112875,94504280000000,0,0,0
1,1057,94504280000000,94504280108500,94504285642375,5533875,5642375,108500,94504290000000,0,0,0
1,1058,94504290000000,94504290101750,94504295749125,5647375,5749125,101750,94504300000000,0,0,0
1,1059,94504300000000,94504300125125,94504305702875,5577750,5702875,125125,94504310000000,0,0,0
1,1060,94504310000000,94504310114250,94504315754375,5640125,5754375,114250,94504320000000,0,0,0
1,1061,94504320000000,94504320129500,94504325806125,5676625,5806125,129500,94504330000000,0,0,0
1,1062,94504330000000,94504330109875,94504335804875,5695000,5804875,109875,94504340000000,0,0,0
1,1063,94504340000000,94504340129375,94504345869875,5740500,5869875,129375,94504350000000,0,0,0
1,1064,94504350000000,94504350110875,94504355986500,5875625,5986500,110875,94504360000000,0,0,0
1,1065,94504360000000,94504360093250,94504365960500,5867250,5960500,93250,94504370000000,0,0,0
1,1066,94504370000000,94504370112500,94504375874250,5761750,5874250,112500,94504380000000,0,0,0
1,1067,94504380000000,94504380111500,94504385962250,5850750,5962250,111500,94504390000000,0,0,0
1,1068,94504390000000,94504390108000,94504395820000,5712000,5820000,108000,94504400000000,0,0,0
1,1069,94504400000000,94504400108750,94504405718750,5610000,5718750,108750,94504410000000,0,0,0
1,1070,94504410000000,94504410106125,94504415761125,5655000,5761125,106125,94504420000000,0,0,0
1,1071,94504420000000,94504420094875,94504425780250,5685375,5780250,94875,94504430000000,0,0,0
1,1072,94504430000000,94504430100625,94504435778375,5677750,5778375,100625,94504440000000,0,0,0
1,1073,94504440000000,94504440112750,94504445789875,5677125,5789875,112750,94504450000000,0,0,0
1,1074,94504450000000,94504450101000,94504455744375,5643375,5744375,101000,94504460000000,0,0,0
1,1075,94504460000000,94504460117125,94504465975625,5858500,5975625,117125,94504470000000,0,0,0
1,1076,94504470000000,94504470100250,94504475806375,5706125,5806375,100250,94504480000000,0,0,0
1,1077,94504480000000,94504480109750,94504485829875,5720125,5829875,109750,94504490000000,0,0,0
1,1078,94504490000000,94504490105375,94504495756500,5651125,5756500,105375,94504500000000,0,0,0
1,1079,94504500000000,94504500110750,94504505664000,5553250,5664000,110750,94504510000000,0,0,0
1,1080,94504510000000,94504510123500,94504515835000,5711500,5835000,123500,94504520000000,0,0,0
1,1081,94504520000000,94504520113375,94504525686250,5572875,5686250,113375,94504530000000,0,0,0
1,1082,94504530000000,94504530107125,94504535827750,5720625,5827750,107125,94504540000000,0,0,0
1,1083,94504540000000,94504540113250,94504545769500,5656250,5769500,113250,94504550000000,0,0,0
1,1084,94504550000000,94504550108875,94504555796250,5687375,5796250,108875,94504560000000,0,0,0
1,1085,94504560000000,94504560115750,94504565832375,5716625,5832375,115750,94504570000000,0,0,0
1,1086,94504570000000,94504570102625,94504575855500,5752875,5855500,102625,94504580000000,0,0,0
1,1087,94504580000000,94504580104250,94504585762875,5658625,5762875,104250,94504590000000,0,0,0
1,1088,94504590000000,94504590104500,94504595787500,5683000,5787500,104500,94504600000000,0,0,0
1,1089,94504600000000,94504600127250,94504605822625,5695375,5822625,127250,94504610000000,0,0,0
1,1090,94504610000000,94504610109500,94504615763500,5654000,5763500,109500,94504620000000,0,0,0
1,1091,94504620000000,94504620127500,94504625731875,5604375,5731875,127500,94504630000000,0,0,0
1,1092,94504630000000,94504630095500,94504635742250,5646750,5742250,95500,94504640000000,0,0,0
1,1093,94504640000000,94504640109250,94504645740125,5630875,5740125,109250,94504650000000,0,0,0
1,1094,94504650000000,94504650108625,94504655592750,5484125,5592750,108625,94504660000000,0,0,0
1,1095,94504660000000,94504660112250,94504665717500,5605250,5717500,112250,94504670000000,0,0,0
1,1096,94504670000000,94504670110000,94504675672375,5562375,5672375,110000,94504680000000,0,0,0
1,1097,94504680000000,94504680106875,94504685721375,5614500,5721375,106875,94504690000000,0,0,0
1,1098,94504690000000,94504690105000,94504695736250,5631250,5736250,105000,94504700000000,0,0,0
1,1099,94504700000000,94504700147250,94504705837750,5690500,5837750,147250,94504710000000,0,0,0
1,1100,94504710000000,94504710106375,94504715800375,5694000,5800375,106375,94504720000000,0,0,0
1,1101,94504720000000,94504720115625,94504725534250,5418625,5534250,115625,94504730000000,0,0,0
1,1102,94504730000000,94504730127125,94504735768125,5641000,5768125,127125,94504740000000,0,0,0
1,1103,94504740000000,94504740112375,94504745722250,5609875,5722250,112375,94504750000000,0,0,0
1,1104,94504750000000,94504750105625,94504755873125,5767500,5873125,105625,94504760000000,0,0,0
1,1105,94504760000000,94504760108500,94504765810625,5702125,5810625,108500,94504770000000,0,0,0
1,1106,94504770000000,94504770111125,94504775758750,5647625,5758750,111125,94504780000000,0,0,0
1,1107,94504780000000,94504780116750,94504785707125,5590375,5707125,116750,94504790000000,0,0,0
1,1108,94504790000000,94504790109750,94504795807375,5697625,5807375,109750,94504800000000,0,0,0
1,1109,94504800000000,94504800113000,94504805727000,5614000,5727000,113000,94504810000000,0,0,0
1,1110,94504810000000,94504810109500,94504815640000,5530500,5640000,109500,94504820000000,0,0,0
1,1111,94504820000000,94504820105875,94504825630625,5524750,5630625,105875,94504830000000,0,0,0
1,1112,94504830000000,94504830065750,94504835664500,5598750,5664500,65750,94504840000000,0,0,0
1,1113,94504840000000,94504840109500,94504845744625,5635125,5744625,109500,94504850000000,0,0,0
1,1114,94504850000000,94504850112875,94504855796750,5683875,5796750,112875,94504860000000,0,0,0
1,1115,94504860000000,94504860105375,94504865690875,5585500,5690875,105375,94504870000000,0,0,0
1,1116,94504870000000,94504870102375,94504875847250,5744875,5847250,102375,94504880000000,0,0,0
1,1117,94504880000000,94504880108500,94504885753375,5644875,5753375,108500,94504890000000,0,0,0
1,1118,94504890000000,94504890110750,94504895765500,5654750,5765500,110750,94504900000000,0,0,0
1,1119,94504900000000,94504900127750,94504905682000,5554250,5682000,127750,94504910000000,0,0,0
1,1120,94504910000000,94504910107000,94504915672750,5565750,5672750,107000,94504920000000,0,0,0
1,1121,94504920000000,94504920134750,94504925693375,5558625,5693375,134750,94504930000000,0,0,0
1,1122,94504930000000,94504930108375,94504935819750,5711375,5819750,108375,94504940000000,0,0,0
1,1123,94504940000000,94504940113000,94504945763750,5650750,5763750,113000,94504950000000,0,0,0
1,1124,94504950000000,94504950103625,94504955813000,5709375,5813000,103625,94504960000000,0,0,0
1,1125,94504960000000,94504960112875,94504965724250,5611375,5724250,112875,94504970000000,0,0,0
1,1126,94504970000000,94504970107500,94504975784625,5677125,5784625,107500,94504980000000,0,0,0
1,1127,94504980000000,94504980106750,94504985705875,5599125,5705875,106750,94504990000000,0,0,0
1,1128,94504990000000,94504990066250,94504995822000,5755750,5822000,66250,94505000000000,0,0,0
1,1129,94505000000000,94505000114000,94505005729625,5615625,5729625,114000,94505010000000,0,0,0
1,1130,94505010000000,94505010123875,94505015795125,5671250,5795125,123875,94505020000000,0,0,0
1,1131,94505020000000,94505020112000,94505025774375,5662375,5774375,112000,94505030000000,0,0,0
1,1132,94505030000000,94505030126250,94505035914125,5787875,5914125,126250,94505040000000,0,0,0
1,1133,94505040000000,94505040116125,94505045707875,5591750,5707875,116125,94505050000000,0,0,0
1,1134,94505050000000,94505050111125,94505055955125,5844000,5955125,111125,94505060000000,0,0,0
1,1135,94505060000000,94505060089875,94505065648750,5558875,5648750,89875,94505070000000,0,0,0
1,1136,94505070000000,94505070107500,94505075779125,5671625,5779125,107500,94505080000000,0,0,0
1,1137,94505080000000,94505080109500,94505085690750,5581250,5690750,109500,94505090000000,0,0,0
1,1138,94505090000000,94505090105875,94505095824000,5718125,5824000,105875,94505100000000,0,0,0
1,1139,94505100000000,94505100110750,94505105617250,5506500,5617250,110750,94505110000000,0,0,0
1,1140,94505110000000,94505110104875,94505115796500,5691625,5796500,104875,94505120000000,0,0,0
1,1141,94505120000000,94505120128125,94505125973750,5845625,5973750,128125,94505130000000,0,0,0
1,1142,94505130000000,94505130112000,94505135862750,5750750,5862750,112000,94505140000000,0,0,0
1,1143,94505140000000,94505140106875,94505145833875,5727000,5833875,106875,94505150000000,0,0,0
1,1144,94505150000000,94505150107625,94505155778375,5670750,5778375,107625,94505160000000,0,0,0
1,1145,94505160000000,94505160113375,94505165719375,5606000,5719375,113375,94505170000000,0,0,0
1,1146,94505170000000,94505170109875,94505175712125,5602250,5712125,109875,94505180000000,0,0,0
1,1147,94505180000000,94505180112750,94505185712625,5599875,5712625,112750,94505190000000,0,0,0
1,1148,94505190000000,94505190103125,94505195765750,5662625,5765750,103125,94505200000000,0,0,0
1,1149,94505200000000,94505200114000,94505205917250,5803250,5917250,114000,94505210000000,0,0,0
1,1150,94505210000000,94505210106500,94505215869000,5762500,5869000,106500,94505220000000,0,0,0
1,1151,94505220000000,94505220111875,94505225703875,5592000,5703875,111875,94505230000000,0,0,0
1,1152,94505230000000,94505230122000,94505235884000,5762000,5884000,122000,94505240000000,0,0,0
1,1153,94505240000000,94505240073875,94505245865375,5791500,5865375,73875,94505250000000,0,0,0
1,1154,94505250000000,94505250124500,94505255773250,5648750,5773250,124500,94505260000000,0,0,0
1,1155,94505260000000,94505260108875,94505265777750,5668875,5777750,108875,94505270000000,0,0,0
1,1156,94505270000000,94505270106500,94505275780250,5673750,5780250,106500,94505280000000,0,0,0
1,1157,94505280000000,94505280111875,94505285822750,5710875,5822750,111875,94505290000000,0,0,0
1,1158,94505290000000,94505290106375,94505295659000,5552625,5659000,106375,94505300000000,0,0,0
1,1159,94505300000000,94505300106000,94505305638125,5532125,5638125,106000,94505310000000,0,0,0
1,1160,94505310000000,94505310105500,94505315735000,5629500,5735000,105500,94505320000000,0,0,0
1,1161,94505320000000,94505320105875,94505325743250,5637375,5743250,105875,94505330000000,0,0,0
1,1162,94505330000000,94505330102500,94505335798750,5696250,5798750,102500,94505340000000,0,0,0
1,1163,94505340000000,94505340104250,94505345755625,5651375,5755625,104250,94505350000000,0,0,0
1,1164,94505350000000,94505350111875,94505355825625,5713750,5825625,111875,94505360000000,0,0,0
1,1165,94505360000000,94505360105625,94505365673000,5567375,5673000,105625,94505370000000,0,0,0
1,1166,94505370000000,94505370103750,94505375655250,5551500,5655250,103750,94505380000000,0,0,0
1,1167,94505380000000,94505380126250,94505385820125,5693875,5820125,126250,94505390000000,0,0,0
1,1168,94505390000000,94505390066375,94505395685375,5619000,5685375,66375,94505400000000,0,0,0
1,1169,94505400000000,94505400127125,94505406119000,5991875,6119000,127125,94505410000000,0,0,0
1,1170,94505410000000,94505410103500,94505415847000,5743500,5847000,103500,94505420000000,0,0,0
1,1171,94505420000000,94505420126125,94505425770625,5644500,5770625,126125,94505430000000,0,0,0
1,1172,94505430000000,94505430111000,94505435888375,5777375,5888375,111000,94505440000000,0,0,0
1,1173,94505440000000,94505440096125,94505445777500,5681375,5777500,96125,94505450000000,0,0,0
1,1174,94505450000000,94505450106250,94505455685250,5579000,5685250,106250,94505460000000,0,0,0
1,1175,94505460000000,94505460111250,94505465805500,5694250,5805500,111250,94505470000000,0,0,0
1,1176,94505470000000,94505470101375,94505475806125,5704750,5806125,101375,94505480000000,0,0,0
1,1177,94505480000000,94505480110250,94505485676750,5566500,5676750,110250,94505490000000,0,0,0
1,1178,94505490000000,94505490117000,94505495673000,5556000,5673000,117000,94505500000000,0,0,0
1,1179,94505500000000,94505500112750,94505505696250,5583500,5696250,112750,94505510000000,0,0,0
1,1180,94505510000000,94505510119875,94505515781125,5661250,5781125,119875,94505520000000,0,0,0
1,1181,94505520000000,94505520110500,94505525823000,5712500,5823000,110500,94505530000000,0,0,0
1,1182,94505530000000,94505530123875,94505535856250,5732375,5856250,123875,94505540000000,0,0,0
1,1183,94505540000000,94505540111750,94505545742375,5630625,5742375,111750,94505550000000,0,0,0
1,1184,94505550000000,94505550121875,94505555743625,5621750,5743625,121875,94505560000000,0,0,0
1,1185,94505560000000,94505560110625,94505565715375,5604750,5715375,110625,94505570000000,0,0,0
1,1186,94505570000000,94505570105000,94505575823500,5718500,5823500,105000,94505580000000,0,0,0
1,1187,94505580000000,94505580114500,94505585718000,5603500,5718000,114500,94505590000000,0,0,0
1,1188,94505590000000,94505590105500,94505595748625,5643125,5748625,105500,94505600000000,0,0,0
1,1189,94505600000000,94505600115375,94505605694875,5579500,5694875,115375,94505610000000,0,0,0
1,1190,94505610000000,94505610105375,94505615766000,5660625,5766000,105375,94505620000000,0,0,0
1,1191,94505620000000,94505620104750,94505625696625,5591875,5696625,104750,94505630000000,0,0,0
1,1192,94505630000000,94505630110625,94505635780875,5670250,5780875,110625,94505640000000,0,0,0
1,1193,94505640000000,94505640106500,94505645641875,5535375,5641875,106500,94505650000000,0,0,0
1,1194,94505650000000,94505650102000,94505655753500,5651500,5753500,102000,94505660000000,0,0,0
1,1195,94505660000000,94505660128625,94505665831375,5702750,5831375,128625,94505670000000,0,0,0
1,1196,94505670000000,94505670107125,94505675763625,5656500,5763625,107125,94505680000000,0,0,0
1,1197,94505680000000,94505680112250,94505686095750,5983500,6095750,112250,94505690000000,0,0,0
1,1198,94505690000000,94505690110500,94505695679875,5569375,5679875,110500,94505700000000,0,0,0
1,1199,94505700000000,94505700108000,94505705763250,5655250,5763250,108000,94505710000000,0,0,0
1,1200,94505710000000,94505710100625,94505715692500,5591875,5692500,100625,94505720000000,0,0,0
1,1201,94505720000000,94505720110500,94505725654000,5543500,5654000,110500,94505730000000,0,0,0
1,1202,94505730000000,94505730110375,94505735764875,5654500,5764875,110375,94505740000000,0,0,0
1,1203,94505740000000,94505740111875,94505745652875,5541000,5652875,111875,94505750000000,0,0,0
1,1204,94505750000000,94505750123750,94505755749375,5625625,5749375,123750,94505760000000,0,0,0
1,1205,94505760000000,94505760115625,94505765879875,5764250,5879875,115625,94505770000000,0,0,0
1,1206,94505770000000,94505770129250,94505775814500,5685250,5814500,129250,94505780000000,0,0,0
1,1207,94505780000000,94505780114500,94505785846625,5732125,5846625,114500,94505790000000,0,0,0
1,1208,94505790000000,94505790105625,94505795795750,5690125,5795750,105625,94505800000000,0,0,0
1,1209,94505800000000,94505800113125,94505805856500,5743375,5856500,113125,94505810000000,0,0,0
1,1210,94505810000000,94505810107625,94505815762750,5655125,5762750,107625,94505820000000,0,0,0
1,1211,94505820000000,94505820135625,94505825671750,5536125,5671750,135625,94505830000000,0,0,0
1,1212,94505830000000,94505830111750,94505835859750,5748000,5859750,111750,94505840000000,0,0,0
1,1213,94505840000000,94505840109625,94505845738375,5628750,5738375,109625,94505850000000,0,0,0
1,1214,94505850000000,94505850070250,94505855663375,5593125,5663375,70250,94505860000000,0,0,0
1,1215,94505860000000,94505860125625,94505865678625,5553000,5678625,125625,94505870000000,0,0,0
1,1216,94505870000000,94505870106500,94505875811250,5704750,5811250,106500,94505880000000,0,0,0
1,1217,94505880000000,94505880128375,94505885734750,5606375,5734750,128375,94505890000000,0,0,0
1,1218,94505890000000,94505890106000,94505895762750,5656750,5762750,106000,94505900000000,0,0,0
1,1219,94505900000000,94505900112625,94505905843125,5730500,5843125,112625,94505910000000,0,0,0
1,1220,94505910000000,94505910104625,94505915793000,5688375,5793000,104625,94505920000000,0,0,0
1,1221,94505920000000,94505920108000,94505925751875,5643875,5751875,108000,94505930000000,0,0,0
1,1222,94505930000000,94505930102750,94505935761750,5659000,5761750,102750,94505940000000,0,0,0
1,1223,94505940000000,94505940112000,94505945718375,5606375,5718375,112000,94505950000000,0,0,0
1,1224,94505950000000,94505950125625,94505955744125,5618500,5744125,125625,94505960000000,0,0,0
1,1225,94505960000000,94505960113000,94505965621125,5508125,5621125,113000,94505970000000,0,0,0
1,1226,94505970000000,94505970105000,94505975758000,5653000,5758000,105000,94505980000000,0,0,0
1,1227,94505980000000,94505980115250,94505985749250,5634000,5749250,115250,94505990000000,0,0,0
1,1228,94505990000000,94505990100875,94505995700625,5599750,5700625,100875,94506000000000,0,0,0
1,1229,94506000000000,94506000115875,94506005670000,5554125,5670000,115875,94506010000000,0,0,0
1,1230,94506010000000,94506010107750,94506015802500,5694750,5802500,107750,94506020000000,0,0,0
1,1231,94506020000000,94506020109875,94506025752750,5642875,5752750,109875,94506030000000,0,0,0
1,1232,94506030000000,94506030104250,94506035761625,5657375,5761625,104250,94506040000000,0,0,0
1,1233,94506040000000,94506040124000,94506045711375,5587375,5711375,124000,94506050000000,0,0,0
1,1234,94506050000000,94506050109125,94506055828625,5719500,5828625,109125,94506060000000,0,0,0
1,1235,94506060000000,94506060127500,94506065741750,5614250,5741750,127500,94506070000000,0,0,0
1,1236,94506070000000,94506070109875,94506075692625,5582750,5692625,109875,94506080000000,0,0,0
1,1237,94506080000000,94506080074000,94506085685375,5611375,5685375,74000,94506090000000,0,0,0
1,1238,94506090000000,94506090109125,94506095840000,5730875,5840000,109125,94506100000000,0,0,0
1,1239,94506100000000,94506100110875,94506105747500,5636625,5747500,110875,94506110000000,0,0,0
1,1240,94506110000000,94506110107500,94506115746250,5638750,5746250,107500,94506120000000,0,0,0
1,1241,94506120000000,94506120111750,94506125626875,5515125,5626875,111750,94506130000000,0,0,0
1,1242,94506130000000,94506130111375,94506135741375,5630000,5741375,111375,94506140000000,0,0,0
1,1243,94506140000000,94506140111125,94506145762875,5651750,5762875,111125,94506150000000,0,0,0
1,1244,94506150000000,94506150105125,94506155763125,5658000,5763125,105125,94506160000000,0,0,0
1,1245,94506160000000,94506160106750,94506165754750,5648000,5754750,106750,94506170000000,0,0,0
1,1246,94506170000000,94506170124250,94506175829000,5704750,5829000,124250,94506180000000,0,0,0
1,1247,94506180000000,94506180111375,94506185651250,5539875,5651250,111375,94506190000000,0,0,0
1,1248,94506190000000,94506190108500,94506195803750,5695250,5803750,108500,94506200000000,0,0,0
1,1249,94506200000000,94506200085500,94506205615750,5530250,5615750,85500,94506210000000,0,0,0
1,1250,94506210000000,94506210108000,94506215723875,5615875,5723875,108000,94506220000000,0,0,0
1,1251,94506220000000,94506220114875,94506225860625,5745750,5860625,114875,94506230000000,0,0,0
1,1252,94506230000000,94506230112500,94506235789125,5676625,5789125,112500,94506240000000,0,0,0
1,1253,94506240000000,94506240116375,94506245776250,5659875,5776250,116375,94506250000000,0,0,0
1,1254,94506250000000,94506250112125,94506255786500,5674375,5786500,112125,94506260000000,0,0,0
1,1255,94506260000000,94506260075500,94506265756375,5680875,5756375,75500,94506270000000,0,0,0
1,1256,94506270000000,94506270086375,94506275847375,5761000,5847375,86375,94506280000000,0,0,0
1,1257,94506280000000,94506280107250,94506285831375,5724125,5831375,107250,94506290000000,0,0,0
1,1258,94506290000000,94506290108250,94506295720375,5612125,5720375,108250,94506300000000,0,0,0
1,1259,94506300000000,94506300125875,94506305674750,5548875,5674750,125875,94506310000000,0,0,0
1,1260,94506310000000,94506310104625,94506315794000,5689375,5794000,104625,94506320000000,0,0,0
1,1261,94506320000000,94506320126875,94506325793250,5666375,5793250,126875,94506330000000,0,0,0
1,1262,94506330000000,94506330104375,94506335666625,5562250,5666625,104375,94506340000000,0,0,0
1,1263,94506340000000,94506340124750,94506345647750,5523000,5647750,124750,94506350000000,0,0,0
1,1264,94506350000000,94506350111000,94506355762500,5651500,5762500,111000,94506360000000,0,0,0
1,1265,94506360000000,94506360112750,94506366008375,5895625,6008375,112750,94506370000000,0,0,0
1,1266,94506370000000,94506370109000,94506375701375,5592375,5701375,109000,94506380000000,0,0,0
1,1267,94506380000000,94506380113750,94506385734125,5620375,5734125,113750,94506390000000,0,0,0
1,1268,94506390000000,94506390103250,94506395818750,5715500,5818750,103250,94506400000000,0,0,0
1,1269,94506400000000,94506400112500,94506405750375,5637875,5750375,112500,94506410000000,0,0,0
1,1270,94506410000000,94506410105250,94506415758625,5653375,5758625,105250,94506420000000,0,0,0
1,1271,94506420000000,94506420108000,94506425735875,5627875,5735875,108000,94506430000000,0,0,0
1,1272,94506430000000,94506430125125,94506435707000,5581875,5707000,125125,94506440000000,0,0,0
1,1273,94506440000000,94506440111375,94506445756500,5645125,5756500,111375,94506450000000,0,0,0
1,1274,94506450000000,94506450126125,94506455699875,5573750,5699875,126125,94506460000000,0,0,0
1,1275,94506460000000,94506460095625,94506465803125,5707500,5803125,95625,94506470000000,0,0,0
1,1276,94506470000000,94506470107000,94506475829125,5722125,5829125,107000,94506480000000,0,0,0
1,1277,94506480000000,94506480112750,94506485772875,5660125,5772875,112750,94506490000000,0,0,0
1,1278,94506490000000,94506490111000,94506495803000,5692000,5803000,111000,94506500000000,0,0,0
1,1279,94506500000000,94506500107875,94506505697250,5589375,5697250,107875,94506510000000,0,0,0
1,1280,94506510000000,94506510105875,94506515777875,5672000,5777875,105875,94506520000000,0,0,0
1,1281,94506520000000,94506520129625,94506525684000,5554375,5684000,129625,94506530000000,0,0,0
1,1282,94506530000000,94506530105875,94506535672750,5566875,5672750,105875,94506540000000,0,0,0
1,1283,94506540000000,94506540112250,94506545644000,5531750,5644000,112250,94506550000000,0,0,0
1,1284,94506550000000,94506550107625,94506555752500,5644875,5752500,107625,94506560000000,0,0,0
1,1285,94506560000000,94506560110000,94506565664750,5554750,5664750,110000,94506570000000,0,0,0
1,1286,94506570000000,94506570101625,94506575726125,5624500,5726125,101625,94506580000000,0,0,0
1,1287,94506580000000,94506580112250,94506585817875,5705625,5817875,112250,94506590000000,0,0,0
1,1288,94506590000000,94506590106250,94506595690125,5583875,5690125,106250,94506600000000,0,0,0
1,1289,94506600000000,94506600112875,94506605703125,5590250,5703125,112875,94506610000000,0,0,0
1,1290,94506610000000,94506610124750,94506615775750,5651000,5775750,124750,94506620000000,0,0,0
1,1291,94506620000000,94506620112625,94506625741625,5629000,5741625,112625,94506630000000,0,0,0
1,1292,94506630000000,94506630127125,94506635787375,5660250,5787375,127125,94506640000000,0,0,0
1,1293,94506640000000,94506640113500,94506645762250,5648750,5762250,113500,94506650000000,0,0,0
1,1294,94506650000000,94506650108875,94506655792375,5683500,5792375,108875,94506660000000,0,0,0
1,1295,94506660000000,94506660113750,94506665729250,5615500,5729250,113750,94506670000000,0,0,0
1,1296,94506670000000,94506670099375,94506675746125,5646750,5746125,99375,94506680000000,0,0,0
1,1297,94506680000000,94506680110875,94506685891250,5780375,5891250,110875,94506690000000,0,0,0
1,1298,94506690000000,94506690111125,94506695810000,5698875,5810000,111125,94506700000000,0,0,0
1,1299,94506700000000,94506700108250,94506705929750,5821500,5929750,108250,94506710000000,0,0,0
1,1300,94506710000000,94506710108875,94506715789125,5680250,5789125,108875,94506720000000,0,0,0
1,1301,94506720000000,94506720089875,94506725769375,5679500,5769375,89875,94506730000000,0,0,0
1,1302,94506730000000,94506730069875,94506735852625,5782750,5852625,69875,94506740000000,0,0,0
1,1303,94506740000000,94506740126250,94506745730250,5604000,5730250,126250,94506750000000,0,0,0
1,1304,94506750000000,94506750108250,94506755739375,5631125,5739375,108250,94506760000000,0,0,0
1,1305,94506760000000,94506760128000,94506765782750,5654750,5782750,128000,94506770000000,0,0,0
1,1306,94506770000000,94506770109250,94506775780750,5671500,5780750,109250,94506780000000,0,0,0
1,1307,94506780000000,94506780107875,94506785728750,5620875,5728750,107875,94506790000000,0,0,0
1,1308,94506790000000,94506790105250,94506795707875,5602625,5707875,105250,94506800000000,0,0,0
1,1309,94506800000000,94506800114250,94506805703500,5589250,5703500,114250,94506810000000,0,0,0
1,1310,94506810000000,94506810101500,94506815777625,5676125,5777625,101500,94506820000000,0,0,0
1,1311,94506820000000,94506820113625,94506825915625,5802000,5915625,113625,94506830000000,0,0,0
1,1312,94506830000000,94506830101125,94506835842000,5740875,5842000,101125,94506840000000,0,0,0
1,1313,94506840000000,94506840113000,94506845817250,5704250,5817250,113000,94506850000000,0,0,0
1,1314,94506850000000,94506850124750,94506855863250,5738500,5863250,124750,94506860000000,0,0,0
1,1315,94506860000000,94506860112625,94506865686500,5573875,5686500,112625,94506870000000,0,0,0
1,1316,94506870000000,94506870069750,94506875705875,5636125,5705875,69750,94506880000000,0,0,0
1,1317,94506880000000,94506880115625,94506885717125,5601500,5717125,115625,94506890000000,0,0,0
1,1318,94506890000000,94506890106375,94506895718000,5611625,5718000,106375,94506900000000,0,0,0
1,1319,94506900000000,94506900108875,94506905583750,5474875,5583750,108875,94506910000000,0,0,0
1,1320,94506910000000,94506910110500,94506915793625,5683125,5793625,110500,94506920000000,0,0,0
1,1321,94506920000000,94506920107125,94506925909125,5802000,5909125,107125,94506930000000,0,0,0
1,1322,94506930000000,94506930106250,94506935833875,5727625,5833875,106250,94506940000000,0,0,0
1,1323,94506940000000,94506940105250,94506945721000,5615750,5721000,105250,94506950000000,0,0,0
1,1324,94506950000000,94506950108625,94506955734875,5626250,5734875,108625,94506960000000,0,0,0
1,1325,94506960000000,94506960128250,94506966007625,5879375,6007625,128250,94506970000000,0,0,0
1,1326,94506970000000,94506970106750,94506975854875,5748125,5854875,106750,94506980000000,0,0,0
1,1327,94506980000000,94506980133250,94506986198000,6064750,6198000,133250,94506990000000,0,0,0
1,1328,94506990000000,94506990109875,94506995835250,5725375,5835250,109875,94507000000000,0,0,0
1,1329,94507000000000,94507000108250,94507005842250,5734000,5842250,108250,94507010000000,0,0,0
1,1330,94507010000000,94507010111625,94507015759625,5648000,5759625,111625,94507020000000,0,0,0
1,1331,94507020000000,94507020110625,94507025723625,5613000,5723625,110625,94507030000000,0,0,0
1,1332,94507030000000,94507030070625,94507035674000,5603375,5674000,70625,94507040000000,0,0,0
1,1333,94507040000000,94507040070375,94507045975750,5905375,5975750,70375,94507050000000,0,0,0
1,1334,94507050000000,94507050102875,94507055736750,5633875,5736750,102875,94507060000000,0,0,0
1,1335,94507060000000,94507060114125,94507065764625,5650500,5764625,114125,94507070000000,0,0,0
1,1336,94507070000000,94507070124000,94507075891750,5767750,5891750,124000,94507080000000,0,0,0
1,1337,94507080000000,94507080114000,94507085798750,5684750,5798750,114000,94507090000000,0,0,0
1,1338,94507090000000,94507090105375,94507095781125,5675750,5781125,105375,94507100000000,0,0,0
1,1339,94507100000000,94507100087625,94507105700625,5613000,5700625,87625,94507110000000,0,0,0
1,1340,94507110000000,94507110105500,94507115765500,5660000,5765500,105500,94507120000000,0,0,0
1,1341,94507120000000,94507120104125,94507125692375,5588250,5692375,104125,94507130000000,0,0,0
1,1342,94507130000000,94507130107750,94507135748250,5640500,5748250,107750,94507140000000,0,0,0
1,1343,94507140000000,94507140129375,94507145764875,5635500,5764875,129375,94507150000000,0,0,0
1,1344,94507150000000,94507150110250,94507155752500,5642250,5752500,110250,94507160000000,0,0,0
1,1345,94507160000000,94507160128875,94507165992375,5863500,5992375,128875,94507170000000,0,0,0
1,1346,94507170000000,94507170109375,94507175871250,5761875,5871250,109375,94507180000000,0,0,0
1,1347,94507180000000,94507180114125,94507185800875,5686750,5800875,114125,94507190000000,0,0,0
1,1348,94507190000000,94507190111625,94507195833125,5721500,5833125,111625,94507200000000,0,0,0
1,1349,94507200000000,94507200112625,94507205898375,5785750,5898375,112625,94507210000000,0,0,0
1,1350,94507210000000,94507210108000,94507215783625,5675625,5783625,108000,94507220000000,0,0,0
1,1351,94507220000000,94507220106250,94507225771375,5665125,5771375,106250,94507230000000,0,0,0
1,1352,94507230000000,94507230104375,94507235860250,5755875,5860250,104375,94507240000000,0,0,0
1,1353,94507240000000,94507240111750,94507245773500,5661750,5773500,111750,94507250000000,0,0,0
1,1354,94507250000000,94507250100625,94507255687000,5586375,5687000,100625,94507260000000,0,0,0
1,1355,94507260000000,94507260110125,94507265590125,5480000,5590125,110125,94507270000000,0,0,0
1,1356,94507270000000,94507270122875,94507275723375,5600500,5723375,122875,94507280000000,0,0,0
1,1357,94507280000000,94507280075000,94507285724250,5649250,5724250,75000,94507290000000,0,0,0
1,1358,94507290000000,94507290101500,94507295795125,5693625,5795125,101500,94507300000000,0,0,0
1,1359,94507300000000,94507300113500,94507305782125,5668625,5782125,113500,94507310000000,0,0,0
1,1360,94507310000000,94507310107500,94507315710375,5602875,5710375,107500,94507320000000,0,0,0
1,1361,94507320000000,94507320107625,94507325828125,5720500,5828125,107625,94507330000000,0,0,0
1,1362,94507330000000,94507330102875,94507335816375,5713500,5816375,102875,94507340000000,0,0,0
1,1363,94507340000000,94507340108000,94507345699125,5591125,5699125,108000,94507350000000,0,0,0
1,1364,94507350000000,94507350103625,94507355789000,5685375,5789000,103625,94507360000000,0,0,0
1,1365,94507360000000,94507360129500,94507365705125,5575625,5705125,129500,94507370000000,0,0,0
1,1366,94507370000000,94507370107375,94507375711125,5603750,5711125,107375,94507380000000,0,0,0
1,1367,94507380000000,94507380104750,94507385606875,5502125,5606875,104750,94507390000000,0,0,0
1,1368,94507390000000,94507390110125,94507395784750,5674625,5784750,110125,94507400000000,0,0,0
1,1369,94507400000000,94507400111750,94507405800500,5688750,5800500,111750,94507410000000,0,0,0
1,1370,94507410000000,94507410107875,94507415753375,5645500,5753375,107875,94507420000000,0,0,0
1,1371,94507420000000,94507420111500,94507425801875,5690375,5801875,111500,94507430000000,0,0,0
1,1372,94507430000000,94507430110375,94507435782250,5671875,5782250,110375,94507440000000,0,0,0
1,1373,94507440000000,94507440107625,94507445745875,5638250,5745875,107625,94507450000000,0,0,0
1,1374,94507450000000,94507450104875,94507455773750,5668875,5773750,104875,94507460000000,0,0,0
1,1375,94507460000000,94507460113125,94507466108625,5995500,6108625,113125,94507470000000,0,0,0
1,1376,94507470000000,94507470101875,94507475865375,5763500,5865375,101875,94507480000000,0,0,0
1,1377,94507480000000,94507480078375,94507485829875,5751500,5829875,78375,94507490000000,0,0,0
1,1378,94507490000000,94507490120000,94507495903625,5783625,5903625,120000,94507500000000,0,0,0
1,1379,94507500000000,94507500111875,94507505868125,5756250,5868125,111875,94507510000000,0,0,0
1,1380,94507510000000,94507510123625,94507515728625,5605000,5728625,123625,94507520000000,0,0,0
1,1381,94507520000000,94507520116500,94507525800375,5683875,5800375,116500,94507530000000,0,0,0
1,1382,94507530000000,94507530125000,94507535782250,5657250,5782250,125000,94507540000000,0,0,0
1,1383,94507540000000,94507540113500,94507545653375,5539875,5653375,113500,94507550000000,0,0,0
1,1384,94507550000000,94507550102500,94507555744375,5641875,5744375,102500,94507560000000,0,0,0
1,1385,94507560000000,94507560114125,94507565584875,5470750,5584875,114125,94507570000000,0,0,0
1,1386,94507570000000,94507570108000,94507575785625,5677625,5785625,108000,94507580000000,0,0,0
1,1387,94507580000000,94507580113875,94507585924250,5810375,5924250,113875,94507590000000,0,0,0
1,1388,94507590000000,94507590110750,94507595858500,5747750,5858500,110750,94507600000000,0,0,0
1,1389,94507600000000,94507600105375,94507605888125,5782750,5888125,105375,94507610000000,0,0,0
1,1390,94507610000000,94507610106375,94507615765875,5659500,5765875,106375,94507620000000,0,0,0
1,1391,94507620000000,94507620128750,94507625824250,5695500,5824250,128750,94507630000000,0,0,0
1,1392,94507630000000,94507630103375,94507635691500,5588125,5691500,103375,94507640000000,0,0,0
1,1393,94507640000000,94507640112000,94507645711125,5599125,5711125,112000,94507650000000,0,0,0
1,1394,94507650000000,94507650105625,94507655685125,5579500,5685125,105625,94507660000000,0,0,0
1,1395,94507660000000,94507660109000,94507665674250,5565250,5674250,109000,94507670000000,0,0,0
1,1396,94507670000000,94507670101375,94507675702625,5601250,5702625,101375,94507680000000,0,0,0
1,1397,94507680000000,94507680107875,94507685716875,5609000,5716875,107875,94507690000000,0,0,0
1,1398,94507690000000,94507690096875,94507695668000,5571125,5668000,96875,94507700000000,0,0,0
1,1399,94507700000000,94507700112875,94507705656875,5544000,5656875,112875,94507710000000,0,0,0
1,1400,94507710000000,94507710125000,94507715712875,5587875,5712875,125000,94507720000000,0,0,0
1,1401,94507720000000,94507720110125,94507725655375,5545250,5655375,110125,94507730000000,0,0,0
1,1402,94507730000000,94507730104375,94507735773250,5668875,5773250,104375,94507740000000,0,0,0
1,1403,94507740000000,94507740099375,94507745643750,5544375,5643750,99375,94507750000000,0,0,0
1,1404,94507750000000,94507750108875,94507755813750,5704875,5813750,108875,94507760000000,0,0,0
1,1405,94507760000000,94507760110375,94507765738250,5627875,5738250,110375,94507770000000,0,0,0
1,1406,94507770000000,94507770106875,94507775666375,5559500,5666375,106875,94507780000000,0,0,0
1,1407,94507780000000,94507780106500,94507785831250,5724750,5831250,106500,94507790000000,0,0,0
1,1408,94507790000000,94507790103000,94507796165000,6062000,6165000,103000,94507800000000,0,0,0
1,1409,94507800000000,94507800091125,94507806149250,6058125,6149250,91125,94507810000000,0,0,0
1,1410,94507810000000,94507810065375,94507815589875,5524500,5589875,65375,94507820000000,0,0,0
1,1411,94507820000000,94507820099375,94507826003250,5903875,6003250,99375,94507830000000,0,0,0
1,1412,94507830000000,94507830110000,94507835858625,5748625,5858625,110000,94507840000000,0,0,0
1,1413,94507840000000,94507840069250,94507845918375,5849125,5918375,69250,94507850000000,0,0,0
1,1414,94507850000000,94507850108750,94507855845375,5736625,5845375,108750,94507860000000,0,0,0
1,1415,94507860000000,94507860112250,94507865624500,5512250,5624500,112250,94507870000000,0,0,0
1,1416,94507870000000,94507870100500,94507875639250,5538750,5639250,100500,94507880000000,0,0,0
1,1417,94507880000000,94507880111125,94507885709125,5598000,5709125,111125,94507890000000,0,0,0
1,1418,94507890000000,94507890066250,94507895740500,5674250,5740500,66250,94507900000000,0,0,0
1,1419,94507900000000,94507900106625,94507905697250,5590625,5697250,106625,94507910000000,0,0,0
1,1420,94507910000000,94507910103500,94507915653375,5549875,5653375,103500,94507920000000,0,0,0
1,1421,94507920000000,94507920110375,94507925739750,5629375,5739750,110375,94507930000000,0,0,0
1,1422,94507930000000,94507930124625,94507935799750,5675125,5799750,124625,94507940000000,0,0,0
1,1423,94507940000000,94507940109375,94507945764375,5655000,5764375,109375,94507950000000,0,0,0
1,1424,94507950000000,94507950124250,94507955742125,5617875,5742125,124250,94507960000000,0,0,0
1,1425,94507960000000,94507960112875,94507965661625,5548750,5661625,112875,94507970000000,0,0,0
1,1426,94507970000000,94507970107250,94507975791125,5683875,5791125,107250,94507980000000,0,0,0
1,1427,94507980000000,94507980113375,94507985667750,5554375,5667750,113375,94507990000000,0,0,0
1,1428,94507990000000,94507990104250,94507995694000,5589750,5694000,104250,94508000000000,0,0,0
1,1429,94508000000000,94508000071875,94508005756125,5684250,5756125,71875,94508010000000,0,0,0
1,1430,94508010000000,94508010084125,94508015685000,5600875,5685000,84125,94508020000000,0,0,0
1,1431,94508020000000,94508020131250,94508025805125,5673875,5805125,131250,94508030000000,0,0,0
1,1432,94508030000000,94508030111000,94508035807125,5696125,5807125,111000,94508040000000,0,0,0
1,1433,94508040000000,94508040103625,94508045789750,5686125,5789750,103625,94508050000000,0,0,0
1,1434,94508050000000,94508050105125,94508055774625,5669500,5774625,105125,94508060000000,0,0,0
1,1435,94508060000000,94508060094125,94508065709000,5614875,5709000,94125,94508070000000,0,0,0
1,1436,94508070000000,94508070104500,94508075788750,5684250,5788750,104500,94508080000000,0,0,0
1,1437,94508080000000,94508080111250,94508085876375,5765125,5876375,111250,94508090000000,0,0,0
1,1438,94508090000000,94508090111250,94508095919625,5808375,5919625,111250,94508100000000,0,0,0
1,1439,94508100000000,94508100112625,94508105828250,5715625,5828250,112625,94508110000000,0,0,0
1,1440,94508110000000,94508110099500,94508115793250,5693750,5793250,99500,94508120000000,0,0,0
1,1441,94508120000000,94508120109875,94508125620375,5510500,5620375,109875,94508130000000,0,0,0
1,1442,94508130000000,94508130110375,94508135699750,5589375,5699750,110375,94508140000000,0,0,0
1,1443,94508140000000,94508140108750,94508145664375,5555625,5664375,108750,94508150000000,0,0,0
1,1444,94508150000000,94508150122250,94508155674250,5552000,5674250,122250,94508160000000,0,0,0
1,1445,94508160000000,94508160108875,94508165670625,5561750,5670625,108875,94508170000000,0,0,0
1,1446,94508170000000,94508170121625,94508175760000,5638375,5760000,121625,94508180000000,0,0,0
1,1447,94508180000000,94508180108375,94508185666750,5558375,5666750,108375,94508190000000,0,0,0
1,1448,94508190000000,94508190105000,94508195760500,5655500,5760500,105000,94508200000000,0,0,0
1,1449,94508200000000,94508200114625,94508206057125,5942500,6057125,114625,94508210000000,0,0,0
1,1450,94508210000000,94508210110875,94508215891375,5780500,5891375,110875,94508220000000,0,0,0
1,1451,94508220000000,94508220110625,94508225752875,5642250,5752875,110625,94508230000000,0,0,0
1,1452,94508230000000,94508230106875,94508235840625,5733750,5840625,106875,94508240000000,0,0,0
1,1453,94508240000000,94508240108750,94508246186375,6077625,6186375,108750,94508250000000,0,0,0
1,1454,94508250000000,94508250110000,94508255933250,5823250,5933250,110000,94508260000000,0,0,0
1,1455,94508260000000,94508260113375,94508265891625,5778250,5891625,113375,94508270000000,0,0,0
1,1456,94508270000000,94508270104625,94508275735625,5631000,5735625,104625,94508280000000,0,0,0
1,1457,94508280000000,94508280106875,94508285790875,5684000,5790875,106875,94508290000000,0,0,0
1,1458,94508290000000,94508290104000,94508295766750,5662750,5766750,104000,94508300000000,0,0,0
1,1459,94508300000000,94508300072000,94508305750625,5678625,5750625,72000,94508310000000,0,0,0
1,1460,94508310000000,94508310103250,94508315774500,5671250,5774500,103250,94508320000000,0,0,0
1,1461,94508320000000,94508320102875,94508325834000,5731125,5834000,102875,94508330000000,0,0,0
1,1462,94508330000000,94508330105625,94508335761125,5655500,5761125,105625,94508340000000,0,0,0
1,1463,94508340000000,94508340086375,94508345707750,5621375,5707750,86375,94508350000000,0,0,0
1,1464,94508350000000,94508350101250,94508355709250,5608000,5709250,101250,94508360000000,0,0,0
1,1465,94508360000000,94508360128000,94508365817375,5689375,5817375,128000,94508370000000,0,0,0
1,1466,94508370000000,94508370103625,94508375812625,5709000,5812625,103625,94508380000000,0,0,0
1,1467,94508380000000,94508380126500,94508385754625,5628125,5754625,126500,94508390000000,0,0,0
1,1468,94508390000000,94508390108500,94508395764125,5655625,5764125,108500,94508400000000,0,0,0
1,1469,94508400000000,94508400124000,94508405733500,5609500,5733500,124000,94508410000000,0,0,0
1,1470,94508410000000,94508410104625,94508415677625,5573000,5677625,104625,94508420000000,0,0,0
1,1471,94508420000000,94508420127250,94508425762375,5635125,5762375,127250,94508430000000,0,0,0
1,1472,94508430000000,94508430104625,94508435799625,5695000,5799625,104625,94508440000000,0,0,0
1,1473,94508440000000,94508440108250,94508445752250,5644000,5752250,108250,94508450000000,0,0,0
1,1474,94508450000000,94508450108250,94508455746375,5638125,5746375,108250,94508460000000,0,0,0
1,1475,94508460000000,94508460108500,94508465689625,5581125,5689625,108500,94508470000000,0,0,0
1,1476,94508470000000,94508470104000,94508475673000,5569000,5673000,104000,94508480000000,0,0,0
1,1477,94508480000000,94508480110250,94508485768750,5658500,5768750,110250,94508490000000,0,0,0
1,1478,94508490000000,94508490101250,94508495731375,5630125,5731375,101250,94508500000000,0,0,0
1,1479,94508500000000,94508500090500,94508505694250,5603750,5694250,90500,94508510000000,0,0,0
1,1480,94508510000000,94508510121750,94508515757250,5635500,5757250,121750,94508520000000,0,0,0
1,1481,94508520000000,94508520111625,94508525641250,5529625,5641250,111625,94508530000000,0,0,0
1,1482,94508530000000,94508530103125,94508535653875,5550750,5653875,103125,94508540000000,0,0,0
1,1483,94508540000000,94508540110000,94508545706000,5596000,5706000,110000,94508550000000,0,0,0
1,1484,94508550000000,94508550105125,94508555749125,5644000,5749125,105125,94508560000000,0,0,0
1,1485,94508560000000,94508560108750,94508565959000,5850250,5959000,108750,94508570000000,0,0,0
1,1486,94508570000000,94508570104875,94508575653750,5548875,5653750,104875,94508580000000,0,0,0
1,1487,94508580000000,94508580127750,94508585778625,5650875,5778625,127750,94508590000000,0,0,0
1,1488,94508590000000,94508590106000,94508595681875,5575875,5681875,106000,94508600000000,0,0,0
1,1489,94508600000000,94508600112875,94508605849125,5736250,5849125,112875,94508610000000,0,0,0
1,1490,94508610000000,94508610109500,94508615824375,5714875,5824375,109500,94508620000000,0,0,0
1,1491,94508620000000,94508620107250,94508625764500,5657250,5764500,107250,94508630000000,0,0,0
1,1492,94508630000000,94508630102250,94508635697125,5594875,5697125,102250,94508640000000,0,0,0
1,1493,94508640000000,94508640109375,94508645739375,5630000,5739375,109375,94508650000000,0,0,0
1,1494,94508650000000,94508650123875,94508655815375,5691500,5815375,123875,94508660000000,0,0,0
1,1495,94508660000000,94508660109125,94508665642375,5533250,5642375,109125,94508670000000,0,0,0
1,1496,94508670000000,94508670106000,94508675907250,5801250,5907250,106000,94508680000000,0,0,0
1,1497,94508680000000,94508680112625,94508685836625,5724000,5836625,112625,94508690000000,0,0,0
1,1498,94508690000000,94508690109125,94508695889375,5780250,5889375,109125,94508700000000,0,0,0
1,1499,94508700000000,94508700111000,94508705802125,5691125,5802125,111000,94508710000000,0,0,0
1,1500,94508710000000,94508710096125,94508715806000,5709875,5806000,96125,94508720000000,0,0,0
1,1501,94508720000000,94508720106625,94508725813000,5706375,5813000,106625,94508730000000,0,0,0
1,1502,94508730000000,94508730103500,94508735840000,5736500,5840000,103500,94508740000000,0,0,0
1,1503,94508740000000,94508740108250,94508745818875,5710625,5818875,108250,94508750000000,0,0,0
1,1504,94508750000000,94508750113625,94508755740750,5627125,5740750,113625,94508760000000,0,0,0
1,1505,94508760000000,94508760086125,94508765679625,5593500,5679625,86125,94508770000000,0,0,0
1,1506,94508770000000,94508770097875,94508775751750,5653875,5751750,97875,94508780000000,0,0,0
1,1507,94508780000000,94508780131125,94508785933750,5802625,5933750,131125,94508790000000,0,0,0
1,1508,94508790000000,94508790111750,94508795707375,5595625,5707375,111750,94508800000000,0,0,0
1,1509,94508800000000,94508800111875,94508805740500,5628625,5740500,111875,94508810000000,0,0,0
1,1510,94508810000000,94508810109375,94508815748875,5639500,5748875,109375,94508820000000,0,0,0
1,1511,94508820000000,94508820109625,94508825795750,5686125,5795750,109625,94508830000000,0,0,0
1,1512,94508830000000,94508830082000,94508835653125,5571125,5653125,82000,94508840000000,0,0,0
1,1513,94508840000000,94508840108125,94508845773625,5665500,5773625,108125,94508850000000,0,0,0
1,1514,94508850000000,94508850124750,94508855775125,5650375,5775125,124750,94508860000000,0,0,0
1,1515,94508860000000,94508860112250,94508865761500,5649250,5761500,112250,94508870000000,0,0,0
1,1516,94508870000000,94508870105000,94508875659500,5554500,5659500,105000,94508880000000,0,0,0
1,1517,94508880000000,94508880113125,94508885757000,5643875,5757000,113125,94508890000000,0,0,0
1,1518,94508890000000,94508890108125,94508895792375,5684250,5792375,108125,94508900000000,0,0,0
1,1519,94508900000000,94508900115875,94508905893500,5777625,5893500,115875,94508910000000,0,0,0
1,1520,94508910000000,94508910068375,94508915796375,5728000,5796375,68375,94508920000000,0,0,0
1,1521,94508920000000,94508920106000,94508925767625,5661625,5767625,106000,94508930000000,0,0,0
1,1522,94508930000000,94508930105500,94508935787875,5682375,5787875,105500,94508940000000,0,0,0
1,1523,94508940000000,94508940125625,94508945751250,5625625,5751250,125625,94508950000000,0,0,0
1,1524,94508950000000,94508950105625,94508955782000,5676375,5782000,105625,94508960000000,0,0,0
1,1525,94508960000000,94508960125750,94508965637125,5511375,5637125,125750,94508970000000,0,0,0
1,1526,94508970000000,94508970108500,94508975860375,5751875,5860375,108500,94508980000000,0,0,0
1,1527,94508980000000,94508980107625,94508985807625,5700000,5807625,107625,94508990000000,0,0,0
1,1528,94508990000000,94508990105375,94508995725625,5620250,5725625,105375,94509000000000,0,0,0
1,1529,94509000000000,94509000114625,94509005718625,5604000,5718625,114625,94509010000000,0,0,0
1,1530,94509010000000,94509010099750,94509015795625,5695875,5795625,99750,94509020000000,0,0,0
1,1531,94509020000000,94509020113625,94509025734625,5621000,5734625,113625,94509030000000,0,0,0
1,1532,94509030000000,94509030101625,94509035759250,5657625,5759250,101625,94509040000000,0,0,0
1,1533,94509040000000,94509040107875,94509045666375,5558500,5666375,107875,94509050000000,0,0,0
1,1534,94509050000000,94509050119750,94509055769375,5649625,5769375,119750,94509060000000,0,0,0
1,1535,94509060000000,94509060112375,94509065647000,5534625,5647000,112375,94509070000000,0,0,0
1,1536,94509070000000,94509070123750,94509075707375,5583625,5707375,123750,94509080000000,0,0,0
1,1537,94509080000000,94509080111875,94509085802125,5690250,5802125,111875,94509090000000,0,0,0
1,1538,94509090000000,94509090082000,94509095680750,5598750,5680750,82000,94509100000000,0,0,0
1,1539,94509100000000,94509100116375,94509105741750,5625375,5741750,116375,94509110000000,0,0,0
1,1540,94509110000000,94509110103250,94509115857125,5753875,5857125,103250,94509120000000,0,0,0
1,1541,94509120000000,94509120106250,94509125812250,5706000,5812250,106250,94509130000000,0,0,0
1,1542,94509130000000,94509130105000,94509135783125,5678125,5783125,105000,94509140000000,0,0,0
1,1543,94509140000000,94509140123125,94509145783750,5660625,5783750,123125,94509150000000,0,0,0
1,1544,94509150000000,94509150072125,94509155785875,5713750,5785875,72125,94509160000000,0,0,0
1,1545,94509160000000,94509160125625,94509165775000,5649375,5775000,125625,94509170000000,0,0,0
1,1546,94509170000000,94509170106750,94509175647250,5540500,5647250,106750,94509180000000,0,0,0
1,1547,94509180000000,94509180106875,94509185643000,5536125,5643000,106875,94509190000000,0,0,0
1,1548,94509190000000,94509190062125,94509195695125,5633000,5695125,62125,94509200000000,0,0,0
1,1549,94509200000000,94509200112625,94509205642000,5529375,5642000,112625,94509210000000,0,0,0
1,1550,94509210000000,94509210105125,94509215797875,5692750,5797875,105125,94509220000000,0,0,0
1,1551,94509220000000,94509220109500,94509225742000,5632500,5742000,109500,94509230000000,0,0,0
1,1552,94509230000000,94509230108375,94509235709375,5601000,5709375,108375,94509240000000,0,0,0
1,1553,94509240000000,94509240112875,94509245791375,5678500,5791375,112875,94509250000000,0,0,0
1,1554,94509250000000,94509250096750,94509255765250,5668500,5765250,96750,94509260000000,0,0,0
1,1555,94509260000000,94509260111250,94509265906000,5794750,5906000,111250,94509270000000,0,0,0
1,1556,94509270000000,94509270104500,94509275646375,5541875,5646375,104500,94509280000000,0,0,0
1,1557,94509280000000,94509280112125,94509285734625,5622500,5734625,112125,94509290000000,0,0,0
1,1558,94509290000000,94509290122875,94509295755750,5632875,5755750,122875,94509300000000,0,0,0
1,1559,94509300000000,94509300113875,94509306010625,5896750,6010625,113875,94509310000000,0,0,0
1,1560,94509310000000,94509310123250,94509315795500,5672250,5795500,123250,94509320000000,0,0,0
1,1561,94509320000000,94509320073125,94509325893625,5820500,5893625,73125,94509330000000,0,0,0
1,1562,94509330000000,94509330108250,94509335801125,5692875,5801125,108250,94509340000000,0,0,0
1,1563,94509340000000,94509340109500,94509345679375,5569875,5679375,109500,94509350000000,0,0,0
1,1564,94509350000000,94509350107875,94509355830875,5723000,5830875,107875,94509360000000,0,0,0
1,1565,94509360000000,94509360108625,94509365721125,5612500,5721125,108625,94509370000000,0,0,0
1,1566,94509370000000,94509370107625,94509375678750,5571125,5678750,107625,94509380000000,0,0,0
1,1567,94509380000000,94509380129625,94509385804875,5675250,5804875,129625,94509390000000,0,0,0
1,1568,94509390000000,94509390111500,94509395737875,5626375,5737875,111500,94509400000000,0,0,0
1,1569,94509400000000,94509400111875,94509405902625,5790750,5902625,111875,94509410000000,0,0,0
1,1570,94509410000000,94509410109875,94509415778750,5668875,5778750,109875,94509420000000,0,0,0
1,1571,94509420000000,94509420111125,94509425667125,5556000,5667125,111125,94509430000000,0,0,0
1,1572,94509430000000,94509430104250,94509435854875,5750625,5854875,104250,94509440000000,0,0,0
1,1573,94509440000000,94509440113750,94509445733500,5619750,5733500,113750,94509450000000,0,0,0
1,1574,94509450000000,94509450104875,94509455805000,5700125,5805000,104875,94509460000000,0,0,0
1,1575,94509460000000,94509460109250,94509465686000,5576750,5686000,109250,94509470000000,0,0,0
1,1576,94509470000000,94509470119750,94509475759625,5639875,5759625,119750,94509480000000,0,0,0
1,1577,94509480000000,94509480112875,94509485658625,5545750,5658625,112875,94509490000000,0,0,0
1,1578,94509490000000,94509490121625,94509495765875,5644250,5765875,121625,94509500000000,0,0,0
1,1579,94509500000000,94509500115500,94509505740250,5624750,5740250,115500,94509510000000,0,0,0
1,1580,94509510000000,94509510101125,94509515721625,5620500,5721625,101125,94509520000000,0,0,0
1,1581,94509520000000,94509520094375,94509525725375,5631000,5725375,94375,94509530000000,0,0,0
1,1582,94509530000000,94509530104750,94509535703875,5599125,5703875,104750,94509540000000,0,0,0
1,1583,94509540000000,94509540115000,94509545789500,5674500,5789500,115000,94509550000000,0,0,0
1,1584,94509550000000,94509550106375,94509555796000,5689625,5796000,106375,94509560000000,0,0,0
1,1585,94509560000000,94509560104000,94509565535375,5431375,5535375,104000,94509570000000,0,0,0
1,1586,94509570000000,94509570105500,94509575624500,5519000,5624500,105500,94509580000000,0,0,0
1,1587,94509580000000,94509580125750,94509585695125,5569375,5695125,125750,94509590000000,0,0,0
1,1588,94509590000000,94509590107875,94509595787375,5679500,5787375,107875,94509600000000,0,0,0
1,1589,94509600000000,94509600129000,94509605738750,5609750,5738750,129000,94509610000000,0,0,0
1,1590,94509610000000,94509610111625,94509615805375,5693750,5805375,111625,94509620000000,0,0,0
1,1591,94509620000000,94509620087500,94509625855875,5768375,5855875,87500,94509630000000,0,0,0
1,1592,94509630000000,94509630110250,94509635711000,5600750,5711000,110250,94509640000000,0,0,0
1,1593,94509640000000,94509640106875,94509645697250,5590375,5697250,106875,94509650000000,0,0,0
1,1594,94509650000000,94509650101000,94509655741500,5640500,5741500,101000,94509660000000,0,0,0
1,1595,94509660000000,94509660110625,94509665621875,5511250,5621875,110625,94509670000000,0,0,0
1,1596,94509670000000,94509670123625,94509675770750,5647125,5770750,123625,94509680000000,0,0,0
1,1597,94509680000000,94509680111000,94509685691125,5580125,5691125,111000,94509690000000,0,0,0
1,1598,94509690000000,94509690104625,94509695747875,5643250,5747875,104625,94509700000000,0,0,0
1,1599,94509700000000,94509700111875,94509705772750,5660875,5772750,111875,94509710000000,0,0,0
1,1600,94509710000000,94509710105250,94509715637000,5531750,5637000,105250,94509720000000,0,0,0
1,1601,94509720000000,94509720114125,94509725695750,5581625,5695750,114125,94509730000000,0,0,0
1,1602,94509730000000,94509730096625,94509735759500,5662875,5759500,96625,94509740000000,0,0,0
1,1603,94509740000000,94509740111250,94509745749375,5638125,5749375,111250,94509750000000,0,0,0
1,1604,94509750000000,94509750105500,94509755766500,5661000,5766500,105500,94509760000000,0,0,0
1,1605,94509760000000,94509760086000,94509765674000,5588000,5674000,86000,94509770000000,0,0,0
1,1606,94509770000000,94509770106500,94509775720000,5613500,5720000,106500,94509780000000,0,0,0
1,1607,94509780000000,94509780125625,94509785746875,5621250,5746875,125625,94509790000000,0,0,0
1,1608,94509790000000,94509790106125,94509795754000,5647875,5754000,106125,94509800000000,0,0,0
1,1609,94509800000000,94509800123625,94509805676625,5553000,5676625,123625,94509810000000,0,0,0
1,1610,94509810000000,94509810105250,94509815738750,5633500,5738750,105250,94509820000000,0,0,0
1,1611,94509820000000,94509820102500,94509825707000,5604500,5707000,102500,94509830000000,0,0,0
1,1612,94509830000000,94509830109125,94509835689250,5580125,5689250,109125,94509840000000,0,0,0
1,1613,94509840000000,94509840114625,94509845776625,5662000,5776625,114625,94509850000000,0,0,0
1,1614,94509850000000,94509850103750,94509855762875,5659125,5762875,103750,94509860000000,0,0,0
1,1615,94509860000000,94509860107375,94509865598750,5491375,5598750,107375,94509870000000,0,0,0
1,1616,94509870000000,94509870119000,94509875681750,5562750,5681750,119000,94509880000000,0,0,0
1,1617,94509880000000,94509880115750,94509885668625,5552875,5668625,115750,94509890000000,0,0,0
1,1618,94509890000000,94509890122000,94509895812875,5690875,5812875,122000,94509900000000,0,0,0
1,1619,94509900000000,94509900113750,94509905552625,5438875,5552625,113750,94509910000000,0,0,0
1,1620,94509910000000,94509910119875,94509915697625,5577750,5697625,119875,94509920000000,0,0,0
1,1621,94509920000000,94509920110750,94509925645625,5534875,5645625,110750,94509930000000,0,0,0
1,1622,94509930000000,94509930072000,94509935764500,5692500,5764500,72000,94509940000000,0,0,0
1,1623,94509940000000,94509940112500,94509946031000,5918500,6031000,112500,94509950000000,0,0,0
1,1624,94509950000000,94509950109500,94509955924375,5814875,5924375,109500,94509960000000,0,0,0
1,1625,94509960000000,94509960109375,94509965743375,5634000,5743375,109375,94509970000000,0,0,0
1,1626,94509970000000,94509970112000,94509975817250,5705250,5817250,112000,94509980000000,0,0,0
1,1627,94509980000000,94509980112625,94509985772875,5660250,5772875,112625,94509990000000,0,0,0
1,1628,94509990000000,94509990109125,94509995826375,5717250,5826375,109125,94510000000000,0,0,0
1,1629,94510000000000,94510000107875,94510005791625,5683750,5791625,107875,94510010000000,0,0,0
1,1630,94510010000000,94510010105625,94510015752000,5646375,5752000,105625,94510020000000,0,0,0
1,1631,94510020000000,94510020131375,94510025890500,5759125,5890500,131375,94510030000000,0,0,0
1,1632,94510030000000,94510030109000,94510035826750,5717750,5826750,109000,94510040000000,0,0,0
1,1633,94510040000000,94510040091250,94510045648875,5557625,5648875,91250,94510050000000,0,0,0
1,1634,94510050000000,94510050093000,94510055666500,5573500,5666500,93000,94510060000000,0,0,0
1,1635,94510060000000,94510060113000,94510065672625,5559625,5672625,113000,94510070000000,0,0,0
1,1636,94510070000000,94510070110125,94510075724375,5614250,5724375,110125,94510080000000,0,0,0
1,1637,94510080000000,94510080112250,94510085732625,5620375,5732625,112250,94510090000000,0,0,0
1,1638,94510090000000,94510090103625,94510095777500,5673875,5777500,103625,94510100000000,0,0,0
1,1639,94510100000000,94510100114125,94510105688750,5574625,5688750,114125,94510110000000,0,0,0
1,1640,94510110000000,94510110073500,94510115769625,5696125,5769625,73500,94510120000000,0,0,0
1,1641,94510120000000,94510120109750,94510125931000,5821250,5931000,109750,94510130000000,0,0,0
1,1642,94510130000000,94510130085875,94510135763250,5677375,5763250,85875,94510140000000,0,0,0
1,1643,94510140000000,94510140113375,94510145733875,5620500,5733875,113375,94510150000000,0,0,0
1,1644,94510150000000,94510150122250,94510156166750,6044500,6166750,122250,94510160000000,0,0,0
1,1645,94510160000000,94510160096375,94510165763250,5666875,5763250,96375,94510170000000,0,0,0
1,1646,94510170000000,94510170127000,94510176129500,6002500,6129500,127000,94510180000000,0,0,0
1,1647,94510180000000,94510180096125,94510185601375,5505250,5601375,96125,94510190000000,0,0,0
1,1648,94510190000000,94510190103250,94510195693375,5590125,5693375,103250,94510200000000,0,0,0
1,1649,94510200000000,94510200110250,94510205745500,5635250,5745500,110250,94510210000000,0,0,0
1,1650,94510210000000,94510210107500,94510215798125,5690625,5798125,107500,94510220000000,0,0,0
1,1651,94510220000000,94510220111500,94510225963875,5852375,5963875,111500,94510230000000,0,0,0
1,1652,94510230000000,94510230108000,94510235865375,5757375,5865375,108000,94510240000000,0,0,0
1,1653,94510240000000,94510240110000,94510245762000,5652000,5762000,110000,94510250000000,0,0,0
1,1654,94510250000000,94510250104750,94510255824875,5720125,5824875,104750,94510260000000,0,0,0
1,1655,94510260000000,94510260107250,94510265762500,5655250,5762500,107250,94510270000000,0,0,0
1,1656,94510270000000,94510270108375,94510275707000,5598625,5707000,108375,94510280000000,0,0,0
1,1657,94510280000000,94510280107500,94510285716000,5608500,5716000,107500,94510290000000,0,0,0
1,1658,94510290000000,94510290104125,94510295691750,5587625,5691750,104125,94510300000000,0,0,0
1,1659,94510300000000,94510300107500,94510305748125,5640625,5748125,107500,94510310000000,0,0,0
1,1660,94510310000000,94510310105250,94510315712875,5607625,5712875,105250,94510320000000,0,0,0
1,1661,94510320000000,94510320123625,94510325618000,5494375,5618000,123625,94510330000000,0,0,0
1,1662,94510330000000,94510330108125,94510335663125,5555000,5663125,108125,94510340000000,0,0,0
1,1663,94510340000000,94510340073125,94510345634000,5560875,5634000,73125,94510350000000,0,0,0
1,1664,94510350000000,94510350105250,94510355721375,5616125,5721375,105250,94510360000000,0,0,0
1,1665,94510360000000,94510360108500,94510365866750,5758250,5866750,108500,94510370000000,0,0,0
1,1666,94510370000000,94510370106625,94510375730250,5623625,5730250,106625,94510380000000,0,0,0
1,1667,94510380000000,94510380111000,94510385735125,5624125,5735125,111000,94510390000000,0,0,0
1,1668,94510390000000,94510390105625,94510395689375,5583750,5689375,105625,94510400000000,0,0,0
1,1669,94510400000000,94510400107125,94510405700500,5593375,5700500,107125,94510410000000,0,0,0
1,1670,94510410000000,94510410120375,94510415638750,5518375,5638750,120375,94510420000000,0,0,0
1,1671,94510420000000,94510420111250,94510425671500,5560250,5671500,111250,94510430000000,0,0,0
1,1672,94510430000000,94510430120875,94510435777500,5656625,5777500,120875,94510440000000,0,0,0
1,1673,94510440000000,94510440111250,94510445900875,5789625,5900875,111250,94510450000000,0,0,0
1,1674,94510450000000,94510450122375,94510455814625,5692250,5814625,122375,94510460000000,0,0,0
1,1675,94510460000000,94510460112000,94510465922625,5810625,5922625,112000,94510470000000,0,0,0
1,1676,94510470000000,94510470131000,94510475753250,5622250,5753250,131000,94510480000000,0,0,0
1,1677,94510480000000,94510480110250,94510485740000,5629750,5740000,110250,94510490000000,0,0,0
1,1678,94510490000000,94510490106250,94510495782500,5676250,5782500,106250,94510500000000,0,0,0
1,1679,94510500000000,94510500111375,94510505633875,5522500,5633875,111375,94510510000000,0,0,0
1,1680,94510510000000,94510510105000,94510515702875,5597875,5702875,105000,94510520000000,0,0,0
1,1681,94510520000000,94510520110750,94510525828250,5717500,5828250,110750,94510530000000,0,0,0
1,1682,94510530000000,94510530105250,94510535743250,5638000,5743250,105250,94510540000000,0,0,0
1,1683,94510540000000,94510540092750,94510545653500,5560750,5653500,92750,94510550000000,0,0,0
1,1684,94510550000000,94510550103875,94510555693250,5589375,5693250,103875,94510560000000,0,0,0
1,1685,94510560000000,94510560108250,94510565616625,5508375,5616625,108250,94510570000000,0,0,0
1,1686,94510570000000,94510570101750,94510575724625,5622875,5724625,101750,94510580000000,0,0,0
1,1687,94510580000000,94510580109000,94510585724375,5615375,5724375,109000,94510590000000,0,0,0
1,1688,94510590000000,94510590109000,94510595799250,5690250,5799250,109000,94510600000000,0,0,0
1,1689,94510600000000,94510600106125,94510605811375,5705250,5811375,106125,94510610000000,0,0,0
1,1690,94510610000000,94510610107250,94510615783125,5675875,5783125,107250,94510620000000,0,0,0
1,1691,94510620000000,94510620123750,94510625772750,5649000,5772750,123750,94510630000000,0,0,0
1,1692,94510630000000,94510630108000,94510635853875,5745875,5853875,108000,94510640000000,0,0,0
1,1693,94510640000000,94510640125875,94510645786875,5661000,5786875,125875,94510650000000,0,0,0
1,1694,94510650000000,94510650109250,94510655690500,5581250,5690500,109250,94510660000000,0,0,0
1,1695,94510660000000,94510660128125,94510665720000,5591875,5720000,128125,94510670000000,0,0,0
1,1696,94510670000000,94510670105250,94510675682250,5577000,5682250,105250,94510680000000,0,0,0
1,1697,94510680000000,94510680125625,94510685771625,5646000,5771625,125625,94510690000000,0,0,0
1,1698,94510690000000,94510690105750,94510695633750,5528000,5633750,105750,94510700000000,0,0,0
1,1699,94510700000000,94510700105000,94510705703875,5598875,5703875,105000,94510710000000,0,0,0
1,1700,94510710000000,94510710109375,94510715749625,5640250,5749625,109375,94510720000000,0,0,0
1,1701,94510720000000,94510720112625,94510725719375,5606750,5719375,112625,94510730000000,0,0,0
1,1702,94510730000000,94510730100500,94510735679625,5579125,5679625,100500,94510740000000,0,0,0
1,1703,94510740000000,94510740114000,94510745713125,5599125,5713125,114000,94510750000000,0,0,0
1,1704,94510750000000,94510750070000,94510755719125,5649125,5719125,70000,94510760000000,0,0,0
1,1705,94510760000000,94510760156875,94510765859875,5703000,5859875,156875,94510770000000,0,0,0
1,1706,94510770000000,94510770130125,94510775866125,5736000,5866125,130125,94510780000000,0,0,0
1,1707,94510780000000,94510780114500,94510785755000,5640500,5755000,114500,94510790000000,0,0,0
1,1708,94510790000000,94510790110875,94510795815875,5705000,5815875,110875,94510800000000,0,0,0
1,1709,94510800000000,94510800113250,94510805691125,5577875,5691125,113250,94510810000000,0,0,0
1,1710,94510810000000,94510810104375,94510815764000,5659625,5764000,104375,94510820000000,0,0,0
1,1711,94510820000000,94510820107375,94510825580875,5473500,5580875,107375,94510830000000,0,0,0
1,1712,94510830000000,94510830104875,94510835803250,5698375,5803250,104875,94510840000000,0,0,0
1,1713,94510840000000,94510840106250,94510845956375,5850125,5956375,106250,94510850000000,0,0,0
1,1714,94510850000000,94510850109375,94510855740750,5631375,5740750,109375,94510860000000,0,0,0
1,1715,94510860000000,94510860129000,94510865737250,5608250,5737250,129000,94510870000000,0,0,0
1,1716,94510870000000,94510870104125,94510875754625,5650500,5754625,104125,94510880000000,0,0,0
1,1717,94510880000000,94510880130250,94510886041750,5911500,6041750,130250,94510890000000,0,0,0
1,1718,94510890000000,94510890107125,94510895947375,5840250,5947375,107125,94510900000000,0,0,0
1,1719,94510900000000,94510900095500,94510905794125,5698625,5794125,95500,94510910000000,0,0,0
1,1720,94510910000000,94510910110375,94510915896000,5785625,5896000,110375,94510920000000,0,0,0
1,1721,94510920000000,94510920106250,94510925701500,5595250,5701500,106250,94510930000000,0,0,0
1,1722,94510930000000,94510930108125,94510935979250,5871125,5979250,108125,94510940000000,0,0,0
1,1723,94510940000000,94510940092500,94510945835125,5742625,5835125,92500,94510950000000,0,0,0
1,1724,94510950000000,94510950071500,94510955704500,5633000,5704500,71500,94510960000000,0,0,0
1,1725,94510960000000,94510960109375,94510965738125,5628750,5738125,109375,94510970000000,0,0,0
1,1726,94510970000000,94510970119500,94510975751500,5632000,5751500,119500,94510980000000,0,0,0
1,1727,94510980000000,94510980108000,94510985859500,5751500,5859500,108000,94510990000000,0,0,0
1,1728,94510990000000,94510990108000,94510995759000,5651000,5759000,108000,94511000000000,0,0,0
1,1729,94511000000000,94511000110750,94511005803750,5693000,5803750,110750,94511010000000,0,0,0
1,1730,94511010000000,94511010104875,94511015692250,5587375,5692250,104875,94511020000000,0,0,0
1,1731,94511020000000,94511020114375,94511025711625,5597250,5711625,114375,94511030000000,0,0,0
1,1732,94511030000000,94511030106500,94511035770875,5664375,5770875,106500,94511040000000,0,0,0
1,1733,94511040000000,94511040107125,94511045769875,5662750,5769875,107125,94511050000000,0,0,0
1,1734,94511050000000,94511050103000,94511055813000,5710000,5813000,103000,94511060000000,0,0,0
1,1735,94511060000000,94511060103500,94511065646875,5543375,5646875,103500,94511070000000,0,0,0
1,1736,94511070000000,94511070109375,94511075746500,5637125,5746500,109375,94511080000000,0,0,0
1,1737,94511080000000,94511080121875,94511085757125,5635250,5757125,121875,94511090000000,0,0,0
1,1738,94511090000000,94511090102625,94511095761875,5659250,5761875,102625,94511100000000,0,0,0
1,1739,94511100000000,94511100109500,94511105614000,5504500,5614000,109500,94511110000000,0,0,0
1,1740,94511110000000,94511110111250,94511115744750,5633500,5744750,111250,94511120000000,0,0,0
1,1741,94511120000000,94511120108875,94511125716125,5607250,5716125,108875,94511130000000,0,0,0
1,1742,94511130000000,94511130100500,94511135928625,5828125,5928625,100500,94511140000000,0,0,0
1,1743,94511140000000,94511140120875,94511145740375,5619500,5740375,120875,94511150000000,0,0,0
1,1744,94511150000000,94511150104500,94511155865375,5760875,5865375,104500,94511160000000,0,0,0
1,1745,94511160000000,94511160114000,94511165718500,5604500,5718500,114000,94511170000000,0,0,0
1,1746,94511170000000,94511170123875,94511175740250,5616375,5740250,123875,94511180000000,0,0,0
1,1747,94511180000000,94511180111125,94511185828250,5717125,5828250,111125,94511190000000,0,0,0
1,1748,94511190000000,94511190120125,94511195868750,5748625,5868750,120125,94511200000000,0,0,0
1,1749,94511200000000,94511200073875,94511205744000,5670125,5744000,73875,94511210000000,0,0,0
1,1750,94511210000000,94511210103875,94511215716875,5613000,5716875,103875,94511220000000,0,0,0
1,1751,94511220000000,94511220114500,94511225715250,5600750,5715250,114500,94511230000000,0,0,0
1,1752,94511230000000,94511230102375,94511235814500,5712125,5814500,102375,94511240000000,0,0,0
1,1753,94511240000000,94511240110000,94511245668500,5558500,5668500,110000,94511250000000,0,0,0
1,1754,94511250000000,94511250104375,94511255748500,5644125,5748500,104375,94511260000000,0,0,0
1,1755,94511260000000,94511260124625,94511265806375,5681750,5806375,124625,94511270000000,0,0,0
1,1756,94511270000000,94511270109750,94511275796375,5686625,5796375,109750,94511280000000,0,0,0
1,1757,94511280000000,94511280127000,94511285963750,5836750,5963750,127000,94511290000000,0,0,0
1,1758,94511290000000,94511290110750,94511295901625,5790875,5901625,110750,94511300000000,0,0,0
1,1759,94511300000000,94511300109125,94511305866625,5757500,5866625,109125,94511310000000,0,0,0
1,1760,94511310000000,94511310107125,94511315834250,5727125,5834250,107125,94511320000000,0,0,0
1,1761,94511320000000,94511320109000,94511325806000,5697000,5806000,109000,94511330000000,0,0,0
1,1762,94511330000000,94511330107250,94511335775500,5668250,5775500,107250,94511340000000,0,0,0
1,1763,94511340000000,94511340108500,94511345771375,5662875,5771375,108500,94511350000000,0,0,0
1,1764,94511350000000,94511350123000,94511355794000,5671000,5794000,123000,94511360000000,0,0,0
1,1765,94511360000000,94511360075875,94511365666000,5590125,5666000,75875,94511370000000,0,0,0
1,1766,94511370000000,94511370107000,94511375840875,5733875,5840875,107000,94511380000000,0,0,0
1,1767,94511380000000,94511380113250,94511385743875,5630625,5743875,113250,94511390000000,0,0,0
1,1768,94511390000000,94511390103375,94511395815500,5712125,5815500,103375,94511400000000,0,0,0
1,1769,94511400000000,94511400065750,94511405555000,5489250,5555000,65750,94511410000000,0,0,0
1,1770,94511410000000,94511410081625,94511415749875,5668250,5749875,81625,94511420000000,0,0,0
1,1771,94511420000000,94511420089750,94511425766125,5676375,5766125,89750,94511430000000,0,0,0
1,1772,94511430000000,94511430074625,94511435945375,5870750,5945375,74625,94511440000000,0,0,0
1,1773,94511440000000,94511440106125,94511445634125,5528000,5634125,106125,94511450000000,0,0,0
1,1774,94511450000000,94511450106625,94511455764250,5657625,5764250,106625,94511460000000,0,0,0
1,1775,94511460000000,94511460127250,94511466067500,5940250,6067500,127250,94511470000000,0,0,0
1,1776,94511470000000,94511470114000,94511475883375,5769375,5883375,114000,94511480000000,0,0,0
1,1777,94511480000000,94511480128875,94511485978875,5850000,5978875,128875,94511490000000,0,0,0
1,1778,94511490000000,94511490111250,94511495717625,5606375,5717625,111250,94511500000000,0,0,0
1,1779,94511500000000,94511500106500,94511505766125,5659625,5766125,106500,94511510000000,0,0,0
1,1780,94511510000000,94511510106375,94511515699000,5592625,5699000,106375,94511520000000,0,0,0
1,1781,94511520000000,94511520109375,94511525787375,5678000,5787375,109375,94511530000000,0,0,0
1,1782,94511530000000,94511530102000,94511535732125,5630125,5732125,102000,94511540000000,0,0,0
1,1783,94511540000000,94511540112250,94511546074375,5962125,6074375,112250,94511550000000,0,0,0
1,1784,94511550000000,94511550103625,94511555827625,5724000,5827625,103625,94511560000000,0,0,0
1,1785,94511560000000,94511560091000,94511565868625,5777625,5868625,91000,94511570000000,0,0,0
1,1786,94511570000000,94511570122250,94511575779625,5657375,5779625,122250,94511580000000,0,0,0
1,1787,94511580000000,94511580114250,94511585731875,5617625,5731875,114250,94511590000000,0,0,0
1,1788,94511590000000,94511590122875,94511595810250,5687375,5810250,122875,94511600000000,0,0,0
1,1789,94511600000000,94511600112125,94511605816000,5703875,5816000,112125,94511610000000,0,0,0
1,1790,94511610000000,94511610109000,94511615792500,5683500,5792500,109000,94511620000000,0,0,0
1,1791,94511620000000,94511620115250,94511625732500,5617250,5732500,115250,94511630000000,0,0,0
1,1792,94511630000000,94511630109500,94511635828000,5718500,5828000,109500,94511640000000,0,0,0
1,1793,94511640000000,94511640112500,94511645768875,5656375,5768875,112500,94511650000000,0,0,0
1,1794,94511650000000,94511650107625,94511655714250,5606625,5714250,107625,94511660000000,0,0,0
1,1795,94511660000000,94511660113250,94511665692250,5579000,5692250,113250,94511670000000,0,0,0
1,1796,94511670000000,94511670104000,94511675671000,5567000,5671000,104000,94511680000000,0,0,0
1,1797,94511680000000,94511680106125,94511685679000,5572875,5679000,106125,94511690000000,0,0,0
1,1798,94511690000000,94511690103875,94511695690125,5586250,5690125,103875,94511700000000,0,0,0
1,1799,94511700000000,94511700105500,94511705664500,5559000,5664500,105500,94511710000000,0,0,0
1,1800,94511710000000,94511710103250,94511715652500,5549250,5652500,103250,94511720000000,0,0,0
1,1801,94511720000000,94511720128625,94511725588250,5459625,5588250,128625,94511730000000,0,0,0
1,1802,94511730000000,94511730110000,94511735775625,5665625,5775625,110000,94511740000000,0,0,0
1,1803,94511740000000,94511740108875,94511745799000,5690125,5799000,108875,94511750000000,0,0,0
1,1804,94511750000000,94511750112000,94511755660875,5548875,5660875,112000,94511760000000,0,0,0
1,1805,94511760000000,94511760113250,94511765781125,5667875,5781125,113250,94511770000000,0,0,0
1,1806,94511770000000,94511770086750,94511775793875,5707125,5793875,86750,94511780000000,0,0,0
1,1807,94511780000000,94511780110375,94511785627750,5517375,5627750,110375,94511790000000,0,0,0
1,1808,94511790000000,94511790124875,94511795857500,5732625,5857500,124875,94511800000000,0,0,0
1,1809,94511800000000,94511800117000,94511805720375,5603375,5720375,117000,94511810000000,0,0,0
1,1810,94511810000000,94511810104125,94511815806250,5702125,5806250,104125,94511820000000,0,0,0
1,1811,94511820000000,94511820114625,94511825676250,5561625,5676250,114625,94511830000000,0,0,0
1,1812,94511830000000,94511830105125,94511835770625,5665500,5770625,105125,94511840000000,0,0,0
1,1813,94511840000000,94511840091875,94511845652500,5560625,5652500,91875,94511850000000,0,0,0
1,1814,94511850000000,94511850104375,94511855829000,5724625,5829000,104375,94511860000000,0,0,0
1,1815,94511860000000,94511860105625,94511865706375,5600750,5706375,105625,94511870000000,0,0,0
1,1816,94511870000000,94511870108250,94511875754375,5646125,5754375,108250,94511880000000,0,0,0
1,1817,94511880000000,94511880128750,94511885699125,5570375,5699125,128750,94511890000000,0,0,0
1,1818,94511890000000,94511890108500,94511895709375,5600875,5709375,108500,94511900000000,0,0,0
1,1819,94511900000000,94511900110625,94511905734375,5623750,5734375,110625,94511910000000,0,0,0
1,1820,94511910000000,94511910108875,94511915754125,5645250,5754125,108875,94511920000000,0,0,0
1,1821,94511920000000,94511920112375,94511925625000,5512625,5625000,112375,94511930000000,0,0,0
1,1822,94511930000000,94511930100750,94511935705250,5604500,5705250,100750,94511940000000,0,0,0
1,1823,94511940000000,94511940107500,94511945760875,5653375,5760875,107500,94511950000000,0,0,0
1,1824,94511950000000,94511950104625,94511955815250,5710625,5815250,104625,94511960000000,0,0,0
1,1825,94511960000000,94511960112250,94511965809250,5697000,5809250,112250,94511970000000,0,0,0
1,1826,94511970000000,94511970069125,94511975761875,5692750,5761875,69125,94511980000000,0,0,0
1,1827,94511980000000,94511980110500,94511985854625,5744125,5854625,110500,94511990000000,0,0,0
1,1828,94511990000000,94511990102875,94511995834500,5731625,5834500,102875,94512000000000,0,0,0
1,1829,94512000000000,94512000110750,94512005642625,5531875,5642625,110750,94512010000000,0,0,0
1,1830,94512010000000,94512010090375,94512015728875,5638500,5728875,90375,94512020000000,0,0,0
1,1831,94512020000000,94512020109750,94512025643250,5533500,5643250,109750,94512030000000,0,0,0
1,1832,94512030000000,94512030123875,94512035710875,5587000,5710875,123875,94512040000000,0,0,0
1,1833,94512040000000,94512040112500,94512045805625,5693125,5805625,112500,94512050000000,0,0,0
1,1834,94512050000000,94512050124750,94512055818000,5693250,5818000,124750,94512060000000,0,0,0
1,1835,94512060000000,94512060110250,94512065689750,5579500,5689750,110250,94512070000000,0,0,0
1,1836,94512070000000,94512070125375,94512075777000,5651625,5777000,125375,94512080000000,0,0,0
1,1837,94512080000000,94512080106625,94512085637875,5531250,5637875,106625,94512090000000,0,0,0
1,1838,94512090000000,94512090107250,94512095783500,5676250,5783500,107250,94512100000000,0,0,0
1,1839,94512100000000,94512100113125,94512105964000,5850875,5964000,113125,94512110000000,0,0,0
1,1840,94512110000000,94512110108000,94512115808875,5700875,5808875,108000,94512120000000,0,0,0
1,1841,94512120000000,94512120110375,94512125733625,5623250,5733625,110375,94512130000000,0,0,0
1,1842,94512130000000,94512130105000,94512135720250,5615250,5720250,105000,94512140000000,0,0,0
1,1843,94512140000000,94512140113375,94512146187375,6074000,6187375,113375,94512150000000,0,0,0
1,1844,94512150000000,94512150110875,94512155880000,5769125,5880000,110875,94512160000000,0,0,0
1,1845,94512160000000,94512160067500,94512165776250,5708750,5776250,67500,94512170000000,0,0,0
1,1846,94512170000000,94512170103625,94512175826750,5723125,5826750,103625,94512180000000,0,0,0
1,1847,94512180000000,94512180088000,94512185722500,5634500,5722500,88000,94512190000000,0,0,0
1,1848,94512190000000,94512190108625,94512195737875,5629250,5737875,108625,94512200000000,0,0,0
1,1849,94512200000000,94512200130250,94512205947125,5816875,5947125,130250,94512210000000,0,0,0
1,1850,94512210000000,94512210113125,94512215732250,5619125,5732250,113125,94512220000000,0,0,0
1,1851,94512220000000,94512220089625,94512225631875,5542250,5631875,89625,94512230000000,0,0,0
1,1852,94512230000000,94512230108125,94512235760125,5652000,5760125,108125,94512240000000,0,0,0
1,1853,94512240000000,94512240113125,94512245695875,5582750,5695875,113125,94512250000000,0,0,0
1,1854,94512250000000,94512250105625,94512255758000,5652375,5758000,105625,94512260000000,0,0,0
1,1855,94512260000000,94512260111500,94512265818625,5707125,5818625,111500,94512270000000,0,0,0
1,1856,94512270000000,94512270110000,94512275786125,5676125,5786125,110000,94512280000000,0,0,0
1,1857,94512280000000,94512280111375,94512285723750,5612375,5723750,111375,94512290000000,0,0,0
1,1858,94512290000000,94512290100375,94512295748500,5648125,5748500,100375,94512300000000,0,0,0
1,1859,94512300000000,94512300108875,94512305680375,5571500,5680375,108875,94512310000000,0,0,0
1,1860,94512310000000,94512310123000,94512315782625,5659625,5782625,123000,94512320000000,0,0,0
1,1861,94512320000000,94512320088875,94512325657375,5568500,5657375,88875,94512330000000,0,0,0
1,1862,94512330000000,94512330124000,94512335776000,5652000,5776000,124000,94512340000000,0,0,0
1,1863,94512340000000,94512340116000,94512345821125,5705125,5821125,116000,94512350000000,0,0,0
1,1864,94512350000000,94512350108125,94512355840625,5732500,5840625,108125,94512360000000,0,0,0
1,1865,94512360000000,94512360114250,94512365791625,5677375,5791625,114250,94512370000000,0,0,0
1,1866,94512370000000,94512370109500,94512375729250,5619750,5729250,109500,94512380000000,0,0,0
1,1867,94512380000000,94512380075625,94512385699375,5623750,5699375,75625,94512390000000,0,0,0
1,1868,94512390000000,94512390106500,94512395727500,5621000,5727500,106500,94512400000000,0,0,0
1,1869,94512400000000,94512400106750,94512405673125,5566375,5673125,106750,94512410000000,0,0,0
1,1870,94512410000000,94512410107125,94512415673125,5566000,5673125,107125,94512420000000,0,0,0
1,1871,94512420000000,94512420125875,94512425745000,5619125,5745000,125875,94512430000000,0,0,0
1,1872,94512430000000,94512430106125,94512435682625,5576500,5682625,106125,94512440000000,0,0,0
1,1873,94512440000000,94512440128500,94512445628750,5500250,5628750,128500,94512450000000,0,0,0
1,1874,94512450000000,94512450109250,94512455811625,5702375,5811625,109250,94512460000000,0,0,0
1,1875,94512460000000,94512460127875,94512465765250,5637375,5765250,127875,94512470000000,0,0,0
1,1876,94512470000000,94512470104000,94512475715875,5611875,5715875,104000,94512480000000,0,0,0
1,1877,94512480000000,94512480130375,94512485724000,5593625,5724000,130375,94512490000000,0,0,0
1,1878,94512490000000,94512490110375,94512495692625,5582250,5692625,110375,94512500000000,0,0,0
1,1879,94512500000000,94512500105500,94512505717375,5611875,5717375,105500,94512510000000,0,0,0
1,1880,94512510000000,94512510111750,94512515833750,5722000,5833750,111750,94512520000000,0,0,0
1,1881,94512520000000,94512520111750,94512525724625,5612875,5724625,111750,94512530000000,0,0,0
1,1882,94512530000000,94512530105375,94512535704875,5599500,5704875,105375,94512540000000,0,0,0
1,1883,94512540000000,94512540114500,94512545817125,5702625,5817125,114500,94512550000000,0,0,0
1,1884,94512550000000,94512550107000,94512555769875,5662875,5769875,107000,94512560000000,0,0,0
1,1885,94512560000000,94512560115500,94512565996000,5880500,5996000,115500,94512570000000,0,0,0
1,1886,94512570000000,94512570103625,94512575787000,5683375,5787000,103625,94512580000000,0,0,0
1,1887,94512580000000,94512580088125,94512585790625,5702500,5790625,88125,94512590000000,0,0,0
1,1888,94512590000000,94512590125250,94512595827750,5702500,5827750,125250,94512600000000,0,0,0
1,1889,94512600000000,94512600110500,94512605775875,5665375,5775875,110500,94512610000000,0,0,0
1,1890,94512610000000,94512610127375,94512615715125,5587750,5715125,127375,94512620000000,0,0,0
1,1891,94512620000000,94512620112750,94512625821750,5709000,5821750,112750,94512630000000,0,0,0
1,1892,94512630000000,94512630106375,94512635691000,5584625,5691000,106375,94512640000000,0,0,0
1,1893,94512640000000,94512640117000,94512645660125,5543125,5660125,117000,94512650000000,0,0,0
1,1894,94512650000000,94512650105750,94512655763375,5657625,5763375,105750,94512660000000,0,0,0
1,1895,94512660000000,94512660112500,94512666060500,5948000,6060500,112500,94512670000000,0,0,0
1,1896,94512670000000,94512670109750,94512675825750,5716000,5825750,109750,94512680000000,0,0,0
1,1897,94512680000000,94512680104375,94512685798500,5694125,5798500,104375,94512690000000,0,0,0
1,1898,94512690000000,94512690108250,94512695693875,5585625,5693875,108250,94512700000000,0,0,0
1,1899,94512700000000,94512700129375,94512705792625,5663250,5792625,129375,94512710000000,0,0,0
1,1900,94512710000000,94512710108750,94512715796875,5688125,5796875,108750,94512720000000,0,0,0
1,1901,94512720000000,94512720125750,94512725746750,5621000,5746750,125750,94512730000000,0,0,0
1,1902,94512730000000,94512730108875,94512735703875,5595000,5703875,108875,94512740000000,0,0,0
1,1903,94512740000000,94512740129625,94512745618000,5488375,5618000,129625,94512750000000,0,0,0
1,1904,94512750000000,94512750103750,94512755709250,5605500,5709250,103750,94512760000000,0,0,0
1,1905,94512760000000,94512760111500,94512765721375,5609875,5721375,111500,94512770000000,0,0,0
1,1906,94512770000000,94512770105000,94512775750125,5645125,5750125,105000,94512780000000,0,0,0
1,1907,94512780000000,94512780075250,94512785713000,5637750,5713000,75250,94512790000000,0,0,0
1,1908,94512790000000,94512790101500,94512795701125,5599625,5701125,101500,94512800000000,0,0,0
1,1909,94512800000000,94512800109125,94512805884250,5775125,5884250,109125,94512810000000,0,0,0
1,1910,94512810000000,94512810104875,94512815835250,5730375,5835250,104875,94512820000000,0,0,0
1,1911,94512820000000,94512820111250,94512825734375,5623125,5734375,111250,94512830000000,0,0,0
1,1912,94512830000000,94512830070125,94512835679750,5609625,5679750,70125,94512840000000,0,0,0
1,1913,94512840000000,94512840110875,94512845690000,5579125,5690000,110875,94512850000000,0,0,0
1,1914,94512850000000,94512850121625,94512855706000,5584375,5706000,121625,94512860000000,0,0,0
1,1915,94512860000000,94512860093750,94512865726750,5633000,5726750,93750,94512870000000,0,0,0
1,1916,94512870000000,94512870122625,94512875697250,5574625,5697250,122625,94512880000000,0,0,0
1,1917,94512880000000,94512880116625,94512885651375,5534750,5651375,116625,94512890000000,0,0,0
1,1918,94512890000000,94512890105375,94512895757000,5651625,5757000,105375,94512900000000,0,0,0
1,1919,94512900000000,94512900111500,94512905734500,5623000,5734500,111500,94512910000000,0,0,0
1,1920,94512910000000,94512910104750,94512915750625,5645875,5750625,104750,94512920000000,0,0,0
1,1921,94512920000000,94512920109625,94512925909250,5799625,5909250,109625,94512930000000,0,0,0
1,1922,94512930000000,94512930111750,94512935742875,5631125,5742875,111750,94512940000000,0,0,0
1,1923,94512940000000,94512940130125,94512945758250,5628125,5758250,130125,94512950000000,0,0,0
1,1924,94512950000000,94512950106875,94512955781000,5674125,5781000,106875,94512960000000,0,0,0
1,1925,94512960000000,94512960128500,94512965810000,5681500,5810000,128500,94512970000000,0,0,0
1,1926,94512970000000,94512970106250,94512975798500,5692250,5798500,106250,94512980000000,0,0,0
1,1927,94512980000000,94512980111750,94512985811000,5699250,5811000,111750,94512990000000,0,0,0
1,1928,94512990000000,94512990070625,94512995796000,5725375,5796000,70625,94513000000000,0,0,0
1,1929,94513000000000,94513000110375,94513005797500,5687125,5797500,110375,94513010000000,0,0,0
1,1930,94513010000000,94513010099750,94513015741250,5641500,5741250,99750,94513020000000,0,0,0
1,1931,94513020000000,94513020112500,94513025824875,5712375,5824875,112500,94513030000000,0,0,0
1,1932,94513030000000,94513030105875,94513035782375,5676500,5782375,105875,94513040000000,0,0,0
1,1933,94513040000000,94513040114750,94513045789125,5674375,5789125,114750,94513050000000,0,0,0
1,1934,94513050000000,94513050128125,94513055766625,5638500,5766625,128125,94513060000000,0,0,0
1,1935,94513060000000,94513060110500,94513065837000,5726500,5837000,110500,94513070000000,0,0,0
1,1936,94513070000000,94513070111125,94513075830875,5719750,5830875,111125,94513080000000,0,0,0
1,1937,94513080000000,94513080114000,94513085770375,5656375,5770375,114000,94513090000000,0,0,0
1,1938,94513090000000,94513090113000,94513095732625,5619625,5732625,113000,94513100000000,0,0,0
1,1939,94513100000000,94513100114875,94513105706000,5591125,5706000,114875,94513110000000,0,0,0
1,1940,94513110000000,94513110108875,94513115848625,5739750,5848625,108875,94513120000000,0,0,0
1,1941,94513120000000,94513120106375,94513126065750,5959375,6065750,106375,94513130000000,0,0,0
1,1942,94513130000000,94513130105125,94513135877000,5771875,5877000,105125,94513140000000,0,0,0
1,1943,94513140000000,94513140104750,94513145903000,5798250,5903000,104750,94513150000000,0,0,0
1,1944,94513150000000,94513150104375,94513155709500,5605125,5709500,104375,94513160000000,0,0,0
1,1945,94513160000000,94513160126625,94513165799625,5673000,5799625,126625,94513170000000,0,0,0
1,1946,94513170000000,94513170107125,94513175797500,5690375,5797500,107125,94513180000000,0,0,0
1,1947,94513180000000,94513180093625,94513185763250,5669625,5763250,93625,94513190000000,0,0,0
1,1948,94513190000000,94513190103750,94513195780000,5676250,5780000,103750,94513200000000,0,0,0
1,1949,94513200000000,94513200112875,94513205744375,5631500,5744375,112875,94513210000000,0,0,0
1,1950,94513210000000,94513210106000,94513215767000,5661000,5767000,106000,94513220000000,0,0,0
1,1951,94513220000000,94513220106750,94513225676375,5569625,5676375,106750,94513230000000,0,0,0
1,1952,94513230000000,94513230105250,94513235818000,5712750,5818000,105250,94513240000000,0,0,0
1,1953,94513240000000,94513240113250,94513245815875,5702625,5815875,113250,94513250000000,0,0,0
1,1954,94513250000000,94513250097375,94513255815000,5717625,5815000,97375,94513260000000,0,0,0
1,1955,94513260000000,94513260112875,94513265772250,5659375,5772250,112875,94513270000000,0,0,0
1,1956,94513270000000,94513270123875,94513275839000,5715125,5839000,123875,94513280000000,0,0,0
1,1957,94513280000000,94513280113500,94513285782500,5669000,5782500,113500,94513290000000,0,0,0
1,1958,94513290000000,94513290107000,94513295853625,5746625,5853625,107000,94513300000000,0,0,0
1,1959,94513300000000,94513300114500,94513305985875,5871375,5985875,114500,94513310000000,0,0,0
1,1960,94513310000000,94513310108375,94513315900250,5791875,5900250,108375,94513320000000,0,0,0
1,1961,94513320000000,94513320115750,94513325787750,5672000,5787750,115750,94513330000000,0,0,0
1,1962,94513330000000,94513330109000,94513335805500,5696500,5805500,109000,94513340000000,0,0,0
1,1963,94513340000000,94513340105250,94513345754000,5648750,5754000,105250,94513350000000,0,0,0
1,1964,94513350000000,94513350104125,94513355685000,5580875,5685000,104125,94513360000000,0,0,0
1,1965,94513360000000,94513360125500,94513365694375,5568875,5694375,125500,94513370000000,0,0,0
1,1966,94513370000000,94513370106375,94513375755625,5649250,5755625,106375,94513380000000,0,0,0
1,1967,94513380000000,94513380109375,94513385611625,5502250,5611625,109375,94513390000000,0,0,0
1,1968,94513390000000,94513390109125,94513395619375,5510250,5619375,109125,94513400000000,0,0,0
1,1969,94513400000000,94513400075375,94513405713750,5638375,5713750,75375,94513410000000,0,0,0
1,1970,94513410000000,94513410101000,94513415720375,5619375,5720375,101000,94513420000000,0,0,0
1,1971,94513420000000,94513420111125,94513425693500,5582375,5693500,111125,94513430000000,0,0,0
1,1972,94513430000000,94513430120875,94513435713125,5592250,5713125,120875,94513440000000,0,0,0
1,1973,94513440000000,94513440109750,94513445836125,5726375,5836125,109750,94513450000000,0,0,0
1,1974,94513450000000,94513450104750,94513455797500,5692750,5797500,104750,94513460000000,0,0,0
1,1975,94513460000000,94513460086750,94513465680625,5593875,5680625,86750,94513470000000,0,0,0
1,1976,94513470000000,94513470109250,94513475697000,5587750,5697000,109250,94513480000000,0,0,0
1,1977,94513480000000,94513480112500,94513485751125,5638625,5751125,112500,94513490000000,0,0,0
1,1978,94513490000000,94513490112625,94513495761250,5648625,5761250,112625,94513500000000,0,0,0
1,1979,94513500000000,94513500108250,94513505750000,5641750,5750000,108250,94513510000000,0,0,0
1,1980,94513510000000,94513510109625,94513515653375,5543750,5653375,109625,94513520000000,0,0,0
1,1981,94513520000000,94513520125500,94513525670875,5545375,5670875,125500,94513530000000,0,0,0
1,1982,94513530000000,94513530106875,94513535707500,5600625,5707500,106875,94513540000000,0,0,0
1,1983,94513540000000,94513540128125,94513545767625,5639500,5767625,128125,94513550000000,0,0,0
1,1984,94513550000000,94513550105750,94513555748625,5642875,5748625,105750,94513560000000,0,0,0
1,1985,94513560000000,94513560110000,94513565778125,5668125,5778125,110000,94513570000000,0,0,0
1,1986,94513570000000,94513570105000,94513575787875,5682875,5787875,105000,94513580000000,0,0,0
1,1987,94513580000000,94513580111250,94513585656125,5544875,5656125,111250,94513590000000,0,0,0
1,1988,94513590000000,94513590100125,94513595683875,5583750,5683875,100125,94513600000000,0,0,0
1,1989,94513600000000,94513600093375,94513605679875,5586500,5679875,93375,94513610000000,0,0,0
1,1990,94513610000000,94513610100375,94513615757750,5657375,5757750,100375,94513620000000,0,0,0
1,1991,94513620000000,94513620110625,94513625679000,5568375,5679000,110625,94513630000000,0,0,0
1,1992,94513630000000,94513630124250,94513635729500,5605250,5729500,124250,94513640000000,0,0,0
1,1993,94513640000000,94513640112625,94513645625250,5512625,5625250,112625,94513650000000,0,0,0
1,1994,94513650000000,94513650103250,94513655630500,5527250,5630500,103250,94513660000000,0,0,0
1,1995,94513660000000,94513660107500,94513665674500,5567000,5674500,107500,94513670000000,0,0,0
1,1996,94513670000000,94513670108125,94513675747875,5639750,5747875,108125,94513680000000,0,0,0
1,1997,94513680000000,94513680110875,94513685638875,5528000,5638875,110875,94513690000000,0,0,0
1,1998,94513690000000,94513690106750,94513695701250,5594500,5701250,106750,94513700000000,0,0,0
1,1999,94513700000000,94513700103375,94513705807500,5704125,5807500,103375,94513710000000,0,0,0
1,2000,94513710000000,94513710105625,94513715692625,5587000,5692625,105625,94513720000000,0,0,0
1,2001,94513720000000,94513720128625,94513725807625,5679000,5807625,128625,94513730000000,0,0,0
1,2002,94513730000000,94513730108875,94513735733375,5624500,5733375,108875,94513740000000,0,0,0
1,2003,94513740000000,94513740127125,94513745731625,5604500,5731625,127125,94513750000000,0,0,0
1,2004,94513750000000,94513750110750,94513755731625,5620875,5731625,110750,94513760000000,0,0,0
1,2005,94513760000000,94513760112000,94513765765125,5653125,5765125,112000,94513770000000,0,0,0
1,2006,94513770000000,94513770108125,94513775688750,5580625,5688750,108125,94513780000000,0,0,0
1,2007,94513780000000,94513780112625,94513785641500,5528875,5641500,112625,94513790000000,0,0,0
1,2008,94513790000000,94513790084000,94513795679750,5595750,5679750,84000,94513800000000,0,0,0
1,2009,94513800000000,94513800116125,94513805739125,5623000,5739125,116125,94513810000000,0,0,0
1,2010,94513810000000,94513810096000,94513815646875,5550875,5646875,96000,94513820000000,0,0,0
1,2011,94513820000000,94513820101125,94513825711125,5610000,5711125,101125,94513830000000,0,0,0
1,2012,94513830000000,94513830125375,94513835886875,5761500,5886875,125375,94513840000000,0,0,0
1,2013,94513840000000,94513840110125,94513845730250,5620125,5730250,110125,94513850000000,0,0,0
1,2014,94513850000000,94513850124625,94513855813625,5689000,5813625,124625,94513860000000,0,0,0
1,2015,94513860000000,94513860110875,94513865667375,5556500,5667375,110875,94513870000000,0,0,0
1,2016,94513870000000,94513870105125,94513875838625,5733500,5838625,105125,94513880000000,0,0,0
1,2017,94513880000000,94513880114000,94513885782625,5668625,5782625,114000,94513890000000,0,0,0
1,2018,94513890000000,94513890068375,94513895667125,5598750,5667125,68375,94513900000000,0,0,0
1,2019,94513900000000,94513900109750,94513905817375,5707625,5817375,109750,94513910000000,0,0,0
1,2020,94513910000000,94513910106250,94513915666250,5560000,5666250,106250,94513920000000,0,0,0
1,2021,94513920000000,94513920108250,94513925790750,5682500,5790750,108250,94513930000000,0,0,0
1,2022,94513930000000,94513930102875,94513935689125,5586250,5689125,102875,94513940000000,0,0,0
1,2023,94513940000000,94513940091250,94513945733875,5642625,5733875,91250,94513950000000,0,0,0
1,2024,94513950000000,94513950108250,94513955814750,5706500,5814750,108250,94513960000000,0,0,0
1,2025,94513960000000,94513960108875,94513965802625,5693750,5802625,108875,94513970000000,0,0,0
1,2026,94513970000000,94513970107125,94513975719750,5612625,5719750,107125,94513980000000,0,0,0
1,2027,94513980000000,94513980131625,94513986002000,5870375,6002000,131625,94513990000000,0,0,0
1,2028,94513990000000,94513990107125,94513995757875,5650750,5757875,107125,94514000000000,0,0,0
1,2029,94514000000000,94514000112375,94514005714875,5602500,5714875,112375,94514010000000,0,0,0
1,2030,94514010000000,94514010069875,94514015780875,5711000,5780875,69875,94514020000000,0,0,0
1,2031,94514020000000,94514020114750,94514026001875,5887125,6001875,114750,94514030000000,0,0,0
1,2032,94514030000000,94514030105750,94514035748000,5642250,5748000,105750,94514040000000,0,0,0
1,2033,94514040000000,94514040113625,94514045796250,5682625,5796250,113625,94514050000000,0,0,0
1,2034,94514050000000,94514050125625,94514055826375,5700750,5826375,125625,94514060000000,0,0,0
1,2035,94514060000000,94514060113000,94514065693000,5580000,5693000,113000,94514070000000,0,0,0
1,2036,94514070000000,94514070105750,94514075815000,5709250,5815000,105750,94514080000000,0,0,0
1,2037,94514080000000,94514080113250,94514085759875,5646625,5759875,113250,94514090000000,0,0,0
1,2038,94514090000000,94514090106500,94514095758875,5652375,5758875,106500,94514100000000,0,0,0
1,2039,94514100000000,94514100109250,94514105941750,5832500,5941750,109250,94514110000000,0,0,0
1,2040,94514110000000,94514110110750,94514115750500,5639750,5750500,110750,94514120000000,0,0,0
1,2041,94514120000000,94514120125375,94514125892750,5767375,5892750,125375,94514130000000,0,0,0
1,2042,94514130000000,94514130109250,94514135876375,5767125,5876375,109250,94514140000000,0,0,0
1,2043,94514140000000,94514140109625,94514145856125,5746500,5856125,109625,94514150000000,0,0,0
1,2044,94514150000000,94514150108500,94514155817250,5708750,5817250,108500,94514160000000,0,0,0
1,2045,94514160000000,94514160111500,94514165791500,5680000,5791500,111500,94514170000000,0,0,0
1,2046,94514170000000,94514170109750,94514175609750,5500000,5609750,109750,94514180000000,0,0,0
1,2047,94514180000000,94514180112500,94514185735625,5623125,5735625,112500,94514190000000,0,0,0
1,2048,94514190000000,94514190104875,94514195808500,5703625,5808500,104875,94514200000000,0,0,0
1,2049,94514200000000,94514200111250,94514206044250,5933000,6044250,111250,94514210000000,0,0,0
1,2050,94514210000000,94514210085125,94514215902125,5817000,5902125,85125,94514220000000,0,0,0
1,2051,94514220000000,94514220113125,94514225830125,5717000,5830125,113125,94514230000000,0,0,0
1,2052,94514230000000,94514230126125,94514235808500,5682375,5808500,126125,94514240000000,0,0,0
1,2053,94514240000000,94514240114250,94514246013000,5898750,6013000,114250,94514250000000,0,0,0
1,2054,94514250000000,94514250124500,94514255923250,5798750,5923250,124500,94514260000000,0,0,0
1,2055,94514260000000,94514260110875,94514265838375,5727500,5838375,110875,94514270000000,0,0,0
1,2056,94514270000000,94514270070375,94514275805625,5735250,5805625,70375,94514280000000,0,0,0
1,2057,94514280000000,94514280109250,94514285882750,5773500,5882750,109250,94514290000000,0,0,0
1,2058,94514290000000,94514290105375,94514295654500,5549125,5654500,105375,94514300000000,0,0,0
1,2059,94514300000000,94514300108625,94514305682250,5573625,5682250,108625,94514310000000,0,0,0
1,2060,94514310000000,94514310110125,94514315740375,5630250,5740375,110125,94514320000000,0,0,0
1,2061,94514320000000,94514320028375,94514325589625,5561250,5589625,28375,94514330000000,0,0,0
1,2062,94514330000000,94514330106625,94514335843000,5736375,5843000,106625,94514340000000,0,0,0
1,2063,94514340000000,94514340131625,94514345824750,5693125,5824750,131625,94514350000000,0,0,0
1,2064,94514350000000,94514350103750,94514355731500,5627750,5731500,103750,94514360000000,0,0,0
1,2065,94514360000000,94514360132125,94514365732500,5600375,5732500,132125,94514370000000,0,0,0
1,2066,94514370000000,94514370103375,94514375785625,5682250,5785625,103375,94514380000000,0,0,0
1,2067,94514380000000,94514380111750,94514385792250,5680500,5792250,111750,94514390000000,0,0,0
1,2068,94514390000000,94514390111625,94514395798500,5686875,5798500,111625,94514400000000,0,0,0
1,2069,94514400000000,94514400113125,94514405706750,5593625,5706750,113125,94514410000000,0,0,0
1,2070,94514410000000,94514410104000,94514415722750,5618750,5722750,104000,94514420000000,0,0,0
1,2071,94514420000000,94514420070375,94514425589750,5519375,5589750,70375,94514430000000,0,0,0
1,2072,94514430000000,94514430121500,94514435747000,5625500,5747000,121500,94514440000000,0,0,0
1,2073,94514440000000,94514440110000,94514445827125,5717125,5827125,110000,94514450000000,0,0,0
1,2074,94514450000000,94514450123250,94514455860625,5737375,5860625,123250,94514460000000,0,0,0
1,2075,94514460000000,94514460113875,94514465687625,5573750,5687625,113875,94514470000000,0,0,0
1,2076,94514470000000,94514470124500,94514475844625,5720125,5844625,124500,94514480000000,0,0,0
1,2077,94514480000000,94514480110875,94514485808750,5697875,5808750,110875,94514490000000,0,0,0
1,2078,94514490000000,94514490101000,94514495698250,5597250,5698250,101000,94514500000000,0,0,0
1,2079,94514500000000,94514500113375,94514505613750,5500375,5613750,113375,94514510000000,0,0,0
1,2080,94514510000000,94514510105625,94514515690375,5584750,5690375,105625,94514520000000,0,0,0
1,2081,94514520000000,94514520107750,94514525678875,5571125,5678875,107750,94514530000000,0,0,0
1,2082,94514530000000,94514530107625,94514535660875,5553250,5660875,107625,94514540000000,0,0,0
1,2083,94514540000000,94514540127500,94514545681125,5553625,5681125,127500,94514550000000,0,0,0
1,2084,94514550000000,94514550107125,94514555691750,5584625,5691750,107125,94514560000000,0,0,0
1,2085,94514560000000,94514560109875,94514565758750,5648875,5758750,109875,94514570000000,0,0,0
1,2086,94514570000000,94514570103000,94514575676500,5573500,5676500,103000,94514580000000,0,0,0
1,2087,94514580000000,94514580108750,94514585728375,5619625,5728375,108750,94514590000000,0,0,0
1,2088,94514590000000,94514590105750,94514595643875,5538125,5643875,105750,94514600000000,0,0,0
1,2089,94514600000000,94514600109875,94514605759375,5649500,5759375,109875,94514610000000,0,0,0
1,2090,94514610000000,94514610110500,94514615774750,5664250,5774750,110500,94514620000000,0,0,0
1,2091,94514620000000,94514620092500,94514625727750,5635250,5727750,92500,94514630000000,0,0,0
1,2092,94514630000000,94514630104000,94514635801500,5697500,5801500,104000,94514640000000,0,0,0
1,2093,94514640000000,94514640110000,94514645676000,5566000,5676000,110000,94514650000000,0,0,0
1,2094,94514650000000,94514650123625,94514655772875,5649250,5772875,123625,94514660000000,0,0,0
1,2095,94514660000000,94514660112625,94514665817500,5704875,5817500,112625,94514670000000,0,0,0
1,2096,94514670000000,94514670107500,94514675762375,5654875,5762375,107500,94514680000000,0,0,0
1,2097,94514680000000,94514680113875,94514685682250,5568375,5682250,113875,94514690000000,0,0,0
1,2098,94514690000000,94514690103375,94514695803125,5699750,5803125,103375,94514700000000,0,0,0
1,2099,94514700000000,94514700100750,94514705702375,5601625,5702375,100750,94514710000000,0,0,0
1,2100,94514710000000,94514710103250,94514715668750,5565500,5668750,103250,94514720000000,0,0,0
1,2101,94514720000000,94514720125500,94514725671875,5546375,5671875,125500,94514730000000,0,0,0
1,2102,94514730000000,94514730106250,94514735795000,5688750,5795000,106250,94514740000000,0,0,0
1,2103,94514740000000,94514740087750,94514745731500,5643750,5731500,87750,94514750000000,0,0,0
1,2104,94514750000000,94514750107875,94514755755250,5647375,5755250,107875,94514760000000,0,0,0
1,2105,94514760000000,94514760110500,94514765702875,5592375,5702875,110500,94514770000000,0,0,0
1,2106,94514770000000,94514770106625,94514775753250,5646625,5753250,106625,94514780000000,0,0,0
1,2107,94514780000000,94514780146500,94514785732250,5585750,5732250,146500,94514790000000,0,0,0
1,2108,94514790000000,94514790099750,94514795856875,5757125,5856875,99750,94514800000000,0,0,0
1,2109,94514800000000,94514800116875,94514805678375,5561500,5678375,116875,94514810000000,0,0,0
1,2110,94514810000000,94514810126500,94514815905875,5779375,5905875,126500,94514820000000,0,0,0
1,2111,94514820000000,94514820117250,94514825761750,5644500,5761750,117250,94514830000000,0,0,0
1,2112,94514830000000,94514830098500,94514835734250,5635750,5734250,98500,94514840000000,0,0,0
1,2113,94514840000000,94514840109375,94514845651125,5541750,5651125,109375,94514850000000,0,0,0
1,2114,94514850000000,94514850103375,94514855850375,5747000,5850375,103375,94514860000000,0,0,0
1,2115,94514860000000,94514860110875,94514865701875,5591000,5701875,110875,94514870000000,0,0,0
1,2116,94514870000000,94514870105250,94514875810250,5705000,5810250,105250,94514880000000,0,0,0
1,2117,94514880000000,94514880130000,94514885853625,5723625,5853625,130000,94514890000000,0,0,0
1,2118,94514890000000,94514890110875,94514895808250,5697375,5808250,110875,94514900000000,0,0,0
1,2119,94514900000000,94514900126625,94514905753750,5627125,5753750,126625,94514910000000,0,0,0
1,2120,94514910000000,94514910107500,94514915839375,5731875,5839375,107500,94514920000000,0,0,0
1,2121,94514920000000,94514920109250,94514925937750,5828500,5937750,109250,94514930000000,0,0,0
1,2122,94514930000000,94514930110750,94514935814750,5704000,5814750,110750,94514940000000,0,0,0
1,2123,94514940000000,94514940114875,94514945926125,5811250,5926125,114875,94514950000000,0,0,0
1,2124,94514950000000,94514950110000,94514955691250,5581250,5691250,110000,94514960000000,0,0,0
1,2125,94514960000000,94514960108875,94514965757625,5648750,5757625,108875,94514970000000,0,0,0
1,2126,94514970000000,94514970102125,94514975696000,5593875,5696000,102125,94514980000000,0,0,0
1,2127,94514980000000,94514980111250,94514985656125,5544875,5656125,111250,94514990000000,0,0,0
1,2128,94514990000000,94514990120500,94514995737625,5617125,5737625,120500,94515000000000,0,0,0
1,2129,94515000000000,94515000112875,94515005667500,5554625,5667500,112875,94515010000000,0,0,0
1,2130,94515010000000,94515010100875,94515015806625,5705750,5806625,100875,94515020000000,0,0,0
1,2131,94515020000000,94515020113375,94515025755625,5642250,5755625,113375,94515030000000,0,0,0
1,2132,94515030000000,94515030068500,94515035810375,5741875,5810375,68500,94515040000000,0,0,0
1,2133,94515040000000,94515040102875,94515045660750,5557875,5660750,102875,94515050000000,0,0,0
1,2134,94515050000000,94515050110625,94515055691500,5580875,5691500,110625,94515060000000,0,0,0
1,2135,94515060000000,94515060127875,94515065717375,5589500,5717375,127875,94515070000000,0,0,0
1,2136,94515070000000,94515070102000,94515075641750,5539750,5641750,102000,94515080000000,0,0,0
1,2137,94515080000000,94515080125750,94515085752500,5626750,5752500,125750,94515090000000,0,0,0
1,2138,94515090000000,94515090109625,94515095777375,5667750,5777375,109625,94515100000000,0,0,0
1,2139,94515100000000,94515100109875,94515105788500,5678625,5788500,109875,94515110000000,0,0,0
1,2140,94515110000000,94515110109125,94515115819500,5710375,5819500,109125,94515120000000,0,0,0
1,2141,94515120000000,94515120107625,94515125772375,5664750,5772375,107625,94515130000000,0,0,0
1,2142,94515130000000,94515130103875,94515135751875,5648000,5751875,103875,94515140000000,0,0,0
1,2143,94515140000000,94515140111875,94515145708500,5596625,5708500,111875,94515150000000,0,0,0
1,2144,94515150000000,94515150124625,94515155658875,5534250,5658875,124625,94515160000000,0,0,0
1,2145,94515160000000,94515160109250,94515165781750,5672500,5781750,109250,94515170000000,0,0,0
1,2146,94515170000000,94515170128000,94515175944000,5816000,5944000,128000,94515180000000,0,0,0
1,2147,94515180000000,94515180088875,94515185654000,5565125,5654000,88875,94515190000000,0,0,0
1,2148,94515190000000,94515190107000,94515195753500,5646500,5753500,107000,94515200000000,0,0,0
1,2149,94515200000000,94515200114000,94515205669125,5555125,5669125,114000,94515210000000,0,0,0
1,2150,94515210000000,94515210105000,94515215790875,5685875,5790875,105000,94515220000000,0,0,0
1,2151,94515220000000,94515220112750,94515225695875,5583125,5695875,112750,94515230000000,0,0,0
1,2152,94515230000000,94515230064875,94515235702125,5637250,5702125,64875,94515240000000,0,0,0
1,2153,94515240000000,94515240111000,94515245978250,5867250,5978250,111000,94515250000000,0,0,0
1,2154,94515250000000,94515250110250,94515255733625,5623375,5733625,110250,94515260000000,0,0,0
1,2155,94515260000000,94515260111000,94515265745375,5634375,5745375,111000,94515270000000,0,0,0
1,2156,94515270000000,94515270102500,94515275760750,5658250,5760750,102500,94515280000000,0,0,0
1,2157,94515280000000,94515280107375,94515285781000,5673625,5781000,107375,94515290000000,0,0,0
1,2158,94515290000000,94515290114375,94515295960125,5845750,5960125,114375,94515300000000,0,0,0
1,2159,94515300000000,94515300091125,94515305756000,5664875,5756000,91125,94515310000000,0,0,0
1,2160,94515310000000,94515310110625,94515315822125,5711500,5822125,110625,94515320000000,0,0,0
1,2161,94515320000000,94515320130000,94515325729000,5599000,5729000,130000,94515330000000,0,0,0
1,2162,94515330000000,94515330111875,94515335751500,5639625,5751500,111875,94515340000000,0,0,0
1,2163,94515340000000,94515340129125,94515345675875,5546750,5675875,129125,94515350000000,0,0,0
1,2164,94515350000000,94515350105750,94515355791375,5685625,5791375,105750,94515360000000,0,0,0
1,2165,94515360000000,94515360130250,94515365849750,5719500,5849750,130250,94515370000000,0,0,0
1,2166,94515370000000,94515370107375,94515375614125,5506750,5614125,107375,94515380000000,0,0,0
1,2167,94515380000000,94515380110375,94515385678250,5567875,5678250,110375,94515390000000,0,0,0
1,2168,94515390000000,94515390102375,94515395707375,5605000,5707375,102375,94515400000000,0,0,0
1,2169,94515400000000,94515400109625,94515405705875,5596250,5705875,109625,94515410000000,0,0,0
1,2170,94515410000000,94515410102250,94515415672500,5570250,5672500,102250,94515420000000,0,0,0
1,2171,94515420000000,94515420110500,94515425613500,5503000,5613500,110500,94515430000000,0,0,0
1,2172,94515430000000,94515430122500,94515435764875,5642375,5764875,122500,94515440000000,0,0,0
1,2173,94515440000000,94515440074375,94515446056500,5982125,6056500,74375,94515450000000,0,0,0
1,2174,94515450000000,94515450123875,94515455888750,5764875,5888750,123875,94515460000000,0,0,0
1,2175,94515460000000,94515460116625,94515465917875,5801250,5917875,116625,94515470000000,0,0,0
1,2176,94515470000000,94515470125750,94515475813375,5687625,5813375,125750,94515480000000,0,0,0
1,2177,94515480000000,94515480114125,94515486063500,5949375,6063500,114125,94515490000000,0,0,0
1,2178,94515490000000,94515490108750,94515495949750,5841000,5949750,108750,94515500000000,0,0,0
1,2179,94515500000000,94515500090125,94515505851000,5760875,5851000,90125,94515510000000,0,0,0
1,2180,94515510000000,94515510105000,94515515763750,5658750,5763750,105000,94515520000000,0,0,0
1,2181,94515520000000,94515520105125,94515525757625,5652500,5757625,105125,94515530000000,0,0,0
1,2182,94515530000000,94515530104750,94515535763875,5659125,5763875,104750,94515540000000,0,0,0
1,2183,94515540000000,94515540106625,94515545976750,5870125,5976750,106625,94515550000000,0,0,0
1,2184,94515550000000,94515550104500,94515555701125,5596625,5701125,104500,94515560000000,0,0,0
1,2185,94515560000000,94515560125250,94515565714000,5588750,5714000,125250,94515570000000,0,0,0
1,2186,94515570000000,94515570106500,94515575676375,5569875,5676375,106500,94515580000000,0,0,0
1,2187,94515580000000,94515580126375,94515585709875,5583500,5709875,126375,94515590000000,0,0,0
1,2188,94515590000000,94515590106000,94515595748625,5642625,5748625,106000,94515600000000,0,0,0
1,2189,94515600000000,94515600085750,94515605617375,5531625,5617375,85750,94515610000000,0,0,0
1,2190,94515610000000,94515610110500,94515615739750,5629250,5739750,110500,94515620000000,0,0,0
1,2191,94515620000000,94515620108125,94515625815750,5707625,5815750,108125,94515630000000,0,0,0
1,2192,94515630000000,94515630102000,94515635705125,5603125,5705125,102000,94515640000000,0,0,0
1,2193,94515640000000,94515640094125,94515645967750,5873625,5967750,94125,94515650000000,0,0,0
1,2194,94515650000000,94515650102375,94515655827750,5725375,5827750,102375,94515660000000,0,0,0
1,2195,94515660000000,94515660115625,94515666007875,5892250,6007875,115625,94515670000000,0,0,0
1,2196,94515670000000,94515670103125,94515675914625,5811500,5914625,103125,94515680000000,0,0,0
1,2197,94515680000000,94515680114625,94515685799250,5684625,5799250,114625,94515690000000,0,0,0
1,2198,94515690000000,94515690126000,94515695782625,5656625,5782625,126000,94515700000000,0,0,0
1,2199,94515700000000,94515700110875,94515705827250,5716375,5827250,110875,94515710000000,0,0,0
1,2200,94515710000000,94515710107625,94515715783500,5675875,5783500,107625,94515720000000,0,0,0
1,2201,94515720000000,94515720114500,94515725694750,5580250,5694750,114500,94515730000000,0,0,0
1,2202,94515730000000,94515730105000,94515735848875,5743875,5848875,105000,94515740000000,0,0,0
1,2203,94515740000000,94515740116625,94515745617750,5501125,5617750,116625,94515750000000,0,0,0
1,2204,94515750000000,94515750110750,94515755668125,5557375,5668125,110750,94515760000000,0,0,0
1,2205,94515760000000,94515760104375,94515765691875,5587500,5691875,104375,94515770000000,0,0,0
1,2206,94515770000000,94515770106750,94515775755000,5648250,5755000,106750,94515780000000,0,0,0
1,2207,94515780000000,94515780107125,94515786012125,5905000,6012125,107125,94515790000000,0,0,0
1,2208,94515790000000,94515790106875,94515795854125,5747250,5854125,106875,94515800000000,0,0,0
1,2209,94515800000000,94515800107375,94515805832250,5724875,5832250,107375,94515810000000,0,0,0
1,2210,94515810000000,94515810103500,94515815675750,5572250,5675750,103500,94515820000000,0,0,0
1,2211,94515820000000,94515820125000,94515825850375,5725375,5850375,125000,94515830000000,0,0,0
1,2212,94515830000000,94515830107375,94515835784250,5676875,5784250,107375,94515840000000,0,0,0
1,2213,94515840000000,94515840093500,94515845723125,5629625,5723125,93500,94515850000000,0,0,0
1,2214,94515850000000,94515850095000,94515855769625,5674625,5769625,95000,94515860000000,0,0,0
1,2215,94515860000000,94515860111000,94515865717375,5606375,5717375,111000,94515870000000,0,0,0
1,2216,94515870000000,94515870101000,94515875813750,5712750,5813750,101000,94515880000000,0,0,0
1,2217,94515880000000,94515880117000,94515885688625,5571625,5688625,117000,94515890000000,0,0,0
1,2218,94515890000000,94515890123500,94515895803000,5679500,5803000,123500,94515900000000,0,0,0
1,2219,94515900000000,94515900115875,94515905664250,5548375,5664250,115875,94515910000000,0,0,0
1,2220,94515910000000,94515910123875,94515915767750,5643875,5767750,123875,94515920000000,0,0,0
1,2221,94515920000000,94515920114250,94515925576500,5462250,5576500,114250,94515930000000,0,0,0
1,2222,94515930000000,94515930125500,94515935710125,5584625,5710125,125500,94515940000000,0,0,0
1,2223,94515940000000,94515940112375,94515945738125,5625750,5738125,112375,94515950000000,0,0,0
1,2224,94515950000000,94515950103500,94515955866875,5763375,5866875,103500,94515960000000,0,0,0
1,2225,94515960000000,94515960114000,94515965661500,5547500,5661500,114000,94515970000000,0,0,0
1,2226,94515970000000,94515970106250,94515975747375,5641125,5747375,106250,94515980000000,0,0,0
1,2227,94515980000000,94515980113125,94515985617000,5503875,5617000,113125,94515990000000,0,0,0
1,2228,94515990000000,94515990107000,94515995753375,5646375,5753375,107000,94516000000000,0,0,0
1,2229,94516000000000,94516000106375,94516005837250,5730875,5837250,106375,94516010000000,0,0,0
1,2230,94516010000000,94516010093875,94516015756500,5662625,5756500,93875,94516020000000,0,0,0
1,2231,94516020000000,94516020086375,94516025587500,5501125,5587500,86375,94516030000000,0,0,0
1,2232,94516030000000,94516030109000,94516035772500,5663500,5772500,109000,94516040000000,0,0,0
1,2233,94516040000000,94516040131250,94516045644125,5512875,5644125,131250,94516050000000,0,0,0
1,2234,94516050000000,94516050070125,94516055754000,5683875,5754000,70125,94516060000000,0,0,0
1,2235,94516060000000,94516060113625,94516065732375,5618750,5732375,113625,94516070000000,0,0,0
1,2236,94516070000000,94516070106875,94516075778875,5672000,5778875,106875,94516080000000,0,0,0
1,2237,94516080000000,94516080107750,94516085721625,5613875,5721625,107750,94516090000000,0,0,0
1,2238,94516090000000,94516090108250,94516095778125,5669875,5778125,108250,94516100000000,0,0,0
1,2239,94516100000000,94516100111375,94516105679750,5568375,5679750,111375,94516110000000,0,0,0
1,2240,94516110000000,94516110103125,94516115736500,5633375,5736500,103125,94516120000000,0,0,0
1,2241,94516120000000,94516120106250,94516125692875,5586625,5692875,106250,94516130000000,0,0,0
1,2242,94516130000000,94516130100625,94516135821250,5720625,5821250,100625,94516140000000,0,0,0
1,2243,94516140000000,94516140109625,94516145839625,5730000,5839625,109625,94516150000000,0,0,0
1,2244,94516150000000,94516150101000,94516155769500,5668500,5769500,101000,94516160000000,0,0,0
1,2245,94516160000000,94516160112875,94516165875000,5762125,5875000,112875,94516170000000,0,0,0
1,2246,94516170000000,94516170101125,94516175798750,5697625,5798750,101125,94516180000000,0,0,0
1,2247,94516180000000,94516180114875,94516185717250,5602375,5717250,114875,94516190000000,0,0,0
1,2248,94516190000000,94516190080750,94516195698750,5618000,5698750,80750,94516200000000,0,0,0
1,2249,94516200000000,94516200114875,94516205827875,5713000,5827875,114875,94516210000000,0,0,0
1,2250,94516210000000,94516210122875,94516215805625,5682750,5805625,122875,94516220000000,0,0,0
1,2251,94516220000000,94516220112250,94516225673375,5561125,5673375,112250,94516230000000,0,0,0
1,2252,94516230000000,94516230103500,94516235807750,5704250,5807750,103500,94516240000000,0,0,0
1,2253,94516240000000,94516240113500,94516245819625,5706125,5819625,113500,94516250000000,0,0,0
1,2254,94516250000000,94516250108875,94516255992375,5883500,5992375,108875,94516260000000,0,0,0
1,2255,94516260000000,94516260094750,94516265750250,5655500,5750250,94750,94516270000000,0,0,0
1,2256,94516270000000,94516270106125,94516275839750,5733625,5839750,106125,94516280000000,0,0,0
1,2257,94516280000000,94516280127750,94516285776125,5648375,5776125,127750,94516290000000,0,0,0
1,2258,94516290000000,94516290085375,94516295729750,5644375,5729750,85375,94516300000000,0,0,0
1,2259,94516300000000,94516300128375,94516305948625,5820250,5948625,128375,94516310000000,0,0,0
1,2260,94516310000000,94516310108625,94516315763375,5654750,5763375,108625,94516320000000,0,0,0
1,2261,94516320000000,94516320074750,94516325798375,5723625,5798375,74750,94516330000000,0,0,0
1,2262,94516330000000,94516330109000,94516335860250,5751250,5860250,109000,94516340000000,0,0,0
1,2263,94516340000000,94516340110500,94516345802625,5692125,5802625,110500,94516350000000,0,0,0
1,2264,94516350000000,94516350087625,94516355722250,5634625,5722250,87625,94516360000000,0,0,0
1,2265,94516360000000,94516360114500,94516365702625,5588125,5702625,114500,94516370000000,0,0,0
1,2266,94516370000000,94516370103500,94516375809625,5706125,5809625,103500,94516380000000,0,0,0
1,2267,94516380000000,94516380112875,94516385907000,5794125,5907000,112875,94516390000000,0,0,0
1,2268,94516390000000,94516390102125,94516395835250,5733125,5835250,102125,94516400000000,0,0,0
1,2269,94516400000000,94516400106000,94516405896750,5790750,5896750,106000,94516410000000,0,0,0
1,2270,94516410000000,94516410124000,94516415755750,5631750,5755750,124000,94516420000000,0,0,0
1,2271,94516420000000,94516420105750,94516425665500,5559750,5665500,105750,94516430000000,0,0,0
1,2272,94516430000000,94516430106375,94516435865750,5759375,5865750,106375,94516440000000,0,0,0
1,2273,94516440000000,94516440114125,94516445770750,5656625,5770750,114125,94516450000000,0,0,0
1,2274,94516450000000,94516450108500,94516455801000,5692500,5801000,108500,94516460000000,0,0,0
1,2275,94516460000000,94516460076500,94516465675750,5599250,5675750,76500,94516470000000,0,0,0
1,2276,94516470000000,94516470104750,94516475697125,5592375,5697125,104750,94516480000000,0,0,0
1,2277,94516480000000,94516480106375,94516485707250,5600875,5707250,106375,94516490000000,0,0,0
1,2278,94516490000000,94516490106375,94516495768750,5662375,5768750,106375,94516500000000,0,0,0
1,2279,94516500000000,94516500111625,94516506016875,5905250,6016875,111625,94516510000000,0,0,0
1,2280,94516510000000,94516510112625,94516515771500,5658875,5771500,112625,94516520000000,0,0,0
1,2281,94516520000000,94516520126625,94516525808750,5682125,5808750,126625,94516530000000,0,0,0
1,2282,94516530000000,94516530104875,94516535800500,5695625,5800500,104875,94516540000000,0,0,0
1,2283,94516540000000,94516540127625,94516545824500,5696875,5824500,127625,94516550000000,0,0,0
1,2284,94516550000000,94516550105750,94516555709250,5603500,5709250,105750,94516560000000,0,0,0
1,2285,94516560000000,94516560106750,94516565810500,5703750,5810500,106750,94516570000000,0,0,0
1,2286,94516570000000,94516570104500,94516575775625,5671125,5775625,104500,94516580000000,0,0,0
1,2287,94516580000000,94516580112500,94516586168125,6055625,6168125,112500,94516590000000,0,0,0
1,2288,94516590000000,94516590110250,94516595807000,5696750,5807000,110250,94516600000000,0,0,0
1,2289,94516600000000,94516600110500,94516605901375,5790875,5901375,110500,94516610000000,0,0,0
1,2290,94516610000000,94516610108500,94516616216625,6108125,6216625,108500,94516620000000,0,0,0
1,2291,94516620000000,94516620094500,94516626024125,5929625,6024125,94500,94516630000000,0,0,0
1,2292,94516630000000,94516630103500,94516635674625,5571125,5674625,103500,94516640000000,0,0,0
1,2293,94516640000000,94516640108875,94516645594000,5485125,5594000,108875,94516650000000,0,0,0
1,2294,94516650000000,94516650123375,94516655769750,5646375,5769750,123375,94516660000000,0,0,0
1,2295,94516660000000,94516660091375,94516665675125,5583750,5675125,91375,94516670000000,0,0,0
1,2296,94516670000000,94516670104625,94516675850000,5745375,5850000,104625,94516680000000,0,0,0
1,2297,94516680000000,94516680114000,94516685661250,5547250,5661250,114000,94516690000000,0,0,0
1,2298,94516690000000,94516690106625,94516695824625,5718000,5824625,106625,94516700000000,0,0,0
1,2299,94516700000000,94516700102750,94516705656000,5553250,5656000,102750,94516710000000,0,0,0
1,2300,94516710000000,94516710105875,94516715758375,5652500,5758375,105875,94516720000000,0,0,0
1,2301,94516720000000,94516720130875,94516725831000,5700125,5831000,130875,94516730000000,0,0,0
1,2302,94516730000000,94516730112625,94516735923875,5811250,5923875,112625,94516740000000,0,0,0
1,2303,94516740000000,94516740115625,94516745831625,5716000,5831625,115625,94516750000000,0,0,0
1,2304,94516750000000,94516750102875,94516755768625,5665750,5768625,102875,94516760000000,0,0,0
1,2305,94516760000000,94516760111375,94516765692250,5580875,5692250,111375,94516770000000,0,0,0
1,2306,94516770000000,94516770103500,94516775685250,5581750,5685250,103500,94516780000000,0,0,0
1,2307,94516780000000,94516780114000,94516785814125,5700125,5814125,114000,94516790000000,0,0,0
1,2308,94516790000000,94516790106625,94516795870250,5763625,5870250,106625,94516800000000,0,0,0
1,2309,94516800000000,94516800076000,94516805767000,5691000,5767000,76000,94516810000000,0,0,0
1,2310,94516810000000,94516810071625,94516815735125,5663500,5735125,71625,94516820000000,0,0,0
1,2311,94516820000000,94516820111875,94516825866000,5754125,5866000,111875,94516830000000,0,0,0
1,2312,94516830000000,94516830072375,94516835718375,5646000,5718375,72375,94516840000000,0,0,0
1,2313,94516840000000,94516840115750,94516845920375,5804625,5920375,115750,94516850000000,0,0,0
1,2314,94516850000000,94516850123750,94516855787000,5663250,5787000,123750,94516860000000,0,0,0
1,2315,94516860000000,94516860108625,94516865822875,5714250,5822875,108625,94516870000000,0,0,0
1,2316,94516870000000,94516870118875,94516875809375,5690500,5809375,118875,94516880000000,0,0,0
1,2317,94516880000000,94516880089375,94516885580250,5490875,5580250,89375,94516890000000,0,0,0
1,2318,94516890000000,94516890123375,94516895702750,5579375,5702750,123375,94516900000000,0,0,0
1,2319,94516900000000,94516900111875,94516905974875,5863000,5974875,111875,94516910000000,0,0,0
1,2320,94516910000000,94516910105750,94516915784500,5678750,5784500,105750,94516920000000,0,0,0
1,2321,94516920000000,94516920113250,94516925714625,5601375,5714625,113250,94516930000000,0,0,0
1,2322,94516930000000,94516930106250,94516935759875,5653625,5759875,106250,94516940000000,0,0,0
1,2323,94516940000000,94516940114375,94516945752875,5638500,5752875,114375,94516950000000,0,0,0
1,2324,94516950000000,94516950104750,94516955695625,5590875,5695625,104750,94516960000000,0,0,0
1,2325,94516960000000,94516960073625,94516965529000,5455375,5529000,73625,94516970000000,0,0,0
1,2326,94516970000000,94516970102125,94516975704000,5601875,5704000,102125,94516980000000,0,0,0
1,2327,94516980000000,94516980106000,94516985670500,5564500,5670500,106000,94516990000000,0,0,0
1,2328,94516990000000,94516990107750,94516995628125,5520375,5628125,107750,94517000000000,0,0,0
1,2329,94517000000000,94517000129250,94517005677750,5548500,5677750,129250,94517010000000,0,0,0
1,2330,94517010000000,94517010110375,94517015714375,5604000,5714375,110375,94517020000000,0,0,0
1,2331,94517020000000,94517020112625,94517025739500,5626875,5739500,112625,94517030000000,0,0,0
1,2332,94517030000000,94517030110375,94517035634500,5524125,5634500,110375,94517040000000,0,0,0
1,2333,94517040000000,94517040109750,94517045742250,5632500,5742250,109750,94517050000000,0,0,0
1,2334,94517050000000,94517050105125,94517055699000,5593875,5699000,105125,94517060000000,0,0,0
1,2335,94517060000000,94517060114125,94517065667875,5553750,5667875,114125,94517070000000,0,0,0
1,2336,94517070000000,94517070070125,94517075694750,5624625,5694750,70125,94517080000000,0,0,0
1,2337,94517080000000,94517080105750,94517085804625,5698875,5804625,105750,94517090000000,0,0,0
1,2338,94517090000000,94517090104250,94517095660000,5555750,5660000,104250,94517100000000,0,0,0
1,2339,94517100000000,94517100108000,94517105641500,5533500,5641500,108000,94517110000000,0,0,0
1,2340,94517110000000,94517110121625,94517115671500,5549875,5671500,121625,94517120000000,0,0,0
1,2341,94517120000000,94517120113875,94517125677250,5563375,5677250,113875,94517130000000,0,0,0
1,2342,94517130000000,94517130123500,94517135768375,5644875,5768375,123500,94517140000000,0,0,0
1,2343,94517140000000,94517140107500,94517145710250,5602750,5710250,107500,94517150000000,0,0,0
1,2344,94517150000000,94517150127500,94517155786125,5658625,5786125,127500,94517160000000,0,0,0
1,2345,94517160000000,94517160109125,94517165702375,5593250,5702375,109125,94517170000000,0,0,0
1,2346,94517170000000,94517170103250,94517175746500,5643250,5746500,103250,94517180000000,0,0,0
1,2347,94517180000000,94517180115625,94517185692625,5577000,5692625,115625,94517190000000,0,0,0
1,2348,94517190000000,94517190105625,94517195798125,5692500,5798125,105625,94517200000000,0,0,0
1,2349,94517200000000,94517200115125,94517205753000,5637875,5753000,115125,94517210000000,0,0,0
1,2350,94517210000000,94517210108750,94517215776500,5667750,5776500,108750,94517220000000,0,0,0
1,2351,94517220000000,94517220107625,94517225899125,5791500,5899125,107625,94517230000000,0,0,0
1,2352,94517230000000,94517230112875,94517235802875,5690000,5802875,112875,94517240000000,0,0,0
1,2353,94517240000000,94517240106250,94517246087000,5980750,6087000,106250,94517250000000,0,0,0
1,2354,94517250000000,94517250107500,94517255916500,5809000,5916500,107500,94517260000000,0,0,0
1,2355,94517260000000,94517260087625,94517265889875,5802250,5889875,87625,94517270000000,0,0,0
1,2356,94517270000000,94517270105750,94517275744500,5638750,5744500,105750,94517280000000,0,0,0
1,2357,94517280000000,94517280079250,94517285663125,5583875,5663125,79250,94517290000000,0,0,0
1,2358,94517290000000,94517290105750,94517295707875,5602125,5707875,105750,94517300000000,0,0,0
1,2359,94517300000000,94517300125000,94517305669000,5544000,5669000,125000,94517310000000,0,0,0
1,2360,94517310000000,94517310112625,94517315719000,5606375,5719000,112625,94517320000000,0,0,0
1,2361,94517320000000,94517320127875,94517325658375,5530500,5658375,127875,94517330000000,0,0,0
1,2362,94517330000000,94517330110250,94517335774750,5664500,5774750,110250,94517340000000,0,0,0
1,2363,94517340000000,94517340092625,94517345768250,5675625,5768250,92625,94517350000000,0,0,0
1,2364,94517350000000,94517350102875,94517355832125,5729250,5832125,102875,94517360000000,0,0,0
1,2365,94517360000000,94517360112250,94517365879000,5766750,5879000,112250,94517370000000,0,0,0
1,2366,94517370000000,94517370100000,94517375766250,5666250,5766250,100000,94517380000000,0,0,0
1,2367,94517380000000,94517380111625,94517386026500,5914875,6026500,111625,94517390000000,0,0,0
1,2368,94517390000000,94517390103125,94517395853625,5750500,5853625,103125,94517400000000,0,0,0
1,2369,94517400000000,94517400115250,94517405898625,5783375,5898625,115250,94517410000000,0,0,0
1,2370,94517410000000,94517410123375,94517415960750,5837375,5960750,123375,94517420000000,0,0,0
1,2371,94517420000000,94517420089625,94517425862125,5772500,5862125,89625,94517430000000,0,0,0
1,2372,94517430000000,94517430108250,94517435795750,5687500,5795750,108250,94517440000000,0,0,0
1,2373,94517440000000,94517440112375,94517445866500,5754125,5866500,112375,94517450000000,0,0,0
1,2374,94517450000000,94517450107750,94517455798625,5690875,5798625,107750,94517460000000,0,0,0
1,2375,94517460000000,94517460113125,94517465843125,5730000,5843125,113125,94517470000000,0,0,0
1,2376,94517470000000,94517470108125,94517475684125,5576000,5684125,108125,94517480000000,0,0,0
1,2377,94517480000000,94517480072625,94517485700125,5627500,5700125,72625,94517490000000,0,0,0
1,2378,94517490000000,94517490103750,94517495688875,5585125,5688875,103750,94517500000000,0,0,0
1,2379,94517500000000,94517500105000,94517505578250,5473250,5578250,105000,94517510000000,0,0,0
1,2380,94517510000000,94517510107625,94517515825250,5717625,5825250,107625,94517520000000,0,0,0
1,2381,94517520000000,94517520103875,94517525677500,5573625,5677500,103875,94517530000000,0,0,0
1,2382,94517530000000,94517530103500,94517535754500,5651000,5754500,103500,94517540000000,0,0,0
1,2383,94517540000000,94517540125750,94517545688625,5562875,5688625,125750,94517550000000,0,0,0
1,2384,94517550000000,94517550106375,94517555721500,5615125,5721500,106375,94517560000000,0,0,0
1,2385,94517560000000,94517560126500,94517565757000,5630500,5757000,126500,94517570000000,0,0,0
1,2386,94517570000000,94517570111625,94517575749250,5637625,5749250,111625,94517580000000,0,0,0
1,2387,94517580000000,94517580113750,94517585701750,5588000,5701750,113750,94517590000000,0,0,0
1,2388,94517590000000,94517590108875,94517595742375,5633500,5742375,108875,94517600000000,0,0,0
1,2389,94517600000000,94517600104500,94517605695500,5591000,5695500,104500,94517610000000,0,0,0
1,2390,94517610000000,94517610108625,94517615789750,5681125,5789750,108625,94517620000000,0,0,0
1,2391,94517620000000,94517620113750,94517625750125,5636375,5750125,113750,94517630000000,0,0,0
1,2392,94517630000000,94517630107375,94517635697625,5590250,5697625,107375,94517640000000,0,0,0
1,2393,94517640000000,94517640112125,94517645661375,5549250,5661375,112125,94517650000000,0,0,0
1,2394,94517650000000,94517650100750,94517655736625,5635875,5736625,100750,94517660000000,0,0,0
1,2395,94517660000000,94517660112625,94517665699375,5586750,5699375,112625,94517670000000,0,0,0
1,2396,94517670000000,94517670104625,94517675802250,5697625,5802250,104625,94517680000000,0,0,0
1,2397,94517680000000,94517680091625,94517685607750,5516125,5607750,91625,94517690000000,0,0,0
1,2398,94517690000000,94517690126625,94517695809000,5682375,5809000,126625,94517700000000,0,0,0
1,2399,94517700000000,94517700112875,94517705660375,5547500,5660375,112875,94517710000000,0,0,0
1,2400,94517710000000,94517710124000,94517715823750,5699750,5823750,124000,94517720000000,0,0,0
1,2401,94517720000000,94517720114750,94517725718250,5603500,5718250,114750,94517730000000,0,0,0
1,2402,94517730000000,94517730129500,94517735743250,5613750,5743250,129500,94517740000000,0,0,0
1,2403,94517740000000,94517740109500,94517745651125,5541625,5651125,109500,94517750000000,0,0,0
1,2404,94517750000000,94517750106375,94517755694875,5588500,5694875,106375,94517760000000,0,0,0
1,2405,94517760000000,94517760114875,94517765979500,5864625,5979500,114875,94517770000000,0,0,0
1,2406,94517770000000,94517770112500,94517775829250,5716750,5829250,112500,94517780000000,0,0,0
1,2407,94517780000000,94517780111125,94517785890000,5778875,5890000,111125,94517790000000,0,0,0
1,2408,94517790000000,94517790109250,94517795783000,5673750,5783000,109250,94517800000000,0,0,0
1,2409,94517800000000,94517800105750,94517805770125,5664375,5770125,105750,94517810000000,0,0,0
1,2410,94517810000000,94517810106875,94517815761500,5654625,5761500,106875,94517820000000,0,0,0
1,2411,94517820000000,94517820151125,94517825853500,5702375,5853500,151125,94517830000000,0,0,0
1,2412,94517830000000,94517830109250,94517835772625,5663375,5772625,109250,94517840000000,0,0,0
1,2413,94517840000000,94517840125125,94517845768000,5642875,5768000,125125,94517850000000,0,0,0
1,2414,94517850000000,94517850109375,94517855619625,5510250,5619625,109375,94517860000000,0,0,0
1,2415,94517860000000,94517860128250,94517865717750,5589500,5717750,128250,94517870000000,0,0,0
1,2416,94517870000000,94517870104875,94517875721250,5616375,5721250,104875,94517880000000,0,0,0
1,2417,94517880000000,94517880111000,94517885744500,5633500,5744500,111000,94517890000000,0,0,0
1,2418,94517890000000,94517890095625,94517895660625,5565000,5660625,95625,94517900000000,0,0,0
1,2419,94517900000000,94517900107500,94517905669375,5561875,5669375,107500,94517910000000,0,0,0
1,2420,94517910000000,94517910100750,94517915808625,5707875,5808625,100750,94517920000000,0,0,0
1,2421,94517920000000,94517920111500,94517925793250,5681750,5793250,111500,94517930000000,0,0,0
1,2422,94517930000000,94517930103875,94517935706375,5602500,5706375,103875,94517940000000,0,0,0
1,2423,94517940000000,94517940107625,94517945737375,5629750,5737375,107625,94517950000000,0,0,0
1,2424,94517950000000,94517950120250,94517955747625,5627375,5747625,120250,94517960000000,0,0,0
1,2425,94517960000000,94517960113875,94517965763000,5649125,5763000,113875,94517970000000,0,0,0
1,2426,94517970000000,94517970121000,94517975732000,5611000,5732000,121000,94517980000000,0,0,0
1,2427,94517980000000,94517980111250,94517985702500,5591250,5702500,111250,94517990000000,0,0,0
1,2428,94517990000000,94517990101250,94517995726125,5624875,5726125,101250,94518000000000,0,0,0
1,2429,94518000000000,94518000109875,94518005697000,5587125,5697000,109875,94518010000000,0,0,0
1,2430,94518010000000,94518010110125,94518015865625,5755500,5865625,110125,94518020000000,0,0,0
1,2431,94518020000000,94518020112125,94518025870000,5757875,5870000,112125,94518030000000,0,0,0
1,2432,94518030000000,94518030108125,94518035697250,5589125,5697250,108125,94518040000000,0,0,0
1,2433,94518040000000,94518040112500,94518045592750,5480250,5592750,112500,94518050000000,0,0,0
1,2434,94518050000000,94518050104875,94518055628750,5523875,5628750,104875,94518060000000,0,0,0
1,2435,94518060000000,94518060110250,94518065765250,5655000,5765250,110250,94518070000000,0,0,0
1,2436,94518070000000,94518070107375,94518075803375,5696000,5803375,107375,94518080000000,0,0,0
1,2437,94518080000000,94518080106625,94518085876125,5769500,5876125,106625,94518090000000,0,0,0
1,2438,94518090000000,94518090068125,94518095837125,5769000,5837125,68125,94518100000000,0,0,0
1,2439,94518100000000,94518100108125,94518105790500,5682375,5790500,108125,94518110000000,0,0,0
1,2440,94518110000000,94518110108500,94518115724000,5615500,5724000,108500,94518120000000,0,0,0
1,2441,94518120000000,94518120128250,94518126010250,5882000,6010250,128250,94518130000000,0,0,0
1,2442,94518130000000,94518130111000,94518135950875,5839875,5950875,111000,94518140000000,0,0,0
1,2443,94518140000000,94518140091125,94518146048625,5957500,6048625,91125,94518150000000,0,0,0
1,2444,94518150000000,94518150111375,94518155783375,5672000,5783375,111375,94518160000000,0,0,0
1,2445,94518160000000,94518160086000,94518165788125,5702125,5788125,86000,94518170000000,0,0,0
1,2446,94518170000000,94518170104875,94518175694500,5589625,5694500,104875,94518180000000,0,0,0
1,2447,94518180000000,94518180112000,94518185766500,5654500,5766500,112000,94518190000000,0,0,0
1,2448,94518190000000,94518190125500,94518195821750,5696250,5821750,125500,94518200000000,0,0,0
1,2449,94518200000000,94518200113250,94518206073375,5960125,6073375,113250,94518210000000,0,0,0
1,2450,94518210000000,94518210128375,94518215869875,5741500,5869875,128375,94518220000000,0,0,0
1,2451,94518220000000,94518220108500,94518225682875,5574375,5682875,108500,94518230000000,0,0,0
1,2452,94518230000000,94518230102375,94518235735875,5633500,5735875,102375,94518240000000,0,0,0
1,2453,94518240000000,94518240111375,94518245678500,5567125,5678500,111375,94518250000000,0,0,0
1,2454,94518250000000,94518250107000,94518255839125,5732125,5839125,107000,94518260000000,0,0,0
1,2455,94518260000000,94518260104500,94518265773375,5668875,5773375,104500,94518270000000,0,0,0
1,2456,94518270000000,94518270107625,94518275821500,5713875,5821500,107625,94518280000000,0,0,0
1,2457,94518280000000,94518280129250,94518285774375,5645125,5774375,129250,94518290000000,0,0,0
1,2458,94518290000000,94518290110000,94518295806500,5696500,5806500,110000,94518300000000,0,0,0
1,2459,94518300000000,94518300095000,94518305769250,5674250,5769250,95000,94518310000000,0,0,0
1,2460,94518310000000,94518310107875,94518315799625,5691750,5799625,107875,94518320000000,0,0,0
1,2461,94518320000000,94518320106625,94518325738250,5631625,5738250,106625,94518330000000,0,0,0
1,2462,94518330000000,94518330104125,94518335733625,5629500,5733625,104125,94518340000000,0,0,0
1,2463,94518340000000,94518340110000,94518345843000,5733000,5843000,110000,94518350000000,0,0,0
1,2464,94518350000000,94518350108500,94518355786250,5677750,5786250,108500,94518360000000,0,0,0
1,2465,94518360000000,94518360109625,94518365759625,5650000,5759625,109625,94518370000000,0,0,0
1,2466,94518370000000,94518370094000,94518375779500,5685500,5779500,94000,94518380000000,0,0,0
1,2467,94518380000000,94518380110750,94518385755875,5645125,5755875,110750,94518390000000,0,0,0
1,2468,94518390000000,94518390121750,94518395876375,5754625,5876375,121750,94518400000000,0,0,0
1,2469,94518400000000,94518400114500,94518405711375,5596875,5711375,114500,94518410000000,0,0,0
1,2470,94518410000000,94518410126875,94518415629750,5502875,5629750,126875,94518420000000,0,0,0
1,2471,94518420000000,94518420111750,94518425731250,5619500,5731250,111750,94518430000000,0,0,0
1,2472,94518430000000,94518430109125,94518435815250,5706125,5815250,109125,94518440000000,0,0,0
1,2473,94518440000000,94518440115375,94518445755750,5640375,5755750,115375,94518450000000,0,0,0
1,2474,94518450000000,94518450108250,94518455794375,5686125,5794375,108250,94518460000000,0,0,0
1,2475,94518460000000,94518460113250,94518465784500,5671250,5784500,113250,94518470000000,0,0,0
1,2476,94518470000000,94518470106500,94518475737500,5631000,5737500,106500,94518480000000,0,0,0
1,2477,94518480000000,94518480107625,94518485678625,5571000,5678625,107625,94518490000000,0,0,0
1,2478,94518490000000,94518490106125,94518495758000,5651875,5758000,106125,94518500000000,0,0,0
1,2479,94518500000000,94518500072000,94518505671375,5599375,5671375,72000,94518510000000,0,0,0
1,2480,94518510000000,94518510108500,94518515787125,5678625,5787125,108500,94518520000000,0,0,0
1,2481,94518520000000,94518520103875,94518525593000,5489125,5593000,103875,94518530000000,0,0,0
1,2482,94518530000000,94518530103250,94518535742250,5639000,5742250,103250,94518540000000,0,0,0
1,2483,94518540000000,94518540130000,94518545922375,5792375,5922375,130000,94518550000000,0,0,0
1,2484,94518550000000,94518550108875,94518555856500,5747625,5856500,108875,94518560000000,0,0,0
1,2485,94518560000000,94518560109250,94518565782500,5673250,5782500,109250,94518570000000,0,0,0
1,2486,94518570000000,94518570106750,94518575755750,5649000,5755750,106750,94518580000000,0,0,0
1,2487,94518580000000,94518580110625,94518585673875,5563250,5673875,110625,94518590000000,0,0,0
1,2488,94518590000000,94518590102250,94518595756625,5654375,5756625,102250,94518600000000,0,0,0
1,2489,94518600000000,94518600108375,94518605708125,5599750,5708125,108375,94518610000000,0,0,0
1,2490,94518610000000,94518610121000,94518615756500,5635500,5756500,121000,94518620000000,0,0,0
1,2491,94518620000000,94518620113625,94518625665375,5551750,5665375,113625,94518630000000,0,0,0
1,2492,94518630000000,94518630103375,94518635751625,5648250,5751625,103375,94518640000000,0,0,0
1,2493,94518640000000,94518640115125,94518646031500,5916375,6031500,115125,94518650000000,0,0,0
1,2494,94518650000000,94518650109750,94518655922375,5812625,5922375,109750,94518660000000,0,0,0
1,2495,94518660000000,94518660115375,94518665879625,5764250,5879625,115375,94518670000000,0,0,0
1,2496,94518670000000,94518670108500,94518675799375,5690875,5799375,108500,94518680000000,0,0,0
1,2497,94518680000000,94518680116500,94518685908875,5792375,5908875,116500,94518690000000,0,0,0
1,2498,94518690000000,94518690105625,94518695868625,5763000,5868625,105625,94518700000000,0,0,0
1,2499,94518700000000,94518700087250,94518705660250,5573000,5660250,87250,94518710000000,0,0,0
1,2500,94518710000000,94518710109750,94518715842500,5732750,5842500,109750,94518720000000,0,0,0
1,2501,94518720000000,94518720126750,94518725859375,5732625,5859375,126750,94518730000000,0,0,0
1,2502,94518730000000,94518730103375,94518735601125,5497750,5601125,103375,94518740000000,0,0,0
1,2503,94518740000000,94518740108000,94518745872125,5764125,5872125,108000,94518750000000,0,0,0
1,2504,94518750000000,94518750105000,94518755649875,5544875,5649875,105000,94518760000000,0,0,0
1,2505,94518760000000,94518760106375,94518765703125,5596750,5703125,106375,94518770000000,0,0,0
1,2506,94518770000000,94518770107125,94518775642250,5535125,5642250,107125,94518780000000,0,0,0
1,2507,94518780000000,94518780111750,94518785694875,5583125,5694875,111750,94518790000000,0,0,0
1,2508,94518790000000,94518790106125,94518795711875,5605750,5711875,106125,94518800000000,0,0,0
1,2509,94518800000000,94518800104500,94518805807625,5703125,5807625,104500,94518810000000,0,0,0
1,2510,94518810000000,94518810104500,94518815869000,5764500,5869000,104500,94518820000000,0,0,0
1,2511,94518820000000,94518820115125,94518825826625,5711500,5826625,115125,94518830000000,0,0,0
1,2512,94518830000000,94518830100750,94518835745250,5644500,5745250,100750,94518840000000,0,0,0
1,2513,94518840000000,94518840112500,94518845582250,5469750,5582250,112500,94518850000000,0,0,0
1,2514,94518850000000,94518850125500,94518855811875,5686375,5811875,125500,94518860000000,0,0,0
1,2515,94518860000000,94518860113875,94518865694125,5580250,5694125,113875,94518870000000,0,0,0
1,2516,94518870000000,94518870108500,94518875718500,5610000,5718500,108500,94518880000000,0,0,0
1,2517,94518880000000,94518880113375,94518885709625,5596250,5709625,113375,94518890000000,0,0,0
1,2518,94518890000000,94518890106125,94518895842875,5736750,5842875,106125,94518900000000,0,0,0
1,2519,94518900000000,94518900113625,94518905732375,5618750,5732375,113625,94518910000000,0,0,0
1,2520,94518910000000,94518910098125,94518915751250,5653125,5751250,98125,94518920000000,0,0,0
1,2521,94518920000000,94518920109125,94518925814625,5705500,5814625,109125,94518930000000,0,0,0
1,2522,94518930000000,94518930105750,94518935875250,5769500,5875250,105750,94518940000000,0,0,0
1,2523,94518940000000,94518940106500,94518945726875,5620375,5726875,106500,94518950000000,0,0,0
1,2524,94518950000000,94518950103500,94518955681125,5577625,5681125,103500,94518960000000,0,0,0
1,2525,94518960000000,94518960128375,94518965826250,5697875,5826250,128375,94518970000000,0,0,0
1,2526,94518970000000,94518970108750,94518975802750,5694000,5802750,108750,94518980000000,0,0,0
1,2527,94518980000000,94518980104625,94518985643000,5538375,5643000,104625,94518990000000,0,0,0
1,2528,94518990000000,94518990110750,94518995701500,5590750,5701500,110750,94519000000000,0,0,0
1,2529,94519000000000,94519000112750,94519005594875,5482125,5594875,112750,94519010000000,0,0,0
1,2530,94519010000000,94519010068375,94519016065875,5997500,6065875,68375,94519020000000,0,0,0
1,2531,94519020000000,94519020093875,94519025750000,5656125,5750000,93875,94519030000000,0,0,0
1,2532,94519030000000,94519030118875,94519035789625,5670750,5789625,118875,94519040000000,0,0,0
1,2533,94519040000000,94519040114875,94519045700500,5585625,5700500,114875,94519050000000,0,0,0
1,2534,94519050000000,94519050101875,94519055733875,5632000,5733875,101875,94519060000000,0,0,0
1,2535,94519060000000,94519060094375,94519065661500,5567125,5661500,94375,94519070000000,0,0,0
1,2536,94519070000000,94519070070375,94519075706375,5636000,5706375,70375,94519080000000,0,0,0
1,2537,94519080000000,94519080109750,94519085881250,5771500,5881250,109750,94519090000000,0,0,0
1,2538,94519090000000,94519090111875,94519095820000,5708125,5820000,111875,94519100000000,0,0,0
1,2539,94519100000000,94519100104875,94519105876125,5771250,5876125,104875,94519110000000,0,0,0
1,2540,94519110000000,94519110070750,94519115701250,5630500,5701250,70750,94519120000000,0,0,0
1,2541,94519120000000,94519120130375,94519125993000,5862625,5993000,130375,94519130000000,0,0,0
1,2542,94519130000000,94519130107375,94519135632375,5525000,5632375,107375,94519140000000,0,0,0
1,2543,94519140000000,94519140110500,94519145765250,5654750,5765250,110500,94519150000000,0,0,0
1,2544,94519150000000,94519150109625,94519155680500,5570875,5680500,109625,94519160000000,0,0,0
1,2545,94519160000000,94519160110000,94519165695500,5585500,5695500,110000,94519170000000,0,0,0
1,2546,94519170000000,94519170100875,94519175861000,5760125,5861000,100875,94519180000000,0,0,0
1,2547,94519180000000,94519180112625,94519185748875,5636250,5748875,112625,94519190000000,0,0,0
1,2548,94519190000000,94519190107000,94519195626000,5519000,5626000,107000,94519200000000,0,0,0
1,2549,94519200000000,94519200111250,94519205868125,5756875,5868125,111250,94519210000000,0,0,0
1,2550,94519210000000,94519210102750,94519216191125,6088375,6191125,102750,94519220000000,0,0,0
1,2551,94519220000000,94519220094375,94519225863750,5769375,5863750,94375,94519230000000,0,0,0
1,2552,94519230000000,94519230122250,94519235862625,5740375,5862625,122250,94519240000000,0,0,0
1,2553,94519240000000,94519240110750,94519245826750,5716000,5826750,110750,94519250000000,0,0,0
1,2554,94519250000000,94519250123875,94519255814375,5690500,5814375,123875,94519260000000,0,0,0
1,2555,94519260000000,94519260112000,94519265760625,5648625,5760625,112000,94519270000000,0,0,0
1,2556,94519270000000,94519270104000,94519275842500,5738500,5842500,104000,94519280000000,0,0,0
1,2557,94519280000000,94519280111625,94519285741000,5629375,5741000,111625,94519290000000,0,0,0
1,2558,94519290000000,94519290102625,94519295700250,5597625,5700250,102625,94519300000000,0,0,0
1,2559,94519300000000,94519300111750,94519305664250,5552500,5664250,111750,94519310000000,0,0,0
1,2560,94519310000000,94519310105125,94519315781625,5676500,5781625,105125,94519320000000,0,0,0
1,2561,94519320000000,94519320107750,94519326088500,5980750,6088500,107750,94519330000000,0,0,0
1,2562,94519330000000,94519330101500,94519335826500,5725000,5826500,101500,94519340000000,0,0,0
1,2563,94519340000000,94519340105625,94519345601625,5496000,5601625,105625,94519350000000,0,0,0
1,2564,94519350000000,94519350108750,94519355731125,5622375,5731125,108750,94519360000000,0,0,0
1,2565,94519360000000,94519360127875,94519365738875,5611000,5738875,127875,94519370000000,0,0,0
1,2566,94519370000000,94519370106500,94519375710750,5604250,5710750,106500,94519380000000,0,0,0
1,2567,94519380000000,94519380107500,94519385722500,5615000,5722500,107500,94519390000000,0,0,0
1,2568,94519390000000,94519390070000,94519395752750,5682750,5752750,70000,94519400000000,0,0,0
1,2569,94519400000000,94519400115500,94519406061125,5945625,6061125,115500,94519410000000,0,0,0
1,2570,94519410000000,94519410098125,94519415884125,5786000,5884125,98125,94519420000000,0,0,0
1,2571,94519420000000,94519420111625,94519425738375,5626750,5738375,111625,94519430000000,0,0,0
1,2572,94519430000000,94519430125125,94519435719625,5594500,5719625,125125,94519440000000,0,0,0
1,2573,94519440000000,94519440062750,94519445773250,5710500,5773250,62750,94519450000000,0,0,0
1,2574,94519450000000,94519450129375,94519455746625,5617250,5746625,129375,94519460000000,0,0,0
1,2575,94519460000000,94519460113500,94519465707500,5594000,5707500,113500,94519470000000,0,0,0
1,2576,94519470000000,94519470108375,94519475779625,5671250,5779625,108375,94519480000000,0,0,0
1,2577,94519480000000,94519480112375,94519485564875,5452500,5564875,112375,94519490000000,0,0,0
1,2578,94519490000000,94519490106625,94519495891000,5784375,5891000,106625,94519500000000,0,0,0
1,2579,94519500000000,94519500107750,94519505721250,5613500,5721250,107750,94519510000000,0,0,0
1,2580,94519510000000,94519510105250,94519515737750,5632500,5737750,105250,94519520000000,0,0,0
1,2581,94519520000000,94519520074750,94519525657000,5582250,5657000,74750,94519530000000,0,0,0
1,2582,94519530000000,94519530108000,94519535769125,5661125,5769125,108000,94519540000000,0,0,0
1,2583,94519540000000,94519540128750,94519545674625,5545875,5674625,128750,94519550000000,0,0,0
1,2584,94519550000000,94519550109125,94519555699875,5590750,5699875,109125,94519560000000,0,0,0
1,2585,94519560000000,94519560113500,94519565796750,5683250,5796750,113500,94519570000000,0,0,0
1,2586,94519570000000,94519570105000,94519575738625,5633625,5738625,105000,94519580000000,0,0,0
1,2587,94519580000000,94519580112250,94519585689250,5577000,5689250,112250,94519590000000,0,0,0
1,2588,94519590000000,94519590106875,94519595794750,5687875,5794750,106875,94519600000000,0,0,0
1,2589,94519600000000,94519600112500,94519606082750,5970250,6082750,112500,94519610000000,0,0,0
1,2590,94519610000000,94519610110625,94519615879000,5768375,5879000,110625,94519620000000,0,0,0
1,2591,94519620000000,94519620114250,94519625811125,5696875,5811125,114250,94519630000000,0,0,0
1,2592,94519630000000,94519630123000,94519635765250,5642250,5765250,123000,94519640000000,0,0,0
1,2593,94519640000000,94519640114875,94519645794500,5679625,5794500,114875,94519650000000,0,0,0
1,2594,94519650000000,94519650127125,94519655786375,5659250,5786375,127125,94519660000000,0,0,0
1,2595,94519660000000,94519660112625,94519665652625,5540000,5652625,112625,94519670000000,0,0,0
1,2596,94519670000000,94519670106875,94519675857625,5750750,5857625,106875,94519680000000,0,0,0
1,2597,94519680000000,94519680113500,94519685822875,5709375,5822875,113500,94519690000000,0,0,0
1,2598,94519690000000,94519690112000,94519695818375,5706375,5818375,112000,94519700000000,0,0,0
1,2599,94519700000000,94519700108375,94519705757375,5649000,5757375,108375,94519710000000,0,0,0
1,2600,94519710000000,94519710106500,94519715781625,5675125,5781625,106500,94519720000000,0,0,0
1,2601,94519720000000,94519720108500,94519725965750,5857250,5965750,108500,94519730000000,0,0,0
1,2602,94519730000000,94519730107375,94519735878250,5770875,5878250,107375,94519740000000,0,0,0
1,2603,94519740000000,94519740125500,94519745805250,5679750,5805250,125500,94519750000000,0,0,0
1,2604,94519750000000,94519750106125,94519755766375,5660250,5766375,106125,94519760000000,0,0,0
1,2605,94519760000000,94519760110375,94519765737375,5627000,5737375,110375,94519770000000,0,0,0
1,2606,94519770000000,94519770110000,94519775736000,5626000,5736000,110000,94519780000000,0,0,0
1,2607,94519780000000,94519780113250,94519785686125,5572875,5686125,113250,94519790000000,0,0,0
1,2608,94519790000000,94519790101125,94519795726375,5625250,5726375,101125,94519800000000,0,0,0
1,2609,94519800000000,94519800112625,94519805769250,5656625,5769250,112625,94519810000000,0,0,0
1,2610,94519810000000,94519810106500,94519815747625,5641125,5747625,106500,94519820000000,0,0,0
1,2611,94519820000000,94519820106125,94519825690750,5584625,5690750,106125,94519830000000,0,0,0
1,2612,94519830000000,94519830122125,94519835741500,5619375,5741500,122125,94519840000000,0,0,0
1,2613,94519840000000,94519840087375,94519845672875,5585500,5672875,87375,94519850000000,0,0,0
1,2614,94519850000000,94519850123625,94519855743000,5619375,5743000,123625,94519860000000,0,0,0
1,2615,94519860000000,94519860113250,94519865731625,5618375,5731625,113250,94519870000000,0,0,0
1,2616,94519870000000,94519870127875,94519875800250,5672375,5800250,127875,94519880000000,0,0,0
1,2617,94519880000000,94519880116250,94519885790125,5673875,5790125,116250,94519890000000,0,0,0
1,2618,94519890000000,94519890109250,94519895715000,5605750,5715000,109250,94519900000000,0,0,0
1,2619,94519900000000,94519900112500,94519905747625,5635125,5747625,112500,94519910000000,0,0,0
1,2620,94519910000000,94519910106875,94519915752125,5645250,5752125,106875,94519920000000,0,0,0
1,2621,94519920000000,94519920110125,94519925757375,5647250,5757375,110125,94519930000000,0,0,0
1,2622,94519930000000,94519930093750,94519935801625,5707875,5801625,93750,94519940000000,0,0,0
1,2623,94519940000000,94519940106875,94519945634000,5527125,5634000,106875,94519950000000,0,0,0
1,2624,94519950000000,94519950102250,94519955752250,5650000,5752250,102250,94519960000000,0,0,0
1,2625,94519960000000,94519960128000,94519965731500,5603500,5731500,128000,94519970000000,0,0,0
1,2626,94519970000000,94519970108750,94519975668000,5559250,5668000,108750,94519980000000,0,0,0
1,2627,94519980000000,94519980129500,94519985671250,5541750,5671250,129500,94519990000000,0,0,0
1,2628,94519990000000,94519990105625,94519995724125,5618500,5724125,105625,94520000000000,0,0,0
1,2629,94520000000000,94520000112250,94520005778000,5665750,5778000,112250,94520010000000,0,0,0
1,2630,94520010000000,94520010086125,94520015631500,5545375,5631500,86125,94520020000000,0,0,0
1,2631,94520020000000,94520020107625,94520025709250,5601625,5709250,107625,94520030000000,0,0,0
1,2632,94520030000000,94520030069250,94520035797250,5728000,5797250,69250,94520040000000,0,0,0
1,2633,94520040000000,94520040110625,94520045708250,5597625,5708250,110625,94520050000000,0,0,0
1,2634,94520050000000,94520050101625,94520055813750,5712125,5813750,101625,94520060000000,0,0,0
1,2635,94520060000000,94520060110125,94520065801000,5690875,5801000,110125,94520070000000,0,0,0
1,2636,94520070000000,94520070101375,94520075646750,5545375,5646750,101375,94520080000000,0,0,0
1,2637,94520080000000,94520080108750,94520085781625,5672875,5781625,108750,94520090000000,0,0,0
1,2638,94520090000000,94520090124625,94520095717000,5592375,5717000,124625,94520100000000,0,0,0
1,2639,94520100000000,94520100113500,94520105990375,5876875,5990375,113500,94520110000000,0,0,0
1,2640,94520110000000,94520110121125,94520115790000,5668875,5790000,121125,94520120000000,0,0,0
1,2641,94520120000000,94520120115500,94520126113875,5998375,6113875,115500,94520130000000,0,0,0
1,2642,94520130000000,94520130067625,94520135749750,5682125,5749750,67625,94520140000000,0,0,0
1,2643,94520140000000,94520140111625,94520145654375,5542750,5654375,111625,94520150000000,0,0,0
1,2644,94520150000000,94520150106250,94520155687000,5580750,5687000,106250,94520160000000,0,0,0
1,2645,94520160000000,94520160107875,94520165780125,5672250,5780125,107875,94520170000000,0,0,0
1,2646,94520170000000,94520170107125,94520176151875,6044750,6151875,107125,94520180000000,0,0,0
1,2647,94520180000000,94520180092750,94520185753625,5660875,5753625,92750,94520190000000,0,0,0
1,2648,94520190000000,94520190106250,94520195689750,5583500,5689750,106250,94520200000000,0,0,0
1,2649,94520200000000,94520200128125,94520205813875,5685750,5813875,128125,94520210000000,0,0,0
1,2650,94520210000000,94520210106750,94520215794750,5688000,5794750,106750,94520220000000,0,0,0
1,2651,94520220000000,94520220109750,94520225680000,5570250,5680000,109750,94520230000000,0,0,0
1,2652,94520230000000,94520230105875,94520235759500,5653625,5759500,105875,94520240000000,0,0,0
1,2653,94520240000000,94520240111875,94520245683750,5571875,5683750,111875,94520250000000,0,0,0
1,2654,94520250000000,94520250101000,94520255819250,5718250,5819250,101000,94520260000000,0,0,0
1,2655,94520260000000,94520260108500,94520265761750,5653250,5761750,108500,94520270000000,0,0,0
1,2656,94520270000000,94520270102750,94520275733375,5630625,5733375,102750,94520280000000,0,0,0
1,2657,94520280000000,94520280115500,94520285944375,5828875,5944375,115500,94520290000000,0,0,0
1,2658,94520290000000,94520290097500,94520295815500,5718000,5815500,97500,94520300000000,0,0,0
1,2659,94520300000000,94520300088125,94520305692125,5604000,5692125,88125,94520310000000,0,0,0
1,2660,94520310000000,94520310127875,94520315825375,5697500,5825375,127875,94520320000000,0,0,0
1,2661,94520320000000,94520320109875,94520325720125,5610250,5720125,109875,94520330000000,0,0,0
1,2662,94520330000000,94520330105375,94520335916750,5811375,5916750,105375,94520340000000,0,0,0
1,2663,94520340000000,94520340114500,94520345661375,5546875,5661375,114500,94520350000000,0,0,0
1,2664,94520350000000,94520350067625,94520355791875,5724250,5791875,67625,94520360000000,0,0,0
1,2665,94520360000000,94520360113125,94520365692625,5579500,5692625,113125,94520370000000,0,0,0
1,2666,94520370000000,94520370107625,94520375763250,5655625,5763250,107625,94520380000000,0,0,0
1,2667,94520380000000,94520380095750,94520385657250,5561500,5657250,95750,94520390000000,0,0,0
1,2668,94520390000000,94520390104375,94520395775875,5671500,5775875,104375,94520400000000,0,0,0
1,2669,94520400000000,94520400104250,94520405678500,5574250,5678500,104250,94520410000000,0,0,0
1,2670,94520410000000,94520410107750,94520415878375,5770625,5878375,107750,94520420000000,0,0,0
1,2671,94520420000000,94520420109625,94520425687000,5577375,5687000,109625,94520430000000,0,0,0
1,2672,94520430000000,94520430110625,94520435777250,5666625,5777250,110625,94520440000000,0,0,0
1,2673,94520440000000,94520440123125,94520445698500,5575375,5698500,123125,94520450000000,0,0,0
1,2674,94520450000000,94520450107250,94520455725750,5618500,5725750,107250,94520460000000,0,0,0
1,2675,94520460000000,94520460131625,94520465789125,5657500,5789125,131625,94520470000000,0,0,0
1,2676,94520470000000,94520470111250,94520475741125,5629875,5741125,111250,94520480000000,0,0,0
1,2677,94520480000000,94520480113750,94520485765375,5651625,5765375,113750,94520490000000,0,0,0
1,2678,94520490000000,94520490114250,94520495744375,5630125,5744375,114250,94520500000000,0,0,0
1,2679,94520500000000,94520500113125,94520505938875,5825750,5938875,113125,94520510000000,0,0,0
1,2680,94520510000000,94520510102375,94520515858250,5755875,5858250,102375,94520520000000,0,0,0
1,2681,94520520000000,94520520113500,94520525968000,5854500,5968000,113500,94520530000000,0,0,0
1,2682,94520530000000,94520530104500,94520535790125,5685625,5790125,104500,94520540000000,0,0,0
1,2683,94520540000000,94520540073375,94520545594125,5520750,5594125,73375,94520550000000,0,0,0
1,2684,94520550000000,94520550126000,94520555803875,5677875,5803875,126000,94520560000000,0,0,0
1,2685,94520560000000,94520560111250,94520565665500,5554250,5665500,111250,94520570000000,0,0,0
1,2686,94520570000000,94520570102875,94520575812125,5709250,5812125,102875,94520580000000,0,0,0
1,2687,94520580000000,94520580113875,94520585807000,5693125,5807000,113875,94520590000000,0,0,0
1,2688,94520590000000,94520590107500,94520595841375,5733875,5841375,107500,94520600000000,0,0,0
1,2689,94520600000000,94520600113250,94520605760625,5647375,5760625,113250,94520610000000,0,0,0
1,2690,94520610000000,94520610105125,94520615834000,5728875,5834000,105125,94520620000000,0,0,0
1,2691,94520620000000,94520620109000,94520625761250,5652250,5761250,109000,94520630000000,0,0,0
1,2692,94520630000000,94520630106250,94520635724125,5617875,5724125,106250,94520640000000,0,0,0
1,2693,94520640000000,94520640099375,94520645815250,5715875,5815250,99375,94520650000000,0,0,0
1,2694,94520650000000,94520650109125,94520655819875,5710750,5819875,109125,94520660000000,0,0,0
1,2695,94520660000000,94520660107875,94520665703000,5595125,5703000,107875,94520670000000,0,0,0
1,2696,94520670000000,94520670107375,94520675714625,5607250,5714625,107375,94520680000000,0,0,0
1,2697,94520680000000,94520680127125,94520685650500,5523375,5650500,127125,94520690000000,0,0,0
1,2698,94520690000000,94520690112375,94520695773000,5660625,5773000,112375,94520700000000,0,0,0
1,2699,94520700000000,94520700113000,94520705761000,5648000,5761000,113000,94520710000000,0,0,0
1,2700,94520710000000,94520710106375,94520715786250,5679875,5786250,106375,94520720000000,0,0,0
1,2701,94520720000000,94520720085750,94520725591250,5505500,5591250,85750,94520730000000,0,0,0
1,2702,94520730000000,94520730110125,94520735748875,5638750,5748875,110125,94520740000000,0,0,0
1,2703,94520740000000,94520740090250,94520745632500,5542250,5632500,90250,94520750000000,0,0,0
1,2704,94520750000000,94520750104500,94520755659625,5555125,5659625,104500,94520760000000,0,0,0
1,2705,94520760000000,94520760110875,94520765775750,5664875,5775750,110875,94520770000000,0,0,0
1,2706,94520770000000,94520770102375,94520775749000,5646625,5749000,102375,94520780000000,0,0,0
1,2707,94520780000000,94520780107875,94520785687750,5579875,5687750,107875,94520790000000,0,0,0
1,2708,94520790000000,94520790126125,94520795801375,5675250,5801375,126125,94520800000000,0,0,0
1,2709,94520800000000,94520800111500,94520805818500,5707000,5818500,111500,94520810000000,0,0,0
1,2710,94520810000000,94520810125000,94520815787375,5662375,5787375,125000,94520820000000,0,0,0
1,2711,94520820000000,94520820112500,94520825679000,5566500,5679000,112500,94520830000000,0,0,0
1,2712,94520830000000,94520830066250,94520835764375,5698125,5764375,66250,94520840000000,0,0,0
1,2713,94520840000000,94520840160625,94520845781375,5620750,5781375,160625,94520850000000,0,0,0
1,2714,94520850000000,94520850111500,94520855679250,5567750,5679250,111500,94520860000000,0,0,0
1,2715,94520860000000,94520860105625,94520865697000,5591375,5697000,105625,94520870000000,0,0,0
1,2716,94520870000000,94520870105375,94520875753750,5648375,5753750,105375,94520880000000,0,0,0
1,2717,94520880000000,94520880110000,94520885775625,5665625,5775625,110000,94520890000000,0,0,0
1,2718,94520890000000,94520890105500,94520895753250,5647750,5753250,105500,94520900000000,0,0,0
1,2719,94520900000000,94520900106375,94520905654375,5548000,5654375,106375,94520910000000,0,0,0
1,2720,94520910000000,94520910110500,94520915783875,5673375,5783875,110500,94520920000000,0,0,0
1,2721,94520920000000,94520920107250,94520925697875,5590625,5697875,107250,94520930000000,0,0,0
1,2722,94520930000000,94520930109625,94520935748500,5638875,5748500,109625,94520940000000,0,0,0
1,2723,94520940000000,94520940127750,94520945749750,5622000,5749750,127750,94520950000000,0,0,0
1,2724,94520950000000,94520950096750,94520955674250,5577500,5674250,96750,94520960000000,0,0,0
1,2725,94520960000000,94520960131250,94520966053375,5922125,6053375,131250,94520970000000,0,0,0
1,2726,94520970000000,94520970112250,94520975859875,5747625,5859875,112250,94520980000000,0,0,0
1,2727,94520980000000,94520980110875,94520986011875,5901000,6011875,110875,94520990000000,0,0,0
1,2728,94520990000000,94520990109375,94520995699500,5590125,5699500,109375,94521000000000,0,0,0
1,2729,94521000000000,94521000112000,94521005658000,5546000,5658000,112000,94521010000000,0,0,0
1,2730,94521010000000,94521010110500,94521015791625,5681125,5791625,110500,94521020000000,0,0,0
1,2731,94521020000000,94521020111125,94521025817125,5706000,5817125,111125,94521030000000,0,0,0
1,2732,94521030000000,94521030111250,94521036262500,6151250,6262500,111250,94521040000000,0,0,0
1,2733,94521040000000,94521040099125,94521046052125,5953000,6052125,99125,94521050000000,0,0,0
1,2734,94521050000000,94521050104375,94521056099625,5995250,6099625,104375,94521060000000,0,0,0
1,2735,94521060000000,94521060094625,94521065811375,5716750,5811375,94625,94521070000000,0,0,0
1,2736,94521070000000,94521070119375,94521075777125,5657750,5777125,119375,94521080000000,0,0,0
1,2737,94521080000000,94521080114750,94521085772000,5657250,5772000,114750,94521090000000,0,0,0
1,2738,94521090000000,94521090124375,94521095818875,5694500,5818875,124375,94521100000000,0,0,0
1,2739,94521100000000,94521100112000,94521105720500,5608500,5720500,112000,94521110000000,0,0,0
1,2740,94521110000000,94521110106375,94521115796375,5690000,5796375,106375,94521120000000,0,0,0
1,2741,94521120000000,94521120115500,94521125646625,5531125,5646625,115500,94521130000000,0,0,0
1,2742,94521130000000,94521130110000,94521135734000,5624000,5734000,110000,94521140000000,0,0,0
1,2743,94521140000000,94521140113125,94521145755125,5642000,5755125,113125,94521150000000,0,0,0
1,2744,94521150000000,94521150074000,94521155679000,5605000,5679000,74000,94521160000000,0,0,0
1,2745,94521160000000,94521160115375,94521165789625,5674250,5789625,115375,94521170000000,0,0,0
1,2746,94521170000000,94521170104875,94521175709125,5604250,5709125,104875,94521180000000,0,0,0
1,2747,94521180000000,94521180108375,94521185623500,5515125,5623500,108375,94521190000000,0,0,0
1,2748,94521190000000,94521190107750,94521195767750,5660000,5767750,107750,94521200000000,0,0,0
1,2749,94521200000000,94521200112125,94521205742750,5630625,5742750,112125,94521210000000,0,0,0
1,2750,94521210000000,94521210110000,94521215737750,5627750,5737750,110000,94521220000000,0,0,0
1,2751,94521220000000,94521220128500,94521225936625,5808125,5936625,128500,94521230000000,0,0,0
1,2752,94521230000000,94521230108500,94521235780375,5671875,5780375,108500,94521240000000,0,0,0
1,2753,94521240000000,94521240127750,94521245833000,5705250,5833000,127750,94521250000000,0,0,0
1,2754,94521250000000,94521250104875,94521255706875,5602000,5706875,104875,94521260000000,0,0,0
1,2755,94521260000000,94521260107125,94521265789000,5681875,5789000,107125,94521270000000,0,0,0
1,2756,94521270000000,94521270110875,94521275778000,5667125,5778000,110875,94521280000000,0,0,0
1,2757,94521280000000,94521280112625,94521285762250,5649625,5762250,112625,94521290000000,0,0,0
1,2758,94521290000000,94521290106375,94521295755625,5649250,5755625,106375,94521300000000,0,0,0
1,2759,94521300000000,94521300112750,94521305782250,5669500,5782250,112750,94521310000000,0,0,0
1,2760,94521310000000,94521310104000,94521315681250,5577250,5681250,104000,94521320000000,0,0,0
1,2761,94521320000000,94521320107625,94521325544125,5436500,5544125,107625,94521330000000,0,0,0
1,2762,94521330000000,94521330124625,94521335781125,5656500,5781125,124625,94521340000000,0,0,0
1,2763,94521340000000,94521340107875,94521345701000,5593125,5701000,107875,94521350000000,0,0,0
1,2764,94521350000000,94521350125500,94521355903500,5778000,5903500,125500,94521360000000,0,0,0
1,2765,94521360000000,94521360116250,94521365718750,5602500,5718750,116250,94521370000000,0,0,0
1,2766,94521370000000,94521370107000,94521376081000,5974000,6081000,107000,94521380000000,0,0,0
1,2767,94521380000000,94521380092250,94521385821250,5729000,5821250,92250,94521390000000,0,0,0
1,2768,94521390000000,94521390109000,94521395833250,5724250,5833250,109000,94521400000000,0,0,0
1,2769,94521400000000,94521400108875,94521405805750,5696875,5805750,108875,94521410000000,0,0,0
1,2770,94521410000000,94521410083000,94521415683625,5600625,5683625,83000,94521420000000,0,0,0
1,2771,94521420000000,94521420105250,94521425690875,5585625,5690875,105250,94521430000000,0,0,0
1,2772,94521430000000,94521430107000,94521435754875,5647875,5754875,107000,94521440000000,0,0,0
1,2773,94521440000000,94521440076125,94521445552125,5476000,5552125,76125,94521450000000,0,0,0
1,2774,94521450000000,94521450100875,94521455676125,5575250,5676125,100875,94521460000000,0,0,0
1,2775,94521460000000,94521460124125,94521465825875,5701750,5825875,124125,94521470000000,0,0,0
1,2776,94521470000000,94521470108375,94521475828125,5719750,5828125,108375,94521480000000,0,0,0
1,2777,94521480000000,94521480126750,94521485754625,5627875,5754625,126750,94521490000000,0,0,0
1,2778,94521490000000,94521490104500,94521495783875,5679375,5783875,104500,94521500000000,0,0,0
1,2779,94521500000000,94521500110000,94521505698750,5588750,5698750,110000,94521510000000,0,0,0
1,2780,94521510000000,94521510109750,94521515771375,5661625,5771375,109750,94521520000000,0,0,0
1,2781,94521520000000,94521520110125,94521525791000,5680875,5791000,110125,94521530000000,0,0,0
1,2782,94521530000000,94521530100625,94521535818125,5717500,5818125,100625,94521540000000,0,0,0
1,2783,94521540000000,94521540112250,94521545723000,5610750,5723000,112250,94521550000000,0,0,0
1,2784,94521550000000,94521550124625,94521555850750,5726125,5850750,124625,94521560000000,0,0,0
1,2785,94521560000000,94521560075125,94521565683625,5608500,5683625,75125,94521570000000,0,0,0
1,2786,94521570000000,94521570107250,94521575692250,5585000,5692250,107250,94521580000000,0,0,0
1,2787,94521580000000,94521580116250,94521585684250,5568000,5684250,116250,94521590000000,0,0,0
1,2788,94521590000000,94521590107000,94521595677125,5570125,5677125,107000,94521600000000,0,0,0
1,2789,94521600000000,94521600113250,94521605705125,5591875,5705125,113250,94521610000000,0,0,0
1,2790,94521610000000,94521610100250,94521615758125,5657875,5758125,100250,94521620000000,0,0,0
1,2791,94521620000000,94521620110125,94521625795000,5684875,5795000,110125,94521630000000,0,0,0
1,2792,94521630000000,94521630109125,94521635717500,5608375,5717500,109125,94521640000000,0,0,0
1,2793,94521640000000,94521640129250,94521645730125,5600875,5730125,129250,94521650000000,0,0,0
1,2794,94521650000000,94521650111750,94521655718625,5606875,5718625,111750,94521660000000,0,0,0
1,2795,94521660000000,94521660129625,94521665835750,5706125,5835750,129625,94521670000000,0,0,0
1,2796,94521670000000,94521670110375,94521675721250,5610875,5721250,110375,94521680000000,0,0,0
1,2797,94521680000000,94521680128000,94521685894375,5766375,5894375,128000,94521690000000,0,0,0
1,2798,94521690000000,94521690105625,94521695762750,5657125,5762750,105625,94521700000000,0,0,0
1,2799,94521700000000,94521700129625,94521705912875,5783250,5912875,129625,94521710000000,0,0,0
1,2800,94521710000000,94521710110875,94521715720000,5609125,5720000,110875,94521720000000,0,0,0
1,2801,94521720000000,94521720107875,94521725835125,5727250,5835125,107875,94521730000000,0,0,0
1,2802,94521730000000,94521730107625,94521735717125,5609500,5717125,107625,94521740000000,0,0,0
1,2803,94521740000000,94521740107500,94521745726625,5619125,5726625,107500,94521750000000,0,0,0
1,2804,94521750000000,94521750109750,94521755786625,5676875,5786625,109750,94521760000000,0,0,0
1,2805,94521760000000,94521760092125,94521765799500,5707375,5799500,92125,94521770000000,0,0,0
1,2806,94521770000000,94521770100000,94521775765875,5665875,5765875,100000,94521780000000,0,0,0
1,2807,94521780000000,94521780109750,94521785903500,5793750,5903500,109750,94521790000000,0,0,0
1,2808,94521790000000,94521790105125,94521795807625,5702500,5807625,105125,94521800000000,0,0,0
1,2809,94521800000000,94521800108250,94521805675375,5567125,5675375,108250,94521810000000,0,0,0
1,2810,94521810000000,94521810123000,94521815797875,5674875,5797875,123000,94521820000000,0,0,0
1,2811,94521820000000,94521820109625,94521825623625,5514000,5623625,109625,94521830000000,0,0,0
1,2812,94521830000000,94521830109250,94521835816875,5707625,5816875,109250,94521840000000,0,0,0
1,2813,94521840000000,94521840116625,94521845628875,5512250,5628875,116625,94521850000000,0,0,0
1,2814,94521850000000,94521850111625,94521855729875,5618250,5729875,111625,94521860000000,0,0,0
1,2815,94521860000000,94521860118125,94521865712500,5594375,5712500,118125,94521870000000,0,0,0
1,2816,94521870000000,94521870104875,94521875697875,5593000,5697875,104875,94521880000000,0,0,0
1,2817,94521880000000,94521880113500,94521885579500,5466000,5579500,113500,94521890000000,0,0,0
1,2818,94521890000000,94521890104625,94521895764375,5659750,5764375,104625,94521900000000,0,0,0
1,2819,94521900000000,94521900104500,94521905739000,5634500,5739000,104500,94521910000000,0,0,0
1,2820,94521910000000,94521910103625,94521915756625,5653000,5756625,103625,94521920000000,0,0,0
1,2821,94521920000000,94521920126000,94521925768625,5642625,5768625,126000,94521930000000,0,0,0
1,2822,94521930000000,94521930108625,94521935756875,5648250,5756875,108625,94521940000000,0,0,0
1,2823,94521940000000,94521940129000,94521945779125,5650125,5779125,129000,94521950000000,0,0,0
1,2824,94521950000000,94521950107500,94521955714250,5606750,5714250,107500,94521960000000,0,0,0
1,2825,94521960000000,94521960113000,94521965816750,5703750,5816750,113000,94521970000000,0,0,0
1,2826,94521970000000,94521970096250,94521975682750,5586500,5682750,96250,94521980000000,0,0,0
1,2827,94521980000000,94521980110500,94521985626000,5515500,5626000,110500,94521990000000,0,0,0
1,2828,94521990000000,94521990100000,94521995739375,5639375,5739375,100000,94522000000000,0,0,0
1,2829,94522000000000,94522000086125,94522005550500,5464375,5550500,86125,94522010000000,0,0,0
1,2830,94522010000000,94522010124375,94522015698500,5574125,5698500,124375,94522020000000,0,0,0
1,2831,94522020000000,94522020111750,94522025716625,5604875,5716625,111750,94522030000000,0,0,0
1,2832,94522030000000,94522030102750,94522035782000,5679250,5782000,102750,94522040000000,0,0,0
1,2833,94522040000000,94522040113000,94522046073250,5960250,6073250,113000,94522050000000,0,0,0
1,2834,94522050000000,94522050105875,94522055750750,5644875,5750750,105875,94522060000000,0,0,0
1,2835,94522060000000,94522060104375,94522065629750,5525375,5629750,104375,94522070000000,0,0,0
1,2836,94522070000000,94522070104875,94522075775500,5670625,5775500,104875,94522080000000,0,0,0
1,2837,94522080000000,94522080105750,94522085653000,5547250,5653000,105750,94522090000000,0,0,0
1,2838,94522090000000,94522090105500,94522095745375,5639875,5745375,105500,94522100000000,0,0,0
1,2839,94522100000000,94522100129875,94522105885625,5755750,5885625,129875,94522110000000,0,0,0
1,2840,94522110000000,94522110104625,94522115775250,5670625,5775250,104625,94522120000000,0,0,0
1,2841,94522120000000,94522120107875,94522125816625,5708750,5816625,107875,94522130000000,0,0,0
1,2842,94522130000000,94522130106375,94522135811375,5705000,5811375,106375,94522140000000,0,0,0
1,2843,94522140000000,94522140108750,94522145827875,5719125,5827875,108750,94522150000000,0,0,0
1,2844,94522150000000,94522150104000,94522156163500,6059500,6163500,104000,94522160000000,0,0,0
1,2845,94522160000000,94522160095625,94522166114750,6019125,6114750,95625,94522170000000,0,0,0
1,2846,94522170000000,94522170071000,94522175906875,5835875,5906875,71000,94522180000000,0,0,0
1,2847,94522180000000,94522180112750,94522185905000,5792250,5905000,112750,94522190000000,0,0,0
1,2848,94522190000000,94522190124250,94522195831750,5707500,5831750,124250,94522200000000,0,0,0
1,2849,94522200000000,94522200108750,94522205789250,5680500,5789250,108750,94522210000000,0,0,0
1,2850,94522210000000,94522210123375,94522215679250,5555875,5679250,123375,94522220000000,0,0,0
1,2851,94522220000000,94522220107375,94522225846000,5738625,5846000,107375,94522230000000,0,0,0
1,2852,94522230000000,94522230125125,94522235806000,5680875,5806000,125125,94522240000000,0,0,0
1,2853,94522240000000,94522240114125,94522245740875,5626750,5740875,114125,94522250000000,0,0,0
1,2854,94522250000000,94522250103500,94522255775625,5672125,5775625,103500,94522260000000,0,0,0
1,2855,94522260000000,94522260114625,94522265655750,5541125,5655750,114625,94522270000000,0,0,0
1,2856,94522270000000,94522270103625,94522275758625,5655000,5758625,103625,94522280000000,0,0,0
1,2857,94522280000000,94522280101000,94522285663625,5562625,5663625,101000,94522290000000,0,0,0
1,2858,94522290000000,94522290108375,94522295791750,5683375,5791750,108375,94522300000000,0,0,0
1,2859,94522300000000,94522300105125,94522305742500,5637375,5742500,105125,94522310000000,0,0,0
1,2860,94522310000000,94522310105125,94522315734500,5629375,5734500,105125,94522320000000,0,0,0
1,2861,94522320000000,94522320127375,94522325694625,5567250,5694625,127375,94522330000000,0,0,0
1,2862,94522330000000,94522330104000,94522335704500,5600500,5704500,104000,94522340000000,0,0,0
1,2863,94522340000000,94522340131000,94522345595000,5464000,5595000,131000,94522350000000,0,0,0
1,2864,94522350000000,94522350109000,94522355746500,5637500,5746500,109000,94522360000000,0,0,0
1,2865,94522360000000,94522360107875,94522365704000,5596125,5704000,107875,94522370000000,0,0,0
1,2866,94522370000000,94522370105125,94522375762875,5657750,5762875,105125,94522380000000,0,0,0
1,2867,94522380000000,94522380107500,94522385791625,5684125,5791625,107500,94522390000000,0,0,0
1,2868,94522390000000,94522390102125,94522395865000,5762875,5865000,102125,94522400000000,0,0,0
1,2869,94522400000000,94522400072875,94522405635875,5563000,5635875,72875,94522410000000,0,0,0
1,2870,94522410000000,94522410123250,94522415852000,5728750,5852000,123250,94522420000000,0,0,0
1,2871,94522420000000,94522420106250,94522425751000,5644750,5751000,106250,94522430000000,0,0,0
1,2872,94522430000000,94522430127375,94522435697750,5570375,5697750,127375,94522440000000,0,0,0
1,2873,94522440000000,94522440111750,94522445695000,5583250,5695000,111750,94522450000000,0,0,0
1,2874,94522450000000,94522450111750,94522455804750,5693000,5804750,111750,94522460000000,0,0,0
1,2875,94522460000000,94522460089000,94522465726000,5637000,5726000,89000,94522470000000,0,0,0
1,2876,94522470000000,94522470109750,94522475779625,5669875,5779625,109750,94522480000000,0,0,0
1,2877,94522480000000,94522480111875,94522485623250,5511375,5623250,111875,94522490000000,0,0,0
1,2878,94522490000000,94522490106500,94522495777625,5671125,5777625,106500,94522500000000,0,0,0
1,2879,94522500000000,94522500108125,94522505987000,5878875,5987000,108125,94522510000000,0,0,0
1,2880,94522510000000,94522510108750,94522515770625,5661875,5770625,108750,94522520000000,0,0,0
1,2881,94522520000000,94522520126875,94522525998000,5871125,5998000,126875,94522530000000,0,0,0
1,2882,94522530000000,94522530104375,94522535767250,5662875,5767250,104375,94522540000000,0,0,0
1,2883,94522540000000,94522540129000,94522546060750,5931750,6060750,129000,94522550000000,0,0,0
1,2884,94522550000000,94522550111000,94522555823000,5712000,5823000,111000,94522560000000,0,0,0
1,2885,94522560000000,94522560109500,94522565738750,5629250,5738750,109500,94522570000000,0,0,0
1,2886,94522570000000,94522570111750,94522575645125,5533375,5645125,111750,94522580000000,0,0,0
1,2887,94522580000000,94522580073125,94522585689750,5616625,5689750,73125,94522590000000,0,0,0
1,2888,94522590000000,94522590110750,94522595666750,5556000,5666750,110750,94522600000000,0,0,0
1,2889,94522600000000,94522600112000,94522605671750,5559750,5671750,112000,94522610000000,0,0,0
1,2890,94522610000000,94522610106750,94522615774125,5667375,5774125,106750,94522620000000,0,0,0
1,2891,94522620000000,94522620110500,94522625661500,5551000,5661500,110500,94522630000000,0,0,0
1,2892,94522630000000,94522630102250,94522635745125,5642875,5745125,102250,94522640000000,0,0,0
1,2893,94522640000000,94522640109375,94522645875250,5765875,5875250,109375,94522650000000,0,0,0
1,2894,94522650000000,94522650104000,94522655786875,5682875,5786875,104000,94522660000000,0,0,0
1,2895,94522660000000,94522660111750,94522665734000,5622250,5734000,111750,94522670000000,0,0,0
1,2896,94522670000000,94522670120000,94522675637625,5517625,5637625,120000,94522680000000,0,0,0
1,2897,94522680000000,94522680109625,94522685655375,5545750,5655375,109625,94522690000000,0,0,0
1,2898,94522690000000,94522690123250,94522695763250,5640000,5763250,123250,94522700000000,0,0,0
1,2899,94522700000000,94522700112375,94522705662375,5550000,5662375,112375,94522710000000,0,0,0
1,2900,94522710000000,94522710110750,94522715700375,5589625,5700375,110750,94522720000000,0,0,0
1,2901,94522720000000,94522720112125,94522725752375,5640250,5752375,112125,94522730000000,0,0,0
1,2902,94522730000000,94522730107250,94522735706000,5598750,5706000,107250,94522740000000,0,0,0
1,2903,94522740000000,94522740105625,94522745790250,5684625,5790250,105625,94522750000000,0,0,0
1,2904,94522750000000,94522750106625,94522755799375,5692750,5799375,106625,94522760000000,0,0,0
1,2905,94522760000000,94522760107875,94522765688750,5580875,5688750,107875,94522770000000,0,0,0
1,2906,94522770000000,94522770109125,94522775756375,5647250,5756375,109125,94522780000000,0,0,0
1,2907,94522780000000,94522780105750,94522785854000,5748250,5854000,105750,94522790000000,0,0,0
1,2908,94522790000000,94522790107125,94522795823250,5716125,5823250,107125,94522800000000,0,0,0
1,2909,94522800000000,94522800126625,94522805807625,5681000,5807625,126625,94522810000000,0,0,0
1,2910,94522810000000,94522810108625,94522815945000,5836375,5945000,108625,94522820000000,0,0,0
1,2911,94522820000000,94522820089875,94522825803625,5713750,5803625,89875,94522830000000,0,0,0
1,2912,94522830000000,94522830106625,94522835822375,5715750,5822375,106625,94522840000000,0,0,0
1,2913,94522840000000,94522840110500,94522845745000,5634500,5745000,110500,94522850000000,0,0,0
1,2914,94522850000000,94522850094250,94522855749375,5655125,5749375,94250,94522860000000,0,0,0
1,2915,94522860000000,94522860073250,94522865583000,5509750,5583000,73250,94522870000000,0,0,0
1,2916,94522870000000,94522870101750,94522875786500,5684750,5786500,101750,94522880000000,0,0,0
1,2917,94522880000000,94522880112625,94522885932000,5819375,5932000,112625,94522890000000,0,0,0
1,2918,94522890000000,94522890104375,94522895757500,5653125,5757500,104375,94522900000000,0,0,0
1,2919,94522900000000,94522900114125,94522905852875,5738750,5852875,114125,94522910000000,0,0,0
1,2920,94522910000000,94522910126250,94522915789875,5663625,5789875,126250,94522920000000,0,0,0
1,2921,94522920000000,94522920116625,94522925673250,5556625,5673250,116625,94522930000000,0,0,0
1,2922,94522930000000,94522930123750,94522935648000,5524250,5648000,123750,94522940000000,0,0,0
1,2923,94522940000000,94522940106750,94522945831250,5724500,5831250,106750,94522950000000,0,0,0
1,2924,94522950000000,94522950124750,94522955712375,5587625,5712375,124750,94522960000000,0,0,0
1,2925,94522960000000,94522960112500,94522965680750,5568250,5680750,112500,94522970000000,0,0,0
1,2926,94522970000000,94522970125250,94522975800375,5675125,5800375,125250,94522980000000,0,0,0
1,2927,94522980000000,94522980117875,94522985762750,5644875,5762750,117875,94522990000000,0,0,0
1,2928,94522990000000,94522990095625,94522995725750,5630125,5725750,95625,94523000000000,0,0,0
1,2929,94523000000000,94523000110750,94523005664375,5553625,5664375,110750,94523010000000,0,0,0
1,2930,94523010000000,94523010110250,94523015799000,5688750,5799000,110250,94523020000000,0,0,0
1,2931,94523020000000,94523020111500,94523025681625,5570125,5681625,111500,94523030000000,0,0,0
1,2932,94523030000000,94523030105875,94523035810875,5705000,5810875,105875,94523040000000,0,0,0
1,2933,94523040000000,94523040107125,94523045789250,5682125,5789250,107125,94523050000000,0,0,0
1,2934,94523050000000,94523050109375,94523055756750,5647375,5756750,109375,94523060000000,0,0,0
1,2935,94523060000000,94523060126875,94523065773500,5646625,5773500,126875,94523070000000,0,0,0
1,2936,94523070000000,94523070105250,94523075675000,5569750,5675000,105250,94523080000000,0,0,0
1,2937,94523080000000,94523080131750,94523085906125,5774375,5906125,131750,94523090000000,0,0,0
1,2938,94523090000000,94523090108375,94523095672875,5564500,5672875,108375,94523100000000,0,0,0
1,2939,94523100000000,94523100112125,94523105805750,5693625,5805750,112125,94523110000000,0,0,0
1,2940,94523110000000,94523110106875,94523115816750,5709875,5816750,106875,94523120000000,0,0,0
1,2941,94523120000000,94523120110250,94523125640625,5530375,5640625,110250,94523130000000,0,0,0
1,2942,94523130000000,94523130100375,94523135666875,5566500,5666875,100375,94523140000000,0,0,0
1,2943,94523140000000,94523140113125,94523145704000,5590875,5704000,113125,94523150000000,0,0,0
1,2944,94523150000000,94523150104250,94523155729625,5625375,5729625,104250,94523160000000,0,0,0
1,2945,94523160000000,94523160108750,94523165674375,5565625,5674375,108750,94523170000000,0,0,0
1,2946,94523170000000,94523170123500,94523175681125,5557625,5681125,123500,94523180000000,0,0,0
1,2947,94523180000000,94523180112500,94523185614500,5502000,5614500,112500,94523190000000,0,0,0
1,2948,94523190000000,94523190071500,94523195728625,5657125,5728625,71500,94523200000000,0,0,0
1,2949,94523200000000,94523200110625,94523205739625,5629000,5739625,110625,94523210000000,0,0,0
1,2950,94523210000000,94523210104250,94523215683125,5578875,5683125,104250,94523220000000,0,0,0
1,2951,94523220000000,94523220110625,94523225741125,5630500,5741125,110625,94523230000000,0,0,0
1,2952,94523230000000,94523230107125,94523235804750,5697625,5804750,107125,94523240000000,0,0,0
1,2953,94523240000000,94523240110000,94523245712125,5602125,5712125,110000,94523250000000,0,0,0
1,2954,94523250000000,94523250106000,94523255716250,5610250,5716250,106000,94523260000000,0,0,0
1,2955,94523260000000,94523260107625,94523265688250,5580625,5688250,107625,94523270000000,0,0,0
1,2956,94523270000000,94523270106250,94523275719125,5612875,5719125,106250,94523280000000,0,0,0
1,2957,94523280000000,94523280107750,94523285666500,5558750,5666500,107750,94523290000000,0,0,0
1,2958,94523290000000,94523290112125,94523295716250,5604125,5716250,112125,94523300000000,0,0,0
1,2959,94523300000000,94523300130125,94523305765000,5634875,5765000,130125,94523310000000,0,0,0
1,2960,94523310000000,94523310112125,94523315800750,5688625,5800750,112125,94523320000000,0,0,0
1,2961,94523320000000,94523320107125,94523325777625,5670500,5777625,107125,94523330000000,0,0,0
1,2962,94523330000000,94523330106125,94523335702500,5596375,5702500,106125,94523340000000,0,0,0
1,2963,94523340000000,94523340110500,94523345673375,5562875,5673375,110500,94523350000000,0,0,0
1,2964,94523350000000,94523350106750,94523355747750,5641000,5747750,106750,94523360000000,0,0,0
1,2965,94523360000000,94523360114000,94523365796500,5682500,5796500,114000,94523370000000,0,0,0
1,2966,94523370000000,94523370109500,94523375779375,5669875,5779375,109500,94523380000000,0,0,0
1,2967,94523380000000,94523380110375,94523385733000,5622625,5733000,110375,94523390000000,0,0,0
1,2968,94523390000000,94523390106750,94523395753250,5646500,5753250,106750,94523400000000,0,0,0
1,2969,94523400000000,94523400115500,94523405667125,5551625,5667125,115500,94523410000000,0,0,0
1,2970,94523410000000,94523410101500,94523415685000,5583500,5685000,101500,94523420000000,0,0,0
1,2971,94523420000000,94523420095250,94523425709625,5614375,5709625,95250,94523430000000,0,0,0
1,2972,94523430000000,94523430105000,94523435780375,5675375,5780375,105000,94523440000000,0,0,0
1,2973,94523440000000,94523440109750,94523445652250,5542500,5652250,109750,94523450000000,0,0,0
1,2974,94523450000000,94523450127500,94523455646000,5518500,5646000,127500,94523460000000,0,0,0
1,2975,94523460000000,94523460111125,94523465716250,5605125,5716250,111125,94523470000000,0,0,0
1,2976,94523470000000,94523470104000,94523475673500,5569500,5673500,104000,94523480000000,0,0,0
1,2977,94523480000000,94523480111500,94523485708625,5597125,5708625,111500,94523490000000,0,0,0
1,2978,94523490000000,94523490096375,94523495732875,5636500,5732875,96375,94523500000000,0,0,0
1,2979,94523500000000,94523500108375,94523505603375,5495000,5603375,108375,94523510000000,0,0,0
1,2980,94523510000000,94523510108750,94523515786500,5677750,5786500,108750,94523520000000,0,0,0
1,2981,94523520000000,94523520104750,94523525828875,5724125,5828875,104750,94523530000000,0,0,0
1,2982,94523530000000,94523530111500,94523535848625,5737125,5848625,111500,94523540000000,0,0,0
1,2983,94523540000000,94523540108125,94523545715875,5607750,5715875,108125,94523550000000,0,0,0
1,2984,94523550000000,94523550103500,94523555719250,5615750,5719250,103500,94523560000000,0,0,0
1,2985,94523560000000,94523560128000,94523565704250,5576250,5704250,128000,94523570000000,0,0,0
1,2986,94523570000000,94523570107000,94523575759250,5652250,5759250,107000,94523580000000,0,0,0
1,2987,94523580000000,94523580107750,94523585758875,5651125,5758875,107750,94523590000000,0,0,0
1,2988,94523590000000,94523590108375,94523595752125,5643750,5752125,108375,94523600000000,0,0,0
1,2989,94523600000000,94523600074125,94523605561625,5487500,5561625,74125,94523610000000,0,0,0
1,2990,94523610000000,94523610109500,94523615794875,5685375,5794875,109500,94523620000000,0,0,0
1,2991,94523620000000,94523620111375,94523625728125,5616750,5728125,111375,94523630000000,0,0,0
1,2992,94523630000000,94523630105125,94523635795875,5690750,5795875,105125,94523640000000,0,0,0
1,2993,94523640000000,94523640112625,94523645643500,5530875,5643500,112625,94523650000000,0,0,0
1,2994,94523650000000,94523650124750,94523655849625,5724875,5849625,124750,94523660000000,0,0,0
1,2995,94523660000000,94523660108750,94523665723500,5614750,5723500,108750,94523670000000,0,0,0
1,2996,94523670000000,94523670122875,94523675708250,5585375,5708250,122875,94523680000000,0,0,0
1,2997,94523680000000,94523680114500,94523685780125,5665625,5780125,114500,94523690000000,0,0,0
1,2998,94523690000000,94523690108625,94523696233250,6124625,6233250,108625,94523700000000,0,0,0
1,2999,94523700000000,94523700096875,94523705923375,5826500,5923375,96875,94523710000000,0,0,0
1,3000,94523710000000,94523710111375,94523715908875,5797500,5908875,111375,94523720000000,0,0,0
1,3001,94523720000000,94523720115000,94523725762375,5647375,5762375,115000,94523730000000,0,0,0
1,3002,94523730000000,94523730109500,94523735658000,5548500,5658000,109500,94523740000000,0,0,0
1,3003,94523740000000,94523740103250,94523745751500,5648250,5751500,103250,94523750000000,0,0,0
1,3004,94523750000000,94523750108750,94523755731375,5622625,5731375,108750,94523760000000,0,0,0
1,3005,94523760000000,94523760109750,94523765698625,5588875,5698625,109750,94523770000000,0,0,0
1,3006,94523770000000,94523770105250,94523775715125,5609875,5715125,105250,94523780000000,0,0,0
1,3007,94523780000000,94523780128125,94523785629500,5501375,5629500,128125,94523790000000,0,0,0
1,3008,94523790000000,94523790109375,94523795809625,5700250,5809625,109375,94523800000000,0,0,0
1,3009,94523800000000,94523800090375,94523805747250,5656875,5747250,90375,94523810000000,0,0,0
1,3010,94523810000000,94523810109000,94523815765250,5656250,5765250,109000,94523820000000,0,0,0
1,3011,94523820000000,94523820113000,94523825728500,5615500,5728500,113000,94523830000000,0,0,0
1,3012,94523830000000,94523830113500,94523835797625,5684125,5797625,113500,94523840000000,0,0,0
1,3013,94523840000000,94523840072375,94523845710000,5637625,5710000,72375,94523850000000,0,0,0
1,3014,94523850000000,94523850100875,94523855735375,5634500,5735375,100875,94523860000000,0,0,0
1,3015,94523860000000,94523860112375,94523865761875,5649500,5761875,112375,94523870000000,0,0,0
1,3016,94523870000000,94523870084625,94523875619750,5535125,5619750,84625,94523880000000,0,0,0
1,3017,94523880000000,94523880112125,94523885746250,5634125,5746250,112125,94523890000000,0,0,0
1,3018,94523890000000,94523890125250,94523895691250,5566000,5691250,125250,94523900000000,0,0,0
1,3019,94523900000000,94523900108375,94523905685250,5576875,5685250,108375,94523910000000,0,0,0
1,3020,94523910000000,94523910102000,94523915695500,5593500,5695500,102000,94523920000000,0,0,0
1,3021,94523920000000,94523920114125,94523925664625,5550500,5664625,114125,94523930000000,0,0,0
1,3022,94523930000000,94523930111375,94523935753375,5642000,5753375,111375,94523940000000,0,0,0
1,3023,94523940000000,94523940107000,94523945932375,5825375,5932375,107000,94523950000000,0,0,0
1,3024,94523950000000,94523950112750,94523955877125,5764375,5877125,112750,94523960000000,0,0,0
1,3025,94523960000000,94523960103375,94523965683500,5580125,5683500,103375,94523970000000,0,0,0
1,3026,94523970000000,94523970109250,94523975766000,5656750,5766000,109250,94523980000000,0,0,0
1,3027,94523980000000,94523980131625,94523985707375,5575750,5707375,131625,94523990000000,0,0,0
1,3028,94523990000000,94523990105875,94523995708125,5602250,5708125,105875,94524000000000,0,0,0
1,3029,94524000000000,94524000111875,94524005729500,5617625,5729500,111875,94524010000000,0,0,0
1,3030,94524010000000,94524010078125,94524015625125,5547000,5625125,78125,94524020000000,0,0,0
1,3031,94524020000000,94524020110000,94524025754375,5644375,5754375,110000,94524030000000,0,0,0
1,3032,94524030000000,94524030109250,94524035767750,5658500,5767750,109250,94524040000000,0,0,0
1,3033,94524040000000,94524040116375,94524045768500,5652125,5768500,116375,94524050000000,0,0,0
1,3034,94524050000000,94524050110625,94524055786750,5676125,5786750,110625,94524060000000,0,0,0
1,3035,94524060000000,94524060111000,94524065737500,5626500,5737500,111000,94524070000000,0,0,0
1,3036,94524070000000,94524070106000,94524075632125,5526125,5632125,106000,94524080000000,0,0,0
1,3037,94524080000000,94524080118125,94524085787875,5669750,5787875,118125,94524090000000,0,0,0
1,3038,94524090000000,94524090100625,94524095698250,5597625,5698250,100625,94524100000000,0,0,0
1,3039,94524100000000,94524100116000,94524105690375,5574375,5690375,116000,94524110000000,0,0,0
1,3040,94524110000000,94524110123875,94524115685250,5561375,5685250,123875,94524120000000,0,0,0
1,3041,94524120000000,94524120110750,94524125626250,5515500,5626250,110750,94524130000000,0,0,0
1,3042,94524130000000,94524130096250,94524135834250,5738000,5834250,96250,94524140000000,0,0,0
1,3043,94524140000000,94524140087750,94524145599625,5511875,5599625,87750,94524150000000,0,0,0
1,3044,94524150000000,94524150103500,94524155800875,5697375,5800875,103500,94524160000000,0,0,0
1,3045,94524160000000,94524160110125,94524165769500,5659375,5769500,110125,94524170000000,0,0,0
1,3046,94524170000000,94524170108750,94524175649375,5540625,5649375,108750,94524180000000,0,0,0
1,3047,94524180000000,94524180117625,94524185731875,5614250,5731875,117625,94524190000000,0,0,0
1,3048,94524190000000,94524190110125,94524195760250,5650125,5760250,110125,94524200000000,0,0,0
1,3049,94524200000000,94524200106500,94524205596625,5490125,5596625,106500,94524210000000,0,0,0
1,3050,94524210000000,94524210070875,94524215678875,5608000,5678875,70875,94524220000000,0,0,0
1,3051,94524220000000,94524220128875,94524225738875,5610000,5738875,128875,94524230000000,0,0,0
1,3052,94524230000000,94524230107750,94524235691125,5583375,5691125,107750,94524240000000,0,0,0
1,3053,94524240000000,94524240106500,94524245686875,5580375,5686875,106500,94524250000000,0,0,0
1,3054,94524250000000,94524250108375,94524255718500,5610125,5718500,108375,94524260000000,0,0,0
1,3055,94524260000000,94524260115000,94524266241875,6126875,6241875,115000,94524270000000,0,0,0
1,3056,94524270000000,94524270108875,94524275694375,5585500,5694375,108875,94524280000000,0,0,0
1,3057,94524280000000,94524280113875,94524285620625,5506750,5620625,113875,94524290000000,0,0,0
1,3058,94524290000000,94524290104375,94524295823375,5719000,5823375,104375,94524300000000,0,0,0
1,3059,94524300000000,94524300109250,94524305731875,5622625,5731875,109250,94524310000000,0,0,0
1,3060,94524310000000,94524310102000,94524315781875,5679875,5781875,102000,94524320000000,0,0,0
1,3061,94524320000000,94524320107875,94524325688625,5580750,5688625,107875,94524330000000,0,0,0
1,3062,94524330000000,94524330124375,94524335780375,5656000,5780375,124375,94524340000000,0,0,0
1,3063,94524340000000,94524340110625,94524345706375,5595750,5706375,110625,94524350000000,0,0,0
1,3064,94524350000000,94524350103750,94524355748625,5644875,5748625,103750,94524360000000,0,0,0
1,3065,94524360000000,94524360113500,94524365727125,5613625,5727125,113500,94524370000000,0,0,0
1,3066,94524370000000,94524370111250,94524375835875,5724625,5835875,111250,94524380000000,0,0,0
1,3067,94524380000000,94524380111250,94524385963750,5852500,5963750,111250,94524390000000,0,0,0
1,3068,94524390000000,94524390065125,94524395697625,5632500,5697625,65125,94524400000000,0,0,0
1,3069,94524400000000,94524400084125,94524405857250,5773125,5857250,84125,94524410000000,0,0,0
1,3070,94524410000000,94524410077375,94524415803000,5725625,5803000,77375,94524420000000,0,0,0
1,3071,94524420000000,94524420030000,94524425802750,5772750,5802750,30000,94524430000000,0,0,0
1,3072,94524430000000,94524430076125,94524435861500,5785375,5861500,76125,94524440000000,0,0,0
1,3073,94524440000000,94524440077375,94524445819375,5742000,5819375,77375,94524450000000,0,0,0
1,3074,94524450000000,94524450085875,94524455670000,5584125,5670000,85875,94524460000000,0,0,0
1,3075,94524460000000,94524460109250,94524465775000,5665750,5775000,109250,94524470000000,0,0,0
1,3076,94524470000000,94524470123625,94524475766500,5642875,5766500,123625,94524480000000,0,0,0
1,3077,94524480000000,94524480112625,94524485849625,5737000,5849625,112625,94524490000000,0,0,0
1,3078,94524490000000,94524490106625,94524495787375,5680750,5787375,106625,94524500000000,0,0,0
1,3079,94524500000000,94524500115875,94524505745250,5629375,5745250,115875,94524510000000,0,0,0
1,3080,94524510000000,94524510070625,94524515709625,5639000,5709625,70625,94524520000000,0,0,0
1,3081,94524520000000,94524520108875,94524525836125,5727250,5836125,108875,94524530000000,0,0,0
1,3082,94524530000000,94524530110250,94524535802875,5692625,5802875,110250,94524540000000,0,0,0
1,3083,94524540000000,94524540115875,94524545782500,5666625,5782500,115875,94524550000000,0,0,0
1,3084,94524550000000,94524550107500,94524555736375,5628875,5736375,107500,94524560000000,0,0,0
1,3085,94524560000000,94524560105875,94524565648750,5542875,5648750,105875,94524570000000,0,0,0
1,3086,94524570000000,94524570063125,94524575560875,5497750,5560875,63125,94524580000000,0,0,0
1,3087,94524580000000,94524580134000,94524585709500,5575500,5709500,134000,94524590000000,0,0,0
1,3088,94524590000000,94524590107625,94524595641125,5533500,5641125,107625,94524600000000,0,0,0
1,3089,94524600000000,94524600105500,94524605771250,5665750,5771250,105500,94524610000000,0,0,0
1,3090,94524610000000,94524610094875,94524615624000,5529125,5624000,94875,94524620000000,0,0,0
1,3091,94524620000000,94524620069875,94524625736000,5666125,5736000,69875,94524630000000,0,0,0
1,3092,94524630000000,94524630100625,94524635644750,5544125,5644750,100625,94524640000000,0,0,0
1,3093,94524640000000,94524640110625,94524645693125,5582500,5693125,110625,94524650000000,0,0,0
1,3094,94524650000000,94524650104250,94524655672000,5567750,5672000,104250,94524660000000,0,0,0
1,3095,94524660000000,94524660092375,94524665737625,5645250,5737625,92375,94524670000000,0,0,0
1,3096,94524670000000,94524670108750,94524675680000,5571250,5680000,108750,94524680000000,0,0,0
1,3097,94524680000000,94524680107250,94524685676750,5569500,5676750,107250,94524690000000,0,0,0
1,3098,94524690000000,94524690104125,94524695801000,5696875,5801000,104125,94524700000000,0,0,0
1,3099,94524700000000,94524700110875,94524705843375,5732500,5843375,110875,94524710000000,0,0,0
1,3100,94524710000000,94524710101875,94524715721125,5619250,5721125,101875,94524720000000,0,0,0
1,3101,94524720000000,94524720112250,94524725581375,5469125,5581375,112250,94524730000000,0,0,0
1,3102,94524730000000,94524730122875,94524735810500,5687625,5810500,122875,94524740000000,0,0,0
1,3103,94524740000000,94524740109875,94524745740250,5630375,5740250,109875,94524750000000,0,0,0
1,3104,94524750000000,94524750123250,94524755782500,5659250,5782500,123250,94524760000000,0,0,0
1,3105,94524760000000,94524760109875,94524765713125,5603250,5713125,109875,94524770000000,0,0,0
1,3106,94524770000000,94524770123625,94524775845375,5721750,5845375,123625,94524780000000,0,0,0
1,3107,94524780000000,94524780110500,94524785756500,5646000,5756500,110500,94524790000000,0,0,0
1,3108,94524790000000,94524790102000,94524795799875,5697875,5799875,102000,94524800000000,0,0,0
1,3109,94524800000000,94524800114500,94524805794875,5680375,5794875,114500,94524810000000,0,0,0
1,3110,94524810000000,94524810101750,94524815843875,5742125,5843875,101750,94524820000000,0,0,0
1,3111,94524820000000,94524820093375,94524825664000,5570625,5664000,93375,94524830000000,0,0,0
1,3112,94524830000000,94524830070500,94524835767125,5696625,5767125,70500,94524840000000,0,0,0
1,3113,94524840000000,94524840114500,94524845685375,5570875,5685375,114500,94524850000000,0,0,0
1,3114,94524850000000,94524850102500,94524855726625,5624125,5726625,102500,94524860000000,0,0,0
1,3115,94524860000000,94524860142625,94524865717625,5575000,5717625,142625,94524870000000,0,0,0
1,3116,94524870000000,94524870108625,94524875830000,5721375,5830000,108625,94524880000000,0,0,0
1,3117,94524880000000,94524880108625,94524885657500,5548875,5657500,108625,94524890000000,0,0,0
1,3118,94524890000000,94524890104875,94524895795000,5690125,5795000,104875,94524900000000,0,0,0
1,3119,94524900000000,94524900123375,94524905751000,5627625,5751000,123375,94524910000000,0,0,0
1,3120,94524910000000,94524910106125,94524915758625,5652500,5758625,106125,94524920000000,0,0,0
1,3121,94524920000000,94524920131125,94524925936000,5804875,5936000,131125,94524930000000,0,0,0
1,3122,94524930000000,94524930106375,94524935830000,5723625,5830000,106375,94524940000000,0,0,0
1,3123,94524940000000,94524940108750,94524945765000,5656250,5765000,108750,94524950000000,0,0,0
1,3124,94524950000000,94524950108500,94524955810000,5701500,5810000,108500,94524960000000,0,0,0
1,3125,94524960000000,94524960109875,94524965624125,5514250,5624125,109875,94524970000000,0,0,0
1,3126,94524970000000,94524970104250,94524975815000,5710750,5815000,104250,94524980000000,0,0,0
1,3127,94524980000000,94524980112000,94524985705375,5593375,5705375,112000,94524990000000,0,0,0
1,3128,94524990000000,94524990101750,94524995749875,5648125,5749875,101750,94525000000000,0,0,0
1,3129,94525000000000,94525000087250,94525005685750,5598500,5685750,87250,94525010000000,0,0,0
1,3130,94525010000000,94525010124000,94525015796000,5672000,5796000,124000,94525020000000,0,0,0
1,3131,94525020000000,94525020106500,94525025816750,5710250,5816750,106500,94525030000000,0,0,0
1,3132,94525030000000,94525030098375,94525035693125,5594750,5693125,98375,94525040000000,0,0,0
1,3133,94525040000000,94525040113375,94525045761375,5648000,5761375,113375,94525050000000,0,0,0
1,3134,94525050000000,94525050108125,94525055772125,5664000,5772125,108125,94525060000000,0,0,0
1,3135,94525060000000,94525060115750,94525065727875,5612125,5727875,115750,94525070000000,0,0,0
1,3136,94525070000000,94525070104250,94525075769625,5665375,5769625,104250,94525080000000,0,0,0
1,3137,94525080000000,94525080109250,94525085795500,5686250,5795500,109250,94525090000000,0,0,0
1,3138,94525090000000,94525090109000,94525095714000,5605000,5714000,109000,94525100000000,0,0,0
1,3139,94525100000000,94525100125125,94525105780625,5655500,5780625,125125,94525110000000,0,0,0
1,3140,94525110000000,94525110105000,94525115585625,5480625,5585625,105000,94525120000000,0,0,0
1,3141,94525120000000,94525120129375,94525125618125,5488750,5618125,129375,94525130000000,0,0,0
1,3142,94525130000000,94525130105375,94525135818250,5712875,5818250,105375,94525140000000,0,0,0
1,3143,94525140000000,94525140111000,94525145758375,5647375,5758375,111000,94525150000000,0,0,0
1,3144,94525150000000,94525150106625,94525155636250,5529625,5636250,106625,94525160000000,0,0,0
1,3145,94525160000000,94525160108750,94525165877500,5768750,5877500,108750,94525170000000,0,0,0
1,3146,94525170000000,94525170110125,94525175739875,5629750,5739875,110125,94525180000000,0,0,0
1,3147,94525180000000,94525180106875,94525185789875,5683000,5789875,106875,94525190000000,0,0,0
1,3148,94525190000000,94525190105125,94525195823000,5717875,5823000,105125,94525200000000,0,0,0
1,3149,94525200000000,94525200109875,94525205787125,5677250,5787125,109875,94525210000000,0,0,0
1,3150,94525210000000,94525210119500,94525215807125,5687625,5807125,119500,94525220000000,0,0,0
1,3151,94525220000000,94525220107625,94525225676125,5568500,5676125,107625,94525230000000,0,0,0
1,3152,94525230000000,94525230069500,94525235774250,5704750,5774250,69500,94525240000000,0,0,0
1,3153,94525240000000,94525240108500,94525245692500,5584000,5692500,108500,94525250000000,0,0,0
1,3154,94525250000000,94525250106375,94525255806000,5699625,5806000,106375,94525260000000,0,0,0
1,3155,94525260000000,94525260111500,94525265718125,5606625,5718125,111500,94525270000000,0,0,0
1,3156,94525270000000,94525270107375,94525275703750,5596375,5703750,107375,94525280000000,0,0,0
1,3157,94525280000000,94525280124125,94525285888750,5764625,5888750,124125,94525290000000,0,0,0
1,3158,94525290000000,94525290107375,94525295900500,5793125,5900500,107375,94525300000000,0,0,0
1,3159,94525300000000,94525300111750,94525305726375,5614625,5726375,111750,94525310000000,0,0,0
1,3160,94525310000000,94525310101625,94525315804000,5702375,5804000,101625,94525320000000,0,0,0
1,3161,94525320000000,94525320115375,94525325795625,5680250,5795625,115375,94525330000000,0,0,0
1,3162,94525330000000,94525330107625,94525335765250,5657625,5765250,107625,94525340000000,0,0,0
1,3163,94525340000000,94525340111750,94525345693375,5581625,5693375,111750,94525350000000,0,0,0
1,3164,94525350000000,94525350098125,94525355750375,5652250,5750375,98125,94525360000000,0,0,0
1,3165,94525360000000,94525360112875,94525365681250,5568375,5681250,112875,94525370000000,0,0,0
1,3166,94525370000000,94525370119625,94525375731250,5611625,5731250,119625,94525380000000,0,0,0
1,3167,94525380000000,94525380111250,94525385698375,5587125,5698375,111250,94525390000000,0,0,0
1,3168,94525390000000,94525390122750,94525395782750,5660000,5782750,122750,94525400000000,0,0,0
1,3169,94525400000000,94525400109500,94525405665500,5556000,5665500,109500,94525410000000,0,0,0
1,3170,94525410000000,94525410106750,94525415755875,5649125,5755875,106750,94525420000000,0,0,0
1,3171,94525420000000,94525420087125,94525425665750,5578625,5665750,87125,94525430000000,0,0,0
1,3172,94525430000000,94525430103500,94525435727125,5623625,5727125,103500,94525440000000,0,0,0
1,3173,94525440000000,94525440109000,94525445586375,5477375,5586375,109000,94525450000000,0,0,0
1,3174,94525450000000,94525450105500,94525455627500,5522000,5627500,105500,94525460000000,0,0,0
1,3175,94525460000000,94525460128500,94525465656250,5527750,5656250,128500,94525470000000,0,0,0
1,3176,94525470000000,94525470065125,94525475725375,5660250,5725375,65125,94525480000000,0,0,0
1,3177,94525480000000,94525480131750,94525485948750,5817000,5948750,131750,94525490000000,0,0,0
1,3178,94525490000000,94525490111250,94525495838125,5726875,5838125,111250,94525500000000,0,0,0
1,3179,94525500000000,94525500109375,94525505890750,5781375,5890750,109375,94525510000000,0,0,0
1,3180,94525510000000,94525510101125,94525515729250,5628125,5729250,101125,94525520000000,0,0,0
1,3181,94525520000000,94525520109750,94525525757875,5648125,5757875,109750,94525530000000,0,0,0
1,3182,94525530000000,94525530109750,94525535853500,5743750,5853500,109750,94525540000000,0,0,0
1,3183,94525540000000,94525540106625,94525545752250,5645625,5752250,106625,94525550000000,0,0,0
1,3184,94525550000000,94525550106000,94525555776500,5670500,5776500,106000,94525560000000,0,0,0
1,3185,94525560000000,94525560110875,94525565767250,5656375,5767250,110875,94525570000000,0,0,0
1,3186,94525570000000,94525570099750,94525575695000,5595250,5695000,99750,94525580000000,0,0,0
1,3187,94525580000000,94525580109500,94525585723500,5614000,5723500,109500,94525590000000,0,0,0
1,3188,94525590000000,94525590122375,94525595787500,5665125,5787500,122375,94525600000000,0,0,0
1,3189,94525600000000,94525600111500,94525606091375,5979875,6091375,111500,94525610000000,0,0,0
1,3190,94525610000000,94525610124125,94525615959625,5835500,5959625,124125,94525620000000,0,0,0
1,3191,94525620000000,94525620091000,94525625754125,5663125,5754125,91000,94525630000000,0,0,0
1,3192,94525630000000,94525630105500,94525635785250,5679750,5785250,105500,94525640000000,0,0,0
1,3193,94525640000000,94525640071250,94525645675625,5604375,5675625,71250,94525650000000,0,0,0
1,3194,94525650000000,94525650101500,94525655796125,5694625,5796125,101500,94525660000000,0,0,0
1,3195,94525660000000,94525660115875,94525665920250,5804375,5920250,115875,94525670000000,0,0,0
1,3196,94525670000000,94525670103500,94525675665125,5561625,5665125,103500,94525680000000,0,0,0
1,3197,94525680000000,94525680105375,94525685643375,5538000,5643375,105375,94525690000000,0,0,0
1,3198,94525690000000,94525690106250,94525695779250,5673000,5779250,106250,94525700000000,0,0,0
1,3199,94525700000000,94525700107875,94525705886250,5778375,5886250,107875,94525710000000,0,0,0
1,3200,94525710000000,94525710106375,94525715791625,5685250,5791625,106375,94525720000000,0,0,0
1,3201,94525720000000,94525720103500,94525725805000,5701500,5805000,103500,94525730000000,0,0,0
1,3202,94525730000000,94525730103000,94525735739000,5636000,5739000,103000,94525740000000,0,0,0
1,3203,94525740000000,94525740130250,94525745849000,5718750,5849000,130250,94525750000000,0,0,0
1,3204,94525750000000,94525750106250,94525755709250,5603000,5709250,106250,94525760000000,0,0,0
1,3205,94525760000000,94525760111625,94525765797500,5685875,5797500,111625,94525770000000,0,0,0
1,3206,94525770000000,94525770110250,94525775711000,5600750,5711000,110250,94525780000000,0,0,0
1,3207,94525780000000,94525780112500,94525785765500,5653000,5765500,112500,94525790000000,0,0,0
1,3208,94525790000000,94525790099875,94525795815875,5716000,5815875,99875,94525800000000,0,0,0
1,3209,94525800000000,94525800110500,94525805807500,5697000,5807500,110500,94525810000000,0,0,0
1,3210,94525810000000,94525810100750,94525815781750,5681000,5781750,100750,94525820000000,0,0,0
1,3211,94525820000000,94525820109625,94525825840000,5730375,5840000,109625,94525830000000,0,0,0
1,3212,94525830000000,94525830100750,94525835837625,5736875,5837625,100750,94525840000000,0,0,0
1,3213,94525840000000,94525840092625,94525845679750,5587125,5679750,92625,94525850000000,0,0,0
1,3214,94525850000000,94525850105125,94525855838500,5733375,5838500,105125,94525860000000,0,0,0
1,3215,94525860000000,94525860115250,94525865771125,5655875,5771125,115250,94525870000000,0,0,0
1,3216,94525870000000,94525870126625,94525875801750,5675125,5801750,126625,94525880000000,0,0,0
1,3217,94525880000000,94525880111750,94525885727125,5615375,5727125,111750,94525890000000,0,0,0
1,3218,94525890000000,94525890100000,94525895807500,5707500,5807500,100000,94525900000000,0,0,0
1,3219,94525900000000,94525900114375,94525905680625,5566250,5680625,114375,94525910000000,0,0,0
1,3220,94525910000000,94525910108000,94525915794000,5686000,5794000,108000,94525920000000,0,0,0
1,3221,94525920000000,94525920103500,94525925674375,5570875,5674375,103500,94525930000000,0,0,0
1,3222,94525930000000,94525930104375,94525935666875,5562500,5666875,104375,94525940000000,0,0,0
1,3223,94525940000000,94525940126000,94525945738000,5612000,5738000,126000,94525950000000,0,0,0
1,3224,94525950000000,94525950106250,94525955800625,5694375,5800625,106250,94525960000000,0,0,0
1,3225,94525960000000,94525960129000,94525965898625,5769625,5898625,129000,94525970000000,0,0,0
1,3226,94525970000000,94525970109750,94525975792375,5682625,5792375,109750,94525980000000,0,0,0
1,3227,94525980000000,94525980127375,94525985801625,5674250,5801625,127375,94525990000000,0,0,0
1,3228,94525990000000,94525990109250,94525995670500,5561250,5670500,109250,94526000000000,0,0,0
1,3229,94526000000000,94526000112875,94526005799625,5686750,5799625,112875,94526010000000,0,0,0
1,3230,94526010000000,94526010104250,94526015714125,5609875,5714125,104250,94526020000000,0,0,0
1,3231,94526020000000,94526020111375,94526026043000,5931625,6043000,111375,94526030000000,0,0,0
1,3232,94526030000000,94526030102750,94526035790125,5687375,5790125,102750,94526040000000,0,0,0
1,3233,94526040000000,94526040109125,94526046053500,5944375,6053500,109125,94526050000000,0,0,0
1,3234,94526050000000,94526050099625,94526055735500,5635875,5735500,99625,94526060000000,0,0,0
1,3235,94526060000000,94526060109250,94526065805125,5695875,5805125,109250,94526070000000,0,0,0
1,3236,94526070000000,94526070123875,94526075648500,5524625,5648500,123875,94526080000000,0,0,0
1,3237,94526080000000,94526080112250,94526085810000,5697750,5810000,112250,94526090000000,0,0,0
1,3238,94526090000000,94526090126625,94526095896625,5770000,5896625,126625,94526100000000,0,0,0
1,3239,94526100000000,94526100112625,94526105785625,5673000,5785625,112625,94526110000000,0,0,0
1,3240,94526110000000,94526110104125,94526115824500,5720375,5824500,104125,94526120000000,0,0,0
1,3241,94526120000000,94526120110625,94526125693750,5583125,5693750,110625,94526130000000,0,0,0
1,3242,94526130000000,94526130108500,94526135744500,5636000,5744500,108500,94526140000000,0,0,0
1,3243,94526140000000,94526140115250,94526145959500,5844250,5959500,115250,94526150000000,0,0,0
1,3244,94526150000000,94526150106625,94526155945750,5839125,5945750,106625,94526160000000,0,0,0
1,3245,94526160000000,94526160087500,94526165742875,5655375,5742875,87500,94526170000000,0,0,0
1,3246,94526170000000,94526170108000,94526175684750,5576750,5684750,108000,94526180000000,0,0,0
1,3247,94526180000000,94526180108750,94526185876750,5768000,5876750,108750,94526190000000,0,0,0
1,3248,94526190000000,94526190105375,94526195757625,5652250,5757625,105375,94526200000000,0,0,0
1,3249,94526200000000,94526200100750,94526205696875,5596125,5696875,100750,94526210000000,0,0,0
1,3250,94526210000000,94526210108750,94526215729750,5621000,5729750,108750,94526220000000,0,0,0
1,3251,94526220000000,94526220126750,94526225903875,5777125,5903875,126750,94526230000000,0,0,0
1,3252,94526230000000,94526230108500,94526235801375,5692875,5801375,108500,94526240000000,0,0,0
1,3253,94526240000000,94526240128875,94526245653750,5524875,5653750,128875,94526250000000,0,0,0
1,3254,94526250000000,94526250069500,94526255679875,5610375,5679875,69500,94526260000000,0,0,0
1,3255,94526260000000,94526260109000,94526265776625,5667625,5776625,109000,94526270000000,0,0,0
1,3256,94526270000000,94526270109250,94526275777625,5668375,5777625,109250,94526280000000,0,0,0
1,3257,94526280000000,94526280088375,94526285528250,5439875,5528250,88375,94526290000000,0,0,0
1,3258,94526290000000,94526290102625,94526295700375,5597750,5700375,102625,94526300000000,0,0,0
1,3259,94526300000000,94526300110625,94526305857750,5747125,5857750,110625,94526310000000,0,0,0
1,3260,94526310000000,94526310102625,94526315782125,5679500,5782125,102625,94526320000000,0,0,0
1,3261,94526320000000,94526320112375,94526325704875,5592500,5704875,112375,94526330000000,0,0,0
1,3262,94526330000000,94526330123750,94526335751750,5628000,5751750,123750,94526340000000,0,0,0
1,3263,94526340000000,94526340107375,94526345769000,5661625,5769000,107375,94526350000000,0,0,0
1,3264,94526350000000,94526350067750,94526355525000,5457250,5525000,67750,94526360000000,0,0,0
1,3265,94526360000000,94526360070875,94526365977500,5906625,5977500,70875,94526370000000,0,0,0
1,3266,94526370000000,94526370104875,94526375871000,5766125,5871000,104875,94526380000000,0,0,0
1,3267,94526380000000,94526380109875,94526385897125,5787250,5897125,109875,94526390000000,0,0,0
1,3268,94526390000000,94526390108750,94526395832875,5724125,5832875,108750,94526400000000,0,0,0
1,3269,94526400000000,94526400125875,94526405750625,5624750,5750625,125875,94526410000000,0,0,0
1,3270,94526410000000,94526410110500,94526415789375,5678875,5789375,110500,94526420000000,0,0,0
1,3271,94526420000000,94526420128000,94526425695875,5567875,5695875,128000,94526430000000,0,0,0
1,3272,94526430000000,94526430082500,94526435606375,5523875,5606375,82500,94526440000000,0,0,0
1,3273,94526440000000,94526440104375,94526445827250,5722875,5827250,104375,94526450000000,0,0,0
1,3274,94526450000000,94526450114000,94526455891625,5777625,5891625,114000,94526460000000,0,0,0
1,3275,94526460000000,94526460110750,94526465840375,5729625,5840375,110750,94526470000000,0,0,0
1,3276,94526470000000,94526470106750,94526475747500,5640750,5747500,106750,94526480000000,0,0,0
1,3277,94526480000000,94526480108125,94526485780125,5672000,5780125,108125,94526490000000,0,0,0
1,3278,94526490000000,94526490100750,94526495823500,5722750,5823500,100750,94526500000000,0,0,0
1,3279,94526500000000,94526500108125,94526505708750,5600625,5708750,108125,94526510000000,0,0,0
1,3280,94526510000000,94526510125000,94526515817125,5692125,5817125,125000,94526520000000,0,0,0
1,3281,94526520000000,94526520108625,94526525554375,5445750,5554375,108625,94526530000000,0,0,0
1,3282,94526530000000,94526530124125,94526535793875,5669750,5793875,124125,94526540000000,0,0,0
1,3283,94526540000000,94526540110875,94526545751125,5640250,5751125,110875,94526550000000,0,0,0
1,3284,94526550000000,94526550105000,94526555783250,5678250,5783250,105000,94526560000000,0,0,0
1,3285,94526560000000,94526560073625,94526565756500,5682875,5756500,73625,94526570000000,0,0,0
1,3286,94526570000000,94526570109250,94526575844625,5735375,5844625,109250,94526580000000,0,0,0
1,3287,94526580000000,94526580111125,94526585756125,5645000,5756125,111125,94526590000000,0,0,0
1,3288,94526590000000,94526590108250,94526595761750,5653500,5761750,108250,94526600000000,0,0,0
1,3289,94526600000000,94526600102000,94526605666000,5564000,5666000,102000,94526610000000,0,0,0
1,3290,94526610000000,94526610102750,94526615738375,5635625,5738375,102750,94526620000000,0,0,0
1,3291,94526620000000,94526620129250,94526625940625,5811375,5940625,129250,94526630000000,0,0,0
1,3292,94526630000000,94526630110000,94526635816500,5706500,5816500,110000,94526640000000,0,0,0
1,3293,94526640000000,94526640111375,94526645949875,5838500,5949875,111375,94526650000000,0,0,0
1,3294,94526650000000,94526650104125,94526655784250,5680125,5784250,104125,94526660000000,0,0,0
1,3295,94526660000000,94526660071625,94526665639375,5567750,5639375,71625,94526670000000,0,0,0
1,3296,94526670000000,94526670098375,94526675772375,5674000,5772375,98375,94526680000000,0,0,0
1,3297,94526680000000,94526680111500,94526685746625,5635125,5746625,111500,94526690000000,0,0,0
1,3298,94526690000000,94526690103125,94526695753000,5649875,5753000,103125,94526700000000,0,0,0
1,3299,94526700000000,94526700084875,94526705565875,5481000,5565875,84875,94526710000000,0,0,0
1,3300,94526710000000,94526710123625,94526715759625,5636000,5759625,123625,94526720000000,0,0,0
1,3301,94526720000000,94526720114000,94526725671000,5557000,5671000,114000,94526730000000,0,0,0
1,3302,94526730000000,94526730100125,94526735707750,5607625,5707750,100125,94526740000000,0,0,0
1,3303,94526740000000,94526740114125,94526745680000,5565875,5680000,114125,94526750000000,0,0,0
1,3304,94526750000000,94526750104250,94526755751750,5647500,5751750,104250,94526760000000,0,0,0
1,3305,94526760000000,94526760114250,94526765811875,5697625,5811875,114250,94526770000000,0,0,0
1,3306,94526770000000,94526770105500,94526775815000,5709500,5815000,105500,94526780000000,0,0,0
1,3307,94526780000000,94526780113125,94526785729500,5616375,5729500,113125,94526790000000,0,0,0
1,3308,94526790000000,94526790110750,94526795868125,5757375,5868125,110750,94526800000000,0,0,0
1,3309,94526800000000,94526800108000,94526805730625,5622625,5730625,108000,94526810000000,0,0,0
1,3310,94526810000000,94526810105250,94526815826125,5720875,5826125,105250,94526820000000,0,0,0
1,3311,94526820000000,94526820129875,94526825761625,5631750,5761625,129875,94526830000000,0,0,0
1,3312,94526830000000,94526830108125,94526835786500,5678375,5786500,108125,94526840000000,0,0,0
1,3313,94526840000000,94526840109250,94526845777000,5667750,5777000,109250,94526850000000,0,0,0
1,3314,94526850000000,94526850109250,94526855700375,5591125,5700375,109250,94526860000000,0,0,0
1,3315,94526860000000,94526860095750,94526865629875,5534125,5629875,95750,94526870000000,0,0,0
1,3316,94526870000000,94526870102250,94526875715125,5612875,5715125,102250,94526880000000,0,0,0
1,3317,94526880000000,94526880076375,94526885628000,5551625,5628000,76375,94526890000000,0,0,0
1,3318,94526890000000,94526890070000,94526895739250,5669250,5739250,70000,94526900000000,0,0,0
1,3319,94526900000000,94526900111125,94526905846000,5734875,5846000,111125,94526910000000,0,0,0
1,3320,94526910000000,94526910101875,94526915625750,5523875,5625750,101875,94526920000000,0,0,0
1,3321,94526920000000,94526920107250,94526925675000,5567750,5675000,107250,94526930000000,0,0,0
1,3322,94526930000000,94526930122375,94526935790000,5667625,5790000,122375,94526940000000,0,0,0
1,3323,94526940000000,94526940109000,94526945603750,5494750,5603750,109000,94526950000000,0,0,0
1,3324,94526950000000,94526950103125,94526955789500,5686375,5789500,103125,94526960000000,0,0,0
1,3325,94526960000000,94526960117375,94526965860625,5743250,5860625,117375,94526970000000,0,0,0
1,3326,94526970000000,94526970104250,94526975722375,5618125,5722375,104250,94526980000000,0,0,0
1,3327,94526980000000,94526980108875,94526985582250,5473375,5582250,108875,94526990000000,0,0,0
1,3328,94526990000000,94526990106625,94526995688375,5581750,5688375,106625,94527000000000,0,0,0
1,3329,94527000000000,94527000111250,94527005685500,5574250,5685500,111250,94527010000000,0,0,0
1,3330,94527010000000,94527010108125,94527015757375,5649250,5757375,108125,94527020000000,0,0,0
1,3331,94527020000000,94527020109000,94527025762500,5653500,5762500,109000,94527030000000,0,0,0
1,3332,94527030000000,94527030105625,94527035786750,5681125,5786750,105625,94527040000000,0,0,0
1,3333,94527040000000,94527040107875,94527045722125,5614250,5722125,107875,94527050000000,0,0,0
1,3334,94527050000000,94527050105500,94527055793625,5688125,5793625,105500,94527060000000,0,0,0
1,3335,94527060000000,94527060110625,94527065861250,5750625,5861250,110625,94527070000000,0,0,0
1,3336,94527070000000,94527070102250,94527075819375,5717125,5819375,102250,94527080000000,0,0,0
1,3337,94527080000000,94527080106875,94527085756500,5649625,5756500,106875,94527090000000,0,0,0
1,3338,94527090000000,94527090105875,94527095767000,5661125,5767000,105875,94527100000000,0,0,0
1,3339,94527100000000,94527100122250,94527105847000,5724750,5847000,122250,94527110000000,0,0,0
1,3340,94527110000000,94527110107125,94527116163750,6056625,6163750,107125,94527120000000,0,0,0
1,3341,94527120000000,94527120097875,94527125823125,5725250,5823125,97875,94527130000000,0,0,0
1,3342,94527130000000,94527130113000,94527135859250,5746250,5859250,113000,94527140000000,0,0,0
1,3343,94527140000000,94527140111375,94527145771875,5660500,5771875,111375,94527150000000,0,0,0
1,3344,94527150000000,94527150107375,94527155769125,5661750,5769125,107375,94527160000000,0,0,0
1,3345,94527160000000,94527160111375,94527165853250,5741875,5853250,111375,94527170000000,0,0,0
1,3346,94527170000000,94527170106500,94527175783375,5676875,5783375,106500,94527180000000,0,0,0
1,3347,94527180000000,94527180109875,94527185688875,5579000,5688875,109875,94527190000000,0,0,0
1,3348,94527190000000,94527190124125,94527195951875,5827750,5951875,124125,94527200000000,0,0,0
1,3349,94527200000000,94527200090500,94527205856250,5765750,5856250,90500,94527210000000,0,0,0
1,3350,94527210000000,94527210104000,94527215805375,5701375,5805375,104000,94527220000000,0,0,0
1,3351,94527220000000,94527220115125,94527225756500,5641375,5756500,115125,94527230000000,0,0,0
1,3352,94527230000000,94527230106875,94527235734875,5628000,5734875,106875,94527240000000,0,0,0
1,3353,94527240000000,94527240109125,94527246123500,6014375,6123500,109125,94527250000000,0,0,0
1,3354,94527250000000,94527250111750,94527255723500,5611750,5723500,111750,94527260000000,0,0,0
1,3355,94527260000000,94527260126625,94527265757250,5630625,5757250,126625,94527270000000,0,0,0
1,3356,94527270000000,94527270072750,94527275722250,5649500,5722250,72750,94527280000000,0,0,0
1,3357,94527280000000,94527280107375,94527285747625,5640250,5747625,107375,94527290000000,0,0,0
1,3358,94527290000000,94527290108500,94527295724125,5615625,5724125,108500,94527300000000,0,0,0
1,3359,94527300000000,94527300114625,94527305999000,5884375,5999000,114625,94527310000000,0,0,0
1,3360,94527310000000,94527310108500,94527315836625,5728125,5836625,108500,94527320000000,0,0,0
1,3361,94527320000000,94527320111875,94527325783500,5671625,5783500,111875,94527330000000,0,0,0
1,3362,94527330000000,94527330105000,94527335747750,5642750,5747750,105000,94527340000000,0,0,0
1,3363,94527340000000,94527340116375,94527346011625,5895250,6011625,116375,94527350000000,0,0,0
1,3364,94527350000000,94527350104625,94527355867625,5763000,5867625,104625,94527360000000,0,0,0
1,3365,94527360000000,94527360111625,94527365808500,5696875,5808500,111625,94527370000000,0,0,0
1,3366,94527370000000,94527370125500,94527375843250,5717750,5843250,125500,94527380000000,0,0,0
1,3367,94527380000000,94527380107000,94527385732875,5625875,5732875,107000,94527390000000,0,0,0
1,3368,94527390000000,94527390106125,94527395713250,5607125,5713250,106125,94527400000000,0,0,0
1,3369,94527400000000,94527400116000,94527405711750,5595750,5711750,116000,94527410000000,0,0,0
1,3370,94527410000000,94527410107000,94527415853000,5746000,5853000,107000,94527420000000,0,0,0
1,3371,94527420000000,94527420112375,94527425670125,5557750,5670125,112375,94527430000000,0,0,0
1,3372,94527430000000,94527430110500,94527435733875,5623375,5733875,110500,94527440000000,0,0,0
1,3373,94527440000000,94527440107625,94527445732125,5624500,5732125,107625,94527450000000,0,0,0
1,3374,94527450000000,94527450106000,94527455852000,5746000,5852000,106000,94527460000000,0,0,0
1,3375,94527460000000,94527460111875,94527465693625,5581750,5693625,111875,94527470000000,0,0,0
1,3376,94527470000000,94527470102875,94527475664375,5561500,5664375,102875,94527480000000,0,0,0
1,3377,94527480000000,94527480128750,94527486071375,5942625,6071375,128750,94527490000000,0,0,0
1,3378,94527490000000,94527490110375,94527495643250,5532875,5643250,110375,94527500000000,0,0,0
1,3379,94527500000000,94527500107125,94527505804875,5697750,5804875,107125,94527510000000,0,0,0
1,3380,94527510000000,94527510107500,94527515745500,5638000,5745500,107500,94527520000000,0,0,0
1,3381,94527520000000,94527520069125,94527525886125,5817000,5886125,69125,94527530000000,0,0,0
1,3382,94527530000000,94527530104875,94527535823375,5718500,5823375,104875,94527540000000,0,0,0
1,3383,94527540000000,94527540110750,94527545689250,5578500,5689250,110750,94527550000000,0,0,0
1,3384,94527550000000,94527550124250,94527555841000,5716750,5841000,124250,94527560000000,0,0,0
1,3385,94527560000000,94527560091250,94527565590750,5499500,5590750,91250,94527570000000,0,0,0
1,3386,94527570000000,94527570127750,94527575714625,5586875,5714625,127750,94527580000000,0,0,0
1,3387,94527580000000,94527580090375,94527585631625,5541250,5631625,90375,94527590000000,0,0,0
1,3388,94527590000000,94527590108625,94527595782250,5673625,5782250,108625,94527600000000,0,0,0
1,3389,94527600000000,94527600115000,94527605743875,5628875,5743875,115000,94527610000000,0,0,0
1,3390,94527610000000,94527610102625,94527615834750,5732125,5834750,102625,94527620000000,0,0,0
1,3391,94527620000000,94527620109125,94527625708500,5599375,5708500,109125,94527630000000,0,0,0
1,3392,94527630000000,94527630107500,94527635737625,5630125,5737625,107500,94527640000000,0,0,0
1,3393,94527640000000,94527640126000,94527645728750,5602750,5728750,126000,94527650000000,0,0,0
1,3394,94527650000000,94527650106875,94527655633250,5526375,5633250,106875,94527660000000,0,0,0
1,3395,94527660000000,94527660125625,94527665754000,5628375,5754000,125625,94527670000000,0,0,0
1,3396,94527670000000,94527670104625,94527675740625,5636000,5740625,104625,94527680000000,0,0,0
1,3397,94527680000000,94527680073750,94527685794875,5721125,5794875,73750,94527690000000,0,0,0
1,3398,94527690000000,94527690106375,94527695681875,5575500,5681875,106375,94527700000000,0,0,0
1,3399,94527700000000,94527700112625,94527705788375,5675750,5788375,112625,94527710000000,0,0,0
1,3400,94527710000000,94527710102875,94527715822500,5719625,5822500,102875,94527720000000,0,0,0
1,3401,94527720000000,94527720110000,94527725672000,5562000,5672000,110000,94527730000000,0,0,0
1,3402,94527730000000,94527730122000,94527735725875,5603875,5725875,122000,94527740000000,0,0,0
1,3403,94527740000000,94527740113000,94527745693625,5580625,5693625,113000,94527750000000,0,0,0
1,3404,94527750000000,94527750102750,94527755744875,5642125,5744875,102750,94527760000000,0,0,0
1,3405,94527760000000,94527760110875,94527765699875,5589000,5699875,110875,94527770000000,0,0,0
1,3406,94527770000000,94527770108375,94527775755875,5647500,5755875,108375,94527780000000,0,0,0
1,3407,94527780000000,94527780110375,94527785727250,5616875,5727250,110375,94527790000000,0,0,0
1,3408,94527790000000,94527790106125,94527795670625,5564500,5670625,106125,94527800000000,0,0,0
1,3409,94527800000000,94527800127750,94527805735125,5607375,5735125,127750,94527810000000,0,0,0
1,3410,94527810000000,94527810105375,94527815735625,5630250,5735625,105375,94527820000000,0,0,0
1,3411,94527820000000,94527820128500,94527825756625,5628125,5756625,128500,94527830000000,0,0,0
1,3412,94527830000000,94527830105000,94527835751125,5646125,5751125,105000,94527840000000,0,0,0
1,3413,94527840000000,94527840087625,94527845708625,5621000,5708625,87625,94527850000000,0,0,0
1,3414,94527850000000,94527850104125,94527855698250,5594125,5698250,104125,94527860000000,0,0,0
1,3415,94527860000000,94527860107750,94527865643000,5535250,5643000,107750,94527870000000,0,0,0
1,3416,94527870000000,94527870101375,94527875747250,5645875,5747250,101375,94527880000000,0,0,0
1,3417,94527880000000,94527880093750,94527885762125,5668375,5762125,93750,94527890000000,0,0,0
1,3418,94527890000000,94527890101250,94527895784750,5683500,5784750,101250,94527900000000,0,0,0
1,3419,94527900000000,94527900097500,94527905759750,5662250,5759750,97500,94527910000000,0,0,0
1,3420,94527910000000,94527910099250,94527915763500,5664250,5763500,99250,94527920000000,0,0,0
1,3421,94527920000000,94527920108500,94527926047250,5938750,6047250,108500,94527930000000,0,0,0
1,3422,94527930000000,94527930105625,94527935730250,5624625,5730250,105625,94527940000000,0,0,0
1,3423,94527940000000,94527940110625,94527945806500,5695875,5806500,110625,94527950000000,0,0,0
1,3424,94527950000000,94527950126125,94527955871625,5745500,5871625,126125,94527960000000,0,0,0
1,3425,94527960000000,94527960108625,94527965804750,5696125,5804750,108625,94527970000000,0,0,0
1,3426,94527970000000,94527970099625,94527975845000,5745375,5845000,99625,94527980000000,0,0,0
1,3427,94527980000000,94527980114125,94527985756000,5641875,5756000,114125,94527990000000,0,0,0
1,3428,94527990000000,94527990112375,94527995755375,5643000,5755375,112375,94528000000000,0,0,0
1,3429,94528000000000,94528000114375,94528005628250,5513875,5628250,114375,94528010000000,0,0,0
1,3430,94528010000000,94528010097375,94528015858500,5761125,5858500,97375,94528020000000,0,0,0
1,3431,94528020000000,94528020103000,94528025731125,5628125,5731125,103000,94528030000000,0,0,0
1,3432,94528030000000,94528030103625,94528035766000,5662375,5766000,103625,94528040000000,0,0,0
1,3433,94528040000000,94528040125250,94528045830000,5704750,5830000,125250,94528050000000,0,0,0
1,3434,94528050000000,94528050105375,94528055740125,5634750,5740125,105375,94528060000000,0,0,0
1,3435,94528060000000,94528060128625,94528065628625,5500000,5628625,128625,94528070000000,0,0,0
1,3436,94528070000000,94528070102000,94528075724875,5622875,5724875,102000,94528080000000,0,0,0
1,3437,94528080000000,94528080126000,94528085645500,5519500,5645500,126000,94528090000000,0,0,0
1,3438,94528090000000,94528090100625,94528095748625,5648000,5748625,100625,94528100000000,0,0,0
1,3439,94528100000000,94528100110875,94528105702250,5591375,5702250,110875,94528110000000,0,0,0
1,3440,94528110000000,94528110105125,94528115726625,5621500,5726625,105125,94528120000000,0,0,0
1,3441,94528120000000,94528120114125,94528125663750,5549625,5663750,114125,94528130000000,0,0,0
1,3442,94528130000000,94528130101625,94528135740625,5639000,5740625,101625,94528140000000,0,0,0
1,3443,94528140000000,94528140106375,94528145673250,5566875,5673250,106375,94528150000000,0,0,0
1,3444,94528150000000,94528150103375,94528155694750,5591375,5694750,103375,94528160000000,0,0,0
1,3445,94528160000000,94528160112375,94528165744625,5632250,5744625,112375,94528170000000,0,0,0
1,3446,94528170000000,94528170098750,94528175785375,5686625,5785375,98750,94528180000000,0,0,0
1,3447,94528180000000,94528180112375,94528185731750,5619375,5731750,112375,94528190000000,0,0,0
1,3448,94528190000000,94528190126500,94528195757250,5630750,5757250,126500,94528200000000,0,0,0
1,3449,94528200000000,94528200112750,94528205865500,5752750,5865500,112750,94528210000000,0,0,0
1,3450,94528210000000,94528210125250,94528215746750,5621500,5746750,125250,94528220000000,0,0,0
1,3451,94528220000000,94528220113000,94528225826375,5713375,5826375,113000,94528230000000,0,0,0
1,3452,94528230000000,94528230125375,94528235805750,5680375,5805750,125375,94528240000000,0,0,0
1,3453,94528240000000,94528240110125,94528245654875,5544750,5654875,110125,94528250000000,0,0,0
1,3454,94528250000000,94528250104375,94528255762750,5658375,5762750,104375,94528260000000,0,0,0
1,3455,94528260000000,94528260107875,94528265740500,5632625,5740500,107875,94528270000000,0,0,0
1,3456,94528270000000,94528270105000,94528275886250,5781250,5886250,105000,94528280000000,0,0,0
1,3457,94528280000000,94528280109375,94528285698375,5589000,5698375,109375,94528290000000,0,0,0
1,3458,94528290000000,94528290070500,94528295762625,5692125,5762625,70500,94528300000000,0,0,0
1,3459,94528300000000,94528300105875,94528306074750,5968875,6074750,105875,94528310000000,0,0,0
1,3460,94528310000000,94528310111125,94528315861625,5750500,5861625,111125,94528320000000,0,0,0
1,3461,94528320000000,94528320110125,94528326014875,5904750,6014875,110125,94528330000000,0,0,0
1,3462,94528330000000,94528330109625,94528335926000,5816375,5926000,109625,94528340000000,0,0,0
1,3463,94528340000000,94528340091875,94528345783000,5691125,5783000,91875,94528350000000,0,0,0
1,3464,94528350000000,94528350106250,94528355791500,5685250,5791500,106250,94528360000000,0,0,0
1,3465,94528360000000,94528360128250,94528366126625,5998375,6126625,128250,94528370000000,0,0,0
1,3466,94528370000000,94528370110000,94528375903875,5793875,5903875,110000,94528380000000,0,0,0
1,3467,94528380000000,94528380107500,94528385977000,5869500,5977000,107500,94528390000000,0,0,0
1,3468,94528390000000,94528390110125,94528395736250,5626125,5736250,110125,94528400000000,0,0,0
1,3469,94528400000000,94528400110500,94528405754500,5644000,5754500,110500,94528410000000,0,0,0
1,3470,94528410000000,94528410105750,94528415699875,5594125,5699875,105750,94528420000000,0,0,0
1,3471,94528420000000,94528420111625,94528425712250,5600625,5712250,111625,94528430000000,0,0,0
1,3472,94528430000000,94528430124375,94528435750000,5625625,5750000,124375,94528440000000,0,0,0
1,3473,94528440000000,94528440110000,94528445757750,5647750,5757750,110000,94528450000000,0,0,0
1,3474,94528450000000,94528450098000,94528455671875,5573875,5671875,98000,94528460000000,0,0,0
1,3475,94528460000000,94528460110375,94528465673875,5563500,5673875,110375,94528470000000,0,0,0
1,3476,94528470000000,94528470098250,94528475716375,5618125,5716375,98250,94528480000000,0,0,0
1,3477,94528480000000,94528480110125,94528485762375,5652250,5762375,110125,94528490000000,0,0,0
1,3478,94528490000000,94528490103250,94528495797375,5694125,5797375,103250,94528500000000,0,0,0
1,3479,94528500000000,94528500105250,94528505667000,5561750,5667000,105250,94528510000000,0,0,0
1,3480,94528510000000,94528510107000,94528515638750,5531750,5638750,107000,94528520000000,0,0,0
1,3481,94528520000000,94528520130125,94528525787625,5657500,5787625,130125,94528530000000,0,0,0
1,3482,94528530000000,94528530107875,94528535721625,5613750,5721625,107875,94528540000000,0,0,0
1,3483,94528540000000,94528540092875,94528545836875,5744000,5836875,92875,94528550000000,0,0,0
1,3484,94528550000000,94528550105375,94528555718750,5613375,5718750,105375,94528560000000,0,0,0
1,3485,94528560000000,94528560110875,94528565963750,5852875,5963750,110875,94528570000000,0,0,0
1,3486,94528570000000,94528570103625,94528575833875,5730250,5833875,103625,94528580000000,0,0,0
1,3487,94528580000000,94528580108375,94528585838375,5730000,5838375,108375,94528590000000,0,0,0
1,3488,94528590000000,94528590124875,94528595918375,5793500,5918375,124875,94528600000000,0,0,0
1,3489,94528600000000,94528600112750,94528605746750,5634000,5746750,112750,94528610000000,0,0,0
1,3490,94528610000000,94528610096375,94528615838500,5742125,5838500,96375,94528620000000,0,0,0
1,3491,94528620000000,94528620111000,94528625754375,5643375,5754375,111000,94528630000000,0,0,0
1,3492,94528630000000,94528630104750,94528635832250,5727500,5832250,104750,94528640000000,0,0,0
1,3493,94528640000000,94528640114125,94528645535750,5421625,5535750,114125,94528650000000,0,0,0
1,3494,94528650000000,94528650103750,94528655783750,5680000,5783750,103750,94528660000000,0,0,0
1,3495,94528660000000,94528660103625,94528665602625,5499000,5602625,103625,94528670000000,0,0,0
1,3496,94528670000000,94528670106000,94528675711750,5605750,5711750,106000,94528680000000,0,0,0
1,3497,94528680000000,94528680125000,94528686242375,6117375,6242375,125000,94528690000000,0,0,0
1,3498,94528690000000,94528690109375,94528695816625,5707250,5816625,109375,94528700000000,0,0,0
1,3499,94528700000000,94528700072500,94528705517625,5445125,5517625,72500,94528710000000,0,0,0
1,3500,94528710000000,94528710109250,94528715789750,5680500,5789750,109250,94528720000000,0,0,0
1,3501,94528720000000,94528720108500,94528725835625,5727125,5835625,108500,94528730000000,0,0,0
1,3502,94528730000000,94528730099875,94528735706250,5606375,5706250,99875,94528740000000,0,0,0
1,3503,94528740000000,94528740110375,94528745806875,5696500,5806875,110375,94528750000000,0,0,0
1,3504,94528750000000,94528750124375,94528755842875,5718500,5842875,124375,94528760000000,0,0,0
1,3505,94528760000000,94528760111000,94528765795375,5684375,5795375,111000,94528770000000,0,0,0
1,3506,94528770000000,94528770128250,94528775851125,5722875,5851125,128250,94528780000000,0,0,0
1,3507,94528780000000,94528780112250,94528785670625,5558375,5670625,112250,94528790000000,0,0,0
1,3508,94528790000000,94528790106250,94528795771875,5665625,5771875,106250,94528800000000,0,0,0
1,3509,94528800000000,94528800113000,94528805699000,5586000,5699000,113000,94528810000000,0,0,0
1,3510,94528810000000,94528810106875,94528815778625,5671750,5778625,106875,94528820000000,0,0,0
1,3511,94528820000000,94528820112250,94528825765875,5653625,5765875,112250,94528830000000,0,0,0
1,3512,94528830000000,94528830069125,94528835716250,5647125,5716250,69125,94528840000000,0,0,0
1,3513,94528840000000,94528840084250,94528845559500,5475250,5559500,84250,94528850000000,0,0,0
1,3514,94528850000000,94528850107500,94528855720625,5613125,5720625,107500,94528860000000,0,0,0
1,3515,94528860000000,94528860128750,94528865642625,5513875,5642625,128750,94528870000000,0,0,0
1,3516,94528870000000,94528870110875,94528875747000,5636125,5747000,110875,94528880000000,0,0,0
1,3517,94528880000000,94528880109500,94528885770625,5661125,5770625,109500,94528890000000,0,0,0
1,3518,94528890000000,94528890106500,94528895900375,5793875,5900375,106500,94528900000000,0,0,0
1,3519,94528900000000,94528900091250,94528905883375,5792125,5883375,91250,94528910000000,0,0,0
1,3520,94528910000000,94528910106625,94528915741125,5634500,5741125,106625,94528920000000,0,0,0
1,3521,94528920000000,94528920113375,94528925662000,5548625,5662000,113375,94528930000000,0,0,0
1,3522,94528930000000,94528930101750,94528935785125,5683375,5785125,101750,94528940000000,0,0,0
1,3523,94528940000000,94528940112875,94528945685125,5572250,5685125,112875,94528950000000,0,0,0
1,3524,94528950000000,94528950101750,94528955723500,5621750,5723500,101750,94528960000000,0,0,0
1,3525,94528960000000,94528960112125,94528965641375,5529250,5641375,112125,94528970000000,0,0,0
1,3526,94528970000000,94528970121000,94528975688750,5567750,5688750,121000,94528980000000,0,0,0
1,3527,94528980000000,94528980109625,94528985740625,5631000,5740625,109625,94528990000000,0,0,0
1,3528,94528990000000,94528990123125,94528995788000,5664875,5788000,123125,94529000000000,0,0,0
1,3529,94529000000000,94529000112250,94529005701875,5589625,5701875,112250,94529010000000,0,0,0
1,3530,94529010000000,94529010105125,94529015804625,5699500,5804625,105125,94529020000000,0,0,0
1,3531,94529020000000,94529020116500,94529025786000,5669500,5786000,116500,94529030000000,0,0,0
1,3532,94529030000000,94529030109375,94529035756000,5646625,5756000,109375,94529040000000,0,0,0
1,3533,94529040000000,94529040105875,94529045610250,5504375,5610250,105875,94529050000000,0,0,0
1,3534,94529050000000,94529050108875,94529055807375,5698500,5807375,108875,94529060000000,0,0,0
1,3535,94529060000000,94529060105500,94529065722000,5616500,5722000,105500,94529070000000,0,0,0
1,3536,94529070000000,94529070104000,94529075735500,5631500,5735500,104000,94529080000000,0,0,0
1,3537,94529080000000,94529080127250,94529085877875,5750625,5877875,127250,94529090000000,0,0,0
1,3538,94529090000000,94529090109000,94529095801375,5692375,5801375,109000,94529100000000,0,0,0
1,3539,94529100000000,94529100110500,94529105829625,5719125,5829625,110500,94529110000000,0,0,0
1,3540,94529110000000,94529110104625,94529115695125,5590500,5695125,104625,94529120000000,0,0,0
1,3541,94529120000000,94529120109750,94529125565500,5455750,5565500,109750,94529130000000,0,0,0
1,3542,94529130000000,94529130109125,94529135681625,5572500,5681625,109125,94529140000000,0,0,0
1,3543,94529140000000,94529140111000,94529145789250,5678250,5789250,111000,94529150000000,0,0,0
1,3544,94529150000000,94529150100250,94529155700750,5600500,5700750,100250,94529160000000,0,0,0
1,3545,94529160000000,94529160112250,94529165877250,5765000,5877250,112250,94529170000000,0,0,0
1,3546,94529170000000,94529170109125,94529175873375,5764250,5873375,109125,94529180000000,0,0,0
1,3547,94529180000000,94529180107625,94529185711625,5604000,5711625,107625,94529190000000,0,0,0
1,3548,94529190000000,94529190124875,94529195721500,5596625,5721500,124875,94529200000000,0,0,0
1,3549,94529200000000,94529200113625,94529205661500,5547875,5661500,113625,94529210000000,0,0,0
1,3550,94529210000000,94529210128000,94529215806875,5678875,5806875,128000,94529220000000,0,0,0
1,3551,94529220000000,94529220113625,94529225739125,5625500,5739125,113625,94529230000000,0,0,0
1,3552,94529230000000,94529230106750,94529235815250,5708500,5815250,106750,94529240000000,0,0,0
1,3553,94529240000000,94529240106625,94529245798375,5691750,5798375,106625,94529250000000,0,0,0
1,3554,94529250000000,94529250071875,94529255674125,5602250,5674125,71875,94529260000000,0,0,0
1,3555,94529260000000,94529260114500,94529265760375,5645875,5760375,114500,94529270000000,0,0,0
1,3556,94529270000000,94529270113125,94529275791875,5678750,5791875,113125,94529280000000,0,0,0
1,3557,94529280000000,94529280115125,94529285763625,5648500,5763625,115125,94529290000000,0,0,0
1,3558,94529290000000,94529290108625,94529295681375,5572750,5681375,108625,94529300000000,0,0,0
1,3559,94529300000000,94529300106875,94529305843875,5737000,5843875,106875,94529310000000,0,0,0
1,3560,94529310000000,94529310071750,94529315783875,5712125,5783875,71750,94529320000000,0,0,0
1,3561,94529320000000,94529320104500,94529325719875,5615375,5719875,104500,94529330000000,0,0,0
1,3562,94529330000000,94529330104000,94529335788750,5684750,5788750,104000,94529340000000,0,0,0
1,3563,94529340000000,94529340130375,94529345706625,5576250,5706625,130375,94529350000000,0,0,0
1,3564,94529350000000,94529350105375,94529355705875,5600500,5705875,105375,94529360000000,0,0,0
1,3565,94529360000000,94529360114000,94529365733875,5619875,5733875,114000,94529370000000,0,0,0
1,3566,94529370000000,94529370109500,94529375731250,5621750,5731250,109500,94529380000000,0,0,0
1,3567,94529380000000,94529380108750,94529385928000,5819250,5928000,108750,94529390000000,0,0,0
1,3568,94529390000000,94529390105750,94529395816125,5710375,5816125,105750,94529400000000,0,0,0
1,3569,94529400000000,94529400113125,94529405644125,5531000,5644125,113125,94529410000000,0,0,0
1,3570,94529410000000,94529410127375,94529415815875,5688500,5815875,127375,94529420000000,0,0,0
1,3571,94529420000000,94529420114625,94529425675625,5561000,5675625,114625,94529430000000,0,0,0
1,3572,94529430000000,94529430122500,94529435702875,5580375,5702875,122500,94529440000000,0,0,0
1,3573,94529440000000,94529440106500,94529445672625,5566125,5672625,106500,94529450000000,0,0,0
1,3574,94529450000000,94529450124875,94529455775250,5650375,5775250,124875,94529460000000,0,0,0
1,3575,94529460000000,94529460109875,94529465781250,5671375,5781250,109875,94529470000000,0,0,0
1,3576,94529470000000,94529470106000,94529475760750,5654750,5760750,106000,94529480000000,0,0,0
1,3577,94529480000000,94529480113750,94529485724625,5610875,5724625,113750,94529490000000,0,0,0
1,3578,94529490000000,94529490104000,94529495732375,5628375,5732375,104000,94529500000000,0,0,0
1,3579,94529500000000,94529500108125,94529505858125,5750000,5858125,108125,94529510000000,0,0,0
1,3580,94529510000000,94529510107125,94529516185250,6078125,6185250,107125,94529520000000,0,0,0
1,3581,94529520000000,94529520095125,94529526005375,5910250,6005375,95125,94529530000000,0,0,0
1,3582,94529530000000,94529530108875,94529535705500,5596625,5705500,108875,94529540000000,0,0,0
1,3583,94529540000000,94529540127500,94529545673000,5545500,5673000,127500,94529550000000,0,0,0
1,3584,94529550000000,94529550105500,94529555672250,5566750,5672250,105500,94529560000000,0,0,0
1,3585,94529560000000,94529560128250,94529565827750,5699500,5827750,128250,94529570000000,0,0,0
1,3586,94529570000000,94529570083750,94529575690125,5606375,5690125,83750,94529580000000,0,0,0
1,3587,94529580000000,94529580128750,94529585765875,5637125,5765875,128750,94529590000000,0,0,0
1,3588,94529590000000,94529590106125,94529595751375,5645250,5751375,106125,94529600000000,0,0,0
1,3589,94529600000000,94529600128125,94529605836250,5708125,5836250,128125,94529610000000,0,0,0
1,3590,94529610000000,94529610106625,94529615835750,5729125,5835750,106625,94529620000000,0,0,0
1,3591,94529620000000,94529620128750,94529625865875,5737125,5865875,128750,94529630000000,0,0,0
1,3592,94529630000000,94529630071250,94529635830375,5759125,5830375,71250,94529640000000,0,0,0
1,3593,94529640000000,94529640107875,94529645702625,5594750,5702625,107875,94529650000000,0,0,0
1,3594,94529650000000,94529650109375,94529655637250,5527875,5637250,109375,94529660000000,0,0,0
1,3595,94529660000000,94529660108375,94529665689875,5581500,5689875,108375,94529670000000,0,0,0
1,3596,94529670000000,94529670097000,94529675769625,5672625,5769625,97000,94529680000000,0,0,0
1,3597,94529680000000,94529680111875,94529685580875,5469000,5580875,111875,94529690000000,0,0,0
1,3598,94529690000000,94529690063000,94529695713875,5650875,5713875,63000,94529700000000,0,0,0
1,3599,94529700000000,94529700112000,94529705750125,5638125,5750125,112000,94529710000000,0,0,0
1,3600,94529710000000,94529710124375,94529715710625,5586250,5710625,124375,94529720000000,0,0,0
1,3601,94529720000000,94529720069500,94529725589875,5520375,5589875,69500,94529730000000,0,0,0
1,3602,94529730000000,94529730100000,94529735767625,5667625,5767625,100000,94529740000000,0,0,0
1,3603,94529740000000,94529740110625,94529745777375,5666750,5777375,110625,94529750000000,0,0,0
1,3604,94529750000000,94529750095125,94529755744125,5649000,5744125,95125,94529760000000,0,0,0
1,3605,94529760000000,94529760105250,94529765701750,5596500,5701750,105250,94529770000000,0,0,0
1,3606,94529770000000,94529770103500,94529775772125,5668625,5772125,103500,94529780000000,0,0,0
1,3607,94529780000000,94529780104250,94529785718500,5614250,5718500,104250,94529790000000,0,0,0
1,3608,94529790000000,94529790107125,94529795801125,5694000,5801125,107125,94529800000000,0,0,0
1,3609,94529800000000,94529800105875,94529805800375,5694500,5800375,105875,94529810000000,0,0,0
1,3610,94529810000000,94529810112250,94529815737750,5625500,5737750,112250,94529820000000,0,0,0
1,3611,94529820000000,94529820111000,94529825617375,5506375,5617375,111000,94529830000000,0,0,0
1,3612,94529830000000,94529830109750,94529835727750,5618000,5727750,109750,94529840000000,0,0,0
1,3613,94529840000000,94529840127250,94529845700500,5573250,5700500,127250,94529850000000,0,0,0
1,3614,94529850000000,94529850106250,94529855629500,5523250,5629500,106250,94529860000000,0,0,0
1,3615,94529860000000,94529860111875,94529865911875,5800000,5911875,111875,94529870000000,0,0,0
1,3616,94529870000000,94529870108375,94529875778000,5669625,5778000,108375,94529880000000,0,0,0
1,3617,94529880000000,94529880115250,94529885767375,5652125,5767375,115250,94529890000000,0,0,0
1,3618,94529890000000,94529890110750,94529895790625,5679875,5790625,110750,94529900000000,0,0,0
1,3619,94529900000000,94529900109500,94529905698625,5589125,5698625,109500,94529910000000,0,0,0
1,3620,94529910000000,94529910107875,94529915696000,5588125,5696000,107875,94529920000000,0,0,0
1,3621,94529920000000,94529920082375,94529926200375,6118000,6200375,82375,94529930000000,0,0,0
1,3622,94529930000000,94529930103500,94529935952750,5849250,5952750,103500,94529940000000,0,0,0
1,3623,94529940000000,94529940090500,94529945762375,5671875,5762375,90500,94529950000000,0,0,0
1,3624,94529950000000,94529950121000,94529955694500,5573500,5694500,121000,94529960000000,0,0,0
1,3625,94529960000000,94529960108625,94529965747125,5638500,5747125,108625,94529970000000,0,0,0
1,3626,94529970000000,94529970103125,94529975782250,5679125,5782250,103125,94529980000000,0,0,0
1,3627,94529980000000,94529980114500,94529985707500,5593000,5707500,114500,94529990000000,0,0,0
1,3628,94529990000000,94529990103750,94529995726250,5622500,5726250,103750,94530000000000,0,0,0
1,3629,94530000000000,94530000106750,94530005665125,5558375,5665125,106750,94530010000000,0,0,0
1,3630,94530010000000,94530010106250,94530015949375,5843125,5949375,106250,94530020000000,0,0,0
1,3631,94530020000000,94530020092125,94530025859500,5767375,5859500,92125,94530030000000,0,0,0
1,3632,94530030000000,94530030105375,94530035770250,5664875,5770250,105375,94530040000000,0,0,0
1,3633,94530040000000,94530040128000,94530046070750,5942750,6070750,128000,94530050000000,0,0,0
1,3634,94530050000000,94530050110875,94530055781000,5670125,5781000,110875,94530060000000,0,0,0
1,3635,94530060000000,94530060107500,94530065763250,5655750,5763250,107500,94530070000000,0,0,0
1,3636,94530070000000,94530070104125,94530075857125,5753000,5857125,104125,94530080000000,0,0,0
1,3637,94530080000000,94530080110000,94530085797750,5687750,5797750,110000,94530090000000,0,0,0
1,3638,94530090000000,94530090105375,94530095826000,5720625,5826000,105375,94530100000000,0,0,0
1,3639,94530100000000,94530100110125,94530105790625,5680500,5790625,110125,94530110000000,0,0,0
1,3640,94530110000000,94530110108625,94530115779000,5670375,5779000,108625,94530120000000,0,0,0
1,3641,94530120000000,94530120087625,94530125639750,5552125,5639750,87625,94530130000000,0,0,0
1,3642,94530130000000,94530130115125,94530135701500,5586375,5701500,115125,94530140000000,0,0,0
1,3643,94530140000000,94530140073375,94530145583375,5510000,5583375,73375,94530150000000,0,0,0
1,3644,94530150000000,94530150121750,94530155668375,5546625,5668375,121750,94530160000000,0,0,0
1,3645,94530160000000,94530160112375,94530165699000,5586625,5699000,112375,94530170000000,0,0,0
1,3646,94530170000000,94530170124750,94530175753375,5628625,5753375,124750,94530180000000,0,0,0
1,3647,94530180000000,94530180107750,94530185685250,5577500,5685250,107750,94530190000000,0,0,0
1,3648,94530190000000,94530190105125,94530195671875,5566750,5671875,105125,94530200000000,0,0,0
1,3649,94530200000000,94530200115250,94530205819125,5703875,5819125,115250,94530210000000,0,0,0
1,3650,94530210000000,94530210106500,94530215837250,5730750,5837250,106500,94530220000000,0,0,0
1,3651,94530220000000,94530220113750,94530225725875,5612125,5725875,113750,94530230000000,0,0,0
1,3652,94530230000000,94530230102000,94530235719000,5617000,5719000,102000,94530240000000,0,0,0
1,3653,94530240000000,94530240108000,94530245853000,5745000,5853000,108000,94530250000000,0,0,0
1,3654,94530250000000,94530250106375,94530255651125,5544750,5651125,106375,94530260000000,0,0,0
1,3655,94530260000000,94530260127875,94530265818250,5690375,5818250,127875,94530270000000,0,0,0
1,3656,94530270000000,94530270108875,94530275770125,5661250,5770125,108875,94530280000000,0,0,0
1,3657,94530280000000,94530280126625,94530285634125,5507500,5634125,126625,94530290000000,0,0,0
1,3658,94530290000000,94530290105000,94530295743875,5638875,5743875,105000,94530300000000,0,0,0
1,3659,94530300000000,94530300111750,94530305728375,5616625,5728375,111750,94530310000000,0,0,0
1,3660,94530310000000,94530310104375,94530315679375,5575000,5679375,104375,94530320000000,0,0,0
1,3661,94530320000000,94530320109125,94530325639250,5530125,5639250,109125,94530330000000,0,0,0
1,3662,94530330000000,94530330069125,94530335764625,5695500,5764625,69125,94530340000000,0,0,0
1,3663,94530340000000,94530340111375,94530345644625,5533250,5644625,111375,94530350000000,0,0,0
1,3664,94530350000000,94530350098625,94530355701250,5602625,5701250,98625,94530360000000,0,0,0
1,3665,94530360000000,94530360113375,94530365655625,5542250,5655625,113375,94530370000000,0,0,0
1,3666,94530370000000,94530370103375,94530375709750,5606375,5709750,103375,94530380000000,0,0,0
1,3667,94530380000000,94530380105375,94530385694500,5589125,5694500,105375,94530390000000,0,0,0
1,3668,94530390000000,94530390101125,94530395778625,5677500,5778625,101125,94530400000000,0,0,0
1,3669,94530400000000,94530400107000,94530405699250,5592250,5699250,107000,94530410000000,0,0,0
1,3670,94530410000000,94530410099000,94530415705625,5606625,5705625,99000,94530420000000,0,0,0
1,3671,94530420000000,94530420066875,94530425497375,5430500,5497375,66875,94530430000000,0,0,0
1,3672,94530430000000,94530430119500,94530435744375,5624875,5744375,119500,94530440000000,0,0,0
1,3673,94530440000000,94530440112750,94530445765625,5652875,5765625,112750,94530450000000,0,0,0
1,3674,94530450000000,94530450122875,94530455745125,5622250,5745125,122875,94530460000000,0,0,0
1,3675,94530460000000,94530460096125,94530465699250,5603125,5699250,96125,94530470000000,0,0,0
1,3676,94530470000000,94530470102625,94530475718000,5615375,5718000,102625,94530480000000,0,0,0
1,3677,94530480000000,94530480113250,94530485726500,5613250,5726500,113250,94530490000000,0,0,0
1,3678,94530490000000,94530490103750,94530495756875,5653125,5756875,103750,94530500000000,0,0,0
1,3679,94530500000000,94530500104250,94530505702250,5598000,5702250,104250,94530510000000,0,0,0
1,3680,94530510000000,94530510106875,94530515801875,5695000,5801875,106875,94530520000000,0,0,0
1,3681,94530520000000,94530520108500,94530525696750,5588250,5696750,108500,94530530000000,0,0,0
1,3682,94530530000000,94530530099000,94530535786500,5687500,5786500,99000,94530540000000,0,0,0
1,3683,94530540000000,94530540130375,94530545721875,5591500,5721875,130375,94530550000000,0,0,0
1,3684,94530550000000,94530550110250,94530555732875,5622625,5732875,110250,94530560000000,0,0,0
1,3685,94530560000000,94530560110875,94530565903250,5792375,5903250,110875,94530570000000,0,0,0
1,3686,94530570000000,94530570111750,94530575754375,5642625,5754375,111750,94530580000000,0,0,0
1,3687,94530580000000,94530580110500,94530585765625,5655125,5765625,110500,94530590000000,0,0,0
1,3688,94530590000000,94530590067250,94530595776625,5709375,5776625,67250,94530600000000,0,0,0
1,3689,94530600000000,94530600109875,94530605754750,5644875,5754750,109875,94530610000000,0,0,0
1,3690,94530610000000,94530610121750,94530615729125,5607375,5729125,121750,94530620000000,0,0,0
1,3691,94530620000000,94530620111000,94530625675125,5564125,5675125,111000,94530630000000,0,0,0
1,3692,94530630000000,94530630126375,94530635756500,5630125,5756500,126375,94530640000000,0,0,0
1,3693,94530640000000,94530640112250,94530645830000,5717750,5830000,112250,94530650000000,0,0,0
1,3694,94530650000000,94530650104250,94530655876500,5772250,5876500,104250,94530660000000,0,0,0
1,3695,94530660000000,94530660112875,94530665766750,5653875,5766750,112875,94530670000000,0,0,0
1,3696,94530670000000,94530670105750,94530675755875,5650125,5755875,105750,94530680000000,0,0,0
1,3697,94530680000000,94530680116375,94530685808625,5692250,5808625,116375,94530690000000,0,0,0
1,3698,94530690000000,94530690108625,94530695798125,5689500,5798125,108625,94530700000000,0,0,0
1,3699,94530700000000,94530700106375,94530706013375,5907000,6013375,106375,94530710000000,0,0,0
1,3700,94530710000000,94530710106250,94530715777750,5671500,5777750,106250,94530720000000,0,0,0
1,3701,94530720000000,94530720128375,94530725820500,5692125,5820500,128375,94530730000000,0,0,0
1,3702,94530730000000,94530730105625,94530735895875,5790250,5895875,105625,94530740000000,0,0,0
1,3703,94530740000000,94530740072125,94530745754000,5681875,5754000,72125,94530750000000,0,0,0
1,3704,94530750000000,94530750105750,94530755787000,5681250,5787000,105750,94530760000000,0,0,0
1,3705,94530760000000,94530760107875,94530765708000,5600125,5708000,107875,94530770000000,0,0,0
1,3706,94530770000000,94530770106375,94530775686250,5579875,5686250,106375,94530780000000,0,0,0
1,3707,94530780000000,94530780112250,94530785626375,5514125,5626375,112250,94530790000000,0,0,0
1,3708,94530790000000,94530790102750,94530795783000,5680250,5783000,102750,94530800000000,0,0,0
1,3709,94530800000000,94530800110250,94530805674500,5564250,5674500,110250,94530810000000,0,0,0
1,3710,94530810000000,94530810103750,94530815769375,5665625,5769375,103750,94530820000000,0,0,0
1,3711,94530820000000,94530820109000,94530825590375,5481375,5590375,109000,94530830000000,0,0,0
1,3712,94530830000000,94530830122125,94530835723250,5601125,5723250,122125,94530840000000,0,0,0
1,3713,94530840000000,94530840109125,94530845800125,5691000,5800125,109125,94530850000000,0,0,0
1,3714,94530850000000,94530850122875,94530855788375,5665500,5788375,122875,94530860000000,0,0,0
1,3715,94530860000000,94530860111500,94530865779500,5668000,5779500,111500,94530870000000,0,0,0
1,3716,94530870000000,94530870123750,94530875807875,5684125,5807875,123750,94530880000000,0,0,0
1,3717,94530880000000,94530880114875,94530885807000,5692125,5807000,114875,94530890000000,0,0,0
1,3718,94530890000000,94530890109625,94530895906000,5796375,5906000,109625,94530900000000,0,0,0
1,3719,94530900000000,94530900115000,94530905731875,5616875,5731875,115000,94530910000000,0,0,0
1,3720,94530910000000,94530910071000,94530915818125,5747125,5818125,71000,94530920000000,0,0,0
1,3721,94530920000000,94530920156125,94530925734500,5578375,5734500,156125,94530930000000,0,0,0
1,3722,94530930000000,94530930103750,94530935786125,5682375,5786125,103750,94530940000000,0,0,0
1,3723,94530940000000,94530940093750,94530945785500,5691750,5785500,93750,94530950000000,0,0,0
1,3724,94530950000000,94530950106375,94530955742125,5635750,5742125,106375,94530960000000,0,0,0
1,3725,94530960000000,94530960108625,94530965695250,5586625,5695250,108625,94530970000000,0,0,0
1,3726,94530970000000,94530970105625,94530975732000,5626375,5732000,105625,94530980000000,0,0,0
1,3727,94530980000000,94530980087250,94530985572250,5485000,5572250,87250,94530990000000,0,0,0
1,3728,94530990000000,94530990109125,94530995680125,5571000,5680125,109125,94531000000000,0,0,0
1,3729,94531000000000,94531000128125,94531005692000,5563875,5692000,128125,94531010000000,0,0,0
1,3730,94531010000000,94531010103250,94531015705125,5601875,5705125,103250,94531020000000,0,0,0
1,3731,94531020000000,94531020110000,94531025776500,5666500,5776500,110000,94531030000000,0,0,0
1,3732,94531030000000,94531030109000,94531035735250,5626250,5735250,109000,94531040000000,0,0,0
1,3733,94531040000000,94531040115250,94531045760375,5645125,5760375,115250,94531050000000,0,0,0
1,3734,94531050000000,94531050106750,94531055836250,5729500,5836250,106750,94531060000000,0,0,0
1,3735,94531060000000,94531060110125,94531065728625,5618500,5728625,110125,94531070000000,0,0,0
1,3736,94531070000000,94531070125250,94531075808000,5682750,5808000,125250,94531080000000,0,0,0
1,3737,94531080000000,94531080115375,94531085742250,5626875,5742250,115375,94531090000000,0,0,0
1,3738,94531090000000,94531090124750,94531095849750,5725000,5849750,124750,94531100000000,0,0,0
1,3739,94531100000000,94531100111375,94531105678750,5567375,5678750,111375,94531110000000,0,0,0
1,3740,94531110000000,94531110124250,94531115779375,5655125,5779375,124250,94531120000000,0,0,0
1,3741,94531120000000,94531120111125,94531125724875,5613750,5724875,111125,94531130000000,0,0,0
1,3742,94531130000000,94531130107750,94531135838500,5730750,5838500,107750,94531140000000,0,0,0
1,3743,94531140000000,94531140114750,94531145723875,5609125,5723875,114750,94531150000000,0,0,0
1,3744,94531150000000,94531150100125,94531155824750,5724625,5824750,100125,94531160000000,0,0,0
1,3745,94531160000000,94531160114000,94531165947375,5833375,5947375,114000,94531170000000,0,0,0
1,3746,94531170000000,94531170107000,94531175844875,5737875,5844875,107000,94531180000000,0,0,0
1,3747,94531180000000,94531180108500,94531185747750,5639250,5747750,108500,94531190000000,0,0,0
1,3748,94531190000000,94531190108000,94531195721500,5613500,5721500,108000,94531200000000,0,0,0
1,3749,94531200000000,94531200104500,94531205654750,5550250,5654750,104500,94531210000000,0,0,0
1,3750,94531210000000,94531210107625,94531215745375,5637750,5745375,107625,94531220000000,0,0,0
1,3751,94531220000000,94531220106750,94531225673875,5567125,5673875,106750,94531230000000,0,0,0
1,3752,94531230000000,94531230104500,94531235731750,5627250,5731750,104500,94531240000000,0,0,0
1,3753,94531240000000,94531240123875,94531245640375,5516500,5640375,123875,94531250000000,0,0,0
1,3754,94531250000000,94531250104125,94531255723875,5619750,5723875,104125,94531260000000,0,0,0
1,3755,94531260000000,94531260125250,94531265691125,5565875,5691125,125250,94531270000000,0,0,0
1,3756,94531270000000,94531270109750,94531275607375,5497625,5607375,109750,94531280000000,0,0,0
1,3757,94531280000000,94531280128125,94531285614500,5486375,5614500,128125,94531290000000,0,0,0
1,3758,94531290000000,94531290107125,94531295678125,5571000,5678125,107125,94531300000000,0,0,0
1,3759,94531300000000,94531300108375,94531305603125,5494750,5603125,108375,94531310000000,0,0,0
1,3760,94531310000000,94531310111125,94531315757250,5646125,5757250,111125,94531320000000,0,0,0
1,3761,94531320000000,94531320112125,94531325735250,5623125,5735250,112125,94531330000000,0,0,0
1,3762,94531330000000,94531330106375,94531335805375,5699000,5805375,106375,94531340000000,0,0,0
1,3763,94531340000000,94531340106625,94531345730250,5623625,5730250,106625,94531350000000,0,0,0
1,3764,94531350000000,94531350077875,94531355713125,5635250,5713125,77875,94531360000000,0,0,0
1,3765,94531360000000,94531360112500,94531365806125,5693625,5806125,112500,94531370000000,0,0,0
1,3766,94531370000000,94531370122375,94531375760000,5637625,5760000,122375,94531380000000,0,0,0
1,3767,94531380000000,94531380111625,94531385862250,5750625,5862250,111625,94531390000000,0,0,0
1,3768,94531390000000,94531390104000,94531395839250,5735250,5839250,104000,94531400000000,0,0,0
1,3769,94531400000000,94531400091375,94531405727000,5635625,5727000,91375,94531410000000,0,0,0
1,3770,94531410000000,94531410107125,94531415704375,5597250,5704375,107125,94531420000000,0,0,0
1,3771,94531420000000,94531420104625,94531425651625,5547000,5651625,104625,94531430000000,0,0,0
1,3772,94531430000000,94531430105875,94531435711125,5605250,5711125,105875,94531440000000,0,0,0
1,3773,94531440000000,94531440104250,94531445731500,5627250,5731500,104250,94531450000000,0,0,0
1,3774,94531450000000,94531450109000,94531455664375,5555375,5664375,109000,94531460000000,0,0,0
1,3775,94531460000000,94531460124500,94531465553875,5429375,5553875,124500,94531470000000,0,0,0
1,3776,94531470000000,94531470108125,94531475741375,5633250,5741375,108125,94531480000000,0,0,0
1,3777,94531480000000,94531480112125,94531485730875,5618750,5730875,112125,94531490000000,0,0,0
1,3778,94531490000000,94531490108750,94531495678625,5569875,5678625,108750,94531500000000,0,0,0
1,3779,94531500000000,94531500113125,94531505712375,5599250,5712375,113125,94531510000000,0,0,0
1,3780,94531510000000,94531510106875,94531515729750,5622875,5729750,106875,94531520000000,0,0,0
1,3781,94531520000000,94531520110125,94531526038500,5928375,6038500,110125,94531530000000,0,0,0
1,3782,94531530000000,94531530101000,94531535812875,5711875,5812875,101000,94531540000000,0,0,0
1,3783,94531540000000,94531540107250,94531545692625,5585375,5692625,107250,94531550000000,0,0,0
1,3784,94531550000000,94531550122750,94531555964875,5842125,5964875,122750,94531560000000,0,0,0
1,3785,94531560000000,94531560089000,94531565707500,5618500,5707500,89000,94531570000000,0,0,0
1,3786,94531570000000,94531570125625,94531575837625,5712000,5837625,125625,94531580000000,0,0,0
1,3787,94531580000000,94531580112750,94531585710125,5597375,5710125,112750,94531590000000,0,0,0
1,3788,94531590000000,94531590124875,94531595757375,5632500,5757375,124875,94531600000000,0,0,0
1,3789,94531600000000,94531600112750,94531605678875,5566125,5678875,112750,94531610000000,0,0,0
1,3790,94531610000000,94531610104375,94531616075000,5970625,6075000,104375,94531620000000,0,0,0
1,3791,94531620000000,94531620093500,94531625647250,5553750,5647250,93500,94531630000000,0,0,0
1,3792,94531630000000,94531630111625,94531635765500,5653875,5765500,111625,94531640000000,0,0,0
1,3793,94531640000000,94531640115000,94531646102375,5987375,6102375,115000,94531650000000,0,0,0
1,3794,94531650000000,94531650106000,94531655746750,5640750,5746750,106000,94531660000000,0,0,0
1,3795,94531660000000,94531660107125,94531665658625,5551500,5658625,107125,94531670000000,0,0,0
1,3796,94531670000000,94531670103875,94531675784750,5680875,5784750,103875,94531680000000,0,0,0
1,3797,94531680000000,94531680071000,94531685682375,5611375,5682375,71000,94531690000000,0,0,0
1,3798,94531690000000,94531690107250,94531695792250,5685000,5792250,107250,94531700000000,0,0,0
1,3799,94531700000000,94531700107375,94531705812000,5704625,5812000,107375,94531710000000,0,0,0
1,3800,94531710000000,94531710108875,94531715687125,5578250,5687125,108875,94531720000000,0,0,0
1,3801,94531720000000,94531720129125,94531725748000,5618875,5748000,129125,94531730000000,0,0,0
1,3802,94531730000000,94531730102875,94531735670750,5567875,5670750,102875,94531740000000,0,0,0
1,3803,94531740000000,94531740108500,94531745786500,5678000,5786500,108500,94531750000000,0,0,0
1,3804,94531750000000,94531750105250,94531755690875,5585625,5690875,105250,94531760000000,0,0,0
1,3805,94531760000000,94531760075750,94531765689375,5613625,5689375,75750,94531770000000,0,0,0
1,3806,94531770000000,94531770099625,94531775747000,5647375,5747000,99625,94531780000000,0,0,0
1,3807,94531780000000,94531780106750,94531785597250,5490500,5597250,106750,94531790000000,0,0,0
1,3808,94531790000000,94531790123125,94531795745875,5622750,5745875,123125,94531800000000,0,0,0
1,3809,94531800000000,94531800111875,94531805681625,5569750,5681625,111875,94531810000000,0,0,0
1,3810,94531810000000,94531810124375,94531815709000,5584625,5709000,124375,94531820000000,0,0,0
1,3811,94531820000000,94531820115875,94531825759875,5644000,5759875,115875,94531830000000,0,0,0
1,3812,94531830000000,94531830129500,94531835802875,5673375,5802875,129500,94531840000000,0,0,0
1,3813,94531840000000,94531840089125,94531845638375,5549250,5638375,89125,94531850000000,0,0,0
1,3814,94531850000000,94531850109625,94531855788125,5678500,5788125,109625,94531860000000,0,0,0
1,3815,94531860000000,94531860115875,94531865743000,5627125,5743000,115875,94531870000000,0,0,0
1,3816,94531870000000,94531870105500,94531875733500,5628000,5733500,105500,94531880000000,0,0,0
1,3817,94531880000000,94531880114375,94531885850875,5736500,5850875,114375,94531890000000,0,0,0
1,3818,94531890000000,94531890111250,94531895703750,5592500,5703750,111250,94531900000000,0,0,0
1,3819,94531900000000,94531900106875,94531905806000,5699125,5806000,106875,94531910000000,0,0,0
1,3820,94531910000000,94531910108250,94531915745500,5637250,5745500,108250,94531920000000,0,0,0
1,3821,94531920000000,94531920105500,94531925664250,5558750,5664250,105500,94531930000000,0,0,0
1,3822,94531930000000,94531930106750,94531935761500,5654750,5761500,106750,94531940000000,0,0,0
1,3823,94531940000000,94531940109500,94531945709625,5600125,5709625,109500,94531950000000,0,0,0
1,3824,94531950000000,94531950104125,94531955755000,5650875,5755000,104125,94531960000000,0,0,0
1,3825,94531960000000,94531960104875,94531965707625,5602750,5707625,104875,94531970000000,0,0,0
1,3826,94531970000000,94531970109750,94531975775500,5665750,5775500,109750,94531980000000,0,0,0
1,3827,94531980000000,94531980129625,94531985722000,5592375,5722000,129625,94531990000000,0,0,0
1,3828,94531990000000,94531990108125,94531995738125,5630000,5738125,108125,94532000000000,0,0,0
1,3829,94532000000000,94532000112500,94532005830250,5717750,5830250,112500,94532010000000,0,0,0
1,3830,94532010000000,94532010093250,94532015730375,5637125,5730375,93250,94532020000000,0,0,0
1,3831,94532020000000,94532020110625,94532025661000,5550375,5661000,110625,94532030000000,0,0,0
1,3832,94532030000000,94532030101875,94532035781875,5680000,5781875,101875,94532040000000,0,0,0
1,3833,94532040000000,94532040112000,94532045773250,5661250,5773250,112000,94532050000000,0,0,0
1,3834,94532050000000,94532050103000,94532055719875,5616875,5719875,103000,94532060000000,0,0,0
1,3835,94532060000000,94532060110250,94532066114625,6004375,6114625,110250,94532070000000,0,0,0
1,3836,94532070000000,94532070106500,94532075851500,5745000,5851500,106500,94532080000000,0,0,0
1,3837,94532080000000,94532080115500,94532085863375,5747875,5863375,115500,94532090000000,0,0,0
1,3838,94532090000000,94532090128375,94532095717375,5589000,5717375,128375,94532100000000,0,0,0
1,3839,94532100000000,94532100114000,94532105853625,5739625,5853625,114000,94532110000000,0,0,0
1,3840,94532110000000,94532110103250,94532115641750,5538500,5641750,103250,94532120000000,0,0,0
1,3841,94532120000000,94532120110750,94532125744500,5633750,5744500,110750,94532130000000,0,0,0
1,3842,94532130000000,94532130107875,94532136192250,6084375,6192250,107875,94532140000000,0,0,0
1,3843,94532140000000,94532140095875,94532145963000,5867125,5963000,95875,94532150000000,0,0,0
1,3844,94532150000000,94532150107000,94532155875875,5768875,5875875,107000,94532160000000,0,0,0
1,3845,94532160000000,94532160129750,94532165977000,5847250,5977000,129750,94532170000000,0,0,0
1,3846,94532170000000,94532170100000,94532175808375,5708375,5808375,100000,94532180000000,0,0,0
1,3847,94532180000000,94532180111125,94532185785875,5674750,5785875,111125,94532190000000,0,0,0
1,3848,94532190000000,94532190108375,94532195763125,5654750,5763125,108375,94532200000000,0,0,0
1,3849,94532200000000,94532200110750,94532205571125,5460375,5571125,110750,94532210000000,0,0,0
1,3850,94532210000000,94532210111750,94532215787500,5675750,5787500,111750,94532220000000,0,0,0
1,3851,94532220000000,94532220108875,94532225776375,5667500,5776375,108875,94532230000000,0,0,0
1,3852,94532230000000,94532230101000,94532235815625,5714625,5815625,101000,94532240000000,0,0,0
1,3853,94532240000000,94532240113875,94532245735000,5621125,5735000,113875,94532250000000,0,0,0
1,3854,94532250000000,94532250124250,94532255732000,5607750,5732000,124250,94532260000000,0,0,0
1,3855,94532260000000,94532260117125,94532265676500,5559375,5676500,117125,94532270000000,0,0,0
1,3856,94532270000000,94532270126500,94532275753750,5627250,5753750,126500,94532280000000,0,0,0
1,3857,94532280000000,94532280112625,94532285693500,5580875,5693500,112625,94532290000000,0,0,0
1,3858,94532290000000,94532290106375,94532295773750,5667375,5773750,106375,94532300000000,0,0,0
1,3859,94532300000000,94532300111875,94532305754125,5642250,5754125,111875,94532310000000,0,0,0
1,3860,94532310000000,94532310106625,94532315804000,5697375,5804000,106625,94532320000000,0,0,0
1,3861,94532320000000,94532320108750,94532325971875,5863125,5971875,108750,94532330000000,0,0,0
1,3862,94532330000000,94532330112500,94532335832875,5720375,5832875,112500,94532340000000,0,0,0
1,3863,94532340000000,94532340107625,94532345667750,5560125,5667750,107625,94532350000000,0,0,0
1,3864,94532350000000,94532350105125,94532355817125,5712000,5817125,105125,94532360000000,0,0,0
1,3865,94532360000000,94532360129875,94532365933250,5803375,5933250,129875,94532370000000,0,0,0
1,3866,94532370000000,94532370071125,94532375761750,5690625,5761750,71125,94532380000000,0,0,0
1,3867,94532380000000,94532380132250,94532385888375,5756125,5888375,132250,94532390000000,0,0,0
1,3868,94532390000000,94532390106250,94532395752500,5646250,5752500,106250,94532400000000,0,0,0
1,3869,94532400000000,94532400128250,94532405697000,5568750,5697000,128250,94532410000000,0,0,0
1,3870,94532410000000,94532410103875,94532415698000,5594125,5698000,103875,94532420000000,0,0,0
1,3871,94532420000000,94532420108625,94532425667875,5559250,5667875,108625,94532430000000,0,0,0
1,3872,94532430000000,94532430105750,94532435750375,5644625,5750375,105750,94532440000000,0,0,0
1,3873,94532440000000,94532440113000,94532445736250,5623250,5736250,113000,94532450000000,0,0,0
1,3874,94532450000000,94532450104000,94532455750375,5646375,5750375,104000,94532460000000,0,0,0
1,3875,94532460000000,94532460108625,94532465691125,5582500,5691125,108625,94532470000000,0,0,0
1,3876,94532470000000,94532470122250,94532475810500,5688250,5810500,122250,94532480000000,0,0,0
1,3877,94532480000000,94532480086500,94532485728375,5641875,5728375,86500,94532490000000,0,0,0
1,3878,94532490000000,94532490120125,94532495790125,5670000,5790125,120125,94532500000000,0,0,0
1,3879,94532500000000,94532500109250,94532505819250,5710000,5819250,109250,94532510000000,0,0,0
1,3880,94532510000000,94532510107125,94532515825250,5718125,5825250,107125,94532520000000,0,0,0
1,3881,94532520000000,94532520112125,94532525772000,5659875,5772000,112125,94532530000000,0,0,0
1,3882,94532530000000,94532530103750,94532535709375,5605625,5709375,103750,94532540000000,0,0,0
1,3883,94532540000000,94532540106875,94532545631500,5524625,5631500,106875,94532550000000,0,0,0
1,3884,94532550000000,94532550103500,94532555746625,5643125,5746625,103500,94532560000000,0,0,0
1,3885,94532560000000,94532560100750,94532565739250,5638500,5739250,100750,94532570000000,0,0,0
1,3886,94532570000000,94532570108625,94532575758875,5650250,5758875,108625,94532580000000,0,0,0
1,3887,94532580000000,94532580104375,94532585615125,5510750,5615125,104375,94532590000000,0,0,0
1,3888,94532590000000,94532590100500,94532595731250,5630750,5731250,100500,94532600000000,0,0,0
1,3889,94532600000000,94532600125000,94532606015625,5890625,6015625,125000,94532610000000,0,0,0
1,3890,94532610000000,94532610108500,94532615843750,5735250,5843750,108500,94532620000000,0,0,0
1,3891,94532620000000,94532620109250,94532625790125,5680875,5790125,109250,94532630000000,0,0,0
1,3892,94532630000000,94532630109625,94532635724750,5615125,5724750,109625,94532640000000,0,0,0
1,3893,94532640000000,94532640070625,94532645687250,5616625,5687250,70625,94532650000000,0,0,0
1,3894,94532650000000,94532650105000,94532655755250,5650250,5755250,105000,94532660000000,0,0,0
1,3895,94532660000000,94532660112375,94532665638625,5526250,5638625,112375,94532670000000,0,0,0
1,3896,94532670000000,94532670124875,94532675768625,5643750,5768625,124875,94532680000000,0,0,0
1,3897,94532680000000,94532680087750,94532685648375,5560625,5648375,87750,94532690000000,0,0,0
1,3898,94532690000000,94532690123625,94532695726500,5602875,5726500,123625,94532700000000,0,0,0
1,3899,94532700000000,94532700092000,94532705709875,5617875,5709875,92000,94532710000000,0,0,0
1,3900,94532710000000,94532710121000,94532715819875,5698875,5819875,121000,94532720000000,0,0,0
1,3901,94532720000000,94532720115000,94532725610375,5495375,5610375,115000,94532730000000,0,0,0
1,3902,94532730000000,94532730121125,94532735748625,5627500,5748625,121125,94532740000000,0,0,0
1,3903,94532740000000,94532740109125,94532745793125,5684000,5793125,109125,94532750000000,0,0,0
1,3904,94532750000000,94532750124625,94532755807000,5682375,5807000,124625,94532760000000,0,0,0
1,3905,94532760000000,94532760103875,94532765701875,5598000,5701875,103875,94532770000000,0,0,0
1,3906,94532770000000,94532770104250,94532775817750,5713500,5817750,104250,94532780000000,0,0,0
1,3907,94532780000000,94532780075625,94532785730875,5655250,5730875,75625,94532790000000,0,0,0
1,3908,94532790000000,94532790107625,94532795758125,5650500,5758125,107625,94532800000000,0,0,0
1,3909,94532800000000,94532800106500,94532805698500,5592000,5698500,106500,94532810000000,0,0,0
1,3910,94532810000000,94532810102500,94532815787500,5685000,5787500,102500,94532820000000,0,0,0
1,3911,94532820000000,94532820108375,94532825636000,5527625,5636000,108375,94532830000000,0,0,0
1,3912,94532830000000,94532830066250,94532835568375,5502125,5568375,66250,94532840000000,0,0,0
1,3913,94532840000000,94532840115125,94532846223250,6108125,6223250,115125,94532850000000,0,0,0
1,3914,94532850000000,94532850105625,94532855741500,5635875,5741500,105625,94532860000000,0,0,0
1,3915,94532860000000,94532860103750,94532865696625,5592875,5696625,103750,94532870000000,0,0,0
1,3916,94532870000000,94532870107875,94532875735625,5627750,5735625,107875,94532880000000,0,0,0
1,3917,94532880000000,94532880127500,94532885716250,5588750,5716250,127500,94532890000000,0,0,0
1,3918,94532890000000,94532890103125,94532895778500,5675375,5778500,103125,94532900000000,0,0,0
1,3919,94532900000000,94532900110500,94532905769375,5658875,5769375,110500,94532910000000,0,0,0
1,3920,94532910000000,94532910106500,94532915669750,5563250,5669750,106500,94532920000000,0,0,0
1,3921,94532920000000,94532920113625,94532925848250,5734625,5848250,113625,94532930000000,0,0,0
1,3922,94532930000000,94532930104875,94532935743000,5638125,5743000,104875,94532940000000,0,0,0
1,3923,94532940000000,94532940075000,94532945692250,5617250,5692250,75000,94532950000000,0,0,0
1,3924,94532950000000,94532950105500,94532955761875,5656375,5761875,105500,94532960000000,0,0,0
1,3925,94532960000000,94532960112250,94532965962250,5850000,5962250,112250,94532970000000,0,0,0
1,3926,94532970000000,94532970103375,94532975720875,5617500,5720875,103375,94532980000000,0,0,0
1,3927,94532980000000,94532980091125,94532985688750,5597625,5688750,91125,94532990000000,0,0,0
1,3928,94532990000000,94532990124000,94532995754000,5630000,5754000,124000,94533000000000,0,0,0
1,3929,94533000000000,94533000114125,94533005681625,5567500,5681625,114125,94533010000000,0,0,0
1,3930,94533010000000,94533010108375,94533015730250,5621875,5730250,108375,94533020000000,0,0,0
1,3931,94533020000000,94533020110250,94533025699000,5588750,5699000,110250,94533030000000,0,0,0
1,3932,94533030000000,94533030102250,94533035790750,5688500,5790750,102250,94533040000000,0,0,0
1,3933,94533040000000,94533040108250,94533045740750,5632500,5740750,108250,94533050000000,0,0,0
1,3934,94533050000000,94533050106875,94533055770625,5663750,5770625,106875,94533060000000,0,0,0
1,3935,94533060000000,94533060124625,94533065681375,5556750,5681375,124625,94533070000000,0,0,0
1,3936,94533070000000,94533070103375,94533075605125,5501750,5605125,103375,94533080000000,0,0,0
1,3937,94533080000000,94533080124750,94533085636875,5512125,5636875,124750,94533090000000,0,0,0
1,3938,94533090000000,94533090106625,94533095700125,5593500,5700125,106625,94533100000000,0,0,0
1,3939,94533100000000,94533100128375,94533106022750,5894375,6022750,128375,94533110000000,0,0,0
1,3940,94533110000000,94533110111125,94533115852000,5740875,5852000,111125,94533120000000,0,0,0
1,3941,94533120000000,94533120110625,94533125784375,5673750,5784375,110625,94533130000000,0,0,0
1,3942,94533130000000,94533130104875,94533135687500,5582625,5687500,104875,94533140000000,0,0,0
1,3943,94533140000000,94533140110625,94533145757750,5647125,5757750,110625,94533150000000,0,0,0
1,3944,94533150000000,94533150109375,94533155777625,5668250,5777625,109375,94533160000000,0,0,0
1,3945,94533160000000,94533160114000,94533165983500,5869500,5983500,114000,94533170000000,0,0,0
1,3946,94533170000000,94533170104500,94533175791625,5687125,5791625,104500,94533180000000,0,0,0
1,3947,94533180000000,94533180110000,94533185858500,5748500,5858500,110000,94533190000000,0,0,0
1,3948,94533190000000,94533190115125,94533195809750,5694625,5809750,115125,94533200000000,0,0,0
1,3949,94533200000000,94533200111500,94533205630000,5518500,5630000,111500,94533210000000,0,0,0
1,3950,94533210000000,94533210123750,94533215702125,5578375,5702125,123750,94533220000000,0,0,0
1,3951,94533220000000,94533220113250,94533225739125,5625875,5739125,113250,94533230000000,0,0,0
1,3952,94533230000000,94533230107500,94533235675500,5568000,5675500,107500,94533240000000,0,0,0
1,3953,94533240000000,94533240110875,94533245623125,5512250,5623125,110875,94533250000000,0,0,0
1,3954,94533250000000,94533250103250,94533255647625,5544375,5647625,103250,94533260000000,0,0,0
1,3955,94533260000000,94533260106625,94533265784500,5677875,5784500,106625,94533270000000,0,0,0
1,3956,94533270000000,94533270108500,94533275656125,5547625,5656125,108500,94533280000000,0,0,0
1,3957,94533280000000,94533280105125,94533285608500,5503375,5608500,105125,94533290000000,0,0,0
1,3958,94533290000000,94533290107375,94533295778125,5670750,5778125,107375,94533300000000,0,0,0
1,3959,94533300000000,94533300111000,94533305928000,5817000,5928000,111000,94533310000000,0,0,0
1,3960,94533310000000,94533310109875,94533315800375,5690500,5800375,109875,94533320000000,0,0,0
1,3961,94533320000000,94533320109250,94533325557125,5447875,5557125,109250,94533330000000,0,0,0
1,3962,94533330000000,94533330103250,94533335682625,5579375,5682625,103250,94533340000000,0,0,0
1,3963,94533340000000,94533340128125,94533345672375,5544250,5672375,128125,94533350000000,0,0,0
1,3964,94533350000000,94533350107375,94533355794625,5687250,5794625,107375,94533360000000,0,0,0
1,3965,94533360000000,94533360126500,94533365689750,5563250,5689750,126500,94533370000000,0,0,0
1,3966,94533370000000,94533370106375,94533375721625,5615250,5721625,106375,94533380000000,0,0,0
1,3967,94533380000000,94533380127750,94533385635750,5508000,5635750,127750,94533390000000,0,0,0
1,3968,94533390000000,94533390070750,94533395762750,5692000,5762750,70750,94533400000000,0,0,0
1,3969,94533400000000,94533400111500,94533405779250,5667750,5779250,111500,94533410000000,0,0,0
1,3970,94533410000000,94533410102250,94533415677125,5574875,5677125,102250,94533420000000,0,0,0
1,3971,94533420000000,94533420072375,94533425602250,5529875,5602250,72375,94533430000000,0,0,0
1,3972,94533430000000,94533430103625,94533435758625,5655000,5758625,103625,94533440000000,0,0,0
1,3973,94533440000000,94533440108500,94533445683625,5575125,5683625,108500,94533450000000,0,0,0
1,3974,94533450000000,94533450099875,94533455742500,5642625,5742500,99875,94533460000000,0,0,0
1,3975,94533460000000,94533460111125,94533465668500,5557375,5668500,111125,94533470000000,0,0,0
1,3976,94533470000000,94533470124500,94533475711750,5587250,5711750,124500,94533480000000,0,0,0
1,3977,94533480000000,94533480112500,94533485794875,5682375,5794875,112500,94533490000000,0,0,0
1,3978,94533490000000,94533490124750,94533495688750,5564000,5688750,124750,94533500000000,0,0,0
1,3979,94533500000000,94533500106125,94533505737375,5631250,5737375,106125,94533510000000,0,0,0
1,3980,94533510000000,94533510122375,94533515652875,5530500,5652875,122375,94533520000000,0,0,0
1,3981,94533520000000,94533520109250,94533525721125,5611875,5721125,109250,94533530000000,0,0,0
1,3982,94533530000000,94533530106875,94533535753625,5646750,5753625,106875,94533540000000,0,0,0
1,3983,94533540000000,94533540086500,94533545683000,5596500,5683000,86500,94533550000000,0,0,0
1,3984,94533550000000,94533550108875,94533555728875,5620000,5728875,108875,94533560000000,0,0,0
1,3985,94533560000000,94533560106750,94533565745125,5638375,5745125,106750,94533570000000,0,0,0
1,3986,94533570000000,94533570105625,94533575643125,5537500,5643125,105625,94533580000000,0,0,0
1,3987,94533580000000,94533580130375,94533585791750,5661375,5791750,130375,94533590000000,0,0,0
1,3988,94533590000000,94533590109625,94533595859000,5749375,5859000,109625,94533600000000,0,0,0
1,3989,94533600000000,94533600128000,94533605716125,5588125,5716125,128000,94533610000000,0,0,0
1,3990,94533610000000,94533610106625,94533615741250,5634625,5741250,106625,94533620000000,0,0,0
1,3991,94533620000000,94533620110125,94533625927500,5817375,5927500,110125,94533630000000,0,0,0
1,3992,94533630000000,94533630111000,94533635709750,5598750,5709750,111000,94533640000000,0,0,0
1,3993,94533640000000,94533640108000,94533645694500,5586500,5694500,108000,94533650000000,0,0,0
1,3994,94533650000000,94533650101625,94533655692750,5591125,5692750,101625,94533660000000,0,0,0
1,3995,94533660000000,94533660096125,94533665628625,5532500,5628625,96125,94533670000000,0,0,0
1,3996,94533670000000,94533670123375,94533675781125,5657750,5781125,123375,94533680000000,0,0,0
1,3997,94533680000000,94533680113250,94533685931500,5818250,5931500,113250,94533690000000,0,0,0
1,3998,94533690000000,94533690127125,94533695799000,5671875,5799000,127125,94533700000000,0,0,0
1,3999,94533700000000,94533700116000,94533706122125,6006125,6122125,116000,94533710000000,0,0,0
1,4000,94533710000000,94533710104875,94533715826875,5722000,5826875,104875,94533720000000,0,0,0
1,4001,94533720000000,94533720109375,94533725849250,5739875,5849250,109375,94533730000000,0,0,0
1,4002,94533730000000,94533730106750,94533735701375,5594625,5701375,106750,94533740000000,0,0,0
1,4003,94533740000000,94533740104875,94533745785625,5680750,5785625,104875,94533750000000,0,0,0
1,4004,94533750000000,94533750103750,94533755730125,5626375,5730125,103750,94533760000000,0,0,0
1,4005,94533760000000,94533760103000,94533765769875,5666875,5769875,103000,94533770000000,0,0,0
1,4006,94533770000000,94533770104875,94533775868375,5763500,5868375,104875,94533780000000,0,0,0
1,4007,94533780000000,94533780107125,94533785614375,5507250,5614375,107125,94533790000000,0,0,0
1,4008,94533790000000,94533790104875,94533795741000,5636125,5741000,104875,94533800000000,0,0,0
1,4009,94533800000000,94533800077625,94533805625625,5548000,5625625,77625,94533810000000,0,0,0
1,4010,94533810000000,94533810106500,94533815841875,5735375,5841875,106500,94533820000000,0,0,0
1,4011,94533820000000,94533820102875,94533825722000,5619125,5722000,102875,94533830000000,0,0,0
1,4012,94533830000000,94533830110375,94533835711625,5601250,5711625,110375,94533840000000,0,0,0
1,4013,94533840000000,94533840112375,94533845666875,5554500,5666875,112375,94533850000000,0,0,0
1,4014,94533850000000,94533850100000,94533855813375,5713375,5813375,100000,94533860000000,0,0,0
1,4015,94533860000000,94533860104750,94533865680750,5576000,5680750,104750,94533870000000,0,0,0
1,4016,94533870000000,94533870104375,94533875832250,5727875,5832250,104375,94533880000000,0,0,0
1,4017,94533880000000,94533880111125,94533885681250,5570125,5681250,111125,94533890000000,0,0,0
1,4018,94533890000000,94533890098875,94533895774750,5675875,5774750,98875,94533900000000,0,0,0
1,4019,94533900000000,94533900114250,94533905692500,5578250,5692500,114250,94533910000000,0,0,0
1,4020,94533910000000,94533910099375,94533915786750,5687375,5786750,99375,94533920000000,0,0,0
1,4021,94533920000000,94533920111375,94533925587375,5476000,5587375,111375,94533930000000,0,0,0
1,4022,94533930000000,94533930122000,94533935785000,5663000,5785000,122000,94533940000000,0,0,0
1,4023,94533940000000,94533940112625,94533945735125,5622500,5735125,112625,94533950000000,0,0,0
1,4024,94533950000000,94533950083875,94533955744625,5660750,5744625,83875,94533960000000,0,0,0
1,4025,94533960000000,94533960111375,94533965760250,5648875,5760250,111375,94533970000000,0,0,0
1,4026,94533970000000,94533970108375,94533975788125,5679750,5788125,108375,94533980000000,0,0,0
1,4027,94533980000000,94533980113125,94533985842750,5729625,5842750,113125,94533990000000,0,0,0
1,4028,94533990000000,94533990104375,94533995766125,5661750,5766125,104375,94534000000000,0,0,0
1,4029,94534000000000,94534000087875,94534005805875,5718000,5805875,87875,94534010000000,0,0,0
1,4030,94534010000000,94534010110000,94534015880750,5770750,5880750,110000,94534020000000,0,0,0
1,4031,94534020000000,94534020105750,94534025595000,5489250,5595000,105750,94534030000000,0,0,0
1,4032,94534030000000,94534030109250,94534035648125,5538875,5648125,109250,94534040000000,0,0,0
1,4033,94534040000000,94534040128250,94534045729875,5601625,5729875,128250,94534050000000,0,0,0
1,4034,94534050000000,94534050107500,94534055662750,5555250,5662750,107500,94534060000000,0,0,0
1,4035,94534060000000,94534060110250,94534065777250,5667000,5777250,110250,94534070000000,0,0,0
1,4036,94534070000000,94534070106750,94534075717500,5610750,5717500,106750,94534080000000,0,0,0
1,4037,94534080000000,94534080106125,94534085643000,5536875,5643000,106125,94534090000000,0,0,0
1,4038,94534090000000,94534090102125,94534095819375,5717250,5819375,102125,94534100000000,0,0,0
1,4039,94534100000000,94534100109875,94534106046125,5936250,6046125,109875,94534110000000,0,0,0
1,4040,94534110000000,94534110105500,94534115774625,5669125,5774625,105500,94534120000000,0,0,0
1,4041,94534120000000,94534120108750,94534125675875,5567125,5675875,108750,94534130000000,0,0,0
1,4042,94534130000000,94534130124875,94534135712500,5587625,5712500,124875,94534140000000,0,0,0
1,4043,94534140000000,94534140110375,94534145597875,5487500,5597875,110375,94534150000000,0,0,0
1,4044,94534150000000,94534150104375,94534155791250,5686875,5791250,104375,94534160000000,0,0,0
1,4045,94534160000000,94534160112125,94534165690750,5578625,5690750,112125,94534170000000,0,0,0
1,4046,94534170000000,94534170108125,94534175780125,5672000,5780125,108125,94534180000000,0,0,0
1,4047,94534180000000,94534180114375,94534186022875,5908500,6022875,114375,94534190000000,0,0,0
1,4048,94534190000000,94534190110500,94534195935000,5824500,5935000,110500,94534200000000,0,0,0
1,4049,94534200000000,94534200093375,94534205849750,5756375,5849750,93375,94534210000000,0,0,0
1,4050,94534210000000,94534210099500,94534215800125,5700625,5800125,99500,94534220000000,0,0,0
1,4051,94534220000000,94534220105000,94534225821625,5716625,5821625,105000,94534230000000,0,0,0
1,4052,94534230000000,94534230108125,94534235717250,5609125,5717250,108125,94534240000000,0,0,0
1,4053,94534240000000,94534240128500,94534245767750,5639250,5767750,128500,94534250000000,0,0,0
1,4054,94534250000000,94534250108000,94534255732125,5624125,5732125,108000,94534260000000,0,0,0
1,4055,94534260000000,94534260127250,94534266013500,5886250,6013500,127250,94534270000000,0,0,0
1,4056,94534270000000,94534270107500,94534275755750,5648250,5755750,107500,94534280000000,0,0,0
1,4057,94534280000000,94534280110875,94534285836125,5725250,5836125,110875,94534290000000,0,0,0
1,4058,94534290000000,94534290110250,94534295839500,5729250,5839500,110250,94534300000000,0,0,0
1,4059,94534300000000,94534300108375,94534305796000,5687625,5796000,108375,94534310000000,0,0,0
1,4060,94534310000000,94534310099125,94534315779750,5680625,5779750,99125,94534320000000,0,0,0
1,4061,94534320000000,94534320111000,94534325867500,5756500,5867500,111000,94534330000000,0,0,0
1,4062,94534330000000,94534330100500,94534335804625,5704125,5804625,100500,94534340000000,0,0,0
1,4063,94534340000000,94534340105875,94534345837250,5731375,5837250,105875,94534350000000,0,0,0
1,4064,94534350000000,94534350121125,94534355711000,5589875,5711000,121125,94534360000000,0,0,0
1,4065,94534360000000,94534360112375,94534365729000,5616625,5729000,112375,94534370000000,0,0,0
1,4066,94534370000000,94534370095500,94534375805750,5710250,5805750,95500,94534380000000,0,0,0
1,4067,94534380000000,94534380112375,94534385807375,5695000,5807375,112375,94534390000000,0,0,0
1,4068,94534390000000,94534390113125,94534395904875,5791750,5904875,113125,94534400000000,0,0,0
1,4069,94534400000000,94534400114125,94534405982125,5868000,5982125,114125,94534410000000,0,0,0
1,4070,94534410000000,94534410068375,94534415790125,5721750,5790125,68375,94534420000000,0,0,0
1,4071,94534420000000,94534420109250,94534425662125,5552875,5662125,109250,94534430000000,0,0,0
1,4072,94534430000000,94534430110625,94534435793875,5683250,5793875,110625,94534440000000,0,0,0
1,4073,94534440000000,94534440125375,94534445697500,5572125,5697500,125375,94534450000000,0,0,0
1,4074,94534450000000,94534450107750,94534455760000,5652250,5760000,107750,94534460000000,0,0,0
1,4075,94534460000000,94534460129500,94534465787750,5658250,5787750,129500,94534470000000,0,0,0
1,4076,94534470000000,94534470110375,94534475667375,5557000,5667375,110375,94534480000000,0,0,0
1,4077,94534480000000,94534480111875,94534485655000,5543125,5655000,111875,94534490000000,0,0,0
1,4078,94534490000000,94534490105625,94534495853625,5748000,5853625,105625,94534500000000,0,0,0
1,4079,94534500000000,94534500113250,94534505695000,5581750,5695000,113250,94534510000000,0,0,0
1,4080,94534510000000,94534510109000,94534515785500,5676500,5785500,109000,94534520000000,0,0,0
1,4081,94534520000000,94534520107375,94534525664375,5557000,5664375,107375,94534530000000,0,0,0
1,4082,94534530000000,94534530098625,94534535722375,5623750,5722375,98625,94534540000000,0,0,0
1,4083,94534540000000,94534540113750,94534545723875,5610125,5723875,113750,94534550000000,0,0,0
1,4084,94534550000000,94534550100125,94534555722250,5622125,5722250,100125,94534560000000,0,0,0
1,4085,94534560000000,94534560111875,94534565561250,5449375,5561250,111875,94534570000000,0,0,0
1,4086,94534570000000,94534570121000,94534575708000,5587000,5708000,121000,94534580000000,0,0,0
1,4087,94534580000000,94534580114000,94534585768000,5654000,5768000,114000,94534590000000,0,0,0
1,4088,94534590000000,94534590123375,94534595733000,5609625,5733000,123375,94534600000000,0,0,0
1,4089,94534600000000,94534600106375,94534605687625,5581250,5687625,106375,94534610000000,0,0,0
1,4090,94534610000000,94534610108500,94534615795000,5686500,5795000,108500,94534620000000,0,0,0
1,4091,94534620000000,94534620112875,94534625662875,5550000,5662875,112875,94534630000000,0,0,0
1,4092,94534630000000,94534630103375,94534635716375,5613000,5716375,103375,94534640000000,0,0,0
1,4093,94534640000000,94534640109125,94534645741625,5632500,5741625,109125,94534650000000,0,0,0
1,4094,94534650000000,94534650108000,94534655798875,5690875,5798875,108000,94534660000000,0,0,0
1,4095,94534660000000,94534660106625,94534665836250,5729625,5836250,106625,94534670000000,0,0,0
1,4096,94534670000000,94534670108000,94534676164625,6056625,6164625,108000,94534680000000,0,0,0
1,4097,94534680000000,94534680094125,94534686091375,5997250,6091375,94125,94534690000000,0,0,0
1,4098,94534690000000,94534690093000,94534696052500,5959500,6052500,93000,94534700000000,0,0,0
1,4099,94534700000000,94534700118000,94534705870500,5752500,5870500,118000,94534710000000,0,0,0
1,4100,94534710000000,94534710107125,94534715813375,5706250,5813375,107125,94534720000000,0,0,0
1,4101,94534720000000,94534720126500,94534725854000,5727500,5854000,126500,94534730000000,0,0,0
1,4102,94534730000000,94534730110375,94534735833875,5723500,5833875,110375,94534740000000,0,0,0
1,4103,94534740000000,94534740107250,94534745676750,5569500,5676750,107250,94534750000000,0,0,0
1,4104,94534750000000,94534750072125,94534755774000,5701875,5774000,72125,94534760000000,0,0,0
1,4105,94534760000000,94534760111125,94534765826625,5715500,5826625,111125,94534770000000,0,0,0
1,4106,94534770000000,94534770105375,94534775722250,5616875,5722250,105375,94534780000000,0,0,0
1,4107,94534780000000,94534780110500,94534785713250,5602750,5713250,110500,94534790000000,0,0,0
1,4108,94534790000000,94534790107000,94534795727375,5620375,5727375,107000,94534800000000,0,0,0
1,4109,94534800000000,94534800111875,94534805899875,5788000,5899875,111875,94534810000000,0,0,0
1,4110,94534810000000,94534810103625,94534816076625,5973000,6076625,103625,94534820000000,0,0,0
1,4111,94534820000000,94534820334000,94534826139750,5805750,6139750,334000,94534830000000,0,0,0
1,4112,94534830000000,94534830106125,94534835885000,5778875,5885000,106125,94534840000000,0,0,0
1,4113,94534840000000,94534840109125,94534845852375,5743250,5852375,109125,94534850000000,0,0,0
1,4114,94534850000000,94534850129625,94534855706750,5577125,5706750,129625,94534860000000,0,0,0
1,4115,94534860000000,94534860108875,94534865733250,5624375,5733250,108875,94534870000000,0,0,0
1,4116,94534870000000,94534870106000,94534875803500,5697500,5803500,106000,94534880000000,0,0,0
1,4117,94534880000000,94534880113500,94534885757375,5643875,5757375,113500,94534890000000,0,0,0
1,4118,94534890000000,94534890110000,94534895797375,5687375,5797375,110000,94534900000000,0,0,0
1,4119,94534900000000,94534900114875,94534905750750,5635875,5750750,114875,94534910000000,0,0,0
1,4120,94534910000000,94534910103875,94534915767375,5663500,5767375,103875,94534920000000,0,0,0
1,4121,94534920000000,94534920103125,94534925676375,5573250,5676375,103125,94534930000000,0,0,0
1,4122,94534930000000,94534930107250,94534935756750,5649500,5756750,107250,94534940000000,0,0,0
1,4123,94534940000000,94534940157000,94534945759375,5602375,5759375,157000,94534950000000,0,0,0
1,4124,94534950000000,94534950112250,94534955865125,5752875,5865125,112250,94534960000000,0,0,0
1,4125,94534960000000,94534960131875,94534965872250,5740375,5872250,131875,94534970000000,0,0,0
1,4126,94534970000000,94534970108875,94534975786750,5677875,5786750,108875,94534980000000,0,0,0
1,4127,94534980000000,94534980107875,94534985743000,5635125,5743000,107875,94534990000000,0,0,0
1,4128,94534990000000,94534990104500,94534995694625,5590125,5694625,104500,94535000000000,0,0,0
1,4129,94535000000000,94535000110375,94535005943625,5833250,5943625,110375,94535010000000,0,0,0
1,4130,94535010000000,94535010104375,94535015737375,5633000,5737375,104375,94535020000000,0,0,0
1,4131,94535020000000,94535020094625,94535025957500,5862875,5957500,94625,94535030000000,0,0,0
1,4132,94535030000000,94535030100000,94535035824125,5724125,5824125,100000,94535040000000,0,0,0
1,4133,94535040000000,94535040112875,94535045944375,5831500,5944375,112875,94535050000000,0,0,0
1,4134,94535050000000,94535050122250,94535055778250,5656000,5778250,122250,94535060000000,0,0,0
1,4135,94535060000000,94535060111375,94535065749000,5637625,5749000,111375,94535070000000,0,0,0
1,4136,94535070000000,94535070121625,94535075682125,5560500,5682125,121625,94535080000000,0,0,0
1,4137,94535080000000,94535080109625,94535085648750,5539125,5648750,109625,94535090000000,0,0,0
1,4138,94535090000000,94535090108000,94535095728750,5620750,5728750,108000,94535100000000,0,0,0
1,4139,94535100000000,94535100109625,94535105642000,5532375,5642000,109625,94535110000000,0,0,0
1,4140,94535110000000,94535110106250,94535115669875,5563625,5669875,106250,94535120000000,0,0,0
1,4141,94535120000000,94535120113375,94535125802375,5689000,5802375,113375,94535130000000,0,0,0
1,4142,94535130000000,94535130106250,94535135828750,5722500,5828750,106250,94535140000000,0,0,0
1,4143,94535140000000,94535140111125,94535145760625,5649500,5760625,111125,94535150000000,0,0,0
1,4144,94535150000000,94535150105750,94535155787125,5681375,5787125,105750,94535160000000,0,0,0
1,4145,94535160000000,94535160105500,94535165680375,5574875,5680375,105500,94535170000000,0,0,0
1,4146,94535170000000,94535170103375,94535175710000,5606625,5710000,103375,94535180000000,0,0,0
1,4147,94535180000000,94535180125250,94535185679250,5554000,5679250,125250,94535190000000,0,0,0
1,4148,94535190000000,94535190105625,94535195694375,5588750,5694375,105625,94535200000000,0,0,0
1,4149,94535200000000,94535200124875,94535205722250,5597375,5722250,124875,94535210000000,0,0,0
1,4150,94535210000000,94535210111125,94535215651750,5540625,5651750,111125,94535220000000,0,0,0
1,4151,94535220000000,94535220110375,94535225666250,5555875,5666250,110375,94535230000000,0,0,0
1,4152,94535230000000,94535230097625,94535235746125,5648500,5746125,97625,94535240000000,0,0,0
1,4153,94535240000000,94535240107375,94535245941625,5834250,5941625,107375,94535250000000,0,0,0
1,4154,94535250000000,94535250107625,94535255887000,5779375,5887000,107625,94535260000000,0,0,0
1,4155,94535260000000,94535260109875,94535265825500,5715625,5825500,109875,94535270000000,0,0,0
1,4156,94535270000000,94535270124375,94535275769000,5644625,5769000,124375,94535280000000,0,0,0
1,4157,94535280000000,94535280112500,94535286002625,5890125,6002625,112500,94535290000000,0,0,0
1,4158,94535290000000,94535290106375,94535295779500,5673125,5779500,106375,94535300000000,0,0,0
1,4159,94535300000000,94535300113125,94535305833500,5720375,5833500,113125,94535310000000,0,0,0
1,4160,94535310000000,94535310104625,94535315675500,5570875,5675500,104625,94535320000000,0,0,0
1,4161,94535320000000,94535320106375,94535325629875,5523500,5629875,106375,94535330000000,0,0,0
1,4162,94535330000000,94535330106750,94535335742125,5635375,5742125,106750,94535340000000,0,0,0
1,4163,94535340000000,94535340104250,94535345738250,5634000,5738250,104250,94535350000000,0,0,0
1,4164,94535350000000,94535350104250,94535355776375,5672125,5776375,104250,94535360000000,0,0,0
1,4165,94535360000000,94535360102250,94535365600000,5497750,5600000,102250,94535370000000,0,0,0
1,4166,94535370000000,94535370108875,94535375785750,5676875,5785750,108875,94535380000000,0,0,0
1,4167,94535380000000,94535380103750,94535385799625,5695875,5799625,103750,94535390000000,0,0,0
1,4168,94535390000000,94535390108250,94535395761250,5653000,5761250,108250,94535400000000,0,0,0
1,4169,94535400000000,94535400125875,94535405972750,5846875,5972750,125875,94535410000000,0,0,0
1,4170,94535410000000,94535410111000,94535415875875,5764875,5875875,111000,94535420000000,0,0,0
1,4171,94535420000000,94535420126125,94535425718875,5592750,5718875,126125,94535430000000,0,0,0
1,4172,94535430000000,94535430069500,94535435622000,5552500,5622000,69500,94535440000000,0,0,0
1,4173,94535440000000,94535440129750,94535445711125,5581375,5711125,129750,94535450000000,0,0,0
1,4174,94535450000000,94535450109250,94535455769250,5660000,5769250,109250,94535460000000,0,0,0
1,4175,94535460000000,94535460109250,94535465829875,5720625,5829875,109250,94535470000000,0,0,0
1,4176,94535470000000,94535470110125,94535475712125,5602000,5712125,110125,94535480000000,0,0,0
1,4177,94535480000000,94535480107125,94535485723375,5616250,5723375,107125,94535490000000,0,0,0
1,4178,94535490000000,94535490104375,94535495691750,5587375,5691750,104375,94535500000000,0,0,0
1,4179,94535500000000,94535500107875,94535505746750,5638875,5746750,107875,94535510000000,0,0,0
1,4180,94535510000000,94535510108500,94535515816750,5708250,5816750,108500,94535520000000,0,0,0
1,4181,94535520000000,94535520107375,94535525730375,5623000,5730375,107375,94535530000000,0,0,0
1,4182,94535530000000,94535530104500,94535535749375,5644875,5749375,104500,94535540000000,0,0,0
1,4183,94535540000000,94535540108625,94535545574875,5466250,5574875,108625,94535550000000,0,0,0
1,4184,94535550000000,94535550118250,94535555726000,5607750,5726000,118250,94535560000000,0,0,0
1,4185,94535560000000,94535560114250,94535565669500,5555250,5669500,114250,94535570000000,0,0,0
1,4186,94535570000000,94535570120000,94535575762000,5642000,5762000,120000,94535580000000,0,0,0
1,4187,94535580000000,94535580115125,94535585749125,5634000,5749125,115125,94535590000000,0,0,0
1,4188,94535590000000,94535590124625,94535595742375,5617750,5742375,124625,94535600000000,0,0,0
1,4189,94535600000000,94535600112000,94535605685875,5573875,5685875,112000,94535610000000,0,0,0
1,4190,94535610000000,94535610110625,94535615731375,5620750,5731375,110625,94535620000000,0,0,0
1,4191,94535620000000,94535620113375,94535625727875,5614500,5727875,113375,94535630000000,0,0,0
1,4192,94535630000000,94535630106625,94535635775625,5669000,5775625,106625,94535640000000,0,0,0
1,4193,94535640000000,94535640103875,94535645701250,5597375,5701250,103875,94535650000000,0,0,0
1,4194,94535650000000,94535650106125,94535655756625,5650500,5756625,106125,94535660000000,0,0,0
1,4195,94535660000000,94535660128000,94535665828625,5700625,5828625,128000,94535670000000,0,0,0
1,4196,94535670000000,94535670112250,94535675732625,5620375,5732625,112250,94535680000000,0,0,0
1,4197,94535680000000,94535680111500,94535685770125,5658625,5770125,111500,94535690000000,0,0,0
1,4198,94535690000000,94535690105625,94535695705125,5599500,5705125,105625,94535700000000,0,0,0
1,4199,94535700000000,94535700111625,94535705622875,5511250,5622875,111625,94535710000000,0,0,0
1,4200,94535710000000,94535710065125,94535715702000,5636875,5702000,65125,94535720000000,0,0,0
1,4201,94535720000000,94535720115750,94535726148375,6032625,6148375,115750,94535730000000,0,0,0
1,4202,94535730000000,94535730105875,94535735831125,5725250,5831125,105875,94535740000000,0,0,0
1,4203,94535740000000,94535740107875,94535745840125,5732250,5840125,107875,94535750000000,0,0,0
1,4204,94535750000000,94535750101625,94535755670375,5568750,5670375,101625,94535760000000,0,0,0
1,4205,94535760000000,94535760112125,94535765674250,5562125,5674250,112125,94535770000000,0,0,0
1,4206,94535770000000,94535770124875,94535775804875,5680000,5804875,124875,94535780000000,0,0,0
1,4207,94535780000000,94535780112250,94535785697875,5585625,5697875,112250,94535790000000,0,0,0
1,4208,94535790000000,94535790106250,94535795827375,5721125,5827375,106250,94535800000000,0,0,0
1,4209,94535800000000,94535800113000,94535805605250,5492250,5605250,113000,94535810000000,0,0,0
1,4210,94535810000000,94535810104750,94535815745625,5640875,5745625,104750,94535820000000,0,0,0
1,4211,94535820000000,94535820111000,94535826110625,5999625,6110625,111000,94535830000000,0,0,0
1,4212,94535830000000,94535830110375,94535835736750,5626375,5736750,110375,94535840000000,0,0,0
1,4213,94535840000000,94535840077500,94535845834375,5756875,5834375,77500,94535850000000,0,0,0
1,4214,94535850000000,94535850105625,94535855939875,5834250,5939875,105625,94535860000000,0,0,0
1,4215,94535860000000,94535860108875,94535865763500,5654625,5763500,108875,94535870000000,0,0,0
1,4216,94535870000000,94535870107250,94535875767750,5660500,5767750,107250,94535880000000,0,0,0
1,4217,94535880000000,94535880127875,94535885786125,5658250,5786125,127875,94535890000000,0,0,0
1,4218,94535890000000,94535890104375,94535895705500,5601125,5705500,104375,94535900000000,0,0,0
1,4219,94535900000000,94535900108250,94535905632750,5524500,5632750,108250,94535910000000,0,0,0
1,4220,94535910000000,94535910102875,94535915690375,5587500,5690375,102875,94535920000000,0,0,0
1,4221,94535920000000,94535920108875,94535925606875,5498000,5606875,108875,94535930000000,0,0,0
1,4222,94535930000000,94535930105000,94535935795750,5690750,5795750,105000,94535940000000,0,0,0
1,4223,94535940000000,94535940111875,94535945857375,5745500,5857375,111875,94535950000000,0,0,0
1,4224,94535950000000,94535950111750,94535955816500,5704750,5816500,111750,94535960000000,0,0,0
1,4225,94535960000000,94535960110875,94535965846000,5735125,5846000,110875,94535970000000,0,0,0
1,4226,94535970000000,94535970105375,94535975795625,5690250,5795625,105375,94535980000000,0,0,0
1,4227,94535980000000,94535980115375,94535985615875,5500500,5615875,115375,94535990000000,0,0,0
1,4228,94535990000000,94535990122000,94535995889500,5767500,5889500,122000,94536000000000,0,0,0
1,4229,94536000000000,94536000109875,94536005778625,5668750,5778625,109875,94536010000000,0,0,0
1,4230,94536010000000,94536010082125,94536015638875,5556750,5638875,82125,94536020000000,0,0,0
1,4231,94536020000000,94536020112125,94536025850125,5738000,5850125,112125,94536030000000,0,0,0
1,4232,94536030000000,94536030109375,94536035807625,5698250,5807625,109375,94536040000000,0,0,0
1,4233,94536040000000,94536040091875,94536045696375,5604500,5696375,91875,94536050000000,0,0,0
1,4234,94536050000000,94536050108500,94536055745000,5636500,5745000,108500,94536060000000,0,0,0
1,4235,94536060000000,94536060106625,94536065673500,5566875,5673500,106625,94536070000000,0,0,0
1,4236,94536070000000,94536070103375,94536075684125,5580750,5684125,103375,94536080000000,0,0,0
1,4237,94536080000000,94536080126500,94536085832250,5705750,5832250,126500,94536090000000,0,0,0
1,4238,94536090000000,94536090106375,94536095778625,5672250,5778625,106375,94536100000000,0,0,0
1,4239,94536100000000,94536100086500,94536105666125,5579625,5666125,86500,94536110000000,0,0,0
1,4240,94536110000000,94536110103250,94536115734625,5631375,5734625,103250,94536120000000,0,0,0
1,4241,94536120000000,94536120107750,94536125691375,5583625,5691375,107750,94536130000000,0,0,0
1,4242,94536130000000,94536130104375,94536135681000,5576625,5681000,104375,94536140000000,0,0,0
1,4243,94536140000000,94536140110500,94536145709125,5598625,5709125,110500,94536150000000,0,0,0
1,4244,94536150000000,94536150100500,94536155852125,5751625,5852125,100500,94536160000000,0,0,0
1,4245,94536160000000,94536160113125,94536165666750,5553625,5666750,113125,94536170000000,0,0,0
1,4246,94536170000000,94536170121875,94536175733250,5611375,5733250,121875,94536180000000,0,0,0
1,4247,94536180000000,94536180108875,94536185713250,5604375,5713250,108875,94536190000000,0,0,0
1,4248,94536190000000,94536190121875,94536195655250,5533375,5655250,121875,94536200000000,0,0,0
1,4249,94536200000000,94536200112125,94536205702750,5590625,5702750,112125,94536210000000,0,0,0
1,4250,94536210000000,94536210125625,94536215818500,5692875,5818500,125625,94536220000000,0,0,0
1,4251,94536220000000,94536220112875,94536225659000,5546125,5659000,112875,94536230000000,0,0,0
1,4252,94536230000000,94536230102250,94536235752625,5650375,5752625,102250,94536240000000,0,0,0
1,4253,94536240000000,94536240112250,94536245971000,5858750,5971000,112250,94536250000000,0,0,0
1,4254,94536250000000,94536250099750,94536255814125,5714375,5814125,99750,94536260000000,0,0,0
1,4255,94536260000000,94536260110125,94536265766625,5656500,5766625,110125,94536270000000,0,0,0
1,4256,94536270000000,94536270101000,94536275776875,5675875,5776875,101000,94536280000000,0,0,0
1,4257,94536280000000,94536280126250,94536285727000,5600750,5727000,126250,94536290000000,0,0,0
1,4258,94536290000000,94536290103000,94536295725750,5622750,5725750,103000,94536300000000,0,0,0
1,4259,94536300000000,94536300129625,94536305921875,5792250,5921875,129625,94536310000000,0,0,0
1,4260,94536310000000,94536310105875,94536315717625,5611750,5717625,105875,94536320000000,0,0,0
1,4261,94536320000000,94536320128125,94536325801875,5673750,5801875,128125,94536330000000,0,0,0
1,4262,94536330000000,94536330108875,94536335777000,5668125,5777000,108875,94536340000000,0,0,0
1,4263,94536340000000,94536340129000,94536345995500,5866500,5995500,129000,94536350000000,0,0,0
1,4264,94536350000000,94536350110750,94536355775375,5664625,5775375,110750,94536360000000,0,0,0
1,4265,94536360000000,94536360106125,94536365760625,5654500,5760625,106125,94536370000000,0,0,0
1,4266,94536370000000,94536370107250,94536375739000,5631750,5739000,107250,94536380000000,0,0,0
1,4267,94536380000000,94536380114625,94536385641250,5526625,5641250,114625,94536390000000,0,0,0
1,4268,94536390000000,94536390108500,94536395751375,5642875,5751375,108500,94536400000000,0,0,0
1,4269,94536400000000,94536400109750,94536405886875,5777125,5886875,109750,94536410000000,0,0,0
1,4270,94536410000000,94536410105875,94536415790875,5685000,5790875,105875,94536420000000,0,0,0
1,4271,94536420000000,94536420111125,94536425790250,5679125,5790250,111125,94536430000000,0,0,0
1,4272,94536430000000,94536430123500,94536435695125,5571625,5695125,123500,94536440000000,0,0,0
1,4273,94536440000000,94536440112500,94536445839375,5726875,5839375,112500,94536450000000,0,0,0
1,4274,94536450000000,94536450069875,94536455765875,5696000,5765875,69875,94536460000000,0,0,0
1,4275,94536460000000,94536460111500,94536465817125,5705625,5817125,111500,94536470000000,0,0,0
1,4276,94536470000000,94536470104375,94536475747250,5642875,5747250,104375,94536480000000,0,0,0
1,4277,94536480000000,94536480106875,94536485834750,5727875,5834750,106875,94536490000000,0,0,0
1,4278,94536490000000,94536490106500,94536495745250,5638750,5745250,106500,94536500000000,0,0,0
1,4279,94536500000000,94536500111625,94536505674500,5562875,5674500,111625,94536510000000,0,0,0
1,4280,94536510000000,94536510083500,94536515753375,5669875,5753375,83500,94536520000000,0,0,0
1,4281,94536520000000,94536520110375,94536525799625,5689250,5799625,110375,94536530000000,0,0,0
1,4282,94536530000000,94536530111625,94536535734500,5622875,5734500,111625,94536540000000,0,0,0
1,4283,94536540000000,94536540127500,94536545666125,5538625,5666125,127500,94536550000000,0,0,0
1,4284,94536550000000,94536550108875,94536556117625,6008750,6117625,108875,94536560000000,0,0,0
1,4285,94536560000000,94536560064625,94536565482125,5417500,5482125,64625,94536570000000,0,0,0
1,4286,94536570000000,94536570082500,94536575701375,5618875,5701375,82500,94536580000000,0,0,0
1,4287,94536580000000,94536580085125,94536585864375,5779250,5864375,85125,94536590000000,0,0,0
1,4288,94536590000000,94536590070375,94536595645875,5575500,5645875,70375,94536600000000,0,0,0
1,4289,94536600000000,94536600112500,94536605813875,5701375,5813875,112500,94536610000000,0,0,0
1,4290,94536610000000,94536610107750,94536615852125,5744375,5852125,107750,94536620000000,0,0,0
1,4291,94536620000000,94536620112500,94536626118250,6005750,6118250,112500,94536630000000,0,0,0
1,4292,94536630000000,94536630105875,94536635887250,5781375,5887250,105875,94536640000000,0,0,0
1,4293,94536640000000,94536640109625,94536645824250,5714625,5824250,109625,94536650000000,0,0,0
1,4294,94536650000000,94536650124500,94536655829625,5705125,5829625,124500,94536660000000,0,0,0
1,4295,94536660000000,94536660110375,94536665724000,5613625,5724000,110375,94536670000000,0,0,0
1,4296,94536670000000,94536670124625,94536675767750,5643125,5767750,124625,94536680000000,0,0,0
1,4297,94536680000000,94536680108750,94536685764375,5655625,5764375,108750,94536690000000,0,0,0
1,4298,94536690000000,94536690106000,94536695819125,5713125,5819125,106000,94536700000000,0,0,0
1,4299,94536700000000,94536700111375,94536705743750,5632375,5743750,111375,94536710000000,0,0,0
1,4300,94536710000000,94536710105625,94536715792125,5686500,5792125,105625,94536720000000,0,0,0
1,4301,94536720000000,94536720104875,94536725733000,5628125,5733000,104875,94536730000000,0,0,0
1,4302,94536730000000,94536730099125,94536735920125,5821000,5920125,99125,94536740000000,0,0,0
1,4303,94536740000000,94536740089375,94536745717375,5628000,5717375,89375,94536750000000,0,0,0
1,4304,94536750000000,94536750104750,94536755777250,5672500,5777250,104750,94536760000000,0,0,0
1,4305,94536760000000,94536760132000,94536765667125,5535125,5667125,132000,94536770000000,0,0,0
1,4306,94536770000000,94536770106625,94536775812625,5706000,5812625,106625,94536780000000,0,0,0
1,4307,94536780000000,94536780107125,94536785756375,5649250,5756375,107125,94536790000000,0,0,0
1,4308,94536790000000,94536790105125,94536795716375,5611250,5716375,105125,94536800000000,0,0,0
1,4309,94536800000000,94536800072375,94536805730750,5658375,5730750,72375,94536810000000,0,0,0
1,4310,94536810000000,94536810105000,94536815676250,5571250,5676250,105000,94536820000000,0,0,0
1,4311,94536820000000,94536820111125,94536825740750,5629625,5740750,111125,94536830000000,0,0,0
1,4312,94536830000000,94536830069125,94536835793625,5724500,5793625,69125,94536840000000,0,0,0
1,4313,94536840000000,94536840113625,94536845764875,5651250,5764875,113625,94536850000000,0,0,0
1,4314,94536850000000,94536850105000,94536855755750,5650750,5755750,105000,94536860000000,0,0,0
1,4315,94536860000000,94536860075000,94536865710250,5635250,5710250,75000,94536870000000,0,0,0
1,4316,94536870000000,94536870125250,94536875627000,5501750,5627000,125250,94536880000000,0,0,0
1,4317,94536880000000,94536880117750,94536885669750,5552000,5669750,117750,94536890000000,0,0,0
1,4318,94536890000000,94536890103375,94536895784625,5681250,5784625,103375,94536900000000,0,0,0
1,4319,94536900000000,94536900117125,94536906014625,5897500,6014625,117125,94536910000000,0,0,0
1,4320,94536910000000,94536910105125,94536915806375,5701250,5806375,105125,94536920000000,0,0,0
1,4321,94536920000000,94536920110875,94536925683875,5573000,5683875,110875,94536930000000,0,0,0
1,4322,94536930000000,94536930109750,94536935952750,5843000,5952750,109750,94536940000000,0,0,0
1,4323,94536940000000,94536940091625,94536945843750,5752125,5843750,91625,94536950000000,0,0,0
1,4324,94536950000000,94536950106125,94536955812750,5706625,5812750,106125,94536960000000,0,0,0
1,4325,94536960000000,94536960075500,94536965560000,5484500,5560000,75500,94536970000000,0,0,0
1,4326,94536970000000,94536970070125,94536975704750,5634625,5704750,70125,94536980000000,0,0,0
1,4327,94536980000000,94536980132000,94536985751750,5619750,5751750,132000,94536990000000,0,0,0
1,4328,94536990000000,94536990108375,94536995848125,5739750,5848125,108375,94537000000000,0,0,0
1,4329,94537000000000,94537000111125,94537005670875,5559750,5670875,111125,94537010000000,0,0,0
1,4330,94537010000000,94537010106125,94537015882000,5775875,5882000,106125,94537020000000,0,0,0
1,4331,94537020000000,94537020112375,94537025630250,5517875,5630250,112375,94537030000000,0,0,0
1,4332,94537030000000,94537030104500,94537035765500,5661000,5765500,104500,94537040000000,0,0,0
1,4333,94537040000000,94537040114750,94537045883000,5768250,5883000,114750,94537050000000,0,0,0
1,4334,94537050000000,94537050104750,94537055737375,5632625,5737375,104750,94537060000000,0,0,0
1,4335,94537060000000,94537060091125,94537065710125,5619000,5710125,91125,94537070000000,0,0,0
1,4336,94537070000000,94537070123375,94537075694625,5571250,5694625,123375,94537080000000,0,0,0
1,4337,94537080000000,94537080113000,94537085660750,5547750,5660750,113000,94537090000000,0,0,0
1,4338,94537090000000,94537090123875,94537095743875,5620000,5743875,123875,94537100000000,0,0,0
1,4339,94537100000000,94537100110500,94537105683875,5573375,5683875,110500,94537110000000,0,0,0
1,4340,94537110000000,94537110124250,94537115818375,5694125,5818375,124250,94537120000000,0,0,0
1,4341,94537120000000,94537120108000,94537125710750,5602750,5710750,108000,94537130000000,0,0,0
1,4342,94537130000000,94537130106125,94537135821875,5715750,5821875,106125,94537140000000,0,0,0
1,4343,94537140000000,94537140113000,94537145701125,5588125,5701125,113000,94537150000000,0,0,0
1,4344,94537150000000,94537150109750,94537155705125,5595375,5705125,109750,94537160000000,0,0,0
1,4345,94537160000000,94537160115250,94537166001625,5886375,6001625,115250,94537170000000,0,0,0
1,4346,94537170000000,94537170104875,94537175781000,5676125,5781000,104875,94537180000000,0,0,0
1,4347,94537180000000,94537180110625,94537186131750,6021125,6131750,110625,94537190000000,0,0,0
1,4348,94537190000000,94537190114625,94537195804000,5689375,5804000,114625,94537200000000,0,0,0
1,4349,94537200000000,94537200106875,94537205974625,5867750,5974625,106875,94537210000000,0,0,0
1,4350,94537210000000,94537210110500,94537216080625,5970125,6080625,110500,94537220000000,0,0,0
1,4351,94537220000000,94537220097500,94537225910125,5812625,5910125,97500,94537230000000,0,0,0
1,4352,94537230000000,94537230113750,94537235734250,5620500,5734250,113750,94537240000000,0,0,0
1,4353,94537240000000,94537240126875,94537245618625,5491750,5618625,126875,94537250000000,0,0,0
1,4354,94537250000000,94537250109500,94537255782875,5673375,5782875,109500,94537260000000,0,0,0
1,4355,94537260000000,94537260122875,94537265699500,5576625,5699500,122875,94537270000000,0,0,0
1,4356,94537270000000,94537270095375,94537275757875,5662500,5757875,95375,94537280000000,0,0,0
1,4357,94537280000000,94537280127750,94537285746250,5618500,5746250,127750,94537290000000,0,0,0
1,4358,94537290000000,94537290107375,94537295716250,5608875,5716250,107375,94537300000000,0,0,0
1,4359,94537300000000,94537300113125,94537305727375,5614250,5727375,113125,94537310000000,0,0,0
1,4360,94537310000000,94537310110875,94537315832000,5721125,5832000,110875,94537320000000,0,0,0
1,4361,94537320000000,94537320110875,94537325779125,5668250,5779125,110875,94537330000000,0,0,0
1,4362,94537330000000,94537330107125,94537335744375,5637250,5744375,107125,94537340000000,0,0,0
1,4363,94537340000000,94537340108500,94537345708500,5600000,5708500,108500,94537350000000,0,0,0
1,4364,94537350000000,94537350102125,94537355752250,5650125,5752250,102125,94537360000000,0,0,0
1,4365,94537360000000,94537360113000,94537366096375,5983375,6096375,113000,94537370000000,0,0,0
1,4366,94537370000000,94537370103000,94537375701875,5598875,5701875,103000,94537380000000,0,0,0
1,4367,94537380000000,94537380115875,94537385673750,5557875,5673750,115875,94537390000000,0,0,0
1,4368,94537390000000,94537390125250,94537395741000,5615750,5741000,125250,94537400000000,0,0,0
1,4369,94537400000000,94537400111875,94537405698750,5586875,5698750,111875,94537410000000,0,0,0
1,4370,94537410000000,94537410107750,94537415800875,5693125,5800875,107750,94537420000000,0,0,0
1,4371,94537420000000,94537420108625,94537425691125,5582500,5691125,108625,94537430000000,0,0,0
1,4372,94537430000000,94537430109875,94537435618750,5508875,5618750,109875,94537440000000,0,0,0
1,4373,94537440000000,94537440116625,94537445691125,5574500,5691125,116625,94537450000000,0,0,0
1,4374,94537450000000,94537450103500,94537455611000,5507500,5611000,103500,94537460000000,0,0,0
1,4375,94537460000000,94537460107875,94537465698125,5590250,5698125,107875,94537470000000,0,0,0
1,4376,94537470000000,94537470069250,94537475737625,5668375,5737625,69250,94537480000000,0,0,0
1,4377,94537480000000,94537480107250,94537485766375,5659125,5766375,107250,94537490000000,0,0,0
1,4378,94537490000000,94537490107125,94537495731125,5624000,5731125,107125,94537500000000,0,0,0
1,4379,94537500000000,94537500128000,94537505720375,5592375,5720375,128000,94537510000000,0,0,0
1,4380,94537510000000,94537510103125,94537515769875,5666750,5769875,103125,94537520000000,0,0,0
1,4381,94537520000000,94537520110500,94537525728625,5618125,5728625,110500,94537530000000,0,0,0
1,4382,94537530000000,94537530110625,94537535903000,5792375,5903000,110625,94537540000000,0,0,0
1,4383,94537540000000,94537540109625,94537545784125,5674500,5784125,109625,94537550000000,0,0,0
1,4384,94537550000000,94537550105500,94537555764875,5659375,5764875,105500,94537560000000,0,0,0
1,4385,94537560000000,94537560108375,94537565726250,5617875,5726250,108375,94537570000000,0,0,0
1,4386,94537570000000,94537570104625,94537575753500,5648875,5753500,104625,94537580000000,0,0,0
1,4387,94537580000000,94537580113500,94537585848250,5734750,5848250,113500,94537590000000,0,0,0
1,4388,94537590000000,94537590102500,94537595790250,5687750,5790250,102500,94537600000000,0,0,0
1,4389,94537600000000,94537600109500,94537605758125,5648625,5758125,109500,94537610000000,0,0,0
1,4390,94537610000000,94537610126625,94537615820500,5693875,5820500,126625,94537620000000,0,0,0
1,4391,94537620000000,94537620113625,94537625671250,5557625,5671250,113625,94537630000000,0,0,0
1,4392,94537630000000,94537630108875,94537635668375,5559500,5668375,108875,94537640000000,0,0,0
1,4393,94537640000000,94537640111125,94537645671625,5560500,5671625,111125,94537650000000,0,0,0
1,4394,94537650000000,94537650109250,94537655821750,5712500,5821750,109250,94537660000000,0,0,0
1,4395,94537660000000,94537660114375,94537665703750,5589375,5703750,114375,94537670000000,0,0,0
1,4396,94537670000000,94537670105125,94537675831375,5726250,5831375,105125,94537680000000,0,0,0
1,4397,94537680000000,94537680109125,94537685692000,5582875,5692000,109125,94537690000000,0,0,0
1,4398,94537690000000,94537690110125,94537695793750,5683625,5793750,110125,94537700000000,0,0,0
1,4399,94537700000000,94537700129625,94537705898500,5768875,5898500,129625,94537710000000,0,0,0
1,4400,94537710000000,94537710109750,94537715830125,5720375,5830125,109750,94537720000000,0,0,0
1,4401,94537720000000,94537720109500,94537725919500,5810000,5919500,109500,94537730000000,0,0,0
1,4402,94537730000000,94537730108625,94537735714875,5606250,5714875,108625,94537740000000,0,0,0
1,4403,94537740000000,94537740112375,94537745761000,5648625,5761000,112375,94537750000000,0,0,0
1,4404,94537750000000,94537750105750,94537755834500,5728750,5834500,105750,94537760000000,0,0,0
1,4405,94537760000000,94537760070375,94537765684125,5613750,5684125,70375,94537770000000,0,0,0
1,4406,94537770000000,94537770103625,94537775841250,5737625,5841250,103625,94537780000000,0,0,0
1,4407,94537780000000,94537780108750,94537785708250,5599500,5708250,108750,94537790000000,0,0,0
1,4408,94537790000000,94537790107250,94537795762750,5655500,5762750,107250,94537800000000,0,0,0
1,4409,94537800000000,94537800107000,94537805711125,5604125,5711125,107000,94537810000000,0,0,0
1,4410,94537810000000,94537810101375,94537815713625,5612250,5713625,101375,94537820000000,0,0,0
1,4411,94537820000000,94537820103500,94537825682500,5579000,5682500,103500,94537830000000,0,0,0
1,4412,94537830000000,94537830123000,94537835774875,5651875,5774875,123000,94537840000000,0,0,0
1,4413,94537840000000,94537840105000,94537845654875,5549875,5654875,105000,94537850000000,0,0,0
1,4414,94537850000000,94537850102375,94537855762250,5659875,5762250,102375,94537860000000,0,0,0
1,4415,94537860000000,94537860112000,94537865682625,5570625,5682625,112000,94537870000000,0,0,0
1,4416,94537870000000,94537870108000,94537875724250,5616250,5724250,108000,94537880000000,0,0,0
1,4417,94537880000000,94537880074125,94537885708625,5634500,5708625,74125,94537890000000,0,0,0
1,4418,94537890000000,94537890109750,94537895743375,5633625,5743375,109750,94537900000000,0,0,0
1,4419,94537900000000,94537900108875,94537905749375,5640500,5749375,108875,94537910000000,0,0,0
1,4420,94537910000000,94537910108500,94537915685000,5576500,5685000,108500,94537920000000,0,0,0
1,4421,94537920000000,94537920127875,94537925744750,5616875,5744750,127875,94537930000000,0,0,0
1,4422,94537930000000,94537930111250,94537935787375,5676125,5787375,111250,94537940000000,0,0,0
1,4423,94537940000000,94537940106250,94537945696500,5590250,5696500,106250,94537950000000,0,0,0
1,4424,94537950000000,94537950072500,94537955695500,5623000,5695500,72500,94537960000000,0,0,0
1,4425,94537960000000,94537960110500,94537965818125,5707625,5818125,110500,94537970000000,0,0,0
1,4426,94537970000000,94537970109125,94537975654250,5545125,5654250,109125,94537980000000,0,0,0
1,4427,94537980000000,94537980095000,94537985620125,5525125,5620125,95000,94537990000000,0,0,0
1,4428,94537990000000,94537990099750,94537995784500,5684750,5784500,99750,94538000000000,0,0,0
1,4429,94538000000000,94538000111000,94538005787875,5676875,5787875,111000,94538010000000,0,0,0
1,4430,94538010000000,94538010103125,94538015761500,5658375,5761500,103125,94538020000000,0,0,0
1,4431,94538020000000,94538020110750,94538025816000,5705250,5816000,110750,94538030000000,0,0,0
1,4432,94538030000000,94538030100750,94538036134750,6034000,6134750,100750,94538040000000,0,0,0
1,4433,94538040000000,94538040063000,94538046016125,5953125,6016125,63000,94538050000000,0,0,0
1,4434,94538050000000,94538050066250,94538056262625,6196375,6262625,66250,94538060000000,0,0,0
1,4435,94538060000000,94538060067875,94538066180875,6113000,6180875,67875,94538070000000,0,0,0
1,4436,94538070000000,94538070071750,94538076271250,6199500,6271250,71750,94538080000000,0,0,0
1,4437,94538080000000,94538080064875,94538086128500,6063625,6128500,64875,94538090000000,0,0,0
1,4438,94538090000000,94538090090750,94538096238625,6147875,6238625,90750,94538100000000,0,0,0
1,4439,94538100000000,94538100064375,94538106059625,5995250,6059625,64375,94538110000000,0,0,0
1,4440,94538110000000,94538110072000,94538116062000,5990000,6062000,72000,94538120000000,0,0,0
1,4441,94538120000000,94538120066375,94538126180875,6114500,6180875,66375,94538130000000,0,0,0
1,4442,94538130000000,94538130072625,94538136187875,6115250,6187875,72625,94538140000000,0,0,0
1,4443,94538140000000,94538140066000,94538146124125,6058125,6124125,66000,94538150000000,0,0,0
1,4444,94538150000000,94538150074125,94538155970000,5895875,5970000,74125,94538160000000,0,0,0
1,4445,94538160000000,94538160068375,94538166160375,6092000,6160375,68375,94538170000000,0,0,0
1,4446,94538170000000,94538170085625,94538175856000,5770375,5856000,85625,94538180000000,0,0,0
1,4447,94538180000000,94538180103750,94538185669000,5565250,5669000,103750,94538190000000,0,0,0
1,4448,94538190000000,94538190089250,94538195881125,5791875,5881125,89250,94538200000000,0,0,0
1,4449,94538200000000,94538200128250,94538205712750,5584500,5712750,128250,94538210000000,0,0,0
1,4450,94538210000000,94538210109750,94538215660375,5550625,5660375,109750,94538220000000,0,0,0
1,4451,94538220000000,94538220128500,94538225718500,5590000,5718500,128500,94538230000000,0,0,0
1,4452,94538230000000,94538230101750,94538235733250,5631500,5733250,101750,94538240000000,0,0,0
1,4453,94538240000000,94538240087000,94538245573375,5486375,5573375,87000,94538250000000,0,0,0
1,4454,94538250000000,94538250110000,94538255820125,5710125,5820125,110000,94538260000000,0,0,0
1,4455,94538260000000,94538260109000,94538265626375,5517375,5626375,109000,94538270000000,0,0,0
1,4456,94538270000000,94538270105125,94538275709500,5604375,5709500,105125,94538280000000,0,0,0
1,4457,94538280000000,94538280107500,94538285614750,5507250,5614750,107500,94538290000000,0,0,0
1,4458,94538290000000,94538290102625,94538295580125,5477500,5580125,102625,94538300000000,0,0,0
1,4459,94538300000000,94538300113125,94538305739250,5626125,5739250,113125,94538310000000,0,0,0
1,4460,94538310000000,94538310118875,94538315761500,5642625,5761500,118875,94538320000000,0,0,0
1,4461,94538320000000,94538320111500,94538325617500,5506000,5617500,111500,94538330000000,0,0,0
1,4462,94538330000000,94538330123875,94538335756875,5633000,5756875,123875,94538340000000,0,0,0
1,4463,94538340000000,94538340115500,94538345762750,5647250,5762750,115500,94538350000000,0,0,0
1,4464,94538350000000,94538350086000,94538355715875,5629875,5715875,86000,94538360000000,0,0,0
1,4465,94538360000000,94538360112500,94538365864375,5751875,5864375,112500,94538370000000,0,0,0
1,4466,94538370000000,94538370095625,94538375678375,5582750,5678375,95625,94538380000000,0,0,0
1,4467,94538380000000,94538380113875,94538385760000,5646125,5760000,113875,94538390000000,0,0,0
1,4468,94538390000000,94538390105000,94538395814000,5709000,5814000,105000,94538400000000,0,0,0
1,4469,94538400000000,94538400112250,94538405607750,5495500,5607750,112250,94538410000000,0,0,0
1,4470,94538410000000,94538410097750,94538415817125,5719375,5817125,97750,94538420000000,0,0,0
1,4471,94538420000000,94538420103000,94538425680500,5577500,5680500,103000,94538430000000,0,0,0
1,4472,94538430000000,94538430106375,94538435798000,5691625,5798000,106375,94538440000000,0,0,0
1,4473,94538440000000,94538440126625,94538445722250,5595625,5722250,126625,94538450000000,0,0,0
1,4474,94538450000000,94538450106375,94538455684750,5578375,5684750,106375,94538460000000,0,0,0
1,4475,94538460000000,94538460126250,94538465591750,5465500,5591750,126250,94538470000000,0,0,0
1,4476,94538470000000,94538470096750,94538475817250,5720500,5817250,96750,94538480000000,0,0,0
1,4477,94538480000000,94538480108625,94538485720875,5612250,5720875,108625,94538490000000,0,0,0
1,4478,94538490000000,94538490068625,94538495782500,5713875,5782500,68625,94538500000000,0,0,0
1,4479,94538500000000,94538500107750,94538505631375,5523625,5631375,107750,94538510000000,0,0,0
1,4480,94538510000000,94538510101500,94538515621250,5519750,5621250,101500,94538520000000,0,0,0
1,4481,94538520000000,94538520112000,94538525786625,5674625,5786625,112000,94538530000000,0,0,0
1,4482,94538530000000,94538530068625,94538536192875,6124250,6192875,68625,94538540000000,0,0,0
1,4483,94538540000000,94538540065375,94538545721875,5656500,5721875,65375,94538550000000,0,0,0
1,4484,94538550000000,94538550093875,94538555886375,5792500,5886375,93875,94538560000000,0,0,0
1,4485,94538560000000,94538560086750,94538565861375,5774625,5861375,86750,94538570000000,0,0,0
1,4486,94538570000000,94538570078250,94538575753875,5675625,5753875,78250,94538580000000,0,0,0
1,4487,94538580000000,94538580087750,94538585581375,5493625,5581375,87750,94538590000000,0,0,0
1,4488,94538590000000,94538590081875,94538595343000,5261125,5343000,81875,94538600000000,0,0,0
1,4489,94538600000000,94538600091125,94538605666000,5574875,5666000,91125,94538610000000,0,0,0
1,4490,94538610000000,94538610091125,94538615387250,5296125,5387250,91125,94538620000000,0,0,0
1,4491,94538620000000,94538620077375,94538625654500,5577125,5654500,77375,94538630000000,0,0,0
1,4492,94538630000000,94538630089625,94538635653500,5563875,5653500,89625,94538640000000,0,0,0
1,4493,94538640000000,94538640090625,94538645648375,5557750,5648375,90625,94538650000000,0,0,0
1,4494,94538650000000,94538650088625,94538655589375,5500750,5589375,88625,94538660000000,0,0,0
1,4495,94538660000000,94538660098375,94538665487875,5389500,5487875,98375,94538670000000,0,0,0
1,4496,94538670000000,94538670090000,94538675632875,5542875,5632875,90000,94538680000000,0,0,0
1,4497,94538680000000,94538680091375,94538685430250,5338875,5430250,91375,94538690000000,0,0,0
1,4498,94538690000000,94538690086250,94538695420750,5334500,5420750,86250,94538700000000,0,0,0
1,4499,94538700000000,94538700093750,94538705402375,5308625,5402375,93750,94538710000000,0,0,0
1,4500,94538710000000,94538710084750,94538715657750,5573000,5657750,84750,94538720000000,0,0,0
1,4501,94538720000000,94538720072375,94538725265500,5193125,5265500,72375,94538730000000,0,0,0
1,4502,94538730000000,94538730084875,94538735687375,5602500,5687375,84875,94538740000000,0,0,0
1,4503,94538740000000,94538740068750,94538745833750,5765000,5833750,68750,94538750000000,0,0,0
1,4504,94538750000000,94538750065875,94538756172250,6106375,6172250,65875,94538760000000,0,0,0
1,4505,94538760000000,94538760065125,94538766049000,5983875,6049000,65125,94538770000000,0,0,0
1,4506,94538770000000,94538770062500,94538775544250,5481750,5544250,62500,94538780000000,0,0,0
1,4507,94538780000000,94538780077250,94538785756750,5679500,5756750,77250,94538790000000,0,0,0
1,4508,94538790000000,94538790107750,94538795695875,5588125,5695875,107750,94538800000000,0,0,0
1,4509,94538800000000,94538800066000,94538806053125,5987125,6053125,66000,94538810000000,0,0,0
1,4510,94538810000000,94538810064750,94538815657875,5593125,5657875,64750,94538820000000,0,0,0
1,4511,94538820000000,94538820080000,94538825478875,5398875,5478875,80000,94538830000000,0,0,0
1,4512,94538830000000,94538830087125,94538835778875,5691750,5778875,87125,94538840000000,0,0,0
1,4513,94538840000000,94538840086375,94538845571625,5485250,5571625,86375,94538850000000,0,0,0
1,4514,94538850000000,94538850074375,94538855643250,5568875,5643250,74375,94538860000000,0,0,0
1,4515,94538860000000,94538860088875,94538865595750,5506875,5595750,88875,94538870000000,0,0,0
1,4516,94538870000000,94538870091250,94538875641375,5550125,5641375,91250,94538880000000,0,0,0
1,4517,94538880000000,94538880076375,94538885527750,5451375,5527750,76375,94538890000000,0,0,0
1,4518,94538890000000,94538890090375,94538895393625,5303250,5393625,90375,94538900000000,0,0,0
1,4519,94538900000000,94538900092625,94538905741625,5649000,5741625,92625,94538910000000,0,0,0
1,4520,94538910000000,94538910086500,94538915797625,5711125,5797625,86500,94538920000000,0,0,0
1,4521,94538920000000,94538920085500,94538925633500,5548000,5633500,85500,94538930000000,0,0,0
1,4522,94538930000000,94538930085625,94538935635000,5549375,5635000,85625,94538940000000,0,0,0
1,4523,94538940000000,94538940091875,94538945218375,5126500,5218375,91875,94538950000000,0,0,0
1,4524,94538950000000,94538950090250,94538955601250,5511000,5601250,90250,94538960000000,0,0,0
1,4525,94538960000000,94538960110250,94538965660625,5550375,5660625,110250,94538970000000,0,0,0
1,4526,94538970000000,94538970097625,94538976179375,6081750,6179375,97625,94538980000000,0,0,0
1,4527,94538980000000,94538980062625,94538986045750,5983125,6045750,62625,94538990000000,0,0,0
1,4528,94538990000000,94538990064875,94538996149875,6085000,6149875,64875,94539000000000,0,0,0
1,4529,94539000000000,94539000068250,94539005809125,5740875,5809125,68250,94539010000000,0,0,0
1,4530,94539010000000,94539010064000,94539016132000,6068000,6132000,64000,94539020000000,0,0,0
1,4531,94539020000000,94539020069250,94539025954625,5885375,5954625,69250,94539030000000,0,0,0
1,4532,94539030000000,94539030108250,94539035680750,5572500,5680750,108250,94539040000000,0,0,0
1,4533,94539040000000,94539040071125,94539046046125,5975000,6046125,71125,94539050000000,0,0,0
1,4534,94539050000000,94539050122750,94539055731125,5608375,5731125,122750,94539060000000,0,0,0
1,4535,94539060000000,94539060074500,94539065659875,5585375,5659875,74500,94539070000000,0,0,0
1,4536,94539070000000,94539070102625,94539075583250,5480625,5583250,102625,94539080000000,0,0,0
1,4537,94539080000000,94539080086750,94539085693500,5606750,5693500,86750,94539090000000,0,0,0
1,4538,94539090000000,94539090108375,94539096096250,5987875,6096250,108375,94539100000000,0,0,0
1,4539,94539100000000,94539100072125,94539105783625,5711500,5783625,72125,94539110000000,0,0,0
1,4540,94539110000000,94539110069750,94539115802625,5732875,5802625,69750,94539120000000,0,0,0
1,4541,94539120000000,94539120068250,94539126200625,6132375,6200625,68250,94539130000000,0,0,0
1,4542,94539130000000,94539130081250,94539135729125,5647875,5729125,81250,94539140000000,0,0,0
1,4543,94539140000000,94539140094625,94539145804375,5709750,5804375,94625,94539150000000,0,0,0
1,4544,94539150000000,94539150107875,94539155813500,5705625,5813500,107875,94539160000000,0,0,0
1,4545,94539160000000,94539160100375,94539165768375,5668000,5768375,100375,94539170000000,0,0,0
1,4546,94539170000000,94539170109750,94539175800125,5690375,5800125,109750,94539180000000,0,0,0
1,4547,94539180000000,94539180103375,94539185936625,5833250,5936625,103375,94539190000000,0,0,0
1,4548,94539190000000,94539190110125,94539195885500,5775375,5885500,110125,94539200000000,0,0,0
1,4549,94539200000000,94539200128000,94539205727375,5599375,5727375,128000,94539210000000,0,0,0
1,4550,94539210000000,94539210109125,94539215844875,5735750,5844875,109125,94539220000000,0,0,0
1,4551,94539220000000,94539220132500,94539226054750,5922250,6054750,132500,94539230000000,0,0,0
1,4552,94539230000000,94539230068625,94539236229000,6160375,6229000,68625,94539240000000,0,0,0
1,4553,94539240000000,94539240068500,94539245943375,5874875,5943375,68500,94539250000000,0,0,0
1,4554,94539250000000,94539250095750,94539255764375,5668625,5764375,95750,94539260000000,0,0,0
1,4555,94539260000000,94539260101750,94539265928875,5827125,5928875,101750,94539270000000,0,0,0
1,4556,94539270000000,94539270107375,94539275806500,5699125,5806500,107375,94539280000000,0,0,0
1,4557,94539280000000,94539280108625,94539285807625,5699000,5807625,108625,94539290000000,0,0,0
1,4558,94539290000000,94539290105500,94539295864750,5759250,5864750,105500,94539300000000,0,0,0
1,4559,94539300000000,94539300107625,94539305776125,5668500,5776125,107625,94539310000000,0,0,0
1,4560,94539310000000,94539310112000,94539315801125,5689125,5801125,112000,94539320000000,0,0,0
1,4561,94539320000000,94539320115125,94539325837500,5722375,5837500,115125,94539330000000,0,0,0
1,4562,94539330000000,94539330125250,94539335809500,5684250,5809500,125250,94539340000000,0,0,0
1,4563,94539340000000,94539340092875,94539346218000,6125125,6218000,92875,94539350000000,0,0,0
1,4564,94539350000000,94539350066125,94539355780625,5714500,5780625,66125,94539360000000,0,0,0
1,4565,94539360000000,94539360109375,94539365842375,5733000,5842375,109375,94539370000000,0,0,0
1,4566,94539370000000,94539370093625,94539375752625,5659000,5752625,93625,94539380000000,0,0,0
1,4567,94539380000000,94539380094375,94539385760375,5666000,5760375,94375,94539390000000,0,0,0
1,4568,94539390000000,94539390108750,94539395845500,5736750,5845500,108750,94539400000000,0,0,0
1,4569,94539400000000,94539400108000,94539405747250,5639250,5747250,108000,94539410000000,0,0,0
1,4570,94539410000000,94539410104250,94539415774000,5669750,5774000,104250,94539420000000,0,0,0
1,4571,94539420000000,94539420130625,94539425852500,5721875,5852500,130625,94539430000000,0,0,0
1,4572,94539430000000,94539430068625,94539435551250,5482625,5551250,68625,94539440000000,0,0,0
1,4573,94539440000000,94539440038000,94539445785250,5747250,5785250,38000,94539450000000,0,0,0
1,4574,94539450000000,94539450110875,94539456076500,5965625,6076500,110875,94539460000000,0,0,0
1,4575,94539460000000,94539460065125,94539466037125,5972000,6037125,65125,94539470000000,0,0,0
1,4576,94539470000000,94539470079625,94539475927125,5847500,5927125,79625,94539480000000,0,0,0
1,4577,94539480000000,94539480108000,94539485859125,5751125,5859125,108000,94539490000000,0,0,0
1,4578,94539490000000,94539490096250,94539495796250,5700000,5796250,96250,94539500000000,0,0,0
1,4579,94539500000000,94539500115000,94539505999375,5884375,5999375,115000,94539510000000,0,0,0
1,4580,94539510000000,94539510069625,94539515716625,5647000,5716625,69625,94539520000000,0,0,0
1,4581,94539520000000,94539520076625,94539525685875,5609250,5685875,76625,94539530000000,0,0,0
1,4582,94539530000000,94539530129500,94539535738375,5608875,5738375,129500,94539540000000,0,0,0
1,4583,94539540000000,94539540112875,94539545866625,5753750,5866625,112875,94539550000000,0,0,0
1,4584,94539550000000,94539550108500,94539555826125,5717625,5826125,108500,94539560000000,0,0,0
1,4585,94539560000000,94539560116750,94539565836875,5720125,5836875,116750,94539570000000,0,0,0
1,4586,94539570000000,94539570068750,94539576156250,6087500,6156250,68750,94539580000000,0,0,0
1,4587,94539580000000,94539580089250,94539585768875,5679625,5768875,89250,94539590000000,0,0,0
1,4588,94539590000000,94539590102000,94539595781250,5679250,5781250,102000,94539600000000,0,0,0
1,4589,94539600000000,94539600109375,94539606074250,5964875,6074250,109375,94539610000000,0,0,0
1,4590,94539610000000,94539610113000,94539615991125,5878125,5991125,113000,94539620000000,0,0,0
1,4591,94539620000000,94539620096000,94539625977000,5881000,5977000,96000,94539630000000,0,0,0
1,4592,94539630000000,94539630108875,94539635871375,5762500,5871375,108875,94539640000000,0,0,0
1,4593,94539640000000,94539640112750,94539645805625,5692875,5805625,112750,94539650000000,0,0,0
1,4594,94539650000000,94539650104875,94539655750250,5645375,5750250,104875,94539660000000,0,0,0
1,4595,94539660000000,94539660111125,94539665738500,5627375,5738500,111125,94539670000000,0,0,0
1,4596,94539670000000,94539670077250,94539675800000,5722750,5800000,77250,94539680000000,0,0,0
1,4597,94539680000000,94539680069625,94539686196375,6126750,6196375,69625,94539690000000,0,0,0
1,4598,94539690000000,94539690100875,94539695869750,5768875,5869750,100875,94539700000000,0,0,0
1,4599,94539700000000,94539700096500,94539705862500,5766000,5862500,96500,94539710000000,0,0,0
1,4600,94539710000000,94539710121875,94539715988375,5866500,5988375,121875,94539720000000,0,0,0
1,4601,94539720000000,94539720094375,94539725794125,5699750,5794125,94375,94539730000000,0,0,0
1,4602,94539730000000,94539730109625,94539735732375,5622750,5732375,109625,94539740000000,0,0,0
1,4603,94539740000000,94539740114750,94539745780875,5666125,5780875,114750,94539750000000,0,0,0
1,4604,94539750000000,94539750105750,94539755842375,5736625,5842375,105750,94539760000000,0,0,0
1,4605,94539760000000,94539760111250,94539765787000,5675750,5787000,111250,94539770000000,0,0,0
1,4606,94539770000000,94539770104125,94539775856625,5752500,5856625,104125,94539780000000,0,0,0
1,4607,94539780000000,94539780110125,94539785973125,5863000,5973125,110125,94539790000000,0,0,0
1,4608,94539790000000,94539790069125,94539796248375,6179250,6248375,69125,94539800000000,0,0,0
1,4609,94539800000000,94539800068000,94539806011125,5943125,6011125,68000,94539810000000,0,0,0
1,4610,94539810000000,94539810072375,94539815880250,5807875,5880250,72375,94539820000000,0,0,0
1,4611,94539820000000,94539820115625,94539825905500,5789875,5905500,115625,94539830000000,0,0,0
1,4612,94539830000000,94539830103250,94539835788375,5685125,5788375,103250,94539840000000,0,0,0
1,4613,94539840000000,94539840067750,94539845733000,5665250,5733000,67750,94539850000000,0,0,0
1,4614,94539850000000,94539850109000,94539855723500,5614500,5723500,109000,94539860000000,0,0,0
1,4615,94539860000000,94539860114000,94539866235750,6121750,6235750,114000,94539870000000,0,0,0
1,4616,94539870000000,94539870070625,94539875752375,5681750,5752375,70625,94539880000000,0,0,0
1,4617,94539880000000,94539880115125,94539886054250,5939125,6054250,115125,94539890000000,0,0,0
1,4618,94539890000000,94539890122500,94539895755500,5633000,5755500,122500,94539900000000,0,0,0
1,4619,94539900000000,94539900093875,94539906130625,6036750,6130625,93875,94539910000000,0,0,0
1,4620,94539910000000,94539910066250,94539916109125,6042875,6109125,66250,94539920000000,0,0,0
1,4621,94539920000000,94539920069375,94539925986625,5917250,5986625,69375,94539930000000,0,0,0
1,4622,94539930000000,94539930070125,94539935664125,5594000,5664125,70125,94539940000000,0,0,0
1,4623,94539940000000,94539940095875,94539945904625,5808750,5904625,95875,94539950000000,0,0,0
1,4624,94539950000000,94539950199500,94539955887875,5688375,5887875,199500,94539960000000,0,0,0
1,4625,94539960000000,94539960111000,94539965875500,5764500,5875500,111000,94539970000000,0,0,0
1,4626,94539970000000,94539970110000,94539975809750,5699750,5809750,110000,94539980000000,0,0,0
1,4627,94539980000000,94539980128875,94539985806625,5677750,5806625,128875,94539990000000,0,0,0
1,4628,94539990000000,94539990106375,94539995856125,5749750,5856125,106375,94540000000000,0,0,0
1,4629,94540000000000,94540000112125,94540005868875,5756750,5868875,112125,94540010000000,0,0,0
1,4630,94540010000000,94540010076875,94540016220375,6143500,6220375,76875,94540020000000,0,0,0
1,4631,94540020000000,94540020065125,94540025957875,5892750,5957875,65125,94540030000000,0,0,0
1,4632,94540030000000,94540030103000,94540035862500,5759500,5862500,103000,94540040000000,0,0,0
1,4633,94540040000000,94540040114750,94540045877250,5762500,5877250,114750,94540050000000,0,0,0
1,4634,94540050000000,94540050108125,94540055882375,5774250,5882375,108125,94540060000000,0,0,0
1,4635,94540060000000,94540060097250,94540065801750,5704500,5801750,97250,94540070000000,0,0,0
1,4636,94540070000000,94540070086500,94540075796125,5709625,5796125,86500,94540080000000,0,0,0
1,4637,94540080000000,94540080114750,94540085760375,5645625,5760375,114750,94540090000000,0,0,0
1,4638,94540090000000,94540090123375,94540095840125,5716750,5840125,123375,94540100000000,0,0,0
1,4639,94540100000000,94540100113125,94540105857500,5744375,5857500,113125,94540110000000,0,0,0
1,4640,94540110000000,94540110125375,94540115900250,5774875,5900250,125375,94540120000000,0,0,0
1,4641,94540120000000,94540120091125,94540125788250,5697125,5788250,91125,94540130000000,0,0,0
1,4642,94540130000000,94540130068875,94540136216375,6147500,6216375,68875,94540140000000,0,0,0
1,4643,94540140000000,94540140068250,94540145937750,5869500,5937750,68250,94540150000000,0,0,0
1,4644,94540150000000,94540150068250,94540155818500,5750250,5818500,68250,94540160000000,0,0,0
1,4645,94540160000000,94540160081375,94540166223500,6142125,6223500,81375,94540170000000,0,0,0
1,4646,94540170000000,94540170085625,94540176234500,6148875,6234500,85625,94540180000000,0,0,0
1,4647,94540180000000,94540180099000,94540186087875,5988875,6087875,99000,94540190000000,0,0,0
1,4648,94540190000000,94540190110500,94540195965000,5854500,5965000,110500,94540200000000,0,0,0
1,4649,94540200000000,94540200090625,94540205874000,5783375,5874000,90625,94540210000000,0,0,0
1,4650,94540210000000,94540210107375,94540215757875,5650500,5757875,107375,94540220000000,0,0,0
1,4651,94540220000000,94540220130500,94540225842875,5712375,5842875,130500,94540230000000,0,0,0
1,4652,94540230000000,94540230112250,94540235824750,5712500,5824750,112250,94540240000000,0,0,0
1,4653,94540240000000,94540240066750,94540246097250,6030500,6097250,66750,94540250000000,0,0,0
1,4654,94540250000000,94540250090000,94540255934500,5844500,5934500,90000,94540260000000,0,0,0
1,4655,94540260000000,94540260097000,94540265957000,5860000,5957000,97000,94540270000000,0,0,0
1,4656,94540270000000,94540270096125,94540275783000,5686875,5783000,96125,94540280000000,0,0,0
1,4657,94540280000000,94540280111750,94540285749625,5637875,5749625,111750,94540290000000,0,0,0
1,4658,94540290000000,94540290102000,94540295761000,5659000,5761000,102000,94540300000000,0,0,0
1,4659,94540300000000,94540300114500,94540306004125,5889625,6004125,114500,94540310000000,0,0,0
1,4660,94540310000000,94540310108250,94540315823875,5715625,5823875,108250,94540320000000,0,0,0
1,4661,94540320000000,94540320112500,94540325865500,5753000,5865500,112500,94540330000000,0,0,0
1,4662,94540330000000,94540330114625,94540335878875,5764250,5878875,114625,94540340000000,0,0,0
1,4663,94540340000000,94540340109625,94540345841125,5731500,5841125,109625,94540350000000,0,0,0
1,4664,94540350000000,94540350069625,94540356215000,6145375,6215000,69625,94540360000000,0,0,0
1,4665,94540360000000,94540360068375,94540365950750,5882375,5950750,68375,94540370000000,0,0,0
1,4666,94540370000000,94540370092375,94540375907750,5815375,5907750,92375,94540380000000,0,0,0
1,4667,94540380000000,94540380090000,94540385699500,5609500,5699500,90000,94540390000000,0,0,0
1,4668,94540390000000,94540390105625,94540395847000,5741375,5847000,105625,94540400000000,0,0,0
1,4669,94540400000000,94540400110250,94540405958000,5847750,5958000,110250,94540410000000,0,0,0
1,4670,94540410000000,94540410108625,94540415994375,5885750,5994375,108625,94540420000000,0,0,0
1,4671,94540420000000,94540420095375,94540425798375,5703000,5798375,95375,94540430000000,0,0,0
1,4672,94540430000000,94540430105125,94540435850000,5744875,5850000,105125,94540440000000,0,0,0
1,4673,94540440000000,94540440127375,94540445932500,5805125,5932500,127375,94540450000000,0,0,0
1,4674,94540450000000,94540450104750,94540455719250,5614500,5719250,104750,94540460000000,0,0,0
1,4675,94540460000000,94540460095750,94540466235125,6139375,6235125,95750,94540470000000,0,0,0
1,4676,94540470000000,94540470071875,94540475812750,5740875,5812750,71875,94540480000000,0,0,0
1,4677,94540480000000,94540480087875,94540485683000,5595125,5683000,87875,94540490000000,0,0,0
1,4678,94540490000000,94540490100625,94540495481625,5381000,5481625,100625,94540500000000,0,0,0
1,4679,94540500000000,94540500083375,94540505071750,4988375,5071750,83375,94540510000000,0,0,0
1,4680,94540510000000,94540510102500,94540515281875,5179375,5281875,102500,94540520000000,0,0,0
1,4681,94540520000000,94540520136500,94540525560125,5423625,5560125,136500,94540530000000,0,0,0
1,4682,94540530000000,94540530081625,94540535221875,5140250,5221875,81625,94540540000000,0,0,0
1,4683,94540540000000,94540540071750,94540545679000,5607250,5679000,71750,94540550000000,0,0,0
1,4684,94540550000000,94540550065875,94540555398750,5332875,5398750,65875,94540560000000,0,0,0
1,4685,94540560000000,94540560064125,94540565466625,5402500,5466625,64125,94540570000000,0,0,0
1,4686,94540570000000,94540570119375,94540575749250,5629875,5749250,119375,94540580000000,0,0,0
1,4687,94540580000000,94540580107625,94540585549875,5442250,5549875,107625,94540590000000,0,0,0
1,4688,94540590000000,94540590115625,94540595641125,5525500,5641125,115625,94540600000000,0,0,0
1,4689,94540600000000,94540600109625,94540605560750,5451125,5560750,109625,94540610000000,0,0,0
1,4690,94540610000000,94540610118750,94540615576500,5457750,5576500,118750,94540620000000,0,0,0
1,4691,94540620000000,94540620106750,94540625650750,5544000,5650750,106750,94540630000000,0,0,0
1,4692,94540630000000,94540630098500,94540635418375,5319875,5418375,98500,94540640000000,0,0,0
1,4693,94540640000000,94540640107625,94540645641125,5533500,5641125,107625,94540650000000,0,0,0
1,4694,94540650000000,94540650073000,94540655607750,5534750,5607750,73000,94540660000000,0,0,0
1,4695,94540660000000,94540660094625,94540665573125,5478500,5573125,94625,94540670000000,0,0,0
1,4696,94540670000000,94540670097000,94540675548750,5451750,5548750,97000,94540680000000,0,0,0
1,4697,94540680000000,94540680132500,94540685675125,5542625,5675125,132500,94540690000000,0,0,0
1,4698,94540690000000,94540690103750,94540695667000,5563250,5667000,103750,94540700000000,0,0,0
1,4699,94540700000000,94540700107750,94540705688875,5581125,5688875,107750,94540710000000,0,0,0
1,4700,94540710000000,94540710096750,94540715657500,5560750,5657500,96750,94540720000000,0,0,0
1,4701,94540720000000,94540720108625,94540725666125,5557500,5666125,108625,94540730000000,0,0,0
1,4702,94540730000000,94540730099625,94540735699875,5600250,5699875,99625,94540740000000,0,0,0
1,4703,94540740000000,94540740107000,94540745513000,5406000,5513000,107000,94540750000000,0,0,0
1,4704,94540750000000,94540750131250,94540755804250,5673000,5804250,131250,94540760000000,0,0,0
1,4705,94540760000000,94540760103750,94540765650250,5546500,5650250,103750,94540770000000,0,0,0
1,4706,94540770000000,94540770082250,94540775716750,5634500,5716750,82250,94540780000000,0,0,0
1,4707,94540780000000,94540780099375,94540785776250,5676875,5776250,99375,94540790000000,0,0,0
1,4708,94540790000000,94540790106000,94540795726750,5620750,5726750,106000,94540800000000,0,0,0
1,4709,94540800000000,94540800114250,94540805717000,5602750,5717000,114250,94540810000000,0,0,0
1,4710,94540810000000,94540810113000,94540815775875,5662875,5775875,113000,94540820000000,0,0,0
1,4711,94540820000000,94540820113125,94540825834500,5721375,5834500,113125,94540830000000,0,0,0
1,4712,94540830000000,94540830064375,94540835824875,5760500,5824875,64375,94540840000000,0,0,0
1,4713,94540840000000,94540840104875,94540845765875,5661000,5765875,104875,94540850000000,0,0,0
1,4714,94540850000000,94540850105500,94540855680000,5574500,5680000,105500,94540860000000,0,0,0
1,4715,94540860000000,94540860126000,94540865709125,5583125,5709125,126000,94540870000000,0,0,0
1,4716,94540870000000,94540870105000,94540875723125,5618125,5723125,105000,94540880000000,0,0,0
1,4717,94540880000000,94540880127500,94540885689625,5562125,5689625,127500,94540890000000,0,0,0
1,4718,94540890000000,94540890108750,94540895802000,5693250,5802000,108750,94540900000000,0,0,0
1,4719,94540900000000,94540900112750,94540906041750,5929000,6041750,112750,94540910000000,0,0,0
1,4720,94540910000000,94540910108250,94540915792500,5684250,5792500,108250,94540920000000,0,0,0
1,4721,94540920000000,94540920111750,94540925800250,5688500,5800250,111750,94540930000000,0,0,0
1,4722,94540930000000,94540930100250,94540935714625,5614375,5714625,100250,94540940000000,0,0,0
1,4723,94540940000000,94540940073625,94540945638125,5564500,5638125,73625,94540950000000,0,0,0
1,4724,94540950000000,94540950123250,94540955695500,5572250,5695500,123250,94540960000000,0,0,0
1,4725,94540960000000,94540960109000,94540965771125,5662125,5771125,109000,94540970000000,0,0,0
1,4726,94540970000000,94540970128375,94540975827500,5699125,5827500,128375,94540980000000,0,0,0
1,4727,94540980000000,94540980108250,94540985645875,5537625,5645875,108250,94540990000000,0,0,0
1,4728,94540990000000,94540990065750,94540995800500,5734750,5800500,65750,94541000000000,0,0,0
1,4729,94541000000000,94541000161250,94541006094375,5933125,6094375,161250,94541010000000,0,0,0
1,4730,94541010000000,94541010107250,94541015943625,5836375,5943625,107250,94541020000000,0,0,0
1,4731,94541020000000,94541020082625,94541025779750,5697125,5779750,82625,94541030000000,0,0,0
1,4732,94541030000000,94541030105875,94541035803250,5697375,5803250,105875,94541040000000,0,0,0
1,4733,94541040000000,94541040111000,94541045762125,5651125,5762125,111000,94541050000000,0,0,0
1,4734,94541050000000,94541050108625,94541055735750,5627125,5735750,108625,94541060000000,0,0,0
1,4735,94541060000000,94541060102750,94541065772125,5669375,5772125,102750,94541070000000,0,0,0
1,4736,94541070000000,94541070103375,94541075795625,5692250,5795625,103375,94541080000000,0,0,0
1,4737,94541080000000,94541080107875,94541085670000,5562125,5670000,107875,94541090000000,0,0,0
1,4738,94541090000000,94541090101375,94541095724000,5622625,5724000,101375,94541100000000,0,0,0
1,4739,94541100000000,94541100122000,94541105758500,5636500,5758500,122000,94541110000000,0,0,0
1,4740,94541110000000,94541110105375,94541115812625,5707250,5812625,105375,94541120000000,0,0,0
1,4741,94541120000000,94541120126500,94541125965125,5838625,5965125,126500,94541130000000,0,0,0
1,4742,94541130000000,94541130104375,94541135772375,5668000,5772375,104375,94541140000000,0,0,0
1,4743,94541140000000,94541140090750,94541145804875,5714125,5804875,90750,94541150000000,0,0,0
1,4744,94541150000000,94541150103750,94541155830625,5726875,5830625,103750,94541160000000,0,0,0
1,4745,94541160000000,94541160107500,94541165869625,5762125,5869625,107500,94541170000000,0,0,0
1,4746,94541170000000,94541170104750,94541175758125,5653375,5758125,104750,94541180000000,0,0,0
1,4747,94541180000000,94541180109375,94541185801125,5691750,5801125,109375,94541190000000,0,0,0
1,4748,94541190000000,94541190106625,94541195749125,5642500,5749125,106625,94541200000000,0,0,0
1,4749,94541200000000,94541200110625,94541205795750,5685125,5795750,110625,94541210000000,0,0,0
1,4750,94541210000000,94541210108625,94541215695625,5587000,5695625,108625,94541220000000,0,0,0
1,4751,94541220000000,94541220110875,94541225718875,5608000,5718875,110875,94541230000000,0,0,0
1,4752,94541230000000,94541230100250,94541235667625,5567375,5667625,100250,94541240000000,0,0,0
1,4753,94541240000000,94541240114875,94541245741625,5626750,5741625,114875,94541250000000,0,0,0
1,4754,94541250000000,94541250105000,94541255877625,5772625,5877625,105000,94541260000000,0,0,0
1,4755,94541260000000,94541260113000,94541265797375,5684375,5797375,113000,94541270000000,0,0,0
1,4756,94541270000000,94541270105375,94541275711125,5605750,5711125,105375,94541280000000,0,0,0
1,4757,94541280000000,94541280107000,94541285735500,5628500,5735500,107000,94541290000000,0,0,0
1,4758,94541290000000,94541290127875,94541295844750,5716875,5844750,127875,94541300000000,0,0,0
1,4759,94541300000000,94541300114625,94541305711375,5596750,5711375,114625,94541310000000,0,0,0
1,4760,94541310000000,94541310103500,94541315691250,5587750,5691250,103500,94541320000000,0,0,0
1,4761,94541320000000,94541320113375,94541325630000,5516625,5630000,113375,94541330000000,0,0,0
1,4762,94541330000000,94541330108000,94541335785250,5677250,5785250,108000,94541340000000,0,0,0
1,4763,94541340000000,94541340115250,94541345850500,5735250,5850500,115250,94541350000000,0,0,0
1,4764,94541350000000,94541350097000,94541355795625,5698625,5795625,97000,94541360000000,0,0,0
1,4765,94541360000000,94541360106125,94541365953750,5847625,5953750,106125,94541370000000,0,0,0
1,4766,94541370000000,94541370105125,94541375761750,5656625,5761750,105125,94541380000000,0,0,0
1,4767,94541380000000,94541380125875,94541385666875,5541000,5666875,125875,94541390000000,0,0,0
1,4768,94541390000000,94541390108000,94541395681125,5573125,5681125,108000,94541400000000,0,0,0
1,4769,94541400000000,94541400108000,94541405662875,5554875,5662875,108000,94541410000000,0,0,0
1,4770,94541410000000,94541410110500,94541415787625,5677125,5787625,110500,94541420000000,0,0,0
1,4771,94541420000000,94541420107750,94541425684875,5577125,5684875,107750,94541430000000,0,0,0
1,4772,94541430000000,94541430103500,94541435720000,5616500,5720000,103500,94541440000000,0,0,0
1,4773,94541440000000,94541440113125,94541446121625,6008500,6121625,113125,94541450000000,0,0,0
1,4774,94541450000000,94541450099500,94541455785625,5686125,5785625,99500,94541460000000,0,0,0
1,4775,94541460000000,94541460110250,94541466003250,5893000,6003250,110250,94541470000000,0,0,0
1,4776,94541470000000,94541470121375,94541475891625,5770250,5891625,121375,94541480000000,0,0,0
1,4777,94541480000000,94541480107125,94541485812625,5705500,5812625,107125,94541490000000,0,0,0
1,4778,94541490000000,94541490105750,94541495899125,5793375,5899125,105750,94541500000000,0,0,0
1,4779,94541500000000,94541500110250,94541505718500,5608250,5718500,110250,94541510000000,0,0,0
1,4780,94541510000000,94541510102375,94541515755625,5653250,5755625,102375,94541520000000,0,0,0
1,4781,94541520000000,94541520108375,94541525871375,5763000,5871375,108375,94541530000000,0,0,0
1,4782,94541530000000,94541530104250,94541535812000,5707750,5812000,104250,94541540000000,0,0,0
1,4783,94541540000000,94541540103875,94541546184875,6081000,6184875,103875,94541550000000,0,0,0
1,4784,94541550000000,94541550068750,94541556101625,6032875,6101625,68750,94541560000000,0,0,0
1,4785,94541560000000,94541560094250,94541565882500,5788250,5882500,94250,94541570000000,0,0,0
1,4786,94541570000000,94541570086500,94541575782625,5696125,5782625,86500,94541580000000,0,0,0
1,4787,94541580000000,94541580127500,94541586077750,5950250,6077750,127500,94541590000000,0,0,0
1,4788,94541590000000,94541590106250,94541595741875,5635625,5741875,106250,94541600000000,0,0,0
1,4789,94541600000000,94541600114125,94541605904000,5789875,5904000,114125,94541610000000,0,0,0
1,4790,94541610000000,94541610110250,94541615731125,5620875,5731125,110250,94541620000000,0,0,0
1,4791,94541620000000,94541620110000,94541625924000,5814000,5924000,110000,94541630000000,0,0,0
1,4792,94541630000000,94541630106125,94541635795125,5689000,5795125,106125,94541640000000,0,0,0
1,4793,94541640000000,94541640110750,94541645668625,5557875,5668625,110750,94541650000000,0,0,0
1,4794,94541650000000,94541650124875,94541655760750,5635875,5760750,124875,94541660000000,0,0,0
1,4795,94541660000000,94541660114000,94541665803750,5689750,5803750,114000,94541670000000,0,0,0
1,4796,94541670000000,94541670128125,94541675736375,5608250,5736375,128125,94541680000000,0,0,0
1,4797,94541680000000,94541680108375,94541685753625,5645250,5753625,108375,94541690000000,0,0,0
1,4798,94541690000000,94541690106750,94541695828250,5721500,5828250,106750,94541700000000,0,0,0
1,4799,94541700000000,94541700118000,94541705934875,5816875,5934875,118000,94541710000000,0,0,0
1,4800,94541710000000,94541710106250,94541715845500,5739250,5845500,106250,94541720000000,0,0,0
1,4801,94541720000000,94541720106250,94541725769875,5663625,5769875,106250,94541730000000,0,0,0
1,4802,94541730000000,94541730104250,94541735841000,5736750,5841000,104250,94541740000000,0,0,0
1,4803,94541740000000,94541740126750,94541745815125,5688375,5815125,126750,94541750000000,0,0,0
1,4804,94541750000000,94541750107500,94541755934125,5826625,5934125,107500,94541760000000,0,0,0
1,4805,94541760000000,94541760126875,94541765697250,5570375,5697250,126875,94541770000000,0,0,0
1,4806,94541770000000,94541770108875,94541775773375,5664500,5773375,108875,94541780000000,0,0,0
1,4807,94541780000000,94541780127000,94541785745000,5618000,5745000,127000,94541790000000,0,0,0
1,4808,94541790000000,94541790108625,94541795791625,5683000,5791625,108625,94541800000000,0,0,0
1,4809,94541800000000,94541800106500,94541805688500,5582000,5688500,106500,94541810000000,0,0,0
1,4810,94541810000000,94541810101875,94541815753625,5651750,5753625,101875,94541820000000,0,0,0
1,4811,94541820000000,94541820105125,94541825742875,5637750,5742875,105125,94541830000000,0,0,0
1,4812,94541830000000,94541830111000,94541835874250,5763250,5874250,111000,94541840000000,0,0,0
1,4813,94541840000000,94541840108375,94541845761375,5653000,5761375,108375,94541850000000,0,0,0
1,4814,94541850000000,94541850105625,94541855940750,5835125,5940750,105625,94541860000000,0,0,0
1,4815,94541860000000,94541860091500,94541865776500,5685000,5776500,91500,94541870000000,0,0,0
1,4816,94541870000000,94541870098875,94541875703875,5605000,5703875,98875,94541880000000,0,0,0
1,4817,94541880000000,94541880112500,94541885660875,5548375,5660875,112500,94541890000000,0,0,0
1,4818,94541890000000,94541890118125,94541895769875,5651750,5769875,118125,94541900000000,0,0,0
1,4819,94541900000000,94541900110500,94541905576875,5466375,5576875,110500,94541910000000,0,0,0
1,4820,94541910000000,94541910120750,94541915693625,5572875,5693625,120750,94541920000000,0,0,0
1,4821,94541920000000,94541920076125,94541925699875,5623750,5699875,76125,94541930000000,0,0,0
1,4822,94541930000000,94541930103125,94541935758625,5655500,5758625,103125,94541940000000,0,0,0
1,4823,94541940000000,94541940114875,94541945900000,5785125,5900000,114875,94541950000000,0,0,0
1,4824,94541950000000,94541950105750,94541955738250,5632500,5738250,105750,94541960000000,0,0,0
1,4825,94541960000000,94541960073750,94541965804375,5730625,5804375,73750,94541970000000,0,0,0
1,4826,94541970000000,94541970107000,94541975727625,5620625,5727625,107000,94541980000000,0,0,0
1,4827,94541980000000,94541980128125,94541985880500,5752375,5880500,128125,94541990000000,0,0,0
1,4828,94541990000000,94541990111000,94541995744750,5633750,5744750,111000,94542000000000,0,0,0
1,4829,94542000000000,94542000112125,94542005773500,5661375,5773500,112125,94542010000000,0,0,0
1,4830,94542010000000,94542010107125,94542015695500,5588375,5695500,107125,94542020000000,0,0,0
1,4831,94542020000000,94542020105500,94542025773875,5668375,5773875,105500,94542030000000,0,0,0
1,4832,94542030000000,94542030100625,94542035663250,5562625,5663250,100625,94542040000000,0,0,0
1,4833,94542040000000,94542040110750,94542045651625,5540875,5651625,110750,94542050000000,0,0,0
1,4834,94542050000000,94542050124000,94542055741875,5617875,5741875,124000,94542060000000,0,0,0
1,4835,94542060000000,94542060112625,94542065648875,5536250,5648875,112625,94542070000000,0,0,0
1,4836,94542070000000,94542070124875,94542075758375,5633500,5758375,124875,94542080000000,0,0,0
1,4837,94542080000000,94542080110750,94542085695500,5584750,5695500,110750,94542090000000,0,0,0
1,4838,94542090000000,94542090128250,94542095720625,5592375,5720625,128250,94542100000000,0,0,0
1,4839,94542100000000,94542100117375,94542105582125,5464750,5582125,117375,94542110000000,0,0,0
1,4840,94542110000000,94542110108875,94542115809625,5700750,5809625,108875,94542120000000,0,0,0
1,4841,94542120000000,94542120113250,94542125943875,5830625,5943875,113250,94542130000000,0,0,0
1,4842,94542130000000,94542130112875,94542135812250,5699375,5812250,112875,94542140000000,0,0,0
1,4843,94542140000000,94542140111500,94542145751125,5639625,5751125,111500,94542150000000,0,0,0
1,4844,94542150000000,94542150106375,94542155701000,5594625,5701000,106375,94542160000000,0,0,0
1,4845,94542160000000,94542160091250,94542165681250,5590000,5681250,91250,94542170000000,0,0,0
1,4846,94542170000000,94542170105125,94542175772250,5667125,5772250,105125,94542180000000,0,0,0
1,4847,94542180000000,94542180104375,94542185676000,5571625,5676000,104375,94542190000000,0,0,0
1,4848,94542190000000,94542190109750,94542195629125,5519375,5629125,109750,94542200000000,0,0,0
1,4849,94542200000000,94542200131375,94542205692250,5560875,5692250,131375,94542210000000,0,0,0
1,4850,94542210000000,94542210108000,94542215720000,5612000,5720000,108000,94542220000000,0,0,0
1,4851,94542220000000,94542220129875,94542225719375,5589500,5719375,129875,94542230000000,0,0,0
1,4852,94542230000000,94542230109500,94542235698375,5588875,5698375,109500,94542240000000,0,0,0
1,4853,94542240000000,94542240130750,94542245989125,5858375,5989125,130750,94542250000000,0,0,0
1,4854,94542250000000,94542250103375,94542255867750,5764375,5867750,103375,94542260000000,0,0,0
1,4855,94542260000000,94542260114000,94542265993125,5879125,5993125,114000,94542270000000,0,0,0
1,4856,94542270000000,94542270111625,94542275834750,5723125,5834750,111625,94542280000000,0,0,0
1,4857,94542280000000,94542280109625,94542285815000,5705375,5815000,109625,94542290000000,0,0,0
1,4858,94542290000000,94542290113875,94542295752125,5638250,5752125,113875,94542300000000,0,0,0
1,4859,94542300000000,94542300114625,94542305716500,5601875,5716500,114625,94542310000000,0,0,0
1,4860,94542310000000,94542310100875,94542315788250,5687375,5788250,100875,94542320000000,0,0,0
1,4861,94542320000000,94542320115000,94542325693625,5578625,5693625,115000,94542330000000,0,0,0
1,4862,94542330000000,94542330125750,94542335710375,5584625,5710375,125750,94542340000000,0,0,0
1,4863,94542340000000,94542340115125,94542345567250,5452125,5567250,115125,94542350000000,0,0,0
1,4864,94542350000000,94542350105500,94542355714125,5608625,5714125,105500,94542360000000,0,0,0
1,4865,94542360000000,94542360111250,94542365786750,5675500,5786750,111250,94542370000000,0,0,0
1,4866,94542370000000,94542370098250,94542375815125,5716875,5815125,98250,94542380000000,0,0,0
1,4867,94542380000000,94542380108625,94542385737125,5628500,5737125,108625,94542390000000,0,0,0
1,4868,94542390000000,94542390106000,94542395758750,5652750,5758750,106000,94542400000000,0,0,0
1,4869,94542400000000,94542400129875,94542406041125,5911250,6041125,129875,94542410000000,0,0,0
1,4870,94542410000000,94542410110125,94542415805875,5695750,5805875,110125,94542420000000,0,0,0
1,4871,94542420000000,94542420129250,94542425933000,5803750,5933000,129250,94542430000000,0,0,0
1,4872,94542430000000,94542430109625,94542435719000,5609375,5719000,109625,94542440000000,0,0,0
1,4873,94542440000000,94542440113375,94542445846000,5732625,5846000,113375,94542450000000,0,0,0
1,4874,94542450000000,94542450107125,94542455726875,5619750,5726875,107125,94542460000000,0,0,0
1,4875,94542460000000,94542460112250,94542465718125,5605875,5718125,112250,94542470000000,0,0,0
1,4876,94542470000000,94542470109125,94542475656250,5547125,5656250,109125,94542480000000,0,0,0
1,4877,94542480000000,94542480115500,94542485736000,5620500,5736000,115500,94542490000000,0,0,0
1,4878,94542490000000,94542490108125,94542495723125,5615000,5723125,108125,94542500000000,0,0,0
1,4879,94542500000000,94542500115750,94542505683250,5567500,5683250,115750,94542510000000,0,0,0
1,4880,94542510000000,94542510122625,94542515813375,5690750,5813375,122625,94542520000000,0,0,0
1,4881,94542520000000,94542520089250,94542525806500,5717250,5806500,89250,94542530000000,0,0,0
1,4882,94542530000000,94542530127625,94542535772750,5645125,5772750,127625,94542540000000,0,0,0
1,4883,94542540000000,94542540111750,94542545663125,5551375,5663125,111750,94542550000000,0,0,0
1,4884,94542550000000,94542550104250,94542555622750,5518500,5622750,104250,94542560000000,0,0,0
1,4885,94542560000000,94542560092750,94542565664750,5572000,5664750,92750,94542570000000,0,0,0
1,4886,94542570000000,94542570071125,94542575751250,5680125,5751250,71125,94542580000000,0,0,0
1,4887,94542580000000,94542580112250,94542585645375,5533125,5645375,112250,94542590000000,0,0,0
1,4888,94542590000000,94542590109625,94542595830250,5720625,5830250,109625,94542600000000,0,0,0
1,4889,94542600000000,94542600111375,94542605647625,5536250,5647625,111375,94542610000000,0,0,0
1,4890,94542610000000,94542610111250,94542615784125,5672875,5784125,111250,94542620000000,0,0,0
1,4891,94542620000000,94542620128625,94542625708750,5580125,5708750,128625,94542630000000,0,0,0
1,4892,94542630000000,94542630109250,94542635795375,5686125,5795375,109250,94542640000000,0,0,0
1,4893,94542640000000,94542640128250,94542645720875,5592625,5720875,128250,94542650000000,0,0,0
1,4894,94542650000000,94542650109000,94542655803125,5694125,5803125,109000,94542660000000,0,0,0
1,4895,94542660000000,94542660127375,94542665822125,5694750,5822125,127375,94542670000000,0,0,0
1,4896,94542670000000,94542670101625,94542675655250,5553625,5655250,101625,94542680000000,0,0,0
1,4897,94542680000000,94542680112875,94542685679000,5566125,5679000,112875,94542690000000,0,0,0
1,4898,94542690000000,94542690103500,94542695755500,5652000,5755500,103500,94542700000000,0,0,0
1,4899,94542700000000,94542700108250,94542705649000,5540750,5649000,108250,94542710000000,0,0,0
1,4900,94542710000000,94542710100875,94542715741500,5640625,5741500,100875,94542720000000,0,0,0
1,4901,94542720000000,94542720111000,94542725692875,5581875,5692875,111000,94542730000000,0,0,0
1,4902,94542730000000,94542730100250,94542735723875,5623625,5723875,100250,94542740000000,0,0,0
1,4903,94542740000000,94542740112250,94542745777500,5665250,5777500,112250,94542750000000,0,0,0
1,4904,94542750000000,94542750102125,94542755786125,5684000,5786125,102125,94542760000000,0,0,0
1,4905,94542760000000,94542760109125,94542765589250,5480125,5589250,109125,94542770000000,0,0,0
1,4906,94542770000000,94542770122375,94542775811750,5689375,5811750,122375,94542780000000,0,0,0
1,4907,94542780000000,94542780112625,94542785875875,5763250,5875875,112625,94542790000000,0,0,0
1,4908,94542790000000,94542790125000,94542795856375,5731375,5856375,125000,94542800000000,0,0,0
1,4909,94542800000000,94542800114375,94542805698750,5584375,5698750,114375,94542810000000,0,0,0
1,4910,94542810000000,94542810106625,94542815941375,5834750,5941375,106625,94542820000000,0,0,0
1,4911,94542820000000,94542820093125,94542825760625,5667500,5760625,93125,94542830000000,0,0,0
1,4912,94542830000000,94542830109125,94542835703750,5594625,5703750,109125,94542840000000,0,0,0
1,4913,94542840000000,94542840115500,94542845593625,5478125,5593625,115500,94542850000000,0,0,0
1,4914,94542850000000,94542850107375,94542855747250,5639875,5747250,107375,94542860000000,0,0,0
1,4915,94542860000000,94542860105500,94542865592375,5486875,5592375,105500,94542870000000,0,0,0
1,4916,94542870000000,94542870106625,94542875699750,5593125,5699750,106625,94542880000000,0,0,0
1,4917,94542880000000,94542880081500,94542885767000,5685500,5767000,81500,94542890000000,0,0,0
1,4918,94542890000000,94542890100250,94542895723625,5623375,5723625,100250,94542900000000,0,0,0
1,4919,94542900000000,94542900125875,94542905667750,5541875,5667750,125875,94542910000000,0,0,0
1,4920,94542910000000,94542910105125,94542915802750,5697625,5802750,105125,94542920000000,0,0,0
1,4921,94542920000000,94542920108375,94542925833250,5724875,5833250,108375,94542930000000,0,0,0
1,4922,94542930000000,94542930108375,94542935711250,5602875,5711250,108375,94542940000000,0,0,0
1,4923,94542940000000,94542940086625,94542945734500,5647875,5734500,86625,94542950000000,0,0,0
1,4924,94542950000000,94542950111125,94542955762000,5650875,5762000,111125,94542960000000,0,0,0
1,4925,94542960000000,94542960111000,94542965770625,5659625,5770625,111000,94542970000000,0,0,0
1,4926,94542970000000,94542970106750,94542975808750,5702000,5808750,106750,94542980000000,0,0,0
1,4927,94542980000000,94542980075375,94542985951000,5875625,5951000,75375,94542990000000,0,0,0
1,4928,94542990000000,94542990106125,94542995804125,5698000,5804125,106125,94543000000000,0,0,0
1,4929,94543000000000,94543000115125,94543005873125,5758000,5873125,115125,94543010000000,0,0,0
1,4930,94543010000000,94543010127750,94543015812000,5684250,5812000,127750,94543020000000,0,0,0
1,4931,94543020000000,94543020075500,94543025712875,5637375,5712875,75500,94543030000000,0,0,0
1,4932,94543030000000,94543030104000,94543035754000,5650000,5754000,104000,94543040000000,0,0,0
1,4933,94543040000000,94543040089000,94543045647125,5558125,5647125,89000,94543050000000,0,0,0
1,4934,94543050000000,94543050107750,94543055760750,5653000,5760750,107750,94543060000000,0,0,0
1,4935,94543060000000,94543060108000,94543066117250,6009250,6117250,108000,94543070000000,0,0,0
1,4936,94543070000000,94543070114875,94543075797250,5682375,5797250,114875,94543080000000,0,0,0
1,4937,94543080000000,94543080110625,94543085737000,5626375,5737000,110625,94543090000000,0,0,0
1,4938,94543090000000,94543090107375,94543095808375,5701000,5808375,107375,94543100000000,0,0,0
1,4939,94543100000000,94543100109250,94543105873125,5763875,5873125,109250,94543110000000,0,0,0
1,4940,94543110000000,94543110108000,94543115829125,5721125,5829125,108000,94543120000000,0,0,0
1,4941,94543120000000,94543120108000,94543125607875,5499875,5607875,108000,94543130000000,0,0,0
1,4942,94543130000000,94543130107750,94543135681500,5573750,5681500,107750,94543140000000,0,0,0
1,4943,94543140000000,94543140129375,94543145693000,5563625,5693000,129375,94543150000000,0,0,0
1,4944,94543150000000,94543150110375,94543155784125,5673750,5784125,110375,94543160000000,0,0,0
1,4945,94543160000000,94543160109000,94543165769500,5660500,5769500,109000,94543170000000,0,0,0
1,4946,94543170000000,94543170106500,94543175791000,5684500,5791000,106500,94543180000000,0,0,0
1,4947,94543180000000,94543180089125,94543185773375,5684250,5773375,89125,94543190000000,0,0,0
1,4948,94543190000000,94543190106000,94543195903625,5797625,5903625,106000,94543200000000,0,0,0
1,4949,94543200000000,94543200066875,94543205917750,5850875,5917750,66875,94543210000000,0,0,0
1,4950,94543210000000,94543210085000,94543215813250,5728250,5813250,85000,94543220000000,0,0,0
1,4951,94543220000000,94543220079750,94543225822500,5742750,5822500,79750,94543230000000,0,0,0
1,4952,94543230000000,94543230073875,94543235820750,5746875,5820750,73875,94543240000000,0,0,0
1,4953,94543240000000,94543240114125,94543245852625,5738500,5852625,114125,94543250000000,0,0,0
1,4954,94543250000000,94543250083750,94543255818625,5734875,5818625,83750,94543260000000,0,0,0
1,4955,94543260000000,94543260076750,94543265734375,5657625,5734375,76750,94543270000000,0,0,0
1,4956,94543270000000,94543270120625,94543275845875,5725250,5845875,120625,94543280000000,0,0,0
1,4957,94543280000000,94543280112125,94543285666500,5554375,5666500,112125,94543290000000,0,0,0
1,4958,94543290000000,94543290122875,94543295822250,5699375,5822250,122875,94543300000000,0,0,0
1,4959,94543300000000,94543300114625,94543305739375,5624750,5739375,114625,94543310000000,0,0,0
1,4960,94543310000000,94543310122875,94543315816375,5693500,5816375,122875,94543320000000,0,0,0
1,4961,94543320000000,94543320113750,94543325745875,5632125,5745875,113750,94543330000000,0,0,0
1,4962,94543330000000,94543330108500,94543335735125,5626625,5735125,108500,94543340000000,0,0,0
1,4963,94543340000000,94543340110500,94543345692500,5582000,5692500,110500,94543350000000,0,0,0
1,4964,94543350000000,94543350106125,94543355686250,5580125,5686250,106125,94543360000000,0,0,0
1,4965,94543360000000,94543360108875,94543365628000,5519125,5628000,108875,94543370000000,0,0,0
1,4966,94543370000000,94543370108125,94543375801875,5693750,5801875,108125,94543380000000,0,0,0
1,4967,94543380000000,94543380088375,94543385611125,5522750,5611125,88375,94543390000000,0,0,0
1,4968,94543390000000,94543390095250,94543395725250,5630000,5725250,95250,94543400000000,0,0,0
1,4969,94543400000000,94543400128500,94543405774125,5645625,5774125,128500,94543410000000,0,0,0
1,4970,94543410000000,94543410112375,94543415765875,5653500,5765875,112375,94543420000000,0,0,0
1,4971,94543420000000,94543420107000,94543425659875,5552875,5659875,107000,94543430000000,0,0,0
1,4972,94543430000000,94543430109750,94543435719375,5609625,5719375,109750,94543440000000,0,0,0
1,4973,94543440000000,94543440105875,94543445652375,5546500,5652375,105875,94543450000000,0,0,0
1,4974,94543450000000,94543450100125,94543455725125,5625000,5725125,100125,94543460000000,0,0,0
1,4975,94543460000000,94543460112500,94543465839750,5727250,5839750,112500,94543470000000,0,0,0
1,4976,94543470000000,94543470105750,94543475814125,5708375,5814125,105750,94543480000000,0,0,0
1,4977,94543480000000,94543480115250,94543485715125,5599875,5715125,115250,94543490000000,0,0,0
1,4978,94543490000000,94543490123250,94543495786875,5663625,5786875,123250,94543500000000,0,0,0
1,4979,94543500000000,94543500112875,94543505679125,5566250,5679125,112875,94543510000000,0,0,0
1,4980,94543510000000,94543510106625,94543515835125,5728500,5835125,106625,94543520000000,0,0,0
1,4981,94543520000000,94543520115250,94543525690625,5575375,5690625,115250,94543530000000,0,0,0
1,4982,94543530000000,94543530105250,94543535675500,5570250,5675500,105250,94543540000000,0,0,0
1,4983,94543540000000,94543540114625,94543545831750,5717125,5831750,114625,94543550000000,0,0,0
1,4984,94543550000000,94543550106375,94543555936750,5830375,5936750,106375,94543560000000,0,0,0
1,4985,94543560000000,94543560096500,94543565748750,5652250,5748750,96500,94543570000000,0,0,0
1,4986,94543570000000,94543570106000,94543575839250,5733250,5839250,106000,94543580000000,0,0,0
1,4987,94543580000000,94543580130250,94543585829000,5698750,5829000,130250,94543590000000,0,0,0
1,4988,94543590000000,94543590071000,94543595758000,5687000,5758000,71000,94543600000000,0,0,0
1,4989,94543600000000,94543600132625,94543605980500,5847875,5980500,132625,94543610000000,0,0,0
1,4990,94543610000000,94543610108875,94543615909250,5800375,5909250,108875,94543620000000,0,0,0
1,4991,94543620000000,94543620111125,94543625806750,5695625,5806750,111125,94543630000000,0,0,0
1,4992,94543630000000,94543630112375,94543635756875,5644500,5756875,112375,94543640000000,0,0,0
1,4993,94543640000000,94543640110875,94543646060625,5949750,6060625,110875,94543650000000,0,0,0
1,4994,94543650000000,94543650107125,94543655738250,5631125,5738250,107125,94543660000000,0,0,0
1,4995,94543660000000,94543660109125,94543665676000,5566875,5676000,109125,94543670000000,0,0,0
1,4996,94543670000000,94543670126375,94543675730625,5604250,5730625,126375,94543680000000,0,0,0
1,4997,94543680000000,94543680114125,94543685745250,5631125,5745250,114125,94543690000000,0,0,0
1,4998,94543690000000,94543690123625,94543695747125,5623500,5747125,123625,94543700000000,0,0,0
1,4999,94543700000000,94543700115625,94543705685750,5570125,5685750,115625,94543710000000,0,0,0
1,5000,94543710000000,94543710121000,94543715719750,5598750,5719750,121000,94543720000000,0,0,0
1,5001,94543720000000,94543720109875,94543725694875,5585000,5694875,109875,94543730000000,0,0,0
1,5002,94543730000000,94543730109375,94543735713500,5604125,5713500,109375,94543740000000,0,0,0
1,5003,94543740000000,94543740115250,94543745841750,5726500,5841750,115250,94543750000000,0,0,0
1,5004,94543750000000,94543750105750,94543755695125,5589375,5695125,105750,94543760000000,0,0,0
1,5005,94543760000000,94543760110000,94543765649875,5539875,5649875,110000,94543770000000,0,0,0
1,5006,94543770000000,94543770108875,94543775838750,5729875,5838750,108875,94543780000000,0,0,0
1,5007,94543780000000,94543780108375,94543785662000,5553625,5662000,108375,94543790000000,0,0,0
1,5008,94543790000000,94543790104875,94543795822875,5718000,5822875,104875,94543800000000,0,0,0
1,5009,94543800000000,94543800088875,94543805601375,5512500,5601375,88875,94543810000000,0,0,0
1,5010,94543810000000,94543810109750,94543815789625,5679875,5789625,109750,94543820000000,0,0,0
1,5011,94543820000000,94543820131000,94543825664250,5533250,5664250,131000,94543830000000,0,0,0
1,5012,94543830000000,94543830104750,94543835768625,5663875,5768625,104750,94543840000000,0,0,0
1,5013,94543840000000,94543840070250,94543845767625,5697375,5767625,70250,94543850000000,0,0,0
1,5014,94543850000000,94543850105875,94543855787750,5681875,5787750,105875,94543860000000,0,0,0
1,5015,94543860000000,94543860116250,94543866027000,5910750,6027000,116250,94543870000000,0,0,0
1,5016,94543870000000,94543870107375,94543875827500,5720125,5827500,107375,94543880000000,0,0,0
1,5017,94543880000000,94543880115375,94543885661125,5545750,5661125,115375,94543890000000,0,0,0
1,5018,94543890000000,94543890122125,94543895718375,5596250,5718375,122125,94543900000000,0,0,0
1,5019,94543900000000,94543900099875,94543906051500,5951625,6051500,99875,94543910000000,0,0,0
1,5020,94543910000000,94543910123625,94543915720625,5597000,5720625,123625,94543920000000,0,0,0
1,5021,94543920000000,94543920111125,94543925786125,5675000,5786125,111125,94543930000000,0,0,0
1,5022,94543930000000,94543930126875,94543935666875,5540000,5666875,126875,94543940000000,0,0,0
1,5023,94543940000000,94543940114875,94543945601750,5486875,5601750,114875,94543950000000,0,0,0
1,5024,94543950000000,94543950106750,94543955718500,5611750,5718500,106750,94543960000000,0,0,0
1,5025,94543960000000,94543960115500,94543965677250,5561750,5677250,115500,94543970000000,0,0,0
1,5026,94543970000000,94543970096750,94543975717750,5621000,5717750,96750,94543980000000,0,0,0
1,5027,94543980000000,94543980115125,94543985613875,5498750,5613875,115125,94543990000000,0,0,0
1,5028,94543990000000,94543990110125,94543995717875,5607750,5717875,110125,94544000000000,0,0,0
1,5029,94544000000000,94544000073625,94544005720875,5647250,5720875,73625,94544010000000,0,0,0
1,5030,94544010000000,94544010097875,94544015745000,5647125,5745000,97875,94544020000000,0,0,0
1,5031,94544020000000,94544020106625,94544025691625,5585000,5691625,106625,94544030000000,0,0,0
1,5032,94544030000000,94544030106250,94544035644125,5537875,5644125,106250,94544040000000,0,0,0
1,5033,94544040000000,94544040130375,94544045789500,5659125,5789500,130375,94544050000000,0,0,0
1,5034,94544050000000,94544050110500,94544055641750,5531250,5641750,110500,94544060000000,0,0,0
1,5035,94544060000000,94544060109000,94544065783375,5674375,5783375,109000,94544070000000,0,0,0
1,5036,94544070000000,94544070107375,94544075736375,5629000,5736375,107375,94544080000000,0,0,0
1,5037,94544080000000,94544080114125,94544085708125,5594000,5708125,114125,94544090000000,0,0,0
1,5038,94544090000000,94544090105000,94544095758375,5653375,5758375,105000,94544100000000,0,0,0
1,5039,94544100000000,94544100111625,94544105741000,5629375,5741000,111625,94544110000000,0,0,0
1,5040,94544110000000,94544110103125,94544116099250,5996125,6099250,103125,94544120000000,0,0,0
1,5041,94544120000000,94544120098250,94544125965875,5867625,5965875,98250,94544130000000,0,0,0
1,5042,94544130000000,94544130103625,94544135817250,5713625,5817250,103625,94544140000000,0,0,0
1,5043,94544140000000,94544140106375,94544145732750,5626375,5732750,106375,94544150000000,0,0,0
1,5044,94544150000000,94544150121625,94544155810750,5689125,5810750,121625,94544160000000,0,0,0
1,5045,94544160000000,94544160115000,94544165924750,5809750,5924750,115000,94544170000000,0,0,0
1,5046,94544170000000,94544170108750,94544175847750,5739000,5847750,108750,94544180000000,0,0,0
1,5047,94544180000000,94544180112250,94544185729000,5616750,5729000,112250,94544190000000,0,0,0
1,5048,94544190000000,94544190104625,94544195797000,5692375,5797000,104625,94544200000000,0,0,0
1,5049,94544200000000,94544200089875,94544205694500,5604625,5694500,89875,94544210000000,0,0,0
1,5050,94544210000000,94544210104125,94544215795375,5691250,5795375,104125,94544220000000,0,0,0
1,5051,94544220000000,94544220125000,94544225696875,5571875,5696875,125000,94544230000000,0,0,0
1,5052,94544230000000,94544230113750,94544235670625,5556875,5670625,113750,94544240000000,0,0,0
1,5053,94544240000000,94544240129375,94544245793125,5663750,5793125,129375,94544250000000,0,0,0
1,5054,94544250000000,94544250104750,94544255697875,5593125,5697875,104750,94544260000000,0,0,0
1,5055,94544260000000,94544260103125,94544265760500,5657375,5760500,103125,94544270000000,0,0,0
1,5056,94544270000000,94544270066000,94544275878000,5812000,5878000,66000,94544280000000,0,0,0
1,5057,94544280000000,94544280084500,94544285681375,5596875,5681375,84500,94544290000000,0,0,0
1,5058,94544290000000,94544290065250,94544295966875,5901625,5966875,65250,94544300000000,0,0,0
1,5059,94544300000000,94544300712250,94544306511750,5799500,6511750,712250,94544310000000,0,0,0
1,5060,94544310000000,94544310687250,94544316525000,5837750,6525000,687250,94544320000000,0,0,0
1,5061,94544320000000,94544320068375,94544325529000,5460625,5529000,68375,94544330000000,0,0,0
1,5062,94544330000000,94544330072250,94544335702125,5629875,5702125,72250,94544340000000,0,0,0
1,5063,94544340000000,94544340095000,94544345648125,5553125,5648125,95000,94544350000000,0,0,0
1,5064,94544350000000,94544352695250,94544359566375,6871125,9566375,2695250,94544360000000,0,0,0
1,5065,94544360000000,94544360077250,94544365861500,5784250,5861500,77250,94544370000000,0,0,0
1,5066,94544370000000,94544370080000,94544375741000,5661000,5741000,80000,94544380000000,0,0,0
1,5067,94544380000000,94544380076125,94544385965625,5889500,5965625,76125,94544390000000,0,0,0
1,5068,94544390000000,94544390070500,94544395796750,5726250,5796750,70500,94544400000000,0,0,0
1,5069,94544400000000,94544400028125,94544405616375,5588250,5616375,28125,94544410000000,0,0,0
1,5070,94544410000000,94544410067750,94544415694125,5626375,5694125,67750,94544420000000,0,0,0
1,5071,94544420000000,94544420071000,94544425729625,5658625,5729625,71000,94544430000000,0,0,0
1,5072,94544430000000,94544430085250,94544435715625,5630375,5715625,85250,94544440000000,0,0,0
1,5073,94544440000000,94544440080375,94544445979875,5899500,5979875,80375,94544450000000,0,0,0
1,5074,94544450000000,94544450095000,94544456059875,5964875,6059875,95000,94544460000000,0,0,0
1,5075,94544460000000,94544460069000,94544465793375,5724375,5793375,69000,94544470000000,0,0,0
1,5076,94544470000000,94544470076125,94544476063750,5987625,6063750,76125,94544480000000,0,0,0
1,5077,94544480000000,94544480073250,94544485996250,5923000,5996250,73250,94544490000000,0,0,0
1,5078,94544490000000,94544490068125,94544495664000,5595875,5664000,68125,94544500000000,0,0,0
1,5079,94544500000000,94544500072250,94544506167625,6095375,6167625,72250,94544510000000,0,0,0
1,5080,94544510000000,94544510081250,94544515988250,5907000,5988250,81250,94544520000000,0,0,0
1,5081,94544520000000,94544520069125,94544525986375,5917250,5986375,69125,94544530000000,0,0,0
1,5082,94544530000000,94544530083250,94544535662750,5579500,5662750,83250,94544540000000,0,0,0
1,5083,94544540000000,94544540079750,94544545594000,5514250,5594000,79750,94544550000000,0,0,0
1,5084,94544550000000,94544550071375,94544555757875,5686500,5757875,71375,94544560000000,0,0,0
1,5085,94544560000000,94544560066000,94544565788500,5722500,5788500,66000,94544570000000,0,0,0
1,5086,94544570000000,94544570080000,94544575266750,5186750,5266750,80000,94544580000000,0,0,0
1,5087,94544580000000,94544580070750,94544585423250,5352500,5423250,70750,94544590000000,0,0,0
1,5088,94544590000000,94544590067000,94544595551000,5484000,5551000,67000,94544600000000,0,0,0
1,5089,94544600000000,94544600070500,94544605733875,5663375,5733875,70500,94544610000000,0,0,0
1,5090,94544610000000,94544610067750,94544615462375,5394625,5462375,67750,94544620000000,0,0,0
1,5091,94544620000000,94544620067875,94544625691625,5623750,5691625,67875,94544630000000,0,0,0
1,5092,94544630000000,94544630110250,94544635700000,5589750,5700000,110250,94544640000000,0,0,0
1,5093,94544640000000,94544640080500,94544645680250,5599750,5680250,80500,94544650000000,0,0,0
1,5094,94544650000000,94544650105125,94544655402500,5297375,5402500,105125,94544660000000,0,0,0
1,5095,94544660000000,94544660101000,94544665947750,5846750,5947750,101000,94544670000000,0,0,0
1,5096,94544670000000,94544670090250,94544676266750,6176500,6266750,90250,94544680000000,0,0,0
1,5097,94544680000000,94544680081500,94544685960125,5878625,5960125,81500,94544690000000,0,0,0
1,5098,94544690000000,94544690083125,94544695130500,5047375,5130500,83125,94544700000000,0,0,0
1,5099,94544700000000,94544700082250,94544704956875,4874625,4956875,82250,94544710000000,0,0,0
1,5100,94544710000000,94544710065625,94544715692875,5627250,5692875,65625,94544720000000,0,0,0
1,5101,94544720000000,94544720073875,94544725529750,5455875,5529750,73875,94544730000000,0,0,0
1,5102,94544730000000,94544730064875,94544735367625,5302750,5367625,64875,94544740000000,0,0,0
1,5103,94544740000000,94544740095375,94544745559375,5464000,5559375,95375,94544750000000,0,0,0
1,5104,94544750000000,94544750088250,94544755385250,5297000,5385250,88250,94544760000000,0,0,0
1,5105,94544760000000,94544760130375,94544765617500,5487125,5617500,130375,94544770000000,0,0,0
1,5106,94544770000000,94544770100625,94544775593125,5492500,5593125,100625,94544780000000,0,0,0
1,5107,94544780000000,94544780109625,94544785406875,5297250,5406875,109625,94544790000000,0,0,0
1,5108,94544790000000,94544790094375,94544795635875,5541500,5635875,94375,94544800000000,0,0,0
1,5109,94544800000000,94544800102375,94544805585750,5483375,5585750,102375,94544810000000,0,0,0
1,5110,94544810000000,94544810084625,94544816121250,6036625,6121250,84625,94544820000000,0,0,0
1,5111,94544820000000,94544820089875,94544825705500,5615625,5705500,89875,94544830000000,0,0,0
1,5112,94544830000000,94544830067500,94544835704375,5636875,5704375,67500,94544840000000,0,0,0
1,5113,94544840000000,94544840112000,94544845781250,5669250,5781250,112000,94544850000000,0,0,0
1,5114,94544850000000,94544850096125,94544855764500,5668375,5764500,96125,94544860000000,0,0,0
1,5115,94544860000000,94544860113000,94544866070000,5957000,6070000,113000,94544870000000,0,0,0
1,5116,94544870000000,94544870107000,94544875907750,5800750,5907750,107000,94544880000000,0,0,0
1,5117,94544880000000,94544880109375,94544885788625,5679250,5788625,109375,94544890000000,0,0,0
1,5118,94544890000000,94544890083750,94544895624000,5540250,5624000,83750,94544900000000,0,0,0
1,5119,94544900000000,94544900112500,94544905968750,5856250,5968750,112500,94544910000000,0,0,0
1,5120,94544910000000,94544910126875,94544915793625,5666750,5793625,126875,94544920000000,0,0,0
1,5121,94544920000000,94544920111000,94544925801250,5690250,5801250,111000,94544930000000,0,0,0
1,5122,94544930000000,94544930082625,94544935803000,5720375,5803000,82625,94544940000000,0,0,0
1,5123,94544940000000,94544940117250,94544945780625,5663375,5780625,117250,94544950000000,0,0,0
1,5124,94544950000000,94544950110375,94544955736250,5625875,5736250,110375,94544960000000,0,0,0
1,5125,94544960000000,94544960109375,94544965791250,5681875,5791250,109375,94544970000000,0,0,0
1,5126,94544970000000,94544970105750,94544975799875,5694125,5799875,105750,94544980000000,0,0,0
1,5127,94544980000000,94544980106375,94544985687000,5580625,5687000,106375,94544990000000,0,0,0
1,5128,94544990000000,94544990071375,94544995691250,5619875,5691250,71375,94545000000000,0,0,0
1,5129,94545000000000,94545000128750,94545005696875,5568125,5696875,128750,94545010000000,0,0,0
1,5130,94545010000000,94545010105250,94545015700000,5594750,5700000,105250,94545020000000,0,0,0
1,5131,94545020000000,94545020072375,94545025712750,5640375,5712750,72375,94545030000000,0,0,0
1,5132,94545030000000,94545030112250,94545035852375,5740125,5852375,112250,94545040000000,0,0,0
1,5133,94545040000000,94545040116250,94545045609625,5493375,5609625,116250,94545050000000,0,0,0
1,5134,94545050000000,94545050107375,94545055794750,5687375,5794750,107375,94545060000000,0,0,0
1,5135,94545060000000,94545060111500,94545065708625,5597125,5708625,111500,94545070000000,0,0,0
1,5136,94545070000000,94545070099500,94545075779875,5680375,5779875,99500,94545080000000,0,0,0
1,5137,94545080000000,94545080111375,94545085840875,5729500,5840875,111375,94545090000000,0,0,0
1,5138,94545090000000,94545090101375,94545095727125,5625750,5727125,101375,94545100000000,0,0,0
1,5139,94545100000000,94545100109750,94545105697875,5588125,5697875,109750,94545110000000,0,0,0
1,5140,94545110000000,94545110127125,94545115683000,5555875,5683000,127125,94545120000000,0,0,0
1,5141,94545120000000,94545120114250,94545125659000,5544750,5659000,114250,94545130000000,0,0,0
1,5142,94545130000000,94545130106750,94545135808500,5701750,5808500,106750,94545140000000,0,0,0
1,5143,94545140000000,94545140118750,94545145840875,5722125,5840875,118750,94545150000000,0,0,0
1,5144,94545150000000,94545150109125,94545155893250,5784125,5893250,109125,94545160000000,0,0,0
1,5145,94545160000000,94545160109375,94545165685625,5576250,5685625,109375,94545170000000,0,0,0
1,5146,94545170000000,94545170105625,94545175774750,5669125,5774750,105625,94545180000000,0,0,0
1,5147,94545180000000,94545180106250,94545185813375,5707125,5813375,106250,94545190000000,0,0,0
1,5148,94545190000000,94545190107750,94545195742000,5634250,5742000,107750,94545200000000,0,0,0
1,5149,94545200000000,94545200128750,94545205761875,5633125,5761875,128750,94545210000000,0,0,0
1,5150,94545210000000,94545210110250,94545215778375,5668125,5778375,110250,94545220000000,0,0,0
1,5151,94545220000000,94545220092625,94545225756375,5663750,5756375,92625,94545230000000,0,0,0
1,5152,94545230000000,94545230112125,94545235723625,5611500,5723625,112125,94545240000000,0,0,0
1,5153,94545240000000,94545240108875,94545245691750,5582875,5691750,108875,94545250000000,0,0,0
1,5154,94545250000000,94545250108875,94545255686625,5577750,5686625,108875,94545260000000,0,0,0
1,5155,94545260000000,94545260113875,94545265717500,5603625,5717500,113875,94545270000000,0,0,0
1,5156,94545270000000,94545270111000,94545275702625,5591625,5702625,111000,94545280000000,0,0,0
1,5157,94545280000000,94545280114375,94545285686625,5572250,5686625,114375,94545290000000,0,0,0
1,5158,94545290000000,94545290112125,94545295736875,5624750,5736875,112125,94545300000000,0,0,0
1,5159,94545300000000,94545300111375,94545306008125,5896750,6008125,111375,94545310000000,0,0,0
1,5160,94545310000000,94545310105625,94545315902875,5797250,5902875,105625,94545320000000,0,0,0
1,5161,94545320000000,94545320109500,94545325720625,5611125,5720625,109500,94545330000000,0,0,0
1,5162,94545330000000,94545330120500,94545335744375,5623875,5744375,120500,94545340000000,0,0,0
1,5163,94545340000000,94545340111750,94545345670625,5558875,5670625,111750,94545350000000,0,0,0
1,5164,94545350000000,94545350125000,94545355761500,5636500,5761500,125000,94545360000000,0,0,0
1,5165,94545360000000,94545360116750,94545365740125,5623375,5740125,116750,94545370000000,0,0,0
1,5166,94545370000000,94545370105750,94545375744625,5638875,5744625,105750,94545380000000,0,0,0
1,5167,94545380000000,94545380111125,94545385679625,5568500,5679625,111125,94545390000000,0,0,0
1,5168,94545390000000,94545390109500,94545395731000,5621500,5731000,109500,94545400000000,0,0,0
1,5169,94545400000000,94545400112250,94545405789750,5677500,5789750,112250,94545410000000,0,0,0
1,5170,94545410000000,94545410109000,94545415707375,5598375,5707375,109000,94545420000000,0,0,0
1,5171,94545420000000,94545420105375,94545425628000,5522625,5628000,105375,94545430000000,0,0,0
1,5172,94545430000000,94545430093625,94545435645875,5552250,5645875,93625,94545440000000,0,0,0
1,5173,94545440000000,94545440127125,94545445828000,5700875,5828000,127125,94545450000000,0,0,0
1,5174,94545450000000,94545450109375,94545455732750,5623375,5732750,109375,94545460000000,0,0,0
1,5175,94545460000000,94545460106625,94545465714875,5608250,5714875,106625,94545470000000,0,0,0
1,5176,94545470000000,94545470112250,94545475763625,5651375,5763625,112250,94545480000000,0,0,0
1,5177,94545480000000,94545480112625,94545485680625,5568000,5680625,112625,94545490000000,0,0,0
1,5178,94545490000000,94545490103250,94545495791375,5688125,5791375,103250,94545500000000,0,0,0
1,5179,94545500000000,94545500111500,94545506139875,6028375,6139875,111500,94545510000000,0,0,0
1,5180,94545510000000,94545510105000,94545515753625,5648625,5753625,105000,94545520000000,0,0,0
1,5181,94545520000000,94545520088625,94545525636375,5547750,5636375,88625,94545530000000,0,0,0
1,5182,94545530000000,94545530123875,94545535639750,5515875,5639750,123875,94545540000000,0,0,0
1,5183,94545540000000,94545540103750,94545545714875,5611125,5714875,103750,94545550000000,0,0,0
1,5184,94545550000000,94545550103250,94545555687000,5583750,5687000,103250,94545560000000,0,0,0
1,5185,94545560000000,94545560109625,94545565764500,5654875,5764500,109625,94545570000000,0,0,0
1,5186,94545570000000,94545570104750,94545575811750,5707000,5811750,104750,94545580000000,0,0,0
1,5187,94545580000000,94545580110625,94545585689750,5579125,5689750,110625,94545590000000,0,0,0
1,5188,94545590000000,94545590106625,94545595788125,5681500,5788125,106625,94545600000000,0,0,0
1,5189,94545600000000,94545600104625,94545605887000,5782375,5887000,104625,94545610000000,0,0,0
1,5190,94545610000000,94545610107500,94545615747750,5640250,5747750,107500,94545620000000,0,0,0
1,5191,94545620000000,94545620128000,94545625698625,5570625,5698625,128000,94545630000000,0,0,0
1,5192,94545630000000,94545630071000,94545635766125,5695125,5766125,71000,94545640000000,0,0,0
1,5193,94545640000000,94545640125125,94545645681375,5556250,5681375,125125,94545650000000,0,0,0
1,5194,94545650000000,94545650104250,94545655756750,5652500,5756750,104250,94545660000000,0,0,0
1,5195,94545660000000,94545660109125,94545665788625,5679500,5788625,109125,94545670000000,0,0,0
1,5196,94545670000000,94545670107625,94545675772125,5664500,5772125,107625,94545680000000,0,0,0
1,5197,94545680000000,94545680113625,94545686072750,5959125,6072750,113625,94545690000000,0,0,0
1,5198,94545690000000,94545690110000,94545695885375,5775375,5885375,110000,94545700000000,0,0,0
1,5199,94545700000000,94545700111375,94545705835125,5723750,5835125,111375,94545710000000,0,0,0
1,5200,94545710000000,94545710102000,94545715653500,5551500,5653500,102000,94545720000000,0,0,0
1,5201,94545720000000,94545720110125,94545725749250,5639125,5749250,110125,94545730000000,0,0,0
1,5202,94545730000000,94545730123375,94545735793625,5670250,5793625,123375,94545740000000,0,0,0
1,5203,94545740000000,94545740109000,94545745698250,5589250,5698250,109000,94545750000000,0,0,0
1,5204,94545750000000,94545750109625,94545755752500,5642875,5752500,109625,94545760000000,0,0,0
1,5205,94545760000000,94545760107125,94545765683625,5576500,5683625,107125,94545770000000,0,0,0
1,5206,94545770000000,94545770102125,94545775668750,5566625,5668750,102125,94545780000000,0,0,0
1,5207,94545780000000,94545780104125,94545785576875,5472750,5576875,104125,94545790000000,0,0,0
1,5208,94545790000000,94545790105375,94545795724875,5619500,5724875,105375,94545800000000,0,0,0
1,5209,94545800000000,94545800104125,94545805646625,5542500,5646625,104125,94545810000000,0,0,0
1,5210,94545810000000,94545810102500,94545815761250,5658750,5761250,102500,94545820000000,0,0,0
1,5211,94545820000000,94545820107750,94545825705875,5598125,5705875,107750,94545830000000,0,0,0
1,5212,94545830000000,94545830110500,94545836193875,6083375,6193875,110500,94545840000000,0,0,0
1,5213,94545840000000,94545840091625,94545845951500,5859875,5951500,91625,94545850000000,0,0,0
1,5214,94545850000000,94545850104500,94545855978000,5873500,5978000,104500,94545860000000,0,0,0
1,5215,94545860000000,94545860091500,94545865861750,5770250,5861750,91500,94545870000000,0,0,0
1,5216,94545870000000,94545870105125,94545875800000,5694875,5800000,105125,94545880000000,0,0,0
1,5217,94545880000000,94545880125875,94545885704750,5578875,5704750,125875,94545890000000,0,0,0
1,5218,94545890000000,94545890102500,94545895809500,5707000,5809500,102500,94545900000000,0,0,0
1,5219,94545900000000,94545900106500,94545905759750,5653250,5759750,106500,94545910000000,0,0,0
1,5220,94545910000000,94545910104625,94545915703250,5598625,5703250,104625,94545920000000,0,0,0
1,5221,94545920000000,94545920109000,94545925708875,5599875,5708875,109000,94545930000000,0,0,0
1,5222,94545930000000,94545930101000,94545935752250,5651250,5752250,101000,94545940000000,0,0,0
1,5223,94545940000000,94545940085500,94545945562125,5476625,5562125,85500,94545950000000,0,0,0
1,5224,94545950000000,94545950076125,94545955730000,5653875,5730000,76125,94545960000000,0,0,0
1,5225,94545960000000,94545960111125,94545965816500,5705375,5816500,111125,94545970000000,0,0,0
1,5226,94545970000000,94545970124875,94545975760000,5635125,5760000,124875,94545980000000,0,0,0
1,5227,94545980000000,94545980108500,94545985893500,5785000,5893500,108500,94545990000000,0,0,0
1,5228,94545990000000,94545990126000,94545995866250,5740250,5866250,126000,94546000000000,0,0,0
1,5229,94546000000000,94546000109875,94546005773375,5663500,5773375,109875,94546010000000,0,0,0
1,5230,94546010000000,94546010108750,94546015826375,5717625,5826375,108750,94546020000000,0,0,0
1,5231,94546020000000,94546020115375,94546025648875,5533500,5648875,115375,94546030000000,0,0,0
1,5232,94546030000000,94546030105375,94546035675250,5569875,5675250,105375,94546040000000,0,0,0
1,5233,94546040000000,94546040073375,94546045586625,5513250,5586625,73375,94546050000000,0,0,0
1,5234,94546050000000,94546050104875,94546055726375,5621500,5726375,104875,94546060000000,0,0,0
1,5235,94546060000000,94546060105875,94546065620875,5515000,5620875,105875,94546070000000,0,0,0
1,5236,94546070000000,94546070104125,94546075834000,5729875,5834000,104125,94546080000000,0,0,0
1,5237,94546080000000,94546080110625,94546085684500,5573875,5684500,110625,94546090000000,0,0,0
1,5238,94546090000000,94546090103625,94546095749500,5645875,5749500,103625,94546100000000,0,0,0
1,5239,94546100000000,94546100125375,94546105908625,5783250,5908625,125375,94546110000000,0,0,0
1,5240,94546110000000,94546110105750,94546115736250,5630500,5736250,105750,94546120000000,0,0,0
1,5241,94546120000000,94546120111500,94546125703125,5591625,5703125,111500,94546130000000,0,0,0
1,5242,94546130000000,94546130101500,94546135663125,5561625,5663125,101500,94546140000000,0,0,0
1,5243,94546140000000,94546140111250,94546145802875,5691625,5802875,111250,94546150000000,0,0,0
1,5244,94546150000000,94546150102750,94546155686000,5583250,5686000,102750,94546160000000,0,0,0
1,5245,94546160000000,94546160110375,94546165706375,5596000,5706375,110375,94546170000000,0,0,0
1,5246,94546170000000,94546170122625,94546175719500,5596875,5719500,122625,94546180000000,0,0,0
1,5247,94546180000000,94546180114375,94546185720750,5606375,5720750,114375,94546190000000,0,0,0
1,5248,94546190000000,94546190122125,94546195774250,5652125,5774250,122125,94546200000000,0,0,0
1,5249,94546200000000,94546200112750,94546205705000,5592250,5705000,112750,94546210000000,0,0,0
1,5250,94546210000000,94546210122875,94546215776750,5653875,5776750,122875,94546220000000,0,0,0
1,5251,94546220000000,94546220112500,94546225815625,5703125,5815625,112500,94546230000000,0,0,0
1,5252,94546230000000,94546230129000,94546235820750,5691750,5820750,129000,94546240000000,0,0,0
1,5253,94546240000000,94546240093375,94546245849750,5756375,5849750,93375,94546250000000,0,0,0
1,5254,94546250000000,94546250102375,94546255763125,5660750,5763125,102375,94546260000000,0,0,0
1,5255,94546260000000,94546260108375,94546265698250,5589875,5698250,108375,94546270000000,0,0,0
1,5256,94546270000000,94546270105625,94546275798000,5692375,5798000,105625,94546280000000,0,0,0
1,5257,94546280000000,94546280114125,94546285611000,5496875,5611000,114125,94546290000000,0,0,0
1,5258,94546290000000,94546290101750,94546295744000,5642250,5744000,101750,94546300000000,0,0,0
1,5259,94546300000000,94546300107125,94546305847125,5740000,5847125,107125,94546310000000,0,0,0
1,5260,94546310000000,94546310109875,94546316078125,5968250,6078125,109875,94546320000000,0,0,0
1,5261,94546320000000,94546320094875,94546325759000,5664125,5759000,94875,94546330000000,0,0,0
1,5262,94546330000000,94546330106125,94546335771250,5665125,5771250,106125,94546340000000,0,0,0
1,5263,94546340000000,94546340129625,94546345737250,5607625,5737250,129625,94546350000000,0,0,0
1,5264,94546350000000,94546350103250,94546355720750,5617500,5720750,103250,94546360000000,0,0,0
1,5265,94546360000000,94546360110125,94546365946250,5836125,5946250,110125,94546370000000,0,0,0
1,5266,94546370000000,94546370112250,94546375677750,5565500,5677750,112250,94546380000000,0,0,0
1,5267,94546380000000,94546380107375,94546385696750,5589375,5696750,107375,94546390000000,0,0,0
1,5268,94546390000000,94546390100250,94546395678750,5578500,5678750,100250,94546400000000,0,0,0
1,5269,94546400000000,94546400104875,94546405741125,5636250,5741125,104875,94546410000000,0,0,0
1,5270,94546410000000,94546410104500,94546415697125,5592625,5697125,104500,94546420000000,0,0,0
1,5271,94546420000000,94546420110250,94546425674250,5564000,5674250,110250,94546430000000,0,0,0
1,5272,94546430000000,94546430120750,94546435727875,5607125,5727875,120750,94546440000000,0,0,0
1,5273,94546440000000,94546440108750,94546445775000,5666250,5775000,108750,94546450000000,0,0,0
1,5274,94546450000000,94546450096625,94546455814750,5718125,5814750,96625,94546460000000,0,0,0
1,5275,94546460000000,94546460109750,94546465723625,5613875,5723625,109750,94546470000000,0,0,0
1,5276,94546470000000,94546470106375,94546475731750,5625375,5731750,106375,94546480000000,0,0,0
1,5277,94546480000000,94546480112375,94546485647750,5535375,5647750,112375,94546490000000,0,0,0
1,5278,94546490000000,94546490102750,94546495763000,5660250,5763000,102750,94546500000000,0,0,0
1,5279,94546500000000,94546500112000,94546505725500,5613500,5725500,112000,94546510000000,0,0,0
1,5280,94546510000000,94546510107125,94546515779750,5672625,5779750,107125,94546520000000,0,0,0
1,5281,94546520000000,94546520105750,94546525756375,5650625,5756375,105750,94546530000000,0,0,0
1,5282,94546530000000,94546530101875,94546535762375,5660500,5762375,101875,94546540000000,0,0,0
1,5283,94546540000000,94546540125375,94546545691875,5566500,5691875,125375,94546550000000,0,0,0
1,5284,94546550000000,94546550106125,94546555725875,5619750,5725875,106125,94546560000000,0,0,0
1,5285,94546560000000,94546560109375,94546565702250,5592875,5702250,109375,94546570000000,0,0,0
1,5286,94546570000000,94546570104250,94546575770000,5665750,5770000,104250,94546580000000,0,0,0
1,5287,94546580000000,94546580109000,94546585728625,5619625,5728625,109000,94546590000000,0,0,0
1,5288,94546590000000,94546590106750,94546595613125,5506375,5613125,106750,94546600000000,0,0,0
1,5289,94546600000000,94546600111625,94546605670375,5558750,5670375,111625,94546610000000,0,0,0
1,5290,94546610000000,94546610104000,94546615722625,5618625,5722625,104000,94546620000000,0,0,0
1,5291,94546620000000,94546620106000,94546625730375,5624375,5730375,106000,94546630000000,0,0,0
1,5292,94546630000000,94546630105000,94546635771500,5666500,5771500,105000,94546640000000,0,0,0
1,5293,94546640000000,94546640113375,94546645738250,5624875,5738250,113375,94546650000000,0,0,0
1,5294,94546650000000,94546650069125,94546655749125,5680000,5749125,69125,94546660000000,0,0,0
1,5295,94546660000000,94546660108875,94546665587875,5479000,5587875,108875,94546670000000,0,0,0
1,5296,94546670000000,94546670122750,94546675791875,5669125,5791875,122750,94546680000000,0,0,0
1,5297,94546680000000,94546680104000,94546685718375,5614375,5718375,104000,94546690000000,0,0,0
1,5298,94546690000000,94546690109500,94546695695875,5586375,5695875,109500,94546700000000,0,0,0
1,5299,94546700000000,94546700110250,94546705699500,5589250,5699500,110250,94546710000000,0,0,0
1,5300,94546710000000,94546710102000,94546715727375,5625375,5727375,102000,94546720000000,0,0,0
1,5301,94546720000000,94546720108375,94546725635000,5526625,5635000,108375,94546730000000,0,0,0
1,5302,94546730000000,94546730108250,94546735678125,5569875,5678125,108250,94546740000000,0,0,0
1,5303,94546740000000,94546740125875,94546745759875,5634000,5759875,125875,94546750000000,0,0,0
1,5304,94546750000000,94546750107375,94546755732000,5624625,5732000,107375,94546760000000,0,0,0
1,5305,94546760000000,94546760128500,94546765688875,5560375,5688875,128500,94546770000000,0,0,0
1,5306,94546770000000,94546770109625,94546775803000,5693375,5803000,109625,94546780000000,0,0,0
1,5307,94546780000000,94546780131000,94546785980625,5849625,5980625,131000,94546790000000,0,0,0
1,5308,94546790000000,94546790106625,94546795757000,5650375,5757000,106625,94546800000000,0,0,0
1,5309,94546800000000,94546800088375,94546805730750,5642375,5730750,88375,94546810000000,0,0,0
1,5310,94546810000000,94546810103375,94546815789000,5685625,5789000,103375,94546820000000,0,0,0
1,5311,94546820000000,94546820115250,94546825692875,5577625,5692875,115250,94546830000000,0,0,0
1,5312,94546830000000,94546830099250,94546835756625,5657375,5756625,99250,94546840000000,0,0,0
1,5313,94546840000000,94546840110125,94546845740250,5630125,5740250,110125,94546850000000,0,0,0
1,5314,94546850000000,94546850101875,94546856114250,6012375,6114250,101875,94546860000000,0,0,0
1,5315,94546860000000,94546860093375,94546865708375,5615000,5708375,93375,94546870000000,0,0,0
1,5316,94546870000000,94546870121500,94546875777750,5656250,5777750,121500,94546880000000,0,0,0
1,5317,94546880000000,94546880112750,94546885699750,5587000,5699750,112750,94546890000000,0,0,0
1,5318,94546890000000,94546890123250,94546895680250,5557000,5680250,123250,94546900000000,0,0,0
1,5319,94546900000000,94546900108750,94546905766625,5657875,5766625,108750,94546910000000,0,0,0
1,5320,94546910000000,94546910071000,94546915847000,5776000,5847000,71000,94546920000000,0,0,0
1,5321,94546920000000,94546920114750,94546925829000,5714250,5829000,114750,94546930000000,0,0,0
1,5322,94546930000000,94546930104875,94546935717375,5612500,5717375,104875,94546940000000,0,0,0
1,5323,94546940000000,94546940115375,94546945852125,5736750,5852125,115375,94546950000000,0,0,0
1,5324,94546950000000,94546950105375,94546955872125,5766750,5872125,105375,94546960000000,0,0,0
1,5325,94546960000000,94546960105500,94546965742875,5637375,5742875,105500,94546970000000,0,0,0
1,5326,94546970000000,94546970105625,94546975905250,5799625,5905250,105625,94546980000000,0,0,0
1,5327,94546980000000,94546980106500,94546985670500,5564000,5670500,106500,94546990000000,0,0,0
1,5328,94546990000000,94546990107500,94546995700875,5593375,5700875,107500,94547000000000,0,0,0
1,5329,94547000000000,94547000126500,94547005690250,5563750,5690250,126500,94547010000000,0,0,0
1,5330,94547010000000,94547010104500,94547015651625,5547125,5651625,104500,94547020000000,0,0,0
1,5331,94547020000000,94547020112000,94547025985250,5873250,5985250,112000,94547030000000,0,0,0
1,5332,94547030000000,94547030108375,94547035757750,5649375,5757750,108375,94547040000000,0,0,0
1,5333,94547040000000,94547040071375,94547046013375,5942000,6013375,71375,94547050000000,0,0,0
1,5334,94547050000000,94547050071750,94547055951375,5879625,5951375,71750,94547060000000,0,0,0
1,5335,94547060000000,94547060072250,94547065652375,5580125,5652375,72250,94547070000000,0,0,0
1,5336,94547070000000,94547070101875,94547075937750,5835875,5937750,101875,94547080000000,0,0,0
1,5337,94547080000000,94547080112000,94547085709250,5597250,5709250,112000,94547090000000,0,0,0
1,5338,94547090000000,94547090122750,94547095849000,5726250,5849000,122750,94547100000000,0,0,0
1,5339,94547100000000,94547100114125,94547105755875,5641750,5755875,114125,94547110000000,0,0,0
1,5340,94547110000000,94547110123375,94547115743625,5620250,5743625,123375,94547120000000,0,0,0
1,5341,94547120000000,94547120111625,94547125767750,5656125,5767750,111625,94547130000000,0,0,0
1,5342,94547130000000,94547130125875,94547135822500,5696625,5822500,125875,94547140000000,0,0,0
1,5343,94547140000000,94547140109625,94547145706375,5596750,5706375,109625,94547150000000,0,0,0
1,5344,94547150000000,94547150105875,94547155797875,5692000,5797875,105875,94547160000000,0,0,0
1,5345,94547160000000,94547160111750,94547165719750,5608000,5719750,111750,94547170000000,0,0,0
1,5346,94547170000000,94547170105250,94547175765125,5659875,5765125,105250,94547180000000,0,0,0
1,5347,94547180000000,94547180102750,94547185782875,5680125,5782875,102750,94547190000000,0,0,0
1,5348,94547190000000,94547190111500,94547195805875,5694375,5805875,111500,94547200000000,0,0,0
1,5349,94547200000000,94547200107375,94547205975500,5868125,5975500,107375,94547210000000,0,0,0
1,5350,94547210000000,94547210107750,94547215881000,5773250,5881000,107750,94547220000000,0,0,0
1,5351,94547220000000,94547220089000,94547225702750,5613750,5702750,89000,94547230000000,0,0,0
1,5352,94547230000000,94547230108625,94547235719750,5611125,5719750,108625,94547240000000,0,0,0
1,5353,94547240000000,94547240130000,94547245641125,5511125,5641125,130000,94547250000000,0,0,0
1,5354,94547250000000,94547250104750,94547255746125,5641375,5746125,104750,94547260000000,0,0,0
1,5355,94547260000000,94547260085500,94547265998125,5912625,5998125,85500,94547270000000,0,0,0
1,5356,94547270000000,94547270112500,94547275729250,5616750,5729250,112500,94547280000000,0,0,0
1,5357,94547280000000,94547280108000,94547285659875,5551875,5659875,108000,94547290000000,0,0,0
1,5358,94547290000000,94547290103500,94547295784875,5681375,5784875,103500,94547300000000,0,0,0
1,5359,94547300000000,94547300115000,94547306125250,6010250,6125250,115000,94547310000000,0,0,0
1,5360,94547310000000,94547310110500,94547315787375,5676875,5787375,110500,94547320000000,0,0,0
1,5361,94547320000000,94547320111375,94547325758750,5647375,5758750,111375,94547330000000,0,0,0
1,5362,94547330000000,94547330110625,94547335675375,5564750,5675375,110625,94547340000000,0,0,0
1,5363,94547340000000,94547340111750,94547345785875,5674125,5785875,111750,94547350000000,0,0,0
1,5364,94547350000000,94547350106375,94547355649625,5543250,5649625,106375,94547360000000,0,0,0
1,5365,94547360000000,94547360111875,94547365709375,5597500,5709375,111875,94547370000000,0,0,0
1,5366,94547370000000,94547370121875,94547375704125,5582250,5704125,121875,94547380000000,0,0,0
1,5367,94547380000000,94547380113125,94547385803750,5690625,5803750,113125,94547390000000,0,0,0
1,5368,94547390000000,94547390124750,94547396071125,5946375,6071125,124750,94547400000000,0,0,0
1,5369,94547400000000,94547400096750,94547405730875,5634125,5730875,96750,94547410000000,0,0,0
1,5370,94547410000000,94547410105625,94547415847875,5742250,5847875,105625,94547420000000,0,0,0
1,5371,94547420000000,94547420109625,94547425675500,5565875,5675500,109625,94547430000000,0,0,0
1,5372,94547430000000,94547430109125,94547435804875,5695750,5804875,109125,94547440000000,0,0,0
1,5373,94547440000000,94547440072500,94547446075125,6002625,6075125,72500,94547450000000,0,0,0
1,5374,94547450000000,94547450105625,94547455946500,5840875,5946500,105625,94547460000000,0,0,0
1,5375,94547460000000,94547460091625,94547465794875,5703250,5794875,91625,94547470000000,0,0,0
1,5376,94547470000000,94547470100250,94547475673500,5573250,5673500,100250,94547480000000,0,0,0
1,5377,94547480000000,94547480130250,94547485815750,5685500,5815750,130250,94547490000000,0,0,0
1,5378,94547490000000,94547490108625,94547495752875,5644250,5752875,108625,94547500000000,0,0,0
1,5379,94547500000000,94547500104250,94547505758500,5654250,5758500,104250,94547510000000,0,0,0
1,5380,94547510000000,94547510109000,94547515698750,5589750,5698750,109000,94547520000000,0,0,0
1,5381,94547520000000,94547520108250,94547525706250,5598000,5706250,108250,94547530000000,0,0,0
1,5382,94547530000000,94547530101500,94547535669000,5567500,5669000,101500,94547540000000,0,0,0
1,5383,94547540000000,94547540110000,94547545643500,5533500,5643500,110000,94547550000000,0,0,0
1,5384,94547550000000,94547550118125,94547555739250,5621125,5739250,118125,94547560000000,0,0,0
1,5385,94547560000000,94547560112375,94547565700375,5588000,5700375,112375,94547570000000,0,0,0
1,5386,94547570000000,94547570107500,94547575816500,5709000,5816500,107500,94547580000000,0,0,0
1,5387,94547580000000,94547580112125,94547585853500,5741375,5853500,112125,94547590000000,0,0,0
1,5388,94547590000000,94547590103250,94547595817250,5714000,5817250,103250,94547600000000,0,0,0
1,5389,94547600000000,94547600113875,94547605678875,5565000,5678875,113875,94547610000000,0,0,0
1,5390,94547610000000,94547610105500,94547615773500,5668000,5773500,105500,94547620000000,0,0,0
1,5391,94547620000000,94547620110125,94547625929375,5819250,5929375,110125,94547630000000,0,0,0
1,5392,94547630000000,94547630110875,94547635843125,5732250,5843125,110875,94547640000000,0,0,0
1,5393,94547640000000,94547640107125,94547645792125,5685000,5792125,107125,94547650000000,0,0,0
1,5394,94547650000000,94547650114875,94547655851625,5736750,5851625,114875,94547660000000,0,0,0
1,5395,94547660000000,94547660110875,94547665779750,5668875,5779750,110875,94547670000000,0,0,0
1,5396,94547670000000,94547670070875,94547675749500,5678625,5749500,70875,94547680000000,0,0,0
1,5397,94547680000000,94547680129250,94547685916500,5787250,5916500,129250,94547690000000,0,0,0
1,5398,94547690000000,94547690109000,94547695795750,5686750,5795750,109000,94547700000000,0,0,0
1,5399,94547700000000,94547700110750,94547705707750,5597000,5707750,110750,94547710000000,0,0,0
1,5400,94547710000000,94547710109250,94547715738000,5628750,5738000,109250,94547720000000,0,0,0
1,5401,94547720000000,94547720112875,94547725944750,5831875,5944750,112875,94547730000000,0,0,0
1,5402,94547730000000,94547730104375,94547735878375,5774000,5878375,104375,94547740000000,0,0,0
1,5403,94547740000000,94547740110750,94547745899000,5788250,5899000,110750,94547750000000,0,0,0
1,5404,94547750000000,94547750126000,94547755784000,5658000,5784000,126000,94547760000000,0,0,0
1,5405,94547760000000,94547760108125,94547765617625,5509500,5617625,108125,94547770000000,0,0,0
1,5406,94547770000000,94547770108500,94547775869250,5760750,5869250,108500,94547780000000,0,0,0
1,5407,94547780000000,94547780117625,94547785772500,5654875,5772500,117625,94547790000000,0,0,0
1,5408,94547790000000,94547790107625,94547795903375,5795750,5903375,107625,94547800000000,0,0,0
1,5409,94547800000000,94547800109250,94547805864625,5755375,5864625,109250,94547810000000,0,0,0
1,5410,94547810000000,94547810103625,94547815815625,5712000,5815625,103625,94547820000000,0,0,0
1,5411,94547820000000,94547820128000,94547825727750,5599750,5727750,128000,94547830000000,0,0,0
1,5412,94547830000000,94547830102000,94547835699125,5597125,5699125,102000,94547840000000,0,0,0
1,5413,94547840000000,94547840069250,94547845726750,5657500,5726750,69250,94547850000000,0,0,0
1,5414,94547850000000,94547850106500,94547855756750,5650250,5756750,106500,94547860000000,0,0,0
1,5415,94547860000000,94547860112375,94547865689000,5576625,5689000,112375,94547870000000,0,0,0
1,5416,94547870000000,94547870101875,94547875842625,5740750,5842625,101875,94547880000000,0,0,0
1,5417,94547880000000,94547880111500,94547885733500,5622000,5733500,111500,94547890000000,0,0,0
1,5418,94547890000000,94547890103125,94547895764625,5661500,5764625,103125,94547900000000,0,0,0
1,5419,94547900000000,94547900111375,94547905752000,5640625,5752000,111375,94547910000000,0,0,0
1,5420,94547910000000,94547910097250,94547915673625,5576375,5673625,97250,94547920000000,0,0,0
1,5421,94547920000000,94547920109375,94547925681875,5572500,5681875,109375,94547930000000,0,0,0
1,5422,94547930000000,94547930120875,94547935757375,5636500,5757375,120875,94547940000000,0,0,0
1,5423,94547940000000,94547940112250,94547945638875,5526625,5638875,112250,94547950000000,0,0,0
1,5424,94547950000000,94547950122125,94547955827750,5705625,5827750,122125,94547960000000,0,0,0
1,5425,94547960000000,94547960110000,94547965876375,5766375,5876375,110000,94547970000000,0,0,0
1,5426,94547970000000,94547970123250,94547975734250,5611000,5734250,123250,94547980000000,0,0,0
1,5427,94547980000000,94547980110750,94547985660000,5549250,5660000,110750,94547990000000,0,0,0
1,5428,94547990000000,94547990122500,94547995785000,5662500,5785000,122500,94548000000000,0,0,0
1,5429,94548000000000,94548000071250,94548005993750,5922500,5993750,71250,94548010000000,0,0,0
1,5430,94548010000000,94548010095125,94548015978125,5883000,5978125,95125,94548020000000,0,0,0
1,5431,94548020000000,94548020092875,94548025669750,5576875,5669750,92875,94548030000000,0,0,0
1,5432,94548030000000,94548030108250,94548035846500,5738250,5846500,108250,94548040000000,0,0,0
1,5433,94548040000000,94548040105750,94548045649000,5543250,5649000,105750,94548050000000,0,0,0
1,5434,94548050000000,94548050110125,94548055713625,5603500,5713625,110125,94548060000000,0,0,0
1,5435,94548060000000,94548060100375,94548065741125,5640750,5741125,100375,94548070000000,0,0,0
1,5436,94548070000000,94548070106125,94548075599000,5492875,5599000,106125,94548080000000,0,0,0
1,5437,94548080000000,94548080077500,94548085612125,5534625,5612125,77500,94548090000000,0,0,0
1,5438,94548090000000,94548090104750,94548095786375,5681625,5786375,104750,94548100000000,0,0,0
1,5439,94548100000000,94548100113500,94548105842750,5729250,5842750,113500,94548110000000,0,0,0
1,5440,94548110000000,94548110105750,94548115747500,5641750,5747500,105750,94548120000000,0,0,0
1,5441,94548120000000,94548120107375,94548125753750,5646375,5753750,107375,94548130000000,0,0,0
1,5442,94548130000000,94548130121125,94548135734250,5613125,5734250,121125,94548140000000,0,0,0
1,5443,94548140000000,94548140112000,94548145635625,5523625,5635625,112000,94548150000000,0,0,0
1,5444,94548150000000,94548150122375,94548155749125,5626750,5749125,122375,94548160000000,0,0,0
1,5445,94548160000000,94548160112000,94548165575750,5463750,5575750,112000,94548170000000,0,0,0
1,5446,94548170000000,94548170125375,94548175792625,5667250,5792625,125375,94548180000000,0,0,0
1,5447,94548180000000,94548180109625,94548185695625,5586000,5695625,109625,94548190000000,0,0,0
1,5448,94548190000000,94548190102125,94548195822125,5720000,5822125,102125,94548200000000,0,0,0
1,5449,94548200000000,94548200114500,94548205987125,5872625,5987125,114500,94548210000000,0,0,0
1,5450,94548210000000,94548210107250,94548215707625,5600375,5707625,107250,94548220000000,0,0,0
1,5451,94548220000000,94548220112875,94548225794625,5681750,5794625,112875,94548230000000,0,0,0
1,5452,94548230000000,94548230105500,94548236299500,6194000,6299500,105500,94548240000000,0,0,0
1,5453,94548240000000,94548240095625,94548246058875,5963250,6058875,95625,94548250000000,0,0,0
1,5454,94548250000000,94548250105375,94548255961250,5855875,5961250,105375,94548260000000,0,0,0
1,5455,94548260000000,94548260108375,94548265949250,5840875,5949250,108375,94548270000000,0,0,0
1,5456,94548270000000,94548270110375,94548275750625,5640250,5750625,110375,94548280000000,0,0,0
1,5457,94548280000000,94548280089375,94548285591375,5502000,5591375,89375,94548290000000,0,0,0
1,5458,94548290000000,94548290106750,94548295805000,5698250,5805000,106750,94548300000000,0,0,0
1,5459,94548300000000,94548300106750,94548305709375,5602625,5709375,106750,94548310000000,0,0,0
1,5460,94548310000000,94548310107750,94548315716250,5608500,5716250,107750,94548320000000,0,0,0
1,5461,94548320000000,94548320111625,94548325653750,5542125,5653750,111625,94548330000000,0,0,0
1,5462,94548330000000,94548330104375,94548335664125,5559750,5664125,104375,94548340000000,0,0,0
1,5463,94548340000000,94548340110250,94548345655500,5545250,5655500,110250,94548350000000,0,0,0
1,5464,94548350000000,94548350103250,94548355684500,5581250,5684500,103250,94548360000000,0,0,0
1,5465,94548360000000,94548360109625,94548365614000,5504375,5614000,109625,94548370000000,0,0,0
1,5466,94548370000000,94548370121875,94548375754625,5632750,5754625,121875,94548380000000,0,0,0
1,5467,94548380000000,94548380110125,94548385684500,5574375,5684500,110125,94548390000000,0,0,0
1,5468,94548390000000,94548390103375,94548395883125,5779750,5883125,103375,94548400000000,0,0,0
1,5469,94548400000000,94548400113000,94548405712625,5599625,5712625,113000,94548410000000,0,0,0
1,5470,94548410000000,94548410107750,94548415723375,5615625,5723375,107750,94548420000000,0,0,0
1,5471,94548420000000,94548420108125,94548425570375,5462250,5570375,108125,94548430000000,0,0,0
1,5472,94548430000000,94548430105875,94548435741875,5636000,5741875,105875,94548440000000,0,0,0
1,5473,94548440000000,94548440109125,94548445752875,5643750,5752875,109125,94548450000000,0,0,0
1,5474,94548450000000,94548450106000,94548455659000,5553000,5659000,106000,94548460000000,0,0,0
1,5475,94548460000000,94548460127750,94548465821375,5693625,5821375,127750,94548470000000,0,0,0
1,5476,94548470000000,94548470105875,94548475803875,5698000,5803875,105875,94548480000000,0,0,0
1,5477,94548480000000,94548480111375,94548485834375,5723000,5834375,111375,94548490000000,0,0,0
1,5478,94548490000000,94548490095625,94548495781000,5685375,5781000,95625,94548500000000,0,0,0
1,5479,94548500000000,94548500106500,94548505817375,5710875,5817375,106500,94548510000000,0,0,0
1,5480,94548510000000,94548510110875,94548515811125,5700250,5811125,110875,94548520000000,0,0,0
1,5481,94548520000000,94548520114000,94548525698500,5584500,5698500,114000,94548530000000,0,0,0
1,5482,94548530000000,94548530101750,94548535802875,5701125,5802875,101750,94548540000000,0,0,0
1,5483,94548540000000,94548540097625,94548545754000,5656375,5754000,97625,94548550000000,0,0,0
1,5484,94548550000000,94548550099625,94548555708625,5609000,5708625,99625,94548560000000,0,0,0
1,5485,94548560000000,94548560108000,94548565763750,5655750,5763750,108000,94548570000000,0,0,0
1,5486,94548570000000,94548570108250,94548575788750,5680500,5788750,108250,94548580000000,0,0,0
1,5487,94548580000000,94548580106500,94548585743125,5636625,5743125,106500,94548590000000,0,0,0
1,5488,94548590000000,94548590122625,94548595836000,5713375,5836000,122625,94548600000000,0,0,0
1,5489,94548600000000,94548600112375,94548605751250,5638875,5751250,112375,94548610000000,0,0,0
1,5490,94548610000000,94548610102125,94548615870250,5768125,5870250,102125,94548620000000,0,0,0
1,5491,94548620000000,94548620114500,94548625956125,5841625,5956125,114500,94548630000000,0,0,0
1,5492,94548630000000,94548630107625,94548635717500,5609875,5717500,107625,94548640000000,0,0,0
1,5493,94548640000000,94548640110750,94548645765000,5654250,5765000,110750,94548650000000,0,0,0
1,5494,94548650000000,94548650106500,94548655784500,5678000,5784500,106500,94548660000000,0,0,0
1,5495,94548660000000,94548660104875,94548665567625,5462750,5567625,104875,94548670000000,0,0,0
1,5496,94548670000000,94548670104750,94548675752125,5647375,5752125,104750,94548680000000,0,0,0
1,5497,94548680000000,94548680129625,94548685737750,5608125,5737750,129625,94548690000000,0,0,0
1,5498,94548690000000,94548690069875,94548695686375,5616500,5686375,69875,94548700000000,0,0,0
1,5499,94548700000000,94548700111875,94548705716875,5605000,5716875,111875,94548710000000,0,0,0
1,5500,94548710000000,94548710109875,94548715704500,5594625,5704500,109875,94548720000000,0,0,0
1,5501,94548720000000,94548720108000,94548725763000,5655000,5763000,108000,94548730000000,0,0,0
1,5502,94548730000000,94548730104875,94548735809375,5704500,5809375,104875,94548740000000,0,0,0
1,5503,94548740000000,94548740110375,94548745714625,5604250,5714625,110375,94548750000000,0,0,0
1,5504,94548750000000,94548750125125,94548755700750,5575625,5700750,125125,94548760000000,0,0,0
1,5505,94548760000000,94548760110375,94548765689125,5578750,5689125,110375,94548770000000,0,0,0
1,5506,94548770000000,94548770102125,94548775785125,5683000,5785125,102125,94548780000000,0,0,0
1,5507,94548780000000,94548780113000,94548786105875,5992875,6105875,113000,94548790000000,0,0,0
1,5508,94548790000000,94548790110250,94548795883625,5773375,5883625,110250,94548800000000,0,0,0
1,5509,94548800000000,94548800115250,94548805757875,5642625,5757875,115250,94548810000000,0,0,0
1,5510,94548810000000,94548810104250,94548815784000,5679750,5784000,104250,94548820000000,0,0,0
1,5511,94548820000000,94548820104125,94548825730250,5626125,5730250,104125,94548830000000,0,0,0
1,5512,94548830000000,94548830072875,94548835689500,5616625,5689500,72875,94548840000000,0,0,0
1,5513,94548840000000,94548840128875,94548845640125,5511250,5640125,128875,94548850000000,0,0,0
1,5514,94548850000000,94548850107375,94548855687625,5580250,5687625,107375,94548860000000,0,0,0
1,5515,94548860000000,94548860112250,94548865762000,5649750,5762000,112250,94548870000000,0,0,0
1,5516,94548870000000,94548870110625,94548875739000,5628375,5739000,110625,94548880000000,0,0,0
1,5517,94548880000000,94548880114750,94548885852250,5737500,5852250,114750,94548890000000,0,0,0
1,5518,94548890000000,94548890107500,94548895876125,5768625,5876125,107500,94548900000000,0,0,0
1,5519,94548900000000,94548900112375,94548906097500,5985125,6097500,112375,94548910000000,0,0,0
1,5520,94548910000000,94548910106125,94548915915125,5809000,5915125,106125,94548920000000,0,0,0
1,5521,94548920000000,94548920105000,94548925804750,5699750,5804750,105000,94548930000000,0,0,0
1,5522,94548930000000,94548930100625,94548935700875,5600250,5700875,100625,94548940000000,0,0,0
1,5523,94548940000000,94548940107000,94548945873625,5766625,5873625,107000,94548950000000,0,0,0
1,5524,94548950000000,94548950089375,94548955765375,5676000,5765375,89375,94548960000000,0,0,0
1,5525,94548960000000,94548960074375,94548965558625,5484250,5558625,74375,94548970000000,0,0,0
1,5526,94548970000000,94548970078250,94548975688625,5610375,5688625,78250,94548980000000,0,0,0
1,5527,94548980000000,94548980109000,94548985749125,5640125,5749125,109000,94548990000000,0,0,0
1,5528,94548990000000,94548990121250,94548995823625,5702375,5823625,121250,94549000000000,0,0,0
1,5529,94549000000000,94549000113625,94549005725125,5611500,5725125,113625,94549010000000,0,0,0
1,5530,94549010000000,94549010124875,94549015728875,5604000,5728875,124875,94549020000000,0,0,0
1,5531,94549020000000,94549020093625,94549025750375,5656750,5750375,93625,94549030000000,0,0,0
1,5532,94549030000000,94549030103000,94549035825125,5722125,5825125,103000,94549040000000,0,0,0
1,5533,94549040000000,94549040115250,94549046127750,6012500,6127750,115250,94549050000000,0,0,0
1,5534,94549050000000,94549050112250,94549056190375,6078125,6190375,112250,94549060000000,0,0,0
1,5535,94549060000000,94549060094750,94549065727750,5633000,5727750,94750,94549070000000,0,0,0
1,5536,94549070000000,94549070107250,94549075703875,5596625,5703875,107250,94549080000000,0,0,0
1,5537,94549080000000,94549080110875,94549085805625,5694750,5805625,110875,94549090000000,0,0,0
1,5538,94549090000000,94549090099750,94549095666000,5566250,5666000,99750,94549100000000,0,0,0
1,5539,94549100000000,94549100074125,94549105634750,5560625,5634750,74125,94549110000000,0,0,0
1,5540,94549110000000,94549110101750,94549115666875,5565125,5666875,101750,94549120000000,0,0,0
1,5541,94549120000000,94549120107125,94549125669750,5562625,5669750,107125,94549130000000,0,0,0
1,5542,94549130000000,94549130106500,94549135826000,5719500,5826000,106500,94549140000000,0,0,0
1,5543,94549140000000,94549140106375,94549145729750,5623375,5729750,106375,94549150000000,0,0,0
1,5544,94549150000000,94549150104500,94549155710000,5605500,5710000,104500,94549160000000,0,0,0
1,5545,94549160000000,94549160124875,94549165687875,5563000,5687875,124875,94549170000000,0,0,0
1,5546,94549170000000,94549170105250,94549175694125,5588875,5694125,105250,94549180000000,0,0,0
1,5547,94549180000000,94549180128500,94549185695875,5567375,5695875,128500,94549190000000,0,0,0
1,5548,94549190000000,94549190103625,94549195755000,5651375,5755000,103625,94549200000000,0,0,0
1,5549,94549200000000,94549200126125,94549205729000,5602875,5729000,126125,94549210000000,0,0,0
1,5550,94549210000000,94549210104000,94549215794375,5690375,5794375,104000,94549220000000,0,0,0
1,5551,94549220000000,94549220109125,94549225723750,5614625,5723750,109125,94549230000000,0,0,0
1,5552,94549230000000,94549230108750,94549235734000,5625250,5734000,108750,94549240000000,0,0,0
1,5553,94549240000000,94549240110750,94549245737250,5626500,5737250,110750,94549250000000,0,0,0
1,5554,94549250000000,94549250110000,94549255730750,5620750,5730750,110000,94549260000000,0,0,0
1,5555,94549260000000,94549260111250,94549265955750,5844500,5955750,111250,94549270000000,0,0,0
1,5556,94549270000000,94549270104000,94549275844250,5740250,5844250,104000,94549280000000,0,0,0
1,5557,94549280000000,94549280108750,94549285701375,5592625,5701375,108750,94549290000000,0,0,0
1,5558,94549290000000,94549290123125,94549295800625,5677500,5800625,123125,94549300000000,0,0,0
1,5559,94549300000000,94549300092375,94549305668250,5575875,5668250,92375,94549310000000,0,0,0
1,5560,94549310000000,94549310105375,94549315775000,5669625,5775000,105375,94549320000000,0,0,0
1,5561,94549320000000,94549320112750,94549325963125,5850375,5963125,112750,94549330000000,0,0,0
1,5562,94549330000000,94549330111125,94549335677375,5566250,5677375,111125,94549340000000,0,0,0
1,5563,94549340000000,94549340114750,94549345581000,5466250,5581000,114750,94549350000000,0,0,0
1,5564,94549350000000,94549350109000,94549355667875,5558875,5667875,109000,94549360000000,0,0,0
1,5565,94549360000000,94549360065375,94549365923125,5857750,5923125,65375,94549370000000,0,0,0
1,5566,94549370000000,94549370108625,94549375701625,5593000,5701625,108625,94549380000000,0,0,0
1,5567,94549380000000,94549380129625,94549385727875,5598250,5727875,129625,94549390000000,0,0,0
1,5568,94549390000000,94549390104375,94549395678500,5574125,5678500,104375,94549400000000,0,0,0
1,5569,94549400000000,94549400129000,94549405693625,5564625,5693625,129000,94549410000000,0,0,0
1,5570,94549410000000,94549410104375,94549415830375,5726000,5830375,104375,94549420000000,0,0,0
1,5571,94549420000000,94549420127750,94549425806250,5678500,5806250,127750,94549430000000,0,0,0
1,5572,94549430000000,94549430106750,94549435838625,5731875,5838625,106750,94549440000000,0,0,0
1,5573,94549440000000,94549440108125,94549445830125,5722000,5830125,108125,94549450000000,0,0,0
1,5574,94549450000000,94549450110500,94549455694625,5584125,5694625,110500,94549460000000,0,0,0
1,5575,94549460000000,94549460114000,94549465679875,5565875,5679875,114000,94549470000000,0,0,0
1,5576,94549470000000,94549470107375,94549475735875,5628500,5735875,107375,94549480000000,0,0,0
1,5577,94549480000000,94549480111625,94549485602250,5490625,5602250,111625,94549490000000,0,0,0
1,5578,94549490000000,94549490099250,94549495777500,5678250,5777500,99250,94549500000000,0,0,0
1,5579,94549500000000,94549500107750,94549505815375,5707625,5815375,107750,94549510000000,0,0,0
1,5580,94549510000000,94549510100000,94549515870875,5770875,5870875,100000,94549520000000,0,0,0
1,5581,94549520000000,94549520114125,94549525823625,5709500,5823625,114125,94549530000000,0,0,0
1,5582,94549530000000,94549530103500,94549535791875,5688375,5791875,103500,94549540000000,0,0,0
1,5583,94549540000000,94549540112000,94549545753625,5641625,5753625,112000,94549550000000,0,0,0
1,5584,94549550000000,94549550126000,94549555796500,5670500,5796500,126000,94549560000000,0,0,0
1,5585,94549560000000,94549560112750,94549565959500,5846750,5959500,112750,94549570000000,0,0,0
1,5586,94549570000000,94549570123250,94549575813625,5690375,5813625,123250,94549580000000,0,0,0
1,5587,94549580000000,94549580113875,94549585749000,5635125,5749000,113875,94549590000000,0,0,0
1,5588,94549590000000,94549590103375,94549595724125,5620750,5724125,103375,94549600000000,0,0,0
1,5589,94549600000000,94549600113625,94549605724750,5611125,5724750,113625,94549610000000,0,0,0
1,5590,94549610000000,94549610102375,94549615738875,5636500,5738875,102375,94549620000000,0,0,0
1,5591,94549620000000,94549620108000,94549625716125,5608125,5716125,108000,94549630000000,0,0,0
1,5592,94549630000000,94549630105125,94549635755625,5650500,5755625,105125,94549640000000,0,0,0
1,5593,94549640000000,94549640103875,94549645670375,5566500,5670375,103875,94549650000000,0,0,0
1,5594,94549650000000,94549650103625,94549655785625,5682000,5785625,103625,94549660000000,0,0,0
1,5595,94549660000000,94549660107000,94549665726875,5619875,5726875,107000,94549670000000,0,0,0
1,5596,94549670000000,94549670106000,94549675758125,5652125,5758125,106000,94549680000000,0,0,0
1,5597,94549680000000,94549680133125,94549685826500,5693375,5826500,133125,94549690000000,0,0,0
1,5598,94549690000000,94549690106000,94549695674500,5568500,5674500,106000,94549700000000,0,0,0
1,5599,94549700000000,94549700111500,94549705770000,5658500,5770000,111500,94549710000000,0,0,0
1,5600,94549710000000,94549710069000,94549715765875,5696875,5765875,69000,94549720000000,0,0,0
1,5601,94549720000000,94549720111000,94549725762250,5651250,5762250,111000,94549730000000,0,0,0
1,5602,94549730000000,94549730066875,94549735602125,5535250,5602125,66875,94549740000000,0,0,0
1,5603,94549740000000,94549740110500,94549745733250,5622750,5733250,110500,94549750000000,0,0,0
1,5604,94549750000000,94549750099375,94549755739750,5640375,5739750,99375,94549760000000,0,0,0
1,5605,94549760000000,94549760111625,94549765687500,5575875,5687500,111625,94549770000000,0,0,0
1,5606,94549770000000,94549770123875,94549775749500,5625625,5749500,123875,94549780000000,0,0,0
1,5607,94549780000000,94549780115000,94549785733750,5618750,5733750,115000,94549790000000,0,0,0
1,5608,94549790000000,94549790122750,94549795836625,5713875,5836625,122750,94549800000000,0,0,0
1,5609,94549800000000,94549800114375,94549805786875,5672500,5786875,114375,94549810000000,0,0,0
1,5610,94549810000000,94549810108375,94549815706875,5598500,5706875,108375,94549820000000,0,0,0
1,5611,94549820000000,94549820145500,94549825767375,5621875,5767375,145500,94549830000000,0,0,0
1,5612,94549830000000,94549830103750,94549835682625,5578875,5682625,103750,94549840000000,0,0,0
1,5613,94549840000000,94549840108125,94549845793500,5685375,5793500,108125,94549850000000,0,0,0
1,5614,94549850000000,94549850108500,94549855748125,5639625,5748125,108500,94549860000000,0,0,0
1,5615,94549860000000,94549860105500,94549865748000,5642500,5748000,105500,94549870000000,0,0,0
1,5616,94549870000000,94549870108500,94549875782375,5673875,5782375,108500,94549880000000,0,0,0
1,5617,94549880000000,94549880104625,94549885723875,5619250,5723875,104625,94549890000000,0,0,0
1,5618,94549890000000,94549890105750,94549895793875,5688125,5793875,105750,94549900000000,0,0,0
1,5619,94549900000000,94549900109750,94549905957625,5847875,5957625,109750,94549910000000,0,0,0
1,5620,94549910000000,94549910104625,94549915945375,5840750,5945375,104625,94549920000000,0,0,0
1,5621,94549920000000,94549920093000,94549925761500,5668500,5761500,93000,94549930000000,0,0,0
1,5622,94549930000000,94549930105500,94549935716125,5610625,5716125,105500,94549940000000,0,0,0
1,5623,94549940000000,94549940126000,94549945650875,5524875,5650875,126000,94549950000000,0,0,0
1,5624,94549950000000,94549950106000,94549955725750,5619750,5725750,106000,94549960000000,0,0,0
1,5625,94549960000000,94549960110750,94549965734375,5623625,5734375,110750,94549970000000,0,0,0
1,5626,94549970000000,94549970105125,94549975812500,5707375,5812500,105125,94549980000000,0,0,0
1,5627,94549980000000,94549980113125,94549985609125,5496000,5609125,113125,94549990000000,0,0,0
1,5628,94549990000000,94549990101875,94549995763625,5661750,5763625,101875,94550000000000,0,0,0
1,5629,94550000000000,94550000112750,94550005836375,5723625,5836375,112750,94550010000000,0,0,0
1,5630,94550010000000,94550010100750,94550015785500,5684750,5785500,100750,94550020000000,0,0,0
1,5631,94550020000000,94550020107125,94550025688125,5581000,5688125,107125,94550030000000,0,0,0
1,5632,94550030000000,94550030122750,94550035799375,5676625,5799375,122750,94550040000000,0,0,0
1,5633,94550040000000,94550040111500,94550045897250,5785750,5897250,111500,94550050000000,0,0,0
1,5634,94550050000000,94550050086125,94550055890000,5803875,5890000,86125,94550060000000,0,0,0
1,5635,94550060000000,94550060113250,94550065658125,5544875,5658125,113250,94550070000000,0,0,0
1,5636,94550070000000,94550070108375,94550075712375,5604000,5712375,108375,94550080000000,0,0,0
1,5637,94550080000000,94550080107500,94550086039125,5931625,6039125,107500,94550090000000,0,0,0
1,5638,94550090000000,94550090107125,94550095978125,5871000,5978125,107125,94550100000000,0,0,0
1,5639,94550100000000,94550100093750,94550105871750,5778000,5871750,93750,94550110000000,0,0,0
1,5640,94550110000000,94550110070000,94550115679125,5609125,5679125,70000,94550120000000,0,0,0
1,5641,94550120000000,94550120086500,94550125748000,5661500,5748000,86500,94550130000000,0,0,0
1,5642,94550130000000,94550130104625,94550135691000,5586375,5691000,104625,94550140000000,0,0,0
1,5643,94550140000000,94550140148125,94550145789750,5641625,5789750,148125,94550150000000,0,0,0
1,5644,94550150000000,94550150110375,94550155734625,5624250,5734625,110375,94550160000000,0,0,0
1,5645,94550160000000,94550160107250,94550165661375,5554125,5661375,107250,94550170000000,0,0,0
1,5646,94550170000000,94550170107750,94550175715125,5607375,5715125,107750,94550180000000,0,0,0
1,5647,94550180000000,94550180110500,94550185742750,5632250,5742750,110500,94550190000000,0,0,0
1,5648,94550190000000,94550190107875,94550195613250,5505375,5613250,107875,94550200000000,0,0,0
1,5649,94550200000000,94550200109125,94550205688375,5579250,5688375,109125,94550210000000,0,0,0
1,5650,94550210000000,94550210111375,94550215634500,5523125,5634500,111375,94550220000000,0,0,0
1,5651,94550220000000,94550220109750,94550225649750,5540000,5649750,109750,94550230000000,0,0,0
1,5652,94550230000000,94550230099875,94550235705250,5605375,5705250,99875,94550240000000,0,0,0
1,5653,94550240000000,94550240111625,94550245586375,5474750,5586375,111625,94550250000000,0,0,0
1,5654,94550250000000,94550250127875,94550255781625,5653750,5781625,127875,94550260000000,0,0,0
1,5655,94550260000000,94550260109750,94550265799375,5689625,5799375,109750,94550270000000,0,0,0
1,5656,94550270000000,94550270125250,94550275809000,5683750,5809000,125250,94550280000000,0,0,0
1,5657,94550280000000,94550280112500,94550285750500,5638000,5750500,112500,94550290000000,0,0,0
1,5658,94550290000000,94550290108125,94550295855750,5747625,5855750,108125,94550300000000,0,0,0
1,5659,94550300000000,94550300111750,94550305798000,5686250,5798000,111750,94550310000000,0,0,0
1,5660,94550310000000,94550310109000,94550315768000,5659000,5768000,109000,94550320000000,0,0,0
1,5661,94550320000000,94550320091500,94550325731375,5639875,5731375,91500,94550330000000,0,0,0
1,5662,94550330000000,94550330111000,94550335789250,5678250,5789250,111000,94550340000000,0,0,0
1,5663,94550340000000,94550340111250,94550345697000,5585750,5697000,111250,94550350000000,0,0,0
1,5664,94550350000000,94550350112500,94550355695625,5583125,5695625,112500,94550360000000,0,0,0
1,5665,94550360000000,94550360128875,94550365782125,5653250,5782125,128875,94550370000000,0,0,0
1,5666,94550370000000,94550370109750,94550375718625,5608875,5718625,109750,94550380000000,0,0,0
1,5667,94550380000000,94550380129500,94550385766625,5637125,5766625,129500,94550390000000,0,0,0
1,5668,94550390000000,94550390107750,94550395759125,5651375,5759125,107750,94550400000000,0,0,0
1,5669,94550400000000,94550400112125,94550405961625,5849500,5961625,112125,94550410000000,0,0,0
1,5670,94550410000000,94550410112500,94550415823000,5710500,5823000,112500,94550420000000,0,0,0
1,5671,94550420000000,94550420112000,94550425718500,5606500,5718500,112000,94550430000000,0,0,0
1,5672,94550430000000,94550430108250,94550435813375,5705125,5813375,108250,94550440000000,0,0,0
1,5673,94550440000000,94550440110750,94550445737625,5626875,5737625,110750,94550450000000,0,0,0
1,5674,94550450000000,94550450104375,94550455703500,5599125,5703500,104375,94550460000000,0,0,0
1,5675,94550460000000,94550460109750,94550465754875,5645125,5754875,109750,94550470000000,0,0,0
1,5676,94550470000000,94550470107500,94550475792875,5685375,5792875,107500,94550480000000,0,0,0
1,5677,94550480000000,94550480112625,94550485687375,5574750,5687375,112625,94550490000000,0,0,0
1,5678,94550490000000,94550490126250,94550495771875,5645625,5771875,126250,94550500000000,0,0,0
1,5679,94550500000000,94550500113000,94550505853500,5740500,5853500,113000,94550510000000,0,0,0
1,5680,94550510000000,94550510108875,94550515783000,5674125,5783000,108875,94550520000000,0,0,0
1,5681,94550520000000,94550520108875,94550525703625,5594750,5703625,108875,94550530000000,0,0,0
1,5682,94550530000000,94550530092250,94550535607125,5514875,5607125,92250,94550540000000,0,0,0
1,5683,94550540000000,94550540117000,94550545648250,5531250,5648250,117000,94550550000000,0,0,0
1,5684,94550550000000,94550550105625,94550555659000,5553375,5659000,105625,94550560000000,0,0,0
1,5685,94550560000000,94550560088250,94550565739125,5650875,5739125,88250,94550570000000,0,0,0
1,5686,94550570000000,94550570105625,94550575765625,5660000,5765625,105625,94550580000000,0,0,0
1,5687,94550580000000,94550580103500,94550585677500,5574000,5677500,103500,94550590000000,0,0,0
1,5688,94550590000000,94550590108000,94550595746750,5638750,5746750,108000,94550600000000,0,0,0
1,5689,94550600000000,94550600127500,94550605645875,5518375,5645875,127500,94550610000000,0,0,0
1,5690,94550610000000,94550610108000,94550615600625,5492625,5600625,108000,94550620000000,0,0,0
1,5691,94550620000000,94550620129500,94550625878250,5748750,5878250,129500,94550630000000,0,0,0
1,5692,94550630000000,94550630106625,94550635791250,5684625,5791250,106625,94550640000000,0,0,0
1,5693,94550640000000,94550640091375,94550645829625,5738250,5829625,91375,94550650000000,0,0,0
1,5694,94550650000000,94550650111625,94550655815375,5703750,5815375,111625,94550660000000,0,0,0
1,5695,94550660000000,94550660112250,94550665755500,5643250,5755500,112250,94550670000000,0,0,0
1,5696,94550670000000,94550670109250,94550676098250,5989000,6098250,109250,94550680000000,0,0,0
1,5697,94550680000000,94550680096250,94550685598500,5502250,5598500,96250,94550690000000,0,0,0
1,5698,94550690000000,94550690099875,94550695790625,5690750,5790625,99875,94550700000000,0,0,0
1,5699,94550700000000,94550700111875,94550705711000,5599125,5711000,111875,94550710000000,0,0,0
1,5700,94550710000000,94550710102500,94550715708750,5606250,5708750,102500,94550720000000,0,0,0
1,5701,94550720000000,94550720112000,94550725968250,5856250,5968250,112000,94550730000000,0,0,0
1,5702,94550730000000,94550730069500,94550735725500,5656000,5725500,69500,94550740000000,0,0,0
1,5703,94550740000000,94550740111250,94550745774500,5663250,5774500,111250,94550750000000,0,0,0
1,5704,94550750000000,94550750122125,94550755739500,5617375,5739500,122125,94550760000000,0,0,0
1,5705,94550760000000,94550760107000,94550765712250,5605250,5712250,107000,94550770000000,0,0,0
1,5706,94550770000000,94550770123875,94550775758625,5634750,5758625,123875,94550780000000,0,0,0
1,5707,94550780000000,94550780113750,94550785805250,5691500,5805250,113750,94550790000000,0,0,0
1,5708,94550790000000,94550790105875,94550795768250,5662375,5768250,105875,94550800000000,0,0,0
1,5709,94550800000000,94550800116750,94550805966750,5850000,5966750,116750,94550810000000,0,0,0
1,5710,94550810000000,94550810111000,94550815922250,5811250,5922250,111000,94550820000000,0,0,0
1,5711,94550820000000,94550820088250,94550825739500,5651250,5739500,88250,94550830000000,0,0,0
1,5712,94550830000000,94550830110000,94550835721500,5611500,5721500,110000,94550840000000,0,0,0
1,5713,94550840000000,94550840127875,94550845713625,5585750,5713625,127875,94550850000000,0,0,0
1,5714,94550850000000,94550850104125,94550855636125,5532000,5636125,104125,94550860000000,0,0,0
1,5715,94550860000000,94550860112750,94550865668750,5556000,5668750,112750,94550870000000,0,0,0
1,5716,94550870000000,94550870108000,94550875764625,5656625,5764625,108000,94550880000000,0,0,0
1,5717,94550880000000,94550880113625,94550885892875,5779250,5892875,113625,94550890000000,0,0,0
1,5718,94550890000000,94550890108125,94550895839500,5731375,5839500,108125,94550900000000,0,0,0
1,5719,94550900000000,94550900113000,94550905766250,5653250,5766250,113000,94550910000000,0,0,0
1,5720,94550910000000,94550910127000,94550915794375,5667375,5794375,127000,94550920000000,0,0,0
1,5721,94550920000000,94550920112250,94550925624000,5511750,5624000,112250,94550930000000,0,0,0
1,5722,94550930000000,94550930107625,94550935968125,5860500,5968125,107625,94550940000000,0,0,0
1,5723,94550940000000,94550940090375,94550945756500,5666125,5756500,90375,94550950000000,0,0,0
1,5724,94550950000000,94550950108500,94550955786750,5678250,5786750,108500,94550960000000,0,0,0
1,5725,94550960000000,94550960117000,94550965717500,5600500,5717500,117000,94550970000000,0,0,0
1,5726,94550970000000,94550970110250,94550975667500,5557250,5667500,110250,94550980000000,0,0,0
1,5727,94550980000000,94550980104500,94550985739125,5634625,5739125,104500,94550990000000,0,0,0
1,5728,94550990000000,94550990109375,94550995650375,5541000,5650375,109375,94551000000000,0,0,0
1,5729,94551000000000,94551000128000,94551005731500,5603500,5731500,128000,94551010000000,0,0,0
1,5730,94551010000000,94551010097125,94551015818125,5721000,5818125,97125,94551020000000,0,0,0
1,5731,94551020000000,94551020130250,94551025677625,5547375,5677625,130250,94551030000000,0,0,0
1,5732,94551030000000,94551030107625,94551035682375,5574750,5682375,107625,94551040000000,0,0,0
1,5733,94551040000000,94551040112250,94551045686500,5574250,5686500,112250,94551050000000,0,0,0
1,5734,94551050000000,94551050109625,94551055725125,5615500,5725125,109625,94551060000000,0,0,0
1,5735,94551060000000,94551060114875,94551065642875,5528000,5642875,114875,94551070000000,0,0,0
1,5736,94551070000000,94551070065750,94551075674125,5608375,5674125,65750,94551080000000,0,0,0
1,5737,94551080000000,94551080160125,94551085834750,5674625,5834750,160125,94551090000000,0,0,0
1,5738,94551090000000,94551090103750,94551095731250,5627500,5731250,103750,94551100000000,0,0,0
1,5739,94551100000000,94551100098250,94551105777875,5679625,5777875,98250,94551110000000,0,0,0
1,5740,94551110000000,94551110126500,94551115827125,5700625,5827125,126500,94551120000000,0,0,0
1,5741,94551120000000,94551120112375,94551125733625,5621250,5733625,112375,94551130000000,0,0,0
1,5742,94551130000000,94551130106625,94551135761000,5654375,5761000,106625,94551140000000,0,0,0
1,5743,94551140000000,94551140077500,94551145665625,5588125,5665625,77500,94551150000000,0,0,0
1,5744,94551150000000,94551150106625,94551155690375,5583750,5690375,106625,94551160000000,0,0,0
1,5745,94551160000000,94551160113750,94551165784000,5670250,5784000,113750,94551170000000,0,0,0
1,5746,94551170000000,94551170105875,94551175747500,5641625,5747500,105875,94551180000000,0,0,0
1,5747,94551180000000,94551180115500,94551185842125,5726625,5842125,115500,94551190000000,0,0,0
1,5748,94551190000000,94551190110000,94551195748875,5638875,5748875,110000,94551200000000,0,0,0
1,5749,94551200000000,94551200118000,94551205857250,5739250,5857250,118000,94551210000000,0,0,0
1,5750,94551210000000,94551210107000,94551215765625,5658625,5765625,107000,94551220000000,0,0,0
1,5751,94551220000000,94551220108125,94551225687125,5579000,5687125,108125,94551230000000,0,0,0
1,5752,94551230000000,94551230108500,94551235756750,5648250,5756750,108500,94551240000000,0,0,0
1,5753,94551240000000,94551240132500,94551245950375,5817875,5950375,132500,94551250000000,0,0,0
1,5754,94551250000000,94551250113000,94551255706875,5593875,5706875,113000,94551260000000,0,0,0
1,5755,94551260000000,94551260113125,94551265691375,5578250,5691375,113125,94551270000000,0,0,0
1,5756,94551270000000,94551270103375,94551275634750,5531375,5634750,103375,94551280000000,0,0,0
1,5757,94551280000000,94551280111375,94551285658750,5547375,5658750,111375,94551290000000,0,0,0
1,5758,94551290000000,94551290103375,94551295634375,5531000,5634375,103375,94551300000000,0,0,0
1,5759,94551300000000,94551300113875,94551305695375,5581500,5695375,113875,94551310000000,0,0,0
1,5760,94551310000000,94551310104000,94551315747375,5643375,5747375,104000,94551320000000,0,0,0
1,5761,94551320000000,94551320109125,94551325708875,5599750,5708875,109125,94551330000000,0,0,0
1,5762,94551330000000,94551330106375,94551335832125,5725750,5832125,106375,94551340000000,0,0,0
1,5763,94551340000000,94551340092500,94551345686500,5594000,5686500,92500,94551350000000,0,0,0
1,5764,94551350000000,94551350126125,94551355714125,5588000,5714125,126125,94551360000000,0,0,0
1,5765,94551360000000,94551360112500,94551365682000,5569500,5682000,112500,94551370000000,0,0,0
1,5766,94551370000000,94551370108000,94551375774875,5666875,5774875,108000,94551380000000,0,0,0
1,5767,94551380000000,94551380110500,94551386081500,5971000,6081500,110500,94551390000000,0,0,0
1,5768,94551390000000,94551390110625,94551395859875,5749250,5859875,110625,94551400000000,0,0,0
1,5769,94551400000000,94551400115250,94551405747375,5632125,5747375,115250,94551410000000,0,0,0
1,5770,94551410000000,94551410108500,94551415740875,5632375,5740875,108500,94551420000000,0,0,0
1,5771,94551420000000,94551420103000,94551425771125,5668125,5771125,103000,94551430000000,0,0,0
1,5772,94551430000000,94551430111000,94551435698875,5587875,5698875,111000,94551440000000,0,0,0
1,5773,94551440000000,94551440128750,94551445689000,5560250,5689000,128750,94551450000000,0,0,0
1,5774,94551450000000,94551450110500,94551455756000,5645500,5756000,110500,94551460000000,0,0,0
1,5775,94551460000000,94551460110875,94551465710375,5599500,5710375,110875,94551470000000,0,0,0
1,5776,94551470000000,94551470109125,94551475720750,5611625,5720750,109125,94551480000000,0,0,0
1,5777,94551480000000,94551480109125,94551485691500,5582375,5691500,109125,94551490000000,0,0,0
1,5778,94551490000000,94551490101125,94551495756500,5655375,5756500,101125,94551500000000,0,0,0
1,5779,94551500000000,94551500085750,94551505593875,5508125,5593875,85750,94551510000000,0,0,0
1,5780,94551510000000,94551510127750,94551515809625,5681875,5809625,127750,94551520000000,0,0,0
1,5781,94551520000000,94551520115000,94551525698375,5583375,5698375,115000,94551530000000,0,0,0
1,5782,94551530000000,94551530106250,94551535781125,5674875,5781125,106250,94551540000000,0,0,0
1,5783,94551540000000,94551540114625,94551545728375,5613750,5728375,114625,94551550000000,0,0,0
1,5784,94551550000000,94551550097750,94551555799625,5701875,5799625,97750,94551560000000,0,0,0
1,5785,94551560000000,94551560115875,94551565877500,5761625,5877500,115875,94551570000000,0,0,0
1,5786,94551570000000,94551570109375,94551575804125,5694750,5804125,109375,94551580000000,0,0,0
1,5787,94551580000000,94551580115375,94551585926875,5811500,5926875,115375,94551590000000,0,0,0
1,5788,94551590000000,94551590110125,94551595792500,5682375,5792500,110125,94551600000000,0,0,0
1,5789,94551600000000,94551600105500,94551605756375,5650875,5756375,105500,94551610000000,0,0,0
1,5790,94551610000000,94551610102125,94551615677875,5575750,5677875,102125,94551620000000,0,0,0
1,5791,94551620000000,94551620129000,94551625846500,5717500,5846500,129000,94551630000000,0,0,0
1,5792,94551630000000,94551630110750,94551635774250,5663500,5774250,110750,94551640000000,0,0,0
1,5793,94551640000000,94551640112250,94551645831250,5719000,5831250,112250,94551650000000,0,0,0
1,5794,94551650000000,94551650105875,94551655717875,5612000,5717875,105875,94551660000000,0,0,0
1,5795,94551660000000,94551660114250,94551665757750,5643500,5757750,114250,94551670000000,0,0,0
1,5796,94551670000000,94551670112000,94551675744375,5632375,5744375,112000,94551680000000,0,0,0
1,5797,94551680000000,94551680116125,94551685955375,5839250,5955375,116125,94551690000000,0,0,0
1,5798,94551690000000,94551690107500,94551695833000,5725500,5833000,107500,94551700000000,0,0,0
1,5799,94551700000000,94551700111875,94551705826625,5714750,5826625,111875,94551710000000,0,0,0
1,5800,94551710000000,94551710124125,94551715789500,5665375,5789500,124125,94551720000000,0,0,0
1,5801,94551720000000,94551720114000,94551725877250,5763250,5877250,114000,94551730000000,0,0,0
1,5802,94551730000000,94551730125875,94551735748500,5622625,5748500,125875,94551740000000,0,0,0
1,5803,94551740000000,94551740112875,94551745634125,5521250,5634125,112875,94551750000000,0,0,0
1,5804,94551750000000,94551750072125,94551755816875,5744750,5816875,72125,94551760000000,0,0,0
1,5805,94551760000000,94551760109875,94551765709750,5599875,5709750,109875,94551770000000,0,0,0
1,5806,94551770000000,94551770109250,94551775710250,5601000,5710250,109250,94551780000000,0,0,0
1,5807,94551780000000,94551780112000,94551785695000,5583000,5695000,112000,94551790000000,0,0,0
1,5808,94551790000000,94551790105500,94551795773500,5668000,5773500,105500,94551800000000,0,0,0
1,5809,94551800000000,94551800110875,94551805824250,5713375,5824250,110875,94551810000000,0,0,0
1,5810,94551810000000,94551810109000,94551815707000,5598000,5707000,109000,94551820000000,0,0,0
1,5811,94551820000000,94551820128750,94551825718000,5589250,5718000,128750,94551830000000,0,0,0
1,5812,94551830000000,94551830107125,94551835697750,5590625,5697750,107125,94551840000000,0,0,0
1,5813,94551840000000,94551840089000,94551845778875,5689875,5778875,89000,94551850000000,0,0,0
1,5814,94551850000000,94551850106625,94551855729500,5622875,5729500,106625,94551860000000,0,0,0
1,5815,94551860000000,94551860111625,94551865870125,5758500,5870125,111625,94551870000000,0,0,0
1,5816,94551870000000,94551870112500,94551875806625,5694125,5806625,112500,94551880000000,0,0,0
1,5817,94551880000000,94551880115875,94551885904875,5789000,5904875,115875,94551890000000,0,0,0
1,5818,94551890000000,94551890106875,94551895783500,5676625,5783500,106875,94551900000000,0,0,0
1,5819,94551900000000,94551900113500,94551905920375,5806875,5920375,113500,94551910000000,0,0,0
1,5820,94551910000000,94551910107625,94551915908250,5800625,5908250,107625,94551920000000,0,0,0
1,5821,94551920000000,94551920092500,94551925690750,5598250,5690750,92500,94551930000000,0,0,0
1,5822,94551930000000,94551930129500,94551935845625,5716125,5845625,129500,94551940000000,0,0,0
1,5823,94551940000000,94551940113125,94551945712625,5599500,5712625,113125,94551950000000,0,0,0
1,5824,94551950000000,94551950108125,94551955911125,5803000,5911125,108125,94551960000000,0,0,0
1,5825,94551960000000,94551960110125,94551965701625,5591500,5701625,110125,94551970000000,0,0,0
1,5826,94551970000000,94551970107875,94551975811750,5703875,5811750,107875,94551980000000,0,0,0
1,5827,94551980000000,94551980115625,94551985781750,5666125,5781750,115625,94551990000000,0,0,0
1,5828,94551990000000,94551990107625,94551995693750,5586125,5693750,107625,94552000000000,0,0,0
1,5829,94552000000000,94552000116750,94552005891125,5774375,5891125,116750,94552010000000,0,0,0
1,5830,94552010000000,94552010085500,94552015807250,5721750,5807250,85500,94552020000000,0,0,0
1,5831,94552020000000,94552020107000,94552025745875,5638875,5745875,107000,94552030000000,0,0,0
1,5832,94552030000000,94552030108500,94552035718500,5610000,5718500,108500,94552040000000,0,0,0
1,5833,94552040000000,94552040131125,94552045762250,5631125,5762250,131125,94552050000000,0,0,0
1,5834,94552050000000,94552050110875,94552055793125,5682250,5793125,110875,94552060000000,0,0,0
1,5835,94552060000000,94552060111250,94552065741625,5630375,5741625,111250,94552070000000,0,0,0
1,5836,94552070000000,94552070111000,94552075797125,5686125,5797125,111000,94552080000000,0,0,0
1,5837,94552080000000,94552080115250,94552085832250,5717000,5832250,115250,94552090000000,0,0,0
1,5838,94552090000000,94552090108500,94552095894375,5785875,5894375,108500,94552100000000,0,0,0
1,5839,94552100000000,94552100111250,94552105554125,5442875,5554125,111250,94552110000000,0,0,0
1,5840,94552110000000,94552110099625,94552115801250,5701625,5801250,99625,94552120000000,0,0,0
1,5841,94552120000000,94552120111875,94552125705000,5593125,5705000,111875,94552130000000,0,0,0
1,5842,94552130000000,94552130104875,94552135674125,5569250,5674125,104875,94552140000000,0,0,0
1,5843,94552140000000,94552140114125,94552145735500,5621375,5735500,114125,94552150000000,0,0,0
1,5844,94552150000000,94552150103875,94552155818750,5714875,5818750,103875,94552160000000,0,0,0
1,5845,94552160000000,94552160073500,94552165544875,5471375,5544875,73500,94552170000000,0,0,0
1,5846,94552170000000,94552170125000,94552175779000,5654000,5779000,125000,94552180000000,0,0,0
1,5847,94552180000000,94552180109125,94552185699250,5590125,5699250,109125,94552190000000,0,0,0
1,5848,94552190000000,94552190109000,94552195793875,5684875,5793875,109000,94552200000000,0,0,0
1,5849,94552200000000,94552200115375,94552205628375,5513000,5628375,115375,94552210000000,0,0,0
1,5850,94552210000000,94552210108125,94552215832750,5724625,5832750,108125,94552220000000,0,0,0
1,5851,94552220000000,94552220113750,94552225794750,5681000,5794750,113750,94552230000000,0,0,0
1,5852,94552230000000,94552230107250,94552235776375,5669125,5776375,107250,94552240000000,0,0,0
1,5853,94552240000000,94552240112125,94552245990250,5878125,5990250,112125,94552250000000,0,0,0
1,5854,94552250000000,94552250110500,94552255632250,5521750,5632250,110500,94552260000000,0,0,0
1,5855,94552260000000,94552260128875,94552265699250,5570375,5699250,128875,94552270000000,0,0,0
1,5856,94552270000000,94552270107250,94552275802875,5695625,5802875,107250,94552280000000,0,0,0
1,5857,94552280000000,94552280132750,94552285729625,5596875,5729625,132750,94552290000000,0,0,0
1,5858,94552290000000,94552290106625,94552295662875,5556250,5662875,106625,94552300000000,0,0,0
1,5859,94552300000000,94552300112125,94552305651000,5538875,5651000,112125,94552310000000,0,0,0
1,5860,94552310000000,94552310105000,94552315700250,5595250,5700250,105000,94552320000000,0,0,0
1,5861,94552320000000,94552320110500,94552325701500,5591000,5701500,110500,94552330000000,0,0,0
1,5862,94552330000000,94552330102625,94552335689375,5586750,5689375,102625,94552340000000,0,0,0
1,5863,94552340000000,94552340107875,94552345725750,5617875,5725750,107875,94552350000000,0,0,0
1,5864,94552350000000,94552350105875,94552355668250,5562375,5668250,105875,94552360000000,0,0,0
1,5865,94552360000000,94552360098375,94552365678750,5580375,5678750,98375,94552370000000,0,0,0
1,5866,94552370000000,94552370125750,94552375599500,5473750,5599500,125750,94552380000000,0,0,0
1,5867,94552380000000,94552380116125,94552385677000,5560875,5677000,116125,94552390000000,0,0,0
1,5868,94552390000000,94552390111625,94552395725125,5613500,5725125,111625,94552400000000,0,0,0
1,5869,94552400000000,94552400115625,94552405859375,5743750,5859375,115625,94552410000000,0,0,0
1,5870,94552410000000,94552410107750,94552415683500,5575750,5683500,107750,94552420000000,0,0,0
1,5871,94552420000000,94552420114000,94552425730625,5616625,5730625,114000,94552430000000,0,0,0
1,5872,94552430000000,94552430112000,94552435766375,5654375,5766375,112000,94552440000000,0,0,0
1,5873,94552440000000,94552440109375,94552445747125,5637750,5747125,109375,94552450000000,0,0,0
1,5874,94552450000000,94552450108125,94552455757500,5649375,5757500,108125,94552460000000,0,0,0
1,5875,94552460000000,94552460123875,94552465816875,5693000,5816875,123875,94552470000000,0,0,0
1,5876,94552470000000,94552470112500,94552475839875,5727375,5839875,112500,94552480000000,0,0,0
1,5877,94552480000000,94552480128500,94552485915125,5786625,5915125,128500,94552490000000,0,0,0
1,5878,94552490000000,94552490112375,94552495860125,5747750,5860125,112375,94552500000000,0,0,0
1,5879,94552500000000,94552500130250,94552505878000,5747750,5878000,130250,94552510000000,0,0,0
1,5880,94552510000000,94552510111500,94552515789000,5677500,5789000,111500,94552520000000,0,0,0
1,5881,94552520000000,94552520112375,94552526049125,5936750,6049125,112375,94552530000000,0,0,0
1,5882,94552530000000,94552530117000,94552535776500,5659500,5776500,117000,94552540000000,0,0,0
1,5883,94552540000000,94552540115500,94552545861250,5745750,5861250,115500,94552550000000,0,0,0
1,5884,94552550000000,94552550108375,94552555697125,5588750,5697125,108375,94552560000000,0,0,0
1,5885,94552560000000,94552560109875,94552565738750,5628875,5738750,109875,94552570000000,0,0,0
1,5886,94552570000000,94552570116000,94552575916500,5800500,5916500,116000,94552580000000,0,0,0
1,5887,94552580000000,94552580117375,94552585750125,5632750,5750125,117375,94552590000000,0,0,0
1,5888,94552590000000,94552590129250,94552595746375,5617125,5746375,129250,94552600000000,0,0,0
1,5889,94552600000000,94552600112250,94552605946625,5834375,5946625,112250,94552610000000,0,0,0
1,5890,94552610000000,94552610124500,94552615801625,5677125,5801625,124500,94552620000000,0,0,0
1,5891,94552620000000,94552620111125,94552625770250,5659125,5770250,111125,94552630000000,0,0,0
1,5892,94552630000000,94552630108750,94552635693000,5584250,5693000,108750,94552640000000,0,0,0
1,5893,94552640000000,94552640113750,94552645759750,5646000,5759750,113750,94552650000000,0,0,0
1,5894,94552650000000,94552650106875,94552655784750,5677875,5784750,106875,94552660000000,0,0,0
1,5895,94552660000000,94552660112250,94552665804375,5692125,5804375,112250,94552670000000,0,0,0
1,5896,94552670000000,94552670104750,94552675634750,5530000,5634750,104750,94552680000000,0,0,0
1,5897,94552680000000,94552680114625,94552685664625,5550000,5664625,114625,94552690000000,0,0,0
1,5898,94552690000000,94552690109250,94552695683500,5574250,5683500,109250,94552700000000,0,0,0
1,5899,94552700000000,94552700109250,94552705691125,5581875,5691125,109250,94552710000000,0,0,0
1,5900,94552710000000,94552710107500,94552715711750,5604250,5711750,107500,94552720000000,0,0,0
1,5901,94552720000000,94552720108000,94552725627625,5519625,5627625,108000,94552730000000,0,0,0
1,5902,94552730000000,94552730108250,94552735718750,5610500,5718750,108250,94552740000000,0,0,0
1,5903,94552740000000,94552740107500,94552745586875,5479375,5586875,107500,94552750000000,0,0,0
1,5904,94552750000000,94552750109625,94552755680125,5570500,5680125,109625,94552760000000,0,0,0
1,5905,94552760000000,94552760127875,94552765735125,5607250,5735125,127875,94552770000000,0,0,0
1,5906,94552770000000,94552770069875,94552775758625,5688750,5758625,69875,94552780000000,0,0,0
1,5907,94552780000000,94552780088375,94552785621750,5533375,5621750,88375,94552790000000,0,0,0
1,5908,94552790000000,94552790105000,94552795741625,5636625,5741625,105000,94552800000000,0,0,0
1,5909,94552800000000,94552800072750,94552805875125,5802375,5875125,72750,94552810000000,0,0,0
1,5910,94552810000000,94552810109500,94552815816875,5707375,5816875,109500,94552820000000,0,0,0
1,5911,94552820000000,94552820112500,94552825810875,5698375,5810875,112500,94552830000000,0,0,0
1,5912,94552830000000,94552830070500,94552835721250,5650750,5721250,70500,94552840000000,0,0,0
1,5913,94552840000000,94552840113375,94552845746000,5632625,5746000,113375,94552850000000,0,0,0
1,5914,94552850000000,94552850123875,94552855699000,5575125,5699000,123875,94552860000000,0,0,0
1,5915,94552860000000,94552860112750,94552865724500,5611750,5724500,112750,94552870000000,0,0,0
1,5916,94552870000000,94552870108875,94552875737625,5628750,5737625,108875,94552880000000,0,0,0
1,5917,94552880000000,94552880118625,94552885946375,5827750,5946375,118625,94552890000000,0,0,0
1,5918,94552890000000,94552890110250,94552895851875,5741625,5851875,110250,94552900000000,0,0,0
1,5919,94552900000000,94552900110500,94552905856625,5746125,5856625,110500,94552910000000,0,0,0
1,5920,94552910000000,94552910110000,94552915711500,5601500,5711500,110000,94552920000000,0,0,0
1,5921,94552920000000,94552920107500,94552925843625,5736125,5843625,107500,94552930000000,0,0,0
1,5922,94552930000000,94552930111500,94552935761875,5650375,5761875,111500,94552940000000,0,0,0
1,5923,94552940000000,94552940110500,94552945802000,5691500,5802000,110500,94552950000000,0,0,0
1,5924,94552950000000,94552950108000,94552955807500,5699500,5807500,108000,94552960000000,0,0,0
1,5925,94552960000000,94552960108250,94552965703375,5595125,5703375,108250,94552970000000,0,0,0
1,5926,94552970000000,94552970102750,94552975776000,5673250,5776000,102750,94552980000000,0,0,0
1,5927,94552980000000,94552980128875,94552985674875,5546000,5674875,128875,94552990000000,0,0,0
1,5928,94552990000000,94552990106250,94552995630000,5523750,5630000,106250,94553000000000,0,0,0
1,5929,94553000000000,94553000107250,94553005749250,5642000,5749250,107250,94553010000000,0,0,0
1,5930,94553010000000,94553010109625,94553015799000,5689375,5799000,109625,94553020000000,0,0,0
1,5931,94553020000000,94553020110375,94553025769500,5659125,5769500,110375,94553030000000,0,0,0
1,5932,94553030000000,94553030109000,94553035712625,5603625,5712625,109000,94553040000000,0,0,0
1,5933,94553040000000,94553040115500,94553045745375,5629875,5745375,115500,94553050000000,0,0,0
1,5934,94553050000000,94553050103750,94553055751375,5647625,5751375,103750,94553060000000,0,0,0
1,5935,94553060000000,94553060109500,94553065716750,5607250,5716750,109500,94553070000000,0,0,0
1,5936,94553070000000,94553070126250,94553075874750,5748500,5874750,126250,94553080000000,0,0,0
1,5937,94553080000000,94553080113750,94553085720750,5607000,5720750,113750,94553090000000,0,0,0
1,5938,94553090000000,94553090127750,94553095809000,5681250,5809000,127750,94553100000000,0,0,0
1,5939,94553100000000,94553100077875,94553105826000,5748125,5826000,77875,94553110000000,0,0,0
1,5940,94553110000000,94553110110500,94553115813750,5703250,5813750,110500,94553120000000,0,0,0
1,5941,94553120000000,94553120071125,94553125795875,5724750,5795875,71125,94553130000000,0,0,0
1,5942,94553130000000,94553130109125,94553135752000,5642875,5752000,109125,94553140000000,0,0,0
1,5943,94553140000000,94553140111750,94553145708500,5596750,5708500,111750,94553150000000,0,0,0
1,5944,94553150000000,94553150109750,94553155768750,5659000,5768750,109750,94553160000000,0,0,0
1,5945,94553160000000,94553160117000,94553165918500,5801500,5918500,117000,94553170000000,0,0,0
1,5946,94553170000000,94553170112750,94553175754500,5641750,5754500,112750,94553180000000,0,0,0
1,5947,94553180000000,94553180073375,94553185541500,5468125,5541500,73375,94553190000000,0,0,0
1,5948,94553190000000,94553190103500,94553195702875,5599375,5702875,103500,94553200000000,0,0,0
1,5949,94553200000000,94553200105750,94553205633250,5527500,5633250,105750,94553210000000,0,0,0
1,5950,94553210000000,94553210108000,94553215716500,5608500,5716500,108000,94553220000000,0,0,0
1,5951,94553220000000,94553220129875,94553225815625,5685750,5815625,129875,94553230000000,0,0,0
1,5952,94553230000000,94553230106625,94553235783125,5676500,5783125,106625,94553240000000,0,0,0
1,5953,94553240000000,94553240112000,94553245883875,5771875,5883875,112000,94553250000000,0,0,0
1,5954,94553250000000,94553250104125,94553255730750,5626625,5730750,104125,94553260000000,0,0,0
1,5955,94553260000000,94553260109000,94553265766875,5657875,5766875,109000,94553270000000,0,0,0
1,5956,94553270000000,94553270111500,94553275620500,5509000,5620500,111500,94553280000000,0,0,0
1,5957,94553280000000,94553280113625,94553285843000,5729375,5843000,113625,94553290000000,0,0,0
1,5958,94553290000000,94553290104750,94553295769375,5664625,5769375,104750,94553300000000,0,0,0
1,5959,94553300000000,94553300112750,94553305779750,5667000,5779750,112750,94553310000000,0,0,0
1,5960,94553310000000,94553310124500,94553315811125,5686625,5811125,124500,94553320000000,0,0,0
1,5961,94553320000000,94553320113375,94553325914000,5800625,5914000,113375,94553330000000,0,0,0
1,5962,94553330000000,94553330126000,94553335840125,5714125,5840125,126000,94553340000000,0,0,0
1,5963,94553340000000,94553340108750,94553345845125,5736375,5845125,108750,94553350000000,0,0,0
1,5964,94553350000000,94553350111000,94553355852375,5741375,5852375,111000,94553360000000,0,0,0
1,5965,94553360000000,94553360114625,94553365799750,5685125,5799750,114625,94553370000000,0,0,0
1,5966,94553370000000,94553370106875,94553375731750,5624875,5731750,106875,94553380000000,0,0,0
1,5967,94553380000000,94553380088375,94553385648250,5559875,5648250,88375,94553390000000,0,0,0
1,5968,94553390000000,94553390106375,94553395680375,5574000,5680375,106375,94553400000000,0,0,0
1,5969,94553400000000,94553400129750,94553405750125,5620375,5750125,129750,94553410000000,0,0,0
1,5970,94553410000000,94553410107375,94553415686875,5579500,5686875,107375,94553420000000,0,0,0
1,5971,94553420000000,94553420112500,94553425620375,5507875,5620375,112500,94553430000000,0,0,0
1,5972,94553430000000,94553430110750,94553435706625,5595875,5706625,110750,94553440000000,0,0,0
1,5973,94553440000000,94553440112500,94553446198250,6085750,6198250,112500,94553450000000,0,0,0
1,5974,94553450000000,94553450105125,94553455790250,5685125,5790250,105125,94553460000000,0,0,0
1,5975,94553460000000,94553460112125,94553465756750,5644625,5756750,112125,94553470000000,0,0,0
1,5976,94553470000000,94553470127625,94553475897500,5769875,5897500,127625,94553480000000,0,0,0
1,5977,94553480000000,94553480108500,94553485800000,5691500,5800000,108500,94553490000000,0,0,0
1,5978,94553490000000,94553490108375,94553495787125,5678750,5787125,108375,94553500000000,0,0,0
1,5979,94553500000000,94553500114875,94553505826375,5711500,5826375,114875,94553510000000,0,0,0
1,5980,94553510000000,94553510109125,94553515760250,5651125,5760250,109125,94553520000000,0,0,0
1,5981,94553520000000,94553520108625,94553525618250,5509625,5618250,108625,94553530000000,0,0,0
1,5982,94553530000000,94553530103625,94553535775625,5672000,5775625,103625,94553540000000,0,0,0
1,5983,94553540000000,94553540107375,94553545694625,5587250,5694625,107375,94553550000000,0,0,0
1,5984,94553550000000,94553550108375,94553555690125,5581750,5690125,108375,94553560000000,0,0,0
1,5985,94553560000000,94553560128625,94553565712250,5583625,5712250,128625,94553570000000,0,0,0
1,5986,94553570000000,94553570111875,94553575723875,5612000,5723875,111875,94553580000000,0,0,0
1,5987,94553580000000,94553580112375,94553585765000,5652625,5765000,112375,94553590000000,0,0,0
1,5988,94553590000000,94553590095750,94553595668250,5572500,5668250,95750,94553600000000,0,0,0
1,5989,94553600000000,94553600112250,94553605751125,5638875,5751125,112250,94553610000000,0,0,0
1,5990,94553610000000,94553610106500,94553615740500,5634000,5740500,106500,94553620000000,0,0,0
1,5991,94553620000000,94553620107625,94553625850375,5742750,5850375,107625,94553630000000,0,0,0
1,5992,94553630000000,94553630114375,94553635747750,5633375,5747750,114375,94553640000000,0,0,0
1,5993,94553640000000,94553640113250,94553645767875,5654625,5767875,113250,94553650000000,0,0,0
1,5994,94553650000000,94553650102125,94553655723500,5621375,5723500,102125,94553660000000,0,0,0
1,5995,94553660000000,94553660112750,94553665739875,5627125,5739875,112750,94553670000000,0,0,0
1,5996,94553670000000,94553670126250,94553675758750,5632500,5758750,126250,94553680000000,0,0,0
1,5997,94553680000000,94553680115500,94553685676625,5561125,5676625,115500,94553690000000,0,0,0
1,5998,94553690000000,94553690122625,94553695643125,5520500,5643125,122625,94553700000000,0,0,0
1,5999,94553700000000,94553700110750,94553705683375,5572625,5683375,110750,94553710000000,0,0,0
