run_id,job_id,planned_release_ns,actual_start_ns,finish_ns,execution_time_ns,response_time_ns,release_jitter_ns,deadline_ns,deadline_miss,overrun,skipped_release
1,0,98585250000000,98585250079750,98585264558000,14478250,14558000,79750,98585260000000,1,0,0
1,1,98585260000000,98585264903125,98585279366875,14463750,19366875,4903125,98585270000000,1,0,0
1,2,98585270000000,98585279539250,98585295341125,15801875,25341125,9539250,98585280000000,1,1,0
1,4,98585280000000,98585295538625,98585310842750,15304125,30842750,15538625,98585290000000,1,1,1
1,6,98585300000000,98585311016000,98585326912500,15896500,26912500,11016000,98585310000000,1,1,1
1,7,98585320000000,98585327076500,98585341458375,14381875,21458375,7076500,98585330000000,1,1,0
1,9,98585330000000,98585341632625,98585357450125,15817500,27450125,11632625,98585340000000,1,1,1
1,10,98585350000000,98585357605625,98585373530500,15924875,23530500,7605625,98585360000000,1,1,0
1,12,98585360000000,98585373695125,98585388880125,15185000,28880125,13695125,98585370000000,1,1,1
1,13,98585380000000,98585389163500,98585404956125,15792625,24956125,9163500,98585390000000,1,1,0
1,15,98585390000000,98585405123125,98585421032250,15909125,31032250,15123125,98585400000000,1,1,1
1,17,98585410000000,98585421203125,98585437117750,15914625,27117750,11203125,98585420000000,1,1,1
1,18,98585430000000,98585437289125,98585452425250,15136125,22425250,7289125,98585440000000,1,1,0
1,20,98585440000000,98585452589250,98585468392625,15803375,28392625,12589250,98585450000000,1,1,1
1,21,98585460000000,98585468546250,98585484418375,15872125,24418375,8546250,98585470000000,1,1,0
1,23,98585470000000,98585484558000,98585499806000,15248000,29806000,14558000,98585480000000,1,1,1
1,24,98585490000000,98585499984000,98585515322875,15338875,25322875,9984000,98585500000000,1,1,0
1,26,98585500000000,98585515499000,98585531422000,15923000,31422000,15499000,98585510000000,1,1,1
1,28,98585520000000,98585531583875,98585546796875,15213000,26796875,11583875,98585530000000,1,1,1
1,29,98585540000000,98585546967625,98585562787625,15820000,22787625,6967625,98585550000000,1,1,0
1,31,98585550000000,98585562954875,98585578020500,15065625,28020500,12954875,98585560000000,1,1,1
1,32,98585570000000,98585578208375,98585594112750,15904375,24112750,8208375,98585580000000,1,1,0
1,34,98585580000000,98585594273125,98585610135125,15862000,30135125,14273125,98585590000000,1,1,1
1,36,98585600000000,98585610294250,98585626193750,15899500,26193750,10294250,98585610000000,1,1,1
1,37,98585620000000,98585626352750,98585641463250,15110500,21463250,6352750,98585630000000,1,1,0
1,39,98585630000000,98585641632500,98585656929375,15296875,26929375,11632500,98585640000000,1,1,1
1,40,98585650000000,98585657188375,98585673077250,15888875,23077250,7188375,98585660000000,1,1,0
1,42,98585660000000,98585673259625,98585689159125,15899500,29159125,13259625,98585670000000,1,1,1
1,43,98585680000000,98585689321625,98585704698500,15376875,24698500,9321625,98585690000000,1,1,0
1,45,98585690000000,98585704860125,98585720086500,15226375,30086500,14860125,98585700000000,1,1,1
1,47,98585710000000,98585720333000,98585734765125,14432125,24765125,10333000,98585720000000,1,1,1
1,48,98585730000000,98585734956750,98585750804625,15847875,20804625,4956750,98585740000000,1,0,0
1,50,98585740000000,98585751080875,98585766395750,15314875,26395750,11080875,98585750000000,1,1,1
1,51,98585760000000,98585766567500,98585782483000,15915500,22483000,6567500,98585770000000,1,1,0
1,53,98585770000000,98585782668375,98585797369375,14701000,27369375,12668375,98585780000000,1,1,1
1,54,98585790000000,98585797542125,98585812788125,15246000,22788125,7542125,98585800000000,1,1,0
1,56,98585800000000,98585812954625,98585827355125,14400500,27355125,12954625,98585810000000,1,1,1
1,57,98585820000000,98585827550625,98585842107750,14557125,22107750,7550625,98585830000000,1,1,0
1,59,98585830000000,98585842296500,98585858160375,15863875,28160375,12296500,98585840000000,1,1,1
1,60,98585850000000,98585858337500,98585873476875,15139375,23476875,8337500,98585860000000,1,1,0
1,62,98585860000000,98585873637375,98585888900000,15262625,28900000,13637375,98585870000000,1,1,1
1,63,98585880000000,98585889876875,98585905832125,15955250,25832125,9876875,98585890000000,1,1,0
1,65,98585890000000,98585905998875,98585920587250,14588375,30587250,15998875,98585900000000,1,1,1
1,67,98585910000000,98585920758375,98585936605750,15847375,26605750,10758375,98585920000000,1,1,1
1,68,98585930000000,98585936754500,98585952657375,15902875,22657375,6754500,98585940000000,1,1,0
1,70,98585940000000,98585952819875,98585968055250,15235375,28055250,12819875,98585950000000,1,1,1
1,71,98585960000000,98585968211875,98585983021750,14809875,23021750,8211875,98585970000000,1,1,0
1,73,98585970000000,98585983208625,98585999119750,15911125,29119750,13208625,98585980000000,1,1,1
1,74,98585990000000,98585999272500,98586014481500,15209000,24481500,9272500,98586000000000,1,1,0
1,76,98586000000000,98586014641500,98586030479000,15837500,30479000,14641500,98586010000000,1,1,1
1,78,98586020000000,98586030648375,98586046013500,15365125,26013500,10648375,98586030000000,1,1,1
1,79,98586040000000,98586046186250,98586062102250,15916000,22102250,6186250,98586050000000,1,1,0
1,81,98586050000000,98586062263250,98586077460125,15196875,27460125,12263250,98586060000000,1,1,1
1,82,98586070000000,98586077579625,98586091544750,13965125,21544750,7579625,98586080000000,1,1,0
1,84,98586080000000,98586091735625,98586106787375,15051750,26787375,11735625,98586090000000,1,1,1
1,85,98586100000000,98586106964500,98586122854250,15889750,22854250,6964500,98586110000000,1,1,0
1,87,98586110000000,98586123027000,98586138853750,15826750,28853750,13027000,98586120000000,1,1,1
1,88,98586130000000,98586139023000,98586154906000,15883000,24906000,9023000,98586140000000,1,1,0
1,90,98586140000000,98586155079250,98586170992375,15913125,30992375,15079250,98586150000000,1,1,1
1,92,98586160000000,98586171167500,98586186993750,15826250,26993750,11167500,98586170000000,1,1,1
1,93,98586180000000,98586187317375,98586202515125,15197750,22515125,7317375,98586190000000,1,1,0
1,95,98586190000000,98586202702000,98586218582000,15880000,28582000,12702000,98586200000000,1,1,1
1,96,98586210000000,98586218753625,98586234669750,15916125,24669750,8753625,98586220000000,1,1,0
1,98,98586220000000,98586234841000,98586250707875,15866875,30707875,14841000,98586230000000,1,1,1
1,100,98586240000000,98586250876375,98586266669250,15792875,26669250,10876375,98586250000000,1,1,1
1,101,98586260000000,98586266831750,98586282732250,15900500,22732250,6831750,98586270000000,1,1,0
1,103,98586270000000,98586282910375,98586297391750,14481375,27391750,12910375,98586280000000,1,1,1
1,104,98586290000000,98586297554250,98586313464500,15910250,23464500,7554250,98586300000000,1,1,0
1,106,98586300000000,98586313646125,98586329462500,15816375,29462500,13646125,98586310000000,1,1,1
1,107,98586320000000,98586329631250,98586344850125,15218875,24850125,9631250,98586330000000,1,1,0
1,109,98586330000000,98586345026625,98586360900250,15873625,30900250,15026625,98586340000000,1,1,1
1,111,98586350000000,98586361069125,98586376938875,15869750,26938875,11069125,98586360000000,1,1,1
1,112,98586370000000,98586377089625,98586392912500,15822875,22912500,7089625,98586380000000,1,1,0
1,114,98586380000000,98586393068250,98586408306000,15237750,28306000,13068250,98586390000000,1,1,1
1,115,98586400000000,98586408468875,98586424325000,15856125,24325000,8468875,98586410000000,1,1,0
1,117,98586410000000,98586424472750,98586440407500,15934750,30407500,14472750,98586420000000,1,1,1
1,119,98586430000000,98586440575375,98586456486500,15911125,26486500,10575375,98586440000000,1,1,1
1,120,98586450000000,98586456655250,98586472576250,15921000,22576250,6655250,98586460000000,1,1,0
1,122,98586460000000,98586472843625,98586488231875,15388250,28231875,12843625,98586470000000,1,1,1
1,123,98586480000000,98586488409375,98586502886375,14477000,22886375,8409375,98586490000000,1,1,0
1,125,98586490000000,98586503107375,98586518973750,15866375,28973750,13107375,98586500000000,1,1,1
1,126,98586510000000,98586519168375,98586535313875,16145500,25313875,9168375,98586520000000,1,1,0
1,128,98586520000000,98586535517375,98586550573625,15056250,30573625,15517375,98586530000000,1,1,1
1,130,98586540000000,98586551498375,98586567400250,15901875,27400250,11498375,98586550000000,1,1,1
1,131,98586560000000,98586567607750,98586582821500,15213750,22821500,7607750,98586570000000,1,1,0
1,133,98586570000000,98586582999500,98586598227125,15227625,28227125,12999500,98586580000000,1,1,1
1,134,98586590000000,98586599088375,98586613613250,14524875,23613250,9088375,98586600000000,1,1,0
1,136,98586600000000,98586613762500,98586629076875,15314375,29076875,13762500,98586610000000,1,1,1
1,137,98586620000000,98586629239875,98586645078375,15838500,25078375,9239875,98586630000000,1,1,0
1,139,98586630000000,98586645231625,98586660993000,15761375,30993000,15231625,98586640000000,1,1,1
1,141,98586650000000,98586661157375,98586677036375,15879000,27036375,11157375,98586660000000,1,1,1
1,142,98586670000000,98586677197375,98586691258625,14061250,21258625,7197375,98586680000000,1,1,0
1,144,98586680000000,98586691451875,98586707362125,15910250,27362125,11451875,98586690000000,1,1,1
1,145,98586700000000,98586707508500,98586723337750,15829250,23337750,7508500,98586710000000,1,1,0
1,147,98586710000000,98586723508500,98586738281250,14772750,28281250,13508500,98586720000000,1,1,1
1,148,98586730000000,98586738450500,98586753662000,15211500,23662000,8450500,98586740000000,1,1,0
1,150,98586740000000,98586753833250,98586769648750,15815500,29648750,13833250,98586750000000,1,1,1
1,151,98586760000000,98586769803500,98586783767125,13963625,23767125,9803500,98586770000000,1,1,0
1,153,98586770000000,98586783970625,98586799168875,15198250,29168875,13970625,98586780000000,1,1,1
1,154,98586790000000,98586799332375,98586815439625,16107250,25439625,9332375,98586800000000,1,1,0
1,156,98586800000000,98586815634375,98586830364625,14730250,30364625,15634375,98586810000000,1,1,1
1,158,98586820000000,98586830560375,98586845828875,15268500,25828875,10560375,98586830000000,1,1,1
1,159,98586840000000,98586846056750,98586861969375,15912625,21969375,6056750,98586850000000,1,1,0
1,161,98586850000000,98586862133250,98586876683000,14549750,26683000,12133250,98586860000000,1,1,1
1,162,98586870000000,98586876848000,98586892126250,15278250,22126250,6848000,98586880000000,1,1,0
1,164,98586880000000,98586892314625,98586908184375,15869750,28184375,12314625,98586890000000,1,1,1
1,165,98586900000000,98586908310625,98586924210500,15899875,24210500,8310625,98586910000000,1,1,0
1,167,98586910000000,98586924369750,98586940159500,15789750,30159500,14369750,98586920000000,1,1,1
1,169,98586930000000,98586940311125,98586955547125,15236000,25547125,10311125,98586940000000,1,1,1
1,170,98586950000000,98586955712375,98586970316375,14604000,20316375,5712375,98586960000000,1,1,0
1,172,98586960000000,98586970486625,98586986332250,15845625,26332250,10486625,98586970000000,1,1,1
1,173,98586980000000,98586986492500,98587002417250,15924750,22417250,6492500,98586990000000,1,1,0
1,175,98586990000000,98587002571000,98587018421250,15850250,28421250,12571000,98587000000000,1,1,1
1,176,98587010000000,98587018573000,98587034476250,15903250,24476250,8573000,98587020000000,1,1,0
1,178,98587020000000,98587034766625,98587049328625,14562000,29328625,14766625,98587030000000,1,1,1
1,179,98587040000000,98587049510125,98587064779125,15269000,24779125,9510125,98587050000000,1,1,0
1,181,98587050000000,98587064948500,98587080197000,15248500,30197000,14948500,98587060000000,1,1,1
1,183,98587070000000,98587080362500,98587096252625,15890125,26252625,10362500,98587080000000,1,1,1
1,184,98587090000000,98587096411250,98587111095625,14684375,21095625,6411250,98587100000000,1,1,0
1,186,98587100000000,98587111262875,98587127146375,15883500,27146375,11262875,98587110000000,1,1,1
1,187,98587120000000,98587127309750,98587142891375,15581625,22891375,7309750,98587130000000,1,1,0
1,189,98587130000000,98587143065750,98587158193750,15128000,28193750,13065750,98587140000000,1,1,1
1,190,98587150000000,98587158505125,98587174417250,15912125,24417250,8505125,98587160000000,1,1,0
1,192,98587160000000,98587174612000,98587189285125,14673125,29285125,14612000,98587170000000,1,1,1
1,194,98587180000000,98587190206875,98587205523750,15316875,25523750,10206875,98587190000000,1,1,1
1,195,98587200000000,98587205713125,98587221556875,15843750,21556875,5713125,98587210000000,1,1,0
1,197,98587210000000,98587221727250,98587237016250,15289000,27016250,11727250,98587220000000,1,1,1
1,198,98587230000000,98587237190000,98587252364125,15174125,22364125,7190000,98587240000000,1,1,0
1,200,98587240000000,98587252533125,98587268392625,15859500,28392625,12533125,98587250000000,1,1,1
1,201,98587260000000,98587268551625,98587284375875,15824250,24375875,8551625,98587270000000,1,1,0
1,203,98587270000000,98587284532625,98587299713375,15180750,29713375,14532625,98587280000000,1,1,1
1,204,98587290000000,98587299895750,98587315811375,15915625,25811375,9895750,98587300000000,1,1,0
1,206,98587300000000,98587316032875,98587331851875,15819000,31851875,16032875,98587310000000,1,1,1
1,208,98587320000000,98587332074500,98587347231250,15156750,27231250,12074500,98587330000000,1,1,1
1,209,98587340000000,98587347407750,98587362655875,15248125,22655875,7407750,98587350000000,1,1,0
1,211,98587350000000,98587362837375,98587377501250,14663875,27501250,12837375,98587360000000,1,1,1
1,212,98587370000000,98587377782375,98587393645250,15862875,23645250,7782375,98587380000000,1,1,0
1,214,98587380000000,98587393825250,98587409717875,15892625,29717875,13825250,98587390000000,1,1,1
1,215,98587400000000,98587409893625,98587425774000,15880375,25774000,9893625,98587410000000,1,1,0
1,217,98587410000000,98587425907250,98587441114750,15207500,31114750,15907250,98587420000000,1,1,1
1,219,98587430000000,98587441270500,98587456509125,15238625,26509125,11270500,98587440000000,1,1,1
1,220,98587450000000,98587456662875,98587471805500,15142625,21805500,6662875,98587460000000,1,1,0
1,222,98587460000000,98587472025375,98587487866125,15840750,27866125,12025375,98587470000000,1,1,1
1,223,98587480000000,98587488045500,98587503905500,15860000,23905500,8045500,98587490000000,1,1,0
1,225,98587490000000,98587504094250,98587519940750,15846500,29940750,14094250,98587500000000,1,1,1
1,227,98587510000000,98587520118250,98587534694875,14576625,24694875,10118250,98587520000000,1,1,1
1,228,98587530000000,98587534870000,98587550708000,15838000,20708000,4870000,98587540000000,1,0,0
1,230,98587540000000,98587550873375,98587565321125,14447750,25321125,10873375,98587550000000,1,1,1
1,231,98587560000000,98587565575875,98587581479750,15903875,21479750,5575875,98587570000000,1,1,0
1,233,98587570000000,98587581680250,98587597337250,15657000,27337250,11680250,98587580000000,1,1,1
1,234,98587590000000,98587597508000,98587613362625,15854625,23362625,7508000,98587600000000,1,1,0
1,236,98587600000000,98587613517875,98587628695500,15177625,28695500,13517875,98587610000000,1,1,1
1,237,98587620000000,98587628859000,98587644799000,15940000,24799000,8859000,98587630000000,1,1,0
1,239,98587630000000,98587644964375,98587660820500,15856125,30820500,14964375,98587640000000,1,1,1
1,241,98587650000000,98587660971250,98587676751125,15779875,26751125,10971250,98587660000000,1,1,1
1,242,98587670000000,98587676861875,98587692165000,15303125,22165000,6861875,98587680000000,1,1,0
1,244,98587680000000,98587692323625,98587708167500,15843875,28167500,12323625,98587690000000,1,1,1
1,245,98587700000000,98587708311375,98587722517625,14206250,22517625,8311375,98587710000000,1,1,0
1,247,98587710000000,98587722687000,98587738546500,15859500,28546500,12687000,98587720000000,1,1,1
1,248,98587730000000,98587738708875,98587753893000,15184125,23893000,8708875,98587740000000,1,1,0
1,250,98587740000000,98587754074625,98587769702125,15627500,29702125,14074625,98587750000000,1,1,1
1,251,98587760000000,98587769867125,98587785169375,15302250,25169375,9867125,98587770000000,1,1,0
1,253,98587770000000,98587785330875,98587801230250,15899375,31230250,15330875,98587780000000,1,1,1
1,255,98587790000000,98587801396750,98587816897500,15500750,26897500,11396750,98587800000000,1,1,1
1,256,98587810000000,98587817080000,98587833042875,15962875,23042875,7080000,98587820000000,1,1,0
1,258,98587820000000,98587833194625,98587848721875,15527250,28721875,13194625,98587830000000,1,1,1
1,259,98587840000000,98587849613875,98587865264875,15651000,25264875,9613875,98587850000000,1,1,0
1,261,98587850000000,98587865437625,98587881383000,15945375,31383000,15437625,98587860000000,1,1,1
1,263,98587870000000,98587881556750,98587896866250,15309500,26866250,11556750,98587880000000,1,1,1
1,264,98587890000000,98587897030250,98587912800375,15770125,22800375,7030250,98587900000000,1,1,0
1,266,98587900000000,98587912969750,98587928182125,15212375,28182125,12969750,98587910000000,1,1,1
1,267,98587920000000,98587928388500,98587944368500,15980000,24368500,8388500,98587930000000,1,1,0
1,269,98587930000000,98587944544625,98587960415875,15871250,30415875,14544625,98587940000000,1,1,1
1,271,98587950000000,98587960573000,98587976505625,15932625,26505625,10573000,98587960000000,1,1,1
1,272,98587970000000,98587976651000,98587992505125,15854125,22505125,6651000,98587980000000,1,1,0
1,274,98587980000000,98587992670500,98588008534375,15863875,28534375,12670500,98587990000000,1,1,1
1,275,98588000000000,98588008649500,98588024502625,15853125,24502625,8649500,98588010000000,1,1,0
1,277,98588010000000,98588024662250,98588039911625,15249375,29911625,14662250,98588020000000,1,1,1
1,279,98588030000000,98588040115375,98588055979625,15864250,25979625,10115375,98588040000000,1,1,1
1,280,98588050000000,98588056331875,98588071065500,14733625,21065500,6331875,98588060000000,1,1,0
1,282,98588060000000,98588071270500,98588086564875,15294375,26564875,11270500,98588070000000,1,1,1
1,283,98588080000000,98588086736625,98588102653250,15916625,22653250,6736625,98588090000000,1,1,0
1,285,98588090000000,98588102829250,98588118674250,15845000,28674250,12829250,98588100000000,1,1,1
1,286,98588110000000,98588118830875,98588133433750,14602875,23433750,8830875,98588120000000,1,1,0
1,288,98588120000000,98588133590750,98588148883875,15293125,28883875,13590750,98588130000000,1,1,1
1,289,98588140000000,98588149067250,98588164996500,15929250,24996500,9067250,98588150000000,1,1,0
1,291,98588150000000,98588165178875,98588180987625,15808750,30987625,15178875,98588160000000,1,1,1
1,293,98588170000000,98588181157000,98588196425125,15268125,26425125,11157000,98588180000000,1,1,1
1,294,98588190000000,98588196583500,98588212508500,15925000,22508500,6583500,98588200000000,1,1,0
1,296,98588200000000,98588212669000,98588227807250,15138250,27807250,12669000,98588210000000,1,1,1
1,297,98588220000000,98588227983000,98588243879000,15896000,23879000,7983000,98588230000000,1,1,0
1,299,98588230000000,98588244059000,98588259903875,15844875,29903875,14059000,98588240000000,1,1,1
1,301,98588250000000,98588260163000,98588276099500,15936500,26099500,10163000,98588260000000,1,1,1
1,302,98588270000000,98588276270750,98588291544250,15273500,21544250,6270750,98588280000000,1,1,0
1,304,98588280000000,98588291709625,98588307630125,15920500,27630125,11709625,98588290000000,1,1,1
1,305,98588300000000,98588307798875,98588323020625,15221750,23020625,7798875,98588310000000,1,1,0
1,307,98588310000000,98588323194875,98588338396500,15201625,28396500,13194875,98588320000000,1,1,1
1,308,98588330000000,98588338584875,98588353801125,15216250,23801125,8584875,98588340000000,1,1,0
1,310,98588340000000,98588353984125,98588369935250,15951125,29935250,13984125,98588350000000,1,1,1
1,312,98588360000000,98588370113500,98588384748500,14635000,24748500,10113500,98588370000000,1,1,1
1,313,98588380000000,98588384913375,98588400663500,15750125,20663500,4913375,98588390000000,1,0,0
1,315,98588390000000,98588400913375,98588414998625,14085250,24998625,10913375,98588400000000,1,1,1
1,316,98588410000000,98588415206000,98588429964125,14758125,19964125,5206000,98588420000000,1,1,0
1,318,98588420000000,98588430136375,98588446040250,15903875,26040250,10136375,98588430000000,1,1,1
1,319,98588440000000,98588446203625,98588462129500,15925875,22129500,6203625,98588450000000,1,1,0
1,321,98588450000000,98588462292000,98588477031625,14739625,27031625,12292000,98588460000000,1,1,1
1,322,98588470000000,98588477193500,98588491209875,14016375,21209875,7193500,98588480000000,1,1,0
1,324,98588480000000,98588492941250,98588508126250,15185000,28126250,12941250,98588490000000,1,1,1
1,325,98588500000000,98588508294250,98588524202875,15908625,24202875,8294250,98588510000000,1,1,0
1,327,98588510000000,98588524368375,98588539693500,15325125,29693500,14368375,98588520000000,1,1,1
1,328,98588530000000,98588539871500,98588555901375,16029875,25901375,9871500,98588540000000,1,1,0
1,330,98588540000000,98588556440125,98588572329250,15889125,32329250,16440125,98588550000000,1,1,1
1,332,98588560000000,98588572532750,98588588460625,15927875,28460625,12532750,98588570000000,1,1,1
1,333,98588580000000,98588588627375,98588603751500,15124125,23751500,8627375,98588590000000,1,1,0
1,335,98588590000000,98588603945750,98588619841750,15896000,29841750,13945750,98588600000000,1,1,1
1,337,98588610000000,98588620032625,98588635942750,15910125,25942750,10032625,98588620000000,1,1,1
1,338,98588630000000,98588636106375,98588651446500,15340125,21446500,6106375,98588640000000,1,1,0
1,340,98588640000000,98588651612500,98588667528500,15916000,27528500,11612500,98588650000000,1,1,1
1,341,98588660000000,98588667813500,98588683742750,15929250,23742750,7813500,98588670000000,1,1,0
1,343,98588670000000,98588683933500,98588697646750,13713250,27646750,13933500,98588680000000,1,1,1
1,344,98588690000000,98588697823500,98588713624875,15801375,23624875,7823500,98588700000000,1,1,0
1,346,98588700000000,98588713792750,98588729721500,15928750,29721500,13792750,98588710000000,1,1,1
1,347,98588720000000,98588729895125,98588745755625,15860500,25755625,9895125,98588730000000,1,1,0
1,349,98588730000000,98588745916750,98588761762000,15845250,31762000,15916750,98588740000000,1,1,1
1,351,98588750000000,98588761941500,98588777762875,15821375,27762875,11941500,98588760000000,1,1,1
1,352,98588770000000,98588777922000,98588793110875,15188875,23110875,7922000,98588780000000,1,1,0
1,354,98588780000000,98588793272000,98588808463875,15191875,28463875,13272000,98588790000000,1,1,1
1,355,98588800000000,98588808617625,98588823807500,15189875,23807500,8617625,98588810000000,1,1,0
1,357,98588810000000,98588823963750,98588840039375,16075625,30039375,13963750,98588820000000,1,1,1
1,359,98588830000000,98588840213625,98588856158375,15944750,26158375,10213625,98588840000000,1,1,1
1,360,98588850000000,98588856320000,98588872197000,15877000,22197000,6320000,98588860000000,1,1,0
1,362,98588860000000,98588872358000,98588888225250,15867250,28225250,12358000,98588870000000,1,1,1
1,363,98588880000000,98588888378500,98588903548000,15169500,23548000,8378500,98588890000000,1,1,0
1,365,98588890000000,98588903856375,98588918501250,14644875,28501250,13856375,98588900000000,1,1,1
1,366,98588910000000,98588918698375,98588933678000,14979625,23678000,8698375,98588920000000,1,1,0
1,368,98588920000000,98588933854625,98588949750250,15895625,29750250,13854625,98588930000000,1,1,1
1,369,98588940000000,98588949864375,98588965799000,15934625,25799000,9864375,98588950000000,1,1,0
1,371,98588950000000,98588965966875,98588981654000,15687125,31654000,15966875,98588960000000,1,1,1
1,373,98588970000000,98588981827750,98588995166750,13339000,25166750,11827750,98588980000000,1,1,1
1,374,98588990000000,98588995473250,98589010798375,15325125,20798375,5473250,98589000000000,1,1,0
1,376,98589000000000,98589010996500,98589025980500,14984000,25980500,10996500,98589010000000,1,1,1
1,377,98589020000000,98589026151250,98589040813250,14662000,20813250,6151250,98589030000000,1,1,0
1,379,98589030000000,98589041073250,98589057003625,15930375,27003625,11073250,98589040000000,1,1,1
1,380,98589050000000,98589057170000,98589070685625,13515625,20685625,7170000,98589060000000,1,1,0
1,382,98589060000000,98589070870625,98589086727125,15856500,26727125,10870625,98589070000000,1,1,1
1,383,98589080000000,98589086895000,98589102789000,15894000,22789000,6895000,98589090000000,1,1,0
1,385,98589090000000,98589102967125,98589118894000,15926875,28894000,12967125,98589100000000,1,1,1
1,386,98589110000000,98589119077250,98589134947250,15870000,24947250,9077250,98589120000000,1,1,0
1,388,98589120000000,98589135107625,98589151004250,15896625,31004250,15107625,98589130000000,1,1,1
1,390,98589140000000,98589151906500,98589165339250,13432750,25339250,11906500,98589150000000,1,1,1
1,391,98589160000000,98589165518875,98589180857625,15338750,20857625,5518875,98589170000000,1,1,0
1,393,98589170000000,98589181133750,98589196454125,15320375,26454125,11133750,98589180000000,1,1,1
1,394,98589190000000,98589196625250,98589212503250,15878000,22503250,6625250,98589200000000,1,1,0
1,396,98589200000000,98589212635500,98589227894875,15259375,27894875,12635500,98589210000000,1,1,1
1,397,98589220000000,98589228080250,98589243950875,15870625,23950875,8080250,98589230000000,1,1,0
1,399,98589230000000,98589244129125,98589258947625,14818500,28947625,14129125,98589240000000,1,1,1
1,400,98589250000000,98589259131625,98589275001250,15869625,25001250,9131625,98589260000000,1,1,0
1,402,98589260000000,98589275180375,98589290366000,15185625,30366000,15180375,98589270000000,1,1,1
1,404,98589280000000,98589290502125,98589306001875,15499750,26001875,10502125,98589290000000,1,1,1
1,405,98589300000000,98589306174125,98589321200125,15026000,21200125,6174125,98589310000000,1,1,0
1,407,98589310000000,98589321352875,98589337164000,15811125,27164000,11352875,98589320000000,1,1,1
1,408,98589330000000,98589337321125,98589352517000,15195875,22517000,7321125,98589340000000,1,1,0
1,410,98589340000000,98589352673125,98589368531625,15858500,28531625,12673125,98589350000000,1,1,1
1,411,98589360000000,98589368681375,98589384524750,15843375,24524750,8681375,98589370000000,1,1,0
1,413,98589370000000,98589384683375,98589400564250,15880875,30564250,14683375,98589380000000,1,1,1
1,415,98589390000000,98589400728750,98589416628750,15900000,26628750,10728750,98589400000000,1,1,1
1,416,98589410000000,98589416782375,98589432625750,15843375,22625750,6782375,98589420000000,1,1,0
1,418,98589420000000,98589432787750,98589447996250,15208500,27996250,12787750,98589430000000,1,1,1
1,419,98589440000000,98589448175875,98589463392625,15216750,23392625,8175875,98589450000000,1,1,0
1,421,98589450000000,98589463682875,98589479557625,15874750,29557625,13682875,98589460000000,1,1,1
1,422,98589470000000,98589479758000,98589495613250,15855250,25613250,9758000,98589480000000,1,1,0
1,424,98589480000000,98589495811375,98589511689375,15878000,31689375,15811375,98589490000000,1,1,1
1,426,98589500000000,98589511871875,98589527711750,15839875,27711750,11871875,98589510000000,1,1,1
1,427,98589520000000,98589527872250,98589543756250,15884000,23756250,7872250,98589530000000,1,1,0
1,429,98589530000000,98589544095375,98589559317000,15221625,29317000,14095375,98589540000000,1,1,1
1,430,98589550000000,98589559507375,98589575402875,15895500,25402875,9507375,98589560000000,1,1,0
1,432,98589560000000,98589575589250,98589591405375,15816125,31405375,15589250,98589570000000,1,1,1
1,434,98589580000000,98589591577500,98589607462875,15885375,27462875,11577500,98589590000000,1,1,1
1,435,98589600000000,98589607630625,98589623535125,15904500,23535125,7630625,98589610000000,1,1,0
1,437,98589610000000,98589623713625,98589639642375,15928750,29642375,13713625,98589620000000,1,1,1
1,438,98589630000000,98589639826875,98589655685375,15858500,25685375,9826875,98589640000000,1,1,0
1,440,98589640000000,98589655856625,98589671071875,15215250,31071875,15856625,98589650000000,1,1,1
1,442,98589660000000,98589671248625,98589687168125,15919500,27168125,11248625,98589670000000,1,1,1
1,443,98589680000000,98589687346125,98589702622000,15275875,22622000,7346125,98589690000000,1,1,0
1,445,98589690000000,98589702792375,98589718635750,15843375,28635750,12792375,98589700000000,1,1,1
1,446,98589710000000,98589718803500,98589733956500,15153000,23956500,8803500,98589720000000,1,1,0
1,448,98589720000000,98589734112500,98589750036000,15923500,30036000,14112500,98589730000000,1,1,1
1,450,98589740000000,98589750173500,98589765320125,15146625,25320125,10173500,98589750000000,1,1,1
1,451,98589760000000,98589765429375,98589781304000,15874625,21304000,5429375,98589770000000,1,1,0
1,453,98589770000000,98589781468375,98589797324500,15856125,27324500,11468375,98589780000000,1,1,1
1,455,98589790000000,98589803615875,98589819317000,15701125,29317000,13615875,98589800000000,1,1,1
1,456,98589810000000,98589819541875,98589834168250,14626375,24168250,9541875,98589820000000,1,1,0
1,458,98589820000000,98589834366250,98589849708000,15341750,29708000,14366250,98589830000000,1,1,1
1,459,98589840000000,98589849870000,98589865761750,15891750,25761750,9870000,98589850000000,1,1,0
1,461,98589850000000,98589865916875,98589881769500,15852625,31769500,15916875,98589860000000,1,1,1
1,463,98589870000000,98589881936875,98589896429500,14492625,26429500,11936875,98589880000000,1,1,1
1,464,98589890000000,98589896573000,98589911774125,15201125,21774125,6573000,98589900000000,1,1,0
1,466,98589900000000,98589911964875,98589927859000,15894125,27859000,11964875,98589910000000,1,1,1
1,467,98589920000000,98589928071750,98589943906375,15834625,23906375,8071750,98589930000000,1,1,0
1,469,98589930000000,98589944260625,98589960103500,15842875,30103500,14260625,98589940000000,1,1,1
1,471,98589950000000,98589960268375,98589975524250,15255875,25524250,10268375,98589960000000,1,1,1
1,472,98589970000000,98589975705875,98589990396500,14690625,20396500,5705875,98589980000000,1,1,0
1,474,98589980000000,98589990569250,98590006429250,15860000,26429250,10569250,98589990000000,1,1,1
1,475,98590000000000,98590006586875,98590021776750,15189875,21776750,6586875,98590010000000,1,1,0
1,477,98590010000000,98590022052000,98590037970500,15918500,27970500,12052000,98590020000000,1,1,1
1,478,98590030000000,98590038138375,98590054027625,15889250,24027625,8138375,98590040000000,1,1,0
1,480,98590040000000,98590054181875,98590069435625,15253750,29435625,14181875,98590050000000,1,1,1
1,481,98590060000000,98590069597625,98590084168750,14571125,24168750,9597625,98590070000000,1,1,0
1,483,98590070000000,98590084331875,98590100168375,15836500,30168375,14331875,98590080000000,1,1,1
1,485,98590090000000,98590100322500,98590114928375,14605875,24928375,10322500,98590100000000,1,1,1
1,486,98590110000000,98590115279750,98590131094250,15814500,21094250,5279750,98590120000000,1,1,0
1,488,98590120000000,98590131290375,98590145953375,14663000,25953375,11290375,98590130000000,1,1,1
1,489,98590140000000,98590146119250,98590162038750,15919500,22038750,6119250,98590150000000,1,1,0
1,491,98590150000000,98590162200375,98590177382875,15182500,27382875,12200375,98590160000000,1,1,1
1,492,98590170000000,98590177621500,98590192309375,14687875,22309375,7621500,98590180000000,1,1,0
1,494,98590180000000,98590192491375,98590206829750,14338375,26829750,12491375,98590190000000,1,1,1
1,495,98590200000000,98590207005375,98590221898750,14893375,21898750,7005375,98590210000000,1,1,0
1,497,98590210000000,98590222058625,98590237903125,15844500,27903125,12058625,98590220000000,1,1,1
1,498,98590230000000,98590238060750,98590253241875,15181125,23241875,8060750,98590240000000,1,1,0
1,500,98590240000000,98590253413250,98590269279000,15865750,29279000,13413250,98590250000000,1,1,1
1,501,98590260000000,98590269440375,98590285330125,15889750,25330125,9440375,98590270000000,1,1,0
1,503,98590270000000,98590285497000,98590301178875,15681875,31178875,15497000,98590280000000,1,1,1
1,505,98590290000000,98590301346250,98590316726625,15380375,26726625,11346250,98590300000000,1,1,1
1,506,98590310000000,98590316859750,98590332039000,15179250,22039000,6859750,98590320000000,1,1,0
1,508,98590320000000,98590332182875,98590347366125,15183250,27366125,12182875,98590330000000,1,1,1
1,509,98590340000000,98590347542625,98590363407875,15865250,23407875,7542625,98590350000000,1,1,0
1,511,98590350000000,98590363587125,98590379396750,15809625,29396750,13587125,98590360000000,1,1,1
1,512,98590370000000,98590379589125,98590395513875,15924750,25513875,9589125,98590380000000,1,1,0
1,514,98590380000000,98590395711500,98590410977625,15266125,30977625,15711500,98590390000000,1,1,1
1,516,98590400000000,98590411153875,98590426990750,15836875,26990750,11153875,98590410000000,1,1,1
1,517,98590420000000,98590427153750,98590443081500,15927750,23081500,7153750,98590430000000,1,1,0
1,519,98590430000000,98590443255750,98590458481375,15225625,28481375,13255750,98590440000000,1,1,1
1,520,98590450000000,98590459373375,98590475344500,15971125,25344500,9373375,98590460000000,1,1,0
1,522,98590460000000,98590475524125,98590491302125,15778000,31302125,15524125,98590470000000,1,1,1
1,524,98590480000000,98590491479625,98590506177750,14698125,26177750,11479625,98590490000000,1,1,1
1,525,98590500000000,98590506352375,98590520970375,14618000,20970375,6352375,98590510000000,1,1,0
1,527,98590510000000,98590521132500,98590536894875,15762375,26894875,11132500,98590520000000,1,1,1
1,528,98590530000000,98590537025125,98590552260500,15235375,22260500,7025125,98590540000000,1,1,0
1,530,98590540000000,98590552411875,98590567698375,15286500,27698375,12411875,98590550000000,1,1,1
1,531,98590560000000,98590567996500,98590583889125,15892625,23889125,7996500,98590570000000,1,1,0
1,533,98590570000000,98590584079375,98590599512250,15432875,29512250,14079375,98590580000000,1,1,1
1,534,98590590000000,98590599735750,98590615404500,15668750,25404500,9735750,98590600000000,1,1,0
1,536,98590600000000,98590615588375,98590631514375,15926000,31514375,15588375,98590610000000,1,1,1
1,538,98590620000000,98590631703125,98590646840375,15137250,26840375,11703125,98590630000000,1,1,1
1,539,98590640000000,98590647010250,98590662893625,15883375,22893625,7010250,98590650000000,1,1,0
1,541,98590650000000,98590663165875,98590678547125,15381250,28547125,13165875,98590660000000,1,1,1
1,542,98590670000000,98590678736000,98590693756125,15020125,23756125,8736000,98590680000000,1,1,0
1,544,98590680000000,98590693923000,98590708515125,14592125,28515125,13923000,98590690000000,1,1,1
1,545,98590700000000,98590708682500,98590724555125,15872625,24555125,8682500,98590710000000,1,1,0
1,547,98590710000000,98590724719625,98590739932000,15212375,29932000,14719625,98590720000000,1,1,1
1,549,98590730000000,98590740124250,98590755186375,15062125,25186375,10124250,98590740000000,1,1,1
1,550,98590750000000,98590755341500,98590770636375,15294875,20636375,5341500,98590760000000,1,1,0
1,552,98590760000000,98590770808625,98590786680375,15871750,26680375,10808625,98590770000000,1,1,1
1,553,98590780000000,98590786854500,98590801977125,15122625,21977125,6854500,98590790000000,1,1,0
1,555,98590790000000,98590802161000,98590818065375,15904375,28065375,12161000,98590800000000,1,1,1
1,556,98590810000000,98590818219125,98590832827875,14608750,22827875,8219125,98590820000000,1,1,0
1,558,98590820000000,98590832973875,98590848817250,15843375,28817250,12973875,98590830000000,1,1,1
1,559,98590840000000,98590849060125,98590864839125,15779000,24839125,9060125,98590850000000,1,1,0
1,561,98590850000000,98590865021125,98590880922500,15901375,30922500,15021125,98590860000000,1,1,1
1,563,98590870000000,98590881078625,98590896988875,15910250,26988875,11078625,98590880000000,1,1,1
1,564,98590890000000,98590897150000,98590910976500,13826500,20976500,7150000,98590900000000,1,1,0
1,566,98590900000000,98590911856375,98590926476875,14620500,26476875,11856375,98590910000000,1,1,1
1,567,98590920000000,98590926622625,98590942514875,15892250,22514875,6622625,98590930000000,1,1,0
1,569,98590930000000,98590942684125,98590958629500,15945375,28629500,12684125,98590940000000,1,1,1
1,570,98590950000000,98590958781750,98590974108375,15326625,24108375,8781750,98590960000000,1,1,0
1,572,98590960000000,98590974281500,98590989539375,15257875,29539375,14281500,98590970000000,1,1,1
1,573,98590980000000,98590989704250,98591003719250,14015000,23719250,9704250,98590990000000,1,1,0
1,575,98590990000000,98591004073375,98591019923125,15849750,29923125,14073375,98591000000000,1,1,1
1,577,98591010000000,98591020137500,98591035993375,15855875,25993375,10137500,98591020000000,1,1,1
1,578,98591030000000,98591036175000,98591052069500,15894500,22069500,6175000,98591040000000,1,1,0
1,580,98591040000000,98591052230125,98591068115500,15885375,28115500,12230125,98591050000000,1,1,1
1,581,98591060000000,98591068264750,98591084156875,15892125,24156875,8264750,98591070000000,1,1,0
1,583,98591070000000,98591084314500,98591100174375,15859875,30174375,14314500,98591080000000,1,1,1
1,585,98591090000000,98591100340875,98591115498625,15157750,25498625,10340875,98591100000000,1,1,1
1,586,98591110000000,98591116449625,98591131294500,14844875,21294500,6449625,98591120000000,1,1,0
1,588,98591120000000,98591131507375,98591146222500,14715125,26222500,11507375,98591130000000,1,1,1
1,589,98591140000000,98591146390375,98591162013625,15623250,22013625,6390375,98591150000000,1,1,0
1,591,98591150000000,98591162196125,98591177354875,15158750,27354875,12196125,98591160000000,1,1,1
1,592,98591170000000,98591177526500,98591192111500,14585000,22111500,7526500,98591180000000,1,1,0
1,594,98591180000000,98591192256500,98591207035875,14779375,27035875,12256500,98591190000000,1,1,1
1,595,98591200000000,98591207204875,98591222792000,15587125,22792000,7204875,98591210000000,1,1,0
1,597,98591210000000,98591222976875,98591238814000,15837125,28814000,12976875,98591220000000,1,1,1
1,598,98591230000000,98591239155500,98591254593375,15437875,24593375,9155500,98591240000000,1,1,0
1,600,98591240000000,98591254783625,98591269930250,15146625,29930250,14783625,98591250000000,1,1,1
1,602,98591260000000,98591270092625,98591285340250,15247625,25340250,10092625,98591270000000,1,1,1
1,603,98591280000000,98591285498750,98591299592750,14094000,19592750,5498750,98591290000000,1,1,0
1,604,98591290000000,98591299781625,98591315712375,15930750,25712375,9781625,98591300000000,1,1,0
1,606,98591300000000,98591315897125,98591330775750,14878625,30775750,15897125,98591310000000,1,1,1
1,608,98591320000000,98591330945125,98591346023875,15078750,26023875,10945125,98591330000000,1,1,1
1,609,98591340000000,98591346181875,98591362074125,15892250,22074125,6181875,98591350000000,1,1,0
1,611,98591350000000,98591362235625,98591376648250,14412625,26648250,12235625,98591360000000,1,1,1
1,612,98591370000000,98591376815625,98591392674500,15858875,22674500,6815625,98591380000000,1,1,0
1,614,98591380000000,98591392997000,98591408843375,15846375,28843375,12997000,98591390000000,1,1,1
1,615,98591400000000,98591409019500,98591424936000,15916500,24936000,9019500,98591410000000,1,1,0
1,617,98591410000000,98591425106875,98591440426250,15319375,30426250,15106875,98591420000000,1,1,1
1,619,98591430000000,98591440587750,98591456463875,15876125,26463875,10587750,98591440000000,1,1,1
1,620,98591450000000,98591456603250,98591471837625,15234375,21837625,6603250,98591460000000,1,1,0
1,622,98591460000000,98591472036875,98591487907500,15870625,27907500,12036875,98591470000000,1,1,1
1,623,98591480000000,98591488168375,98591503535125,15366750,23535125,8168375,98591490000000,1,1,0
1,625,98591490000000,98591503733625,98591519624875,15891250,29624875,13733625,98591500000000,1,1,1
1,626,98591510000000,98591519819500,98591535712875,15893375,25712875,9819500,98591520000000,1,1,0
1,628,98591520000000,98591535894250,98591551787375,15893125,31787375,15894250,98591530000000,1,1,1
1,630,98591540000000,98591552085500,98591567216875,15131375,27216875,12085500,98591550000000,1,1,1
1,631,98591560000000,98591568162625,98591583317375,15154750,23317375,8162625,98591570000000,1,1,0
1,633,98591570000000,98591583483875,98591598671750,15187875,28671750,13483875,98591580000000,1,1,1
1,634,98591590000000,98591598848000,98591614725000,15877000,24725000,8848000,98591600000000,1,1,0
1,636,98591600000000,98591614893750,98591630673250,15779500,30673250,14893750,98591610000000,1,1,1
1,638,98591620000000,98591630837625,98591646132625,15295000,26132625,10837625,98591630000000,1,1,1
1,639,98591640000000,98591646296000,98591662199375,15903375,22199375,6296000,98591650000000,1,1,0
1,641,98591650000000,98591662360375,98591677493375,15133000,27493375,12360375,98591660000000,1,1,1
1,642,98591670000000,98591677649000,98591693530375,15881375,23530375,7649000,98591680000000,1,1,0
1,644,98591680000000,98591693696750,98591709619250,15922500,29619250,13696750,98591690000000,1,1,1
1,645,98591700000000,98591709782125,98591725722125,15940000,25722125,9782125,98591710000000,1,1,0
1,647,98591710000000,98591725900375,98591741735375,15835000,31735375,15900375,98591720000000,1,1,1
1,649,98591730000000,98591741891000,98591757812000,15921000,27812000,11891000,98591740000000,1,1,1
1,650,98591750000000,98591758794250,98591774650750,15856500,24650750,8794250,98591760000000,1,1,0
1,652,98591760000000,98591774837000,98591790061375,15224375,30061375,14837000,98591770000000,1,1,1
1,654,98591780000000,98591790252125,98591806319375,16067250,26319375,10252125,98591790000000,1,1,1
1,655,98591800000000,98591806493125,98591822419000,15925875,22419000,6493125,98591810000000,1,1,0
1,657,98591810000000,98591822610250,98591838275000,15664750,28275000,12610250,98591820000000,1,1,1
1,658,98591830000000,98591838392125,98591854248125,15856000,24248125,8392125,98591840000000,1,1,0
1,660,98591840000000,98591854406250,98591870247125,15840875,30247125,14406250,98591850000000,1,1,1
1,662,98591860000000,98591870405750,98591885566500,15160750,25566500,10405750,98591870000000,1,1,1
1,663,98591880000000,98591885740125,98591901408375,15668250,21408375,5740125,98591890000000,1,1,0
1,665,98591890000000,98591901677625,98591917578625,15901000,27578625,11677625,98591900000000,1,1,1
1,666,98591910000000,98591917756750,98591932922375,15165625,22922375,7756750,98591920000000,1,1,0
1,668,98591920000000,98591933088625,98591948355750,15267125,28355750,13088625,98591930000000,1,1,1
1,669,98591940000000,98591948509500,98591963766250,15256750,23766250,8509500,98591950000000,1,1,0
1,671,98591950000000,98591963943375,98591979136750,15193375,29136750,13943375,98591960000000,1,1,1
1,672,98591970000000,98591979326000,98591995138750,15812750,25138750,9326000,98591980000000,1,1,0
1,674,98591980000000,98591995425125,98592010699000,15273875,30699000,15425125,98591990000000,1,1,1
1,676,98592000000000,98592010888875,98592026359875,15471000,26359875,10888875,98592010000000,1,1,1
1,677,98592020000000,98592026546250,98592041825500,15279250,21825500,6546250,98592030000000,1,1,0
1,679,98592030000000,98592041997250,98592057888500,15891250,27888500,11997250,98592040000000,1,1,1
1,680,98592050000000,98592058062750,98592073114625,15051875,23114625,8062750,98592060000000,1,1,0
1,682,98592060000000,98592073288750,98592088563125,15274375,28563125,13288750,98592070000000,1,1,1
1,683,98592080000000,98592088710875,98592104631875,15921000,24631875,8710875,98592090000000,1,1,0
1,685,98592090000000,98592104802625,98592120710500,15907875,30710500,14802625,98592100000000,1,1,1
1,687,98592110000000,98592120880250,98592135438750,14558500,25438750,10880250,98592120000000,1,1,1
1,688,98592130000000,98592135725625,98592150351125,14625500,20351125,5725625,98592140000000,1,1,0
1,690,98592140000000,98592150537000,98592165764500,15227500,25764500,10537000,98592150000000,1,1,1
1,691,98592160000000,98592165938750,98592180539625,14600875,20539625,5938750,98592170000000,1,1,0
1,693,98592170000000,98592180708000,98592196046375,15338375,26046375,10708000,98592180000000,1,1,1
1,694,98592190000000,98592196206875,98592212116125,15909250,22116125,6206875,98592200000000,1,1,0
1,696,98592200000000,98592212268375,98592227506625,15238250,27506625,12268375,98592210000000,1,1,1
1,697,98592220000000,98592227679750,98592241479500,13799750,21479500,7679750,98592230000000,1,1,0
1,699,98592230000000,98592241660500,98592257588250,15927750,27588250,11660500,98592240000000,1,1,1
1,700,98592250000000,98592257769250,98592273194000,15424750,23194000,7769250,98592260000000,1,1,0
1,702,98592260000000,98592273361875,98592288641125,15279250,28641125,13361875,98592270000000,1,1,1
1,703,98592280000000,98592288802625,98592304681625,15879000,24681625,8802625,98592290000000,1,1,0
1,705,98592290000000,98592304847500,98592320100875,15253375,30100875,14847500,98592300000000,1,1,1
1,707,98592310000000,98592320261000,98592335496375,15235375,25496375,10261000,98592320000000,1,1,1
1,708,98592330000000,98592335668500,98592351043375,15374875,21043375,5668500,98592340000000,1,1,0
1,710,98592340000000,98592351232750,98592366618875,15386125,26618875,11232750,98592350000000,1,1,1
1,711,98592360000000,98592366779125,98592382677500,15898375,22677500,6779125,98592370000000,1,1,0
1,713,98592370000000,98592382825250,98592398714500,15889250,28714500,12825250,98592380000000,1,1,1
1,714,98592390000000,98592399010750,98592414372875,15362125,24372875,9010750,98592400000000,1,1,0
1,716,98592400000000,98592415292375,98592428716750,13424375,28716750,15292375,98592410000000,1,1,1
1,717,98592420000000,98592428907000,98592444858750,15951750,24858750,8907000,98592430000000,1,1,0
1,719,98592430000000,98592445129125,98592460939750,15810625,30939750,15129125,98592440000000,1,1,1
1,721,98592450000000,98592461122250,98592476907500,15785250,26907500,11122250,98592460000000,1,1,1
1,722,98592470000000,98592477057750,98592493036375,15978625,23036375,7057750,98592480000000,1,1,0
1,724,98592480000000,98592493206625,98592509130500,15923875,29130500,13206625,98592490000000,1,1,1
1,725,98592500000000,98592509305750,98592524604500,15298750,24604500,9305750,98592510000000,1,1,0
1,727,98592510000000,98592524766125,98592539392375,14626250,29392375,14766125,98592520000000,1,1,1
1,728,98592530000000,98592539578625,98592555517125,15938500,25517125,9578625,98592540000000,1,1,0
1,730,98592540000000,98592555711875,98592571517750,15805875,31517750,15711875,98592550000000,1,1,1
1,732,98592560000000,98592571700750,98592587564125,15863375,27564125,11700750,98592570000000,1,1,1
1,733,98592580000000,98592587752875,98592603670000,15917125,23670000,7752875,98592590000000,1,1,0
1,735,98592590000000,98592603862125,98592618984375,15122250,28984375,13862125,98592600000000,1,1,1
1,736,98592610000000,98592619205875,98592633839625,14633750,23839625,9205875,98592620000000,1,1,0
1,738,98592620000000,98592634022500,98592649908750,15886250,29908750,14022500,98592630000000,1,1,1
1,740,98592640000000,98592650085500,98592665992250,15906750,25992250,10085500,98592650000000,1,1,1
1,741,98592660000000,98592666121625,98592682002500,15880875,22002500,6121625,98592670000000,1,1,0
1,743,98592670000000,98592682173250,98592697990750,15817500,27990750,12173250,98592680000000,1,1,1
1,744,98592690000000,98592698158125,98592713278750,15120625,23278750,8158125,98592700000000,1,1,0
1,746,98592700000000,98592713436375,98592727645000,14208625,27645000,13436375,98592710000000,1,1,1
1,747,98592720000000,98592727952500,98592743828500,15876000,23828500,7952500,98592730000000,1,1,0
1,749,98592730000000,98592744138500,98592759320125,15181625,29320125,14138500,98592740000000,1,1,1
1,750,98592750000000,98592759519125,98592775451875,15932750,25451875,9519125,98592760000000,1,1,0
1,752,98592760000000,98592775650375,98592791477625,15827250,31477625,15650375,98592770000000,1,1,1
1,754,98592780000000,98592791636625,98592807442125,15805500,27442125,11636625,98592790000000,1,1,1
1,755,98592800000000,98592807595375,98592821592125,13996750,21592125,7595375,98592810000000,1,1,0
1,757,98592810000000,98592821755500,98592837036750,15281250,27036750,11755500,98592820000000,1,1,1
1,758,98592830000000,98592837220125,98592852481000,15260875,22481000,7220125,98592840000000,1,1,0
1,760,98592840000000,98592852643375,98592868564875,15921500,28564875,12643375,98592850000000,1,1,1
1,761,98592860000000,98592868720875,98592884567750,15846875,24567750,8720875,98592870000000,1,1,0
1,763,98592870000000,98592884730750,98592900110000,15379250,30110000,14730750,98592880000000,1,1,1
1,765,98592890000000,98592900268625,98592915383875,15115250,25383875,10268625,98592900000000,1,1,1
1,766,98592910000000,98592915516125,98592930733375,15217250,20733375,5516125,98592920000000,1,1,0
1,768,98592920000000,98592930907500,98592946759875,15852375,26759875,10907500,98592930000000,1,1,1
1,769,98592940000000,98592946925750,98592962825625,15899875,22825625,6925750,98592950000000,1,1,0
1,771,98592950000000,98592963011500,98592978526125,15514625,28526125,13011500,98592960000000,1,1,1
1,772,98592970000000,98592978795375,98592994549875,15754500,24549875,8795375,98592980000000,1,1,0
1,774,98592980000000,98592994723625,98593007987000,13263375,27987000,14723625,98592990000000,1,1,1
1,775,98593000000000,98593008184125,98593024099875,15915750,24099875,8184125,98593010000000,1,1,0
1,777,98593010000000,98593024266625,98593040160750,15894125,30160750,14266625,98593020000000,1,1,1
1,779,98593030000000,98593040321750,98593055582500,15260750,25582500,10321750,98593040000000,1,1,1
1,780,98593050000000,98593056608250,98593072454500,15846250,22454500,6608250,98593060000000,1,1,0
1,782,98593060000000,98593072624750,98593087046125,14421375,27046125,12624750,98593070000000,1,1,1
1,783,98593080000000,98593087226250,98593102395250,15169000,22395250,7226250,98593090000000,1,1,0
1,785,98593090000000,98593102559125,98593118452750,15893625,28452750,12559125,98593100000000,1,1,1
1,786,98593110000000,98593118637250,98593133405125,14767875,23405125,8637250,98593120000000,1,1,0
1,788,98593120000000,98593133704625,98593149605750,15901125,29605750,13704625,98593130000000,1,1,1
1,789,98593140000000,98593149792625,98593165700875,15908250,25700875,9792625,98593150000000,1,1,0
1,791,98593150000000,98593165880375,98593181717375,15837000,31717375,15880375,98593160000000,1,1,1
1,793,98593170000000,98593181885750,98593197087375,15201625,27087375,11885750,98593180000000,1,1,1
1,794,98593190000000,98593197242125,98593213117625,15875500,23117625,7242125,98593200000000,1,1,0
1,796,98593200000000,98593213286000,98593229157625,15871625,29157625,13286000,98593210000000,1,1,1
1,797,98593220000000,98593229319125,98593245245500,15926375,25245500,9319125,98593230000000,1,1,0
1,799,98593230000000,98593245418250,98593260149000,14730750,30149000,15418250,98593240000000,1,1,1
1,801,98593250000000,98593260328125,98593276248000,15919875,26248000,10328125,98593260000000,1,1,1
1,802,98593270000000,98593276412500,98593290972000,14559500,20972000,6412500,98593280000000,1,1,0
1,804,98593280000000,98593291141750,98593306390375,15248625,26390375,11141750,98593290000000,1,1,1
1,805,98593300000000,98593306559250,98593322445875,15886625,22445875,6559250,98593310000000,1,1,0
1,807,98593310000000,98593322611375,98593337849125,15237750,27849125,12611375,98593320000000,1,1,1
1,808,98593330000000,98593338122375,98593353396625,15274250,23396625,8122375,98593340000000,1,1,0
1,810,98593340000000,98593353579875,98593367103750,13523875,27103750,13579875,98593350000000,1,1,1
1,811,98593360000000,98593367277875,98593382599125,15321250,22599125,7277875,98593370000000,1,1,0
1,813,98593370000000,98593382780250,98593397321500,14541250,27321500,12780250,98593380000000,1,1,1
1,814,98593390000000,98593397488500,98593412734500,15246000,22734500,7488500,98593400000000,1,1,0
1,816,98593400000000,98593412896000,98593427649125,14753125,27649125,12896000,98593410000000,1,1,1
1,817,98593420000000,98593427814625,98593443722375,15907750,23722375,7814625,98593430000000,1,1,0
1,819,98593430000000,98593443902000,98593459059250,15157250,29059250,13902000,98593440000000,1,1,1
1,820,98593450000000,98593459230000,98593474709875,15479875,24709875,9230000,98593460000000,1,1,0
1,822,98593460000000,98593474893500,98593489305375,14411875,29305375,14893500,98593470000000,1,1,1
1,823,98593480000000,98593489575375,98593505524000,15948625,25524000,9575375,98593490000000,1,1,0
1,825,98593490000000,98593505705125,98593520943875,15238750,30943875,15705125,98593500000000,1,1,1
1,827,98593510000000,98593521115625,98593535805375,14689750,25805375,11115625,98593520000000,1,1,1
1,828,98593530000000,98593536029125,98593551848375,15819250,21848375,6029125,98593540000000,1,1,0
1,830,98593540000000,98593552109875,98593567930750,15820875,27930750,12109875,98593550000000,1,1,1
1,831,98593560000000,98593568114750,98593583985000,15870250,23985000,8114750,98593570000000,1,1,0
1,833,98593570000000,98593584165875,98593599490500,15324625,29490500,14165875,98593580000000,1,1,1
1,834,98593590000000,98593599671625,98593615588250,15916625,25588250,9671625,98593600000000,1,1,0
1,836,98593600000000,98593615778125,98593631698500,15920375,31698500,15778125,98593610000000,1,1,1
1,838,98593620000000,98593631869750,98593647060750,15191000,27060750,11869750,98593630000000,1,1,1
1,839,98593640000000,98593647226375,98593661683125,14456750,21683125,7226375,98593650000000,1,1,0
1,841,98593650000000,98593661948125,98593677591375,15643250,27591375,11948125,98593660000000,1,1,1
1,842,98593670000000,98593677786500,98593693709500,15923000,23709500,7786500,98593680000000,1,1,0
1,844,98593680000000,98593693974875,98593709257625,15282750,29257625,13974875,98593690000000,1,1,1
1,846,98593700000000,98593710114375,98593726004625,15890250,26004625,10114375,98593710000000,1,1,1
1,847,98593720000000,98593726188625,98593740166375,13977750,20166375,6188625,98593730000000,1,1,0
1,849,98593730000000,98593740347875,98593756271375,15923500,26271375,10347875,98593740000000,1,1,1
1,850,98593750000000,98593756416750,98593771186000,14769250,21186000,6416750,98593760000000,1,1,0
1,852,98593760000000,98593771514875,98593787421250,15906375,27421250,11514875,98593770000000,1,1,1
1,853,98593780000000,98593787617875,98593802950875,15333000,22950875,7617875,98593790000000,1,1,0
1,855,98593790000000,98593803127000,98593818295000,15168000,28295000,13127000,98593800000000,1,1,1
1,856,98593810000000,98593818476000,98593833532750,15056750,23532750,8476000,98593820000000,1,1,0
1,858,98593820000000,98593833722000,98593848372250,14650250,28372250,13722000,98593830000000,1,1,1
1,859,98593840000000,98593848533875,98593863854000,15320125,23854000,8533875,98593850000000,1,1,0
1,861,98593850000000,98593864108250,98593878969375,14861125,28969375,14108250,98593860000000,1,1,1
1,862,98593870000000,98593879153750,98593895060375,15906625,25060375,9153750,98593880000000,1,1,0
1,864,98593880000000,98593895337250,98593910457375,15120125,30457375,15337250,98593890000000,1,1,1
1,866,98593900000000,98593910640500,98593926136375,15495875,26136375,10640500,98593910000000,1,1,1
1,867,98593920000000,98593926297375,98593942168125,15870750,22168125,6297375,98593930000000,1,1,0
1,869,98593930000000,98593942334500,98593958202250,15867750,28202250,12334500,98593940000000,1,1,1
1,870,98593950000000,98593958371500,98593973987125,15615625,23987125,8371500,98593960000000,1,1,0
1,872,98593960000000,98593974255500,98593990113000,15857500,30113000,14255500,98593970000000,1,1,1
1,874,98593980000000,98593990291000,98594006215875,15924875,26215875,10291000,98593990000000,1,1,1
1,875,98594000000000,98594006382375,98594021568875,15186500,21568875,6382375,98594010000000,1,1,0
1,877,98594010000000,98594021721500,98594036975875,15254375,26975875,11721500,98594020000000,1,1,1
1,878,98594030000000,98594037145750,98594052976375,15830625,22976375,7145750,98594040000000,1,1,0
1,880,98594040000000,98594053124750,98594067919375,14794625,27919375,13124750,98594050000000,1,1,1
1,881,98594060000000,98594068112125,98594083040625,14928500,23040625,8112125,98594070000000,1,1,0
1,883,98594070000000,98594083223125,98594098396875,15173750,28396875,13223125,98594080000000,1,1,1
1,884,98594090000000,98594098568125,98594114191500,15623375,24191500,8568125,98594100000000,1,1,0
1,886,98594100000000,98594114358750,98594129606375,15247625,29606375,14358750,98594110000000,1,1,1
1,887,98594120000000,98594129769250,98594145592750,15823500,25592750,9769250,98594130000000,1,1,0
1,889,98594130000000,98594145747875,98594160873875,15126000,30873875,15747875,98594140000000,1,1,1
1,891,98594150000000,98594161037375,98594176350250,15312875,26350250,11037375,98594160000000,1,1,1
1,892,98594170000000,98594176613250,98594191755875,15142625,21755875,6613250,98594180000000,1,1,0
1,894,98594180000000,98594191953000,98594207854500,15901500,27854500,11953000,98594190000000,1,1,1
1,895,98594200000000,98594208046750,98594223279750,15233000,23279750,8046750,98594210000000,1,1,0
1,897,98594210000000,98594223456750,98594239291375,15834625,29291375,13456750,98594220000000,1,1,1
1,898,98594230000000,98594239473875,98594255385500,15911625,25385500,9473875,98594240000000,1,1,0
1,900,98594240000000,98594255601250,98594271460125,15858875,31460125,15601250,98594250000000,1,1,1
1,902,98594260000000,98594271652000,98594287564625,15912625,27564625,11652000,98594270000000,1,1,1
1,903,98594280000000,98594287749000,98594302927875,15178875,22927875,7749000,98594290000000,1,1,0
1,905,98594290000000,98594303099500,98594318943875,15844375,28943875,13099500,98594300000000,1,1,1
1,906,98594310000000,98594319118125,98594335001875,15883750,25001875,9118125,98594320000000,1,1,0
1,908,98594320000000,98594335184875,98594351048250,15863375,31048250,15184875,98594330000000,1,1,1
1,910,98594340000000,98594351953500,98594367861750,15908250,27861750,11953500,98594350000000,1,1,1
1,911,98594360000000,98594368154500,98594382915000,14760500,22915000,8154500,98594370000000,1,1,0
1,913,98594370000000,98594383213250,98594398127375,14914125,28127375,13213250,98594380000000,1,1,1
1,914,98594390000000,98594398310000,98594414248375,15938375,24248375,8310000,98594400000000,1,1,0
1,916,98594400000000,98594414429000,98594429515500,15086500,29515500,14429000,98594410000000,1,1,1
1,917,98594420000000,98594429672125,98594445051000,15378875,25051000,9672125,98594430000000,1,1,0
1,919,98594430000000,98594445209500,98594461131000,15921500,31131000,15209500,98594440000000,1,1,1
1,921,98594450000000,98594461281750,98594476464000,15182250,26464000,11281750,98594460000000,1,1,1
1,922,98594470000000,98594476623000,98594491255750,14632750,21255750,6623000,98594480000000,1,1,0
1,924,98594480000000,98594491443000,98594507333250,15890250,27333250,11443000,98594490000000,1,1,1
1,925,98594500000000,98594507519125,98594523443500,15924375,23443500,7519125,98594510000000,1,1,0
1,927,98594510000000,98594523618750,98594539495750,15877000,29495750,13618750,98594520000000,1,1,1
1,928,98594530000000,98594539693875,98594555622500,15928625,25622500,9693875,98594540000000,1,1,0
1,930,98594540000000,98594555813500,98594571694875,15881375,31694875,15813500,98594550000000,1,1,1
1,932,98594560000000,98594571875375,98594586149875,14274500,26149875,11875375,98594570000000,1,1,1
1,933,98594580000000,98594587023875,98594602173375,15149500,22173375,7023875,98594590000000,1,1,0
1,935,98594590000000,98594602334250,98594618231250,15897000,28231250,12334250,98594600000000,1,1,1
1,936,98594610000000,98594618397250,98594634160625,15763375,24160625,8397250,98594620000000,1,1,0
1,938,98594620000000,98594634377250,98594650268375,15891125,30268375,14377250,98594630000000,1,1,1
1,940,98594640000000,98594650457250,98594666309375,15852125,26309375,10457250,98594650000000,1,1,1
1,941,98594660000000,98594666577875,98594682488500,15910625,22488500,6577875,98594670000000,1,1,0
1,943,98594670000000,98594682676750,98594697830125,15153375,27830125,12676750,98594680000000,1,1,1
1,944,98594690000000,98594698095750,98594713975625,15879875,23975625,8095750,98594700000000,1,1,0
1,946,98594700000000,98594714155250,98594729483250,15328000,29483250,14155250,98594710000000,1,1,1
1,947,98594720000000,98594729649625,98594744947500,15297875,24947500,9649625,98594730000000,1,1,0
1,949,98594730000000,98594745125000,98594759956375,14831375,29956375,15125000,98594740000000,1,1,1
1,951,98594750000000,98594760122250,98594775962125,15839875,25962125,10122250,98594760000000,1,1,1
1,952,98594770000000,98594776182000,98594790877875,14695875,20877875,6182000,98594780000000,1,1,0
1,954,98594780000000,98594791155000,98594806720250,15565250,26720250,11155000,98594790000000,1,1,1
1,955,98594800000000,98594806908125,98594821325125,14417000,21325125,6908125,98594810000000,1,1,0
1,957,98594810000000,98594821506125,98594836759000,15252875,26759000,11506125,98594820000000,1,1,1
1,958,98594830000000,98594836923875,98594852532125,15608250,22532125,6923875,98594840000000,1,1,0
1,960,98594840000000,98594852689250,98594868605250,15916000,28605250,12689250,98594850000000,1,1,1
1,961,98594860000000,98594868735500,98594882933375,14197875,22933375,8735500,98594870000000,1,1,0
1,963,98594870000000,98594883112000,98594899015500,15903500,29015500,13112000,98594880000000,1,1,1
1,964,98594890000000,98594899181000,98594915122375,15941375,25122375,9181000,98594900000000,1,1,0
1,966,98594900000000,98594915291125,98594930263500,14972375,30263500,15291125,98594910000000,1,1,1
1,968,98594920000000,98594930434750,98594946269750,15835000,26269750,10434750,98594930000000,1,1,1
1,969,98594940000000,98594946423000,98594960899125,14476125,20899125,6423000,98594950000000,1,1,0
1,971,98594950000000,98594961054250,98594976390500,15336250,26390500,11054250,98594960000000,1,1,1
1,972,98594970000000,98594976556500,98594992388250,15831750,22388250,6556500,98594980000000,1,1,0
1,974,98594980000000,98594992537375,98595007830875,15293500,27830875,12537375,98594990000000,1,1,1
1,976,98595000000000,98595013321625,98595029006875,15685250,29006875,13321625,98595010000000,1,1,1
1,977,98595020000000,98595029212875,98595045154250,15941375,25154250,9212875,98595030000000,1,1,0
1,979,98595030000000,98595045348375,98595060647250,15298875,30647250,15348375,98595040000000,1,1,1
1,981,98595050000000,98595060816500,98595076673125,15856625,26673125,10816500,98595060000000,1,1,1
1,982,98595070000000,98595076831625,98595090744125,13912500,20744125,6831625,98595080000000,1,1,0
1,984,98595080000000,98595090924125,98595106609375,15685250,26609375,10924125,98595090000000,1,1,1
1,985,98595100000000,98595106892375,98595122693375,15801000,22693375,6892375,98595110000000,1,1,0
1,987,98595110000000,98595122877750,98595138755375,15877625,28755375,12877750,98595120000000,1,1,1
1,988,98595130000000,98595138918250,98595154771375,15853125,24771375,8918250,98595140000000,1,1,0
1,990,98595140000000,98595154939250,98595170726500,15787250,30726500,14939250,98595150000000,1,1,1
1,992,98595160000000,98595171045625,98595184851750,13806125,24851750,11045625,98595170000000,1,1,1
1,993,98595180000000,98595185032625,98595200967875,15935250,20967875,5032625,98595190000000,1,1,0
1,995,98595190000000,98595201142000,98595217006375,15864375,27006375,11142000,98595200000000,1,1,1
1,996,98595210000000,98595217164000,98595232976125,15812125,22976125,7164000,98595220000000,1,1,0
1,998,98595220000000,98595233134625,98595249068375,15933750,29068375,13134625,98595230000000,1,1,1
1,999,98595240000000,98595249232250,98595265163000,15930750,25163000,9232250,98595250000000,1,1,0
1,1001,98595250000000,98595265331250,98595281251375,15920125,31251375,15331250,98595260000000,1,1,1
1,1003,98595270000000,98595281407000,98595296336875,14929875,26336875,11407000,98595280000000,1,1,1
1,1004,98595290000000,98595296445625,98595312300250,15854625,22300250,6445625,98595300000000,1,1,0
1,1006,98595300000000,98595312455500,98595328321625,15866125,28321625,12455500,98595310000000,1,1,1
1,1007,98595320000000,98595328484250,98595343764375,15280125,23764375,8484250,98595330000000,1,1,0
1,1009,98595330000000,98595343948250,98595359853250,15905000,29853250,13948250,98595340000000,1,1,1
1,1011,98595350000000,98595360038250,98595375954250,15916000,25954250,10038250,98595360000000,1,1,1
1,1012,98595370000000,98595376128875,98595391266125,15137250,21266125,6128875,98595380000000,1,1,0
1,1014,98595380000000,98595391445250,98595407366750,15921500,27366750,11445250,98595390000000,1,1,1
1,1015,98595400000000,98595407543375,98595423499500,15956125,23499500,7543375,98595410000000,1,1,0
1,1017,98595410000000,98595423687750,98595439068125,15380375,29068125,13687750,98595420000000,1,1,1
1,1018,98595430000000,98595439417875,98595455296000,15878125,25296000,9417875,98595440000000,1,1,0
1,1020,98595440000000,98595455496500,98595471377875,15881375,31377875,15496500,98595450000000,1,1,1
1,1022,98595460000000,98595471658375,98595487543250,15884875,27543250,11658375,98595470000000,1,1,1
1,1023,98595480000000,98595487739500,98595502499500,14760000,22499500,7739500,98595490000000,1,1,0
1,1025,98595490000000,98595502681500,98595518577000,15895500,28577000,12681500,98595500000000,1,1,1
1,1026,98595510000000,98595518745875,98595534677125,15931250,24677125,8745875,98595520000000,1,1,0
1,1028,98595520000000,98595534861625,98595550724500,15862875,30724500,14861625,98595530000000,1,1,1
1,1030,98595540000000,98595551008875,98595566875625,15866750,26875625,11008875,98595550000000,1,1,1
1,1031,98595560000000,98595567031375,98595582897625,15866250,22897625,7031375,98595570000000,1,1,0
1,1033,98595570000000,98595583074000,98595598277000,15203000,28277000,13074000,98595580000000,1,1,1
1,1034,98595590000000,98595598442375,98595613761625,15319250,23761625,8442375,98595600000000,1,1,0
1,1036,98595600000000,98595613931875,98595629127250,15195375,29127250,13931875,98595610000000,1,1,1
1,1037,98595620000000,98595629404500,98595645351750,15947250,25351750,9404500,98595630000000,1,1,0
1,1039,98595630000000,98595645536250,98595661500125,15963875,31500125,15536250,98595640000000,1,1,1
1,1041,98595650000000,98595662397000,98595677053500,14656500,27053500,12397000,98595660000000,1,1,1
1,1042,98595670000000,98595677248750,98595691791625,14542875,21791625,7248750,98595680000000,1,1,0
1,1044,98595680000000,98595691981500,98595707254875,15273375,27254875,11981500,98595690000000,1,1,1
1,1045,98595700000000,98595707438875,98595721990875,14552000,21990875,7438875,98595710000000,1,1,0
1,1047,98595710000000,98595722147500,98595738018250,15870750,28018250,12147500,98595720000000,1,1,1
1,1048,98595730000000,98595738179250,98595753372750,15193500,23372750,8179250,98595740000000,1,1,0
1,1050,98595740000000,98595753536125,98595769414125,15878000,29414125,13536125,98595750000000,1,1,1
1,1051,98595760000000,98595769568750,98595784752875,15184125,24752875,9568750,98595770000000,1,1,0
1,1053,98595770000000,98595784918375,98595800894500,15976125,30894500,14918375,98595780000000,1,1,1
1,1055,98595790000000,98595801066625,98595816570000,15503375,26570000,11066625,98595800000000,1,1,1
1,1056,98595810000000,98595816770500,98595832126375,15355875,22126375,6770500,98595820000000,1,1,0
1,1058,98595820000000,98595832303500,98595847873125,15569625,27873125,12303500,98595830000000,1,1,1
1,1059,98595840000000,98595848038375,98595863873000,15834625,23873000,8038375,98595850000000,1,1,0
1,1061,98595850000000,98595864051125,98595879040125,14989000,29040125,14051125,98595860000000,1,1,1
1,1062,98595870000000,98595879201125,98595894560375,15359250,24560375,9201125,98595880000000,1,1,0
1,1064,98595880000000,98595894735125,98595910086125,15351000,30086125,14735125,98595890000000,1,1,1
1,1066,98595900000000,98595910257875,98595926107000,15849125,26107000,10257875,98595910000000,1,1,1
1,1067,98595920000000,98595926274000,98595942152875,15878875,22152875,6274000,98595930000000,1,1,0
1,1069,98595930000000,98595942320875,98595958176375,15855500,28176375,12320875,98595940000000,1,1,1
1,1070,98595950000000,98595958341750,98595973266125,14924375,23266125,8341750,98595960000000,1,1,0
1,1072,98595960000000,98595973439500,98595988737250,15297750,28737250,13439500,98595970000000,1,1,1
1,1073,98595980000000,98595988893375,98596004197500,15304125,24197500,8893375,98595990000000,1,1,0
1,1075,98595990000000,98596004340000,98596020226375,15886375,30226375,14340000,98596000000000,1,1,1
1,1077,98596010000000,98596020376500,98596036296250,15919750,26296250,10376500,98596020000000,1,1,1
1,1078,98596030000000,98596036464000,98596052397750,15933750,22397750,6464000,98596040000000,1,1,0
1,1080,98596040000000,98596052571250,98596066374000,13802750,26374000,12571250,98596050000000,1,1,1
1,1081,98596060000000,98596066657000,98596082568625,15911625,22568625,6657000,98596070000000,1,1,0
1,1083,98596070000000,98596082767250,98596098654500,15887250,28654500,12767250,98596080000000,1,1,1
1,1084,98596090000000,98596098825750,98596113950875,15125125,23950875,8825750,98596100000000,1,1,0
1,1086,98596100000000,98596114124000,98596130012375,15888375,30012375,14124000,98596110000000,1,1,1
1,1088,98596120000000,98596130183625,98596146056250,15872625,26056250,10183625,98596130000000,1,1,1
1,1089,98596140000000,98596146221125,98596160806000,14584875,20806000,6221125,98596150000000,1,1,0
1,1091,98596150000000,98596160976875,98596176232125,15255250,26232125,10976875,98596160000000,1,1,1
1,1092,98596170000000,98596176410750,98596192339500,15928750,22339500,6410750,98596180000000,1,1,0
1,1094,98596180000000,98596192502375,98596207852875,15350500,27852875,12502375,98596190000000,1,1,1
1,1095,98596200000000,98596208054000,98596223370000,15316000,23370000,8054000,98596210000000,1,1,0
1,1097,98596210000000,98596223554875,98596239405000,15850125,29405000,13554875,98596220000000,1,1,1
1,1098,98596230000000,98596239567000,98596254767625,15200625,24767625,9567000,98596240000000,1,1,0
1,1100,98596240000000,98596255737750,98596270938500,15200750,30938500,15737750,98596250000000,1,1,1
1,1102,98596260000000,98596271122875,98596286980500,15857625,26980500,11122875,98596270000000,1,1,1
1,1103,98596280000000,98596287159000,98596303054000,15895000,23054000,7159000,98596290000000,1,1,0
1,1105,98596290000000,98596303970000,98596319930125,15960125,29930125,13970000,98596300000000,1,1,1
1,1107,98596310000000,98596320128625,98596335327000,15198375,25327000,10128625,98596320000000,1,1,1
1,1108,98596330000000,98596335530375,98596351386500,15856125,21386500,5530375,98596340000000,1,1,0
1,1110,98596340000000,98596351560625,98596365360250,13799625,25360250,11560625,98596350000000,1,1,1
1,1111,98596360000000,98596365528125,98596381168500,15640375,21168500,5528125,98596370000000,1,1,0
1,1113,98596370000000,98596381324250,98596397180750,15856500,27180750,11324250,98596380000000,1,1,1
1,1114,98596390000000,98596397334500,98596413272000,15937500,23272000,7334500,98596400000000,1,1,0
1,1116,98596400000000,98596413538000,98596429304750,15766750,29304750,13538000,98596410000000,1,1,1
1,1117,98596420000000,98596429494500,98596444890375,15395875,24890375,9494500,98596430000000,1,1,0
1,1119,98596430000000,98596445058375,98596460262250,15203875,30262250,15058375,98596440000000,1,1,1
1,1121,98596450000000,98596460418375,98596476328750,15910375,26328750,10418375,98596460000000,1,1,1
1,1122,98596470000000,98596476480875,98596491636250,15155375,21636250,6480875,98596480000000,1,1,0
1,1124,98596480000000,98596491801625,98596507710875,15909250,27710875,11801625,98596490000000,1,1,1
1,1125,98596500000000,98596507901750,98596523084375,15182625,23084375,7901750,98596510000000,1,1,0
1,1127,98596510000000,98596523371750,98596538898500,15526750,28898500,13371750,98596520000000,1,1,1
1,1128,98596530000000,98596539095000,98596552444875,13349875,22444875,9095000,98596540000000,1,1,0
1,1130,98596540000000,98596552621500,98596568475500,15854000,28475500,12621500,98596550000000,1,1,1
1,1131,98596560000000,98596568632625,98596584496000,15863375,24496000,8632625,98596570000000,1,1,0
1,1133,98596570000000,98596584659500,98596600558625,15899125,30558625,14659500,98596580000000,1,1,1
1,1135,98596590000000,98596600728750,98596616622875,15894125,26622875,10728750,98596600000000,1,1,1
1,1136,98596610000000,98596616783000,98596632704000,15921000,22704000,6783000,98596620000000,1,1,0
1,1138,98596620000000,98596632949375,98596648555125,15605750,28555125,12949375,98596630000000,1,1,1
1,1139,98596640000000,98596649476375,98596664720000,15243625,24720000,9476375,98596650000000,1,1,0
1,1141,98596650000000,98596664914750,98596680813625,15898875,30813625,14914750,98596660000000,1,1,1
1,1143,98596670000000,98596680976625,98596696845375,15868750,26845375,10976625,98596680000000,1,1,1
1,1144,98596690000000,98596697000125,98596712846375,15846250,22846375,7000125,98596700000000,1,1,0
1,1146,98596700000000,98596713000625,98596727610750,14610125,27610750,13000625,98596710000000,1,1,1
1,1147,98596720000000,98596727801125,98596743638625,15837500,23638625,7801125,98596730000000,1,1,0
1,1149,98596730000000,98596743824000,98596758629375,14805375,28629375,13824000,98596740000000,1,1,1
1,1150,98596750000000,98596758911500,98596774834375,15922875,24834375,8911500,98596760000000,1,1,0
1,1152,98596760000000,98596775013500,98596790835875,15822375,30835875,15013500,98596770000000,1,1,1
1,1154,98596780000000,98596791008625,98596805940000,14931375,25940000,11008625,98596790000000,1,1,1
1,1155,98596800000000,98596806215125,98596822183000,15967875,22183000,6215125,98596810000000,1,1,0
1,1157,98596810000000,98596822350875,98596838382000,16031125,28382000,12350875,98596820000000,1,1,1
1,1158,98596830000000,98596838570375,98596853494875,14924500,23494875,8570375,98596840000000,1,1,0
1,1160,98596840000000,98596853669125,98596869564625,15895500,29564625,13669125,98596850000000,1,1,1
1,1161,98596860000000,98596869727125,98596885593375,15866250,25593375,9727125,98596870000000,1,1,0
1,1163,98596870000000,98596885753000,98596901472500,15719500,31472500,15753000,98596880000000,1,1,1
1,1165,98596890000000,98596901620750,98596917529625,15908875,27529625,11620750,98596900000000,1,1,1
1,1166,98596910000000,98596917799875,98596933063000,15263125,23063000,7799875,98596920000000,1,1,0
1,1168,98596920000000,98596933252875,98596948391500,15138625,28391500,13252875,98596930000000,1,1,1
1,1169,98596940000000,98596948531000,98596963801500,15270500,23801500,8531000,98596950000000,1,1,0
1,1171,98596950000000,98596964755625,98596980645375,15889750,30645375,14755625,98596960000000,1,1,1
1,1173,98596970000000,98596980795125,98596996659500,15864375,26659500,10795125,98596980000000,1,1,1
1,1174,98596990000000,98596996832125,98597012587250,15755125,22587250,6832125,98597000000000,1,1,0
1,1176,98597000000000,98597012750125,98597028577500,15827375,28577500,12750125,98597010000000,1,1,1
1,1177,98597020000000,98597028923875,98597044812125,15888250,24812125,8923875,98597030000000,1,1,0
1,1179,98597030000000,98597044995125,98597058145875,13150750,28145875,14995125,98597040000000,1,1,1
1,1180,98597050000000,98597058324375,98597072906250,14581875,22906250,8324375,98597060000000,1,1,0
1,1182,98597060000000,98597073090250,98597088962500,15872250,28962500,13090250,98597070000000,1,1,1
1,1183,98597080000000,98597089117625,98597105026875,15909250,25026875,9117625,98597090000000,1,1,0
1,1185,98597090000000,98597105185375,98597120420750,15235375,30420750,15185375,98597100000000,1,1,1
1,1187,98597110000000,98597120580750,98597135718125,15137375,25718125,10580750,98597120000000,1,1,1
1,1188,98597130000000,98597135887875,98597151829250,15941375,21829250,5887875,98597140000000,1,1,0
1,1190,98597140000000,98597152100125,98597168047375,15947250,28047375,12100125,98597150000000,1,1,1
1,1191,98597160000000,98597168320125,98597184282125,15962000,24282125,8320125,98597170000000,1,1,0
1,1193,98597170000000,98597184455375,98597199684375,15229000,29684375,14455375,98597180000000,1,1,1
1,1194,98597190000000,98597199862375,98597215797625,15935250,25797625,9862375,98597200000000,1,1,0
1,1196,98597200000000,98597215981000,98597231872125,15891125,31872125,15981000,98597210000000,1,1,1
1,1198,98597220000000,98597232069875,98597247168000,15098125,27168000,12069875,98597230000000,1,1,1
1,1199,98597240000000,98597247337875,98597263166125,15828250,23166125,7337875,98597250000000,1,1,0
1,1201,98597250000000,98597263325125,98597279233375,15908250,29233375,13325125,98597260000000,1,1,1
1,1202,98597270000000,98597279407625,98597295174375,15766750,25174375,9407625,98597280000000,1,1,0
1,1204,98597280000000,98597295350500,98597309844625,14494125,29844625,15350500,98597290000000,1,1,1
1,1206,98597300000000,98597310008125,98597325769500,15761375,25769500,10008125,98597310000000,1,1,1
1,1207,98597320000000,98597325935375,98597340485125,14549750,20485125,5935375,98597330000000,1,1,0
1,1209,98597330000000,98597340646250,98597356570500,15924250,26570500,10646250,98597340000000,1,1,1
1,1210,98597350000000,98597356844250,98597372791125,15946875,22791125,6844250,98597360000000,1,1,0
1,1212,98597360000000,98597372964750,98597388257625,15292875,28257625,12964750,98597370000000,1,1,1
1,1213,98597380000000,98597388414750,98597404253375,15838625,24253375,8414750,98597390000000,1,1,0
1,1215,98597390000000,98597404418250,98597419653625,15235375,29653625,14418250,98597400000000,1,1,1
1,1216,98597410000000,98597419835125,98597435099625,15264500,25099625,9835125,98597420000000,1,1,0
1,1218,98597420000000,98597435276875,98597449754375,14477500,29754375,15276875,98597430000000,1,1,1
1,1219,98597440000000,98597449916250,98597465832375,15916125,25832375,9916250,98597450000000,1,1,0
1,1221,98597450000000,98597466006625,98597481913000,15906375,31913000,16006625,98597460000000,1,1,1
1,1223,98597470000000,98597482053375,98597497983250,15929875,27983250,12053375,98597480000000,1,1,1
1,1224,98597490000000,98597498154000,98597513963125,15809125,23963125,8154000,98597500000000,1,1,0
1,1226,98597500000000,98597514232125,98597528856875,14624750,28856875,14232125,98597510000000,1,1,1
1,1227,98597520000000,98597529038875,98597544967625,15928750,24967625,9038875,98597530000000,1,1,0
1,1229,98597530000000,98597545145250,98597561061375,15916125,31061375,15145250,98597540000000,1,1,1
1,1231,98597550000000,98597561226250,98597576446500,15220250,26446500,11226250,98597560000000,1,1,1
1,1232,98597570000000,98597576585000,98597591905875,15320875,21905875,6585000,98597580000000,1,1,0
1,1234,98597580000000,98597592045375,98597607494500,15449125,27494500,12045375,98597590000000,1,1,1
1,1235,98597600000000,98597608451875,98597623615000,15163125,23615000,8451875,98597610000000,1,1,0
1,1237,98597610000000,98597624586125,98597638164125,13578000,28164125,14586125,98597620000000,1,1,1
1,1238,98597630000000,98597638354500,98597654267125,15912625,24267125,8354500,98597640000000,1,1,0
1,1240,98597640000000,98597654431125,98597670307250,15876125,30307250,14431125,98597650000000,1,1,1
1,1242,98597660000000,98597670464750,98597686268125,15803375,26268125,10464750,98597670000000,1,1,1
1,1243,98597680000000,98597686423875,98597702344250,15920375,22344250,6423875,98597690000000,1,1,0
1,1245,98597690000000,98597702501875,98597717057875,14556000,27057875,12501875,98597700000000,1,1,1
1,1246,98597710000000,98597717221875,98597732491875,15270000,22491875,7221875,98597720000000,1,1,0
1,1248,98597720000000,98597732649875,98597746922125,14272250,26922125,12649875,98597730000000,1,1,1
1,1249,98597740000000,98597747087500,98597763014750,15927250,23014750,7087500,98597750000000,1,1,0
1,1251,98597750000000,98597763184625,98597778981500,15796875,28981500,13184625,98597760000000,1,1,1
1,1252,98597770000000,98597779132125,98597794436375,15304250,24436375,9132125,98597780000000,1,1,0
1,1254,98597780000000,98597794605750,98597809177500,14571750,29177500,14605750,98597790000000,1,1,1
1,1255,98597800000000,98597809338875,98597824565875,15227000,24565875,9338875,98597810000000,1,1,0
1,1257,98597810000000,98597824714375,98597840618750,15904375,30618750,14714375,98597820000000,1,1,1
1,1259,98597830000000,98597840793375,98597856663625,15870250,26663625,10793375,98597840000000,1,1,1
1,1260,98597850000000,98597856818750,98597872718750,15900000,22718750,6818750,98597860000000,1,1,0
1,1262,98597860000000,98597872874875,98597888197625,15322750,28197625,12874875,98597870000000,1,1,1
1,1263,98597880000000,98597888345375,98597902556375,14211000,22556375,8345375,98597890000000,1,1,0
1,1265,98597890000000,98597902736500,98597918144625,15408125,28144625,12736500,98597900000000,1,1,1
1,1266,98597910000000,98597918273875,98597933477000,15203125,23477000,8273875,98597920000000,1,1,0
1,1268,98597920000000,98597933641000,98597949534250,15893250,29534250,13641000,98597930000000,1,1,1
1,1269,98597940000000,98597949704000,98597965649375,15945375,25649375,9704000,98597950000000,1,1,0
1,1271,98597950000000,98597965820500,98597981733750,15913250,31733750,15820500,98597960000000,1,1,1
1,1273,98597970000000,98597981894250,98597996476875,14582625,26476875,11894250,98597980000000,1,1,1
1,1274,98597990000000,98597996654250,98598012569375,15915125,22569375,6654250,98598000000000,1,1,0
1,1276,98598000000000,98598012745000,98598027038125,14293125,27038125,12745000,98598010000000,1,1,1
1,1277,98598020000000,98598027215125,98598043056125,15841000,23056125,7215125,98598030000000,1,1,0
1,1279,98598030000000,98598043228375,98598058555000,15326625,28555000,13228375,98598040000000,1,1,1
1,1280,98598050000000,98598058831125,98598073248125,14417000,23248125,8831125,98598060000000,1,1,0
1,1282,98598060000000,98598073429750,98598089350625,15920875,29350625,13429750,98598070000000,1,1,1
1,1283,98598080000000,98598089534000,98598104790500,15256500,24790500,9534000,98598090000000,1,1,0
1,1285,98598090000000,98598104912875,98598120240875,15328000,30240875,14912875,98598100000000,1,1,1
1,1287,98598110000000,98598120494625,98598136395125,15900500,26395125,10494625,98598120000000,1,1,1
1,1288,98598130000000,98598136566375,98598152437625,15871250,22437625,6566375,98598140000000,1,1,0
1,1290,98598140000000,98598152705000,98598168559000,15854000,28559000,12705000,98598150000000,1,1,1
1,1291,98598160000000,98598168711875,98598183929000,15217125,23929000,8711875,98598170000000,1,1,0
1,1293,98598170000000,98598184170625,98598200125375,15954750,30125375,14170625,98598180000000,1,1,1
1,1295,98598190000000,98598200302750,98598216186250,15883500,26186250,10302750,98598200000000,1,1,1
1,1296,98598210000000,98598216337500,98598232150750,15813250,22150750,6337500,98598220000000,1,1,0
1,1298,98598220000000,98598232300375,98598248221375,15921000,28221375,12300375,98598230000000,1,1,1
1,1299,98598240000000,98598249125625,98598265109500,15983875,25109500,9125625,98598250000000,1,1,0
1,1301,98598250000000,98598265303875,98598281121125,15817250,31121125,15303875,98598260000000,1,1,1
1,1303,98598270000000,98598281263250,98598296410750,15147500,26410750,11263250,98598280000000,1,1,1
1,1304,98598290000000,98598296694750,98598312609250,15914500,22609250,6694750,98598300000000,1,1,0
1,1306,98598300000000,98598312807375,98598328679125,15871750,28679125,12807375,98598310000000,1,1,1
1,1307,98598320000000,98598328832750,98598344774250,15941500,24774250,8832750,98598330000000,1,1,0
1,1309,98598330000000,98598344944500,98598359656250,14711750,29656250,14944500,98598340000000,1,1,1
1,1310,98598350000000,98598359835250,98598375760750,15925500,25760750,9835250,98598360000000,1,1,0
1,1312,98598360000000,98598375923125,98598391136125,15213000,31136125,15923125,98598370000000,1,1,1
1,1314,98598380000000,98598391431750,98598406811000,15379250,26811000,11431750,98598390000000,1,1,1
1,1315,98598400000000,98598406986750,98598422125500,15138750,22125500,6986750,98598410000000,1,1,0
1,1317,98598410000000,98598422294750,98598437638875,15344125,27638875,12294750,98598420000000,1,1,1
1,1318,98598430000000,98598437805250,98598453143125,15337875,23143125,7805250,98598440000000,1,1,0
1,1320,98598440000000,98598453288000,98598469013750,15725750,29013750,13288000,98598450000000,1,1,1
1,1321,98598460000000,98598469158250,98598484375500,15217250,24375500,9158250,98598470000000,1,1,0
1,1323,98598470000000,98598484533625,98598499309750,14776125,29309750,14533625,98598480000000,1,1,1
1,1324,98598490000000,98598499489250,98598515339500,15850250,25339500,9489250,98598500000000,1,1,0
1,1326,98598500000000,98598515509250,98598531390750,15881500,31390750,15509250,98598510000000,1,1,1
1,1328,98598520000000,98598531574125,98598547478125,15904000,27478125,11574125,98598530000000,1,1,1
1,1329,98598540000000,98598547651750,98598563493750,15842000,23493750,7651750,98598550000000,1,1,0
1,1331,98598550000000,98598563666875,98598578881250,15214375,28881250,13666875,98598560000000,1,1,1
1,1332,98598570000000,98598579051500,98598594926125,15874625,24926125,9051500,98598580000000,1,1,0
1,1334,98598580000000,98598595087625,98598610627500,15539875,30627500,15087625,98598590000000,1,1,1
1,1336,98598600000000,98598610817875,98598625513875,14696000,25513875,10817875,98598610000000,1,1,1
1,1337,98598620000000,98598625685125,98598641588125,15903000,21588125,5685125,98598630000000,1,1,0
1,1339,98598630000000,98598641858875,98598657607250,15748375,27607250,11858875,98598640000000,1,1,1
1,1340,98598650000000,98598657795375,98598673229375,15434000,23229375,7795375,98598660000000,1,1,0
1,1342,98598660000000,98598673431875,98598688592625,15160750,28592625,13431875,98598670000000,1,1,1
1,1343,98598680000000,98598688759000,98598704604375,15845375,24604375,8759000,98598690000000,1,1,0
1,1345,98598690000000,98598704746750,98598718996875,14250125,28996875,14746750,98598700000000,1,1,1
1,1346,98598710000000,98598719180375,98598735079875,15899500,25079875,9180375,98598720000000,1,1,0
1,1348,98598720000000,98598735252125,98598751163250,15911125,31163250,15252125,98598730000000,1,1,1
1,1350,98598740000000,98598751340000,98598766160500,14820500,26160500,11340000,98598750000000,1,1,1
1,1351,98598760000000,98598766331250,98598782191750,15860500,22191750,6331250,98598770000000,1,1,0
1,1353,98598770000000,98598782362500,98598798210750,15848250,28210750,12362500,98598780000000,1,1,1
1,1354,98598790000000,98598798379625,98598814487875,16108250,24487875,8379625,98598800000000,1,1,0
1,1356,98598800000000,98598814774875,98598828824375,14049500,28824375,14774875,98598810000000,1,1,1
1,1357,98598820000000,98598829012125,98598844828750,15816625,24828750,9012125,98598830000000,1,1,0
1,1359,98598830000000,98598845025000,98598859565375,14540375,29565375,15025000,98598840000000,1,1,1
1,1360,98598850000000,98598859780000,98598875690750,15910750,25690750,9780000,98598860000000,1,1,0
1,1362,98598860000000,98598875886875,98598891089625,15202750,31089625,15886875,98598870000000,1,1,1
1,1364,98598880000000,98598892035250,98598907421000,15385750,27421000,12035250,98598890000000,1,1,1
1,1365,98598900000000,98598907625375,98598922864125,15238750,22864125,7625375,98598910000000,1,1,0
1,1367,98598910000000,98598923036250,98598938995875,15959625,28995875,13036250,98598920000000,1,1,1
1,1368,98598930000000,98598939165625,98598954240875,15075250,24240875,9165625,98598940000000,1,1,0
1,1370,98598940000000,98598954528375,98598969126875,14598500,29126875,14528375,98598950000000,1,1,1
1,1371,98598960000000,98598969304000,98598985154250,15850250,25154250,9304000,98598970000000,1,1,0
1,1373,98598970000000,98598985310750,98599001179500,15868750,31179500,15310750,98598980000000,1,1,1
1,1375,98598990000000,98599001342500,98599016164000,14821500,26164000,11342500,98599000000000,1,1,1
1,1376,98599010000000,98599016321250,98599031474625,15153375,21474625,6321250,98599020000000,1,1,0
1,1378,98599020000000,98599031642875,98599046860125,15217250,26860125,11642875,98599030000000,1,1,1
1,1379,98599040000000,98599047031375,98599062902125,15870750,22902125,7031375,98599050000000,1,1,0
1,1381,98599050000000,98599063091000,98599078905125,15814125,28905125,13091000,98599060000000,1,1,1
1,1382,98599070000000,98599079063625,98599094044250,14980625,24044250,9063625,98599080000000,1,1,0
1,1384,98599080000000,98599094228125,98599110151125,15923000,30151125,14228125,98599090000000,1,1,1
1,1386,98599100000000,98599110306875,98599125496250,15189375,25496250,10306875,98599110000000,1,1,1
1,1387,98599120000000,98599125671375,98599140185500,14514125,20185500,5671375,98599130000000,1,1,0
1,1389,98599130000000,98599140451750,98599156381625,15929875,26381625,10451750,98599140000000,1,1,1
1,1390,98599150000000,98599156555875,98599172451375,15895500,22451375,6555875,98599160000000,1,1,0
1,1392,98599160000000,98599172623250,98599188516750,15893500,28516750,12623250,98599170000000,1,1,1
1,1393,98599180000000,98599188682750,98599204432875,15750125,24432875,8682750,98599190000000,1,1,0
1,1395,98599190000000,98599204591000,98599220487500,15896500,30487500,14591000,98599200000000,1,1,1
1,1397,98599210000000,98599220641625,98599235388625,14747000,25388625,10641625,98599220000000,1,1,1
1,1398,98599230000000,98599235678500,98599251535500,15857000,21535500,5678500,98599240000000,1,1,0
1,1400,98599240000000,98599251732125,98599267616500,15884375,27616500,11732125,98599250000000,1,1,1
1,1401,98599260000000,98599267800000,98599283737000,15937000,23737000,7800000,98599270000000,1,1,0
1,1403,98599270000000,98599284079125,98599298422875,14343750,28422875,14079125,98599280000000,1,1,1
1,1404,98599290000000,98599298622500,98599314391625,15769125,24391625,8622500,98599300000000,1,1,0
1,1406,98599300000000,98599314551125,98599329786125,15235000,29786125,14551125,98599310000000,1,1,1
1,1407,98599320000000,98599329955875,98599345231250,15275375,25231250,9955875,98599330000000,1,1,0
1,1409,98599330000000,98599345383375,98599361263375,15880000,31263375,15383375,98599340000000,1,1,1
1,1411,98599350000000,98599361426375,98599377351750,15925375,27351750,11426375,98599360000000,1,1,1
1,1412,98599370000000,98599377525375,98599392916000,15390625,22916000,7525375,98599380000000,1,1,0
1,1414,98599380000000,98599393079500,98599408936000,15856500,28936000,13079500,98599390000000,1,1,1
1,1415,98599400000000,98599409089625,98599424973500,15883875,24973500,9089625,98599410000000,1,1,0
1,1417,98599410000000,98599425124750,98599438692750,13568000,28692750,15124750,98599420000000,1,1,1
1,1418,98599430000000,98599438886375,98599454715125,15828750,24715125,8886375,98599440000000,1,1,0
1,1420,98599440000000,98599454862500,98599470764875,15902375,30764875,14862500,98599450000000,1,1,1
1,1422,98599460000000,98599470933250,98599486377000,15443750,26377000,10933250,98599470000000,1,1,1
1,1423,98599480000000,98599486547750,98599501817125,15269375,21817125,6547750,98599490000000,1,1,0
1,1425,98599490000000,98599501989875,98599517125750,15135875,27125750,11989875,98599500000000,1,1,1
1,1426,98599510000000,98599517283750,98599533178000,15894250,23178000,7283750,98599520000000,1,1,0
1,1428,98599520000000,98599534102750,98599549834750,15732000,29834750,14102750,98599530000000,1,1,1
1,1430,98599540000000,98599550025125,98599565922125,15897000,25922125,10025125,98599550000000,1,1,1
1,1431,98599560000000,98599566086125,98599581913250,15827125,21913250,6086125,98599570000000,1,1,0
1,1433,98599570000000,98599582076875,98599597993375,15916500,27993375,12076875,98599580000000,1,1,1
1,1434,98599590000000,98599598154875,98599614050500,15895625,24050500,8154875,98599600000000,1,1,0
1,1436,98599600000000,98599614214000,98599629490750,15276750,29490750,14214000,98599610000000,1,1,1
1,1437,98599620000000,98599629661000,98599645495125,15834125,25495125,9661000,98599630000000,1,1,0
1,1439,98599630000000,98599645666375,98599661608875,15942500,31608875,15666375,98599640000000,1,1,1
1,1441,98599650000000,98599661753250,98599676449375,14696125,26449375,11753250,98599660000000,1,1,1
1,1442,98599670000000,98599676613750,98599691283125,14669375,21283125,6613750,98599680000000,1,1,0
1,1444,98599680000000,98599691419625,98599706498875,15079250,26498875,11419625,98599690000000,1,1,1
1,1445,98599700000000,98599706676000,98599721259875,14583875,21259875,6676000,98599710000000,1,1,0
1,1447,98599710000000,98599721543375,98599737247250,15703875,27247250,11543375,98599720000000,1,1,1
1,1448,98599730000000,98599737426750,98599753111625,15684875,23111625,7426750,98599740000000,1,1,0
1,1450,98599740000000,98599753265625,98599769184250,15918625,29184250,13265625,98599750000000,1,1,1
1,1451,98599760000000,98599769351625,98599785272625,15921000,25272625,9351625,98599770000000,1,1,0
1,1453,98599770000000,98599785434125,98599801108500,15674375,31108500,15434125,98599780000000,1,1,1
1,1455,98599790000000,98599801411125,98599816821750,15410625,26821750,11411125,98599800000000,1,1,1
1,1456,98599810000000,98599817022750,98599832241875,15219125,22241875,7022750,98599820000000,1,1,0
1,1458,98599820000000,98599832422000,98599846995125,14573125,26995125,12422000,98599830000000,1,1,1
1,1459,98599840000000,98599847300625,98599862650125,15349500,22650125,7300625,98599850000000,1,1,0
1,1461,98599850000000,98599862835500,98599878091375,15255875,28091375,12835500,98599860000000,1,1,1
1,1462,98599870000000,98599878264625,98599894199125,15934500,24199125,8264625,98599880000000,1,1,0
1,1464,98599880000000,98599894376875,98599909289625,14912750,29289625,14376875,98599890000000,1,1,1
1,1465,98599900000000,98599909445250,98599925342875,15897625,25342875,9445250,98599910000000,1,1,0
1,1467,98599910000000,98599925524750,98599940159875,14635125,30159875,15524750,98599920000000,1,1,1
1,1469,98599930000000,98599940332125,98599956114625,15782500,26114625,10332125,98599940000000,1,1,1
1,1470,98599950000000,98599956441000,98599970601750,14160750,20601750,6441000,98599960000000,1,1,0
1,1472,98599960000000,98599970868625,98599986066500,15197875,26066500,10868625,98599970000000,1,1,1
1,1473,98599980000000,98599986253750,98600002084000,15830250,22084000,6253750,98599990000000,1,1,0
1,1475,98599990000000,98600002404625,98600018283125,15878500,28283125,12404625,98600000000000,1,1,1
1,1476,98600010000000,98600018460750,98600034364125,15903375,24364125,8460750,98600020000000,1,1,0
1,1478,98600020000000,98600034521750,98600050412375,15890625,30412375,14521750,98600030000000,1,1,1
1,1480,98600040000000,98600050666625,98600066514375,15847750,26514375,10666625,98600050000000,1,1,1
1,1481,98600060000000,98600066703375,98600082581250,15877875,22581250,6703375,98600070000000,1,1,0
1,1483,98600070000000,98600082761750,98600098009250,15247500,28009250,12761750,98600080000000,1,1,1
1,1484,98600090000000,98600098163000,98600114066375,15903375,24066375,8163000,98600100000000,1,1,0
1,1486,98600100000000,98600114230375,98600130080750,15850375,30080750,14230375,98600110000000,1,1,1
1,1488,98600120000000,98600130230375,98600145896625,15666250,25896625,10230375,98600130000000,1,1,1
1,1489,98600140000000,98600146080500,98600162011750,15931250,22011750,6080500,98600150000000,1,1,0
1,1491,98600150000000,98600162180125,98600178025875,15845750,28025875,12180125,98600160000000,1,1,1
1,1493,98600170000000,98600183769500,98600199450875,15681375,29450875,13769500,98600180000000,1,1,1
1,1494,98600190000000,98600199681625,98600214886625,15205000,24886625,9681625,98600200000000,1,1,0
1,1496,98600200000000,98600215076500,98600229062625,13986125,29062625,15076500,98600210000000,1,1,1
1,1497,98600220000000,98600229228625,98600245111875,15883250,25111875,9228625,98600230000000,1,1,0
1,1499,98600230000000,98600245377750,98600260048125,14670375,30048125,15377750,98600240000000,1,1,1
1,1501,98600250000000,98600260221875,98600275474250,15252375,25474250,10221875,98600260000000,1,1,1
1,1502,98600270000000,98600275765000,98600291616125,15851125,21616125,5765000,98600280000000,1,1,0
1,1504,98600280000000,98600291821125,98600307115625,15294500,27115625,11821125,98600290000000,1,1,1
1,1505,98600300000000,98600307279500,98600321679375,14399875,21679375,7279500,98600310000000,1,1,0
1,1507,98600310000000,98600321851625,98600337646125,15794500,27646125,11851625,98600320000000,1,1,1
1,1508,98600330000000,98600337803750,98600353237875,15434125,23237875,7803750,98600340000000,1,1,0
1,1510,98600340000000,98600353404375,98600369290875,15886500,29290875,13404375,98600350000000,1,1,1
1,1511,98600360000000,98600369447500,98600385358375,15910875,25358375,9447500,98600370000000,1,1,0
1,1513,98600370000000,98600385509625,98600401160125,15650500,31160125,15509625,98600380000000,1,1,1
1,1515,98600390000000,98600401314375,98600415215500,13901125,25215500,11314375,98600400000000,1,1,1
1,1516,98600410000000,98600415385375,98600429801375,14416000,19801375,5385375,98600420000000,1,1,0
1,1517,98600420000000,98600429941000,98600444719000,14778000,24719000,9941000,98600430000000,1,1,0
1,1519,98600430000000,98600444885375,98600460320875,15435500,30320875,14885375,98600440000000,1,1,1
1,1521,98600450000000,98600460478875,98600476358375,15879500,26358375,10478875,98600460000000,1,1,1
1,1522,98600470000000,98600476512625,98600491659125,15146500,21659125,6512625,98600480000000,1,1,0
1,1524,98600480000000,98600491949500,98600507841625,15892125,27841625,11949500,98600490000000,1,1,1
1,1525,98600500000000,98600508054500,98600523458000,15403500,23458000,8054500,98600510000000,1,1,0
1,1527,98600510000000,98600523651750,98600539514250,15862500,29514250,13651750,98600520000000,1,1,1
1,1528,98600530000000,98600539685875,98600554997875,15312000,24997875,9685875,98600540000000,1,1,0
1,1530,98600540000000,98600555261875,98600571240875,15979000,31240875,15261875,98600550000000,1,1,1
1,1532,98600560000000,98600571431125,98600586297125,14866000,26297125,11431125,98600570000000,1,1,1
1,1533,98600580000000,98600587145250,98600602338625,15193375,22338625,7145250,98600590000000,1,1,0
1,1535,98600590000000,98600602505500,98600618386375,15880875,28386375,12505500,98600600000000,1,1,1
1,1536,98600610000000,98600618549000,98600634422000,15873000,24422000,8549000,98600620000000,1,1,0
1,1538,98600620000000,98600634587000,98600650128750,15541750,30128750,14587000,98600630000000,1,1,1
1,1540,98600640000000,98600650294250,98600666178000,15883750,26178000,10294250,98600650000000,1,1,1
1,1541,98600660000000,98600666337625,98600682705500,16367875,22705500,6337625,98600670000000,1,1,0
1,1543,98600670000000,98600682890875,98600698106875,15216000,28106875,12890875,98600680000000,1,1,1
1,1544,98600690000000,98600698281000,98600713867625,15586625,23867625,8281000,98600700000000,1,1,0
1,1546,98600700000000,98600714042875,98600729936000,15893125,29936000,14042875,98600710000000,1,1,1
1,1548,98600720000000,98600730080875,98600745700250,15619375,25700250,10080875,98600730000000,1,1,1
1,1549,98600740000000,98600745863625,98600761729000,15865375,21729000,5863625,98600750000000,1,1,0
1,1551,98600750000000,98600761878875,98600777798375,15919500,27798375,11878875,98600760000000,1,1,1
1,1552,98600770000000,98600777961250,98600793781750,15820500,23781750,7961250,98600780000000,1,1,0
1,1554,98600780000000,98600793944250,98600809160000,15215750,29160000,13944250,98600790000000,1,1,1
1,1555,98600800000000,98600809325000,98600825230875,15905875,25230875,9325000,98600810000000,1,1,0
1,1557,98600810000000,98600826163875,98600842117500,15953625,32117500,16163875,98600820000000,1,1,1
1,1559,98600830000000,98600842330750,98600858151125,15820375,28151125,12330750,98600840000000,1,1,1
1,1560,98600850000000,98600858320000,98600873877375,15557375,23877375,8320000,98600860000000,1,1,0
1,1562,98600860000000,98600874045750,98600889470875,15425125,29470875,14045750,98600870000000,1,1,1
1,1563,98600880000000,98600889641125,98600904829125,15188000,24829125,9641125,98600890000000,1,1,0
1,1565,98600890000000,98600904995125,98600920786250,15791125,30786250,14995125,98600900000000,1,1,1
1,1567,98600910000000,98600920955125,98600936859500,15904375,26859500,10955125,98600920000000,1,1,1
1,1568,98600930000000,98600937019500,98600952882375,15862875,22882375,7019500,98600940000000,1,1,0
1,1570,98600940000000,98600953037000,98600968239625,15202625,28239625,13037000,98600950000000,1,1,1
1,1571,98600960000000,98600968400625,98600984266625,15866000,24266625,8400625,98600970000000,1,1,0
1,1573,98600970000000,98600984389500,98600998777750,14388250,28777750,14389500,98600980000000,1,1,1
1,1574,98600990000000,98600999648250,98601014767000,15118750,24767000,9648250,98601000000000,1,1,0
1,1576,98601000000000,98601014899125,98601030817250,15918125,30817250,14899125,98601010000000,1,1,1
1,1578,98601020000000,98601030984500,98601045021875,14037375,25021875,10984500,98601030000000,1,1,1
1,1579,98601040000000,98601045180000,98601060518750,15338750,20518750,5180000,98601050000000,1,1,0
1,1581,98601050000000,98601060674000,98601075997625,15323625,25997625,10674000,98601060000000,1,1,1
1,1582,98601070000000,98601076239750,98601091491125,15251375,21491125,6239750,98601080000000,1,1,0
1,1584,98601080000000,98601091653500,98601107455000,15801500,27455000,11653500,98601090000000,1,1,1
1,1585,98601100000000,98601107803375,98601123643875,15840500,23643875,7803375,98601110000000,1,1,0
1,1587,98601110000000,98601123845250,98601139793125,15947875,29793125,13845250,98601120000000,1,1,1
1,1588,98601130000000,98601139977625,98601155874125,15896500,25874125,9977625,98601140000000,1,1,0
1,1590,98601140000000,98601156060125,98601171817250,15757125,31817250,16060125,98601150000000,1,1,1
1,1592,98601160000000,98601172182625,98601188053250,15870625,28053250,12182625,98601170000000,1,1,1
1,1593,98601180000000,98601188204500,98601203411500,15207000,23411500,8204500,98601190000000,1,1,0
1,1595,98601190000000,98601203721500,98601218093000,14371500,28093000,13721500,98601200000000,1,1,1
1,1596,98601210000000,98601218291125,98601234082250,15791125,24082250,8291125,98601220000000,1,1,0
1,1598,98601220000000,98601234233875,98601249855750,15621875,29855750,14233875,98601230000000,1,1,1
1,1600,98601240000000,98601250018750,98601265220375,15201625,25220375,10018750,98601250000000,1,1,1
1,1601,98601260000000,98601265387375,98601281245250,15857875,21245250,5387375,98601270000000,1,1,0
1,1603,98601270000000,98601281397625,98601296547500,15149875,26547500,11397625,98601280000000,1,1,1
1,1604,98601290000000,98601296696250,98601312600750,15904500,22600750,6696250,98601300000000,1,1,0
1,1606,98601300000000,98601312760250,98601328660250,15900000,28660250,12760250,98601310000000,1,1,1
1,1607,98601320000000,98601328822625,98601344685000,15862375,24685000,8822625,98601330000000,1,1,0
1,1609,98601330000000,98601344860750,98601360720250,15859500,30720250,14860750,98601340000000,1,1,1
1,1611,98601350000000,98601360975500,98601375781875,14806375,25781875,10975500,98601360000000,1,1,1
1,1612,98601370000000,98601375964875,98601391137250,15172375,21137250,5964875,98601380000000,1,1,0
1,1614,98601380000000,98601391302250,98601407154375,15852125,27154375,11302250,98601390000000,1,1,1
1,1615,98601400000000,98601407321625,98601423208500,15886875,23208500,7321625,98601410000000,1,1,0
1,1617,98601410000000,98601423393875,98601439212375,15818500,29212375,13393875,98601420000000,1,1,1
1,1618,98601430000000,98601439395750,98601455280125,15884375,25280125,9395750,98601440000000,1,1,0
1,1620,98601440000000,98601455561250,98601471479750,15918500,31479750,15561250,98601450000000,1,1,1
1,1622,98601460000000,98601472383125,98601488318625,15935500,28318625,12383125,98601470000000,1,1,1
1,1623,98601480000000,98601488498750,98601503629125,15130375,23629125,8498750,98601490000000,1,1,0
1,1625,98601490000000,98601503812125,98601519198750,15386625,29198750,13812125,98601500000000,1,1,1
1,1626,98601510000000,98601519386000,98601535293875,15907875,25293875,9386000,98601520000000,1,1,0
1,1628,98601520000000,98601535613875,98601550996875,15383000,30996875,15613875,98601530000000,1,1,1
1,1630,98601540000000,98601551190375,98601566563750,15373375,26563750,11190375,98601550000000,1,1,1
1,1631,98601560000000,98601566730250,98601582387125,15656875,22387125,6730250,98601570000000,1,1,0
1,1633,98601570000000,98601582544625,98601597825500,15280875,27825500,12544625,98601580000000,1,1,1
1,1634,98601590000000,98601597951875,98601613741500,15789625,23741500,7951875,98601600000000,1,1,0
1,1636,98601600000000,98601613894875,98601629152500,15257625,29152500,13894875,98601610000000,1,1,1
1,1637,98601620000000,98601629316000,98601645218875,15902875,25218875,9316000,98601630000000,1,1,0
1,1639,98601630000000,98601645346625,98601660551875,15205250,30551875,15346625,98601640000000,1,1,1
1,1641,98601650000000,98601660709375,98601676066750,15357375,26066750,10709375,98601660000000,1,1,1
1,1642,98601670000000,98601676208750,98601691407500,15198750,21407500,6208750,98601680000000,1,1,0
1,1644,98601680000000,98601691579750,98601707452375,15872625,27452375,11579750,98601690000000,1,1,1
1,1645,98601700000000,98601707621750,98601723490875,15869125,23490875,7621750,98601710000000,1,1,0
1,1647,98601710000000,98601723676375,98601739043000,15366625,29043000,13676375,98601720000000,1,1,1
1,1648,98601730000000,98601739214625,98601755064375,15849750,25064375,9214625,98601740000000,1,1,0
1,1650,98601740000000,98601755243000,98601770462250,15219250,30462250,15243000,98601750000000,1,1,1
1,1652,98601760000000,98601770630500,98601785130500,14500000,25130500,10630500,98601770000000,1,1,1
1,1653,98601780000000,98601785290125,98601801169625,15879500,21169625,5290125,98601790000000,1,1,0
1,1655,98601790000000,98601801278875,98601816450250,15171375,26450250,11278875,98601800000000,1,1,1
1,1656,98601810000000,98601816602500,98601832506375,15903875,22506375,6602500,98601820000000,1,1,0
1,1658,98601820000000,98601832690875,98601848643000,15952125,28643000,12690875,98601830000000,1,1,1
1,1659,98601840000000,98601848819625,98601864627375,15807750,24627375,8819625,98601850000000,1,1,0
1,1661,98601850000000,98601864793250,98601879953500,15160250,29953500,14793250,98601860000000,1,1,1
1,1663,98601870000000,98601880131125,98601896046750,15915625,26046750,10131125,98601880000000,1,1,1
1,1664,98601890000000,98601896202875,98601911419125,15216250,21419125,6202875,98601900000000,1,1,0
1,1666,98601900000000,98601911599625,98601926942375,15342750,26942375,11599625,98601910000000,1,1,1
1,1667,98601920000000,98601927116000,98601941551125,14435125,21551125,7116000,98601930000000,1,1,0
1,1669,98601930000000,98601941723375,98601957121125,15397750,27121125,11723375,98601940000000,1,1,1
1,1670,98601950000000,98601957284250,98601972494625,15210375,22494625,7284250,98601960000000,1,1,0
1,1672,98601960000000,98601972772250,98601988699625,15927375,28699625,12772250,98601970000000,1,1,1
1,1673,98601980000000,98601988874750,98602004773375,15898625,24773375,8874750,98601990000000,1,1,0
1,1675,98601990000000,98602004890875,98602020586375,15695500,30586375,14890875,98602000000000,1,1,1
1,1677,98602010000000,98602020841125,98602036108125,15267000,26108125,10841125,98602020000000,1,1,1
1,1678,98602030000000,98602036278375,98602052202375,15924000,22202375,6278375,98602040000000,1,1,0
1,1680,98602040000000,98602052353625,98602067485000,15131375,27485000,12353625,98602050000000,1,1,1
1,1681,98602060000000,98602067654250,98602083545000,15890750,23545000,7654250,98602070000000,1,1,0
1,1683,98602070000000,98602083732750,98602099610375,15877625,29610375,13732750,98602080000000,1,1,1
1,1684,98602090000000,98602099791875,98602115664000,15872125,25664000,9791875,98602100000000,1,1,0
1,1686,98602100000000,98602115845000,98602131658125,15813125,31658125,15845000,98602110000000,1,1,1
1,1688,98602120000000,98602132579500,98602148476000,15896500,28476000,12579500,98602130000000,1,1,1
1,1689,98602140000000,98602148660125,98602163922250,15262125,23922250,8660125,98602150000000,1,1,0
1,1691,98602150000000,98602164139250,98602179281000,15141750,29281000,14139250,98602160000000,1,1,1
1,1692,98602170000000,98602179446375,98602194846250,15399875,24846250,9446375,98602180000000,1,1,0
1,1694,98602180000000,98602195144750,98602211182875,16038125,31182875,15144750,98602190000000,1,1,1
1,1696,98602200000000,98602211343875,98602227133125,15789250,27133125,11343875,98602210000000,1,1,1
1,1697,98602220000000,98602227322375,98602243226375,15904000,23226375,7322375,98602230000000,1,1,0
1,1699,98602230000000,98602243400500,98602258102000,14701500,28102000,13400500,98602240000000,1,1,1
1,1700,98602250000000,98602258263000,98602273436750,15173750,23436750,8263000,98602260000000,1,1,0
1,1702,98602260000000,98602273598000,98602288772250,15174250,28772250,13598000,98602270000000,1,1,1
1,1703,98602280000000,98602288958125,98602304804875,15846750,24804875,8958125,98602290000000,1,1,0
1,1705,98602290000000,98602304961000,98602319545000,14584000,29545000,14961000,98602300000000,1,1,1
1,1706,98602310000000,98602319725500,98602334497250,14771750,24497250,9725500,98602320000000,1,1,0
1,1708,98602320000000,98602334675875,98602350593750,15917875,30593750,14675875,98602330000000,1,1,1
1,1710,98602340000000,98602350737750,98602365318625,14580875,25318625,10737750,98602350000000,1,1,1
1,1711,98602360000000,98602365488625,98602381274000,15785375,21274000,5488625,98602370000000,1,1,0
1,1713,98602370000000,98602381416375,98602397145500,15729125,27145500,11416375,98602380000000,1,1,1
1,1714,98602390000000,98602397307500,98602413059125,15751625,23059125,7307500,98602400000000,1,1,0
1,1716,98602400000000,98602413175250,98602428488625,15313375,28488625,13175250,98602410000000,1,1,1
1,1717,98602420000000,98602428645250,98602444524250,15879000,24524250,8645250,98602430000000,1,1,0
1,1719,98602430000000,98602444688375,98602459305375,14617000,29305375,14688375,98602440000000,1,1,1
1,1720,98602450000000,98602459486750,98602474071625,14584875,24071625,9486750,98602460000000,1,1,0
1,1722,98602460000000,98602474241875,98602489839375,15597500,29839375,14241875,98602470000000,1,1,1
1,1723,98602480000000,98602489997500,98602505909625,15912125,25909625,9997500,98602490000000,1,1,0
1,1725,98602490000000,98602506054125,98602521939875,15885750,31939875,16054125,98602500000000,1,1,1
1,1727,98602510000000,98602522098500,98602537794875,15696375,27794875,12098500,98602520000000,1,1,1
1,1728,98602530000000,98602537945750,98602553177250,15231500,23177250,7945750,98602540000000,1,1,0
1,1730,98602540000000,98602553444125,98602569337250,15893125,29337250,13444125,98602550000000,1,1,1
1,1731,98602560000000,98602569508000,98602585215750,15707750,25215750,9508000,98602570000000,1,1,0
1,1733,98602570000000,98602585372375,98602601225875,15853500,31225875,15372375,98602580000000,1,1,1
1,1735,98602590000000,98602601388500,98602617257625,15869125,27257625,11388500,98602600000000,1,1,1
1,1736,98602610000000,98602617380750,98602633231000,15850250,23231000,7380750,98602620000000,1,1,0
1,1738,98602620000000,98602633386000,98602647818625,14432625,27818625,13386000,98602630000000,1,1,1
1,1739,98602640000000,98602648104125,98602664036875,15932750,24036875,8104125,98602650000000,1,1,0
1,1741,98602650000000,98602664220250,98602678862125,14641875,28862125,14220250,98602660000000,1,1,1
1,1742,98602670000000,98602679030500,98602694589375,15558875,24589375,9030500,98602680000000,1,1,0
1,1744,98602680000000,98602694766000,98602710942625,16176625,30942625,14766000,98602690000000,1,1,1
1,1746,98602700000000,98602711148625,98602726128250,14979625,26128250,11148625,98602710000000,1,1,1
1,1747,98602720000000,98602726317125,98602741478250,15161125,21478250,6317125,98602730000000,1,1,0
1,1749,98602730000000,98602741639750,98602756813125,15173375,26813125,11639750,98602740000000,1,1,1
1,1750,98602750000000,98602757061875,98602773023875,15962000,23023875,7061875,98602760000000,1,1,0
1,1752,98602760000000,98602773914875,98602789879875,15965000,29879875,13914875,98602770000000,1,1,1
1,1754,98602780000000,98602790064625,98602805926250,15861625,25926250,10064625,98602790000000,1,1,1
1,1755,98602800000000,98602806102375,98602822295125,16192750,22295125,6102375,98602810000000,1,1,0
1,1757,98602810000000,98602822435125,98602838345875,15910750,28345875,12435125,98602820000000,1,1,1
1,1758,98602830000000,98602838518500,98602853347875,14829375,23347875,8518500,98602840000000,1,1,0
1,1760,98602840000000,98602853483125,98602869370750,15887625,29370750,13483125,98602850000000,1,1,1
1,1761,98602860000000,98602869543625,98602885366500,15822875,25366500,9543625,98602870000000,1,1,0
1,1763,98602870000000,98602885528875,98602900283125,14754250,30283125,15528875,98602880000000,1,1,1
1,1765,98602890000000,98602900450500,98602916330000,15879500,26330000,10450500,98602900000000,1,1,1
1,1766,98602910000000,98602916486500,98602932277750,15791250,22277750,6486500,98602920000000,1,1,0
1,1768,98602920000000,98602932421250,98602947632625,15211375,27632625,12421250,98602930000000,1,1,1
1,1769,98602940000000,98602947807750,98602963699000,15891250,23699000,7807750,98602950000000,1,1,0
1,1771,98602950000000,98602964058125,98602979226125,15168000,29226125,14058125,98602960000000,1,1,1
1,1772,98602970000000,98602979413000,98602995275875,15862875,25275875,9413000,98602980000000,1,1,0
1,1774,98602980000000,98602995459375,98603011334375,15875000,31334375,15459375,98602990000000,1,1,1
1,1776,98603000000000,98603011528125,98603027355375,15827250,27355375,11528125,98603010000000,1,1,1
1,1777,98603020000000,98603027484625,98603041772875,14288250,21772875,7484625,98603030000000,1,1,0
1,1779,98603030000000,98603041919250,98603057798750,15879500,27798750,11919250,98603040000000,1,1,1
1,1780,98603050000000,98603057960750,98603073845500,15884750,23845500,7960750,98603060000000,1,1,0
1,1782,98603060000000,98603074014875,98603088128000,14113125,28128000,14014875,98603070000000,1,1,1
1,1783,98603080000000,98603088289875,98603104135625,15845750,24135625,8289875,98603090000000,1,1,0
1,1785,98603090000000,98603104350875,98603120301125,15950250,30301125,14350875,98603100000000,1,1,1
1,1787,98603110000000,98603120502125,98603135720375,15218250,25720375,10502125,98603120000000,1,1,1
1,1788,98603130000000,98603135911125,98603151048875,15137750,21048875,5911125,98603140000000,1,1,0
1,1790,98603140000000,98603151222625,98603165870375,14647750,25870375,11222625,98603150000000,1,1,1
1,1791,98603160000000,98603166040625,98603181931375,15890750,21931375,6040625,98603170000000,1,1,0
1,1793,98603170000000,98603182098250,98603196661250,14563000,26661250,12098250,98603180000000,1,1,1
1,1794,98603190000000,98603196818750,98603212734375,15915625,22734375,6818750,98603200000000,1,1,0
1,1796,98603200000000,98603213008250,98603228265000,15256750,28265000,13008250,98603210000000,1,1,1
1,1797,98603220000000,98603228397750,98603244281000,15883250,24281000,8397750,98603230000000,1,1,0
1,1799,98603230000000,98603244449500,98603260276625,15827125,30276625,14449500,98603240000000,1,1,1
1,1801,98603250000000,98603260437750,98603275737375,15299625,25737375,10437750,98603260000000,1,1,1
1,1802,98603270000000,98603275922375,98603291203625,15281250,21203625,5922375,98603280000000,1,1,0
1,1804,98603280000000,98603291377750,98603306606250,15228500,26606250,11377750,98603290000000,1,1,1
1,1805,98603300000000,98603306762375,98603322015875,15253500,22015875,6762375,98603310000000,1,1,0
1,1807,98603310000000,98603322189000,98603337226750,15037750,27226750,12189000,98603320000000,1,1,1
1,1808,98603330000000,98603337386250,98603351549625,14163375,21549625,7386250,98603340000000,1,1,0
1,1810,98603340000000,98603351722250,98603367655000,15932750,27655000,11722250,98603350000000,1,1,1
1,1811,98603360000000,98603367823375,98603383734000,15910625,23734000,7823375,98603370000000,1,1,0
1,1813,98603370000000,98603383885250,98603399735500,15850250,29735500,13885250,98603380000000,1,1,1
1,1814,98603390000000,98603399924250,98603414647250,14723000,24647250,9924250,98603400000000,1,1,0
1,1816,98603400000000,98603415556375,98603430800375,15244000,30800375,15556375,98603410000000,1,1,1
1,1818,98603420000000,98603431000125,98603446885875,15885750,26885875,11000125,98603430000000,1,1,1
1,1819,98603440000000,98603447032125,98603462860500,15828375,22860500,7032125,98603450000000,1,1,0
1,1821,98603450000000,98603463011250,98603478914750,15903500,28914750,13011250,98603460000000,1,1,1
1,1822,98603470000000,98603479080625,98603494285625,15205000,24285625,9080625,98603480000000,1,1,0
1,1824,98603480000000,98603494452000,98603508429875,13977875,28429875,14452000,98603490000000,1,1,1
1,1825,98603500000000,98603508586500,98603523113250,14526750,23113250,8586500,98603510000000,1,1,0
1,1827,98603510000000,98603523288375,98603537268750,13980375,27268750,13288375,98603520000000,1,1,1
1,1828,98603530000000,98603537438625,98603553366750,15928125,23366750,7438625,98603540000000,1,1,0
1,1830,98603540000000,98603553529750,98603569313125,15783375,29313125,13529750,98603550000000,1,1,1
1,1831,98603560000000,98603569471250,98603584743000,15271750,24743000,9471250,98603570000000,1,1,0
1,1833,98603570000000,98603584917750,98603600804125,15886375,30804125,14917750,98603580000000,1,1,1
1,1835,98603590000000,98603600964625,98603616830875,15866250,26830875,10964625,98603600000000,1,1,1
1,1836,98603610000000,98603616991500,98603632750000,15758500,22750000,6991500,98603620000000,1,1,0
1,1838,98603620000000,98603632901250,98603648199375,15298125,28199375,12901250,98603630000000,1,1,1
1,1839,98603640000000,98603648369625,98603664228750,15859125,24228750,8369625,98603650000000,1,1,0
1,1841,98603650000000,98603664385000,98603679534375,15149375,29534375,14385000,98603660000000,1,1,1
1,1842,98603670000000,98603679701250,98603695096125,15394875,25096125,9701250,98603680000000,1,1,0
1,1844,98603680000000,98603695276125,98603711127250,15851125,31127250,15276125,98603690000000,1,1,1
1,1846,98603700000000,98603711304000,98603727164875,15860875,27164875,11304000,98603710000000,1,1,1
1,1847,98603720000000,98603727345375,98603743204000,15858625,23204000,7345375,98603730000000,1,1,0
1,1849,98603730000000,98603743376750,98603758383125,15006375,28383125,13376750,98603740000000,1,1,1
1,1850,98603750000000,98603758573000,98603773779125,15206125,23779125,8573000,98603760000000,1,1,0
1,1852,98603760000000,98603773940625,98603788559125,14618500,28559125,13940625,98603770000000,1,1,1
1,1853,98603780000000,98603788719625,98603803480125,14760500,23480125,8719625,98603790000000,1,1,0
1,1855,98603790000000,98603803661125,98603819270875,15609750,29270875,13661125,98603800000000,1,1,1
1,1856,98603810000000,98603819487000,98603834708125,15221125,24708125,9487000,98603820000000,1,1,0
1,1858,98603820000000,98603834879375,98603850537250,15657875,30537250,14879375,98603830000000,1,1,1
1,1860,98603840000000,98603850695375,98603865920000,15224625,25920000,10695375,98603850000000,1,1,1
1,1861,98603860000000,98603866081750,98603881979500,15897750,21979500,6081750,98603870000000,1,1,0
1,1863,98603870000000,98603882142625,98603898109375,15966750,28109375,12142625,98603880000000,1,1,1
1,1864,98603890000000,98603898288500,98603914102000,15813500,24102000,8288500,98603900000000,1,1,0
1,1866,98603900000000,98603914252875,98603929721875,15469000,29721875,14252875,98603910000000,1,1,1
1,1867,98603920000000,98603929877500,98603945798500,15921000,25798500,9877500,98603930000000,1,1,0
1,1869,98603930000000,98603946063500,98603961234000,15170500,31234000,16063500,98603940000000,1,1,1
1,1871,98603950000000,98603961398375,98603977363125,15964750,27363125,11398375,98603960000000,1,1,1
1,1872,98603970000000,98603977522375,98603993241625,15719250,23241625,7522375,98603980000000,1,1,0
1,1874,98603980000000,98603993410500,98604009154875,15744375,29154875,13410500,98603990000000,1,1,1
1,1875,98604000000000,98604009300750,98604025134875,15834125,25134875,9300750,98604010000000,1,1,0
1,1877,98604010000000,98604025280750,98604041185500,15904750,31185500,15280750,98604020000000,1,1,1
1,1879,98604030000000,98604041319250,98604057190500,15871250,27190500,11319250,98604040000000,1,1,1
1,1880,98604050000000,98604058087375,98604073392875,15305500,23392875,8087375,98604060000000,1,1,0
1,1882,98604060000000,98604073555500,98604089476000,15920500,29476000,13555500,98604070000000,1,1,1
1,1883,98604080000000,98604089640250,98604105064000,15423750,25064000,9640250,98604090000000,1,1,0
1,1885,98604090000000,98604105245500,98604120869750,15624250,30869750,15245500,98604100000000,1,1,1
1,1887,98604110000000,98604121000500,98604136847250,15846750,26847250,11000500,98604120000000,1,1,1
1,1888,98604130000000,98604136995750,98604152926875,15931125,22926875,6995750,98604140000000,1,1,0
1,1890,98604140000000,98604153096250,98604168930750,15834500,28930750,13096250,98604150000000,1,1,1
1,1891,98604160000000,98604169092375,98604184292500,15200125,24292500,9092375,98604170000000,1,1,0
1,1893,98604170000000,98604184554000,98604199831875,15277875,29831875,14554000,98604180000000,1,1,1
1,1895,98604190000000,98604200048000,98604215934375,15886375,25934375,10048000,98604200000000,1,1,1
1,1896,98604210000000,98604216119250,98604231944125,15824875,21944125,6119250,98604220000000,1,1,0
1,1898,98604220000000,98604232119250,98604247979750,15860500,27979750,12119250,98604230000000,1,1,1
1,1899,98604240000000,98604248200750,98604264072875,15872125,24072875,8200750,98604250000000,1,1,0
1,1901,98604250000000,98604264331625,98604277948250,13616625,27948250,14331625,98604260000000,1,1,1
1,1902,98604270000000,98604278124750,98604294054625,15929875,24054625,8124750,98604280000000,1,1,0
1,1904,98604280000000,98604294222000,98604310077500,15855500,30077500,14222000,98604290000000,1,1,1
1,1906,98604300000000,98604310245375,98604326163000,15917625,26163000,10245375,98604310000000,1,1,1
1,1907,98604320000000,98604326315750,98604342237125,15921375,22237125,6315750,98604330000000,1,1,0
1,1909,98604330000000,98604342394750,98604357805250,15410500,27805250,12394750,98604340000000,1,1,1
1,1910,98604350000000,98604357975000,98604373147500,15172500,23147500,7975000,98604360000000,1,1,0
1,1912,98604360000000,98604373293750,98604389242500,15948750,29242500,13293750,98604370000000,1,1,1
1,1913,98604380000000,98604389405625,98604405341125,15935500,25341125,9405625,98604390000000,1,1,0
1,1915,98604390000000,98604405509500,98604421380625,15871125,31380625,15509500,98604400000000,1,1,1
1,1917,98604410000000,98604421565125,98604437429875,15864750,27429875,11565125,98604420000000,1,1,1
1,1918,98604430000000,98604437696875,98604453614375,15917500,23614375,7696875,98604440000000,1,1,0
1,1920,98604440000000,98604453772500,98604469669625,15897125,29669625,13772500,98604450000000,1,1,1
1,1921,98604460000000,98604469841375,98604484933625,15092250,24933625,9841375,98604470000000,1,1,0
1,1923,98604470000000,98604485108875,98604500982875,15874000,30982875,15108875,98604480000000,1,1,1
1,1925,98604490000000,98604501133625,98604516555000,15421375,26555000,11133625,98604500000000,1,1,1
1,1926,98604510000000,98604516716000,98604532617000,15901000,22617000,6716000,98604520000000,1,1,0
1,1928,98604520000000,98604532782750,98604548090500,15307750,28090500,12782750,98604530000000,1,1,1
1,1929,98604540000000,98604548240875,98604564079750,15838875,24079750,8240875,98604550000000,1,1,0
1,1931,98604550000000,98604564230000,98604579438375,15208375,29438375,14230000,98604560000000,1,1,1
1,1932,98604570000000,98604579726500,98604595693250,15966750,25693250,9726500,98604580000000,1,1,0
1,1934,98604580000000,98604595898500,98604611696625,15798125,31696625,15898500,98604590000000,1,1,1
1,1936,98604600000000,98604611867875,98604626772250,14904375,26772250,11867875,98604610000000,1,1,1
1,1937,98604620000000,98604626947000,98604642872875,15925875,22872875,6947000,98604630000000,1,1,0
1,1939,98604630000000,98604643043625,98604658868500,15824875,28868500,13043625,98604640000000,1,1,1
1,1940,98604650000000,98604658994875,98604674920625,15925750,24920625,8994875,98604660000000,1,1,0
1,1942,98604660000000,98604675098750,98604690284875,15186125,30284875,15098750,98604670000000,1,1,1
1,1944,98604680000000,98604690447875,98604706271125,15823250,26271125,10447875,98604690000000,1,1,1
1,1945,98604700000000,98604707270500,98604722856750,15586250,22856750,7270500,98604710000000,1,1,0
1,1947,98604710000000,98604723071000,98604737069750,13998750,27069750,13071000,98604720000000,1,1,1
1,1948,98604730000000,98604737255125,98604753170750,15915625,23170750,7255125,98604740000000,1,1,0
1,1950,98604740000000,98604753332250,98604769194625,15862375,29194625,13332250,98604750000000,1,1,1
1,1951,98604760000000,98604769356250,98604784501250,15145000,24501250,9356250,98604770000000,1,1,0
1,1953,98604770000000,98604784665125,98604799332000,14666875,29332000,14665125,98604780000000,1,1,1
1,1954,98604790000000,98604799514625,98604814198875,14684250,24198875,9514625,98604800000000,1,1,0
1,1956,98604800000000,98604814367750,98604829452750,15085000,29452750,14367750,98604810000000,1,1,1
1,1957,98604820000000,98604829635750,98604845521625,15885875,25521625,9635750,98604830000000,1,1,0
1,1959,98604830000000,98604845705125,98604860203500,14498375,30203500,15705125,98604840000000,1,1,1
1,1961,98604850000000,98604860347500,98604876189375,15841875,26189375,10347500,98604860000000,1,1,1
1,1962,98604870000000,98604876358750,98604892243500,15884750,22243500,6358750,98604880000000,1,1,0
1,1964,98604880000000,98604892394875,98604908310000,15915125,28310000,12394875,98604890000000,1,1,1
1,1965,98604900000000,98604908468500,98604924431375,15962875,24431375,8468500,98604910000000,1,1,0
1,1967,98604910000000,98604924600250,98604939115250,14515000,29115250,14600250,98604920000000,1,1,1
1,1968,98604930000000,98604939393000,98604954663500,15270500,24663500,9393000,98604940000000,1,1,0
1,1970,98604940000000,98604954833750,98604970087125,15253375,30087125,14833750,98604950000000,1,1,1
1,1972,98604960000000,98604970246625,98604986065250,15818625,26065250,10246625,98604970000000,1,1,1
1,1973,98604980000000,98604986211125,98605002101250,15890125,22101250,6211125,98604990000000,1,1,0
1,1975,98604990000000,98605002271125,98605018154000,15882875,28154000,12271125,98605000000000,1,1,1
1,1976,98605010000000,98605018319375,98605033902750,15583375,23902750,8319375,98605020000000,1,1,0
1,1978,98605020000000,98605034063625,98605048611000,14547375,28611000,14063625,98605030000000,1,1,1
1,1979,98605040000000,98605048759750,98605064115625,15355875,24115625,8759750,98605050000000,1,1,0
1,1981,98605050000000,98605064335250,98605080238125,15902875,30238125,14335250,98605060000000,1,1,1
1,1983,98605070000000,98605080424125,98605095539375,15115250,25539375,10424125,98605080000000,1,1,1
1,1984,98605090000000,98605095713000,98605111616000,15903000,21616000,5713000,98605100000000,1,1,0
1,1986,98605100000000,98605111791000,98605127651125,15860125,27651125,11791000,98605110000000,1,1,1
1,1987,98605120000000,98605127823250,98605142309625,14486375,22309625,7823250,98605130000000,1,1,0
1,1989,98605130000000,98605142580000,98605158516500,15936500,28516500,12580000,98605140000000,1,1,1
1,1990,98605150000000,98605158699875,98605173397500,14697625,23397500,8699875,98605160000000,1,1,0
1,1992,98605160000000,98605173589250,98605188737750,15148500,28737750,13589250,98605170000000,1,1,1
1,1993,98605180000000,98605189007125,98605204870500,15863375,24870500,9007125,98605190000000,1,1,0
1,1995,98605190000000,98605205055000,98605220315625,15260625,30315625,15055000,98605200000000,1,1,1
1,1997,98605210000000,98605220484000,98605235614875,15130875,25614875,10484000,98605220000000,1,1,1
1,1998,98605230000000,98605235783750,98605251688625,15904875,21688625,5783750,98605240000000,1,1,0
1,2000,98605240000000,98605251873500,98605267744250,15870750,27744250,11873500,98605250000000,1,1,1
1,2001,98605260000000,98605267918000,98605283812500,15894500,23812500,7918000,98605270000000,1,1,0
1,2003,98605270000000,98605284037000,98605299821750,15784750,29821750,14037000,98605280000000,1,1,1
1,2005,98605290000000,98605300081000,98605314878000,14797000,24878000,10081000,98605300000000,1,1,1
1,2006,98605310000000,98605315043500,98605330308625,15265125,20308625,5043500,98605320000000,1,1,0
1,2008,98605320000000,98605331281000,98605346518875,15237875,26518875,11281000,98605330000000,1,1,1
1,2010,98605340000000,98605352827250,98605367831500,15004250,27831500,12827250,98605350000000,1,1,1
1,2011,98605360000000,98605368788500,98605383910125,15121625,23910125,8788500,98605370000000,1,1,0
1,2013,98605370000000,98605384062375,98605399967250,15904875,29967250,14062375,98605380000000,1,1,1
1,2015,98605390000000,98605400111125,98605415511375,15400250,25511375,10111125,98605400000000,1,1,1
1,2016,98605410000000,98605415690500,98605431123500,15433000,21123500,5690500,98605420000000,1,1,0
1,2018,98605420000000,98605431269375,98605446722875,15453500,26722875,11269375,98605430000000,1,1,1
1,2019,98605440000000,98605446892625,98605462531000,15638375,22531000,6892625,98605450000000,1,1,0
1,2021,98605450000000,98605462702375,98605477856625,15154250,27856625,12702375,98605460000000,1,1,1
1,2022,98605470000000,98605478096250,98605494045500,15949250,24045500,8096250,98605480000000,1,1,0
1,2024,98605480000000,98605494220125,98605510163125,15943000,30163125,14220125,98605490000000,1,1,1
1,2026,98605500000000,98605510432000,98605526337875,15905875,26337875,10432000,98605510000000,1,1,1
1,2027,98605520000000,98605526520250,98605542364625,15844375,22364625,6520250,98605530000000,1,1,0
1,2029,98605530000000,98605542533375,98605558459875,15926500,28459875,12533375,98605540000000,1,1,1
1,2030,98605550000000,98605558622750,98605573824000,15201250,23824000,8622750,98605560000000,1,1,0
1,2032,98605560000000,98605574082125,98605588650375,14568250,28650375,14082125,98605570000000,1,1,1
1,2033,98605580000000,98605588822500,98605604622500,15800000,24622500,8822500,98605590000000,1,1,0
1,2035,98605590000000,98605604793375,98605620552750,15759375,30552750,14793375,98605600000000,1,1,1
1,2037,98605610000000,98605620713375,98605635972000,15258625,25972000,10713375,98605620000000,1,1,1
1,2038,98605630000000,98605636158125,98605652051500,15893375,22051500,6158125,98605640000000,1,1,0
1,2040,98605640000000,98605652208250,98605667374250,15166000,27374250,12208250,98605650000000,1,1,1
1,2041,98605660000000,98605667557250,98605682971625,15414375,22971625,7557250,98605670000000,1,1,0
1,2043,98605670000000,98605683140000,98605699056500,15916500,29056500,13140000,98605680000000,1,1,1
1,2044,98605690000000,98605699225375,98605714447000,15221625,24447000,9225375,98605700000000,1,1,0
1,2046,98605700000000,98605714613000,98605730509500,15896500,30509500,14613000,98605710000000,1,1,1
1,2048,98605720000000,98605730673000,98605746633000,15960000,26633000,10673000,98605730000000,1,1,1
1,2049,98605740000000,98605746802750,98605762673000,15870250,22673000,6802750,98605750000000,1,1,0
1,2051,98605750000000,98605762837875,98605778037125,15199250,28037125,12837875,98605760000000,1,1,1
1,2052,98605770000000,98605778212750,98605793297875,15085125,23297875,8212750,98605780000000,1,1,0
1,2054,98605780000000,98605793468625,98605809397375,15928750,29397375,13468625,98605790000000,1,1,1
1,2055,98605800000000,98605809655625,98605824946500,15290875,24946500,9655625,98605810000000,1,1,0
1,2057,98605810000000,98605825110375,98605840974750,15864375,30974750,15110375,98605820000000,1,1,1
1,2059,98605830000000,98605841142625,98605856306250,15163625,26306250,11142625,98605840000000,1,1,1
1,2060,98605850000000,98605856449250,98605871626000,15176750,21626000,6449250,98605860000000,1,1,0
1,2062,98605860000000,98605871809500,98605887702125,15892625,27702125,11809500,98605870000000,1,1,1
1,2063,98605880000000,98605887881250,98605903750875,15869625,23750875,7881250,98605890000000,1,1,0
1,2065,98605890000000,98605903920250,98605919158500,15238250,29158500,13920250,98605900000000,1,1,1
1,2066,98605910000000,98605919343375,98605933723250,14379875,23723250,9343375,98605920000000,1,1,0
1,2068,98605920000000,98605933888750,98605949121125,15232375,29121125,13888750,98605930000000,1,1,1
1,2069,98605940000000,98605949982375,98605965131875,15149500,25131875,9982375,98605950000000,1,1,0
1,2071,98605950000000,98605965281250,98605979970875,14689625,29970875,15281250,98605960000000,1,1,1
1,2073,98605970000000,98605980199750,98605996100750,15901000,26100750,10199750,98605980000000,1,1,1
1,2074,98605990000000,98605996997625,98606012986500,15988875,22986500,6997625,98606000000000,1,1,0
1,2076,98606000000000,98606013183500,98606029119125,15935625,29119125,13183500,98606010000000,1,1,1
1,2077,98606020000000,98606029262125,98606045096750,15834625,25096750,9262125,98606030000000,1,1,0
1,2079,98606030000000,98606045271500,98606060467125,15195625,30467125,15271500,98606040000000,1,1,1
1,2081,98606050000000,98606060656125,98606076554500,15898375,26554500,10656125,98606060000000,1,1,1
1,2082,98606070000000,98606076724375,98606092619500,15895125,22619500,6724375,98606080000000,1,1,0
1,2084,98606080000000,98606092887375,98606107627375,14740000,27627375,12887375,98606090000000,1,1,1
1,2085,98606100000000,98606107903750,98606123729375,15825625,23729375,7903750,98606110000000,1,1,0
1,2087,98606110000000,98606123936750,98606139230625,15293875,29230625,13936750,98606120000000,1,1,1
1,2088,98606130000000,98606139402875,98606153290375,13887500,23290375,9402875,98606140000000,1,1,0
1,2090,98606140000000,98606153452500,98606169354375,15901875,29354375,13452500,98606150000000,1,1,1
1,2091,98606160000000,98606169507625,98606185435750,15928125,25435750,9507625,98606170000000,1,1,0
1,2093,98606170000000,98606185588625,98606200792625,15204000,30792625,15588625,98606180000000,1,1,1
1,2095,98606190000000,98606200952750,98606216780500,15827750,26780500,10952750,98606200000000,1,1,1
1,2096,98606210000000,98606216925375,98606232813250,15887875,22813250,6925375,98606220000000,1,1,0
1,2098,98606220000000,98606232971250,98606248249625,15278375,28249625,12971250,98606230000000,1,1,1
1,2099,98606240000000,98606248427625,98606264330500,15902875,24330500,8427625,98606250000000,1,1,0
1,2101,98606250000000,98606264499750,98606279185250,14685500,29185250,14499750,98606260000000,1,1,1
1,2102,98606270000000,98606279359375,98606295254000,15894625,25254000,9359375,98606280000000,1,1,0
1,2104,98606280000000,98606295413625,98606310821125,15407500,30821125,15413625,98606290000000,1,1,1
1,2106,98606300000000,98606310996875,98606326850375,15853500,26850375,10996875,98606310000000,1,1,1
1,2107,98606320000000,98606327010000,98606342173625,15163625,22173625,7010000,98606330000000,1,1,0
1,2109,98606330000000,98606342449250,98606358366375,15917125,28366375,12449250,98606340000000,1,1,1
1,2110,98606350000000,98606358553250,98606374428875,15875625,24428875,8553250,98606360000000,1,1,0
1,2112,98606360000000,98606374599125,98606390483500,15884375,30483500,14599125,98606370000000,1,1,1
1,2114,98606380000000,98606390663125,98606406546500,15883375,26546500,10663125,98606390000000,1,1,1
1,2115,98606400000000,98606406729375,98606421792500,15063125,21792500,6729375,98606410000000,1,1,0
1,2117,98606410000000,98606421962250,98606437842250,15880000,27842250,11962250,98606420000000,1,1,1
1,2118,98606430000000,98606438008125,98606452629625,14621500,22629625,8008125,98606440000000,1,1,0
1,2120,98606440000000,98606452780875,98606468548625,15767750,28548625,12780875,98606450000000,1,1,1
1,2121,98606460000000,98606468804750,98606484663875,15859125,24663875,8804750,98606470000000,1,1,0
1,2123,98606470000000,98606484837000,98606500772125,15935125,30772125,14837000,98606480000000,1,1,1
1,2125,98606490000000,98606500923375,98606516176750,15253375,26176750,10923375,98606500000000,1,1,1
1,2126,98606510000000,98606516350500,98606532219750,15869250,22219750,6350500,98606520000000,1,1,0
1,2128,98606520000000,98606532374875,98606547522375,15147500,27522375,12374875,98606530000000,1,1,1
1,2129,98606540000000,98606547687750,98606563571125,15883375,23571125,7687750,98606550000000,1,1,0
1,2131,98606550000000,98606563745875,98606579131000,15385125,29131000,13745875,98606560000000,1,1,1
1,2132,98606570000000,98606579312500,98606595235875,15923375,25235875,9312500,98606580000000,1,1,0
1,2134,98606580000000,98606595417875,98606611278875,15861000,31278875,15417875,98606590000000,1,1,1
1,2136,98606600000000,98606611453000,98606626028625,14575625,26028625,11453000,98606610000000,1,1,1
1,2137,98606620000000,98606626183250,98606640791000,14607750,20791000,6183250,98606630000000,1,1,0
1,2139,98606630000000,98606640939000,98606656820375,15881375,26820375,10939000,98606640000000,1,1,1
1,2140,98606650000000,98606657730375,98606673674750,15944375,23674750,7730375,98606660000000,1,1,0
1,2142,98606660000000,98606673860250,98606688494375,14634125,28494375,13860250,98606670000000,1,1,1
1,2143,98606680000000,98606688657375,98606703940500,15283125,23940500,8657375,98606690000000,1,1,0
1,2145,98606690000000,98606704219125,98606719529750,15310625,29529750,14219125,98606700000000,1,1,1
1,2146,98606710000000,98606719721375,98606733927125,14205750,23927125,9721375,98606720000000,1,1,0
1,2148,98606720000000,98606734090000,98606750288750,16198750,30288750,14090000,98606730000000,1,1,1
1,2150,98606740000000,98606750520000,98606765601625,15081625,25601625,10520000,98606750000000,1,1,1
1,2151,98606760000000,98606765789500,98606781616750,15827250,21616750,5789500,98606770000000,1,1,0
1,2153,98606770000000,98606781791375,98606797664625,15873250,27664625,11791375,98606780000000,1,1,1
1,2154,98606790000000,98606797830875,98606813763625,15932750,23763625,7830875,98606800000000,1,1,0
1,2156,98606800000000,98606813931375,98606829152125,15220750,29152125,13931375,98606810000000,1,1,1
1,2157,98606820000000,98606829410875,98606845194125,15783250,25194125,9410875,98606830000000,1,1,0
1,2159,98606830000000,98606845402000,98606861261500,15859500,31261500,15402000,98606840000000,1,1,1
1,2161,98606850000000,98606861426875,98606877314125,15887250,27314125,11426875,98606860000000,1,1,1
1,2162,98606870000000,98606877484875,98606892670500,15185625,22670500,7484875,98606880000000,1,1,0
1,2164,98606880000000,98606892948625,98606907121625,14173000,27121625,12948625,98606890000000,1,1,1
1,2165,98606900000000,98606907327500,98606921892000,14564500,21892000,7327500,98606910000000,1,1,0
1,2167,98606910000000,98606922060750,98606937946000,15885250,27946000,12060750,98606920000000,1,1,1
1,2168,98606930000000,98606938118875,98606953694250,15575375,23694250,8118875,98606940000000,1,1,0
1,2170,98606940000000,98606953861000,98606969804125,15943125,29804125,13861000,98606950000000,1,1,1
1,2172,98606960000000,98606970072500,98606985969000,15896500,25969000,10072500,98606970000000,1,1,1
1,2173,98606980000000,98606986139375,98607002004125,15864750,22004125,6139375,98606990000000,1,1,0
1,2175,98606990000000,98607002177375,98607016764125,14586750,26764125,12177375,98607000000000,1,1,1
1,2176,98607010000000,98607016939750,98607032883750,15944000,22883750,6939750,98607020000000,1,1,0
1,2178,98607020000000,98607033026125,98607048267750,15241625,28267750,13026125,98607030000000,1,1,1
1,2179,98607040000000,98607048424500,98607064266000,15841500,24266000,8424500,98607050000000,1,1,0
1,2181,98607050000000,98607064411250,98607080349375,15938125,30349375,14411250,98607060000000,1,1,1
1,2183,98607070000000,98607080519625,98607096445500,15925875,26445500,10519625,98607080000000,1,1,1
1,2184,98607090000000,98607096605500,98607111026000,14420500,21026000,6605500,98607100000000,1,1,0
1,2186,98607100000000,98607111192375,98607127065375,15873000,27065375,11192375,98607110000000,1,1,1
1,2187,98607120000000,98607127354375,98607142656500,15302125,22656500,7354375,98607130000000,1,1,0
1,2189,98607130000000,98607142852125,98607158644375,15792250,28644375,12852125,98607140000000,1,1,1
1,2190,98607150000000,98607158811750,98607174679000,15867250,24679000,8811750,98607160000000,1,1,0
1,2192,98607160000000,98607174856000,98607190744875,15888875,30744875,14856000,98607170000000,1,1,1
1,2194,98607180000000,98607190914625,98607206794500,15879875,26794500,10914625,98607190000000,1,1,1
1,2195,98607200000000,98607206964375,98607222117250,15152875,22117250,6964375,98607210000000,1,1,0
1,2197,98607210000000,98607222400375,98607236896875,14496500,26896875,12400375,98607220000000,1,1,1
1,2198,98607230000000,98607237089500,98607252993500,15904000,22993500,7089500,98607240000000,1,1,0
1,2200,98607240000000,98607253154000,98607268915875,15761875,28915875,13154000,98607250000000,1,1,1
1,2201,98607260000000,98607269181875,98607284541125,15359250,24541125,9181875,98607270000000,1,1,0
1,2203,98607270000000,98607284718250,98607300666500,15948250,30666500,14718250,98607280000000,1,1,1
1,2205,98607290000000,98607301586750,98607316264375,14677625,26264375,11586750,98607300000000,1,1,1
1,2206,98607310000000,98607316429750,98607332326875,15897125,22326875,6429750,98607320000000,1,1,0
1,2208,98607320000000,98607332488250,98607348342875,15854625,28342875,12488250,98607330000000,1,1,1
1,2209,98607340000000,98607348505375,98607363785125,15279750,23785125,8505375,98607350000000,1,1,0
1,2211,98607350000000,98607363985750,98607379835000,15849250,29835000,13985750,98607360000000,1,1,1
1,2213,98607370000000,98607380037875,98607395866625,15828750,25866625,10037875,98607380000000,1,1,1
1,2214,98607390000000,98607396100375,98607411263125,15162750,21263125,6100375,98607400000000,1,1,0
1,2216,98607400000000,98607411567875,98607427498250,15930375,27498250,11567875,98607410000000,1,1,1
1,2217,98607420000000,98607427800750,98607443010750,15210000,23010750,7800750,98607430000000,1,1,0
1,2219,98607430000000,98607443206000,98607459058125,15852125,29058125,13206000,98607440000000,1,1,1
1,2220,98607450000000,98607459234625,98607475121000,15886375,25121000,9234625,98607460000000,1,1,0
1,2222,98607460000000,98607475400125,98607491273125,15873000,31273125,15400125,98607470000000,1,1,1
1,2224,98607480000000,98607491470875,98607507309375,15838500,27309375,11470875,98607490000000,1,1,1
1,2225,98607500000000,98607507473250,98607521659500,14186250,21659500,7473250,98607510000000,1,1,0
1,2227,98607510000000,98607521820500,98607537783875,15963375,27783875,11820500,98607520000000,1,1,1
1,2228,98607530000000,98607537964000,98607553844500,15880500,23844500,7964000,98607540000000,1,1,0
1,2230,98607540000000,98607554027875,98607569839500,15811625,29839500,14027875,98607550000000,1,1,1
1,2231,98607560000000,98607569990750,98607585885875,15895125,25885875,9990750,98607570000000,1,1,0
1,2233,98607570000000,98607586051750,98607601981000,15929250,31981000,16051750,98607580000000,1,1,1
1,2235,98607590000000,98607602153750,98607616103375,13949625,26103375,12153750,98607600000000,1,1,1
1,2236,98607610000000,98607616372625,98607632252250,15879625,22252250,6372625,98607620000000,1,1,0
1,2238,98607620000000,98607632426250,98607648351625,15925375,28351625,12426250,98607630000000,1,1,1
1,2239,98607640000000,98607648613750,98607663922750,15309000,23922750,8613750,98607650000000,1,1,0
1,2241,98607650000000,98607664116500,98607679915875,15799375,29915875,14116500,98607660000000,1,1,1
1,2243,98607670000000,98607680163750,98607695970000,15806250,25970000,10163750,98607680000000,1,1,1
1,2244,98607690000000,98607696138875,98607710018125,13879250,20018125,6138875,98607700000000,1,1,0
1,2246,98607700000000,98607710183500,98607725985875,15802375,25985875,10183500,98607710000000,1,1,1
1,2247,98607720000000,98607726142000,98607742026375,15884375,22026375,6142000,98607730000000,1,1,0
1,2249,98607730000000,98607742194250,98607758059125,15864875,28059125,12194250,98607740000000,1,1,1
1,2250,98607750000000,98607758217625,98607773784375,15566750,23784375,8217625,98607760000000,1,1,0
1,2252,98607760000000,98607773950750,98607789860875,15910125,29860875,13950750,98607770000000,1,1,1
1,2254,98607780000000,98607790031250,98607806218625,16187375,26218625,10031250,98607790000000,1,1,1
1,2255,98607800000000,98607806442625,98607821684750,15242125,21684750,6442625,98607810000000,1,1,0
1,2257,98607810000000,98607821882375,98607837511000,15628625,27511000,11882375,98607820000000,1,1,1
1,2258,98607830000000,98607837648750,98607851707500,14058750,21707500,7648750,98607840000000,1,1,0
1,2260,98607840000000,98607851902125,98607867795250,15893125,27795250,11902125,98607850000000,1,1,1
1,2261,98607860000000,98607867986125,98607883812375,15826250,23812375,7986125,98607870000000,1,1,0
1,2263,98607870000000,98607883984625,98607898570000,14585375,28570000,13984625,98607880000000,1,1,1
1,2264,98607890000000,98607898730500,98607914348000,15617500,24348000,8730500,98607900000000,1,1,0
1,2266,98607900000000,98607914524500,98607930386000,15861500,30386000,14524500,98607910000000,1,1,1
1,2268,98607920000000,98607930540750,98607945557875,15017125,25557875,10540750,98607930000000,1,1,1
1,2269,98607940000000,98607946476625,98607962133625,15657000,22133625,6476625,98607950000000,1,1,0
1,2271,98607950000000,98607962308375,98607978218125,15909750,28218125,12308375,98607960000000,1,1,1
1,2272,98607970000000,98607978386375,98607994255625,15869250,24255625,8386375,98607980000000,1,1,0
1,2274,98607980000000,98607994546500,98608009491000,14944500,29491000,14546500,98607990000000,1,1,1
1,2275,98608000000000,98608009645250,98608024962500,15317250,24962500,9645250,98608010000000,1,1,0
1,2277,98608010000000,98608025246000,98608041049875,15803875,31049875,15246000,98608020000000,1,1,1
1,2279,98608030000000,98608041239125,98608055821125,14582000,25821125,11239125,98608040000000,1,1,1
1,2280,98608050000000,98608055990500,98608071909625,15919125,21909625,5990500,98608060000000,1,1,0
1,2282,98608060000000,98608072088875,98608086595750,14506875,26595750,12088875,98608070000000,1,1,1
1,2283,98608080000000,98608087468250,98608102668500,15200250,22668500,7468250,98608090000000,1,1,0
1,2285,98608090000000,98608102833875,98608118677750,15843875,28677750,12833875,98608100000000,1,1,1
1,2286,98608110000000,98608118955375,98608134275750,15320375,24275750,8955375,98608120000000,1,1,0
1,2288,98608120000000,98608134476250,98608149011375,14535125,29011375,14476250,98608130000000,1,1,1
1,2289,98608140000000,98608149192250,98608164951250,15759000,24951250,9192250,98608150000000,1,1,0
1,2291,98608150000000,98608165105875,98608180324250,15218375,30324250,15105875,98608160000000,1,1,1
1,2293,98608170000000,98608181283500,98608195783000,14499500,25783000,11283500,98608180000000,1,1,1
1,2294,98608190000000,98608195999625,98608211805875,15806250,21805875,5999625,98608200000000,1,1,0
1,2296,98608200000000,98608211990375,98608227371625,15381250,27371625,11990375,98608210000000,1,1,1
1,2297,98608220000000,98608227551250,98608243426250,15875000,23426250,7551250,98608230000000,1,1,0
1,2299,98608230000000,98608243604375,98608259407750,15803375,29407750,13604375,98608240000000,1,1,1
1,2300,98608250000000,98608259581375,98608275430625,15849250,25430625,9581375,98608260000000,1,1,0
1,2302,98608260000000,98608275698625,98608290544875,14846250,30544875,15698625,98608270000000,1,1,1
1,2304,98608280000000,98608290729375,98608306119000,15389625,26119000,10729375,98608290000000,1,1,1
1,2305,98608300000000,98608306292125,98608321312250,15020125,21312250,6292125,98608310000000,1,1,0
1,2307,98608310000000,98608321594875,98608336348625,14753750,26348625,11594875,98608320000000,1,1,1
1,2308,98608330000000,98608336523125,98608352459750,15936625,22459750,6523125,98608340000000,1,1,0
1,2310,98608340000000,98608352624750,98608367782875,15158125,27782875,12624750,98608350000000,1,1,1
1,2311,98608360000000,98608367960625,98608383773625,15813000,23773625,7960625,98608370000000,1,1,0
1,2313,98608370000000,98608383951000,98608398424875,14473875,28424875,13951000,98608380000000,1,1,1
1,2314,98608390000000,98608398600125,98608413926125,15326000,23926125,8600125,98608400000000,1,1,0
1,2316,98608400000000,98608414095500,98608429965750,15870250,29965750,14095500,98608410000000,1,1,1
1,2318,98608420000000,98608430126750,98608444725250,14598500,24725250,10126750,98608430000000,1,1,1
1,2319,98608440000000,98608444878375,98608460137125,15258750,20137125,4878375,98608450000000,1,0,0
1,2321,98608450000000,98608460303125,98608476240625,15937500,26240625,10303125,98608460000000,1,1,1
1,2322,98608470000000,98608476395375,98608492246000,15850625,22246000,6395375,98608480000000,1,1,0
1,2324,98608480000000,98608492399625,98608508263625,15864000,28263625,12399625,98608490000000,1,1,1
1,2325,98608500000000,98608508403750,98608524276750,15873000,24276750,8403750,98608510000000,1,1,0
1,2327,98608510000000,98608524436250,98608540341125,15904875,30341125,14436250,98608520000000,1,1,1
1,2329,98608530000000,98608540491875,98608556412375,15920500,26412375,10491875,98608540000000,1,1,1
1,2330,98608550000000,98608556577250,98608571076250,14499000,21076250,6577250,98608560000000,1,1,0
1,2332,98608560000000,98608571346625,98608587257875,15911250,27257875,11346625,98608570000000,1,1,1
1,2333,98608580000000,98608588215750,98608604101500,15885750,24101500,8215750,98608590000000,1,1,0
1,2335,98608590000000,98608604280250,98608620128875,15848625,30128875,14280250,98608600000000,1,1,1
1,2337,98608610000000,98608620301125,98608636150875,15849750,26150875,10301125,98608620000000,1,1,1
1,2338,98608630000000,98608636437750,98608652377750,15940000,22377750,6437750,98608640000000,1,1,0
1,2340,98608640000000,98608652551500,98608667768250,15216750,27768250,12551500,98608650000000,1,1,1
1,2341,98608660000000,98608667954125,98608683738875,15784750,23738875,7954125,98608670000000,1,1,0
1,2343,98608670000000,98608683912625,98608699800500,15887875,29800500,13912625,98608680000000,1,1,1
1,2344,98608690000000,98608699973250,98608715888750,15915500,25888750,9973250,98608700000000,1,1,0
1,2346,98608700000000,98608716174250,98608732110000,15935750,32110000,16174250,98608710000000,1,1,1
1,2348,98608720000000,98608732281125,98608748108375,15827250,28108375,12281125,98608730000000,1,1,1
1,2349,98608740000000,98608748247875,98608764402625,16154750,24402625,8247875,98608750000000,1,1,0
1,2351,98608750000000,98608764606125,98608779570500,14964375,29570500,14606125,98608760000000,1,1,1
1,2352,98608770000000,98608779779875,98608795676500,15896625,25676500,9779875,98608780000000,1,1,0
1,2354,98608780000000,98608795864375,98608811797500,15933125,31797500,15864375,98608790000000,1,1,1
1,2356,98608800000000,98608811997000,98608827884375,15887375,27884375,11997000,98608810000000,1,1,1
1,2357,98608820000000,98608828098125,98608843978500,15880375,23978500,8098125,98608830000000,1,1,0
1,2359,98608830000000,98608844148750,98608859972625,15823875,29972625,14148750,98608840000000,1,1,1
1,2361,98608850000000,98608860101875,98608875959500,15857625,25959500,10101875,98608860000000,1,1,1
1,2362,98608870000000,98608876155125,98608891335250,15180125,21335250,6155125,98608880000000,1,1,0
1,2364,98608880000000,98608891514875,98608906375500,14860625,26375500,11514875,98608890000000,1,1,1
1,2365,98608900000000,98608906556000,98608922373125,15817125,22373125,6556000,98608910000000,1,1,0
1,2367,98608910000000,98608922540375,98608938407750,15867375,28407750,12540375,98608920000000,1,1,1
1,2368,98608930000000,98608938571125,98608954448625,15877500,24448625,8571125,98608940000000,1,1,0
1,2370,98608940000000,98608954716000,98608970566250,15850250,30566250,14716000,98608950000000,1,1,1
1,2372,98608960000000,98608970746750,98608985963500,15216750,25963500,10746750,98608970000000,1,1,1
1,2373,98608980000000,98608986150500,98609002048125,15897625,22048125,6150500,98608990000000,1,1,0
1,2375,98608990000000,98609002212875,98609017889875,15677000,27889875,12212875,98609000000000,1,1,1
1,2376,98609010000000,98609018053875,98609033853750,15799875,23853750,8053875,98609020000000,1,1,0
1,2378,98609020000000,98609034116875,98609050034375,15917500,30034375,14116875,98609030000000,1,1,1
1,2380,98609040000000,98609050208000,98609065631250,15423250,25631250,10208000,98609050000000,1,1,1
1,2381,98609060000000,98609065796125,98609081684875,15888750,21684875,5796125,98609070000000,1,1,0
1,2383,98609070000000,98609081847375,98609097026625,15179250,27026625,11847375,98609080000000,1,1,1
1,2384,98609090000000,98609097182250,98609113088625,15906375,23088625,7182250,98609100000000,1,1,0
1,2386,98609100000000,98609113349625,98609129160875,15811250,29160875,13349625,98609110000000,1,1,1
1,2387,98609120000000,98609129339500,98609145233125,15893625,25233125,9339500,98609130000000,1,1,0
1,2389,98609130000000,98609145383750,98609161236500,15852750,31236500,15383750,98609140000000,1,1,1
1,2391,98609150000000,98609161413625,98609177309625,15896000,27309625,11413625,98609160000000,1,1,1
1,2392,98609170000000,98609177478875,98609192537125,15058250,22537125,7478875,98609180000000,1,1,0
1,2394,98609180000000,98609192689875,98609208592250,15902375,28592250,12689875,98609190000000,1,1,1
1,2395,98609200000000,98609208758750,98609223455750,14697000,23455750,8758750,98609210000000,1,1,0
1,2397,98609210000000,98609223640375,98609239541625,15901250,29541625,13640375,98609220000000,1,1,1
1,2399,98609230000000,98609240453625,98609256432500,15978875,26432500,10453625,98609240000000,1,1,1
1,2400,98609250000000,98609256613250,98609272513250,15900000,22513250,6613250,98609260000000,1,1,0
1,2402,98609260000000,98609272685875,98609287899750,15213875,27899750,12685875,98609270000000,1,1,1
1,2403,98609280000000,98609288054125,98609303204500,15150375,23204500,8054125,98609290000000,1,1,0
1,2405,98609290000000,98609303392250,98609318547125,15154875,28547125,13392250,98609300000000,1,1,1
1,2406,98609310000000,98609318708125,98609334616000,15907875,24616000,8708125,98609320000000,1,1,0
1,2408,98609320000000,98609334791625,98609350039125,15247500,30039125,14791625,98609330000000,1,1,1
1,2410,98609340000000,98609350153250,98609365275875,15122625,25275875,10153250,98609350000000,1,1,1
1,2411,98609360000000,98609365446000,98609381322250,15876250,21322250,5446000,98609370000000,1,1,0
1,2413,98609370000000,98609381462375,98609396683000,15220625,26683000,11462375,98609380000000,1,1,1
1,2414,98609390000000,98609396847000,98609412739125,15892125,22739125,6847000,98609400000000,1,1,0
1,2416,98609400000000,98609412895750,98609428768375,15872625,28768375,12895750,98609410000000,1,1,1
1,2417,98609420000000,98609428933375,98609444646375,15713000,24646375,8933375,98609430000000,1,1,0
1,2419,98609430000000,98609444913250,98609460712375,15799125,30712375,14913250,98609440000000,1,1,1
1,2421,98609450000000,98609460895375,98609476821625,15926250,26821625,10895375,98609460000000,1,1,1
1,2422,98609470000000,98609476972375,98609492180875,15208500,22180875,6972375,98609480000000,1,1,0
1,2424,98609480000000,98609492348250,98609507581625,15233375,27581625,12348250,98609490000000,1,1,1
1,2425,98609500000000,98609507751375,98609523663750,15912375,23663750,7751375,98609510000000,1,1,0
1,2427,98609510000000,98609523834750,98609539069750,15235000,29069750,13834750,98609520000000,1,1,1
1,2428,98609530000000,98609539238625,98609554513875,15275250,24513875,9238625,98609540000000,1,1,0
1,2430,98609540000000,98609554698750,98609570589125,15890375,30589125,14698750,98609550000000,1,1,1
1,2432,98609560000000,98609570743750,98609586039125,15295375,26039125,10743750,98609570000000,1,1,1
1,2433,98609580000000,98609586215625,98609602062000,15846375,22062000,6215625,98609590000000,1,1,0
1,2435,98609590000000,98609602246000,98609618150875,15904875,28150875,12246000,98609600000000,1,1,1
1,2436,98609610000000,98609618309375,98609633419875,15110500,23419875,8309375,98609620000000,1,1,0
1,2438,98609620000000,98609633591125,98609647694875,14103750,27694875,13591125,98609630000000,1,1,1
1,2439,98609640000000,98609647872375,98609662563125,14690750,22563125,7872375,98609650000000,1,1,0
1,2441,98609650000000,98609662732375,98609677809250,15076875,27809250,12732375,98609660000000,1,1,1
1,2442,98609670000000,98609677967750,98609692476000,14508250,22476000,7967750,98609680000000,1,1,0
1,2444,98609680000000,98609692631250,98609707811500,15180250,27811500,12631250,98609690000000,1,1,1
1,2445,98609700000000,98609707991500,98609723303875,15312375,23303875,7991500,98609710000000,1,1,0
1,2447,98609710000000,98609723467750,98609739373125,15905375,29373125,13467750,98609720000000,1,1,1
1,2448,98609730000000,98609739545000,98609754676750,15131750,24676750,9545000,98609740000000,1,1,0
1,2450,98609740000000,98609754840750,98609770730000,15889250,30730000,14840750,98609750000000,1,1,1
1,2452,98609760000000,98609770901375,98609786759250,15857875,26759250,10901375,98609770000000,1,1,1
1,2453,98609780000000,98609786938750,98609801891625,14952875,21891625,6938750,98609790000000,1,1,0
1,2455,98609790000000,98609802060500,98609816231500,14171000,26231500,12060500,98609800000000,1,1,1
1,2456,98609810000000,98609816380875,98609832372125,15991250,22372125,6380875,98609820000000,1,1,0
1,2458,98609820000000,98609832563875,98609847784000,15220125,27784000,12563875,98609830000000,1,1,1
1,2459,98609840000000,98609847985500,98609863785000,15799500,23785000,7985500,98609850000000,1,1,0
1,2461,98609850000000,98609863955375,98609879887375,15932000,29887375,13955375,98609860000000,1,1,1
1,2463,98609870000000,98609880838500,98609896790250,15951750,26790250,10838500,98609880000000,1,1,1
1,2464,98609890000000,98609896980500,98609912159250,15178750,22159250,6980500,98609900000000,1,1,0
1,2466,98609900000000,98609912322750,98609927492125,15169375,27492125,12322750,98609910000000,1,1,1
1,2467,98609920000000,98609927682500,98609942871000,15188500,22871000,7682500,98609930000000,1,1,0
1,2469,98609930000000,98609943513000,98609958964250,15451250,28964250,13513000,98609940000000,1,1,1
1,2470,98609950000000,98609959136375,98609975005750,15869375,25005750,9136375,98609960000000,1,1,0
1,2472,98609960000000,98609975177875,98609990526000,15348125,30526000,15177875,98609970000000,1,1,1
1,2474,98609980000000,98609990700250,98610006557250,15857000,26557250,10700250,98609990000000,1,1,1
1,2475,98610000000000,98610006722625,98610022615250,15892625,22615250,6722625,98610010000000,1,1,0
1,2477,98610010000000,98610022788875,98610036643375,13854500,26643375,12788875,98610020000000,1,1,1
1,2478,98610030000000,98610036957625,98610051926875,14969250,21926875,6957625,98610040000000,1,1,0
1,2480,98610040000000,98610052233875,98610068086500,15852625,28086500,12233875,98610050000000,1,1,1
1,2481,98610060000000,98610068267500,98610084195875,15928375,24195875,8267500,98610070000000,1,1,0
1,2483,98610070000000,98610084463250,98610100392500,15929250,30392500,14463250,98610080000000,1,1,1
1,2485,98610090000000,98610100576875,98610115749750,15172875,25749750,10576875,98610100000000,1,1,1
1,2486,98610110000000,98610115937625,98610131842500,15904875,21842500,5937625,98610120000000,1,1,0
1,2488,98610120000000,98610132035750,98610146776250,14740500,26776250,12035750,98610130000000,1,1,1
1,2489,98610140000000,98610146941625,98610162038500,15096875,22038500,6941625,98610150000000,1,1,0
1,2491,98610150000000,98610162207250,98610176396375,14189125,26396375,12207250,98610160000000,1,1,1
1,2492,98610170000000,98610176562250,98610192477375,15915125,22477375,6562250,98610180000000,1,1,0
1,2494,98610180000000,98610192729125,98610207383750,14654625,27383750,12729125,98610190000000,1,1,1
1,2495,98610200000000,98610207538875,98610222709375,15170500,22709375,7538875,98610210000000,1,1,0
1,2497,98610210000000,98610222863125,98610238775250,15912125,28775250,12863125,98610220000000,1,1,1
1,2498,98610230000000,98610238941625,98610254796250,15854625,24796250,8941625,98610240000000,1,1,0
1,2500,98610240000000,98610254967500,98610270811375,15843875,30811375,14967500,98610250000000,1,1,1
1,2502,98610260000000,98610270935250,98610285564000,14628750,25564000,10935250,98610270000000,1,1,1
1,2503,98610280000000,98610285708000,98610301419125,15711125,21419125,5708000,98610290000000,1,1,0
1,2505,98610290000000,98610301600625,98610316152250,14551625,26152250,11600625,98610300000000,1,1,1
1,2506,98610310000000,98610316308500,98610332138250,15829750,22138250,6308500,98610320000000,1,1,0
1,2508,98610320000000,98610332397750,98610348342250,15944500,28342250,12397750,98610330000000,1,1,1
1,2509,98610340000000,98610348515875,98610364428875,15913000,24428875,8515875,98610350000000,1,1,0
1,2511,98610350000000,98610364598375,98610380475875,15877500,30475875,14598375,98610360000000,1,1,1
1,2513,98610370000000,98610380640375,98610396481250,15840875,26481250,10640375,98610380000000,1,1,1
1,2514,98610390000000,98610396725750,98610412631500,15905750,22631500,6725750,98610400000000,1,1,0
1,2516,98610400000000,98610412807625,98610428046750,15239125,28046750,12807625,98610410000000,1,1,1
1,2517,98610420000000,98610428211875,98610442723875,14512000,22723875,8211875,98610430000000,1,1,0
1,2519,98610430000000,98610442900125,98610458821625,15921500,28821625,12900125,98610440000000,1,1,1
1,2520,98610450000000,98610458955625,98610473931500,14975875,23931500,8955625,98610460000000,1,1,0
1,2522,98610460000000,98610474206125,98610490159375,15953250,30159375,14206125,98610470000000,1,1,1
1,2524,98610480000000,98610490343750,98610504233750,13890000,24233750,10343750,98610490000000,1,1,1
1,2525,98610500000000,98610504392375,98610518679625,14287250,18679625,4392375,98610510000000,1,0,0
1,2527,98610510000000,98610524293250,98610540080500,15787250,30080500,14293250,98610520000000,1,1,1
1,2529,98610530000000,98610540287500,98610555645250,15357750,25645250,10287500,98610540000000,1,1,1
1,2530,98610550000000,98610555818500,98610571002500,15184000,21002500,5818500,98610560000000,1,1,0
1,2532,98610560000000,98610571167500,98610586656125,15488625,26656125,11167500,98610570000000,1,1,1
1,2533,98610580000000,98610586827750,98610602718000,15890250,22718000,6827750,98610590000000,1,1,0
1,2535,98610590000000,98610602887375,98610618055875,15168500,28055875,12887375,98610600000000,1,1,1
1,2536,98610610000000,98610618902000,98610634100250,15198250,24100250,8902000,98610620000000,1,1,0
1,2538,98610620000000,98610634264625,98610650121750,15857125,30121750,14264625,98610630000000,1,1,1
1,2540,98610640000000,98610650284250,98610665844500,15560250,25844500,10284250,98610650000000,1,1,1
1,2541,98610660000000,98610666124250,98610682023625,15899375,22023625,6124250,98610670000000,1,1,0
1,2543,98610670000000,98610682204250,98610698080375,15876125,28080375,12204250,98610680000000,1,1,1
1,2544,98610690000000,98610698226125,98610711656875,13430750,21656875,8226125,98610700000000,1,1,0
1,2546,98610700000000,98610712654875,98610727841375,15186500,27841375,12654875,98610710000000,1,1,1
1,2547,98610720000000,98610728050625,98610743859500,15808875,23859500,8050625,98610730000000,1,1,0
1,2549,98610730000000,98610744100000,98610759941000,15841000,29941000,14100000,98610740000000,1,1,1
1,2551,98610750000000,98610760127250,98610775998125,15870875,25998125,10127250,98610760000000,1,1,1
1,2552,98610770000000,98610776167375,98610792504625,16337250,22504625,6167375,98610780000000,1,1,0
1,2554,98610780000000,98610792680750,98610807564625,14883875,27564625,12680750,98610790000000,1,1,1
1,2555,98610800000000,98610807737000,98610823212375,15475375,23212375,7737000,98610810000000,1,1,0
1,2557,98610810000000,98610823389000,98610839311875,15922875,29311875,13389000,98610820000000,1,1,1
1,2558,98610830000000,98610839489500,98610854473500,14984000,24473500,9489500,98610840000000,1,1,0
1,2560,98610840000000,98610854637500,98610870437875,15800375,30437875,14637500,98610850000000,1,1,1
1,2562,98610860000000,98610870593375,98610886492625,15899250,26492625,10593375,98610870000000,1,1,1
1,2563,98610880000000,98610886661375,98610901271125,14609750,21271125,6661375,98610890000000,1,1,0
1,2565,98610890000000,98610901431125,98610916567875,15136750,26567875,11431125,98610900000000,1,1,1
1,2566,98610910000000,98610916719750,98610932599625,15879875,22599625,6719750,98610920000000,1,1,0
1,2568,98610920000000,98610932758750,98610948645125,15886375,28645125,12758750,98610930000000,1,1,1
1,2569,98610940000000,98610948804125,98610964075125,15271000,24075125,8804125,98610950000000,1,1,0
1,2571,98610950000000,98610964249250,98610980111625,15862375,30111625,14249250,98610960000000,1,1,1
1,2573,98610970000000,98610980248750,98610996122375,15873625,26122375,10248750,98610980000000,1,1,1
1,2574,98610990000000,98610996281500,98611011476375,15194875,21476375,6281500,98611000000000,1,1,0
1,2576,98611000000000,98611011667000,98611027471000,15804000,27471000,11667000,98611010000000,1,1,1
1,2577,98611020000000,98611027653500,98611043611875,15958375,23611875,7653500,98611030000000,1,1,0
1,2579,98611030000000,98611043807625,98611059719375,15911750,29719375,13807625,98611040000000,1,1,1
1,2580,98611050000000,98611059896375,98611075210375,15314000,25210375,9896375,98611060000000,1,1,0
1,2582,98611060000000,98611075380125,98611091236250,15856125,31236250,15380125,98611070000000,1,1,1
1,2584,98611080000000,98611091397125,98611107286875,15889750,27286875,11397125,98611090000000,1,1,1
1,2585,98611100000000,98611107565625,98611122141500,14575875,22141500,7565625,98611110000000,1,1,0
1,2587,98611110000000,98611122317750,98611138167500,15849750,28167500,12317750,98611120000000,1,1,1
1,2588,98611130000000,98611138328000,98611154265125,15937125,24265125,8328000,98611140000000,1,1,0
1,2590,98611140000000,98611154423250,98611169751750,15328500,29751750,14423250,98611150000000,1,1,1
1,2591,98611160000000,98611169907875,98611185731625,15823750,25731625,9907875,98611170000000,1,1,0
1,2593,98611170000000,98611186624625,98611202483750,15859125,32483750,16624625,98611180000000,1,1,1
1,2595,98611190000000,98611202696000,98611217912250,15216250,27912250,12696000,98611200000000,1,1,1
1,2596,98611210000000,98611218077625,98611233260750,15183125,23260750,8077625,98611220000000,1,1,0
1,2598,98611220000000,98611233410625,98611249086625,15676000,29086625,13410625,98611230000000,1,1,1
1,2599,98611240000000,98611249351500,98611265303750,15952250,25303750,9351500,98611250000000,1,1,0
1,2601,98611250000000,98611265501375,98611281421750,15920375,31421750,15501375,98611260000000,1,1,1
1,2603,98611270000000,98611281588250,98611297292000,15703750,27292000,11588250,98611280000000,1,1,1
1,2604,98611290000000,98611297447125,98611312712250,15265125,22712250,7447125,98611300000000,1,1,0
1,2606,98611300000000,98611312881625,98611328148250,15266625,28148250,12881625,98611310000000,1,1,1
1,2607,98611320000000,98611328307750,98611344197000,15889250,24197000,8307750,98611330000000,1,1,0
1,2609,98611330000000,98611344349750,98611360174500,15824750,30174500,14349750,98611340000000,1,1,1
1,2611,98611350000000,98611360314500,98611375549375,15234875,25549375,10314500,98611360000000,1,1,1
1,2612,98611370000000,98611375729000,98611390450875,14721875,20450875,5729000,98611380000000,1,1,0
1,2614,98611380000000,98611390632000,98611406502250,15870250,26502250,10632000,98611390000000,1,1,1
1,2615,98611400000000,98611406681250,98611420102250,13421000,20102250,6681250,98611410000000,1,1,0
1,2617,98611410000000,98611420265750,98611435543000,15277250,25543000,10265750,98611420000000,1,1,1
1,2618,98611430000000,98611435733250,98611451561125,15827875,21561125,5733250,98611440000000,1,1,0
1,2620,98611440000000,98611451844250,98611467768000,15923750,27768000,11844250,98611450000000,1,1,1
1,2621,98611460000000,98611467984125,98611482815375,14831250,22815375,7984125,98611470000000,1,1,0
1,2623,98611470000000,98611482985250,98611498147500,15162250,28147500,12985250,98611480000000,1,1,1
1,2624,98611490000000,98611498299625,98611514176125,15876500,24176125,8299625,98611500000000,1,1,0
1,2626,98611500000000,98611514350375,98611530222000,15871625,30222000,14350375,98611510000000,1,1,1
1,2628,98611520000000,98611530379625,98611546280125,15900500,26280125,10379625,98611530000000,1,1,1
1,2629,98611540000000,98611546439250,98611562292250,15853000,22292250,6439250,98611550000000,1,1,0
1,2631,98611550000000,98611562466500,98611578387000,15920500,28387000,12466500,98611560000000,1,1,1
1,2632,98611570000000,98611578561625,98611594444625,15883000,24444625,8561625,98611580000000,1,1,0
1,2634,98611580000000,98611594596750,98611609834625,15237875,29834625,14596750,98611590000000,1,1,1
1,2635,98611600000000,98611609995500,98611625812125,15816625,25812125,9995500,98611610000000,1,1,0
1,2637,98611610000000,98611625970625,98611641878000,15907375,31878000,15970625,98611620000000,1,1,1
1,2639,98611630000000,98611642049250,98611656773750,14724500,26773750,12049250,98611640000000,1,1,1
1,2640,98611650000000,98611656938500,98611672830250,15891750,22830250,6938500,98611660000000,1,1,0
1,2642,98611660000000,98611672993375,98611688828875,15835500,28828875,12993375,98611670000000,1,1,1
1,2643,98611680000000,98611689085500,98611704309625,15224125,24309625,9085500,98611690000000,1,1,0
1,2645,98611690000000,98611704477500,98611720354000,15876500,30354000,14477500,98611700000000,1,1,1
1,2647,98611710000000,98611720514500,98611736376500,15862000,26376500,10514500,98611720000000,1,1,1
1,2648,98611730000000,98611736537000,98611752393125,15856125,22393125,6537000,98611740000000,1,1,0
1,2650,98611740000000,98611752543875,98611767844000,15300125,27844000,12543875,98611750000000,1,1,1
1,2651,98611760000000,98611768049500,98611783911000,15861500,23911000,8049500,98611770000000,1,1,0
1,2653,98611770000000,98611784093875,98611799228250,15134375,29228250,14093875,98611780000000,1,1,1
1,2655,98611790000000,98611800106500,98611815368750,15262250,25368750,10106500,98611800000000,1,1,1
1,2656,98611810000000,98611815585375,98611831076500,15491125,21076500,5585375,98611820000000,1,1,0
1,2658,98611820000000,98611832101125,98611847776250,15675125,27776250,12101125,98611830000000,1,1,1
1,2659,98611840000000,98611848083375,98611863293125,15209750,23293125,8083375,98611850000000,1,1,0
1,2661,98611850000000,98611863597125,98611879546375,15949250,29546375,13597125,98611860000000,1,1,1
1,2662,98611870000000,98611879738125,98611894687000,14948875,24687000,9738125,98611880000000,1,1,0
1,2664,98611880000000,98611894973875,98611910146375,15172500,30146375,14973875,98611890000000,1,1,1
1,2666,98611900000000,98611910324875,98611925497375,15172500,25497375,10324875,98611910000000,1,1,1
1,2667,98611920000000,98611925683250,98611941587125,15903875,21587125,5683250,98611930000000,1,1,0
1,2669,98611930000000,98611941750000,98611957625625,15875625,27625625,11750000,98611940000000,1,1,1
1,2670,98611950000000,98611957784250,98611973666125,15881875,23666125,7784250,98611960000000,1,1,0
1,2672,98611960000000,98611973815500,98611989738250,15922750,29738250,13815500,98611970000000,1,1,1
1,2673,98611980000000,98611989906125,98612005113250,15207125,25113250,9906125,98611990000000,1,1,0
1,2675,98611990000000,98612005240125,98612021119125,15879000,31119125,15240125,98612000000000,1,1,1
1,2677,98612010000000,98612021297125,98612037070750,15773625,27070750,11297125,98612020000000,1,1,1
1,2678,98612030000000,98612037237125,98612052636375,15399250,22636375,7237125,98612040000000,1,1,0
1,2680,98612040000000,98612052896000,98612067620000,14724000,27620000,12896000,98612050000000,1,1,1
1,2681,98612060000000,98612067832250,98612083767375,15935125,23767375,7832250,98612070000000,1,1,0
1,2683,98612070000000,98612083944000,98612099171875,15227875,29171875,13944000,98612080000000,1,1,1
1,2684,98612090000000,98612099332500,98612115185625,15853125,25185625,9332500,98612100000000,1,1,0
1,2686,98612100000000,98612115358875,98612131071000,15712125,31071000,15358875,98612110000000,1,1,1
1,2688,98612120000000,98612131357500,98612147221750,15864250,27221750,11357500,98612130000000,1,1,1
1,2689,98612140000000,98612147407625,98612163298375,15890750,23298375,7407625,98612150000000,1,1,0
1,2691,98612150000000,98612163462750,98612177600625,14137875,27600625,13462750,98612160000000,1,1,1
1,2692,98612170000000,98612177769000,98612191662875,13893875,21662875,7769000,98612180000000,1,1,0
1,2694,98612180000000,98612191849250,98612207777125,15927875,27777125,11849250,98612190000000,1,1,1
1,2695,98612200000000,98612208027000,98612223789750,15762750,23789750,8027000,98612210000000,1,1,0
1,2697,98612210000000,98612223992250,98612238160875,14168625,28160875,13992250,98612220000000,1,1,1
1,2698,98612230000000,98612238345375,98612254179875,15834500,24179875,8345375,98612240000000,1,1,0
1,2700,98612240000000,98612254335625,98612270207750,15872125,30207750,14335625,98612250000000,1,1,1
1,2702,98612260000000,98612270388250,98612285594875,15206625,25594875,10388250,98612270000000,1,1,1
1,2703,98612280000000,98612285732375,98612301588500,15856125,21588500,5732375,98612290000000,1,1,0
1,2705,98612290000000,98612301750375,98612317637250,15886875,27637250,11750375,98612300000000,1,1,1
1,2706,98612310000000,98612317755250,98612333653875,15898625,23653875,7755250,98612320000000,1,1,0
1,2708,98612320000000,98612333826500,98612349753250,15926750,29753250,13826500,98612330000000,1,1,1
1,2710,98612340000000,98612350025750,98612365917875,15892125,25917875,10025750,98612350000000,1,1,1
1,2711,98612360000000,98612366094000,98612381400125,15306125,21400125,6094000,98612370000000,1,1,0
1,2713,98612370000000,98612381584000,98612396759750,15175750,26759750,11584000,98612380000000,1,1,1
1,2714,98612390000000,98612396920750,98612412780375,15859625,22780375,6920750,98612400000000,1,1,0
1,2716,98612400000000,98612412930625,98612428817375,15886750,28817375,12930625,98612410000000,1,1,1
1,2717,98612420000000,98612429094000,98612445014500,15920500,25014500,9094000,98612430000000,1,1,0
1,2719,98612430000000,98612445194750,98612460613000,15418250,30613000,15194750,98612440000000,1,1,1
1,2721,98612450000000,98612460771500,98612476678625,15907125,26678625,10771500,98612460000000,1,1,1
1,2722,98612470000000,98612477582625,98612492903250,15320625,22903250,7582625,98612480000000,1,1,0
1,2724,98612480000000,98612493089125,98612508175000,15085875,28175000,13089125,98612490000000,1,1,1
1,2725,98612500000000,98612508292250,98612524127250,15835000,24127250,8292250,98612510000000,1,1,0
1,2727,98612510000000,98612524282500,98612540191250,15908750,30191250,14282500,98612520000000,1,1,1
1,2729,98612530000000,98612540351375,98612556292250,15940875,26292250,10351375,98612540000000,1,1,1
1,2730,98612550000000,98612556460625,98612571853125,15392500,21853125,6460625,98612560000000,1,1,0
1,2732,98612560000000,98612572167875,98612588148375,15980500,28148375,12167875,98612570000000,1,1,1
1,2733,98612580000000,98612588326500,98612602861500,14535000,22861500,8326500,98612590000000,1,1,0
1,2735,98612590000000,98612603046375,98612618859125,15812750,28859125,13046375,98612600000000,1,1,1
1,2736,98612610000000,98612619021500,98612634281750,15260250,24281750,9021500,98612620000000,1,1,0
1,2738,98612620000000,98612634435500,98612650354500,15919000,30354500,14435500,98612630000000,1,1,1
1,2740,98612640000000,98612650611125,98612666177875,15566750,26177875,10611125,98612650000000,1,1,1
1,2741,98612660000000,98612666365125,98612682335500,15970375,22335500,6365125,98612670000000,1,1,0
1,2743,98612670000000,98612682497000,98612697697125,15200125,27697125,12497000,98612680000000,1,1,1
1,2744,98612690000000,98612697958250,98612713216000,15257750,23216000,7958250,98612700000000,1,1,0
1,2746,98612700000000,98612713399875,98612728715875,15316000,28715875,13399875,98612710000000,1,1,1
1,2747,98612720000000,98612728976375,98612744940750,15964375,24940750,8976375,98612730000000,1,1,0
1,2749,98612730000000,98612745113500,98612760953875,15840375,30953875,15113500,98612740000000,1,1,1
1,2751,98612750000000,98612761113000,98612777051500,15938500,27051500,11113000,98612760000000,1,1,1
1,2752,98612770000000,98612777206125,98612791692000,14485875,21692000,7206125,98612780000000,1,1,0
1,2754,98612780000000,98612791858375,98612807974000,16115625,27974000,11858375,98612790000000,1,1,1
1,2755,98612800000000,98612808467000,98612824305875,15838875,24305875,8467000,98612810000000,1,1,0
1,2757,98612810000000,98612824476125,98612840442500,15966375,30442500,14476125,98612820000000,1,1,1
1,2759,98612830000000,98612840626000,98612855528000,14902000,25528000,10626000,98612840000000,1,1,1
1,2760,98612850000000,98612855712000,98612869591250,13879250,19591250,5712000,98612860000000,1,1,0
1,2761,98612860000000,98612869758625,98612884960750,15202125,24960750,9758625,98612870000000,1,1,0
1,2763,98612870000000,98612885126625,98612901023125,15896500,31023125,15126625,98612880000000,1,1,1
1,2765,98612890000000,98612901291625,98612917180375,15888750,27180375,11291625,98612900000000,1,1,1
1,2766,98612910000000,98612917360875,98612932717250,15356375,22717250,7360875,98612920000000,1,1,0
1,2768,98612920000000,98612932886000,98612948780750,15894750,28780750,12886000,98612930000000,1,1,1
1,2769,98612940000000,98612948910375,98612963646000,14735625,23646000,8910375,98612950000000,1,1,0
1,2771,98612950000000,98612963841750,98612979039000,15197250,29039000,13841750,98612960000000,1,1,1
1,2772,98612970000000,98612979211250,98612993999125,14787875,23999125,9211250,98612980000000,1,1,0
1,2774,98612980000000,98612994167500,98613009473625,15306125,29473625,14167500,98612990000000,1,1,1
1,2775,98613000000000,98613009646750,98613024874875,15228125,24874875,9646750,98613010000000,1,1,0
1,2777,98613010000000,98613025019250,98613040928000,15908750,30928000,15019250,98613020000000,1,1,1
1,2779,98613030000000,98613041083625,98613056957250,15873625,26957250,11083625,98613040000000,1,1,1
1,2780,98613050000000,98613057121250,98613072335125,15213875,22335125,7121250,98613060000000,1,1,0
1,2782,98613060000000,98613072500000,98613087637750,15137750,27637750,12500000,98613070000000,1,1,1
1,2783,98613080000000,98613087809500,98613103051625,15242125,23051625,7809500,98613090000000,1,1,0
1,2785,98613090000000,98613103215125,98613119124000,15908875,29124000,13215125,98613100000000,1,1,1
1,2787,98613110000000,98613120109250,98613135926625,15817375,25926625,10109250,98613120000000,1,1,1
1,2788,98613130000000,98613136190125,98613152024750,15834625,22024750,6190125,98613140000000,1,1,0
1,2790,98613140000000,98613152193625,98613167438750,15245125,27438750,12193625,98613150000000,1,1,1
1,2791,98613160000000,98613167616250,98613183489375,15873125,23489375,7616250,98613170000000,1,1,0
1,2793,98613170000000,98613183680250,98613199499625,15819375,29499625,13680250,98613180000000,1,1,1
1,2794,98613190000000,98613199668500,98613215584500,15916000,25584500,9668500,98613200000000,1,1,0
1,2796,98613200000000,98613215745125,98613230455375,14710250,30455375,15745125,98613210000000,1,1,1
1,2798,98613220000000,98613230741250,98613246116250,15375000,26116250,10741250,98613230000000,1,1,1
1,2799,98613240000000,98613246303500,98613261526750,15223250,21526750,6303500,98613250000000,1,1,0
1,2801,98613250000000,98613261695625,98613276747875,15052250,26747875,11695625,98613260000000,1,1,1
1,2802,98613270000000,98613276869375,98613291487875,14618500,21487875,6869375,98613280000000,1,1,0
1,2804,98613280000000,98613291768500,98613307703250,15934750,27703250,11768500,98613290000000,1,1,1
1,2805,98613300000000,98613307895750,98613323749000,15853250,23749000,7895750,98613310000000,1,1,0
1,2807,98613310000000,98613324070125,98613339876250,15806125,29876250,14070125,98613320000000,1,1,1
1,2809,98613330000000,98613340116875,98613354351375,14234500,24351375,10116875,98613340000000,1,1,1
1,2810,98613350000000,98613354518250,98613370378750,15860500,20378750,4518250,98613360000000,1,0,0
1,2812,98613360000000,98613370652000,98613386490875,15838875,26490875,10652000,98613370000000,1,1,1
1,2813,98613380000000,98613386674875,98613401908750,15233875,21908750,6674875,98613390000000,1,1,0
1,2815,98613390000000,98613402083000,98613418003000,15920000,28003000,12083000,98613400000000,1,1,1
1,2816,98613410000000,98613418163000,98613433771125,15608125,23771125,8163000,98613420000000,1,1,0
1,2818,98613420000000,98613433922375,98613449148000,15225625,29148000,13922375,98613430000000,1,1,1
1,2819,98613440000000,98613449296750,98613465173375,15876625,25173375,9296750,98613450000000,1,1,0
1,2821,98613450000000,98613465330000,98613481241250,15911250,31241250,15330000,98613460000000,1,1,1
1,2823,98613470000000,98613481393875,98613497295250,15901375,27295250,11393875,98613480000000,1,1,1
1,2824,98613490000000,98613497463750,98613513354875,15891125,23354875,7463750,98613500000000,1,1,0
1,2826,98613500000000,98613513514000,98613528340375,14826375,28340375,13514000,98613510000000,1,1,1
1,2827,98613520000000,98613528494625,98613544380875,15886250,24380875,8494625,98613530000000,1,1,0
1,2829,98613530000000,98613544549625,98613558156250,13606625,28156250,14549625,98613540000000,1,1,1
1,2830,98613550000000,98613558320000,98613572430125,14110125,22430125,8320000,98613560000000,1,1,0
1,2832,98613560000000,98613572606750,98613588412125,15805375,28412125,12606750,98613570000000,1,1,1
1,2833,98613580000000,98613588559875,98613604537500,15977625,24537500,8559875,98613590000000,1,1,0
1,2835,98613590000000,98613604720875,98613620591625,15870750,30591625,14720875,98613600000000,1,1,1
1,2837,98613610000000,98613620751625,98613635879625,15128000,25879625,10751625,98613620000000,1,1,1
1,2838,98613630000000,98613636134375,98613651319500,15185125,21319500,6134375,98613640000000,1,1,0
1,2840,98613640000000,98613651516125,98613667415125,15899000,27415125,11516125,98613650000000,1,1,1
1,2841,98613660000000,98613667702000,98613683624500,15922500,23624500,7702000,98613670000000,1,1,0
1,2843,98613670000000,98613683817125,98613698991125,15174000,28991125,13817125,98613680000000,1,1,1
1,2844,98613690000000,98613699157375,98613715033000,15875625,25033000,9157375,98613700000000,1,1,0
1,2846,98613700000000,98613715208625,98613730436250,15227625,30436250,15208625,98613710000000,1,1,1
1,2848,98613720000000,98613730599125,98613746423875,15824750,26423875,10599125,98613730000000,1,1,1
1,2849,98613740000000,98613746603000,98613762462000,15859000,22462000,6603000,98613750000000,1,1,0
1,2851,98613750000000,98613763387750,98613779338375,15950625,29338375,13387750,98613760000000,1,1,1
1,2852,98613770000000,98613779544875,98613794283875,14739000,24283875,9544875,98613780000000,1,1,0
1,2854,98613780000000,98613794594250,98613810448375,15854125,30448375,14594250,98613790000000,1,1,1
1,2856,98613800000000,98613810629375,98613826350250,15720875,26350250,10629375,98613810000000,1,1,1
1,2857,98613820000000,98613826542000,98613840379250,13837250,20379250,6542000,98613830000000,1,1,0
1,2859,98613830000000,98613840636500,98613855784000,15147500,25784000,10636500,98613840000000,1,1,1
1,2860,98613850000000,98613855996250,98613871955750,15959500,21955750,5996250,98613860000000,1,1,0
1,2862,98613860000000,98613872155750,98613886727000,14571250,26727000,12155750,98613870000000,1,1,1
1,2863,98613880000000,98613886910500,98613902638625,15728125,22638625,6910500,98613890000000,1,1,0
1,2865,98613890000000,98613902808375,98613917249875,14441500,27249875,12808375,98613900000000,1,1,1
1,2866,98613910000000,98613917421125,98613932636500,15215375,22636500,7421125,98613920000000,1,1,0
1,2868,98613920000000,98613932918000,98613948823250,15905250,28823250,12918000,98613930000000,1,1,1
1,2869,98613940000000,98613948991750,98613964199625,15207875,24199625,8991750,98613950000000,1,1,0
1,2871,98613950000000,98613964357250,98613980244125,15886875,30244125,14357250,98613960000000,1,1,1
1,2873,98613970000000,98613980402625,98613996263125,15860500,26263125,10402625,98613980000000,1,1,1
1,2874,98613990000000,98613996424625,98614011515500,15090875,21515500,6424625,98614000000000,1,1,0
1,2876,98614000000000,98614011702500,98614027608250,15905750,27608250,11702500,98614010000000,1,1,1
1,2877,98614020000000,98614027795625,98614043710250,15914625,23710250,7795625,98614030000000,1,1,0
1,2879,98614030000000,98614043864000,98614059691625,15827625,29691625,13864000,98614040000000,1,1,1
1,2880,98614050000000,98614059858000,98614075095500,15237500,25095500,9858000,98614060000000,1,1,0
1,2882,98614060000000,98614075279375,98614091169125,15889750,31169125,15279375,98614070000000,1,1,1
1,2884,98614080000000,98614091347625,98614107271000,15923375,27271000,11347625,98614090000000,1,1,1
1,2885,98614100000000,98614107432125,98614121957375,14525250,21957375,7432125,98614110000000,1,1,0
1,2887,98614110000000,98614122142250,98614136860875,14718625,26860875,12142250,98614120000000,1,1,1
1,2888,98614130000000,98614137026750,98614152868625,15841875,22868625,7026750,98614140000000,1,1,0
1,2890,98614140000000,98614153019875,98614168803750,15783875,28803750,13019875,98614150000000,1,1,1
1,2891,98614160000000,98614168958375,98614184834500,15876125,24834500,8958375,98614170000000,1,1,0
1,2893,98614170000000,98614184998000,98614200790125,15792125,30790125,14998000,98614180000000,1,1,1
1,2895,98614190000000,98614200947750,98614216159625,15211875,26159625,10947750,98614200000000,1,1,1
1,2896,98614210000000,98614216309375,98614232209875,15900500,22209875,6309375,98614220000000,1,1,0
1,2898,98614220000000,98614232362250,98614248217250,15855000,28217250,12362250,98614230000000,1,1,1
1,2899,98614240000000,98614248424625,98614263711125,15286500,23711125,8424625,98614250000000,1,1,0
1,2901,98614250000000,98614263914625,98614279807250,15892625,29807250,13914625,98614260000000,1,1,1
1,2903,98614270000000,98614280089750,98614295332375,15242625,25332375,10089750,98614280000000,1,1,1
1,2904,98614290000000,98614295521250,98614310637625,15116375,20637625,5521250,98614300000000,1,1,0
1,2906,98614300000000,98614310819125,98614326703375,15884250,26703375,10819125,98614310000000,1,1,1
1,2907,98614320000000,98614326980625,98614342534125,15553500,22534125,6980625,98614330000000,1,1,0
1,2909,98614330000000,98614342720000,98614358532625,15812625,28532625,12720000,98614340000000,1,1,1
1,2910,98614350000000,98614358698500,98614374656625,15958125,24656625,8698500,98614360000000,1,1,0
1,2912,98614360000000,98614374945375,98614390878625,15933250,30878625,14945375,98614370000000,1,1,1
1,2914,98614380000000,98614391073375,98614406922125,15848750,26922125,11073375,98614390000000,1,1,1
1,2915,98614400000000,98614407843750,98614423011875,15168125,23011875,7843750,98614410000000,1,1,0
1,2917,98614410000000,98614423214750,98614438733750,15519000,28733750,13214750,98614420000000,1,1,1
1,2918,98614430000000,98614438920500,98614454846375,15925875,24846375,8920500,98614440000000,1,1,0
1,2920,98614440000000,98614455007000,98614470833750,15826750,30833750,15007000,98614450000000,1,1,1
1,2922,98614460000000,98614471001125,98614486249625,15248500,26249625,11001125,98614470000000,1,1,1
1,2923,98614480000000,98614486403250,98614501737750,15334500,21737750,6403250,98614490000000,1,1,0
1,2925,98614490000000,98614501899125,98614516442625,14543500,26442625,11899125,98614500000000,1,1,1
1,2926,98614510000000,98614516601625,98614532439125,15837500,22439125,6601625,98614520000000,1,1,0
1,2928,98614520000000,98614532595250,98614548468375,15873125,28468375,12595250,98614530000000,1,1,1
1,2929,98614540000000,98614548619250,98614564523125,15903875,24523125,8619250,98614550000000,1,1,0
1,2931,98614550000000,98614564683250,98614580525500,15842250,30525500,14683250,98614560000000,1,1,1
1,2933,98614570000000,98614580663125,98614596576250,15913125,26576250,10663125,98614580000000,1,1,1
1,2934,98614590000000,98614596730875,98614611942375,15211500,21942375,6730875,98614600000000,1,1,0
1,2936,98614600000000,98614612760625,98614627996000,15235375,27996000,12760625,98614610000000,1,1,1
1,2937,98614620000000,98614628242000,98614644071625,15829625,24071625,8242000,98614630000000,1,1,0
1,2939,98614630000000,98614644229250,98614660138125,15908875,30138125,14229250,98614640000000,1,1,1
1,2941,98614650000000,98614660284875,98614676164375,15879500,26164375,10284875,98614660000000,1,1,1
1,2942,98614670000000,98614676327375,98614691644625,15317250,21644625,6327375,98614680000000,1,1,0
1,2944,98614680000000,98614691807250,98614707702750,15895500,27702750,11807250,98614690000000,1,1,1
1,2945,98614700000000,98614707873000,98614722632125,14759125,22632125,7873000,98614710000000,1,1,0
1,2947,98614710000000,98614722813625,98614738041250,15227625,28041250,12813625,98614720000000,1,1,1
1,2948,98614730000000,98614738211000,98614752825625,14614625,22825625,8211000,98614740000000,1,1,0
1,2950,98614740000000,98614752989000,98614767227875,14238875,27227875,12989000,98614750000000,1,1,1
1,2951,98614760000000,98614767410375,98614783345500,15935125,23345500,7410375,98614770000000,1,1,0
1,2953,98614770000000,98614783515750,98614798312000,14796250,28312000,13515750,98614780000000,1,1,1
1,2954,98614790000000,98614798470500,98614814460750,15990250,24460750,8470500,98614800000000,1,1,0
1,2956,98614800000000,98614814684250,98614830948250,16264000,30948250,14684250,98614810000000,1,1,1
1,2958,98614820000000,98614831142000,98614846863000,15721000,26863000,11142000,98614830000000,1,1,1
1,2959,98614840000000,98614847147875,98614861822000,14674125,21822000,7147875,98614850000000,1,1,0
1,2961,98614850000000,98614861995750,98614877934250,15938500,27934250,11995750,98614860000000,1,1,1
1,2962,98614870000000,98614878101125,98614894026000,15924875,24026000,8101125,98614880000000,1,1,0
1,2964,98614880000000,98614894205000,98614909338375,15133375,29338375,14205000,98614890000000,1,1,1
1,2965,98614900000000,98614909604375,98614925462875,15858500,25462875,9604375,98614910000000,1,1,0
1,2967,98614910000000,98614925630250,98614941504250,15874000,31504250,15630250,98614920000000,1,1,1
1,2969,98614930000000,98614941766875,98614957652125,15885250,27652125,11766875,98614940000000,1,1,1
1,2970,98614950000000,98614957838625,98614973083625,15245000,23083625,7838625,98614960000000,1,1,0
1,2972,98614960000000,98614973238875,98614988513750,15274875,28513750,13238875,98614970000000,1,1,1
1,2973,98614980000000,98614988670750,98615003893000,15222250,23893000,8670750,98614990000000,1,1,0
1,2975,98614990000000,98615004051000,98615018562750,14511750,28562750,14051000,98615000000000,1,1,1
1,2976,98615010000000,98615018727625,98615033586750,14859125,23586750,8727625,98615020000000,1,1,0
1,2978,98615020000000,98615033758125,98615049667875,15909750,29667875,13758125,98615030000000,1,1,1
1,2980,98615040000000,98615050576375,98615066481750,15905375,26481750,10576375,98615050000000,1,1,1
1,2981,98615060000000,98615066652625,98615080628250,13975625,20628250,6652625,98615070000000,1,1,0
1,2983,98615070000000,98615081497000,98615096045625,14548625,26045625,11497000,98615080000000,1,1,1
1,2984,98615090000000,98615096204750,98615112055000,15850250,22055000,6204750,98615100000000,1,1,0
1,2986,98615100000000,98615112179375,98615128063250,15883875,28063250,12179375,98615110000000,1,1,1
1,2987,98615120000000,98615128227750,98615143584500,15356750,23584500,8227750,98615130000000,1,1,0
1,2989,98615130000000,98615143783125,98615158413375,14630250,28413375,13783125,98615140000000,1,1,1
1,2990,98615150000000,98615158586500,98615173742375,15155875,23742375,8586500,98615160000000,1,1,0
1,2992,98615160000000,98615173901000,98615189807250,15906250,29807250,13901000,98615170000000,1,1,1
1,2993,98615180000000,98615189975625,98615205253875,15278250,25253875,9975625,98615190000000,1,1,0
1,2995,98615190000000,98615205421750,98615220666375,15244625,30666375,15421750,98615200000000,1,1,1
1,2997,98615210000000,98615220947375,98615236823000,15875625,26823000,10947375,98615220000000,1,1,1
1,2998,98615230000000,98615237005375,98615252922000,15916625,22922000,7005375,98615240000000,1,1,0
1,3000,98615240000000,98615253083125,98615268993250,15910125,28993250,13083125,98615250000000,1,1,1
1,3001,98615260000000,98615269124500,98615282958500,13834000,22958500,9124500,98615270000000,1,1,0
1,3003,98615270000000,98615283245375,98615299169625,15924250,29169625,13245375,98615280000000,1,1,1
1,3004,98615290000000,98615299350250,98615314605625,15255375,24605625,9350250,98615300000000,1,1,0
1,3006,98615300000000,98615314790000,98615330541125,15751125,30541125,14790000,98615310000000,1,1,1
1,3008,98615320000000,98615330695875,98615346502625,15806750,26502625,10695875,98615330000000,1,1,1
1,3009,98615340000000,98615346656250,98615361876000,15219750,21876000,6656250,98615350000000,1,1,0
1,3011,98615350000000,98615362393750,98615377898000,15504250,27898000,12393750,98615360000000,1,1,1
1,3012,98615370000000,98615378168000,98615393767250,15599250,23767250,8168000,98615380000000,1,1,0
1,3014,98615380000000,98615393947250,98615409235250,15288000,29235250,13947250,98615390000000,1,1,1
1,3015,98615400000000,98615409407125,98615425336875,15929750,25336875,9407125,98615410000000,1,1,0
1,3017,98615410000000,98615425594375,98615441288750,15694375,31288750,15594375,98615420000000,1,1,1
1,3019,98615430000000,98615441628250,98615455431625,13803375,25431625,11628250,98615440000000,1,1,1
1,3020,98615450000000,98615455634250,98615471535125,15900875,21535125,5634250,98615460000000,1,1,0
1,3022,98615460000000,98615471680500,98615486960750,15280250,26960750,11680500,98615470000000,1,1,1
1,3023,98615480000000,98615487137375,98615502289250,15151875,22289250,7137375,98615490000000,1,1,0
1,3025,98615490000000,98615502448000,98615517800500,15352500,27800500,12448000,98615500000000,1,1,1
1,3026,98615510000000,98615517962875,98615533914000,15951125,23914000,7962875,98615520000000,1,1,0
1,3028,98615520000000,98615534075125,98615549260250,15185125,29260250,14075125,98615530000000,1,1,1
1,3029,98615540000000,98615549424125,98615565310375,15886250,25310375,9424125,98615550000000,1,1,0
1,3031,98615550000000,98615565468000,98615581354875,15886875,31354875,15468000,98615560000000,1,1,1
1,3033,98615570000000,98615581629500,98615597521750,15892250,27521750,11629500,98615580000000,1,1,1
1,3034,98615590000000,98615597702750,98615612489125,14786375,22489125,7702750,98615600000000,1,1,0
1,3036,98615600000000,98615612658000,98615628555500,15897500,28555500,12658000,98615610000000,1,1,1
1,3037,98615620000000,98615628804375,98615644781500,15977125,24781500,8804375,98615630000000,1,1,0
1,3039,98615630000000,98615644965375,98615660195375,15230000,30195375,14965375,98615640000000,1,1,1
1,3041,98615650000000,98615660357375,98615674307875,13950500,24307875,10357375,98615660000000,1,1,1
1,3042,98615670000000,98615674491750,98615689795000,15303250,19795000,4491750,98615680000000,1,0,0
1,3044,98615680000000,98615695360875,98615709838875,14478000,29838875,15360875,98615690000000,1,1,1
1,3046,98615700000000,98615710053375,98615725326000,15272625,25326000,10053375,98615710000000,1,1,1
1,3047,98615720000000,98615725494875,98615741411875,15917000,21411875,5494875,98615730000000,1,1,0
1,3049,98615730000000,98615741556750,98615757202000,15645250,27202000,11556750,98615740000000,1,1,1
1,3050,98615750000000,98615757362125,98615771880125,14518000,21880125,7362125,98615760000000,1,1,0
1,3052,98615760000000,98615772058625,98615787969875,15911250,27969875,12058625,98615770000000,1,1,1
1,3053,98615780000000,98615788126000,98615802477125,14351125,22477125,8126000,98615790000000,1,1,0
1,3055,98615790000000,98615802661625,98615818806500,16144875,28806500,12661625,98615800000000,1,1,1
1,3056,98615810000000,98615819010500,98615834886000,15875500,24886000,9010500,98615820000000,1,1,0
1,3058,98615820000000,98615835068000,98615848622750,13554750,28622750,15068000,98615830000000,1,1,1
1,3059,98615840000000,98615848790250,98615864662250,15872000,24662250,8790250,98615850000000,1,1,0
1,3061,98615850000000,98615864831625,98615880634000,15802375,30634000,14831625,98615860000000,1,1,1
1,3063,98615870000000,98615880768625,98615896613500,15844875,26613500,10768625,98615880000000,1,1,1
1,3064,98615890000000,98615896765250,98615912673500,15908250,22673500,6765250,98615900000000,1,1,0
1,3066,98615900000000,98615912835500,98615928727625,15892125,28727625,12835500,98615910000000,1,1,1
1,3067,98615920000000,98615928880875,98615944671625,15790750,24671625,8880875,98615930000000,1,1,0
1,3069,98615930000000,98615944832125,98615960035250,15203125,30035250,14832125,98615940000000,1,1,1
1,3071,98615950000000,98615960192250,98615975446250,15254000,25446250,10192250,98615960000000,1,1,1
1,3072,98615970000000,98615975624750,98615991037250,15412500,21037250,5624750,98615980000000,1,1,0
1,3074,98615980000000,98615991204750,98616007091000,15886250,27091000,11204750,98615990000000,1,1,1
1,3075,98616000000000,98616007222750,98616023136375,15913625,23136375,7222750,98616010000000,1,1,0
1,3077,98616010000000,98616023298375,98616039315000,16016625,29315000,13298375,98616020000000,1,1,1
1,3078,98616030000000,98616039506625,98616054655125,15148500,24655125,9506625,98616040000000,1,1,0
1,3080,98616040000000,98616054822125,98616070707375,15885250,30707375,14822125,98616050000000,1,1,1
1,3082,98616060000000,98616070884000,98616086792375,15908375,26792375,10884000,98616070000000,1,1,1
1,3083,98616080000000,98616086946625,98616102802000,15855375,22802000,6946625,98616090000000,1,1,0
1,3085,98616090000000,98616102971375,98616117507375,14536000,27507375,12971375,98616100000000,1,1,1
1,3086,98616110000000,98616117684125,98616133591375,15907250,23591375,7684125,98616120000000,1,1,0
1,3088,98616120000000,98616133752750,98616148976000,15223250,28976000,13752750,98616130000000,1,1,1
1,3089,98616140000000,98616149127875,98616165023250,15895375,25023250,9127875,98616150000000,1,1,0
1,3091,98616150000000,98616165177625,98616180959375,15781750,30959375,15177625,98616160000000,1,1,1
1,3093,98616170000000,98616181124375,98616196935000,15810625,26935000,11124375,98616180000000,1,1,1
1,3094,98616190000000,98616197090625,98616213021875,15931250,23021875,7090625,98616200000000,1,1,0
1,3096,98616200000000,98616213294625,98616229249250,15954625,29249250,13294625,98616210000000,1,1,1
1,3097,98616220000000,98616229437125,98616245091125,15654000,25091125,9437125,98616230000000,1,1,0
1,3099,98616230000000,98616245253500,98616260483125,15229625,30483125,15253500,98616240000000,1,1,1
1,3101,98616250000000,98616260645625,98616275303125,14657500,25303125,10645625,98616260000000,1,1,1
1,3102,98616270000000,98616275579750,98616291450125,15870375,21450125,5579750,98616280000000,1,1,0
1,3104,98616280000000,98616291657875,98616307485125,15827250,27485125,11657875,98616290000000,1,1,1
1,3105,98616300000000,98616307672000,98616323560250,15888250,23560250,7672000,98616310000000,1,1,0
1,3107,98616310000000,98616323742750,98616339608250,15865500,29608250,13742750,98616320000000,1,1,1
1,3108,98616330000000,98616339766250,98616354863500,15097250,24863500,9766250,98616340000000,1,1,0
1,3110,98616340000000,98616355771625,98616370662375,14890750,30662375,15771625,98616350000000,1,1,1
1,3112,98616360000000,98616370853625,98616386719500,15865875,26719500,10853625,98616370000000,1,1,1
1,3113,98616380000000,98616386894625,98616402754625,15860000,22754625,6894625,98616390000000,1,1,0
1,3115,98616390000000,98616402924375,98616418305250,15380875,28305250,12924375,98616400000000,1,1,1
1,3116,98616410000000,98616418470000,98616434342375,15872375,24342375,8470000,98616420000000,1,1,0
1,3118,98616420000000,98616434611625,98616450535000,15923375,30535000,14611625,98616430000000,1,1,1
1,3120,98616440000000,98616450802375,98616465938250,15135875,25938250,10802375,98616450000000,1,1,1
1,3121,98616460000000,98616466116250,98616481397625,15281375,21397625,6116250,98616470000000,1,1,0
1,3123,98616470000000,98616481553750,98616497476000,15922250,27476000,11553750,98616480000000,1,1,1
1,3124,98616490000000,98616497631625,98616513333125,15701500,23333125,7631625,98616500000000,1,1,0
1,3126,98616500000000,98616513505875,98616529350625,15844750,29350625,13505875,98616510000000,1,1,1
1,3127,98616520000000,98616529494125,98616545458500,15964375,25458500,9494125,98616530000000,1,1,0
1,3129,98616530000000,98616545642000,98616560805500,15163500,30805500,15642000,98616540000000,1,1,1
1,3131,98616550000000,98616560975375,98616576192750,15217375,26192750,10975375,98616560000000,1,1,1
1,3132,98616570000000,98616576358000,98616590995625,14637625,20995625,6358000,98616580000000,1,1,0
1,3134,98616580000000,98616591155750,98616606424250,15268500,26424250,11155750,98616590000000,1,1,1
1,3135,98616600000000,98616606583750,98616622419750,15836000,22419750,6583750,98616610000000,1,1,0
1,3137,98616610000000,98616622576875,98616638482750,15905875,28482750,12576875,98616620000000,1,1,1
1,3138,98616630000000,98616638635375,98616653861500,15226125,23861500,8635375,98616640000000,1,1,0
1,3140,98616640000000,98616654018625,98616669862500,15843875,29862500,14018625,98616650000000,1,1,1
1,3142,98616660000000,98616670031375,98616685678500,15647125,25678500,10031375,98616670000000,1,1,1
1,3143,98616680000000,98616685834625,98616701085125,15250500,21085125,5834625,98616690000000,1,1,0
1,3145,98616690000000,98616701241875,98616717159875,15918000,27159875,11241875,98616700000000,1,1,1
1,3146,98616710000000,98616717325250,98616733193000,15867750,23193000,7325250,98616720000000,1,1,0
1,3148,98616720000000,98616733350625,98616748558125,15207500,28558125,13350625,98616730000000,1,1,1
1,3149,98616740000000,98616748721500,98616763944750,15223250,23944750,8721500,98616750000000,1,1,0
1,3151,98616750000000,98616764111125,98616779963375,15852250,29963375,14111125,98616760000000,1,1,1
1,3153,98616770000000,98616780139875,98616796060375,15920500,26060375,10139875,98616780000000,1,1,1
1,3154,98616790000000,98616796217000,98616812201375,15984375,22201375,6217000,98616800000000,1,1,0
1,3156,98616800000000,98616812377500,98616828387750,16010250,28387750,12377500,98616810000000,1,1,1
1,3157,98616820000000,98616828556125,98616843283500,14727375,23283500,8556125,98616830000000,1,1,0
1,3159,98616830000000,98616844167250,98616859357250,15190000,29357250,14167250,98616840000000,1,1,1
1,3160,98616850000000,98616859545000,98616874805250,15260250,24805250,9545000,98616860000000,1,1,0
1,3162,98616860000000,98616874977750,98616890777375,15799625,30777375,14977750,98616870000000,1,1,1
1,3164,98616880000000,98616890951625,98616906852000,15900375,26852000,10951625,98616890000000,1,1,1
1,3165,98616900000000,98616907016500,98616922928625,15912125,22928625,7016500,98616910000000,1,1,0
1,3167,98616910000000,98616923096500,98616937037750,13941250,27037750,13096500,98616920000000,1,1,1
1,3168,98616930000000,98616937994625,98616953188625,15194000,23188625,7994625,98616940000000,1,1,0
1,3170,98616940000000,98616953368000,98616969212500,15844500,29212500,13368000,98616950000000,1,1,1
1,3171,98616960000000,98616969356375,98616985111375,15755000,25111375,9356375,98616970000000,1,1,0
1,3173,98616970000000,98616985379750,98617001108000,15728250,31108000,15379750,98616980000000,1,1,1
1,3175,98616990000000,98617002030250,98617017176250,15146000,27176250,12030250,98617000000000,1,1,1
1,3176,98617010000000,98617017380875,98617032642375,15261500,22642375,7380875,98617020000000,1,1,0
1,3178,98617020000000,98617032806000,98617047946625,15140625,27946625,12806000,98617030000000,1,1,1
1,3179,98617040000000,98617048156375,98617063391250,15234875,23391250,8156375,98617050000000,1,1,0
1,3181,98617050000000,98617063577625,98617077722875,14145250,27722875,13577625,98617060000000,1,1,1
1,3182,98617070000000,98617078025375,98617093353375,15328000,23353375,8025375,98617080000000,1,1,0
1,3184,98617080000000,98617093531500,98617109471500,15940000,29471500,13531500,98617090000000,1,1,1
1,3185,98617100000000,98617109649125,98617125429125,15780000,25429125,9649125,98617110000000,1,1,0
1,3187,98617110000000,98617125598500,98617140130125,14531625,30130125,15598500,98617120000000,1,1,1
1,3189,98617130000000,98617140378375,98617156259875,15881500,26259875,10378375,98617140000000,1,1,1
1,3190,98617150000000,98617156453500,98617172349125,15895625,22349125,6453500,98617160000000,1,1,0
1,3192,98617160000000,98617172532125,98617188404375,15872250,28404375,12532125,98617170000000,1,1,1
1,3193,98617180000000,98617188573250,98617203673750,15100500,23673750,8573250,98617190000000,1,1,0
1,3195,98617190000000,98617203840625,98617219397625,15557000,29397625,13840625,98617200000000,1,1,1
1,3196,98617210000000,98617219568375,98617234743625,15175250,24743625,9568375,98617220000000,1,1,0
1,3198,98617220000000,98617234912875,98617250401125,15488250,30401125,14912875,98617230000000,1,1,1
1,3200,98617240000000,98617250564625,98617266453750,15889125,26453750,10564625,98617250000000,1,1,1
1,3201,98617260000000,98617266613375,98617282505500,15892125,22505500,6613375,98617270000000,1,1,0
1,3203,98617270000000,98617282666625,98617298567000,15900375,28567000,12666625,98617280000000,1,1,1
1,3204,98617290000000,98617298726625,98617314620250,15893625,24620250,8726625,98617300000000,1,1,0
1,3206,98617300000000,98617314788000,98617329309500,14521500,29309500,14788000,98617310000000,1,1,1
1,3207,98617320000000,98617329474375,98617345178625,15704250,25178625,9474375,98617330000000,1,1,0
1,3209,98617330000000,98617345344125,98617361172750,15828625,31172750,15344125,98617340000000,1,1,1
1,3211,98617350000000,98617361328000,98617377161125,15833125,27161125,11328000,98617360000000,1,1,1
1,3212,98617370000000,98617377305000,98617393231500,15926500,23231500,7305000,98617380000000,1,1,0
1,3214,98617380000000,98617393378750,98617409213375,15834625,29213375,13378750,98617390000000,1,1,1
1,3215,98617400000000,98617409368500,98617423408750,14040250,23408750,9368500,98617410000000,1,1,0
1,3217,98617410000000,98617423590250,98617439057875,15467625,29057875,13590250,98617420000000,1,1,1
1,3218,98617430000000,98617439253625,98617455086625,15833000,25086625,9253625,98617440000000,1,1,0
1,3220,98617440000000,98617455287750,98617471210625,15922875,31210625,15287750,98617450000000,1,1,1
1,3222,98617460000000,98617471391625,98617486121000,14729375,26121000,11391625,98617470000000,1,1,1
1,3223,98617480000000,98617486293625,98617502098500,15804875,22098500,6293625,98617490000000,1,1,0
1,3225,98617490000000,98617502431750,98617517614875,15183125,27614875,12431750,98617500000000,1,1,1
1,3226,98617510000000,98617517796875,98617533692000,15895125,23692000,7796875,98617520000000,1,1,0
1,3228,98617520000000,98617533853125,98617547959625,14106500,27959625,13853125,98617530000000,1,1,1
1,3229,98617540000000,98617548164250,98617563936250,15772000,23936250,8164250,98617550000000,1,1,0
1,3231,98617550000000,98617564256875,98617580158250,15901375,30158250,14256875,98617560000000,1,1,1
1,3233,98617570000000,98617580355875,98617595044750,14688875,25044750,10355875,98617580000000,1,1,1
1,3234,98617590000000,98617595217875,98617610389500,15171625,20389500,5217875,98617600000000,1,1,0
1,3236,98617600000000,98617610546875,98617626451875,15905000,26451875,10546875,98617610000000,1,1,1
1,3237,98617620000000,98617626631875,98617642567875,15936000,22567875,6631875,98617630000000,1,1,0
1,3239,98617630000000,98617643467125,98617658917250,15450125,28917250,13467125,98617640000000,1,1,1
1,3240,98617650000000,98617659113375,98617674986125,15872750,24986125,9113375,98617660000000,1,1,0
1,3242,98617660000000,98617675151500,98617690184875,15033375,30184875,15151500,98617670000000,1,1,1
1,3244,98617680000000,98617690347375,98617705572375,15225000,25572375,10347375,98617690000000,1,1,1
1,3245,98617700000000,98617705730000,98617720999000,15269000,20999000,5730000,98617710000000,1,1,0
1,3247,98617710000000,98617721164000,98617736961875,15797875,26961875,11164000,98617720000000,1,1,1
1,3248,98617730000000,98617737092625,98617752985250,15892625,22985250,7092625,98617740000000,1,1,0
1,3250,98617740000000,98617753145500,98617769013625,15868125,29013625,13145500,98617750000000,1,1,1
1,3251,98617760000000,98617769172125,98617785008250,15836125,25008250,9172125,98617770000000,1,1,0
1,3253,98617770000000,98617785150250,98617801065375,15915125,31065375,15150250,98617780000000,1,1,1
1,3255,98617790000000,98617801229250,98617816399250,15170000,26399250,11229250,98617800000000,1,1,1
1,3256,98617810000000,98617816550125,98617831402875,14852750,21402875,6550125,98617820000000,1,1,0
1,3258,98617820000000,98617831625750,98617847587750,15962000,27587750,11625750,98617830000000,1,1,1
1,3259,98617840000000,98617847787250,98617863644875,15857625,23644875,7787250,98617850000000,1,1,0
1,3261,98617850000000,98617863827750,98617879705375,15877625,29705375,13827750,98617860000000,1,1,1
1,3262,98617870000000,98617879887750,98617895752250,15864500,25752250,9887750,98617880000000,1,1,0
1,3264,98617880000000,98617895930625,98617911137375,15206750,31137375,15930625,98617890000000,1,1,1
1,3266,98617900000000,98617911422250,98617927380875,15958625,27380875,11422250,98617910000000,1,1,1
1,3267,98617920000000,98617927570125,98617943419375,15849250,23419375,7570125,98617930000000,1,1,0
1,3269,98617930000000,98617943599375,98617959522750,15923375,29522750,13599375,98617940000000,1,1,1
1,3270,98617950000000,98617959819000,98617975076750,15257750,25076750,9819000,98617960000000,1,1,0
1,3272,98617960000000,98617975272000,98617991061250,15789250,31061250,15272000,98617970000000,1,1,1
1,3274,98617980000000,98617991233875,98618005801125,14567250,25801125,11233875,98617990000000,1,1,1
1,3275,98618000000000,98618006658500,98618021657250,14998750,21657250,6658500,98618010000000,1,1,0
1,3277,98618010000000,98618021819875,98618037458625,15638750,27458625,11819875,98618020000000,1,1,1
1,3278,98618030000000,98618037619250,98618053503875,15884625,23503875,7619250,98618040000000,1,1,0
1,3280,98618040000000,98618053670375,98618069569000,15898625,29569000,13670375,98618050000000,1,1,1
1,3281,98618060000000,98618069844125,98618085791875,15947750,25791875,9844125,98618070000000,1,1,0
1,3283,98618070000000,98618085982125,98618101830875,15848750,31830875,15982125,98618080000000,1,1,1
1,3285,98618090000000,98618101990375,98618116071625,14081250,26071625,11990375,98618100000000,1,1,1
1,3286,98618110000000,98618116247875,98618132082500,15834625,22082500,6247875,98618120000000,1,1,0
1,3288,98618120000000,98618132213625,98618148080625,15867000,28080625,12213625,98618130000000,1,1,1
1,3289,98618140000000,98618148234125,98618164088375,15854250,24088375,8234125,98618150000000,1,1,0
1,3291,98618150000000,98618164246875,98618179607125,15360250,29607125,14246875,98618160000000,1,1,1
1,3292,98618170000000,98618179781250,98618194255875,14474625,24255875,9781250,98618180000000,1,1,0
1,3294,98618180000000,98618194435000,98618209616250,15181250,29616250,14435000,98618190000000,1,1,1
1,3295,98618200000000,98618209772875,98618225208625,15435750,25208625,9772875,98618210000000,1,1,0
1,3297,98618210000000,98618225390625,98618240542625,15152000,30542625,15390625,98618220000000,1,1,1
1,3299,98618230000000,98618240695875,98618255879500,15183625,25879500,10695875,98618240000000,1,1,1
1,3300,98618250000000,98618256141500,98618272048250,15906750,22048250,6141500,98618260000000,1,1,0
1,3302,98618260000000,98618272227500,98618288143000,15915500,28143000,12227500,98618270000000,1,1,1
1,3303,98618280000000,98618289037875,98618303582250,14544375,23582250,9037875,98618290000000,1,1,0
1,3305,98618290000000,98618303786625,98618319745375,15958750,29745375,13786625,98618300000000,1,1,1
1,3306,98618310000000,98618319937500,98618334642375,14704875,24642375,9937500,98618320000000,1,1,0
1,3308,98618320000000,98618334825000,98618350774625,15949625,30774625,14825000,98618330000000,1,1,1
1,3310,98618340000000,98618350977625,98618366380250,15402625,26380250,10977625,98618350000000,1,1,1
1,3311,98618360000000,98618366551000,98618382457875,15906875,22457875,6551000,98618370000000,1,1,0
1,3313,98618370000000,98618382626625,98618397091000,14464375,27091000,12626625,98618380000000,1,1,1
1,3314,98618390000000,98618397233000,98618411865750,14632750,21865750,7233000,98618400000000,1,1,0
1,3316,98618400000000,98618412135125,98618427951625,15816500,27951625,12135125,98618410000000,1,1,1
1,3317,98618420000000,98618428139000,98618443478250,15339250,23478250,8139000,98618430000000,1,1,0
1,3319,98618430000000,98618443662250,98618459490000,15827750,29490000,13662250,98618440000000,1,1,1
1,3320,98618450000000,98618459642125,98618472995875,13353750,22995875,9642125,98618460000000,1,1,0
1,3322,98618460000000,98618473254000,98618488561625,15307625,28561625,13254000,98618470000000,1,1,1
1,3323,98618480000000,98618488751375,98618504614750,15863375,24614750,8751375,98618490000000,1,1,0
1,3325,98618490000000,98618504791000,98618520667500,15876500,30667500,14791000,98618500000000,1,1,1
1,3327,98618510000000,98618520818125,98618535011625,14193500,25011625,10818125,98618520000000,1,1,1
1,3328,98618530000000,98618535287500,98618551252750,15965250,21252750,5287500,98618540000000,1,1,0
1,3330,98618540000000,98618551437250,98618566590625,15153375,26590625,11437250,98618550000000,1,1,1
1,3331,98618560000000,98618566741375,98618582300750,15559375,22300750,6741375,98618570000000,1,1,0
1,3333,98618570000000,98618582471000,98618598412000,15941000,28412000,12471000,98618580000000,1,1,1
1,3334,98618590000000,98618598581250,98618614181250,15600000,24181250,8581250,98618600000000,1,1,0
1,3336,98618600000000,98618614354875,98618630224625,15869750,30224625,14354875,98618610000000,1,1,1
1,3338,98618620000000,98618630384125,98618646271875,15887750,26271875,10384125,98618630000000,1,1,1
1,3339,98618640000000,98618646437375,98618661669250,15231875,21669250,6437375,98618650000000,1,1,0
1,3341,98618650000000,98618661830250,98618677685375,15855125,27685375,11830250,98618660000000,1,1,1
1,3342,98618670000000,98618677841500,98618693705875,15864375,23705875,7841500,98618680000000,1,1,0
1,3344,98618680000000,98618693869250,98618709775125,15905875,29775125,13869250,98618690000000,1,1,1
1,3345,98618700000000,98618709930875,98618725595500,15664625,25595500,9930875,98618710000000,1,1,0
1,3347,98618710000000,98618725754125,98618741623375,15869250,31623375,15754125,98618720000000,1,1,1
1,3349,98618730000000,98618741877000,98618757721875,15844875,27721875,11877000,98618740000000,1,1,1
1,3350,98618750000000,98618757865375,98618773083125,15217750,23083125,7865375,98618760000000,1,1,0
1,3352,98618760000000,98618773233875,98618789099250,15865375,29099250,13233875,98618770000000,1,1,1
1,3353,98618780000000,98618789252500,98618805078375,15825875,25078375,9252500,98618790000000,1,1,0
1,3355,98618790000000,98618805338375,98618821364000,16025625,31364000,15338375,98618800000000,1,1,1
1,3357,98618810000000,98618821565250,98618837443250,15878000,27443250,11565250,98618820000000,1,1,1
1,3358,98618830000000,98618837613500,98618853638000,16024500,23638000,7613500,98618840000000,1,1,0
1,3360,98618840000000,98618853821500,98618869282625,15461125,29282625,13821500,98618850000000,1,1,1
1,3361,98618860000000,98618869481250,98618883388375,13907125,23388375,9481250,98618870000000,1,1,0
1,3363,98618870000000,98618883585000,98618899477625,15892625,29477625,13585000,98618880000000,1,1,1
1,3364,98618890000000,98618899664625,98618915531750,15867125,25531750,9664625,98618900000000,1,1,0
1,3366,98618900000000,98618915711875,98618931608500,15896625,31608500,15711875,98618910000000,1,1,1
1,3368,98618920000000,98618932591750,98618948553250,15961500,28553250,12591750,98618930000000,1,1,1
1,3369,98618940000000,98618948737125,98618964639000,15901875,24639000,8737125,98618950000000,1,1,0
1,3371,98618950000000,98618964798750,98618979975375,15176625,29975375,14798750,98618960000000,1,1,1
1,3373,98618970000000,98618980326250,98618996192500,15866250,26192500,10326250,98618980000000,1,1,1
1,3374,98618990000000,98618996369250,98619011686500,15317250,21686500,6369250,98619000000000,1,1,0
1,3376,98619000000000,98619011990000,98619026068750,14078750,26068750,11990000,98619010000000,1,1,1
1,3377,98619020000000,98619026243500,98619042128375,15884875,22128375,6243500,98619030000000,1,1,0
1,3379,98619030000000,98619042391375,98619057109000,14717625,27109000,12391375,98619040000000,1,1,1
1,3380,98619050000000,98619057285000,98619072473000,15188000,22473000,7285000,98619060000000,1,1,0
1,3382,98619060000000,98619072633625,98619088531125,15897500,28531125,12633625,98619070000000,1,1,1
1,3383,98619080000000,98619088688750,98619103461875,14773125,23461875,8688750,98619090000000,1,1,0
1,3385,98619090000000,98619103757125,98619119702625,15945500,29702625,13757125,98619100000000,1,1,1
1,3386,98619110000000,98619119900625,98619135330750,15430125,25330750,9900625,98619120000000,1,1,0
1,3388,98619120000000,98619135523500,98619150716250,15192750,30716250,15523500,98619130000000,1,1,1
1,3390,98619140000000,98619150883625,98619166124500,15240875,26124500,10883625,98619150000000,1,1,1
1,3391,98619160000000,98619166304500,98619181701875,15397375,21701875,6304500,98619170000000,1,1,0
1,3393,98619170000000,98619181863875,98619197691625,15827750,27691625,11863875,98619180000000,1,1,1
1,3394,98619190000000,98619198017500,98619213887250,15869750,23887250,8017500,98619200000000,1,1,0
1,3396,98619200000000,98619214067750,98619228166125,14098375,28166125,14067750,98619210000000,1,1,1
1,3397,98619220000000,98619228331500,98619244264250,15932750,24264250,8331500,98619230000000,1,1,0
1,3399,98619230000000,98619244431625,98619259618125,15186500,29618125,14431625,98619240000000,1,1,1
1,3400,98619250000000,98619259774750,98619275611375,15836625,25611375,9774750,98619260000000,1,1,0
1,3402,98619260000000,98619275784500,98619290687500,14903000,30687500,15784500,98619270000000,1,1,1
1,3404,98619280000000,98619290864125,98619305884750,15020625,25884750,10864125,98619290000000,1,1,1
1,3405,98619300000000,98619306149375,98619322059000,15909625,22059000,6149375,98619310000000,1,1,0
1,3407,98619310000000,98619322240000,98619336791250,14551250,26791250,12240000,98619320000000,1,1,1
1,3408,98619330000000,98619336929375,98619351658125,14728750,21658125,6929375,98619340000000,1,1,0
1,3410,98619340000000,98619351857250,98619366648375,14791125,26648375,11857250,98619350000000,1,1,1
1,3411,98619360000000,98619366832000,98619382656750,15824750,22656750,6832000,98619370000000,1,1,0
1,3413,98619370000000,98619382822125,98619397938875,15116750,27938875,12822125,98619380000000,1,1,1
1,3414,98619390000000,98619398106875,98619413947625,15840750,23947625,8106875,98619400000000,1,1,0
1,3416,98619400000000,98619414118875,98619429174250,15055375,29174250,14118875,98619410000000,1,1,1
1,3417,98619420000000,98619429323125,98619445199625,15876500,25199625,9323125,98619430000000,1,1,0
1,3419,98619430000000,98619445364000,98619461078625,15714625,31078625,15364000,98619440000000,1,1,1
1,3421,98619450000000,98619461248875,98619476433500,15184625,26433500,11248875,98619460000000,1,1,1
1,3422,98619470000000,98619476595375,98619492427125,15831750,22427125,6595375,98619480000000,1,1,0
1,3424,98619480000000,98619492684375,98619508617875,15933500,28617875,12684375,98619490000000,1,1,1
1,3425,98619500000000,98619508793500,98619524026000,15232500,24026000,8793500,98619510000000,1,1,0
1,3427,98619510000000,98619524150500,98619539327625,15177125,29327625,14150500,98619520000000,1,1,1
1,3428,98619530000000,98619539485250,98619555412625,15927375,25412625,9485250,98619540000000,1,1,0
1,3430,98619540000000,98619555587750,98619569997375,14409625,29997375,15587750,98619550000000,1,1,1
1,3432,98619560000000,98619570912375,98619586188125,15275750,26188125,10912375,98619570000000,1,1,1
1,3433,98619580000000,98619586383375,98619601716875,15333500,21716875,6383375,98619590000000,1,1,0
1,3435,98619590000000,98619601890500,98619617165375,15274875,27165375,11890500,98619600000000,1,1,1
1,3436,98619610000000,98619617441625,98619632611125,15169500,22611125,7441625,98619620000000,1,1,0
1,3438,98619620000000,98619632795500,98619648664250,15868750,28664250,12795500,98619630000000,1,1,1
1,3439,98619640000000,98619648819375,98619664681750,15862375,24681750,8819375,98619650000000,1,1,0
1,3441,98619650000000,98619664839875,98619680634000,15794125,30634000,14839875,98619660000000,1,1,1
1,3443,98619670000000,98619680895125,98619696149500,15254375,26149500,10895125,98619680000000,1,1,1
1,3444,98619690000000,98619696310375,98619711478875,15168500,21478875,6310375,98619700000000,1,1,0
1,3446,98619700000000,98619711651625,98619727093375,15441750,27093375,11651625,98619710000000,1,1,1
1,3447,98619720000000,98619727387125,98619741999875,14612750,21999875,7387125,98619730000000,1,1,0
1,3449,98619730000000,98619742186750,98619758097375,15910625,28097375,12186750,98619740000000,1,1,1
1,3450,98619750000000,98619758254000,98619773857750,15603750,23857750,8254000,98619760000000,1,1,0
1,3452,98619760000000,98619774010625,98619789889125,15878500,29889125,14010625,98619770000000,1,1,1
1,3454,98619780000000,98619790052500,98619804931625,14879125,24931625,10052500,98619790000000,1,1,1
1,3455,98619800000000,98619805139500,98619821101000,15961500,21101000,5139500,98619810000000,1,1,0
1,3457,98619810000000,98619821304375,98619836904250,15599875,26904250,11304375,98619820000000,1,1,1
1,3458,98619830000000,98619837097500,98619852279125,15181625,22279125,7097500,98619840000000,1,1,0
1,3460,98619840000000,98619852465625,98619867794125,15328500,27794125,12465625,98619850000000,1,1,1
1,3461,98619860000000,98619867977625,98619882685375,14707750,22685375,7977625,98619870000000,1,1,0
1,3463,98619870000000,98619882967500,98619898246250,15278750,28246250,12967500,98619880000000,1,1,1
1,3464,98619890000000,98619898444875,98619913735250,15290375,23735250,8444875,98619900000000,1,1,0
1,3466,98619900000000,98619913901625,98619929784125,15882500,29784125,13901625,98619910000000,1,1,1
1,3467,98619920000000,98619929951000,98619945760125,15809125,25760125,9951000,98619930000000,1,1,0
1,3469,98619930000000,98619945924125,98619961826000,15901875,31826000,15924125,98619940000000,1,1,1
1,3471,98619950000000,98619961981250,98619976195625,14214375,26195625,11981250,98619960000000,1,1,1
1,3472,98619970000000,98619976350375,98619991522750,15172375,21522750,6350375,98619980000000,1,1,0
1,3474,98619980000000,98619991691625,98620007600875,15909250,27600875,11691625,98619990000000,1,1,1
1,3475,98620000000000,98620007774500,98620023707250,15932750,23707250,7774500,98620010000000,1,1,0
1,3477,98620010000000,98620023911750,98620039780875,15869125,29780875,13911750,98620020000000,1,1,1
1,3478,98620030000000,98620039978000,98620055823875,15845875,25823875,9978000,98620040000000,1,1,0
1,3480,98620040000000,98620056094250,98620071249500,15155250,31249500,16094250,98620050000000,1,1,1
1,3482,98620060000000,98620071419500,98620086662375,15242875,26662375,11419500,98620070000000,1,1,1
1,3483,98620080000000,98620086833625,98620102726750,15893125,22726750,6833625,98620090000000,1,1,0
1,3485,98620090000000,98620102907875,98620117428875,14521000,27428875,12907875,98620100000000,1,1,1
1,3486,98620110000000,98620117581125,98620133551750,15970625,23551750,7581125,98620120000000,1,1,0
1,3488,98620120000000,98620133724375,98620149624875,15900500,29624875,13724375,98620130000000,1,1,1
1,3489,98620140000000,98620149793750,98620165719125,15925375,25719125,9793750,98620150000000,1,1,0
1,3491,98620150000000,98620165872375,98620181705875,15833500,31705875,15872375,98620160000000,1,1,1
1,3493,98620170000000,98620181862625,98620197059375,15196750,27059375,11862625,98620180000000,1,1,1
1,3494,98620190000000,98620197225750,98620213152000,15926250,23152000,7225750,98620200000000,1,1,0
1,3496,98620200000000,98620214040750,98620229295500,15254750,29295500,14040750,98620210000000,1,1,1
1,3497,98620220000000,98620229483875,98620245332125,15848250,25332125,9483875,98620230000000,1,1,0
1,3499,98620230000000,98620245490750,98620261383875,15893125,31383875,15490750,98620240000000,1,1,1
1,3501,98620250000000,98620261538000,98620277277000,15739000,27277000,11538000,98620260000000,1,1,1
1,3502,98620270000000,98620277437000,98620292623125,15186125,22623125,7437000,98620280000000,1,1,0
1,3504,98620280000000,98620292785500,98620308622125,15836625,28622125,12785500,98620290000000,1,1,1
1,3505,98620300000000,98620308760125,98620324696250,15936125,24696250,8760125,98620310000000,1,1,0
1,3507,98620310000000,98620324871500,98620340185875,15314375,30185875,14871500,98620320000000,1,1,1
1,3509,98620330000000,98620340340500,98620356176125,15835625,26176125,10340500,98620340000000,1,1,1
1,3510,98620350000000,98620356330250,98620371178625,14848375,21178625,6330250,98620360000000,1,1,0
1,3512,98620360000000,98620371466000,98620385880125,14414125,25880125,11466000,98620370000000,1,1,1
1,3513,98620380000000,98620386056250,98620401893250,15837000,21893250,6056250,98620390000000,1,1,0
1,3515,98620390000000,98620402055250,98620417984000,15928750,27984000,12055250,98620400000000,1,1,1
1,3516,98620410000000,98620418154750,98620434057750,15903000,24057750,8154750,98620420000000,1,1,0
1,3518,98620420000000,98620434313375,98620450098250,15784875,30098250,14313375,98620430000000,1,1,1
1,3520,98620440000000,98620450269500,98620466174375,15904875,26174375,10269500,98620450000000,1,1,1
1,3521,98620460000000,98620466451000,98620482363750,15912750,22363750,6451000,98620470000000,1,1,0
1,3523,98620470000000,98620482536875,98620497742500,15205625,27742500,12536875,98620480000000,1,1,1
1,3524,98620490000000,98620497906375,98620513499000,15592625,23499000,7906375,98620500000000,1,1,0
1,3526,98620500000000,98620513661375,98620529579375,15918000,29579375,13661375,98620510000000,1,1,1
1,3527,98620520000000,98620529744375,98620544849250,15104875,24849250,9744375,98620530000000,1,1,0
1,3529,98620530000000,98620545013875,98620560851875,15838000,30851875,15013875,98620540000000,1,1,1
1,3531,98620550000000,98620561007000,98620575803125,14796125,25803125,11007000,98620560000000,1,1,1
1,3532,98620570000000,98620575979250,98620589887875,13908625,19887875,5979250,98620580000000,1,1,0
1,3534,98620580000000,98620590058125,98620605941500,15883375,25941500,10058125,98620590000000,1,1,1
1,3535,98620600000000,98620606098625,98620621999125,15900500,21999125,6098625,98620610000000,1,1,0
1,3537,98620610000000,98620622163000,98620638066375,15903375,28066375,12163000,98620620000000,1,1,1
1,3538,98620630000000,98620638225000,98620653453000,15228000,23453000,8225000,98620640000000,1,1,0
1,3540,98620640000000,98620653617000,98620669534000,15917000,29534000,13617000,98620650000000,1,1,1
1,3541,98620660000000,98620669703875,98620684903625,15199750,24903625,9703875,98620670000000,1,1,0
1,3543,98620670000000,98620685164625,98620701103625,15939000,31103625,15164625,98620680000000,1,1,1
1,3545,98620690000000,98620701290000,98620717129500,15839500,27129500,11290000,98620700000000,1,1,1
1,3546,98620710000000,98620717268125,98620733164625,15896500,23164625,7268125,98620720000000,1,1,0
1,3548,98620720000000,98620733322250,98620748081250,14759000,28081250,13322250,98620730000000,1,1,1
1,3549,98620740000000,98620748243250,98620764083750,15840500,24083750,8243250,98620750000000,1,1,0
1,3551,98620750000000,98620764227625,98620779478625,15251000,29478625,14227625,98620760000000,1,1,1
1,3552,98620770000000,98620779641500,98620795539625,15898125,25539625,9641500,98620780000000,1,1,0
1,3554,98620780000000,98620795721125,98620811471375,15750250,31471375,15721125,98620790000000,1,1,1
1,3556,98620800000000,98620811749875,98620827686000,15936125,27686000,11749875,98620810000000,1,1,1
1,3557,98620820000000,98620827881625,98620843893875,16012250,23893875,7881625,98620830000000,1,1,0
1,3559,98620830000000,98620844143750,98620860305750,16162000,30305750,14143750,98620840000000,1,1,1
1,3561,98620850000000,98620860492125,98620876622375,16130250,26622375,10492125,98620860000000,1,1,1
1,3563,98620870000000,98620882069500,98620897009375,14939875,27009375,12069500,98620880000000,1,1,1
1,3564,98620890000000,98620897210875,98620913168000,15957125,23168000,7210875,98620900000000,1,1,0
1,3566,98620900000000,98620913339750,98620927863625,14523875,27863625,13339750,98620910000000,1,1,1
1,3567,98620920000000,98620928109125,98620943937750,15828625,23937750,8109125,98620930000000,1,1,0
1,3569,98620930000000,98620944131000,98620960023625,15892625,30023625,14131000,98620940000000,1,1,1
1,3571,98620950000000,98620960175875,98620974857875,14682000,24857875,10175875,98620960000000,1,1,1
1,3572,98620970000000,98620975024250,98620990887125,15862875,20887125,5024250,98620980000000,1,1,0
1,3574,98620980000000,98620991065125,98621006982250,15917125,26982250,11065125,98620990000000,1,1,1
1,3575,98621000000000,98621007160875,98621021830625,14669750,21830625,7160875,98621010000000,1,1,0
1,3577,98621010000000,98621022006875,98621037903875,15897000,27903875,12006875,98621020000000,1,1,1
1,3578,98621030000000,98621038066875,98621053861375,15794500,23861375,8066875,98621040000000,1,1,0
1,3580,98621040000000,98621054014625,98621069617375,15602750,29617375,14014625,98621050000000,1,1,1
1,3581,98621060000000,98621069782250,98621085707625,15925375,25707625,9782250,98621070000000,1,1,0
1,3583,98621070000000,98621085872625,98621101654000,15781375,31654000,15872625,98621080000000,1,1,1
1,3585,98621090000000,98621101824250,98621117016750,15192500,27016750,11824250,98621100000000,1,1,1
1,3586,98621110000000,98621117281125,98621133050750,15769625,23050750,7281125,98621120000000,1,1,0
1,3588,98621120000000,98621133237250,98621149142125,15904875,29142125,13237250,98621130000000,1,1,1
1,3589,98621140000000,98621149312375,98621165118125,15805750,25118125,9312375,98621150000000,1,1,0
1,3591,98621150000000,98621165279250,98621180445250,15166000,30445250,15279250,98621160000000,1,1,1
1,3593,98621170000000,98621180564750,98621195809375,15244625,25809375,10564750,98621180000000,1,1,1
1,3594,98621190000000,98621195985125,98621210411750,14426625,20411750,5985125,98621200000000,1,1,0
1,3596,98621200000000,98621210577250,98621224588125,14010875,24588125,10577250,98621210000000,1,1,1
1,3597,98621220000000,98621224756125,98621240626875,15870750,20626875,4756125,98621230000000,1,0,0
1,3599,98621230000000,98621240776500,98621256671125,15894625,26671125,10776500,98621240000000,1,1,1
1,3600,98621250000000,98621256924375,98621272703875,15779500,22703875,6924375,98621260000000,1,1,0
1,3602,98621260000000,98621272889750,98621288818000,15928250,28818000,12889750,98621270000000,1,1,1
1,3603,98621280000000,98621288981000,98621303662500,14681500,23662500,8981000,98621290000000,1,1,0
1,3605,98621290000000,98621303865500,98621319190125,15324625,29190125,13865500,98621300000000,1,1,1
1,3606,98621310000000,98621319356000,98621335241375,15885375,25241375,9356000,98621320000000,1,1,0
1,3608,98621320000000,98621335417500,98621351313500,15896000,31313500,15417500,98621330000000,1,1,1
1,3610,98621340000000,98621351483875,98621366197250,14713375,26197250,11483875,98621350000000,1,1,1
1,3611,98621360000000,98621366362875,98621382218500,15855625,22218500,6362875,98621370000000,1,1,0
1,3613,98621370000000,98621382381375,98621395775125,13393750,25775125,12381375,98621380000000,1,1,1
1,3614,98621390000000,98621395972750,98621411828875,15856125,21828875,5972750,98621400000000,1,1,0
1,3616,98621400000000,98621411973250,98621427266125,15292875,27266125,11973250,98621410000000,1,1,1
1,3617,98621420000000,98621427441375,98621443311500,15870125,23311500,7441375,98621430000000,1,1,0
1,3619,98621430000000,98621443478000,98621457889125,14411125,27889125,13478000,98621440000000,1,1,1
1,3620,98621450000000,98621458075500,98621472505250,14429750,22505250,8075500,98621460000000,1,1,0
1,3622,98621460000000,98621472651500,98621488527625,15876125,28527625,12651500,98621470000000,1,1,1
1,3623,98621480000000,98621488681875,98621504591500,15909625,24591500,8681875,98621490000000,1,1,0
1,3625,98621490000000,98621504754000,98621519907875,15153875,29907875,14754000,98621500000000,1,1,1
1,3627,98621510000000,98621520898375,98621536869250,15970875,26869250,10898375,98621520000000,1,1,1
1,3628,98621530000000,98621537135250,98621551790750,14655500,21790750,7135250,98621540000000,1,1,0
1,3630,98621540000000,98621552043500,98621565796375,13752875,25796375,12043500,98621550000000,1,1,1
1,3631,98621560000000,98621565966125,98621581855875,15889750,21855875,5966125,98621570000000,1,1,0
1,3633,98621570000000,98621582016375,98621597385875,15369500,27385875,12016375,98621580000000,1,1,1
1,3634,98621590000000,98621597542000,98621613412250,15870250,23412250,7542000,98621600000000,1,1,0
1,3636,98621600000000,98621613583500,98621629408875,15825375,29408875,13583500,98621610000000,1,1,1
1,3637,98621620000000,98621629565000,98621644764750,15199750,24764750,9565000,98621630000000,1,1,0
1,3639,98621630000000,98621644941500,98621659676625,14735125,29676625,14941500,98621640000000,1,1,1
1,3640,98621650000000,98621659869375,98621675202125,15332750,25202125,9869375,98621660000000,1,1,0
1,3642,98621660000000,98621675381250,98621691279750,15898500,31279750,15381250,98621670000000,1,1,1
1,3644,98621680000000,98621691446625,98621706891750,15445125,26891750,11446625,98621690000000,1,1,1
1,3645,98621700000000,98621707182625,98621723019125,15836500,23019125,7182625,98621710000000,1,1,0
1,3647,98621710000000,98621723213375,98621738530625,15317250,28530625,13213375,98621720000000,1,1,1
1,3648,98621730000000,98621738700500,98621753911000,15210500,23911000,8700500,98621740000000,1,1,0
1,3650,98621740000000,98621754077375,98621769936875,15859500,29936875,14077375,98621750000000,1,1,1
1,3652,98621760000000,98621770104625,98621785361000,15256375,25361000,10104625,98621770000000,1,1,1
1,3653,98621780000000,98621785527875,98621800206375,14678500,20206375,5527875,98621790000000,1,1,0
1,3655,98621790000000,98621800342625,98621816249875,15907250,26249875,10342625,98621800000000,1,1,1
1,3656,98621810000000,98621816396125,98621831774125,15378000,21774125,6396125,98621820000000,1,1,0
1,3658,98621820000000,98621831987250,98621847230375,15243125,27230375,11987250,98621830000000,1,1,1
1,3659,98621840000000,98621847414875,98621863286625,15871750,23286625,7414875,98621850000000,1,1,0
1,3661,98621850000000,98621863454875,98621879259750,15804875,29259750,13454875,98621860000000,1,1,1
1,3662,98621870000000,98621879607125,98621894198375,14591250,24198375,9607125,98621880000000,1,1,0
1,3664,98621880000000,98621894388750,98621909658125,15269375,29658125,14388750,98621890000000,1,1,1
1,3665,98621900000000,98621909941125,98621925910500,15969375,25910500,9941125,98621910000000,1,1,0
1,3667,98621910000000,98621926088000,98621940044000,13956000,30044000,16088000,98621920000000,1,1,1
1,3669,98621930000000,98621940196125,98621956096625,15900500,26096625,10196125,98621940000000,1,1,1
1,3670,98621950000000,98621956250250,98621972165375,15915125,22165375,6250250,98621960000000,1,1,0
1,3672,98621960000000,98621972316625,98621988175625,15859000,28175625,12316625,98621970000000,1,1,1
1,3673,98621980000000,98621988336625,98622003492875,15156250,23492875,8336625,98621990000000,1,1,0
1,3675,98621990000000,98622003759875,98622019679375,15919500,29679375,13759875,98622000000000,1,1,1
1,3676,98622010000000,98622019871625,98622035093250,15221625,25093250,9871625,98622020000000,1,1,0
1,3678,98622020000000,98622035280625,98622049946000,14665375,29946000,15280625,98622030000000,1,1,1
1,3680,98622040000000,98622050126125,98622065994875,15868750,25994875,10126125,98622050000000,1,1,1
1,3681,98622060000000,98622066161750,98622082093500,15931750,22093500,6161750,98622070000000,1,1,0
1,3683,98622070000000,98622082259250,98622098088500,15829250,28088500,12259250,98622080000000,1,1,1
1,3684,98622090000000,98622098244125,98622113575625,15331500,23575625,8244125,98622100000000,1,1,0
1,3686,98622100000000,98622113740625,98622128346000,14605375,28346000,13740625,98622110000000,1,1,1
1,3687,98622120000000,98622128499125,98622143696500,15197375,23696500,8499125,98622130000000,1,1,0
1,3689,98622130000000,98622143873250,98622159238125,15364875,29238125,13873250,98622140000000,1,1,1
1,3691,98622150000000,98622160204375,98622175489500,15285125,25489500,10204375,98622160000000,1,1,1
1,3692,98622170000000,98622175812000,98622191198625,15386625,21198625,5812000,98622180000000,1,1,0
1,3694,98622180000000,98622191396750,98622207273750,15877000,27273750,11396750,98622190000000,1,1,1
1,3695,98622200000000,98622207430375,98622222648625,15218250,22648625,7430375,98622210000000,1,1,0
1,3697,98622210000000,98622222820375,98622237217875,14397500,27217875,12820375,98622220000000,1,1,1
1,3698,98622230000000,98622237371125,98622253223750,15852625,23223750,7371125,98622240000000,1,1,0
1,3700,98622240000000,98622253379375,98622269319375,15940000,29319375,13379375,98622250000000,1,1,1
1,3701,98622260000000,98622269450625,98622285387625,15937000,25387625,9450625,98622270000000,1,1,0
1,3703,98622270000000,98622285544750,98622301486875,15942125,31486875,15544750,98622280000000,1,1,1
1,3705,98622290000000,98622301753750,98622316929500,15175750,26929500,11753750,98622300000000,1,1,1
1,3706,98622310000000,98622317105125,98622333010500,15905375,23010500,7105125,98622320000000,1,1,0
1,3708,98622320000000,98622333180250,98622349087625,15907375,29087625,13180250,98622330000000,1,1,1
1,3709,98622340000000,98622349236375,98622364536625,15300250,24536625,9236375,98622350000000,1,1,0
1,3711,98622350000000,98622364690375,98622380584500,15894125,30584500,14690375,98622360000000,1,1,1
1,3713,98622370000000,98622380735250,98622395976500,15241250,25976500,10735250,98622380000000,1,1,1
1,3714,98622390000000,98622396153000,98622411343500,15190500,21343500,6153000,98622400000000,1,1,0
1,3716,98622400000000,98622411499750,98622427411375,15911625,27411375,11499750,98622410000000,1,1,1
1,3717,98622420000000,98622427597750,98622443503125,15905375,23503125,7597750,98622430000000,1,1,0
1,3719,98622430000000,98622443774375,98622459247875,15473500,29247875,13774375,98622440000000,1,1,1
1,3720,98622450000000,98622459458125,98622475313750,15855625,25313750,9458125,98622460000000,1,1,0
1,3722,98622460000000,98622475493250,98622490091750,14598500,30091750,15493250,98622470000000,1,1,1
1,3724,98622480000000,98622490361125,98622505347625,14986500,25347625,10361125,98622490000000,1,1,1
1,3725,98622500000000,98622505524875,98622520753250,15228375,20753250,5524875,98622510000000,1,1,0
1,3727,98622510000000,98622520914250,98622536318000,15403750,26318000,10914250,98622520000000,1,1,1
1,3728,98622530000000,98622536477500,98622551739750,15262250,21739750,6477500,98622540000000,1,1,0
1,3730,98622540000000,98622552069125,98622566976000,14906875,26976000,12069125,98622550000000,1,1,1
1,3731,98622560000000,98622567168750,98622583053625,15884875,23053625,7168750,98622570000000,1,1,0
1,3733,98622570000000,98622583219000,98622598401625,15182625,28401625,13219000,98622580000000,1,1,1
1,3734,98622590000000,98622598574375,98622613691625,15117250,23691625,8574375,98622600000000,1,1,0
1,3736,98622600000000,98622613832625,98622629776500,15943875,29776500,13832625,98622610000000,1,1,1
1,3737,98622620000000,98622629942500,98622645578500,15636000,25578500,9942500,98622630000000,1,1,0
1,3739,98622630000000,98622645748375,98622661593125,15844750,31593125,15748375,98622640000000,1,1,1
1,3741,98622650000000,98622661750625,98622676999750,15249125,26999750,11750625,98622660000000,1,1,1
1,3742,98622670000000,98622677166625,98622691777750,14611125,21777750,7166625,98622680000000,1,1,0
1,3744,98622680000000,98622691968500,98622707331750,15363250,27331750,11968500,98622690000000,1,1,1
1,3745,98622700000000,98622707517125,98622723458125,15941000,23458125,7517125,98622710000000,1,1,0
1,3747,98622710000000,98622723642125,98622739524875,15882750,29524875,13642125,98622720000000,1,1,1
1,3748,98622730000000,98622739706000,98622755528375,15822375,25528375,9706000,98622740000000,1,1,0
1,3750,98622740000000,98622755869000,98622771104375,15235375,31104375,15869000,98622750000000,1,1,1
1,3752,98622760000000,98622771307750,98622786544625,15236875,26544625,11307750,98622770000000,1,1,1
1,3753,98622780000000,98622786825750,98622802788625,15962875,22788625,6825750,98622790000000,1,1,0
1,3755,98622790000000,98622803700625,98622819946125,16245500,29946125,13700625,98622800000000,1,1,1
1,3757,98622810000000,98622820217375,98622836043750,15826375,26043750,10217375,98622820000000,1,1,1
1,3758,98622830000000,98622836201750,98622850795375,14593625,20795375,6201750,98622840000000,1,1,0
1,3760,98622840000000,98622850988250,98622866791000,15802750,26791000,10988250,98622850000000,1,1,1
1,3761,98622860000000,98622867135500,98622883006625,15871125,23006625,7135500,98622870000000,1,1,0
1,3763,98622870000000,98622883190625,98622897805750,14615125,27805750,13190625,98622880000000,1,1,1
1,3764,98622890000000,98622897975500,98622914072125,16096625,24072125,7975500,98622900000000,1,1,0
1,3766,98622900000000,98622914244875,98622929786250,15541375,29786250,14244875,98622910000000,1,1,1
1,3767,98622920000000,98622929962875,98622944087625,14124750,24087625,9962875,98622930000000,1,1,0
1,3769,98622930000000,98622944256375,98622960183750,15927375,30183750,14256375,98622940000000,1,1,1
1,3771,98622950000000,98622960446250,98622975870375,15424125,25870375,10446250,98622960000000,1,1,1
1,3772,98622970000000,98622976052875,98622991276500,15223625,21276500,6052875,98622980000000,1,1,0
1,3774,98622980000000,98622991465250,98623006209250,14744000,26209250,11465250,98622990000000,1,1,1
1,3775,98623000000000,98623006475250,98623021150375,14675125,21150375,6475250,98623010000000,1,1,0
1,3777,98623010000000,98623021311750,98623036677875,15366125,26677875,11311750,98623020000000,1,1,1
1,3778,98623030000000,98623036845250,98623052706250,15861000,22706250,6845250,98623040000000,1,1,0
1,3780,98623040000000,98623052857625,98623067428250,14570625,27428250,12857625,98623050000000,1,1,1
1,3781,98623060000000,98623067608375,98623083544000,15935625,23544000,7608375,98623070000000,1,1,0
1,3783,98623070000000,98623083854750,98623099723500,15868750,29723500,13854750,98623080000000,1,1,1
1,3784,98623090000000,98623099924000,98623115130500,15206500,25130500,9924000,98623100000000,1,1,0
1,3786,98623100000000,98623115312125,98623129704250,14392125,29704250,15312125,98623110000000,1,1,1
1,3787,98623120000000,98623129868625,98623145704125,15835500,25704125,9868625,98623130000000,1,1,0
1,3789,98623130000000,98623145867125,98623161026875,15159750,31026875,15867125,98623140000000,1,1,1
1,3791,98623150000000,98623161160625,98623177035625,15875000,27035625,11160625,98623160000000,1,1,1
1,3792,98623170000000,98623177194750,98623192498875,15304125,22498875,7194750,98623180000000,1,1,0
1,3794,98623180000000,98623192654000,98623207413500,14759500,27413500,12654000,98623190000000,1,1,1
1,3795,98623200000000,98623207588750,98623223457500,15868750,23457500,7588750,98623210000000,1,1,0
1,3797,98623210000000,98623223602375,98623238852500,15250125,28852500,13602375,98623220000000,1,1,1
1,3798,98623230000000,98623239022250,98623254244375,15222125,24244375,9022250,98623240000000,1,1,0
1,3800,98623240000000,98623254539625,98623270492250,15952625,30492250,14539625,98623250000000,1,1,1
1,3802,98623260000000,98623270696250,98623285394250,14698000,25394250,10696250,98623270000000,1,1,1
1,3803,98623280000000,98623285568500,98623301368125,15799625,21368125,5568500,98623290000000,1,1,0
1,3805,98623290000000,98623301533375,98623317055250,15521875,27055250,11533375,98623300000000,1,1,1
1,3806,98623310000000,98623317227375,98623333145875,15918500,23145875,7227375,98623320000000,1,1,0
1,3808,98623320000000,98623333317625,98623348457875,15140250,28457875,13317625,98623330000000,1,1,1
1,3809,98623340000000,98623348604625,98623363918000,15313375,23918000,8604625,98623350000000,1,1,0
1,3811,98623350000000,98623364167500,98623380063000,15895500,30063000,14167500,98623360000000,1,1,1
1,3813,98623370000000,98623380217250,98623394493250,14276000,24493250,10217250,98623380000000,1,1,1
1,3814,98623390000000,98623394663000,98623409991500,15328500,19991500,4663000,98623400000000,1,0,0
1,3816,98623400000000,98623410147250,98623426096375,15949125,26096375,10147250,98623410000000,1,1,1
1,3817,98623420000000,98623426256000,98623441405500,15149500,21405500,6256000,98623430000000,1,1,0
1,3819,98623430000000,98623442319875,98623457628000,15308125,27628000,12319875,98623440000000,1,1,1
1,3820,98623450000000,98623457780250,98623473041875,15261625,23041875,7780250,98623460000000,1,1,0
1,3822,98623460000000,98623473217125,98623488423125,15206000,28423125,13217125,98623470000000,1,1,1
1,3823,98623480000000,98623488592500,98623504454375,15861875,24454375,8592500,98623490000000,1,1,0
1,3825,98623490000000,98623504611500,98623520407500,15796000,30407500,14611500,98623500000000,1,1,1
1,3827,98623510000000,98623520534375,98623534644375,14110000,24644375,10534375,98623520000000,1,1,1
1,3828,98623530000000,98623534824000,98623550714250,15890250,20714250,4824000,98623540000000,1,0,0
1,3830,98623540000000,98623551002500,98623566907375,15904875,26907375,11002500,98623550000000,1,1,1
1,3831,98623560000000,98623567103125,98623581616750,14513625,21616750,7103125,98623570000000,1,1,0
1,3833,98623570000000,98623581745250,98623596973125,15227875,26973125,11745250,98623580000000,1,1,1
1,3834,98623590000000,98623597137000,98623612287875,15150875,22287875,7137000,98623600000000,1,1,0
1,3836,98623600000000,98623613137125,98623627687750,14550625,27687750,13137125,98623610000000,1,1,1
1,3837,98623620000000,98623627874125,98623643029375,15155250,23029375,7874125,98623630000000,1,1,0
1,3839,98623630000000,98623643316875,98623658020875,14704000,28020875,13316875,98623640000000,1,1,1
1,3840,98623650000000,98623658197875,98623673856875,15659000,23856875,8197875,98623660000000,1,1,0
1,3842,98623660000000,98623674121750,98623689580625,15458875,29580625,14121750,98623670000000,1,1,1
1,3843,98623680000000,98623689765000,98623704311375,14546375,24311375,9765000,98623690000000,1,1,0
1,3845,98623690000000,98623704571375,98623720450375,15879000,30450375,14571375,98623700000000,1,1,1
1,3847,98623710000000,98623720631500,98623736558125,15926625,26558125,10631500,98623720000000,1,1,1
1,3848,98623730000000,98623736727000,98623752567500,15840500,22567500,6727000,98623740000000,1,1,0
1,3850,98623740000000,98623752729500,98623768562625,15833125,28562625,12729500,98623750000000,1,1,1
1,3851,98623760000000,98623768710000,98623784016750,15306750,24016750,8710000,98623770000000,1,1,0
1,3853,98623770000000,98623784171250,98623799383125,15211875,29383125,14171250,98623780000000,1,1,1
1,3854,98623790000000,98623799567625,98623814764500,15196875,24764500,9567625,98623800000000,1,1,0
1,3856,98623800000000,98623814962000,98623830899500,15937500,30899500,14962000,98623810000000,1,1,1
1,3858,98623820000000,98623831098125,98623846779500,15681375,26779500,11098125,98623830000000,1,1,1
1,3859,98623840000000,98623846925000,98623862714125,15789125,22714125,6925000,98623850000000,1,1,0
1,3861,98623850000000,98623862874625,98623878076375,15201750,28076375,12874625,98623860000000,1,1,1
1,3862,98623870000000,98623878239250,98623892930000,14690750,22930000,8239250,98623880000000,1,1,0
1,3864,98623880000000,98623893088125,98623908976875,15888750,28976875,13088125,98623890000000,1,1,1
1,3865,98623900000000,98623909146250,98623924953000,15806750,24953000,9146250,98623910000000,1,1,0
1,3867,98623910000000,98623925107250,98623940996875,15889625,30996875,15107250,98623920000000,1,1,1
1,3869,98623930000000,98623941157875,98623957092500,15934625,27092500,11157875,98623940000000,1,1,1
1,3870,98623950000000,98623957249625,98623972953875,15704250,22953875,7249625,98623960000000,1,1,0
1,3872,98623960000000,98623973121250,98623988486500,15365250,28486500,13121250,98623970000000,1,1,1
1,3873,98623980000000,98623988748500,98624003985375,15236875,23985375,8748500,98623990000000,1,1,0
1,3875,98623990000000,98624004183875,98624019980375,15796500,29980375,14183875,98624000000000,1,1,1
1,3877,98624010000000,98624020167750,98624036071375,15903625,26071375,10167750,98624020000000,1,1,1
1,3878,98624030000000,98624036209750,98624052039250,15829500,22039250,6209750,98624040000000,1,1,0
1,3880,98624040000000,98624052194125,98624067467000,15272875,27467000,12194125,98624050000000,1,1,1
1,3881,98624060000000,98624067652500,98624083582125,15929625,23582125,7652500,98624070000000,1,1,0
1,3883,98624070000000,98624084539125,98624099721750,15182625,29721750,14539125,98624080000000,1,1,1
1,3885,98624090000000,98624100602000,98624115756000,15154000,25756000,10602000,98624100000000,1,1,1
1,3886,98624110000000,98624115952625,98624131353750,15401125,21353750,5952625,98624120000000,1,1,0
1,3888,98624120000000,98624131508000,98624146750625,15242625,26750625,11508000,98624130000000,1,1,1
1,3889,98624140000000,98624146930750,98624162765750,15835000,22765750,6930750,98624150000000,1,1,0
1,3891,98624150000000,98624162924750,98624177716500,14791750,27716500,12924750,98624160000000,1,1,1
1,3892,98624170000000,98624177882000,98624193048625,15166625,23048625,7882000,98624180000000,1,1,0
1,3894,98624180000000,98624193199250,98624208417125,15217875,28417125,13199250,98624190000000,1,1,1
1,3895,98624200000000,98624208577125,98624224460000,15882875,24460000,8577125,98624210000000,1,1,0
1,3897,98624210000000,98624224734375,98624240712375,15978000,30712375,14734375,98624220000000,1,1,1
1,3899,98624230000000,98624240830375,98624256739625,15909250,26739625,10830375,98624240000000,1,1,1
1,3900,98624250000000,98624256900750,98624272829875,15929125,22829875,6900750,98624260000000,1,1,0
1,3902,98624260000000,98624272991875,98624288833750,15841875,28833750,12991875,98624270000000,1,1,1
1,3903,98624280000000,98624288998750,98624304188250,15189500,24188250,8998750,98624290000000,1,1,0
1,3905,98624290000000,98624304433750,98624320363875,15930125,30363875,14433750,98624300000000,1,1,1
1,3907,98624310000000,98624320542500,98624336525375,15982875,26525375,10542500,98624320000000,1,1,1
1,3908,98624330000000,98624336705375,98624351848125,15142750,21848125,6705375,98624340000000,1,1,0
1,3910,98624340000000,98624352048250,98624367902750,15854500,27902750,12048250,98624350000000,1,1,1
1,3911,98624360000000,98624368186750,98624384071125,15884375,24071125,8186750,98624370000000,1,1,0
1,3913,98624370000000,98624384238375,98624399404500,15166125,29404500,14238375,98624380000000,1,1,1
1,3914,98624390000000,98624399578375,98624415420125,15841750,25420125,9578375,98624400000000,1,1,0
1,3916,98624400000000,98624415590375,98624431467375,15877000,31467375,15590375,98624410000000,1,1,1
1,3918,98624420000000,98624431638125,98624446922250,15284125,26922250,11638125,98624430000000,1,1,1
1,3919,98624440000000,98624447115125,98624462995500,15880375,22995500,7115125,98624450000000,1,1,0
1,3921,98624450000000,98624463287375,98624479205875,15918500,29205875,13287375,98624460000000,1,1,1
1,3922,98624470000000,98624479393250,98624494990625,15597375,24990625,9393250,98624480000000,1,1,0
1,3924,98624480000000,98624495257625,98624510451875,15194250,30451875,15257625,98624490000000,1,1,1
1,3926,98624500000000,98624510632000,98624525906875,15274875,25906875,10632000,98624510000000,1,1,1
1,3927,98624520000000,98624526088875,98624541900500,15811625,21900500,6088875,98624530000000,1,1,0
1,3929,98624530000000,98624542052750,98624557959000,15906250,27959000,12052750,98624540000000,1,1,1
1,3930,98624550000000,98624558136625,98624573412125,15275500,23412125,8136625,98624560000000,1,1,0
1,3932,98624560000000,98624573585250,98624589490625,15905375,29490625,13585250,98624570000000,1,1,1
1,3933,98624580000000,98624589756500,98624605005000,15248500,25005000,9756500,98624590000000,1,1,0
1,3935,98624590000000,98624605128500,98624621059250,15930750,31059250,15128500,98624600000000,1,1,1
1,3937,98624610000000,98624621230875,98624637084500,15853625,27084500,11230875,98624620000000,1,1,1
1,3938,98624630000000,98624637229375,98624652499375,15270000,22499375,7229375,98624640000000,1,1,0
1,3940,98624640000000,98624652641875,98624668552250,15910375,28552250,12641875,98624650000000,1,1,1
1,3941,98624660000000,98624668700875,98624684617125,15916250,24617125,8700875,98624670000000,1,1,0
1,3943,98624670000000,98624684771250,98624700604875,15833625,30604875,14771250,98624680000000,1,1,1
1,3945,98624690000000,98624700754125,98624715951500,15197375,25951500,10754125,98624700000000,1,1,1
1,3946,98624710000000,98624716132500,98624732058250,15925750,22058250,6132500,98624720000000,1,1,0
1,3948,98624720000000,98624732933750,98624748352500,15418750,28352500,12933750,98624730000000,1,1,1
1,3949,98624740000000,98624748510125,98624764339375,15829250,24339375,8510125,98624750000000,1,1,0
1,3951,98624750000000,98624764500375,98624780383250,15882875,30383250,14500375,98624760000000,1,1,1
1,3953,98624770000000,98624780551625,98624795381000,14829375,25381000,10551625,98624780000000,1,1,1
1,3954,98624790000000,98624795569750,98624810689500,15119750,20689500,5569750,98624800000000,1,1,0
1,3956,98624800000000,98624810852375,98624826743625,15891250,26743625,10852375,98624810000000,1,1,1
1,3957,98624820000000,98624826889000,98624841975000,15086000,21975000,6889000,98624830000000,1,1,0
1,3959,98624830000000,98624842264375,98624857904375,15640000,27904375,12264375,98624840000000,1,1,1
1,3960,98624850000000,98624858077000,98624873967250,15890250,23967250,8077000,98624860000000,1,1,0
1,3962,98624860000000,98624874147750,98624889996500,15848750,29996500,14147750,98624870000000,1,1,1
1,3964,98624880000000,98624890156500,98624905075625,14919125,25075625,10156500,98624890000000,1,1,1
1,3965,98624900000000,98624905230500,98624920485625,15255125,20485625,5230500,98624910000000,1,1,0
1,3967,98624910000000,98624920633125,98624936836500,16203375,26836500,10633125,98624920000000,1,1,1
1,3968,98624930000000,98624937005875,98624952848375,15842500,22848375,7005875,98624940000000,1,1,0
1,3970,98624940000000,98624953018125,98624968881875,15863750,28881875,13018125,98624950000000,1,1,1
1,3971,98624960000000,98624969023125,98624984902000,15878875,24902000,9023125,98624970000000,1,1,0
1,3973,98624970000000,98624985042000,98625000847750,15805750,30847750,15042000,98624980000000,1,1,1
1,3975,98624990000000,98625000972250,98625016143625,15171375,26143625,10972250,98625000000000,1,1,1
1,3976,98625010000000,98625016293375,98625032179250,15885875,22179250,6293375,98625020000000,1,1,0
1,3978,98625020000000,98625032334375,98625048199250,15864875,28199250,12334375,98625030000000,1,1,1
1,3979,98625040000000,98625048370000,98625064245250,15875250,24245250,8370000,98625050000000,1,1,0
1,3981,98625050000000,98625064415000,98625080277875,15862875,30277875,14415000,98625060000000,1,1,1
1,3983,98625070000000,98625080432000,98625096334875,15902875,26334875,10432000,98625080000000,1,1,1
1,3984,98625090000000,98625096495375,98625111759000,15263625,21759000,6495375,98625100000000,1,1,0
1,3986,98625100000000,98625111943000,98625126763625,14820625,26763625,11943000,98625110000000,1,1,1
1,3987,98625120000000,98625126947500,98625142850875,15903375,22850875,6947500,98625130000000,1,1,0
1,3989,98625130000000,98625143027500,98625158878750,15851250,28878750,13027500,98625140000000,1,1,1
1,3990,98625150000000,98625159051875,98625174910000,15858125,24910000,9051875,98625160000000,1,1,0
1,3992,98625160000000,98625175074375,98625190965125,15890750,30965125,15074375,98625170000000,1,1,1
1,3994,98625180000000,98625191141250,98625207039750,15898500,27039750,11141250,98625190000000,1,1,1
1,3995,98625200000000,98625207202250,98625222425375,15223125,22425375,7202250,98625210000000,1,1,0
1,3997,98625210000000,98625222592250,98625238435125,15842875,28435125,12592250,98625220000000,1,1,1
1,3998,98625230000000,98625238599500,98625253395250,14795750,23395250,8599500,98625240000000,1,1,0
1,4000,98625240000000,98625253556750,98625268737375,15180625,28737375,13556750,98625250000000,1,1,1
1,4001,98625260000000,98625268894500,98625284152750,15258250,24152750,8894500,98625270000000,1,1,0
1,4003,98625270000000,98625284316250,98625299445875,15129625,29445875,14316250,98625280000000,1,1,1
1,4004,98625290000000,98625299625250,98625315479875,15854625,25479875,9625250,98625300000000,1,1,0
1,4006,98625300000000,98625315638500,98625331035250,15396750,31035250,15638500,98625310000000,1,1,1
1,4008,98625320000000,98625331211500,98625346515125,15303625,26515125,11211500,98625330000000,1,1,1
1,4009,98625340000000,98625346687875,98625362284250,15596375,22284250,6687875,98625350000000,1,1,0
1,4011,98625350000000,98625362471250,98625378378500,15907250,28378500,12471250,98625360000000,1,1,1
1,4012,98625370000000,98625378539500,98625394415125,15875625,24415125,8539500,98625380000000,1,1,0
1,4014,98625380000000,98625395332000,98625409901750,14569750,29901750,15332000,98625390000000,1,1,1
1,4016,98625400000000,98625410063250,98625424646125,14582875,24646125,10063250,98625410000000,1,1,1
1,4017,98625420000000,98625424921875,98625440803250,15881375,20803250,4921875,98625430000000,1,0,0
1,4019,98625430000000,98625440984250,98625456921875,15937625,26921875,10984250,98625440000000,1,1,1
1,4020,98625450000000,98625457091625,98625472977000,15885375,22977000,7091625,98625460000000,1,1,0
1,4022,98625460000000,98625473132125,98625488980375,15848250,28980375,13132125,98625470000000,1,1,1
1,4023,98625480000000,98625489241500,98625504476750,15235250,24476750,9241500,98625490000000,1,1,0
1,4025,98625490000000,98625504665625,98625520572000,15906375,30572000,14665625,98625500000000,1,1,1
1,4027,98625510000000,98625520737375,98625536649125,15911750,26649125,10737375,98625520000000,1,1,1
1,4028,98625530000000,98625536800750,98625551436500,14635750,21436500,6800750,98625540000000,1,1,0
1,4030,98625540000000,98625551623500,98625566395625,14772125,26395625,11623500,98625550000000,1,1,1
1,4031,98625560000000,98625566557000,98625581914750,15357750,21914750,6557000,98625570000000,1,1,0
1,4033,98625570000000,98625582093000,98625597282875,15189875,27282875,12093000,98625580000000,1,1,1
1,4034,98625590000000,98625597449375,98625613324375,15875000,23324375,7449375,98625600000000,1,1,0
1,4036,98625600000000,98625613484000,98625629454625,15970625,29454625,13484000,98625610000000,1,1,1
1,4037,98625620000000,98625629606375,98625645279000,15672625,25279000,9606375,98625630000000,1,1,0
1,4039,98625630000000,98625645474125,98625661339000,15864875,31339000,15474125,98625640000000,1,1,1
1,4041,98625650000000,98625661485875,98625677353625,15867750,27353625,11485875,98625660000000,1,1,1
1,4042,98625670000000,98625677509250,98625692733000,15223750,22733000,7509250,98625680000000,1,1,0
1,4044,98625680000000,98625692891500,98625708824125,15932625,28824125,12891500,98625690000000,1,1,1
1,4045,98625700000000,98625708991625,98625724176500,15184875,24176500,8991625,98625710000000,1,1,0
1,4047,98625710000000,98625724331250,98625739115750,14784500,29115750,14331250,98625720000000,1,1,1
1,4048,98625730000000,98625739404625,98625755356375,15951750,25356375,9404625,98625740000000,1,1,0
1,4050,98625740000000,98625755549500,98625770117250,14567750,30117250,15549500,98625750000000,1,1,1
1,4052,98625760000000,98625770282250,98625783664750,13382500,23664750,10282250,98625770000000,1,1,1
1,4053,98625780000000,98625783867125,98625799758500,15891375,19758500,3867125,98625790000000,1,0,0
1,4054,98625790000000,98625799940875,98625815746250,15805375,25746250,9940875,98625800000000,1,1,0
1,4056,98625800000000,98625815924375,98625831400250,15475875,31400250,15924375,98625810000000,1,1,1
1,4058,98625820000000,98625831609625,98625847481250,15871625,27481250,11609625,98625830000000,1,1,1
1,4059,98625840000000,98625847652000,98625863564125,15912125,23564125,7652000,98625850000000,1,1,0
1,4061,98625850000000,98625863732125,98625877988000,14255875,27988000,13732125,98625860000000,1,1,1
1,4062,98625870000000,98625878155750,98625894072875,15917125,24072875,8155750,98625880000000,1,1,0
1,4064,98625880000000,98625894242750,98625910135750,15893000,30135750,14242750,98625890000000,1,1,1
1,4066,98625900000000,98625910269000,98625926154375,15885375,26154375,10269000,98625910000000,1,1,1
1,4067,98625920000000,98625926414000,98625942274500,15860500,22274500,6414000,98625930000000,1,1,0
1,4069,98625930000000,98625942453000,98625958336875,15883875,28336875,12453000,98625940000000,1,1,1
1,4070,98625950000000,98625958497875,98625973705500,15207625,23705500,8497875,98625960000000,1,1,0
1,4072,98625960000000,98625973861625,98625989796125,15934500,29796125,13861625,98625970000000,1,1,1
1,4073,98625980000000,98625989960500,98626005532750,15572250,25532750,9960500,98625990000000,1,1,0
1,4075,98625990000000,98626005693125,98626020439000,14745875,30439000,15693125,98626000000000,1,1,1
1,4077,98626010000000,98626020612750,98626036463000,15850250,26463000,10612750,98626020000000,1,1,1
1,4079,98626030000000,98626041905500,98626057469625,15564125,27469625,11905500,98626040000000,1,1,1
1,4080,98626050000000,98626057680125,98626073035000,15354875,23035000,7680125,98626060000000,1,1,0
1,4082,98626060000000,98626073203125,98626089133875,15930750,29133875,13203125,98626070000000,1,1,1
1,4083,98626080000000,98626089293625,98626103772500,14478875,23772500,9293625,98626090000000,1,1,0
1,4085,98626090000000,98626103954500,98626119814375,15859875,29814375,13954500,98626100000000,1,1,1
1,4086,98626110000000,98626119985250,98626135863125,15877875,25863125,9985250,98626120000000,1,1,0
1,4088,98626120000000,98626136046625,98626151152250,15105625,31152250,16046625,98626130000000,1,1,1
1,4090,98626140000000,98626151323500,98626167201625,15878125,27201625,11323500,98626150000000,1,1,1
1,4091,98626160000000,98626167369875,98626182838500,15468625,22838500,7369875,98626170000000,1,1,0
1,4093,98626170000000,98626183008250,98626198203625,15195375,28203625,13008250,98626180000000,1,1,1
1,4094,98626190000000,98626198367500,98626214187375,15819875,24187375,8367500,98626200000000,1,1,0
1,4096,98626200000000,98626214480250,98626230363625,15883375,30363625,14480250,98626210000000,1,1,1
1,4098,98626220000000,98626230540750,98626246428000,15887250,26428000,10540750,98626230000000,1,1,1
1,4099,98626240000000,98626246605625,98626261210500,14604875,21210500,6605625,98626250000000,1,1,0
1,4101,98626250000000,98626261364875,98626277245375,15880500,27245375,11364875,98626260000000,1,1,1
1,4102,98626270000000,98626277403250,98626292615125,15211875,22615125,7403250,98626280000000,1,1,0
1,4104,98626280000000,98626292777625,98626308749375,15971750,28749375,12777625,98626290000000,1,1,1
1,4105,98626300000000,98626308913250,98626324776750,15863500,24776750,8913250,98626310000000,1,1,0
1,4107,98626310000000,98626324933375,98626340868000,15934625,30868000,14933375,98626320000000,1,1,1
1,4109,98626330000000,98626341015750,98626356881000,15865250,26881000,11015750,98626340000000,1,1,1
1,4110,98626350000000,98626357029875,98626372886000,15856125,22886000,7029875,98626360000000,1,1,0
1,4112,98626360000000,98626373041625,98626388286750,15245125,28286750,13041625,98626370000000,1,1,1
1,4113,98626380000000,98626388524250,98626403750875,15226625,23750875,8524250,98626390000000,1,1,0
1,4115,98626390000000,98626403952500,98626419818750,15866250,29818750,13952500,98626400000000,1,1,1
1,4117,98626410000000,98626420117375,98626435415250,15297875,25415250,10117375,98626420000000,1,1,1
1,4118,98626430000000,98626435613250,98626451022875,15409625,21022875,5613250,98626440000000,1,1,0
1,4120,98626440000000,98626451210250,98626466646625,15436375,26646625,11210250,98626450000000,1,1,1
1,4121,98626460000000,98626466813000,98626482714000,15901000,22714000,6813000,98626470000000,1,1,0
1,4123,98626470000000,98626482885625,98626497172875,14287250,27172875,12885625,98626480000000,1,1,1
1,4124,98626490000000,98626497332875,98626513204625,15871750,23204625,7332875,98626500000000,1,1,0
1,4126,98626500000000,98626513365625,98626529126000,15760375,29126000,13365625,98626510000000,1,1,1
1,4127,98626520000000,98626529251375,98626545035250,15783875,25035250,9251375,98626530000000,1,1,0
1,4129,98626530000000,98626545178750,98626560972250,15793500,30972250,15178750,98626540000000,1,1,1
1,4131,98626550000000,98626561141625,98626575853875,14712250,25853875,11141625,98626560000000,1,1,1
1,4132,98626570000000,98626576052375,98626591089125,15036750,21089125,6052375,98626580000000,1,1,0
1,4134,98626580000000,98626591264375,98626607210250,15945875,27210250,11264375,98626590000000,1,1,1
1,4135,98626600000000,98626607398500,98626623230250,15831750,23230250,7398500,98626610000000,1,1,0
1,4137,98626610000000,98626623402000,98626639226750,15824750,29226750,13402000,98626620000000,1,1,1
1,4138,98626630000000,98626639384375,98626655288750,15904375,25288750,9384375,98626640000000,1,1,0
1,4140,98626640000000,98626655429250,98626670385500,14956250,30385500,15429250,98626650000000,1,1,1
1,4142,98626660000000,98626670556375,98626685052250,14495875,25052250,10556375,98626670000000,1,1,1
1,4143,98626680000000,98626685950750,98626701813625,15862875,21813625,5950750,98626690000000,1,1,0
1,4145,98626690000000,98626701987750,98626717339750,15352000,27339750,11987750,98626700000000,1,1,1
1,4146,98626710000000,98626717522750,98626733247500,15724750,23247500,7522750,98626720000000,1,1,0
1,4148,98626720000000,98626733414375,98626749330875,15916500,29330875,13414375,98626730000000,1,1,1
1,4149,98626740000000,98626749500250,98626765358250,15858000,25358250,9500250,98626750000000,1,1,0
1,4151,98626750000000,98626765506000,98626779014875,13508875,29014875,15506000,98626760000000,1,1,1
1,4152,98626770000000,98626779197500,98626794568875,15371375,24568875,9197500,98626780000000,1,1,0
1,4154,98626780000000,98626794741625,98626810584125,15842500,30584125,14741625,98626790000000,1,1,1
1,4156,98626800000000,98626810754375,98626826516250,15761875,26516250,10754375,98626810000000,1,1,1
1,4157,98626820000000,98626826736750,98626842650875,15914125,22650875,6736750,98626830000000,1,1,0
1,4159,98626830000000,98626842829875,98626858501125,15671250,28501125,12829875,98626840000000,1,1,1
1,4160,98626850000000,98626858660625,98626873845750,15185125,23845750,8660625,98626860000000,1,1,0
1,4162,98626860000000,98626874013000,98626889905250,15892250,29905250,14013000,98626870000000,1,1,1
1,4164,98626880000000,98626890075500,98626905959875,15884375,25959875,10075500,98626890000000,1,1,1
1,4165,98626900000000,98626906114750,98626921410875,15296125,21410875,6114750,98626910000000,1,1,0
1,4167,98626910000000,98626921565500,98626935720500,14155000,25720500,11565500,98626920000000,1,1,1
1,4168,98626930000000,98626935911375,98626951503875,15592500,21503875,5911375,98626940000000,1,1,0
1,4170,98626940000000,98626951697125,98626966692875,14995750,26692875,11697125,98626950000000,1,1,1
1,4171,98626960000000,98626966903625,98626982792875,15889250,22792875,6903625,98626970000000,1,1,0
1,4173,98626970000000,98626982984125,98626998859750,15875625,28859750,12984125,98626980000000,1,1,1
1,4174,98626990000000,98626999032375,98627014953875,15921500,24953875,9032375,98627000000000,1,1,0
1,4176,98627000000000,98627015131000,98627029805125,14674125,29805125,15131000,98627010000000,1,1,1
1,4177,98627020000000,98627029968125,98627045119625,15151500,25119625,9968125,98627030000000,1,1,0
1,4179,98627030000000,98627045288875,98627060500750,15211875,30500750,15288875,98627040000000,1,1,1
1,4181,98627050000000,98627060655500,98627076670000,16014500,26670000,10655500,98627060000000,1,1,1
1,4182,98627070000000,98627076845250,98627092700750,15855500,22700750,6845250,98627080000000,1,1,0
1,4184,98627080000000,98627092867250,98627108745750,15878500,28745750,12867250,98627090000000,1,1,1
1,4185,98627100000000,98627108896000,98627124826750,15930750,24826750,8896000,98627110000000,1,1,0
1,4187,98627110000000,98627125089375,98627140996625,15907250,30996625,15089375,98627120000000,1,1,1
1,4189,98627130000000,98627141176125,98627157064750,15888625,27064750,11176125,98627140000000,1,1,1
1,4190,98627150000000,98627157228875,98627172458250,15229375,22458250,7228875,98627160000000,1,1,0
1,4192,98627160000000,98627172610625,98627187394500,14783875,27394500,12610625,98627170000000,1,1,1
1,4193,98627180000000,98627187585750,98627203048500,15462750,23048500,7585750,98627190000000,1,1,0
1,4195,98627190000000,98627203231500,98627219097750,15866250,29097750,13231500,98627200000000,1,1,1
1,4196,98627210000000,98627219269000,98627234487250,15218250,24487250,9269000,98627220000000,1,1,0
1,4198,98627220000000,98627234649750,98627249883250,15233500,29883250,14649750,98627230000000,1,1,1
1,4200,98627240000000,98627250743500,98627264543625,13800125,24543625,10743500,98627250000000,1,1,1
1,4201,98627260000000,98627264706625,98627280586625,15880000,20586625,4706625,98627270000000,1,0,0
1,4203,98627270000000,98627280732000,98627294949875,14217875,24949875,10732000,98627280000000,1,1,1
1,4204,98627290000000,98627295133875,98627310318875,15185000,20318875,5133875,98627300000000,1,1,0
1,4206,98627300000000,98627310487375,98627326439875,15952500,26439875,10487375,98627310000000,1,1,1
1,4207,98627320000000,98627327406500,98627342655625,15249125,22655625,7406500,98627330000000,1,1,0
1,4209,98627330000000,98627342864500,98627358746875,15882375,28746875,12864500,98627340000000,1,1,1
1,4210,98627350000000,98627358914750,98627374449750,15535000,24449750,8914750,98627360000000,1,1,0
1,4212,98627360000000,98627374620000,98627389310750,14690750,29310750,14620000,98627370000000,1,1,1
1,4213,98627380000000,98627389471750,98627405376625,15904875,25376625,9471750,98627390000000,1,1,0
1,4215,98627390000000,98627405549250,98627421439125,15889875,31439125,15549250,98627400000000,1,1,1
1,4217,98627410000000,98627421602625,98627436791500,15188875,26791500,11602625,98627420000000,1,1,1
1,4218,98627430000000,98627436962250,98627452226500,15264250,22226500,6962250,98627440000000,1,1,0
1,4220,98627440000000,98627452382125,98627468224000,15841875,28224000,12382125,98627450000000,1,1,1
1,4221,98627460000000,98627468502125,98627483798000,15295875,23798000,8502125,98627470000000,1,1,0
1,4223,98627470000000,98627484026875,98627499888750,15861875,29888750,14026875,98627480000000,1,1,1
1,4225,98627490000000,98627500171750,98627516042500,15870750,26042500,10171750,98627500000000,1,1,1
1,4226,98627510000000,98627516210250,98627532106750,15896500,22106750,6210250,98627520000000,1,1,0
1,4228,98627520000000,98627532272750,98627547451500,15178750,27451500,12272750,98627530000000,1,1,1
1,4229,98627540000000,98627547625250,98627563462750,15837500,23462750,7625250,98627550000000,1,1,0
1,4231,98627550000000,98627563635875,98627578872250,15236375,28872250,13635875,98627560000000,1,1,1
1,4232,98627570000000,98627579060125,98627595021125,15961000,25021125,9060125,98627580000000,1,1,0
1,4234,98627580000000,98627595199750,98627611033750,15834000,31033750,15199750,98627590000000,1,1,1
1,4236,98627600000000,98627611374375,98627627161125,15786750,27161125,11374375,98627610000000,1,1,1
1,4237,98627620000000,98627627323625,98627642556000,15232375,22556000,7323625,98627630000000,1,1,0
1,4239,98627630000000,98627642727750,98627658059250,15331500,28059250,12727750,98627640000000,1,1,1
1,4240,98627650000000,98627658235875,98627674068500,15832625,24068500,8235875,98627660000000,1,1,0
1,4242,98627660000000,98627674343625,98627690289500,15945875,30289500,14343625,98627670000000,1,1,1
1,4244,98627680000000,98627690468625,98627705637250,15168625,25637250,10468625,98627690000000,1,1,1
1,4245,98627700000000,98627705804000,98627721691375,15887375,21691375,5804000,98627710000000,1,1,0
1,4247,98627710000000,98627721850875,98627736946125,15095250,26946125,11850875,98627720000000,1,1,1
1,4248,98627730000000,98627737106625,98627752393250,15286625,22393250,7106625,98627740000000,1,1,0
1,4250,98627740000000,98627752550875,98627768471000,15920125,28471000,12550875,98627750000000,1,1,1
1,4251,98627760000000,98627768617875,98627784477625,15859750,24477625,8617875,98627770000000,1,1,0
1,4253,98627770000000,98627784636250,98627799485500,14849250,29485500,14636250,98627780000000,1,1,1
1,4254,98627790000000,98627799679750,98627815602125,15922375,25602125,9679750,98627800000000,1,1,0
1,4256,98627800000000,98627815809625,98627830983375,15173750,30983375,15809625,98627810000000,1,1,1
1,4258,98627820000000,98627831148375,98627845554250,14405875,25554250,11148375,98627830000000,1,1,1
1,4259,98627840000000,98627845733750,98627861622375,15888625,21622375,5733750,98627850000000,1,1,0
1,4261,98627850000000,98627861787875,98627876169750,14381875,26169750,11787875,98627860000000,1,1,1
1,4262,98627870000000,98627876318125,98627892165250,15847125,22165250,6318125,98627880000000,1,1,0
1,4264,98627880000000,98627892320500,98627907734875,15414375,27734875,12320500,98627890000000,1,1,1
1,4265,98627900000000,98627908071125,98627923322125,15251000,23322125,8071125,98627910000000,1,1,0
1,4267,98627910000000,98627923522625,98627938712125,15189500,28712125,13522625,98627920000000,1,1,1
1,4268,98627930000000,98627938883875,98627954776500,15892625,24776500,8883875,98627940000000,1,1,0
1,4270,98627940000000,98627954958500,98627970844750,15886250,30844750,14958500,98627950000000,1,1,1
1,4272,98627960000000,98627971843750,98627987172250,15328500,27172250,11843750,98627970000000,1,1,1
1,4273,98627980000000,98627987498750,98628003381500,15882750,23381500,7498750,98627990000000,1,1,0
1,4275,98627990000000,98628003590875,98628018417375,14826500,28417375,13590875,98628000000000,1,1,1
1,4276,98628010000000,98628018601875,98628034551500,15949625,24551500,8601875,98628020000000,1,1,0
1,4278,98628020000000,98628034721875,98628050513500,15791625,30513500,14721875,98628030000000,1,1,1
1,4280,98628040000000,98628050651500,98628066518750,15867250,26518750,10651500,98628050000000,1,1,1
1,4281,98628060000000,98628066665625,98628082598875,15933250,22598875,6665625,98628070000000,1,1,0
1,4283,98628070000000,98628082884250,98628098194250,15310000,28194250,12884250,98628080000000,1,1,1
1,4284,98628090000000,98628098378750,98628114245000,15866250,24245000,8378750,98628100000000,1,1,0
1,4286,98628100000000,98628114408500,98628127794875,13386375,27794875,14408500,98628110000000,1,1,1
1,4287,98628120000000,98628127996375,98628143487000,15490625,23487000,7996375,98628130000000,1,1,0
1,4289,98628130000000,98628143683625,98628159546500,15862875,29546500,13683625,98628140000000,1,1,1
1,4290,98628150000000,98628159710000,98628175109250,15399250,25109250,9710000,98628160000000,1,1,0
1,4292,98628160000000,98628175293625,98628189236875,13943250,29236875,15293625,98628170000000,1,1,1
1,4293,98628180000000,98628189507750,98628204780125,15272375,24780125,9507750,98628190000000,1,1,0
1,4295,98628190000000,98628204967000,98628220721000,15754000,30721000,14967000,98628200000000,1,1,1
1,4297,98628210000000,98628220870875,98628236102750,15231875,26102750,10870875,98628220000000,1,1,1
1,4298,98628230000000,98628236259375,98628252144750,15885375,22144750,6259375,98628240000000,1,1,0
1,4300,98628240000000,98628252299875,98628268164250,15864375,28164250,12299875,98628250000000,1,1,1
1,4301,98628260000000,98628268320875,98628282475750,14154875,22475750,8320875,98628270000000,1,1,0
1,4303,98628270000000,98628282739250,98628297998125,15258875,27998125,12739250,98628280000000,1,1,1
1,4304,98628290000000,98628298181000,98628314056250,15875250,24056250,8181000,98628300000000,1,1,0
1,4306,98628300000000,98628314215250,98628330103500,15888250,30103500,14215250,98628310000000,1,1,1
1,4308,98628320000000,98628330277625,98628346173125,15895500,26173125,10277625,98628330000000,1,1,1
1,4309,98628340000000,98628346342500,98628361610125,15267625,21610125,6342500,98628350000000,1,1,0
1,4311,98628350000000,98628361776500,98628377678000,15901500,27678000,11776500,98628360000000,1,1,1
1,4312,98628370000000,98628377848750,98628391768000,13919250,21768000,7848750,98628380000000,1,1,0
1,4314,98628380000000,98628392081250,98628407912875,15831625,27912875,12081250,98628390000000,1,1,1
1,4315,98628400000000,98628408122250,98628423953500,15831250,23953500,8122250,98628410000000,1,1,0
1,4317,98628410000000,98628424134375,98628439990000,15855625,29990000,14134375,98628420000000,1,1,1
1,4319,98628430000000,98628440178875,98628456083250,15904375,26083250,10178875,98628440000000,1,1,1
1,4320,98628450000000,98628456238375,98628471030125,14791750,21030125,6238375,98628460000000,1,1,0
1,4322,98628460000000,98628471301875,98628486496750,15194875,26496750,11301875,98628470000000,1,1,1
1,4323,98628480000000,98628486684125,98628501872125,15188000,21872125,6684125,98628490000000,1,1,0
1,4325,98628490000000,98628502035500,98628517272000,15236500,27272000,12035500,98628500000000,1,1,1
1,4326,98628510000000,98628517434375,98628533288500,15854125,23288500,7434375,98628520000000,1,1,0
1,4328,98628520000000,98628533448500,98628549308000,15859500,29308000,13448500,98628530000000,1,1,1
1,4329,98628540000000,98628549464750,98628565376375,15911625,25376375,9464750,98628550000000,1,1,0
1,4331,98628550000000,98628565527250,98628580823500,15296250,30823500,15527250,98628560000000,1,1,1
1,4333,98628570000000,98628581001000,98628596819125,15818125,26819125,11001000,98628580000000,1,1,1
1,4334,98628590000000,98628596974250,98628611783000,14808750,21783000,6974250,98628600000000,1,1,0
1,4336,98628600000000,98628612709750,98628628137750,15428000,28137750,12709750,98628610000000,1,1,1
1,4337,98628620000000,98628628311875,98628643361875,15050000,23361875,8311875,98628630000000,1,1,0
1,4339,98628630000000,98628643539875,98628659442875,15903000,29442875,13539875,98628640000000,1,1,1
1,4340,98628650000000,98628659609750,98628674785125,15175375,24785125,9609750,98628660000000,1,1,0
1,4342,98628660000000,98628674950000,98628689530500,14580500,29530500,14950000,98628670000000,1,1,1
1,4343,98628680000000,98628689687125,98628705536750,15849625,25536750,9687125,98628690000000,1,1,0
1,4345,98628690000000,98628705699750,98628721599250,15899500,31599250,15699750,98628700000000,1,1,1
1,4347,98628710000000,98628721769000,98628737633000,15864000,27633000,11769000,98628720000000,1,1,1
1,4348,98628730000000,98628737768125,98628753563625,15795500,23563625,7768125,98628740000000,1,1,0
1,4350,98628740000000,98628753700375,98628768236375,14536000,28236375,13700375,98628750000000,1,1,1
1,4351,98628760000000,98628768396375,98628784341250,15944875,24341250,8396375,98628770000000,1,1,0
1,4353,98628770000000,98628784502625,98628799682500,15179875,29682500,14502625,98628780000000,1,1,1
1,4354,98628790000000,98628799868875,98628815813250,15944375,25813250,9868875,98628800000000,1,1,0
1,4356,98628800000000,98628816022625,98628831456000,15433375,31456000,16022625,98628810000000,1,1,1
1,4358,98628820000000,98628831672750,98628847509750,15837000,27509750,11672750,98628830000000,1,1,1
1,4359,98628840000000,98628847688250,98628862199500,14511250,22199500,7688250,98628850000000,1,1,0
1,4361,98628850000000,98628862385375,98628878326250,15940875,28326250,12385375,98628860000000,1,1,1
1,4362,98628870000000,98628878476125,98628894101375,15625250,24101375,8476125,98628880000000,1,1,0
1,4364,98628880000000,98628894271125,98628910072625,15801500,30072625,14271125,98628890000000,1,1,1
1,4366,98628900000000,98628910237000,98628926121875,15884875,26121875,10237000,98628910000000,1,1,1
1,4367,98628920000000,98628926270625,98628942157125,15886500,22157125,6270625,98628930000000,1,1,0
1,4369,98628930000000,98628942251125,98628957101500,14850375,27101500,12251125,98628940000000,1,1,1
1,4370,98628950000000,98628957259625,98628972729125,15469500,22729125,7259625,98628960000000,1,1,0
1,4372,98628960000000,98628972866750,98628988786250,15919500,28786250,12866750,98628970000000,1,1,1
1,4373,98628980000000,98628988946250,98629004742250,15796000,24742250,8946250,98628990000000,1,1,0
1,4375,98628990000000,98629004903375,98629020739875,15836500,30739875,14903375,98629000000000,1,1,1
1,4377,98629010000000,98629020879375,98629036194750,15315375,26194750,10879375,98629020000000,1,1,1
1,4378,98629030000000,98629036341625,98629051506250,15164625,21506250,6341625,98629040000000,1,1,0
1,4380,98629040000000,98629051681375,98629066861625,15180250,26861625,11681375,98629050000000,1,1,1
1,4381,98629060000000,98629067131000,98629083051500,15920500,23051500,7131000,98629070000000,1,1,0
1,4383,98629070000000,98629083218750,98629098731750,15513000,28731750,13218750,98629080000000,1,1,1
1,4384,98629090000000,98629098897250,98629113623000,14725750,23623000,8897250,98629100000000,1,1,0
1,4386,98629100000000,98629113785625,98629129812875,16027250,29812875,13785625,98629110000000,1,1,1
1,4387,98629120000000,98629129994875,98629143337875,13343000,23337875,9994875,98629130000000,1,1,0
1,4389,98629130000000,98629143534000,98629158163875,14629875,28163875,13534000,98629140000000,1,1,1
1,4390,98629150000000,98629158324250,98629174201875,15877625,24201875,8324250,98629160000000,1,1,0
1,4392,98629160000000,98629174361375,98629190234000,15872625,30234000,14361375,98629170000000,1,1,1
1,4394,98629180000000,98629190399500,98629206228625,15829125,26228625,10399500,98629190000000,1,1,1
1,4395,98629200000000,98629206386250,98629222315000,15928750,22315000,6386250,98629210000000,1,1,0
1,4397,98629210000000,98629222477000,98629238388750,15911750,28388750,12477000,98629220000000,1,1,1
1,4398,98629230000000,98629238515625,98629253621625,15106000,23621625,8515625,98629240000000,1,1,0
1,4400,98629240000000,98629254531625,98629270442875,15911250,30442875,14531625,98629250000000,1,1,1
1,4402,98629260000000,98629270642000,98629286527750,15885750,26527750,10642000,98629270000000,1,1,1
1,4403,98629280000000,98629286676625,98629302576000,15899375,22576000,6676625,98629290000000,1,1,0
1,4405,98629290000000,98629302749750,98629318600375,15850625,28600375,12749750,98629300000000,1,1,1
1,4406,98629310000000,98629318754625,98629333492750,14738125,23492750,8754625,98629320000000,1,1,0
1,4408,98629320000000,98629333672000,98629348926750,15254750,28926750,13672000,98629330000000,1,1,1
1,4409,98629340000000,98629349114500,98629364987750,15873250,24987750,9114500,98629350000000,1,1,0
1,4411,98629350000000,98629365157500,98629380449375,15291875,30449375,15157500,98629360000000,1,1,1
1,4413,98629370000000,98629380625125,98629396418250,15793125,26418250,10625125,98629380000000,1,1,1
1,4414,98629390000000,98629396578750,98629412417250,15838500,22417250,6578750,98629400000000,1,1,0
1,4416,98629400000000,98629412569500,98629427389500,14820000,27389500,12569500,98629410000000,1,1,1
1,4417,98629420000000,98629427576375,98629442771250,15194875,22771250,7576375,98629430000000,1,1,0
1,4419,98629430000000,98629442953750,98629457920750,14967000,27920750,12953750,98629440000000,1,1,1
1,4420,98629450000000,98629458083250,98629474007500,15924250,24007500,8083250,98629460000000,1,1,0
1,4422,98629460000000,98629474142750,98629489469750,15327000,29469750,14142750,98629470000000,1,1,1
1,4423,98629480000000,98629489625375,98629505534625,15909250,25534625,9625375,98629490000000,1,1,0
1,4425,98629490000000,98629505701000,98629520867625,15166625,30867625,15701000,98629500000000,1,1,1
1,4427,98629510000000,98629521027125,98629536259500,15232375,26259500,11027125,98629520000000,1,1,1
1,4428,98629530000000,98629536414750,98629551736000,15321250,21736000,6414750,98629540000000,1,1,0
1,4430,98629540000000,98629551909125,98629567769125,15860000,27769125,11909125,98629550000000,1,1,1
1,4431,98629560000000,98629567929125,98629582071000,14141875,22071000,7929125,98629570000000,1,1,0
1,4433,98629570000000,98629582242250,98629598140250,15898000,28140250,12242250,98629580000000,1,1,1
1,4434,98629590000000,98629598307625,98629613640000,15332375,23640000,8307625,98629600000000,1,1,0
1,4436,98629600000000,98629613904125,98629628539625,14635500,28539625,13904125,98629610000000,1,1,1
1,4437,98629620000000,98629628723000,98629644640750,15917750,24640750,8723000,98629630000000,1,1,0
1,4439,98629630000000,98629644800125,98629660664500,15864375,30664500,14800125,98629640000000,1,1,1
1,4441,98629650000000,98629660774375,98629676694250,15919875,26694250,10774375,98629660000000,1,1,1
1,4442,98629670000000,98629676866500,98629692696750,15830250,22696750,6866500,98629680000000,1,1,0
1,4444,98629680000000,98629692864125,98629708765000,15900875,28765000,12864125,98629690000000,1,1,1
1,4445,98629700000000,98629708919250,98629723042500,14123250,23042500,8919250,98629710000000,1,1,0
1,4447,98629710000000,98629723226500,98629739087875,15861375,29087875,13226500,98629720000000,1,1,1
1,4448,98629730000000,98629739248375,98629753964500,14716125,23964500,9248375,98629740000000,1,1,0
1,4450,98629740000000,98629754129500,98629769992375,15862875,29992375,14129500,98629750000000,1,1,1
1,4452,98629760000000,98629770152375,98629785918125,15765750,25918125,10152375,98629770000000,1,1,1
1,4453,98629780000000,98629786076625,98629799516250,13439625,19516250,6076625,98629790000000,1,1,0
1,4454,98629790000000,98629799693375,98629815623625,15930250,25623625,9693375,98629800000000,1,1,0
1,4456,98629800000000,98629815780250,98629831231750,15451500,31231750,15780250,98629810000000,1,1,1
1,4458,98629820000000,98629831441625,98629847281500,15839875,27281500,11441625,98629830000000,1,1,1
1,4459,98629840000000,98629847464000,98629863409000,15945000,23409000,7464000,98629850000000,1,1,0
1,4461,98629850000000,98629863682625,98629879553375,15870750,29553375,13682625,98629860000000,1,1,1
1,4462,98629870000000,98629879756875,98629894999500,15242625,24999500,9756875,98629880000000,1,1,0
1,4464,98629880000000,98629895931000,98629911185000,15254000,31185000,15931000,98629890000000,1,1,1
1,4466,98629900000000,98629911393750,98629927327875,15934125,27327875,11393750,98629910000000,1,1,1
1,4467,98629920000000,98629927518125,98629943361625,15843500,23361625,7518125,98629930000000,1,1,0
1,4469,98629930000000,98629943539625,98629958310500,14770875,28310500,13539625,98629940000000,1,1,1
1,4470,98629950000000,98629958484125,98629974411500,15927375,24411500,8484125,98629960000000,1,1,0
1,4472,98629960000000,98629974572500,98629990419250,15846750,30419250,14572500,98629970000000,1,1,1
1,4474,98629980000000,98629990578750,98630005169000,14590250,25169000,10578750,98629990000000,1,1,1
1,4475,98630000000000,98630005333000,98630021214375,15881375,21214375,5333000,98630010000000,1,1,0
1,4477,98630010000000,98630021380875,98630037245625,15864750,27245625,11380875,98630020000000,1,1,1
1,4478,98630030000000,98630037400750,98630051451750,14051000,21451750,7400750,98630040000000,1,1,0
1,4480,98630040000000,98630051613875,98630066285000,14671125,26285000,11613875,98630050000000,1,1,1
1,4481,98630060000000,98630066460250,98630080827375,14367125,20827375,6460250,98630070000000,1,1,0
1,4483,98630070000000,98630080987500,98630096327750,15340250,26327750,10987500,98630080000000,1,1,1
1,4484,98630090000000,98630096479000,98630112385875,15906875,22385875,6479000,98630100000000,1,1,0
1,4486,98630100000000,98630112533125,98630128376000,15842875,28376000,12533125,98630110000000,1,1,1
1,4487,98630120000000,98630128535125,98630144413125,15878000,24413125,8535125,98630130000000,1,1,0
1,4489,98630130000000,98630144571250,98630160478875,15907625,30478875,14571250,98630140000000,1,1,1
1,4491,98630150000000,98630160614250,98630176115375,15501125,26115375,10614250,98630160000000,1,1,1
1,4492,98630170000000,98630176270125,98630190942375,14672250,20942375,6270125,98630180000000,1,1,0
1,4494,98630180000000,98630191119875,98630207059875,15940000,27059875,11119875,98630190000000,1,1,1
1,4495,98630200000000,98630207240000,98630223129625,15889625,23129625,7240000,98630210000000,1,1,0
1,4497,98630210000000,98630223310750,98630239165750,15855000,29165750,13310750,98630220000000,1,1,1
1,4498,98630230000000,98630239467375,98630254800750,15333375,24800750,9467375,98630240000000,1,1,0
1,4500,98630240000000,98630254994000,98630270898375,15904375,30898375,14994000,98630250000000,1,1,1
1,4502,98630260000000,98630271048625,98630284949875,13901250,24949875,11048625,98630270000000,1,1,1
1,4503,98630280000000,98630285099125,98630300968875,15869750,20968875,5099125,98630290000000,1,1,0
1,4505,98630290000000,98630301130875,98630316343750,15212875,26343750,11130875,98630300000000,1,1,1
1,4506,98630310000000,98630316508250,98630331351750,14843500,21351750,6508250,98630320000000,1,1,0
1,4508,98630320000000,98630331543500,98630346714375,15170875,26714375,11543500,98630330000000,1,1,1
1,4509,98630340000000,98630346882250,98630361739875,14857625,21739875,6882250,98630350000000,1,1,0
1,4511,98630350000000,98630361854000,98630377773125,15919125,27773125,11854000,98630360000000,1,1,1
1,4512,98630370000000,98630377925750,98630393855000,15929250,23855000,7925750,98630380000000,1,1,0
1,4514,98630380000000,98630394116125,98630409512125,15396000,29512125,14116125,98630390000000,1,1,1
1,4515,98630400000000,98630409695000,98630425374875,15679875,25374875,9695000,98630410000000,1,1,0
1,4517,98630410000000,98630425538750,98630441471000,15932250,31471000,15538750,98630420000000,1,1,1
1,4519,98630430000000,98630441631500,98630457493375,15861875,27493375,11631500,98630440000000,1,1,1
1,4520,98630450000000,98630457642500,98630472835000,15192500,22835000,7642500,98630460000000,1,1,0
1,4522,98630460000000,98630472995625,98630488868250,15872625,28868250,12995625,98630470000000,1,1,1
1,4523,98630480000000,98630489117125,98630504703875,15586750,24703875,9117125,98630490000000,1,1,0
1,4525,98630490000000,98630504892250,98630520792625,15900375,30792625,14892250,98630500000000,1,1,1
1,4527,98630510000000,98630520955750,98630536613125,15657375,26613125,10955750,98630520000000,1,1,1
1,4528,98630530000000,98630536757500,98630552605750,15848250,22605750,6757500,98630540000000,1,1,0
1,4530,98630540000000,98630553503625,98630568799500,15295875,28799500,13503625,98630550000000,1,1,1
1,4531,98630560000000,98630569657250,98630584812625,15155375,24812625,9657250,98630570000000,1,1,0
1,4533,98630570000000,98630584968375,98630600860500,15892125,30860500,14968375,98630580000000,1,1,1
1,4535,98630590000000,98630601013625,98630616925875,15912250,26925875,11013625,98630600000000,1,1,1
1,4536,98630610000000,98630617193250,98630633113250,15920000,23113250,7193250,98630620000000,1,1,0
1,4538,98630620000000,98630633290000,98630649147875,15857875,29147875,13290000,98630630000000,1,1,1
1,4539,98630640000000,98630649297625,98630665299750,16002125,25299750,9297625,98630650000000,1,1,0
1,4541,98630650000000,98630665475250,98630680617375,15142125,30617375,15475250,98630660000000,1,1,1
1,4543,98630670000000,98630680875625,98630696691625,15816000,26691625,10875625,98630680000000,1,1,1
1,4544,98630690000000,98630696876125,98630712042000,15165875,22042000,6876125,98630700000000,1,1,0
1,4546,98630700000000,98630712299875,98630727680125,15380250,27680125,12299875,98630710000000,1,1,1
1,4547,98630720000000,98630727895250,98630743759500,15864250,23759500,7895250,98630730000000,1,1,0
1,4549,98630730000000,98630743957125,98630759845500,15888375,29845500,13957125,98630740000000,1,1,1
1,4551,98630750000000,98630760043125,98630775887375,15844250,25887375,10043125,98630760000000,1,1,1
1,4552,98630770000000,98630776068875,98630791238875,15170000,21238875,6068875,98630780000000,1,1,0
1,4554,98630780000000,98630791433250,98630807360250,15927000,27360250,11433250,98630790000000,1,1,1
1,4555,98630800000000,98630807653125,98630823349125,15696000,23349125,7653125,98630810000000,1,1,0
1,4557,98630810000000,98630823573125,98630837993125,14420000,27993125,13573125,98630820000000,1,1,1
1,4558,98630830000000,98630838166750,98630853203500,15036750,23203500,8166750,98630840000000,1,1,0
1,4560,98630840000000,98630853353250,98630867890250,14537000,27890250,13353250,98630850000000,1,1,1
1,4561,98630860000000,98630868107375,98630883948875,15841500,23948875,8107375,98630870000000,1,1,0
1,4563,98630870000000,98630884133250,98630900027000,15893750,30027000,14133250,98630880000000,1,1,1
1,4565,98630890000000,98630900275750,98630916282125,16006375,26282125,10275750,98630900000000,1,1,1
1,4566,98630910000000,98630916468500,98630932354375,15885875,22354375,6468500,98630920000000,1,1,0
1,4568,98630920000000,98630932518250,98630947809750,15291500,27809750,12518250,98630930000000,1,1,1
1,4569,98630940000000,98630947984875,98630963887375,15902500,23887375,7984875,98630950000000,1,1,0
1,4571,98630950000000,98630964038625,98630979395375,15356750,29395375,14038625,98630960000000,1,1,1
1,4572,98630970000000,98630979585750,98630995796625,16210875,25796625,9585750,98630980000000,1,1,0
1,4574,98630980000000,98630996027500,98631011934625,15907125,31934625,16027500,98630990000000,1,1,1
1,4576,98631000000000,98631012087875,98631027977750,15889875,27977750,12087875,98631010000000,1,1,1
1,4577,98631020000000,98631028144000,98631043418000,15274000,23418000,8144000,98631030000000,1,1,0
1,4579,98631030000000,98631043587625,98631059480750,15893125,29480750,13587625,98631040000000,1,1,1
1,4580,98631050000000,98631059650125,98631074834250,15184125,24834250,9650125,98631060000000,1,1,0
1,4582,98631060000000,98631075010375,98631090430625,15420250,30430625,15010375,98631070000000,1,1,1
1,4584,98631080000000,98631090599000,98631106436500,15837500,26436500,10599000,98631090000000,1,1,1
1,4585,98631100000000,98631106594125,98631122506875,15912750,22506875,6594125,98631110000000,1,1,0
1,4587,98631110000000,98631122686875,98631137868500,15181625,27868500,12686875,98631120000000,1,1,1
1,4588,98631130000000,98631138035875,98631153900625,15864750,23900625,8035875,98631140000000,1,1,0
1,4590,98631140000000,98631154059750,98631169986125,15926375,29986125,14059750,98631150000000,1,1,1
1,4592,98631160000000,98631170149500,98631185353250,15203750,25353250,10149500,98631170000000,1,1,1
1,4593,98631180000000,98631185485375,98631201347875,15862500,21347875,5485375,98631190000000,1,1,0
1,4595,98631190000000,98631207588125,98631222574250,14986125,32574250,17588125,98631200000000,1,1,1
1,4597,98631210000000,98631222793250,98631237521000,14727750,27521000,12793250,98631220000000,1,1,1
1,4598,98631230000000,98631237790375,98631253668875,15878500,23668875,7790375,98631240000000,1,1,0
1,4600,98631240000000,98631253841125,98631269166250,15325125,29166250,13841125,98631250000000,1,1,1
1,4601,98631260000000,98631269318500,98631285214500,15896000,25214500,9318500,98631270000000,1,1,0
1,4603,98631270000000,98631285376625,98631299449000,14072375,29449000,15376625,98631280000000,1,1,1
1,4604,98631290000000,98631299640875,98631314376500,14735625,24376500,9640875,98631300000000,1,1,0
1,4606,98631300000000,98631314559375,98631330438375,15879000,30438375,14559375,98631310000000,1,1,1
1,4608,98631320000000,98631330590250,98631346158875,15568625,26158875,10590250,98631330000000,1,1,1
1,4609,98631340000000,98631346326250,98631362177875,15851625,22177875,6326250,98631350000000,1,1,0
1,4611,98631350000000,98631362327625,98631377937750,15610125,27937750,12327625,98631360000000,1,1,1
1,4612,98631370000000,98631378097375,98631393124125,15026750,23124125,8097375,98631380000000,1,1,0
1,4614,98631380000000,98631393282875,98631409190625,15907750,29190625,13282875,98631390000000,1,1,1
1,4615,98631400000000,98631409354625,98631425213125,15858500,25213125,9354625,98631410000000,1,1,0
1,4617,98631410000000,98631425373000,98631440542500,15169500,30542500,15373000,98631420000000,1,1,1
1,4619,98631430000000,98631440804625,98631456074625,15270000,26074625,10804625,98631440000000,1,1,1
1,4620,98631450000000,98631456251250,98631472133250,15882000,22133250,6251250,98631460000000,1,1,0
1,4622,98631460000000,98631472275125,98631487452375,15177250,27452375,12275125,98631470000000,1,1,1
1,4623,98631480000000,98631487631000,98631503488500,15857500,23488500,7631000,98631490000000,1,1,0
1,4625,98631490000000,98631503665125,98631519477750,15812625,29477750,13665125,98631500000000,1,1,1
1,4626,98631510000000,98631519641250,98631535511875,15870625,25511875,9641250,98631520000000,1,1,0
1,4628,98631520000000,98631535697875,98631550643250,14945375,30643250,15697875,98631530000000,1,1,1
1,4630,98631540000000,98631550833625,98631566722875,15889250,26722875,10833625,98631550000000,1,1,1
1,4631,98631560000000,98631566886750,98631582751625,15864875,22751625,6886750,98631570000000,1,1,0
1,4633,98631570000000,98631583026000,98631598101125,15075125,28101125,13026000,98631580000000,1,1,1
1,4634,98631590000000,98631598290875,98631613498000,15207125,23498000,8290875,98631600000000,1,1,0
1,4636,98631600000000,98631613657125,98631629583500,15926375,29583500,13657125,98631610000000,1,1,1
1,4637,98631620000000,98631629747250,98631644961250,15214000,24961250,9747250,98631630000000,1,1,0
1,4639,98631630000000,98631645130000,98631660408875,15278875,30408875,15130000,98631640000000,1,1,1
1,4641,98631650000000,98631660566875,98631675101500,14534625,25101500,10566875,98631660000000,1,1,1
1,4642,98631670000000,98631675978375,98631691131250,15152875,21131250,5978375,98631680000000,1,1,0
1,4644,98631680000000,98631691301000,98631706034750,14733750,26034750,11301000,98631690000000,1,1,1
1,4645,98631700000000,98631706193250,98631722068000,15874750,22068000,6193250,98631710000000,1,1,0
1,4647,98631710000000,98631722238125,98631738042125,15804000,28042125,12238125,98631720000000,1,1,1
1,4648,98631730000000,98631738204500,98631754107000,15902500,24107000,8204500,98631740000000,1,1,0
1,4650,98631740000000,98631754263625,98631768178500,13914875,28178500,14263625,98631750000000,1,1,1
1,4651,98631760000000,98631768327500,98631783697250,15369750,23697250,8327500,98631770000000,1,1,0
1,4653,98631770000000,98631783893500,98631799774875,15881375,29774875,13893500,98631780000000,1,1,1
1,4654,98631790000000,98631799925125,98631816194500,16269375,26194500,9925125,98631800000000,1,1,0
1,4656,98631800000000,98631816390750,98631832280375,15889625,32280375,16390750,98631810000000,1,1,1
1,4658,98631820000000,98631832435625,98631848059875,15624250,28059875,12435625,98631830000000,1,1,1
1,4659,98631840000000,98631848988500,98631864815250,15826750,24815250,8988500,98631850000000,1,1,0
1,4661,98631850000000,98631865002500,98631880164625,15162125,30164625,15002500,98631860000000,1,1,1
1,4663,98631870000000,98631880307750,98631896149125,15841375,26149125,10307750,98631880000000,1,1,1
1,4664,98631890000000,98631896298500,98631910987875,14689375,20987875,6298500,98631900000000,1,1,0
1,4666,98631900000000,98631911158500,98631926090375,14931875,26090375,11158500,98631910000000,1,1,1
1,4667,98631920000000,98631926259625,98631942099125,15839500,22099125,6259625,98631930000000,1,1,0
1,4669,98631930000000,98631942250375,98631957564750,15314375,27564750,12250375,98631940000000,1,1,1
1,4670,98631950000000,98631957724250,98631972931375,15207125,22931375,7724250,98631960000000,1,1,0
1,4672,98631960000000,98631973091375,98631988958125,15866750,28958125,13091375,98631970000000,1,1,1
1,4673,98631980000000,98631989096250,98632004995375,15899125,24995375,9096250,98631990000000,1,1,0
1,4675,98631990000000,98632005112375,98632020372625,15260250,30372625,15112375,98632000000000,1,1,1
1,4677,98632010000000,98632020524375,98632036365750,15841375,26365750,10524375,98632020000000,1,1,1
1,4678,98632030000000,98632036510750,98632052422750,15912000,22422750,6510750,98632040000000,1,1,0
1,4680,98632040000000,98632052592125,98632066756500,14164375,26756500,12592125,98632050000000,1,1,1
1,4681,98632060000000,98632066944250,98632082718875,15774625,22718875,6944250,98632070000000,1,1,0
1,4683,98632070000000,98632082890625,98632098754875,15864250,28754875,12890625,98632080000000,1,1,1
1,4684,98632090000000,98632098934500,98632114446500,15512000,24446500,8934500,98632100000000,1,1,0
1,4686,98632100000000,98632114620625,98632129833125,15212500,29833125,14620625,98632110000000,1,1,1
1,4688,98632120000000,98632130004375,98632145824250,15819875,25824250,10004375,98632130000000,1,1,1
1,4689,98632140000000,98632145950250,98632161046875,15096625,21046875,5950250,98632150000000,1,1,0
1,4691,98632150000000,98632161218750,98632177084500,15865750,27084500,11218750,98632160000000,1,1,1
1,4692,98632170000000,98632177265625,98632192539375,15273750,22539375,7265625,98632180000000,1,1,0
1,4694,98632180000000,98632192719000,98632208087125,15368125,28087125,12719000,98632190000000,1,1,1
1,4695,98632200000000,98632208240750,98632224177375,15936625,24177375,8240750,98632210000000,1,1,0
1,4697,98632210000000,98632224350500,98632240253875,15903375,30253875,14350500,98632220000000,1,1,1
1,4699,98632230000000,98632240504375,98632255034000,14529625,25034000,10504375,98632240000000,1,1,1
1,4700,98632250000000,98632255237000,98632271190625,15953625,21190625,5237000,98632260000000,1,1,0
1,4702,98632260000000,98632271378000,98632287281375,15903375,27281375,11378000,98632270000000,1,1,1
1,4703,98632280000000,98632287463375,98632302237625,14774250,22237625,7463375,98632290000000,1,1,0
1,4705,98632290000000,98632302417125,98632318311750,15894625,28311750,12417125,98632300000000,1,1,1
1,4706,98632310000000,98632318466500,98632334309750,15843250,24309750,8466500,98632320000000,1,1,0
1,4708,98632320000000,98632334478625,98632349668625,15190000,29668625,14478625,98632330000000,1,1,1
1,4709,98632340000000,98632349832000,98632365697375,15865375,25697375,9832000,98632350000000,1,1,0
1,4711,98632350000000,98632365854000,98632381711125,15857125,31711125,15854000,98632360000000,1,1,1
1,4713,98632370000000,98632381866250,98632397719875,15853625,27719875,11866250,98632380000000,1,1,1
1,4714,98632390000000,98632397874250,98632413742750,15868500,23742750,7874250,98632400000000,1,1,0
1,4716,98632400000000,98632413898375,98632429745125,15846750,29745125,13898375,98632410000000,1,1,1
1,4717,98632420000000,98632429884750,98632445726125,15841375,25726125,9884750,98632430000000,1,1,0
1,4719,98632430000000,98632445882250,98632461097625,15215375,31097625,15882250,98632440000000,1,1,1
1,4721,98632450000000,98632461253750,98632477160625,15906875,27160625,11253750,98632460000000,1,1,1
1,4722,98632470000000,98632477311000,98632493167875,15856875,23167875,7311000,98632480000000,1,1,0
1,4724,98632480000000,98632494057000,98632509369875,15312875,29369875,14057000,98632490000000,1,1,1
1,4725,98632500000000,98632509544500,98632525305500,15761000,25305500,9544500,98632510000000,1,1,0
1,4727,98632510000000,98632525470375,98632541326500,15856125,31326500,15470375,98632520000000,1,1,1
1,4729,98632530000000,98632541483125,98632555962625,14479500,25962625,11483125,98632540000000,1,1,1
1,4730,98632550000000,98632556257500,98632572254750,15997250,22254750,6257500,98632560000000,1,1,0
1,4732,98632560000000,98632572445125,98632588382750,15937625,28382750,12445125,98632570000000,1,1,1
1,4733,98632580000000,98632588550500,98632604364625,15814125,24364625,8550500,98632590000000,1,1,0
1,4735,98632590000000,98632604514625,98632620431000,15916375,30431000,14514625,98632600000000,1,1,1
1,4737,98632610000000,98632620614500,98632635922000,15307500,25922000,10614500,98632620000000,1,1,1
1,4738,98632630000000,98632636086500,98632651373000,15286500,21373000,6086500,98632640000000,1,1,0
1,4740,98632640000000,98632651630625,98632666843125,15212500,26843125,11630625,98632650000000,1,1,1
1,4741,98632660000000,98632667021625,98632682909500,15887875,22909500,7021625,98632670000000,1,1,0
1,4743,98632670000000,98632683081250,98632698922625,15841375,28922625,13081250,98632680000000,1,1,1
1,4744,98632690000000,98632699084625,98632714958250,15873625,24958250,9084625,98632700000000,1,1,0
1,4746,98632700000000,98632715123125,98632730983625,15860500,30983625,15123125,98632710000000,1,1,1
1,4748,98632720000000,98632731143625,98632744959375,13815750,24959375,11143625,98632730000000,1,1,1
1,4749,98632740000000,98632745207375,98632759716125,14508750,19716125,5207375,98632750000000,1,1,0
1,4750,98632750000000,98632759929250,98632775813750,15884500,25813750,9929250,98632760000000,1,1,0
1,4752,98632760000000,98632775989375,98632791273375,15284000,31273375,15989375,98632770000000,1,1,1
1,4754,98632780000000,98632791437875,98632806844500,15406625,26844500,11437875,98632790000000,1,1,1
1,4755,98632800000000,98632807017750,98632821581625,14563875,21581625,7017750,98632810000000,1,1,0
1,4757,98632810000000,98632821744125,98632836953625,15209500,26953625,11744125,98632820000000,1,1,1
1,4758,98632830000000,98632837151625,98632853046250,15894625,23046250,7151625,98632840000000,1,1,0
1,4760,98632840000000,98632853211750,98632869120500,15908750,29120500,13211750,98632850000000,1,1,1
1,4761,98632860000000,98632869274625,98632883926750,14652125,23926750,9274625,98632870000000,1,1,0
1,4763,98632870000000,98632884108375,98632899952250,15843875,29952250,14108375,98632880000000,1,1,1
1,4765,98632890000000,98632900111750,98632915304625,15192875,25304625,10111750,98632900000000,1,1,1
1,4766,98632910000000,98632915476000,98632930697500,15221500,20697500,5476000,98632920000000,1,1,0
1,4768,98632920000000,98632930876625,98632946696625,15820000,26696625,10876625,98632930000000,1,1,1
1,4769,98632940000000,98632946834250,98632962077375,15243125,22077375,6834250,98632950000000,1,1,0
1,4771,98632950000000,98632962351625,98632978256500,15904875,28256500,12351625,98632960000000,1,1,1
1,4772,98632970000000,98632978439000,98632993941125,15502125,23941125,8439000,98632980000000,1,1,0
1,4774,98632980000000,98632994130250,98633009597750,15467500,29597750,14130250,98632990000000,1,1,1
1,4775,98633000000000,98633009780750,98633023240250,13459500,23240250,9780750,98633010000000,1,1,0
1,4777,98633010000000,98633023426625,98633038405250,14978625,28405250,13426625,98633020000000,1,1,1
1,4778,98633030000000,98633038565875,98633054447750,15881875,24447750,8565875,98633040000000,1,1,0
1,4780,98633040000000,98633054614125,98633070258875,15644750,30258875,14614125,98633050000000,1,1,1
1,4782,98633060000000,98633070323750,98633083524750,13201000,23524750,10323750,98633070000000,1,1,1
1,4783,98633080000000,98633083661250,98633096774375,13113125,16774375,3661250,98633090000000,1,0,0
1,4784,98633090000000,98633096894375,98633109238000,12343625,19238000,6894375,98633100000000,1,1,0
1,4785,98633100000000,98633109395125,98633122133375,12738250,22133375,9395125,98633110000000,1,1,0
1,4787,98633110000000,98633122815625,98633135000625,12185000,25000625,12815625,98633120000000,1,1,1
1,4788,98633130000000,98633135126875,98633147782000,12655125,17782000,5126875,98633140000000,1,1,0
1,4789,98633140000000,98633147961500,98633160762875,12801375,20762875,7961500,98633150000000,1,1,0
1,4791,98633150000000,98633160872875,98633172942250,12069375,22942250,10872875,98633160000000,1,1,1
1,4792,98633170000000,98633173082750,98633185846000,12763250,15846000,3082750,98633180000000,1,0,0
1,4793,98633180000000,98633185961625,98633198635625,12674000,18635625,5961625,98633190000000,1,1,0
1,4794,98633190000000,98633198779625,98633210624375,11844750,20624375,8779625,98633200000000,1,1,0
1,4796,98633200000000,98633210797500,98633224666125,13868625,24666125,10797500,98633210000000,1,1,1
1,4797,98633220000000,98633224847500,98633239552875,14705375,19552875,4847500,98633230000000,1,0,0
1,4798,98633230000000,98633239837375,98633255688625,15851250,25688625,9837375,98633240000000,1,1,0
1,4800,98633240000000,98633255881375,98633271685750,15804375,31685750,15881375,98633250000000,1,1,1
1,4802,98633260000000,98633271862375,98633286092375,14230000,26092375,11862375,98633270000000,1,1,1
1,4803,98633280000000,98633286259375,98633302140750,15881375,22140750,6259375,98633290000000,1,1,0
1,4805,98633290000000,98633302306625,98633318155875,15849250,28155875,12306625,98633300000000,1,1,1
1,4806,98633310000000,98633318308000,98633334161750,15853750,24161750,8308000,98633320000000,1,1,0
1,4808,98633320000000,98633334323250,98633350149000,15825750,30149000,14323250,98633330000000,1,1,1
1,4810,98633340000000,98633350338375,98633365926500,15588125,25926500,10338375,98633350000000,1,1,1
1,4811,98633360000000,98633366090125,98633380623125,14533000,20623125,6090125,98633370000000,1,1,0
1,4813,98633370000000,98633380779625,98633395969625,15190000,25969625,10779625,98633380000000,1,1,1
1,4814,98633390000000,98633396174125,98633411436750,15262625,21436750,6174125,98633400000000,1,1,0
1,4816,98633400000000,98633411633375,98633427519750,15886375,27519750,11633375,98633410000000,1,1,1
1,4817,98633420000000,98633427703250,98633443599250,15896000,23599250,7703250,98633430000000,1,1,0
1,4819,98633430000000,98633443782750,98633459580125,15797375,29580125,13782750,98633440000000,1,1,1
1,4820,98633450000000,98633459920750,98633475124500,15203750,25124500,9920750,98633460000000,1,1,0
1,4822,98633460000000,98633476033125,98633491251875,15218750,31251875,16033125,98633470000000,1,1,1
1,4824,98633480000000,98633491428000,98633507313250,15885250,27313250,11428000,98633490000000,1,1,1
1,4825,98633500000000,98633507478250,98633523304875,15826625,23304875,7478250,98633510000000,1,1,0
1,4827,98633510000000,98633523470875,98633539319625,15848750,29319625,13470875,98633520000000,1,1,1
1,4828,98633530000000,98633539496250,98633555439125,15942875,25439125,9496250,98633540000000,1,1,0
1,4830,98633540000000,98633555620250,98633571437125,15816875,31437125,15620250,98633550000000,1,1,1
1,4832,98633560000000,98633571592375,98633582605750,11013375,22605750,11592375,98633570000000,1,1,1
1,4833,98633580000000,98633582779625,98633597134375,14354750,17134375,2779625,98633590000000,1,0,0
1,4834,98633590000000,98633597300750,98633612966625,15665875,22966625,7300750,98633600000000,1,1,0
1,4836,98633600000000,98633613210500,98633629038750,15828250,29038750,13210500,98633610000000,1,1,1
1,4837,98633620000000,98633629196000,98633645073500,15877500,25073500,9196000,98633630000000,1,1,0
1,4839,98633630000000,98633645321750,98633660558625,15236875,30558625,15321750,98633640000000,1,1,1
1,4841,98633650000000,98633660738125,98633676574750,15836625,26574750,10738125,98633660000000,1,1,1
1,4842,98633670000000,98633676735750,98633691524000,14788250,21524000,6735750,98633680000000,1,1,0
1,4844,98633680000000,98633691696750,98633707126875,15430125,27126875,11696750,98633690000000,1,1,1
1,4845,98633700000000,98633707310750,98633723187875,15877125,23187875,7310750,98633710000000,1,1,0
1,4847,98633710000000,98633723343500,98633739278125,15934625,29278125,13343500,98633720000000,1,1,1
1,4849,98633730000000,98633740226750,98633755491375,15264625,25491375,10226750,98633740000000,1,1,1
1,4850,98633750000000,98633755695250,98633771421125,15725875,21421125,5695250,98633760000000,1,1,0
1,4852,98633760000000,98633771610500,98633787423000,15812500,27423000,11610500,98633770000000,1,1,1
1,4853,98633780000000,98633787586625,98633800431250,12844625,20431250,7586625,98633790000000,1,1,0
1,4855,98633790000000,98633800577000,98633811912750,11335750,21912750,10577000,98633800000000,1,1,1
1,4856,98633810000000,98633812087250,98633826291375,14204125,16291375,2087250,98633820000000,1,0,0
1,4857,98633820000000,98633826475250,98633842315875,15840625,22315875,6475250,98633830000000,1,1,0
1,4859,98633830000000,98633842478750,98633856514375,14035625,26514375,12478750,98633840000000,1,1,1
1,4860,98633850000000,98633856639875,98633870493375,13853500,20493375,6639875,98633860000000,1,1,0
1,4862,98633860000000,98633870730750,98633885104125,14373375,25104125,10730750,98633870000000,1,1,1
1,4863,98633880000000,98633885281750,98633900989875,15708125,20989875,5281750,98633890000000,1,1,0
1,4865,98633890000000,98633901241250,98633916604000,15362750,26604000,11241250,98633900000000,1,1,1
1,4866,98633910000000,98633916769375,98633932668750,15899375,22668750,6769375,98633920000000,1,1,0
1,4868,98633920000000,98633932835250,98633948688250,15853000,28688250,12835250,98633930000000,1,1,1
1,4869,98633940000000,98633948833750,98633964619625,15785875,24619625,8833750,98633950000000,1,1,0
1,4871,98633950000000,98633964741500,98633979207750,14466250,29207750,14741500,98633960000000,1,1,1
1,4872,98633970000000,98633979390250,98633995293125,15902875,25293125,9390250,98633980000000,1,1,0
1,4874,98633980000000,98633995474625,98634011291625,15817000,31291625,15474625,98633990000000,1,1,1
1,4876,98634000000000,98634011449375,98634026726125,15276750,26726125,11449375,98634010000000,1,1,1
1,4877,98634020000000,98634026866250,98634039609750,12743500,19609750,6866250,98634030000000,1,1,0
1,4878,98634030000000,98634039768000,98634051361000,11593000,21361000,9768000,98634040000000,1,1,0
1,4880,98634040000000,98634051522125,98634064691750,13169625,24691750,11522125,98634050000000,1,1,1
1,4881,98634060000000,98634064772625,98634078094250,13321625,18094250,4772625,98634070000000,1,0,0
1,4882,98634070000000,98634078269375,98634092353500,14084125,22353500,8269375,98634080000000,1,1,0
1,4884,98634080000000,98634092530625,98634106855875,14325250,26855875,12530625,98634090000000,1,1,1
1,4885,98634100000000,98634106950125,98634122622625,15672500,22622625,6950125,98634110000000,1,1,0
1,4887,98634110000000,98634122813000,98634137390500,14577500,27390500,12813000,98634120000000,1,1,1
1,4888,98634130000000,98634137538250,98634153469000,15930750,23469000,7538250,98634140000000,1,1,0
1,4890,98634140000000,98634153641250,98634168171375,14530125,28171375,13641250,98634150000000,1,1,1
1,4891,98634160000000,98634168257750,98634182015000,13757250,22015000,8257750,98634170000000,1,1,0
1,4893,98634170000000,98634182135625,98634197152375,15016750,27152375,12135625,98634180000000,1,1,1
1,4894,98634190000000,98634197306750,98634212533125,15226375,22533125,7306750,98634200000000,1,1,0
1,4896,98634200000000,98634212777000,98634228543375,15766375,28543375,12777000,98634210000000,1,1,1
1,4897,98634220000000,98634228712625,98634242633375,13920750,22633375,8712625,98634230000000,1,1,0
1,4899,98634230000000,98634242911500,98634258825625,15914125,28825625,12911500,98634240000000,1,1,1
1,4900,98634250000000,98634259010500,98634274482500,15472000,24482500,9010500,98634260000000,1,1,0
1,4902,98634260000000,98634274658250,98634290261500,15603250,30261500,14658250,98634270000000,1,1,1
1,4904,98634280000000,98634290345875,98634303625875,13280000,23625875,10345875,98634290000000,1,1,1
1,4905,98634300000000,98634303796250,98634317329000,13532750,17329000,3796250,98634310000000,1,0,0
1,4906,98634310000000,98634317474875,98634332750250,15275375,22750250,7474875,98634320000000,1,1,0
1,4908,98634320000000,98634332920000,98634348830750,15910750,28830750,12920000,98634330000000,1,1,1
1,4909,98634340000000,98634349085000,98634365044000,15959000,25044000,9085000,98634350000000,1,1,0
1,4911,98634350000000,98634365950125,98634380717875,14767750,30717875,15950125,98634360000000,1,1,1
1,4913,98634370000000,98634380908750,98634396184125,15275375,26184125,10908750,98634380000000,1,1,1
1,4914,98634390000000,98634396460750,98634409280500,12819750,19280500,6460750,98634400000000,1,1,0
1,4915,98634400000000,98634409389375,98634425103000,15713625,25103000,9389375,98634410000000,1,1,0
1,4917,98634410000000,98634425268750,98634441080125,15811375,31080125,15268750,98634420000000,1,1,1
1,4919,98634430000000,98634441226000,98634457158750,15932750,27158750,11226000,98634440000000,1,1,1
1,4920,98634450000000,98634457339125,98634473237625,15898500,23237625,7339125,98634460000000,1,1,0
1,4922,98634460000000,98634473405625,98634486910500,13504875,26910500,13405625,98634470000000,1,1,1
1,4923,98634480000000,98634487092000,98634501705125,14613125,21705125,7092000,98634490000000,1,1,0
1,4925,98634490000000,98634501877875,98634516741250,14863375,26741250,11877875,98634500000000,1,1,1
1,4926,98634510000000,98634516868250,98634531021125,14152875,21021125,6868250,98634520000000,1,1,0
1,4928,98634520000000,98634531185625,98634545621625,14436000,25621625,11185625,98634530000000,1,1,1
1,4929,98634540000000,98634545788500,98634560323625,14535125,20323625,5788500,98634550000000,1,1,0
1,4931,98634550000000,98634560484125,98634576439250,15955125,26439250,10484125,98634560000000,1,1,1
1,4932,98634570000000,98634576617375,98634590907500,14290125,20907500,6617375,98634580000000,1,1,0
1,4934,98634580000000,98634591091000,98634606557625,15466625,26557625,11091000,98634590000000,1,1,1
1,4935,98634600000000,98634606715250,98634622351625,15636375,22351625,6715250,98634610000000,1,1,0
1,4937,98634610000000,98634622539500,98634635269625,12730125,25269625,12539500,98634620000000,1,1,1
1,4938,98634630000000,98634635480375,98634651021250,15540875,21021250,5480375,98634640000000,1,1,0
1,4940,98634640000000,98634651207500,98634666097875,14890375,26097875,11207500,98634650000000,1,1,1
1,4941,98634660000000,98634666281375,98634682167750,15886375,22167750,6281375,98634670000000,1,1,0
1,4943,98634670000000,98634682336500,98634697964875,15628375,27964875,12336500,98634680000000,1,1,1
1,4944,98634690000000,98634698118375,98634714048625,15930250,24048625,8118375,98634700000000,1,1,0
1,4946,98634700000000,98634714203375,98634729441500,15238125,29441500,14203375,98634710000000,1,1,1
1,4947,98634720000000,98634729602125,98634743199250,13597125,23199250,9602125,98634730000000,1,1,0
1,4949,98634730000000,98634743389750,98634758489250,15099500,28489250,13389750,98634740000000,1,1,1
1,4950,98634750000000,98634758654625,98634773293125,14638500,23293125,8654625,98634760000000,1,1,0
1,4952,98634760000000,98634773470875,98634788533875,15063000,28533875,13470875,98634770000000,1,1,1
1,4953,98634780000000,98634788685625,98634803888250,15202625,23888250,8685625,98634790000000,1,1,0
1,4955,98634790000000,98634804142000,98634820355875,16213875,30355875,14142000,98634800000000,1,1,1
1,4957,98634810000000,98634820544125,98634836459750,15915625,26459750,10544125,98634820000000,1,1,1
1,4958,98634830000000,98634836614875,98634851397125,14782250,21397125,6614875,98634840000000,1,1,0
1,4960,98634840000000,98634851510000,98634865513375,14003375,25513375,11510000,98634850000000,1,1,1
1,4961,98634860000000,98634865677125,98634880815875,15138750,20815875,5677125,98634870000000,1,1,0
1,4963,98634870000000,98634880994000,98634896839750,15845750,26839750,10994000,98634880000000,1,1,1
1,4964,98634890000000,98634896999500,98634912885625,15886125,22885625,6999500,98634900000000,1,1,0
1,4966,98634900000000,98634913046750,98634928989125,15942375,28989125,13046750,98634910000000,1,1,1
1,4967,98634920000000,98634929152125,98634944929125,15777000,24929125,9152125,98634930000000,1,1,0
1,4969,98634930000000,98634945085250,98634960782250,15697000,30782250,15085250,98634940000000,1,1,1
1,4971,98634950000000,98634960850125,98634973338000,12487875,23338000,10850125,98634960000000,1,1,1
1,4972,98634970000000,98634973481500,98634988603125,15121625,18603125,3481500,98634980000000,1,0,0
1,4973,98634980000000,98634989469375,98635005675250,16205875,25675250,9469375,98634990000000,1,1,0
1,4975,98634990000000,98635005852375,98635021202375,15350000,31202375,15852375,98635000000000,1,1,1
1,4977,98635010000000,98635021390375,98635037151125,15760750,27151125,11390375,98635020000000,1,1,1
1,4978,98635030000000,98635037327875,98635052632875,15305000,22632875,7327875,98635040000000,1,1,0
1,4980,98635040000000,98635052749500,98635067443750,14694250,27443750,12749500,98635050000000,1,1,1
1,4981,98635060000000,98635067609125,98635081143125,13534000,21143125,7609125,98635070000000,1,1,0
1,4983,98635070000000,98635081241375,98635096892000,15650625,26892000,11241375,98635080000000,1,1,1
1,4984,98635090000000,98635097047750,98635112912500,15864750,22912500,7047750,98635100000000,1,1,0
1,4986,98635100000000,98635113064250,98635127802750,14738500,27802750,13064250,98635110000000,1,1,1
1,4987,98635120000000,98635127976000,98635143250000,15274000,23250000,7976000,98635130000000,1,1,0
1,4989,98635130000000,98635143439750,98635159307000,15867250,29307000,13439750,98635140000000,1,1,1
1,4990,98635150000000,98635159600750,98635174624375,15023625,24624375,9600750,98635160000000,1,1,0
1,4992,98635160000000,98635174809875,98635189516125,14706250,29516125,14809875,98635170000000,1,1,1
1,4993,98635180000000,98635189641250,98635203916500,14275250,23916500,9641250,98635190000000,1,1,0
1,4995,98635190000000,98635204091125,98635218557875,14466750,28557875,14091125,98635200000000,1,1,1
1,4996,98635210000000,98635218751750,98635234317875,15566125,24317875,8751750,98635220000000,1,1,0
1,4998,98635220000000,98635234517375,98635250027625,15510250,30027625,14517375,98635230000000,1,1,1
1,5000,98635240000000,98635250166500,98635265287250,15120750,25287250,10166500,98635250000000,1,1,1
1,5001,98635260000000,98635265439000,98635281328750,15889750,21328750,5439000,98635270000000,1,1,0
1,5003,98635270000000,98635281500375,98635297020000,15519625,27020000,11500375,98635280000000,1,1,1
1,5004,98635290000000,98635297107125,98635309805875,12698750,19805875,7107125,98635300000000,1,1,0
1,5005,98635300000000,98635309959125,98635325805000,15845875,25805000,9959125,98635310000000,1,1,0
1,5007,98635310000000,98635326107000,98635342001125,15894125,32001125,16107000,98635320000000,1,1,1
1,5009,98635330000000,98635342190500,98635358108375,15917875,28108375,12190500,98635340000000,1,1,1
1,5010,98635350000000,98635358269500,98635374194375,15924875,24194375,8269500,98635360000000,1,1,0
1,5012,98635360000000,98635374366125,98635389522875,15156750,29522875,14366125,98635370000000,1,1,1
1,5013,98635380000000,98635389687250,98635404913875,15226625,24913875,9687250,98635390000000,1,1,0
1,5015,98635390000000,98635405080250,98635418470625,13390375,28470625,15080250,98635400000000,1,1,1
1,5016,98635410000000,98635418660375,98635433629750,14969375,23629750,8660375,98635420000000,1,1,0
1,5018,98635420000000,98635433824000,98635449009500,15185500,29009500,13824000,98635430000000,1,1,1
1,5019,98635440000000,98635449185125,98635464457125,15272000,24457125,9185125,98635450000000,1,1,0
1,5021,98635450000000,98635464591875,98635478628625,14036750,28628625,14591875,98635460000000,1,1,1
1,5022,98635470000000,98635478817375,98635494660375,15843000,24660375,8817375,98635480000000,1,1,0
1,5024,98635480000000,98635494814500,98635510727125,15912625,30727125,14814500,98635490000000,1,1,1
1,5026,98635500000000,98635510892125,98635524383000,13490875,24383000,10892125,98635510000000,1,1,1
1,5027,98635520000000,98635524499500,98635537019625,12520125,17019625,4499500,98635530000000,1,0,0
1,5028,98635530000000,98635537123750,98635550814000,13690250,20814000,7123750,98635540000000,1,1,0
1,5030,98635540000000,98635551012125,98635566155375,15143250,26155375,11012125,98635550000000,1,1,1
1,5031,98635560000000,98635566492375,98635577913000,11420625,17913000,6492375,98635570000000,1,1,0
1,5032,98635570000000,98635577980375,98635584936875,6956500,14936875,7980375,98635580000000,1,1,0
1,5033,98635580000000,98635585032125,98635593016250,7984125,13016250,5032125,98635590000000,1,1,0
1,5034,98635590000000,98635593677000,98635609305000,15628000,19305000,3677000,98635600000000,1,0,0
1,5035,98635600000000,98635609499125,98635625273875,15774750,25273875,9499125,98635610000000,1,1,0
1,5037,98635610000000,98635625393750,98635641159750,15766000,31159750,15393750,98635620000000,1,1,1
1,5039,98635630000000,98635641316000,98635655907125,14591125,25907125,11316000,98635640000000,1,1,1
1,5040,98635650000000,98635656058125,98635671802125,15744000,21802125,6058125,98635660000000,1,1,0
1,5042,98635660000000,98635671996375,98635687154625,15158250,27154625,11996375,98635670000000,1,1,1
1,5043,98635680000000,98635687325500,98635702413625,15088125,22413625,7325500,98635690000000,1,1,0
1,5045,98635690000000,98635702584125,98635717814625,15230500,27814625,12584125,98635700000000,1,1,1
1,5046,98635710000000,98635717962500,98635733688250,15725750,23688250,7962500,98635720000000,1,1,0
1,5048,98635720000000,98635733900875,98635749814125,15913250,29814125,13900875,98635730000000,1,1,1
1,5049,98635740000000,98635749997000,98635765343250,15346250,25343250,9997000,98635750000000,1,1,0
1,5051,98635750000000,98635765502375,98635780129625,14627250,30129625,15502375,98635760000000,1,1,1
1,5053,98635770000000,98635780231750,98635794735375,14503625,24735375,10231750,98635780000000,1,1,1
1,5054,98635790000000,98635794961500,98635810897875,15936375,20897875,4961500,98635800000000,1,0,0
1,5056,98635800000000,98635811074125,98635825163625,14089500,25163625,11074125,98635810000000,1,1,1
1,5057,98635820000000,98635825289500,98635840127625,14838125,20127625,5289500,98635830000000,1,1,0
1,5059,98635830000000,98635840300500,98635854744750,14444250,24744750,10300500,98635840000000,1,1,1
1,5060,98635850000000,98635854923750,98635870780750,15857000,20780750,4923750,98635860000000,1,0,0
1,5062,98635860000000,98635871018375,98635886482125,15463750,26482125,11018375,98635870000000,1,1,1
1,5063,98635880000000,98635886680250,98635902587000,15906750,22587000,6680250,98635890000000,1,1,0
1,5065,98635890000000,98635902788625,98635918692375,15903750,28692375,12788625,98635900000000,1,1,1
1,5066,98635910000000,98635918847625,98635934509375,15661750,24509375,8847625,98635920000000,1,1,0
1,5068,98635920000000,98635934675875,98635949847250,15171375,29847250,14675875,98635930000000,1,1,1
1,5070,98635940000000,98635950021375,98635965920000,15898625,25920000,10021375,98635950000000,1,1,1
1,5071,98635960000000,98635966097000,98635981178625,15081625,21178625,6097000,98635970000000,1,1,0
1,5073,98635970000000,98635981459250,98635996580875,15121625,26580875,11459250,98635980000000,1,1,1
1,5074,98635990000000,98635996761000,98636012696625,15935625,22696625,6761000,98636000000000,1,1,0
1,5076,98636000000000,98636012873250,98636028787750,15914500,28787750,12873250,98636010000000,1,1,1
1,5077,98636020000000,98636028941750,98636042977875,14036125,22977875,8941750,98636030000000,1,1,0
1,5079,98636030000000,98636043150125,98636059036500,15886375,29036500,13150125,98636040000000,1,1,1
1,5080,98636050000000,98636059178000,98636074635375,15457375,24635375,9178000,98636060000000,1,1,0
1,5082,98636060000000,98636074779250,98636090652375,15873125,30652375,14779250,98636070000000,1,1,1
1,5084,98636080000000,98636090837250,98636106783625,15946375,26783625,10837250,98636090000000,1,1,1
1,5085,98636100000000,98636106953000,98636121516875,14563875,21516875,6953000,98636110000000,1,1,0
1,5087,98636110000000,98636121699875,98636136987500,15287625,26987500,11699875,98636120000000,1,1,1
1,5088,98636130000000,98636137173250,98636153047375,15874125,23047375,7173250,98636140000000,1,1,0
1,5090,98636140000000,98636153217250,98636169112250,15895000,29112250,13217250,98636150000000,1,1,1
1,5091,98636160000000,98636169280125,98636185147875,15867750,25147875,9280125,98636170000000,1,1,0
1,5093,98636170000000,98636185300125,98636200132875,14832750,30132875,15300125,98636180000000,1,1,1
1,5095,98636190000000,98636200289500,98636216108000,15818500,26108000,10289500,98636200000000,1,1,1
1,5096,98636210000000,98636216353875,98636231586875,15233000,21586875,6353875,98636220000000,1,1,0
1,5098,98636220000000,98636237672250,98636253361625,15689375,33361625,17672250,98636230000000,1,1,1
1,5100,98636240000000,98636253552875,98636268795000,15242125,28795000,13552875,98636250000000,1,1,1
1,5101,98636260000000,98636268961000,98636284881500,15920500,24881500,8961000,98636270000000,1,1,0
1,5103,98636270000000,98636285039500,98636300786250,15746750,30786250,15039500,98636280000000,1,1,1
1,5105,98636290000000,98636300917000,98636316150875,15233875,26150875,10917000,98636300000000,1,1,1
1,5106,98636310000000,98636316304625,98636331676125,15371500,21676125,6304625,98636320000000,1,1,0
1,5108,98636320000000,98636331871750,98636347727375,15855625,27727375,11871750,98636330000000,1,1,1
1,5109,98636340000000,98636347885875,98636362532750,14646875,22532750,7885875,98636350000000,1,1,0
1,5111,98636350000000,98636362700625,98636378636250,15935625,28636250,12700625,98636360000000,1,1,1
1,5112,98636370000000,98636378789375,98636394656625,15867250,24656625,8789375,98636380000000,1,1,0
1,5114,98636380000000,98636394931000,98636410816750,15885750,30816750,14931000,98636390000000,1,1,1
1,5116,98636400000000,98636410988500,98636426231125,15242625,26231125,10988500,98636410000000,1,1,1
1,5117,98636420000000,98636426395125,98636442303375,15908250,22303375,6395125,98636430000000,1,1,0
1,5119,98636430000000,98636442564500,98636458486375,15921875,28486375,12564500,98636440000000,1,1,1
1,5120,98636450000000,98636458655625,98636473797375,15141750,23797375,8655625,98636460000000,1,1,0
1,5122,98636460000000,98636474062375,98636488699375,14637000,28699375,14062375,98636470000000,1,1,1
1,5123,98636480000000,98636488883750,98636504858875,15975125,24858875,8883750,98636490000000,1,1,0
1,5125,98636490000000,98636505027750,98636520935000,15907250,30935000,15027750,98636500000000,1,1,1
1,5127,98636510000000,98636521086750,98636536901375,15814625,26901375,11086750,98636520000000,1,1,1
1,5128,98636530000000,98636537060500,98636552960375,15899875,22960375,7060500,98636540000000,1,1,0
1,5130,98636540000000,98636553123875,98636568321250,15197375,28321250,13123875,98636550000000,1,1,1
1,5131,98636560000000,98636568483125,98636584313375,15830250,24313375,8483125,98636570000000,1,1,0
1,5133,98636570000000,98636584469500,98636600359750,15890250,30359750,14469500,98636580000000,1,1,1
1,5135,98636590000000,98636600509875,98636615158750,14648875,25158750,10509875,98636600000000,1,1,1
1,5136,98636610000000,98636615338250,98636631221125,15882875,21221125,5338250,98636620000000,1,1,0
1,5138,98636620000000,98636631405250,98636646375000,14969750,26375000,11405250,98636630000000,1,1,1
1,5139,98636640000000,98636646538000,98636661771875,15233875,21771875,6538000,98636650000000,1,1,0
1,5141,98636650000000,98636661930000,98636677798250,15868250,27798250,11930000,98636660000000,1,1,1
1,5142,98636670000000,98636677956875,98636693223375,15266500,23223375,7956875,98636680000000,1,1,0
1,5144,98636680000000,98636693398000,98636709284875,15886875,29284875,13398000,98636690000000,1,1,1
1,5145,98636700000000,98636709561625,98636725483875,15922250,25483875,9561625,98636710000000,1,1,0
1,5147,98636710000000,98636725680625,98636741543625,15863000,31543625,15680625,98636720000000,1,1,1
1,5149,98636730000000,98636741707875,98636757685500,15977625,27685500,11707875,98636740000000,1,1,1
1,5150,98636750000000,98636757862500,98636773083875,15221375,23083875,7862500,98636760000000,1,1,0
1,5152,98636760000000,98636773258000,98636788486500,15228500,28486500,13258000,98636770000000,1,1,1
1,5153,98636780000000,98636788648000,98636803972125,15324125,23972125,8648000,98636790000000,1,1,0
1,5155,98636790000000,98636804137625,98636820035625,15898000,30035625,14137625,98636800000000,1,1,1
1,5157,98636810000000,98636820185375,98636835943875,15758500,25943875,10185375,98636820000000,1,1,1
1,5158,98636830000000,98636836143000,98636851962875,15819875,21962875,6143000,98636840000000,1,1,0
1,5160,98636840000000,98636852129500,98636867306625,15177125,27306625,12129500,98636850000000,1,1,1
1,5161,98636860000000,98636867471000,98636882701000,15230000,22701000,7471000,98636870000000,1,1,0
1,5163,98636870000000,98636883637375,98636898002625,14365250,28002625,13637375,98636880000000,1,1,1
1,5164,98636890000000,98636898188125,98636914160750,15972625,24160750,8188125,98636900000000,1,1,0
1,5166,98636900000000,98636914334500,98636930241750,15907250,30241750,14334500,98636910000000,1,1,1
1,5168,98636920000000,98636930417375,98636946271500,15854125,26271500,10417375,98636930000000,1,1,1
1,5169,98636940000000,98636946428625,98636961665500,15236875,21665500,6428625,98636950000000,1,1,0
1,5171,98636950000000,98636961950500,98636977629875,15679375,27629875,11950500,98636960000000,1,1,1
1,5172,98636970000000,98636977815750,98636993188750,15373000,23188750,7815750,98636980000000,1,1,0
1,5174,98636980000000,98636993355125,98637009263375,15908250,29263375,13355125,98636990000000,1,1,1
1,5175,98637000000000,98637009438000,98637025311625,15873625,25311625,9438000,98637010000000,1,1,0
1,5177,98637010000000,98637025477125,98637041385250,15908125,31385250,15477125,98637020000000,1,1,1
1,5179,98637030000000,98637041540500,98637057712750,16172250,27712750,11540500,98637040000000,1,1,1
1,5180,98637050000000,98637057895750,98637073341375,15445625,23341375,7895750,98637060000000,1,1,0
1,5182,98637060000000,98637073522375,98637089409750,15887375,29409750,13522375,98637070000000,1,1,1
1,5183,98637080000000,98637089566750,98637105492625,15925875,25492625,9566750,98637090000000,1,1,0
1,5185,98637090000000,98637105664875,98637121580875,15916000,31580875,15664875,98637100000000,1,1,1
1,5187,98637110000000,98637121738625,98637137050000,15311375,27050000,11738625,98637120000000,1,1,1
1,5188,98637130000000,98637137221250,98637152562000,15340750,22562000,7221250,98637140000000,1,1,0
1,5190,98637140000000,98637152728000,98637167775875,15047875,27775875,12728000,98637150000000,1,1,1
1,5191,98637160000000,98637167950625,98637183860375,15909750,23860375,7950625,98637170000000,1,1,0
1,5193,98637170000000,98637184055500,98637199876000,15820500,29876000,14055500,98637180000000,1,1,1
1,5195,98637190000000,98637200052625,98637215301625,15249000,25301625,10052625,98637200000000,1,1,1
1,5196,98637210000000,98637215489875,98637231337125,15847250,21337125,5489875,98637220000000,1,1,0
1,5198,98637220000000,98637231611500,98637245740500,14129000,25740500,11611500,98637230000000,1,1,1
1,5199,98637240000000,98637245927875,98637260996375,15068500,20996375,5927875,98637250000000,1,1,0
1,5201,98637250000000,98637261173875,98637277049500,15875625,27049500,11173875,98637260000000,1,1,1
1,5202,98637270000000,98637277216000,98637291719500,14503500,21719500,7216000,98637280000000,1,1,0
1,5204,98637280000000,98637291920250,98637306851625,14931375,26851625,11920250,98637290000000,1,1,1
1,5205,98637300000000,98637307048750,98637322886750,15838000,22886750,7048750,98637310000000,1,1,0
1,5207,98637310000000,98637323065375,98637337585375,14520000,27585375,13065375,98637320000000,1,1,1
1,5208,98637330000000,98637337739500,98637352976250,15236750,22976250,7739500,98637340000000,1,1,0
1,5210,98637340000000,98637353135875,98637369047500,15911625,29047500,13135875,98637350000000,1,1,1
1,5211,98637360000000,98637369219250,98637384369250,15150000,24369250,9219250,98637370000000,1,1,0
1,5213,98637370000000,98637384523000,98637400355500,15832500,30355500,14523000,98637380000000,1,1,1
1,5215,98637390000000,98637400508375,98637415871500,15363125,25871500,10508375,98637400000000,1,1,1
1,5216,98637410000000,98637416191625,98637430406500,14214875,20406500,6191625,98637420000000,1,1,0
1,5218,98637420000000,98637430592000,98637445767750,15175750,25767750,10592000,98637430000000,1,1,1
1,5219,98637440000000,98637445933750,98637461857625,15923875,21857625,5933750,98637450000000,1,1,0
1,5221,98637450000000,98637462026375,98637477301250,15274875,27301250,12026375,98637460000000,1,1,1
1,5222,98637470000000,98637477466625,98637493302750,15836125,23302750,7466625,98637480000000,1,1,0
1,5224,98637480000000,98637493436375,98637509349500,15913125,29349500,13436375,98637490000000,1,1,1
1,5225,98637500000000,98637509512125,98637524737125,15225000,24737125,9512125,98637510000000,1,1,0
1,5227,98637510000000,98637526318750,98637541551625,15232875,31551625,16318750,98637520000000,1,1,1
1,5229,98637530000000,98637541735500,98637557641875,15906375,27641875,11735500,98637540000000,1,1,1
1,5230,98637550000000,98637557813125,98637573672125,15859000,23672125,7813125,98637560000000,1,1,0
1,5232,98637560000000,98637573838875,98637589130500,15291625,29130500,13838875,98637570000000,1,1,1
1,5233,98637580000000,98637589276875,98637605234000,15957125,25234000,9276875,98637590000000,1,1,0
1,5235,98637590000000,98637605410000,98637621292500,15882500,31292500,15410000,98637600000000,1,1,1
1,5237,98637610000000,98637621570500,98637636782000,15211500,26782000,11570500,98637620000000,1,1,1
1,5238,98637630000000,98637636967875,98637651585875,14618000,21585875,6967875,98637640000000,1,1,0
1,5240,98637640000000,98637651888500,98637665777500,13889000,25777500,11888500,98637650000000,1,1,1
1,5241,98637660000000,98637665970250,98637681863875,15893625,21863875,5970250,98637670000000,1,1,0
1,5243,98637670000000,98637682034125,98637696677125,14643000,26677125,12034125,98637680000000,1,1,1
1,5244,98637690000000,98637696841000,98637712091000,15250000,22091000,6841000,98637700000000,1,1,0
1,5246,98637700000000,98637712253500,98637728189125,15935625,28189125,12253500,98637710000000,1,1,1
1,5247,98637720000000,98637728340375,98637743498000,15157625,23498000,8340375,98637730000000,1,1,0
1,5249,98637730000000,98637743680625,98637759566500,15885875,29566500,13680625,98637740000000,1,1,1
1,5250,98637750000000,98637759741625,98637775704500,15962875,25704500,9741625,98637760000000,1,1,0
1,5252,98637760000000,98637775893250,98637791732875,15839625,31732875,15893250,98637770000000,1,1,1
1,5254,98637780000000,98637791904125,98637807780750,15876625,27780750,11904125,98637790000000,1,1,1
1,5255,98637800000000,98637808087500,98637823128125,15040625,23128125,8087500,98637810000000,1,1,0
1,5257,98637810000000,98637823320000,98637838555750,15235750,28555750,13320000,98637820000000,1,1,1
1,5258,98637830000000,98637838834875,98637854615875,15781000,24615875,8834875,98637840000000,1,1,0
1,5260,98637840000000,98637854764625,98637870630000,15865375,30630000,14764625,98637850000000,1,1,1
1,5262,98637860000000,98637870779250,98637886633875,15854625,26633875,10779250,98637870000000,1,1,1
1,5263,98637880000000,98637886805625,98637902720125,15914500,22720125,6805625,98637890000000,1,1,0
1,5265,98637890000000,98637902883750,98637917798375,14914625,27798375,12883750,98637900000000,1,1,1
1,5266,98637910000000,98637917917000,98637933216625,15299625,23216625,7917000,98637920000000,1,1,0
1,5268,98637920000000,98637933386500,98637948830250,15443750,28830250,13386500,98637930000000,1,1,1
1,5269,98637940000000,98637949006375,98637964765875,15759500,24765875,9006375,98637950000000,1,1,0
1,5271,98637950000000,98637964931000,98637980780375,15849375,30780375,14931000,98637960000000,1,1,1
1,5273,98637970000000,98637980938625,98637996175875,15237250,26175875,10938625,98637980000000,1,1,1
1,5274,98637990000000,98637996329125,98638011542875,15213750,21542875,6329125,98638000000000,1,1,0
1,5276,98638000000000,98638011714125,98638026209750,14495625,26209750,11714125,98638010000000,1,1,1
1,5277,98638020000000,98638026379125,98638041458750,15079625,21458750,6379125,98638030000000,1,1,0
1,5279,98638030000000,98638041637750,98638056966875,15329125,26966875,11637750,98638040000000,1,1,1
1,5280,98638050000000,98638057130375,98638073071250,15940875,23071250,7130375,98638060000000,1,1,0
1,5282,98638060000000,98638073243000,98638089046875,15803875,29046875,13243000,98638070000000,1,1,1
1,5283,98638080000000,98638089199125,98638103751500,14552375,23751500,9199125,98638090000000,1,1,0
1,5285,98638090000000,98638103950375,98638119256500,15306125,29256500,13950375,98638100000000,1,1,1
1,5286,98638110000000,98638119434500,98638135256000,15821500,25256000,9434500,98638120000000,1,1,0
1,5288,98638120000000,98638135426250,98638150766000,15339750,30766000,15426250,98638130000000,1,1,1
1,5290,98638140000000,98638150938250,98638166878750,15940500,26878750,10938250,98638150000000,1,1,1
1,5291,98638160000000,98638167791750,98638183790250,15998500,23790250,7791750,98638170000000,1,1,0
1,5293,98638170000000,98638184042000,98638198745500,14703500,28745500,14042000,98638180000000,1,1,1
1,5294,98638190000000,98638198919250,98638214345250,15426000,24345250,8919250,98638200000000,1,1,0
1,5296,98638200000000,98638214511750,98638230416625,15904875,30416625,14511750,98638210000000,1,1,1
1,5298,98638220000000,98638230567375,98638245333250,14765875,25333250,10567375,98638230000000,1,1,1
1,5299,98638240000000,98638245493375,98638261304500,15811125,21304500,5493375,98638250000000,1,1,0
1,5301,98638250000000,98638261450375,98638276742750,15292375,26742750,11450375,98638260000000,1,1,1
1,5302,98638270000000,98638276895125,98638291154000,14258875,21154000,6895125,98638280000000,1,1,0
1,5304,98638280000000,98638291363375,98638307226625,15863250,27226625,11363375,98638290000000,1,1,1
1,5305,98638300000000,98638307405875,98638322750375,15344500,22750375,7405875,98638310000000,1,1,0
1,5307,98638310000000,98638322910875,98638338776375,15865500,28776375,12910875,98638320000000,1,1,1
1,5308,98638330000000,98638339065125,98638354957750,15892625,24957750,9065125,98638340000000,1,1,0
1,5310,98638340000000,98638355151000,98638371059750,15908750,31059750,15151000,98638350000000,1,1,1
1,5312,98638360000000,98638371234875,98638386106625,14871750,26106625,11234875,98638370000000,1,1,1
1,5313,98638380000000,98638386261875,98638402153000,15891125,22153000,6261875,98638390000000,1,1,0
1,5315,98638390000000,98638402325750,98638417924750,15599000,27924750,12325750,98638400000000,1,1,1
1,5316,98638410000000,98638418189500,98638434084750,15895250,24084750,8189500,98638420000000,1,1,0
1,5318,98638420000000,98638434268250,98638450164750,15896500,30164750,14268250,98638430000000,1,1,1
1,5320,98638440000000,98638450332625,98638466230125,15897500,26230125,10332625,98638450000000,1,1,1
1,5321,98638460000000,98638466500375,98638482448750,15948375,22448750,6500375,98638470000000,1,1,0
1,5323,98638470000000,98638482631750,98638497844625,15212875,27844625,12631750,98638480000000,1,1,1
1,5324,98638490000000,98638498114875,98638514043750,15928875,24043750,8114875,98638500000000,1,1,0
1,5326,98638500000000,98638514216500,98638530083750,15867250,30083750,14216500,98638510000000,1,1,1
1,5328,98638520000000,98638530237875,98638545600625,15362750,25600625,10237875,98638530000000,1,1,1
1,5329,98638540000000,98638545790875,98638561679750,15888875,21679750,5790875,98638550000000,1,1,0
1,5331,98638550000000,98638561839750,98638577748875,15909125,27748875,11839750,98638560000000,1,1,1
1,5332,98638570000000,98638578014875,98638592646125,14631250,22646125,8014875,98638580000000,1,1,0
1,5334,98638580000000,98638592824125,98638608700750,15876625,28700750,12824125,98638590000000,1,1,1
1,5335,98638600000000,98638608860375,98638624761750,15901375,24761750,8860375,98638610000000,1,1,0
1,5337,98638610000000,98638625025750,98638640873500,15847750,30873500,15025750,98638620000000,1,1,1
1,5339,98638630000000,98638641059375,98638655790125,14730750,25790125,11059375,98638640000000,1,1,1
1,5340,98638650000000,98638655985375,98638671915250,15929875,21915250,5985375,98638660000000,1,1,0
1,5342,98638660000000,98638672095125,98638686852250,14757125,26852250,12095125,98638670000000,1,1,1
1,5343,98638680000000,98638687025875,98638702372125,15346250,22372125,7025875,98638690000000,1,1,0
1,5345,98638690000000,98638702539125,98638718448250,15909125,28448250,12539125,98638700000000,1,1,1
1,5346,98638710000000,98638718621875,98638734536000,15914125,24536000,8621875,98638720000000,1,1,0
1,5348,98638720000000,98638734809750,98638750670250,15860500,30670250,14809750,98638730000000,1,1,1
1,5350,98638740000000,98638750855125,98638766217250,15362125,26217250,10855125,98638750000000,1,1,1
1,5351,98638760000000,98638766387625,98638780376250,13988625,20376250,6387625,98638770000000,1,1,0
1,5353,98638770000000,98638780538625,98638796537250,15998625,26537250,10538625,98638780000000,1,1,1
1,5354,98638790000000,98638796691000,98638812744625,16053625,22744625,6691000,98638800000000,1,1,0
1,5356,98638800000000,98638812872875,98638828790500,15917625,28790500,12872875,98638810000000,1,1,1
1,5357,98638820000000,98638829690375,98638845515125,15824750,25515125,9690375,98638830000000,1,1,0
1,5359,98638830000000,98638845673250,98638861553250,15880000,31553250,15673250,98638840000000,1,1,1
1,5361,98638850000000,98638861729375,98638877475500,15746125,27475500,11729375,98638860000000,1,1,1
1,5362,98638870000000,98638877596125,98638892150625,14554500,22150625,7596125,98638880000000,1,1,0
1,5364,98638880000000,98638892445500,98638908404000,15958500,28404000,12445500,98638890000000,1,1,1
1,5365,98638900000000,98638908601125,98638923873500,15272375,23873500,8601125,98638910000000,1,1,0
1,5367,98638910000000,98638924138500,98638939980500,15842000,29980500,14138500,98638920000000,1,1,1
1,5369,98638930000000,98638940161500,98638956070125,15908625,26070125,10161500,98638940000000,1,1,1
1,5370,98638950000000,98638956225875,98638972159000,15933125,22159000,6225875,98638960000000,1,1,0
1,5372,98638960000000,98638972325375,98638987467000,15141625,27467000,12325375,98638970000000,1,1,1
1,5373,98638980000000,98638987636875,98639003074250,15437375,23074250,7636875,98638990000000,1,1,0
1,5375,98638990000000,98639003255625,98639019143500,15887875,29143500,13255625,98639000000000,1,1,1
1,5376,98639010000000,98639019444000,98639034745375,15301375,24745375,9444000,98639020000000,1,1,0
1,5378,98639020000000,98639034934625,98639050868250,15933625,30868250,14934625,98639030000000,1,1,1
1,5380,98639040000000,98639051025375,98639066674625,15649250,26674625,11025375,98639050000000,1,1,1
1,5381,98639060000000,98639066848250,98639082758375,15910125,22758375,6848250,98639070000000,1,1,0
1,5383,98639070000000,98639082928625,98639096892875,13964250,26892875,12928625,98639080000000,1,1,1
1,5384,98639090000000,98639097036875,98639113400875,16364000,23400875,7036875,98639100000000,1,1,0
1,5386,98639100000000,98639113573125,98639129523875,15950750,29523875,13573125,98639110000000,1,1,1
1,5387,98639120000000,98639129710250,98639144442000,14731750,24442000,9710250,98639130000000,1,1,0
1,5389,98639130000000,98639144604000,98639159780750,15176750,29780750,14604000,98639140000000,1,1,1
1,5390,98639150000000,98639159951500,98639174279750,14328250,24279750,9951500,98639160000000,1,1,0
1,5392,98639160000000,98639174452000,98639190021625,15569625,30021625,14452000,98639170000000,1,1,1
1,5394,98639180000000,98639190192375,98639205331625,15139250,25331625,10192375,98639190000000,1,1,1
1,5395,98639200000000,98639205485250,98639221357875,15872625,21357875,5485250,98639210000000,1,1,0
1,5397,98639210000000,98639221526750,98639237370125,15843375,27370125,11526750,98639220000000,1,1,1
1,5398,98639230000000,98639237519875,98639252684000,15164125,22684000,7519875,98639240000000,1,1,0
1,5400,98639240000000,98639252943000,98639268120500,15177500,28120500,12943000,98639250000000,1,1,1
1,5401,98639260000000,98639268285250,98639284177000,15891750,24177000,8285250,98639270000000,1,1,0
1,5403,98639270000000,98639284436625,98639299619750,15183125,29619750,14436625,98639280000000,1,1,1
1,5404,98639290000000,98639299817500,98639315686125,15868625,25686125,9817500,98639300000000,1,1,0
1,5406,98639300000000,98639315874375,98639331803750,15929375,31803750,15874375,98639310000000,1,1,1
1,5408,98639320000000,98639331988125,98639347819375,15831250,27819375,11988125,98639330000000,1,1,1
1,5409,98639340000000,98639347984125,98639363796375,15812250,23796375,7984125,98639350000000,1,1,0
1,5411,98639350000000,98639363959750,98639379139125,15179375,29139125,13959750,98639360000000,1,1,1
1,5412,98639370000000,98639379294625,98639395131625,15837000,25131625,9294625,98639380000000,1,1,0
1,5414,98639380000000,98639395415750,98639411253125,15837375,31253125,15415750,98639390000000,1,1,1
1,5416,98639400000000,98639411439000,98639427333625,15894625,27333625,11439000,98639410000000,1,1,1
1,5417,98639420000000,98639427516625,98639442785250,15268625,22785250,7516625,98639430000000,1,1,0
1,5419,98639430000000,98639442963250,98639458796500,15833250,28796500,12963250,98639440000000,1,1,1
1,5420,98639450000000,98639458960750,98639473395375,14434625,23395375,8960750,98639460000000,1,1,0
1,5422,98639460000000,98639474302500,98639490297750,15995250,30297750,14302500,98639470000000,1,1,1
1,5424,98639480000000,98639490481125,98639505930250,15449125,25930250,10481125,98639490000000,1,1,1
1,5425,98639500000000,98639506101500,98639521944875,15843375,21944875,6101500,98639510000000,1,1,0
1,5427,98639510000000,98639522232250,98639537480875,15248625,27480875,12232250,98639520000000,1,1,1
1,5428,98639530000000,98639537662375,98639552798125,15135750,22798125,7662375,98639540000000,1,1,0
1,5430,98639540000000,98639553046500,98639568362375,15315875,28362375,13046500,98639550000000,1,1,1
1,5431,98639560000000,98639568629250,98639583765000,15135750,23765000,8629250,98639570000000,1,1,0
1,5433,98639570000000,98639583958250,98639599200875,15242625,29200875,13958250,98639580000000,1,1,1
1,5434,98639590000000,98639599383875,98639615326875,15943000,25326875,9383875,98639600000000,1,1,0
1,5436,98639600000000,98639615503500,98639630702750,15199250,30702750,15503500,98639610000000,1,1,1
1,5438,98639620000000,98639630879875,98639646744625,15864750,26744625,10879875,98639630000000,1,1,1
1,5439,98639640000000,98639646915000,98639661550625,14635625,21550625,6915000,98639650000000,1,1,0
1,5441,98639650000000,98639661708125,98639676372500,14664375,26372500,11708125,98639660000000,1,1,1
1,5442,98639670000000,98639676546750,98639692384750,15838000,22384750,6546750,98639680000000,1,1,0
1,5444,98639680000000,98639692538000,98639707263875,14725875,27263875,12538000,98639690000000,1,1,1
1,5445,98639700000000,98639707538125,98639723388750,15850625,23388750,7538125,98639710000000,1,1,0
1,5447,98639710000000,98639723574625,98639738870500,15295875,28870500,13574625,98639720000000,1,1,1
1,5448,98639730000000,98639739040375,98639754243000,15202625,24243000,9040375,98639740000000,1,1,0
1,5450,98639740000000,98639754416625,98639770338125,15921500,30338125,14416625,98639750000000,1,1,1
1,5452,98639760000000,98639770601625,98639786424500,15822875,26424500,10601625,98639770000000,1,1,1
1,5453,98639780000000,98639786601625,98639802516625,15915000,22516625,6601625,98639790000000,1,1,0
1,5455,98639790000000,98639802692500,98639818835875,16143375,28835875,12692500,98639800000000,1,1,1
1,5456,98639810000000,98639819036375,98639833737375,14701000,23737375,9036375,98639820000000,1,1,0
1,5458,98639820000000,98639833934500,98639848850625,14916125,28850625,13934500,98639830000000,1,1,1
1,5459,98639840000000,98639849004875,98639863760500,14755625,23760500,9004875,98639850000000,1,1,0
1,5461,98639850000000,98639863947875,98639879860125,15912250,29860125,13947875,98639860000000,1,1,1
1,5463,98639870000000,98639880039750,98639895386250,15346500,25386250,10039750,98639880000000,1,1,1
1,5464,98639890000000,98639895561875,98639911272500,15710625,21272500,5561875,98639900000000,1,1,0
1,5466,98639900000000,98639911413125,98639927355500,15942375,27355500,11413125,98639910000000,1,1,1
1,5467,98639920000000,98639927513625,98639942656625,15143000,22656625,7513625,98639930000000,1,1,0
1,5469,98639930000000,98639942821625,98639958721125,15899500,28721125,12821625,98639940000000,1,1,1
1,5470,98639950000000,98639958886500,98639974425375,15538875,24425375,8886500,98639960000000,1,1,0
1,5472,98639960000000,98639974585375,98639990468375,15883000,30468375,14585375,98639970000000,1,1,1
1,5474,98639980000000,98639990795500,98640005817875,15022375,25817875,10795500,98639990000000,1,1,1
1,5475,98640000000000,98640005956000,98640021866625,15910625,21866625,5956000,98640010000000,1,1,0
1,5477,98640010000000,98640022140875,98640037398250,15257375,27398250,12140875,98640020000000,1,1,1
1,5478,98640030000000,98640037575250,98640053466500,15891250,23466500,7575250,98640040000000,1,1,0
1,5480,98640040000000,98640053621125,98640069524500,15903375,29524500,13621125,98640050000000,1,1,1
1,5481,98640060000000,98640069676375,98640085580750,15904375,25580750,9676375,98640070000000,1,1,0
1,5483,98640070000000,98640085756875,98640101362125,15605250,31362125,15756875,98640080000000,1,1,1
1,5485,98640090000000,98640101517750,98640116747750,15230000,26747750,11517750,98640100000000,1,1,1
1,5486,98640110000000,98640117626000,98640133511875,15885875,23511875,7626000,98640120000000,1,1,0
1,5488,98640120000000,98640133700250,98640148898000,15197750,28898000,13700250,98640130000000,1,1,1
1,5489,98640140000000,98640149069250,98640164839375,15770125,24839375,9069250,98640150000000,1,1,0
1,5491,98640150000000,98640164977500,98640180878500,15901000,30878500,14977500,98640160000000,1,1,1
1,5493,98640170000000,98640181036625,98640196928750,15892125,26928750,11036625,98640180000000,1,1,1
1,5494,98640190000000,98640197081000,98640212977500,15896500,22977500,7081000,98640200000000,1,1,0
1,5496,98640200000000,98640213249875,98640229141500,15891625,29141500,13249875,98640210000000,1,1,1
1,5497,98640220000000,98640229319125,98640245177000,15857875,25177000,9319125,98640230000000,1,1,0
1,5499,98640230000000,98640245345375,98640260525625,15180250,30525625,15345375,98640240000000,1,1,1
1,5501,98640250000000,98640260694500,98640276421250,15726750,26421250,10694500,98640260000000,1,1,1
1,5502,98640270000000,98640276576375,98640292484125,15907750,22484125,6576375,98640280000000,1,1,0
1,5504,98640280000000,98640292640750,98640308565625,15924875,28565625,12640750,98640290000000,1,1,1
1,5505,98640300000000,98640308722375,98640324547625,15825250,24547625,8722375,98640310000000,1,1,0
1,5507,98640310000000,98640324805125,98640340709625,15904500,30709625,14805125,98640320000000,1,1,1
1,5509,98640330000000,98640340875000,98640356131375,15256375,26131375,10875000,98640340000000,1,1,1
1,5510,98640350000000,98640356281125,98640371488125,15207000,21488125,6281125,98640360000000,1,1,0
1,5512,98640360000000,98640371650625,98640387455875,15805250,27455875,11650625,98640370000000,1,1,1
1,5513,98640380000000,98640387631125,98640403504125,15873000,23504125,7631125,98640390000000,1,1,0
1,5515,98640390000000,98640403672625,98640419108500,15435875,29108500,13672625,98640400000000,1,1,1
1,5516,98640410000000,98640419282750,98640434730250,15447500,24730250,9282750,98640420000000,1,1,0
1,5518,98640420000000,98640434892250,98640450125750,15233500,30125750,14892250,98640430000000,1,1,1
1,5520,98640440000000,98640450281750,98640465583000,15301250,25583000,10281750,98640450000000,1,1,1
1,5521,98640460000000,98640465735250,98640481612375,15877125,21612375,5735250,98640470000000,1,1,0
1,5523,98640470000000,98640481767500,98640496457250,14689750,26457250,11767500,98640480000000,1,1,1
1,5524,98640490000000,98640496618250,98640512470875,15852625,22470875,6618250,98640500000000,1,1,0
1,5526,98640500000000,98640512614750,98640528459625,15844875,28459625,12614750,98640510000000,1,1,1
1,5527,98640520000000,98640528624125,98640543820875,15196750,23820875,8624125,98640530000000,1,1,0
1,5529,98640530000000,98640544000000,98640559848750,15848750,29848750,14000000,98640540000000,1,1,1
1,5531,98640550000000,98640560039125,98640575859500,15820375,25859500,10039125,98640560000000,1,1,1
1,5532,98640570000000,98640576096625,98640591971250,15874625,21971250,6096625,98640580000000,1,1,0
1,5534,98640580000000,98640592159500,98640607016625,14857125,27016625,12159500,98640590000000,1,1,1
1,5535,98640600000000,98640607307625,98640623249875,15942250,23249875,7307625,98640610000000,1,1,0
1,5537,98640610000000,98640623437875,98640639264125,15826250,29264125,13437875,98640620000000,1,1,1
1,5538,98640630000000,98640639432250,98640654636000,15203750,24636000,9432250,98640640000000,1,1,0
1,5540,98640640000000,98640654899500,98640670761000,15861500,30761000,14899500,98640650000000,1,1,1
1,5542,98640660000000,98640671046375,98640685459625,14413250,25459625,11046375,98640670000000,1,1,1
1,5543,98640680000000,98640685634250,98640701505875,15871625,21505875,5634250,98640690000000,1,1,0
1,5545,98640690000000,98640701755625,98640717658125,15902500,27658125,11755625,98640700000000,1,1,1
1,5546,98640710000000,98640717838125,98640733694250,15856125,23694250,7838125,98640720000000,1,1,0
1,5548,98640720000000,98640733862625,98640749009500,15146875,29009500,13862625,98640730000000,1,1,1
1,5549,98640740000000,98640749135500,98640765028625,15893125,25028625,9135500,98640750000000,1,1,0
1,5551,98640750000000,98640765906875,98640781277000,15370125,31277000,15906875,98640760000000,1,1,1
1,5553,98640770000000,98640781482500,98640796864125,15381625,26864125,11482500,98640780000000,1,1,1
1,5554,98640790000000,98640797015875,98640812222375,15206500,22222375,7015875,98640800000000,1,1,0
1,5556,98640800000000,98640812487000,98640828488875,16001875,28488875,12487000,98640810000000,1,1,1
1,5557,98640820000000,98640828707000,98640843910625,15203625,23910625,8707000,98640830000000,1,1,0
1,5559,98640830000000,98640844154500,98640858604000,14449500,28604000,14154500,98640840000000,1,1,1
1,5560,98640850000000,98640858763875,98640874074375,15310500,24074375,8763875,98640860000000,1,1,0
1,5562,98640860000000,98640874247625,98640888942625,14695000,28942625,14247625,98640870000000,1,1,1
1,5563,98640880000000,98640889214000,98640904411250,15197250,24411250,9214000,98640890000000,1,1,0
1,5565,98640890000000,98640904584000,98640918562750,13978750,28562750,14584000,98640900000000,1,1,1
1,5566,98640910000000,98640918739500,98640934175875,15436375,24175875,8739500,98640920000000,1,1,0
1,5568,98640920000000,98640934346625,98640950232875,15886250,30232875,14346625,98640930000000,1,1,1
1,5570,98640940000000,98640950401250,98640966223125,15821875,26223125,10401250,98640950000000,1,1,1
1,5571,98640960000000,98640966396375,98640981691250,15294875,21691250,6396375,98640970000000,1,1,0
1,5573,98640970000000,98640981860500,98640997681000,15820500,27681000,11860500,98640980000000,1,1,1
1,5574,98640990000000,98640997819000,98641013760000,15941000,23760000,7819000,98641000000000,1,1,0
1,5576,98641000000000,98641013920625,98641027874500,13953875,27874500,13920625,98641010000000,1,1,1
1,5577,98641020000000,98641028082250,98641043882250,15800000,23882250,8082250,98641030000000,1,1,0
1,5579,98641030000000,98641044120875,98641058394875,14274000,28394875,14120875,98641040000000,1,1,1
1,5580,98641050000000,98641058585250,98641074531625,15946375,24531625,8585250,98641060000000,1,1,0
1,5582,98641060000000,98641074795000,98641090656500,15861500,30656500,14795000,98641070000000,1,1,1
1,5584,98641080000000,98641090826250,98641105242250,14416000,25242250,10826250,98641090000000,1,1,1
1,5585,98641100000000,98641105406250,98641121012875,15606625,21012875,5406250,98641110000000,1,1,0
1,5587,98641110000000,98641121183625,98641136153000,14969375,26153000,11183625,98641120000000,1,1,1
1,5588,98641130000000,98641136318125,98641152195000,15876875,22195000,6318125,98641140000000,1,1,0
1,5590,98641140000000,98641152368750,98641168224750,15856000,28224750,12368750,98641150000000,1,1,1
1,5591,98641160000000,98641168379375,98641184336500,15957125,24336500,8379375,98641170000000,1,1,0
1,5593,98641170000000,98641184489250,98641198615375,14126125,28615375,14489250,98641180000000,1,1,1
1,5594,98641190000000,98641198775875,98641212948000,14172125,22948000,8775875,98641200000000,1,1,0
1,5596,98641200000000,98641213106500,98641229010000,15903500,29010000,13106500,98641210000000,1,1,1
1,5597,98641220000000,98641229173375,98641244965125,15791750,24965125,9173375,98641230000000,1,1,0
1,5599,98641230000000,98641245141250,98641260400500,15259250,30400500,15141250,98641240000000,1,1,1
1,5601,98641250000000,98641260561500,98641276418500,15857000,26418500,10561500,98641260000000,1,1,1
1,5602,98641270000000,98641276576625,98641291788500,15211875,21788500,6576625,98641280000000,1,1,0
1,5604,98641280000000,98641291978375,98641307814750,15836375,27814750,11978375,98641290000000,1,1,1
1,5605,98641300000000,98641308106625,98641323958375,15851750,23958375,8106625,98641310000000,1,1,0
1,5607,98641310000000,98641324154000,98641340045750,15891750,30045750,14154000,98641320000000,1,1,1
1,5609,98641330000000,98641340193500,98641355116500,14923000,25116500,10193500,98641340000000,1,1,1
1,5610,98641350000000,98641355296625,98641371223500,15926875,21223500,5296625,98641360000000,1,1,0
1,5612,98641360000000,98641371505500,98641386724125,15218625,26724125,11505500,98641370000000,1,1,1
1,5613,98641380000000,98641386916000,98641401407125,14491125,21407125,6916000,98641390000000,1,1,0
1,5615,98641390000000,98641407592750,98641422562250,14969500,32562250,17592750,98641400000000,1,1,1
1,5617,98641410000000,98641422767500,98641438347375,15579875,28347375,12767500,98641420000000,1,1,1
1,5618,98641430000000,98641438495375,98641454376750,15881375,24376750,8495375,98641440000000,1,1,0
1,5620,98641440000000,98641454502625,98641469775000,15272375,29775000,14502625,98641450000000,1,1,1
1,5621,98641460000000,98641469939000,98641485229000,15290000,25229000,9939000,98641470000000,1,1,0
1,5623,98641470000000,98641485407250,98641501372500,15965250,31372500,15407250,98641480000000,1,1,1
1,5625,98641490000000,98641501544250,98641516178375,14634125,26178375,11544250,98641500000000,1,1,1
1,5626,98641510000000,98641516312500,98641532216375,15903875,22216375,6312500,98641520000000,1,1,0
1,5628,98641520000000,98641532376000,98641548190500,15814500,28190500,12376000,98641530000000,1,1,1
1,5629,98641540000000,98641548346625,98641564268125,15921500,24268125,8346625,98641550000000,1,1,0
1,5631,98641550000000,98641564404250,98641580316875,15912625,30316875,14404250,98641560000000,1,1,1
1,5633,98641570000000,98641580478375,98641596439375,15961000,26439375,10478375,98641580000000,1,1,1
1,5634,98641590000000,98641596615000,98641611234625,14619625,21234625,6615000,98641600000000,1,1,0
1,5636,98641600000000,98641611416625,98641627332250,15915625,27332250,11416625,98641610000000,1,1,1
1,5637,98641620000000,98641627508750,98641643311625,15802875,23311625,7508750,98641630000000,1,1,0
1,5639,98641630000000,98641643658500,98641658282000,14623500,28282000,13658500,98641640000000,1,1,1
1,5640,98641650000000,98641658452250,98641674340125,15887875,24340125,8452250,98641660000000,1,1,0
1,5642,98641660000000,98641674508375,98641690411250,15902875,30411250,14508375,98641670000000,1,1,1
1,5644,98641680000000,98641690667500,98641705260625,14593125,25260625,10667500,98641690000000,1,1,1
1,5645,98641700000000,98641705427500,98641720668250,15240750,20668250,5427500,98641710000000,1,1,0
1,5647,98641710000000,98641720825250,98641736746750,15921500,26746750,10825250,98641720000000,1,1,1
1,5648,98641730000000,98641736901500,98641752293000,15391500,22293000,6901500,98641740000000,1,1,0
1,5650,98641740000000,98641752469000,98641767723000,15254000,27723000,12469000,98641750000000,1,1,1
1,5651,98641760000000,98641767894750,98641783253500,15358750,23253500,7894750,98641770000000,1,1,0
1,5653,98641770000000,98641783438000,98641798615750,15177750,28615750,13438000,98641780000000,1,1,1
1,5654,98641790000000,98641798890000,98641813509000,14619000,23509000,8890000,98641800000000,1,1,0
1,5656,98641800000000,98641813673875,98641828842875,15169000,28842875,13673875,98641810000000,1,1,1
1,5657,98641820000000,98641829025375,98641844328000,15302625,24328000,9025375,98641830000000,1,1,0
1,5659,98641830000000,98641844490125,98641858740625,14250500,28740625,14490125,98641840000000,1,1,1
1,5660,98641850000000,98641858897750,98641874088250,15190500,24088250,8897750,98641860000000,1,1,0
1,5662,98641860000000,98641874249250,98641888366125,14116875,28366125,14249250,98641870000000,1,1,1
1,5663,98641880000000,98641888515375,98641904384125,15868750,24384125,8515375,98641890000000,1,1,0
1,5665,98641890000000,98641904533000,98641920374375,15841375,30374375,14533000,98641900000000,1,1,1
1,5667,98641910000000,98641920538375,98641936397750,15859375,26397750,10538375,98641920000000,1,1,1
1,5668,98641930000000,98641936545125,98641952351000,15805875,22351000,6545125,98641940000000,1,1,0
1,5670,98641940000000,98641952528125,98641967680500,15152375,27680500,12528125,98641950000000,1,1,1
1,5671,98641960000000,98641967861500,98641983133000,15271500,23133000,7861500,98641970000000,1,1,0
1,5673,98641970000000,98641983315500,98641999229125,15913625,29229125,13315500,98641980000000,1,1,1
1,5674,98641990000000,98641999413000,98642015296000,15883000,25296000,9413000,98642000000000,1,1,0
1,5676,98642000000000,98642015527250,98642031405250,15878000,31405250,15527250,98642010000000,1,1,1
1,5678,98642020000000,98642031585375,98642047451625,15866250,27451625,11585375,98642030000000,1,1,1
1,5679,98642040000000,98642048414875,98642064369375,15954500,24369375,8414875,98642050000000,1,1,0
1,5681,98642050000000,98642064542750,98642079795125,15252375,29795125,14542750,98642060000000,1,1,1
1,5682,98642070000000,98642079973875,98642095784375,15810500,25784375,9973875,98642080000000,1,1,0
1,5684,98642080000000,98642095978125,98642111859500,15881375,31859500,15978125,98642090000000,1,1,1
1,5686,98642100000000,98642112025500,98642127902500,15877000,27902500,12025500,98642110000000,1,1,1
1,5687,98642120000000,98642128055750,98642143250625,15194875,23250625,8055750,98642130000000,1,1,0
1,5689,98642130000000,98642143428250,98642159297250,15869000,29297250,13428250,98642140000000,1,1,1
1,5690,98642150000000,98642159458375,98642174312125,14853750,24312125,9458375,98642160000000,1,1,0
1,5692,98642160000000,98642174604000,98642190472125,15868125,30472125,14604000,98642170000000,1,1,1
1,5694,98642180000000,98642190663000,98642206260875,15597875,26260875,10663000,98642190000000,1,1,1
1,5695,98642200000000,98642206436000,98642221133125,14697125,21133125,6436000,98642210000000,1,1,0
1,5697,98642210000000,98642221298750,98642237171750,15873000,27171750,11298750,98642220000000,1,1,1
1,5698,98642230000000,98642237328750,98642253286375,15957625,23286375,7328750,98642240000000,1,1,0
1,5700,98642240000000,98642253457625,98642268686625,15229000,28686625,13457625,98642250000000,1,1,1
1,5701,98642260000000,98642268858375,98642284149875,15291500,24149875,8858375,98642270000000,1,1,0
1,5703,98642270000000,98642284307375,98642300198250,15890875,30198250,14307375,98642280000000,1,1,1
1,5705,98642290000000,98642300356750,98642316279125,15922375,26279125,10356750,98642300000000,1,1,1
1,5706,98642310000000,98642316428500,98642332296750,15868250,22296750,6428500,98642320000000,1,1,0
1,5708,98642320000000,98642332451375,98642348327500,15876125,28327500,12451375,98642330000000,1,1,1
1,5709,98642340000000,98642348583625,98642364546125,15962500,24546125,8583625,98642350000000,1,1,0
1,5711,98642350000000,98642364712875,98642379914125,15201250,29914125,14712875,98642360000000,1,1,1
1,5713,98642370000000,98642380118000,98642395336375,15218375,25336375,10118000,98642380000000,1,1,1
1,5714,98642390000000,98642395505250,98642410731750,15226500,20731750,5505250,98642400000000,1,1,0
1,5716,98642400000000,98642410895125,98642425561500,14666375,25561500,10895125,98642410000000,1,1,1
1,5717,98642420000000,98642425712750,98642441569875,15857125,21569875,5712750,98642430000000,1,1,0
1,5719,98642430000000,98642441715250,98642456209750,14494500,26209750,11715250,98642440000000,1,1,1
1,5720,98642450000000,98642456366000,98642472296625,15930625,22296625,6366000,98642460000000,1,1,0
1,5722,98642460000000,98642472449375,98642488317125,15867750,28317125,12449375,98642470000000,1,1,1
1,5723,98642480000000,98642488578375,98642502811750,14233375,22811750,8578375,98642490000000,1,1,0
1,5725,98642490000000,98642502999125,98642518994750,15995625,28994750,12999125,98642500000000,1,1,1
1,5726,98642510000000,98642519176250,98642534720875,15544625,24720875,9176250,98642520000000,1,1,0
1,5728,98642520000000,98642534901000,98642549515750,14614750,29515750,14901000,98642530000000,1,1,1
1,5729,98642540000000,98642549675625,98642565524875,15849250,25524875,9675625,98642550000000,1,1,0
1,5731,98642550000000,98642565678125,98642581039375,15361250,31039375,15678125,98642560000000,1,1,1
1,5733,98642570000000,98642581195000,98642597098375,15903375,27098375,11195000,98642580000000,1,1,1
1,5734,98642590000000,98642597250625,98642613108125,15857500,23108125,7250625,98642600000000,1,1,0
1,5736,98642600000000,98642613259875,98642629137000,15877125,29137000,13259875,98642610000000,1,1,1
1,5737,98642620000000,98642629301375,98642645241875,15940500,25241875,9301375,98642630000000,1,1,0
1,5739,98642630000000,98642645401375,98642660582500,15181125,30582500,15401375,98642640000000,1,1,1
1,5741,98642650000000,98642660849000,98642675568250,14719250,25568250,10849000,98642660000000,1,1,1
1,5742,98642670000000,98642675779375,98642691702125,15922750,21702125,5779375,98642680000000,1,1,0
1,5744,98642680000000,98642692598125,98642708557750,15959625,28557750,12598125,98642690000000,1,1,1
1,5745,98642700000000,98642708743500,98642724541500,15798000,24541500,8743500,98642710000000,1,1,0
1,5747,98642710000000,98642724699750,98642739938500,15238750,29938500,14699750,98642720000000,1,1,1
1,5749,98642730000000,98642740197625,98642755469000,15271375,25469000,10197625,98642740000000,1,1,1
1,5750,98642750000000,98642755664625,98642771561125,15896500,21561125,5664625,98642760000000,1,1,0
1,5752,98642760000000,98642771757125,98642787590500,15833375,27590500,11757125,98642770000000,1,1,1
1,5753,98642780000000,98642787882750,98642803839875,15957125,23839875,7882750,98642790000000,1,1,0
1,5755,98642790000000,98642804064750,98642819895500,15830750,29895500,14064750,98642800000000,1,1,1
1,5757,98642810000000,98642820126750,98642835904250,15777500,25904250,10126750,98642820000000,1,1,1
1,5758,98642830000000,98642836169750,98642852041750,15872000,22041750,6169750,98642840000000,1,1,0
1,5760,98642840000000,98642852223875,98642867417750,15193875,27417750,12223875,98642850000000,1,1,1
1,5761,98642860000000,98642867615375,98642883430375,15815000,23430375,7615375,98642870000000,1,1,0
1,5763,98642870000000,98642883608000,98642899488000,15880000,29488000,13608000,98642880000000,1,1,1
1,5764,98642890000000,98642899675250,98642915106375,15431125,25106375,9675250,98642900000000,1,1,0
1,5766,98642900000000,98642915290250,98642931128375,15838125,31128375,15290250,98642910000000,1,1,1
1,5768,98642920000000,98642931297875,98642947148375,15850500,27148375,11297875,98642930000000,1,1,1
1,5769,98642940000000,98642947307875,98642962489000,15181125,22489000,7307875,98642950000000,1,1,0
1,5771,98642950000000,98642962760000,98642978570000,15810000,28570000,12760000,98642960000000,1,1,1
1,5772,98642970000000,98642978756000,98642994534875,15778875,24534875,8756000,98642980000000,1,1,0
1,5774,98642980000000,98642994801375,98643010052375,15251000,30052375,14801375,98642990000000,1,1,1
1,5776,98643000000000,98643010209875,98643026152875,15943000,26152875,10209875,98643010000000,1,1,1
1,5777,98643020000000,98643026341125,98643041941000,15599875,21941000,6341125,98643030000000,1,1,0
1,5779,98643030000000,98643042108375,98643055987625,13879250,25987625,12108375,98643040000000,1,1,1
1,5780,98643050000000,98643056175500,98643072108750,15933250,22108750,6175500,98643060000000,1,1,0
1,5782,98643060000000,98643072364375,98643088263375,15899000,28263375,12364375,98643070000000,1,1,1
1,5783,98643080000000,98643088437125,98643104314125,15877000,24314125,8437125,98643090000000,1,1,0
1,5785,98643090000000,98643104584875,98643120496125,15911250,30496125,14584875,98643100000000,1,1,1
1,5787,98643110000000,98643120675125,98643136346750,15671625,26346750,10675125,98643120000000,1,1,1
1,5788,98643130000000,98643136511250,98643152111500,15600250,22111500,6511250,98643140000000,1,1,0
1,5790,98643140000000,98643152299500,98643167463500,15164000,27463500,12299500,98643150000000,1,1,1
1,5791,98643160000000,98643167617250,98643183491875,15874625,23491875,7617250,98643170000000,1,1,0
1,5793,98643170000000,98643183674750,98643197802000,14127250,27802000,13674750,98643180000000,1,1,1
1,5794,98643190000000,98643197967375,98643213561375,15594000,23561375,7967375,98643200000000,1,1,0
1,5796,98643200000000,98643213677000,98643228888875,15211875,28888875,13677000,98643210000000,1,1,1
1,5797,98643220000000,98643229048000,98643243133125,14085125,23133125,9048000,98643230000000,1,1,0
1,5799,98643230000000,98643243322500,98643258046375,14723875,28046375,13322500,98643240000000,1,1,1
1,5800,98643250000000,98643258208875,98643273493000,15284125,23493000,8208875,98643260000000,1,1,0
1,5802,98643260000000,98643273648625,98643289616500,15967875,29616500,13648625,98643270000000,1,1,1
1,5803,98643280000000,98643289800375,98643305710625,15910250,25710625,9800375,98643290000000,1,1,0
1,5805,98643290000000,98643305882375,98643321729125,15846750,31729125,15882375,98643300000000,1,1,1
1,5807,98643310000000,98643321899000,98643337126000,15227000,27126000,11899000,98643320000000,1,1,1
1,5808,98643330000000,98643337282625,98643353215375,15932750,23215375,7282625,98643340000000,1,1,0
1,5810,98643340000000,98643354109250,98643370076625,15967375,30076625,14109250,98643350000000,1,1,1
1,5812,98643360000000,98643370254750,98643385523750,15269000,25523750,10254750,98643370000000,1,1,1
1,5813,98643380000000,98643385693500,98643401577500,15884000,21577500,5693500,98643390000000,1,1,0
1,5815,98643390000000,98643401729125,98643417674500,15945375,27674500,11729125,98643400000000,1,1,1
1,5816,98643410000000,98643417799875,98643430562125,12762250,20562125,7799875,98643420000000,1,1,0
1,5818,98643420000000,98643430706500,98643446513250,15806750,26513250,10706500,98643430000000,1,1,1
1,5819,98643440000000,98643446683625,98643462567500,15883875,22567500,6683625,98643450000000,1,1,0
1,5821,98643450000000,98643462740875,98643478609000,15868125,28609000,12740875,98643460000000,1,1,1
1,5822,98643470000000,98643478768000,98643492557500,13789500,22557500,8768000,98643480000000,1,1,0
1,5824,98643480000000,98643492702875,98643508617000,15914125,28617000,12702875,98643490000000,1,1,1
1,5825,98643500000000,98643508780500,98643523964625,15184125,23964625,8780500,98643510000000,1,1,0
1,5827,98643510000000,98643524134375,98643540045625,15911250,30045625,14134375,98643520000000,1,1,1
1,5829,98643530000000,98643540182625,98643555994750,15812125,25994750,10182625,98643540000000,1,1,1
1,5830,98643550000000,98643556174875,98643572084625,15909750,22084625,6174875,98643560000000,1,1,0
1,5832,98643560000000,98643572364625,98643588311500,15946875,28311500,12364625,98643570000000,1,1,1
1,5833,98643580000000,98643588483250,98643604416000,15932750,24416000,8483250,98643590000000,1,1,0
1,5835,98643590000000,98643604586750,98643620355875,15769125,30355875,14586750,98643600000000,1,1,1
1,5837,98643610000000,98643620476875,98643634955875,14479000,24955875,10476875,98643620000000,1,1,1
1,5838,98643630000000,98643635105625,98643651022125,15916500,21022125,5105625,98643640000000,1,1,0
1,5840,98643640000000,98643651196500,98643667043125,15846625,27043125,11196500,98643650000000,1,1,1
1,5841,98643660000000,98643667204750,98643683097500,15892750,23097500,7204750,98643670000000,1,1,0
1,5843,98643670000000,98643683252000,98643698028750,14776750,28028750,13252000,98643680000000,1,1,1
1,5844,98643690000000,98643698200000,98643712100125,13900125,22100125,8200000,98643700000000,1,1,0
1,5846,98643700000000,98643712250000,98643726434125,14184125,26434125,12250000,98643710000000,1,1,1
1,5847,98643720000000,98643726723125,98643741502625,14779500,21502625,6723125,98643730000000,1,1,0
1,5849,98643730000000,98643741690000,98643757492000,15802000,27492000,11690000,98643740000000,1,1,1
1,5850,98643750000000,98643757631500,98643773530375,15898875,23530375,7631500,98643760000000,1,1,0
1,5852,98643760000000,98643773687500,98643789661750,15974250,29661750,13687500,98643770000000,1,1,1
1,5853,98643780000000,98643789842750,98643805351125,15508375,25351125,9842750,98643790000000,1,1,0
1,5855,98643790000000,98643805556750,98643821188875,15632125,31188875,15556750,98643800000000,1,1,1
1,5857,98643810000000,98643821382625,98643836442250,15059625,26442250,11382625,98643820000000,1,1,1
1,5858,98643830000000,98643836576375,98643852399750,15823375,22399750,6576375,98643840000000,1,1,0
1,5860,98643840000000,98643852536000,98643867745875,15209875,27745875,12536000,98643850000000,1,1,1
1,5861,98643860000000,98643867919625,98643883834625,15915000,23834625,7919625,98643870000000,1,1,0
1,5863,98643870000000,98643884038625,98643899233500,15194875,29233500,14038625,98643880000000,1,1,1
1,5864,98643890000000,98643899519875,98643915408625,15888750,25408625,9519875,98643900000000,1,1,0
1,5866,98643900000000,98643915599375,98643930043750,14444375,30043750,15599375,98643910000000,1,1,1
1,5868,98643920000000,98643930207250,98643946118000,15910750,26118000,10207250,98643930000000,1,1,1
1,5869,98643940000000,98643946300000,98643962233125,15933125,22233125,6300000,98643950000000,1,1,0
1,5871,98643950000000,98643962390750,98643977589000,15198250,27589000,12390750,98643960000000,1,1,1
1,5872,98643970000000,98643977749000,98643992891125,15142125,22891125,7749000,98643980000000,1,1,0
1,5874,98643980000000,98643993853375,98644009700250,15846875,29700250,13853375,98643990000000,1,1,1
1,5875,98644000000000,98644009861625,98644025181500,15319875,25181500,9861625,98644010000000,1,1,0
1,5877,98644010000000,98644025352250,98644041202875,15850625,31202875,15352250,98644020000000,1,1,1
1,5879,98644030000000,98644041367875,98644057251750,15883875,27251750,11367875,98644040000000,1,1,1
1,5880,98644050000000,98644057419625,98644073345875,15926250,23345875,7419625,98644060000000,1,1,0
1,5882,98644060000000,98644073501000,98644089412250,15911250,29412250,13501000,98644070000000,1,1,1
1,5883,98644080000000,98644089577625,98644104053250,14475625,24053250,9577625,98644090000000,1,1,0
1,5885,98644090000000,98644104351875,98644120241625,15889750,30241625,14351875,98644100000000,1,1,1
1,5887,98644110000000,98644120422625,98644136321125,15898500,26321125,10422625,98644120000000,1,1,1
1,5888,98644130000000,98644136583750,98644152531500,15947750,22531500,6583750,98644140000000,1,1,0
1,5890,98644140000000,98644152711625,98644168593000,15881375,28593000,12711625,98644150000000,1,1,1
1,5891,98644160000000,98644168750500,98644184597875,15847375,24597875,8750500,98644170000000,1,1,0
1,5893,98644170000000,98644184742625,98644199931750,15189125,29931750,14742625,98644180000000,1,1,1
1,5895,98644190000000,98644200107375,98644215224125,15116750,25224125,10107375,98644200000000,1,1,1
1,5896,98644210000000,98644215399500,98644231302250,15902750,21302250,5399500,98644220000000,1,1,0
1,5898,98644220000000,98644231474375,98644247330500,15856125,27330500,11474375,98644230000000,1,1,1
1,5899,98644240000000,98644247513000,98644258326000,10813000,18326000,7513000,98644250000000,1,1,0
1,5900,98644250000000,98644258473000,98644264594000,6121000,14594000,8473000,98644260000000,1,1,0
1,5901,98644260000000,98644264643500,98644270421250,5777750,10421250,4643500,98644270000000,1,0,0
1,5902,98644270000000,98644270511125,98644276106250,5595125,6106250,511125,98644280000000,0,0,0
1,5903,98644280000000,98644280074375,98644285430000,5355625,5430000,74375,98644290000000,0,0,0
1,5904,98644290000000,98644290070750,98644295642625,5571875,5642625,70750,98644300000000,0,0,0
1,5905,98644300000000,98644300087250,98644305483250,5396000,5483250,87250,98644310000000,0,0,0
1,5906,98644310000000,98644310092250,98644315681750,5589500,5681750,92250,98644320000000,0,0,0
1,5907,98644320000000,98644320129750,98644325610875,5481125,5610875,129750,98644330000000,0,0,0
1,5908,98644330000000,98644330100875,98644335554625,5453750,5554625,100875,98644340000000,0,0,0
1,5909,98644340000000,98644340101750,98644345747000,5645250,5747000,101750,98644350000000,0,0,0
1,5910,98644350000000,98644350104750,98644355671125,5566375,5671125,104750,98644360000000,0,0,0
1,5911,98644360000000,98644360107250,98644365669875,5562625,5669875,107250,98644370000000,0,0,0
1,5912,98644370000000,98644370091125,98644375702750,5611625,5702750,91125,98644380000000,0,0,0
1,5913,98644380000000,98644380107125,98644385570500,5463375,5570500,107125,98644390000000,0,0,0
1,5914,98644390000000,98644390093875,98644395615125,5521250,5615125,93875,98644400000000,0,0,0
1,5915,98644400000000,98644400104625,98644405608000,5503375,5608000,104625,98644410000000,0,0,0
1,5916,98644410000000,98644410094625,98644415682125,5587500,5682125,94625,98644420000000,0,0,0
1,5917,98644420000000,98644420103750,98644425472375,5368625,5472375,103750,98644430000000,0,0,0
1,5918,98644430000000,98644430112625,98644435654000,5541375,5654000,112625,98644440000000,0,0,0
1,5919,98644440000000,98644440070000,98644445391500,5321500,5391500,70000,98644450000000,0,0,0
1,5920,98644450000000,98644450082375,98644455377625,5295250,5377625,82375,98644460000000,0,0,0
1,5921,98644460000000,98644460109625,98644465617375,5507750,5617375,109625,98644470000000,0,0,0
1,5922,98644470000000,98644470072000,98644475746750,5674750,5746750,72000,98644480000000,0,0,0
1,5923,98644480000000,98644480107500,98644485728375,5620875,5728375,107500,98644490000000,0,0,0
1,5924,98644490000000,98644490096750,98644495732750,5636000,5732750,96750,98644500000000,0,0,0
1,5925,98644500000000,98644500088000,98644505551875,5463875,5551875,88000,98644510000000,0,0,0
1,5926,98644510000000,98644510105375,98644515742250,5636875,5742250,105375,98644520000000,0,0,0
1,5927,98644520000000,98644520127250,98644525723375,5596125,5723375,127250,98644530000000,0,0,0
1,5928,98644530000000,98644530104375,98644535709625,5605250,5709625,104375,98644540000000,0,0,0
1,5929,98644540000000,98644540125375,98644545746625,5621250,5746625,125375,98644550000000,0,0,0
1,5930,98644550000000,98644550102250,98644555775125,5672875,5775125,102250,98644560000000,0,0,0
1,5931,98644560000000,98644560104125,98644565685625,5581500,5685625,104125,98644570000000,0,0,0
1,5932,98644570000000,98644570109500,98644575790750,5681250,5790750,109500,98644580000000,0,0,0
1,5933,98644580000000,98644580104500,98644585657625,5553125,5657625,104500,98644590000000,0,0,0
1,5934,98644590000000,98644590104000,98644595712250,5608250,5712250,104000,98644600000000,0,0,0
1,5935,98644600000000,98644600107625,98644605499125,5391500,5499125,107625,98644610000000,0,0,0
1,5936,98644610000000,98644610101500,98644615677000,5575500,5677000,101500,98644620000000,0,0,0
1,5937,98644620000000,98644620109375,98644625535750,5426375,5535750,109375,98644630000000,0,0,0
1,5938,98644630000000,98644630100000,98644635802750,5702750,5802750,100000,98644640000000,0,0,0
1,5939,98644640000000,98644640093375,98644645484000,5390625,5484000,93375,98644650000000,0,0,0
1,5940,98644650000000,98644650119750,98644655732000,5612250,5732000,119750,98644660000000,0,0,0
1,5941,98644660000000,98644660109750,98644665694125,5584375,5694125,109750,98644670000000,0,0,0
1,5942,98644670000000,98644670120750,98644675795125,5674375,5795125,120750,98644680000000,0,0,0
1,5943,98644680000000,98644680112625,98644685908750,5796125,5908750,112625,98644690000000,0,0,0
1,5944,98644690000000,98644690123625,98644695802000,5678375,5802000,123625,98644700000000,0,0,0
1,5945,98644700000000,98644700109125,98644705624125,5515000,5624125,109125,98644710000000,0,0,0
1,5946,98644710000000,98644710105875,98644715734875,5629000,5734875,105875,98644720000000,0,0,0
1,5947,98644720000000,98644720114500,98644725493625,5379125,5493625,114500,98644730000000,0,0,0
1,5948,98644730000000,98644730102500,98644735768500,5666000,5768500,102500,98644740000000,0,0,0
1,5949,98644740000000,98644740106750,98644745979375,5872625,5979375,106750,98644750000000,0,0,0
1,5950,98644750000000,98644750110500,98644755829875,5719375,5829875,110500,98644760000000,0,0,0
1,5951,98644760000000,98644760102750,98644765807375,5704625,5807375,102750,98644770000000,0,0,0
1,5952,98644770000000,98644770104625,98644775728125,5623500,5728125,104625,98644780000000,0,0,0
1,5953,98644780000000,98644780126000,98644785663000,5537000,5663000,126000,98644790000000,0,0,0
1,5954,98644790000000,98644790105875,98644795763750,5657875,5763750,105875,98644800000000,0,0,0
1,5955,98644800000000,98644800125500,98644805648750,5523250,5648750,125500,98644810000000,0,0,0
1,5956,98644810000000,98644810108125,98644815741000,5632875,5741000,108125,98644820000000,0,0,0
1,5957,98644820000000,98644820125750,98644825642750,5517000,5642750,125750,98644830000000,0,0,0
1,5958,98644830000000,98644830070500,98644835726000,5655500,5726000,70500,98644840000000,0,0,0
1,5959,98644840000000,98644840108875,98644845703375,5594500,5703375,108875,98644850000000,0,0,0
1,5960,98644850000000,98644850094125,98644855718500,5624375,5718500,94125,98644860000000,0,0,0
1,5961,98644860000000,98644860112500,98644865686875,5574375,5686875,112500,98644870000000,0,0,0
1,5962,98644870000000,98644870103500,98644875684375,5580875,5684375,103500,98644880000000,0,0,0
1,5963,98644880000000,98644880110875,98644885653875,5543000,5653875,110875,98644890000000,0,0,0
1,5964,98644890000000,98644890105250,98644895702375,5597125,5702375,105250,98644900000000,0,0,0
1,5965,98644900000000,98644900110750,98644905775875,5665125,5775875,110750,98644910000000,0,0,0
1,5966,98644910000000,98644910101875,98644915714125,5612250,5714125,101875,98644920000000,0,0,0
1,5967,98644920000000,98644920114875,98644925652750,5537875,5652750,114875,98644930000000,0,0,0
1,5968,98644930000000,98644930124750,98644935803500,5678750,5803500,124750,98644940000000,0,0,0
1,5969,98644940000000,98644940109500,98644945837250,5727750,5837250,109500,98644950000000,0,0,0
1,5970,98644950000000,98644950124250,98644955796000,5671750,5796000,124250,98644960000000,0,0,0
1,5971,98644960000000,98644960071750,98644965651625,5579875,5651625,71750,98644970000000,0,0,0
1,5972,98644970000000,98644970102250,98644975803875,5701625,5803875,102250,98644980000000,0,0,0
1,5973,98644980000000,98644980111375,98644986038750,5927375,6038750,111375,98644990000000,0,0,0
1,5974,98644990000000,98644990103250,98644995815750,5712500,5815750,103250,98645000000000,0,0,0
1,5975,98645000000000,98645000116500,98645005637500,5521000,5637500,116500,98645010000000,0,0,0
1,5976,98645010000000,98645010104375,98645015741750,5637375,5741750,104375,98645020000000,0,0,0
1,5977,98645020000000,98645020093750,98645025887500,5793750,5887500,93750,98645030000000,0,0,0
1,5978,98645030000000,98645030102125,98645035813375,5711250,5813375,102125,98645040000000,0,0,0
1,5979,98645040000000,98645040102375,98645045605250,5502875,5605250,102375,98645050000000,0,0,0
1,5980,98645050000000,98645050069125,98645055757250,5688125,5757250,69125,98645060000000,0,0,0
1,5981,98645060000000,98645060096250,98645065852375,5756125,5852375,96250,98645070000000,0,0,0
1,5982,98645070000000,98645070108875,98645075828250,5719375,5828250,108875,98645080000000,0,0,0
1,5983,98645080000000,98645080123125,98645085662125,5539000,5662125,123125,98645090000000,0,0,0
1,5984,98645090000000,98645090093125,98645095781250,5688125,5781250,93125,98645100000000,0,0,0
1,5985,98645100000000,98645100129375,98645105640375,5511000,5640375,129375,98645110000000,0,0,0
1,5986,98645110000000,98645110100375,98645115797000,5696625,5797000,100375,98645120000000,0,0,0
1,5987,98645120000000,98645120108375,98645125726875,5618500,5726875,108375,98645130000000,0,0,0
1,5988,98645130000000,98645130106250,98645135750000,5643750,5750000,106250,98645140000000,0,0,0
1,5989,98645140000000,98645140105500,98645145643750,5538250,5643750,105500,98645150000000,0,0,0
1,5990,98645150000000,98645150069375,98645155700125,5630750,5700125,69375,98645160000000,0,0,0
1,5991,98645160000000,98645160151375,98645165766250,5614875,5766250,151375,98645170000000,0,0,0
1,5992,98645170000000,98645170100250,98645175698875,5598625,5698875,100250,98645180000000,0,0,0
1,5993,98645180000000,98645180107500,98645185747000,5639500,5747000,107500,98645190000000,0,0,0
1,5994,98645190000000,98645190099125,98645195791625,5692500,5791625,99125,98645200000000,0,0,0
1,5995,98645200000000,98645200105750,98645206001125,5895375,6001125,105750,98645210000000,0,0,0
1,5996,98645210000000,98645210101875,98645215954625,5852750,5954625,101875,98645220000000,0,0,0
1,5997,98645220000000,98645220087000,98645225692125,5605125,5692125,87000,98645230000000,0,0,0
1,5998,98645230000000,98645230122875,98645235748000,5625125,5748000,122875,98645240000000,0,0,0
1,5999,98645240000000,98645240110500,98645245535625,5425125,5535625,110500,98645250000000,0,0,0
