run_id,job_id,planned_release_ns,actual_start_ns,finish_ns,execution_time_ns,response_time_ns,release_jitter_ns,deadline_ns,deadline_miss,overrun,skipped_release
1,0,68783850000000,68783850062375,68783850172875,110500,172875,62375,68783860000000,0,0,0
1,1,68783860000000,68783860032625,68783860082750,50125,82750,32625,68783870000000,0,0,0
1,2,68783870000000,68783870064375,68783870095375,31000,95375,64375,68783880000000,0,0,0
1,3,68783880000000,68783880022500,68783880050500,28000,50500,22500,68783890000000,0,0,0
1,4,68783890000000,68783890069375,68783890097500,28125,97500,69375,68783900000000,0,0,0
1,5,68783900000000,68783900063750,68783900091125,27375,91125,63750,68783910000000,0,0,0
1,6,68783910000000,68783910062875,68783910090500,27625,90500,62875,68783920000000,0,0,0
1,7,68783920000000,68783920067500,68783920094875,27375,94875,67500,68783930000000,0,0,0
1,8,68783930000000,68783930063125,68783930090875,27750,90875,63125,68783940000000,0,0,0
1,9,68783940000000,68783940067500,68783940094875,27375,94875,67500,68783950000000,0,0,0
1,10,68783950000000,68783950063000,68783950090125,27125,90125,63000,68783960000000,0,0,0
1,11,68783960000000,68783960067625,68783960094875,27250,94875,67625,68783970000000,0,0,0
1,12,68783970000000,68783970063125,68783970090875,27750,90875,63125,68783980000000,0,0,0
1,13,68783980000000,68783980063000,68783980091625,28625,91625,63000,68783990000000,0,0,0
1,14,68783990000000,68783990067250,68783990094875,27625,94875,67250,68784000000000,0,0,0
1,15,68784000000000,68784000063250,68784000089875,26625,89875,63250,68784010000000,0,0,0
1,16,68784010000000,68784010068000,68784010095750,27750,95750,68000,68784020000000,0,0,0
1,17,68784020000000,68784020063125,68784020090625,27500,90625,63125,68784030000000,0,0,0
1,18,68784030000000,68784030063000,68784030090750,27750,90750,63000,68784040000000,0,0,0
1,19,68784040000000,68784040063250,68784040090750,27500,90750,63250,68784050000000,0,0,0
1,20,68784050000000,68784050063125,68784050091000,27875,91000,63125,68784060000000,0,0,0
1,21,68784060000000,68784060067000,68784060094875,27875,94875,67000,68784070000000,0,0,0
1,22,68784070000000,68784070063250,68784070091125,27875,91125,63250,68784080000000,0,0,0
1,23,68784080000000,68784080067375,68784080093625,26250,93625,67375,68784090000000,0,0,0
1,24,68784090000000,68784090063125,68784090091000,27875,91000,63125,68784100000000,0,0,0
1,25,68784100000000,68784100067625,68784100095375,27750,95375,67625,68784110000000,0,0,0
1,26,68784110000000,68784110062875,68784110090875,28000,90875,62875,68784120000000,0,0,0
1,27,68784120000000,68784120063000,68784120090375,27375,90375,63000,68784130000000,0,0,0
1,28,68784130000000,68784130067500,68784130095250,27750,95250,67500,68784140000000,0,0,0
1,29,68784140000000,68784140063125,68784140090500,27375,90500,63125,68784150000000,0,0,0
1,30,68784150000000,68784150062875,68784150090250,27375,90250,62875,68784160000000,0,0,0
1,31,68784160000000,68784160066250,68784160093625,27375,93625,66250,68784170000000,0,0,0
1,32,68784170000000,68784170063125,68784170091250,28125,91250,63125,68784180000000,0,0,0
1,33,68784180000000,68784180067500,68784180094875,27375,94875,67500,68784190000000,0,0,0
1,34,68784190000000,68784190062000,68784190089375,27375,89375,62000,68784200000000,0,0,0
1,35,68784200000000,68784200042000,68784200069750,27750,69750,42000,68784210000000,0,0,0
1,36,68784210000000,68784210068750,68784210096500,27750,96500,68750,68784220000000,0,0,0
1,37,68784220000000,68784220062250,68784220090000,27750,90000,62250,68784230000000,0,0,0
1,38,68784230000000,68784230063125,68784230091000,27875,91000,63125,68784240000000,0,0,0
1,39,68784240000000,68784240067000,68784240094500,27500,94500,67000,68784250000000,0,0,0
1,40,68784250000000,68784250062750,68784250090500,27750,90500,62750,68784260000000,0,0,0
1,41,68784260000000,68784260067125,68784260094500,27375,94500,67125,68784270000000,0,0,0
1,42,68784270000000,68784270062750,68784270090625,27875,90625,62750,68784280000000,0,0,0
1,43,68784280000000,68784280062875,68784280090000,27125,90000,62875,68784290000000,0,0,0
1,44,68784290000000,68784290067000,68784290094875,27875,94875,67000,68784300000000,0,0,0
1,45,68784300000000,68784300065250,68784300093500,28250,93500,65250,68784310000000,0,0,0
1,46,68784310000000,68784310067625,68784310095875,28250,95875,67625,68784320000000,0,0,0
1,47,68784320000000,68784320063250,68784320090625,27375,90625,63250,68784330000000,0,0,0
1,48,68784330000000,68784330067250,68784330095125,27875,95125,67250,68784340000000,0,0,0
1,49,68784340000000,68784340063125,68784340090375,27250,90375,63125,68784350000000,0,0,0
1,50,68784350000000,68784350063000,68784350090750,27750,90750,63000,68784360000000,0,0,0
1,51,68784360000000,68784360067125,68784360095625,28500,95625,67125,68784370000000,0,0,0
1,52,68784370000000,68784370063000,68784370091000,28000,91000,63000,68784380000000,0,0,0
1,53,68784380000000,68784380062625,68784380090125,27500,90125,62625,68784390000000,0,0,0
1,54,68784390000000,68784390067000,68784390094250,27250,94250,67000,68784400000000,0,0,0
1,55,68784400000000,68784400062875,68784400090250,27375,90250,62875,68784410000000,0,0,0
1,56,68784410000000,68784410067000,68784410094625,27625,94625,67000,68784420000000,0,0,0
1,57,68784420000000,68784420063250,68784420090500,27250,90500,63250,68784430000000,0,0,0
1,58,68784430000000,68784430067250,68784430095125,27875,95125,67250,68784440000000,0,0,0
1,59,68784440000000,68784440063000,68784440090625,27625,90625,63000,68784450000000,0,0,0
1,60,68784450000000,68784450067250,68784450096000,28750,96000,67250,68784460000000,0,0,0
1,61,68784460000000,68784460062750,68784460090500,27750,90500,62750,68784470000000,0,0,0
1,62,68784470000000,68784470067375,68784470094625,27250,94625,67375,68784480000000,0,0,0
1,63,68784480000000,68784480063125,68784480090125,27000,90125,63125,68784490000000,0,0,0
1,64,68784490000000,68784490062625,68784490090375,27750,90375,62625,68784500000000,0,0,0
1,65,68784500000000,68784500067125,68784500094625,27500,94625,67125,68784510000000,0,0,0
1,66,68784510000000,68784510063125,68784510091125,28000,91125,63125,68784520000000,0,0,0
1,67,68784520000000,68784520067000,68784520094500,27500,94500,67000,68784530000000,0,0,0
1,68,68784530000000,68784530063125,68784530091000,27875,91000,63125,68784540000000,0,0,0
1,69,68784540000000,68784540066875,68784540094000,27125,94000,66875,68784550000000,0,0,0
1,70,68784550000000,68784550063000,68784550091000,28000,91000,63000,68784560000000,0,0,0
1,71,68784560000000,68784560067125,68784560094875,27750,94875,67125,68784570000000,0,0,0
1,72,68784570000000,68784570062000,68784570089750,27750,89750,62000,68784580000000,0,0,0
1,73,68784580000000,68784580067375,68784580094500,27125,94500,67375,68784590000000,0,0,0
1,74,68784590000000,68784590063250,68784590091875,28625,91875,63250,68784600000000,0,0,0
1,75,68784600000000,68784600062875,68784600090250,27375,90250,62875,68784610000000,0,0,0
1,76,68784610000000,68784610066875,68784610094750,27875,94750,66875,68784620000000,0,0,0
1,77,68784620000000,68784620063000,68784620090125,27125,90125,63000,68784630000000,0,0,0
1,78,68784630000000,68784630067000,68784630094875,27875,94875,67000,68784640000000,0,0,0
1,79,68784640000000,68784640062875,68784640090250,27375,90250,62875,68784650000000,0,0,0
1,80,68784650000000,68784650067000,68784650094875,27875,94875,67000,68784660000000,0,0,0
1,81,68784660000000,68784660063125,68784660090375,27250,90375,63125,68784670000000,0,0,0
1,82,68784670000000,68784670067000,68784670095750,28750,95750,67000,68784680000000,0,0,0
1,83,68784680000000,68784680063125,68784680090250,27125,90250,63125,68784690000000,0,0,0
1,84,68784690000000,68784690067375,68784690095125,27750,95125,67375,68784700000000,0,0,0
1,85,68784700000000,68784700063250,68784700090000,26750,90000,63250,68784710000000,0,0,0
1,86,68784710000000,68784710067125,68784710094875,27750,94875,67125,68784720000000,0,0,0
1,87,68784720000000,68784720063000,68784720090375,27375,90375,63000,68784730000000,0,0,0
1,88,68784730000000,68784730062625,68784730090500,27875,90500,62625,68784740000000,0,0,0
1,89,68784740000000,68784740066875,68784740094000,27125,94000,66875,68784750000000,0,0,0
1,90,68784750000000,68784750062750,68784750090250,27500,90250,62750,68784760000000,0,0,0
1,91,68784760000000,68784760069250,68784760097125,27875,97125,69250,68784770000000,0,0,0
1,92,68784770000000,68784770063250,68784770091500,28250,91500,63250,68784780000000,0,0,0
1,93,68784780000000,68784780063125,68784780090500,27375,90500,63125,68784790000000,0,0,0
1,94,68784790000000,68784790067125,68784790094500,27375,94500,67125,68784800000000,0,0,0
1,95,68784800000000,68784800062875,68784800090250,27375,90250,62875,68784810000000,0,0,0
1,96,68784810000000,68784810067375,68784810094875,27500,94875,67375,68784820000000,0,0,0
1,97,68784820000000,68784820063125,68784820090625,27500,90625,63125,68784830000000,0,0,0
1,98,68784830000000,68784830062000,68784830089750,27750,89750,62000,68784840000000,0,0,0
1,99,68784840000000,68784840067500,68784840095125,27625,95125,67500,68784850000000,0,0,0
1,100,68784850000000,68784850062625,68784850090000,27375,90000,62625,68784860000000,0,0,0
1,101,68784860000000,68784860062500,68784860091250,28750,91250,62500,68784870000000,0,0,0
1,102,68784870000000,68784870067000,68784870094625,27625,94625,67000,68784880000000,0,0,0
1,103,68784880000000,68784880064250,68784880092000,27750,92000,64250,68784890000000,0,0,0
1,104,68784890000000,68784890062500,68784890089875,27375,89875,62500,68784900000000,0,0,0
1,105,68784900000000,68784900067250,68784900095750,28500,95750,67250,68784910000000,0,0,0
1,106,68784910000000,68784910062625,68784910090000,27375,90000,62625,68784920000000,0,0,0
1,107,68784920000000,68784920067375,68784920095000,27625,95000,67375,68784930000000,0,0,0
1,108,68784930000000,68784930062750,68784930090000,27250,90000,62750,68784940000000,0,0,0
1,109,68784940000000,68784940066875,68784940094750,27875,94750,66875,68784950000000,0,0,0
1,110,68784950000000,68784950062750,68784950090125,27375,90125,62750,68784960000000,0,0,0
1,111,68784960000000,68784960067125,68784960094875,27750,94875,67125,68784970000000,0,0,0
1,112,68784970000000,68784970062625,68784970090000,27375,90000,62625,68784980000000,0,0,0
1,113,68784980000000,68784980067000,68784980094875,27875,94875,67000,68784990000000,0,0,0
1,114,68784990000000,68784990062625,68784990089875,27250,89875,62625,68785000000000,0,0,0
1,115,68785000000000,68785000062750,68785000090500,27750,90500,62750,68785010000000,0,0,0
1,116,68785010000000,68785010067125,68785010094375,27250,94375,67125,68785020000000,0,0,0
1,117,68785020000000,68785020063750,68785020091500,27750,91500,63750,68785030000000,0,0,0
1,118,68785030000000,68785030062625,68785030089875,27250,89875,62625,68785040000000,0,0,0
1,119,68785040000000,68785040067125,68785040094250,27125,94250,67125,68785050000000,0,0,0
1,120,68785050000000,68785050062625,68785050090125,27500,90125,62625,68785060000000,0,0,0
1,121,68785060000000,68785060066875,68785060094625,27750,94625,66875,68785070000000,0,0,0
1,122,68785070000000,68785070062875,68785070091375,28500,91375,62875,68785080000000,0,0,0
1,123,68785080000000,68785080066750,68785080093750,27000,93750,66750,68785090000000,0,0,0
1,124,68785090000000,68785090062500,68785090090125,27625,90125,62500,68785100000000,0,0,0
1,125,68785100000000,68785100066750,68785100094375,27625,94375,66750,68785110000000,0,0,0
1,126,68785110000000,68785110062750,68785110090250,27500,90250,62750,68785120000000,0,0,0
1,127,68785120000000,68785120066875,68785120095625,28750,95625,66875,68785130000000,0,0,0
1,128,68785130000000,68785130062625,68785130090000,27375,90000,62625,68785140000000,0,0,0
1,129,68785140000000,68785140067125,68785140094375,27250,94375,67125,68785150000000,0,0,0
1,130,68785150000000,68785150062500,68785150090000,27500,90000,62500,68785160000000,0,0,0
1,131,68785160000000,68785160062500,68785160090250,27750,90250,62500,68785170000000,0,0,0
1,132,68785170000000,68785170067000,68785170094625,27625,94625,67000,68785180000000,0,0,0
1,133,68785180000000,68785180062125,68785180090250,28125,90250,62125,68785190000000,0,0,0
1,134,68785190000000,68785190067875,68785190095500,27625,95500,67875,68785200000000,0,0,0
1,135,68785200000000,68785200063000,68785200090875,27875,90875,63000,68785210000000,0,0,0
1,136,68785210000000,68785210069000,68785210097000,28000,97000,69000,68785220000000,0,0,0
1,137,68785220000000,68785220063500,68785220091375,27875,91375,63500,68785230000000,0,0,0
1,138,68785230000000,68785230062875,68785230090250,27375,90250,62875,68785240000000,0,0,0
1,139,68785240000000,68785240067000,68785240094875,27875,94875,67000,68785250000000,0,0,0
1,140,68785250000000,68785250062875,68785250090250,27375,90250,62875,68785260000000,0,0,0
1,141,68785260000000,68785260062500,68785260089875,27375,89875,62500,68785270000000,0,0,0
1,142,68785270000000,68785270066625,68785270094750,28125,94750,66625,68785280000000,0,0,0
1,143,68785280000000,68785280062625,68785280089875,27250,89875,62625,68785290000000,0,0,0
1,144,68785290000000,68785290066750,68785290094250,27500,94250,66750,68785300000000,0,0,0
1,145,68785300000000,68785300062750,68785300090000,27250,90000,62750,68785310000000,0,0,0
1,146,68785310000000,68785310066875,68785310094375,27500,94375,66875,68785320000000,0,0,0
1,147,68785320000000,68785320062625,68785320090375,27750,90375,62625,68785330000000,0,0,0
1,148,68785330000000,68785330066875,68785330094125,27250,94125,66875,68785340000000,0,0,0
1,149,68785340000000,68785340062750,68785340090375,27625,90375,62750,68785350000000,0,0,0
1,150,68785350000000,68785350062500,68785350090000,27500,90000,62500,68785360000000,0,0,0
1,151,68785360000000,68785360067000,68785360094000,27000,94000,67000,68785370000000,0,0,0
1,152,68785370000000,68785370062750,68785370090000,27250,90000,62750,68785380000000,0,0,0
1,153,68785380000000,68785380062625,68785380090500,27875,90500,62625,68785390000000,0,0,0
1,154,68785390000000,68785390067125,68785390094375,27250,94375,67125,68785400000000,0,0,0
1,155,68785400000000,68785400062750,68785400090750,28000,90750,62750,68785410000000,0,0,0
1,156,68785410000000,68785410062500,68785410089875,27375,89875,62500,68785420000000,0,0,0
1,157,68785420000000,68785420067125,68785420094750,27625,94750,67125,68785430000000,0,0,0
1,158,68785430000000,68785430073625,68785430111625,38000,111625,73625,68785440000000,0,0,0
1,159,68785440000000,68785440070375,68785440099375,29000,99375,70375,68785450000000,0,0,0
1,160,68785450000000,68785450062750,68785450090875,28125,90875,62750,68785460000000,0,0,0
1,161,68785460000000,68785460063000,68785460090500,27500,90500,63000,68785470000000,0,0,0
1,162,68785470000000,68785470067000,68785470094875,27875,94875,67000,68785480000000,0,0,0
1,163,68785480000000,68785480062750,68785480090125,27375,90125,62750,68785490000000,0,0,0
1,164,68785490000000,68785490067250,68785490095125,27875,95125,67250,68785500000000,0,0,0
1,165,68785500000000,68785500062625,68785500089500,26875,89500,62625,68785510000000,0,0,0
1,166,68785510000000,68785510066875,68785510094750,27875,94750,66875,68785520000000,0,0,0
1,167,68785520000000,68785520062875,68785520090250,27375,90250,62875,68785530000000,0,0,0
1,168,68785530000000,68785530062750,68785530090500,27750,90500,62750,68785540000000,0,0,0
1,169,68785540000000,68785540066875,68785540094125,27250,94125,66875,68785550000000,0,0,0
1,170,68785550000000,68785550062875,68785550090500,27625,90500,62875,68785560000000,0,0,0
1,171,68785560000000,68785560062500,68785560090125,27625,90125,62500,68785570000000,0,0,0
1,172,68785570000000,68785570066875,68785570094625,27750,94625,66875,68785580000000,0,0,0
1,173,68785580000000,68785580062875,68785580090375,27500,90375,62875,68785590000000,0,0,0
1,174,68785590000000,68785590061750,68785590089375,27625,89375,61750,68785600000000,0,0,0
1,175,68785600000000,68785600067125,68785600094750,27625,94750,67125,68785610000000,0,0,0
1,176,68785610000000,68785610062875,68785610090500,27625,90500,62875,68785620000000,0,0,0
1,177,68785620000000,68785620067250,68785620095000,27750,95000,67250,68785630000000,0,0,0
1,178,68785630000000,68785630063000,68785630090625,27625,90625,63000,68785640000000,0,0,0
1,179,68785640000000,68785640062750,68785640090000,27250,90000,62750,68785650000000,0,0,0
1,180,68785650000000,68785650066875,68785650094625,27750,94625,66875,68785660000000,0,0,0
1,181,68785660000000,68785660062750,68785660090125,27375,90125,62750,68785670000000,0,0,0
1,182,68785670000000,68785670069375,68785670098000,28625,98000,69375,68785680000000,0,0,0
1,183,68785680000000,68785680062875,68785680090250,27375,90250,62875,68785690000000,0,0,0
1,184,68785690000000,68785690062500,68785690090375,27875,90375,62500,68785700000000,0,0,0
1,185,68785700000000,68785700067125,68785700094625,27500,94625,67125,68785710000000,0,0,0
1,186,68785710000000,68785710062625,68785710090125,27500,90125,62625,68785720000000,0,0,0
1,187,68785720000000,68785720067000,68785720094250,27250,94250,67000,68785730000000,0,0,0
1,188,68785730000000,68785730062875,68785730090250,27375,90250,62875,68785740000000,0,0,0
1,189,68785740000000,68785740062500,68785740089750,27250,89750,62500,68785750000000,0,0,0
1,190,68785750000000,68785750067000,68785750094125,27125,94125,67000,68785760000000,0,0,0
1,191,68785760000000,68785760062625,68785760090000,27375,90000,62625,68785770000000,0,0,0
1,192,68785770000000,68785770062500,68785770090375,27875,90375,62500,68785780000000,0,0,0
1,193,68785780000000,68785780066875,68785780094375,27500,94375,66875,68785790000000,0,0,0
1,194,68785790000000,68785790062875,68785790090750,27875,90750,62875,68785800000000,0,0,0
1,195,68785800000000,68785800066875,68785800095625,28750,95625,66875,68785810000000,0,0,0
1,196,68785810000000,68785810062625,68785810090750,28125,90750,62625,68785820000000,0,0,0
1,197,68785820000000,68785820033750,68785820062375,28625,62375,33750,68785830000000,0,0,0
1,198,68785830000000,68785830067500,68785830095125,27625,95125,67500,68785840000000,0,0,0
1,199,68785840000000,68785840063000,68785840090500,27500,90500,63000,68785850000000,0,0,0
1,200,68785850000000,68785850062375,68785850089500,27125,89500,62375,68785860000000,0,0,0
1,201,68785860000000,68785860066750,68785860094375,27625,94375,66750,68785870000000,0,0,0
1,202,68785870000000,68785870062500,68785870089875,27375,89875,62500,68785880000000,0,0,0
1,203,68785880000000,68785880068500,68785880096125,27625,96125,68500,68785890000000,0,0,0
1,204,68785890000000,68785890062875,68785890090375,27500,90375,62875,68785900000000,0,0,0
1,205,68785900000000,68785900062750,68785900090500,27750,90500,62750,68785910000000,0,0,0
1,206,68785910000000,68785910066500,68785910094000,27500,94000,66500,68785920000000,0,0,0
1,207,68785920000000,68785920062875,68785920091625,28750,91625,62875,68785930000000,0,0,0
1,208,68785930000000,68785930067125,68785930094500,27375,94500,67125,68785940000000,0,0,0
1,209,68785940000000,68785940062500,68785940090125,27625,90125,62500,68785950000000,0,0,0
1,210,68785950000000,68785950062625,68785950090000,27375,90000,62625,68785960000000,0,0,0
1,211,68785960000000,68785960066875,68785960094875,28000,94875,66875,68785970000000,0,0,0
1,212,68785970000000,68785970062625,68785970090000,27375,90000,62625,68785980000000,0,0,0
1,213,68785980000000,68785980066750,68785980094500,27750,94500,66750,68785990000000,0,0,0
1,214,68785990000000,68785990062750,68785990090000,27250,90000,62750,68786000000000,0,0,0
1,215,68786000000000,68786000067125,68786000095000,27875,95000,67125,68786010000000,0,0,0
1,216,68786010000000,68786010062875,68786010090125,27250,90125,62875,68786020000000,0,0,0
1,217,68786020000000,68786020062375,68786020091250,28875,91250,62375,68786030000000,0,0,0
1,218,68786030000000,68786030067000,68786030094250,27250,94250,67000,68786040000000,0,0,0
1,219,68786040000000,68786040063000,68786040090500,27500,90500,63000,68786050000000,0,0,0
1,220,68786050000000,68786050062625,68786050091125,28500,91125,62625,68786060000000,0,0,0
1,221,68786060000000,68786060066875,68786060093750,26875,93750,66875,68786070000000,0,0,0
1,222,68786070000000,68786070062625,68786070090125,27500,90125,62625,68786080000000,0,0,0
1,223,68786080000000,68786080066750,68786080094500,27750,94500,66750,68786090000000,0,0,0
1,224,68786090000000,68786090062625,68786090089875,27250,89875,62625,68786100000000,0,0,0
1,225,68786100000000,68786100062375,68786100090125,27750,90125,62375,68786110000000,0,0,0
1,226,68786110000000,68786110066625,68786110094250,27625,94250,66625,68786120000000,0,0,0
1,227,68786120000000,68786120064375,68786120092750,28375,92750,64375,68786130000000,0,0,0
1,228,68786130000000,68786130067625,68786130095625,28000,95625,67625,68786140000000,0,0,0
1,229,68786140000000,68786140062000,68786140089750,27750,89750,62000,68786150000000,0,0,0
1,230,68786150000000,68786150067000,68786150094625,27625,94625,67000,68786160000000,0,0,0
1,231,68786160000000,68786160062750,68786160090500,27750,90500,62750,68786170000000,0,0,0
1,232,68786170000000,68786170062625,68786170089875,27250,89875,62625,68786180000000,0,0,0
1,233,68786180000000,68786180066750,68786180094250,27500,94250,66750,68786190000000,0,0,0
1,234,68786190000000,68786190062625,68786190090125,27500,90125,62625,68786200000000,0,0,0
1,235,68786200000000,68786200061500,68786200089500,28000,89500,61500,68786210000000,0,0,0
1,236,68786210000000,68786210063625,68786210091250,27625,91250,63625,68786220000000,0,0,0
1,237,68786220000000,68786220063500,68786220091250,27750,91250,63500,68786230000000,0,0,0
1,238,68786230000000,68786230067250,68786230094750,27500,94750,67250,68786240000000,0,0,0
1,239,68786240000000,68786240062750,68786240090125,27375,90125,62750,68786250000000,0,0,0
1,240,68786250000000,68786250062625,68786250090500,27875,90500,62625,68786260000000,0,0,0
1,241,68786260000000,68786260066875,68786260094250,27375,94250,66875,68786270000000,0,0,0
1,242,68786270000000,68786270061625,68786270089500,27875,89500,61625,68786280000000,0,0,0
1,243,68786280000000,68786280067250,68786280094750,27500,94750,67250,68786290000000,0,0,0
1,244,68786290000000,68786290062625,68786290090500,27875,90500,62625,68786300000000,0,0,0
1,245,68786300000000,68786300062500,68786300090125,27625,90125,62500,68786310000000,0,0,0
1,246,68786310000000,68786310067000,68786310095000,28000,95000,67000,68786320000000,0,0,0
1,247,68786320000000,68786320062750,68786320090125,27375,90125,62750,68786330000000,0,0,0
1,248,68786330000000,68786330062625,68786330089750,27125,89750,62625,68786340000000,0,0,0
1,249,68786340000000,68786340066750,68786340094375,27625,94375,66750,68786350000000,0,0,0
1,250,68786350000000,68786350062625,68786350090250,27625,90250,62625,68786360000000,0,0,0
1,251,68786360000000,68786360066875,68786360094375,27500,94375,66875,68786370000000,0,0,0
1,252,68786370000000,68786370062750,68786370090625,27875,90625,62750,68786380000000,0,0,0
1,253,68786380000000,68786380062500,68786380089375,26875,89375,62500,68786390000000,0,0,0
1,254,68786390000000,68786390067000,68786390094750,27750,94750,67000,68786400000000,0,0,0
1,255,68786400000000,68786400062750,68786400091250,28500,91250,62750,68786410000000,0,0,0
1,256,68786410000000,68786410066875,68786410094500,27625,94500,66875,68786420000000,0,0,0
1,257,68786420000000,68786420063000,68786420090750,27750,90750,63000,68786430000000,0,0,0
1,258,68786430000000,68786430062500,68786430090250,27750,90250,62500,68786440000000,0,0,0
1,259,68786440000000,68786440066750,68786440094375,27625,94375,66750,68786450000000,0,0,0
1,260,68786450000000,68786450062750,68786450090750,28000,90750,62750,68786460000000,0,0,0
1,261,68786460000000,68786460066875,68786460094250,27375,94250,66875,68786470000000,0,0,0
1,262,68786470000000,68786470062500,68786470090500,28000,90500,62500,68786480000000,0,0,0
1,263,68786480000000,68786480067250,68786480094000,26750,94000,67250,68786490000000,0,0,0
1,264,68786490000000,68786490063125,68786490090875,27750,90875,63125,68786500000000,0,0,0
1,265,68786500000000,68786500062500,68786500089875,27375,89875,62500,68786510000000,0,0,0
1,266,68786510000000,68786510066750,68786510094625,27875,94625,66750,68786520000000,0,0,0
1,267,68786520000000,68786520062875,68786520090250,27375,90250,62875,68786530000000,0,0,0
1,268,68786530000000,68786530066875,68786530094750,27875,94750,66875,68786540000000,0,0,0
1,269,68786540000000,68786540062625,68786540090000,27375,90000,62625,68786550000000,0,0,0
1,270,68786550000000,68786550062625,68786550090250,27625,90250,62625,68786560000000,0,0,0
1,271,68786560000000,68786560066875,68786560094250,27375,94250,66875,68786570000000,0,0,0
1,272,68786570000000,68786570062500,68786570090125,27625,90125,62500,68786580000000,0,0,0
1,273,68786580000000,68786580069750,68786580097625,27875,97625,69750,68786590000000,0,0,0
1,274,68786590000000,68786590063000,68786590091000,28000,91000,63000,68786600000000,0,0,0
1,275,68786600000000,68786600062625,68786600090250,27625,90250,62625,68786610000000,0,0,0
1,276,68786610000000,68786610066000,68786610093625,27625,93625,66000,68786620000000,0,0,0
1,277,68786620000000,68786620062875,68786620090250,27375,90250,62875,68786630000000,0,0,0
1,278,68786630000000,68786630067250,68786630094750,27500,94750,67250,68786640000000,0,0,0
1,279,68786640000000,68786640063000,68786640090375,27375,90375,63000,68786650000000,0,0,0
1,280,68786650000000,68786650062500,68786650090375,27875,90375,62500,68786660000000,0,0,0
1,281,68786660000000,68786660066625,68786660093250,26625,93250,66625,68786670000000,0,0,0
1,282,68786670000000,68786670062625,68786670091125,28500,91125,62625,68786680000000,0,0,0
1,283,68786680000000,68786680067125,68786680094000,26875,94000,67125,68786690000000,0,0,0
1,284,68786690000000,68786690062875,68786690090750,27875,90750,62875,68786700000000,0,0,0
1,285,68786700000000,68786700067250,68786700094875,27625,94875,67250,68786710000000,0,0,0
1,286,68786710000000,68786710062625,68786710090750,28125,90750,62625,68786720000000,0,0,0
1,287,68786720000000,68786720062500,68786720089750,27250,89750,62500,68786730000000,0,0,0
1,288,68786730000000,68786730066875,68786730094750,27875,94750,66875,68786740000000,0,0,0
1,289,68786740000000,68786740062500,68786740089875,27375,89875,62500,68786750000000,0,0,0
1,290,68786750000000,68786750066625,68786750094500,27875,94500,66625,68786760000000,0,0,0
1,291,68786760000000,68786760062875,68786760090375,27500,90375,62875,68786770000000,0,0,0
1,292,68786770000000,68786770067125,68786770094875,27750,94875,67125,68786780000000,0,0,0
1,293,68786780000000,68786780062875,68786780091250,28375,91250,62875,68786790000000,0,0,0
1,294,68786790000000,68786790062625,68786790090375,27750,90375,62625,68786800000000,0,0,0
1,295,68786800000000,68786800067125,68786800095250,28125,95250,67125,68786810000000,0,0,0
1,296,68786810000000,68786810062625,68786810090000,27375,90000,62625,68786820000000,0,0,0
1,297,68786820000000,68786820067750,68786820095250,27500,95250,67750,68786830000000,0,0,0
1,298,68786830000000,68786830063250,68786830090625,27375,90625,63250,68786840000000,0,0,0
1,299,68786840000000,68786840062625,68786840089625,27000,89625,62625,68786850000000,0,0,0
1,300,68786850000000,68786850066750,68786850094250,27500,94250,66750,68786860000000,0,0,0
1,301,68786860000000,68786860062750,68786860090250,27500,90250,62750,68786870000000,0,0,0
1,302,68786870000000,68786870066625,68786870093750,27125,93750,66625,68786880000000,0,0,0
1,303,68786880000000,68786880064125,68786880091625,27500,91625,64125,68786890000000,0,0,0
1,304,68786890000000,68786890066750,68786890094500,27750,94500,66750,68786900000000,0,0,0
1,305,68786900000000,68786900063125,68786900090250,27125,90250,63125,68786910000000,0,0,0
1,306,68786910000000,68786910062375,68786910090125,27750,90125,62375,68786920000000,0,0,0
1,307,68786920000000,68786920066875,68786920094375,27500,94375,66875,68786930000000,0,0,0
1,308,68786930000000,68786930062500,68786930090375,27875,90375,62500,68786940000000,0,0,0
1,309,68786940000000,68786940066875,68786940093875,27000,93875,66875,68786950000000,0,0,0
1,310,68786950000000,68786950062500,68786950090125,27625,90125,62500,68786960000000,0,0,0
1,311,68786960000000,68786960062375,68786960089750,27375,89750,62375,68786970000000,0,0,0
1,312,68786970000000,68786970066500,68786970094500,28000,94500,66500,68786980000000,0,0,0
1,313,68786980000000,68786980062625,68786980090000,27375,90000,62625,68786990000000,0,0,0
1,314,68786990000000,68786990067250,68786990095000,27750,95000,67250,68787000000000,0,0,0
1,315,68787000000000,68787000062875,68787000090250,27375,90250,62875,68787010000000,0,0,0
1,316,68787010000000,68787010066750,68787010094875,28125,94875,66750,68787020000000,0,0,0
1,317,68787020000000,68787020062750,68787020090000,27250,90000,62750,68787030000000,0,0,0
1,318,68787030000000,68787030069750,68787030098000,28250,98000,69750,68787040000000,0,0,0
1,319,68787040000000,68787040063000,68787040090375,27375,90375,63000,68787050000000,0,0,0
1,320,68787050000000,68787050062625,68787050090125,27500,90125,62625,68787060000000,0,0,0
1,321,68787060000000,68787060067000,68787060094250,27250,94250,67000,68787070000000,0,0,0
1,322,68787070000000,68787070062750,68787070090250,27500,90250,62750,68787080000000,0,0,0
1,323,68787080000000,68787080066875,68787080094625,27750,94625,66875,68787090000000,0,0,0
1,324,68787090000000,68787090062750,68787090090250,27500,90250,62750,68787100000000,0,0,0
1,325,68787100000000,68787100067000,68787100094250,27250,94250,67000,68787110000000,0,0,0
1,326,68787110000000,68787110062625,68787110090125,27500,90125,62625,68787120000000,0,0,0
1,327,68787120000000,68787120062375,68787120089875,27500,89875,62375,68787130000000,0,0,0
1,328,68787130000000,68787130062500,68787130089750,27250,89750,62500,68787140000000,0,0,0
1,329,68787140000000,68787140062625,68787140090125,27500,90125,62625,68787150000000,0,0,0
1,330,68787150000000,68787150066750,68787150094000,27250,94000,66750,68787160000000,0,0,0
1,331,68787160000000,68787160062625,68787160090000,27375,90000,62625,68787170000000,0,0,0
1,332,68787170000000,68787170067125,68787170095875,28750,95875,67125,68787180000000,0,0,0
1,333,68787180000000,68787180062625,68787180090125,27500,90125,62625,68787190000000,0,0,0
1,334,68787190000000,68787190062500,68787190090250,27750,90250,62500,68787200000000,0,0,0
1,335,68787200000000,68787200067125,68787200094625,27500,94625,67125,68787210000000,0,0,0
1,336,68787210000000,68787210062750,68787210090500,27750,90500,62750,68787220000000,0,0,0
1,337,68787220000000,68787220061625,68787220089000,27375,89000,61625,68787230000000,0,0,0
1,338,68787230000000,68787230060750,68787230088375,27625,88375,60750,68787240000000,0,0,0
1,339,68787240000000,68787240062875,68787240090750,27875,90750,62875,68787250000000,0,0,0
1,340,68787250000000,68787250067250,68787250093875,26625,93875,67250,68787260000000,0,0,0
1,341,68787260000000,68787260062750,68787260090875,28125,90875,62750,68787270000000,0,0,0
1,342,68787270000000,68787270062500,68787270090125,27625,90125,62500,68787280000000,0,0,0
1,343,68787280000000,68787280067000,68787280095000,28000,95000,67000,68787290000000,0,0,0
1,344,68787290000000,68787290063125,68787290090500,27375,90500,63125,68787300000000,0,0,0
1,345,68787300000000,68787300067125,68787300095250,28125,95250,67125,68787310000000,0,0,0
1,346,68787310000000,68787310062375,68787310089750,27375,89750,62375,68787320000000,0,0,0
1,347,68787320000000,68787320062625,68787320090375,27750,90375,62625,68787330000000,0,0,0
1,348,68787330000000,68787330066875,68787330094250,27375,94250,66875,68787340000000,0,0,0
1,349,68787340000000,68787340063000,68787340090125,27125,90125,63000,68787350000000,0,0,0
1,350,68787350000000,68787350067000,68787350095250,28250,95250,67000,68787360000000,0,0,0
1,351,68787360000000,68787360062625,68787360090375,27750,90375,62625,68787370000000,0,0,0
1,352,68787370000000,68787370067000,68787370094375,27375,94375,67000,68787380000000,0,0,0
1,353,68787380000000,68787380062750,68787380089750,27000,89750,62750,68787390000000,0,0,0
1,354,68787390000000,68787390062625,68787390089750,27125,89750,62625,68787400000000,0,0,0
1,355,68787400000000,68787400066875,68787400094500,27625,94500,66875,68787410000000,0,0,0
1,356,68787410000000,68787410062750,68787410091625,28875,91625,62750,68787420000000,0,0,0
1,357,68787420000000,68787420066875,68787420094125,27250,94125,66875,68787430000000,0,0,0
1,358,68787430000000,68787430063000,68787430090250,27250,90250,63000,68787440000000,0,0,0
1,359,68787440000000,68787440062500,68787440090250,27750,90250,62500,68787450000000,0,0,0
1,360,68787450000000,68787450062625,68787450090125,27500,90125,62625,68787460000000,0,0,0
1,361,68787460000000,68787460062625,68787460090250,27625,90250,62625,68787470000000,0,0,0
1,362,68787470000000,68787470066875,68787470094625,27750,94625,66875,68787480000000,0,0,0
1,363,68787480000000,68787480062750,68787480090500,27750,90500,62750,68787490000000,0,0,0
1,364,68787490000000,68787490068625,68787490097000,28375,97000,68625,68787500000000,0,0,0
1,365,68787500000000,68787500063125,68787500091250,28125,91250,63125,68787510000000,0,0,0
1,366,68787510000000,68787510062625,68787510090000,27375,90000,62625,68787520000000,0,0,0
1,367,68787520000000,68787520067000,68787520096625,29625,96625,67000,68787530000000,0,0,0
1,368,68787530000000,68787530062875,68787530090250,27375,90250,62875,68787540000000,0,0,0
1,369,68787540000000,68787540066875,68787540094750,27875,94750,66875,68787550000000,0,0,0
1,370,68787550000000,68787550062750,68787550090000,27250,90000,62750,68787560000000,0,0,0
1,371,68787560000000,68787560067125,68787560095250,28125,95250,67125,68787570000000,0,0,0
1,372,68787570000000,68787570062875,68787570090250,27375,90250,62875,68787580000000,0,0,0
1,373,68787580000000,68787580066875,68787580095375,28500,95375,66875,68787590000000,0,0,0
1,374,68787590000000,68787590062875,68787590090375,27500,90375,62875,68787600000000,0,0,0
1,375,68787600000000,68787600062625,68787600090000,27375,90000,62625,68787610000000,0,0,0
1,376,68787610000000,68787610067000,68787610094375,27375,94375,67000,68787620000000,0,0,0
1,377,68787620000000,68787620063000,68787620090500,27500,90500,63000,68787630000000,0,0,0
1,378,68787630000000,68787630061625,68787630089125,27500,89125,61625,68787640000000,0,0,0
1,379,68787640000000,68787640066875,68787640094625,27750,94625,66875,68787650000000,0,0,0
1,380,68787650000000,68787650062875,68787650090375,27500,90375,62875,68787660000000,0,0,0
1,381,68787660000000,68787660062625,68787660090375,27750,90375,62625,68787670000000,0,0,0
1,382,68787670000000,68787670066750,68787670094375,27625,94375,66750,68787680000000,0,0,0
1,383,68787680000000,68787680062750,68787680090625,27875,90625,62750,68787690000000,0,0,0
1,384,68787690000000,68787690066750,68787690094375,27625,94375,66750,68787700000000,0,0,0
1,385,68787700000000,68787700062875,68787700090875,28000,90875,62875,68787710000000,0,0,0
1,386,68787710000000,68787710067000,68787710094125,27125,94125,67000,68787720000000,0,0,0
1,387,68787720000000,68787720062750,68787720090625,27875,90625,62750,68787730000000,0,0,0
1,388,68787730000000,68787730062375,68787730090875,28500,90875,62375,68787740000000,0,0,0
1,389,68787740000000,68787740066750,68787740094625,27875,94625,66750,68787750000000,0,0,0
1,390,68787750000000,68787750062625,68787750090250,27625,90250,62625,68787760000000,0,0,0
1,391,68787760000000,68787760067250,68787760095125,27875,95125,67250,68787770000000,0,0,0
1,392,68787770000000,68787770063000,68787770090625,27625,90625,63000,68787780000000,0,0,0
1,393,68787780000000,68787780062500,68787780090375,27875,90375,62500,68787790000000,0,0,0
1,394,68787790000000,68787790067000,68787790094375,27375,94375,67000,68787800000000,0,0,0
1,395,68787800000000,68787800063000,68787800090000,27000,90000,63000,68787810000000,0,0,0
1,396,68787810000000,68787810062875,68787810089625,26750,89625,62875,68787820000000,0,0,0
1,397,68787820000000,68787820067250,68787820094625,27375,94625,67250,68787830000000,0,0,0
1,398,68787830000000,68787830062750,68787830089875,27125,89875,62750,68787840000000,0,0,0
1,399,68787840000000,68787840067500,68787840095250,27750,95250,67500,68787850000000,0,0,0
1,400,68787850000000,68787850063500,68787850090750,27250,90750,63500,68787860000000,0,0,0
1,401,68787860000000,68787860062875,68787860090875,28000,90875,62875,68787870000000,0,0,0
1,402,68787870000000,68787870067000,68787870094625,27625,94625,67000,68787880000000,0,0,0
1,403,68787880000000,68787880064125,68787880091875,27750,91875,64125,68787890000000,0,0,0
1,404,68787890000000,68787890066875,68787890094000,27125,94000,66875,68787900000000,0,0,0
1,405,68787900000000,68787900062750,68787900090500,27750,90500,62750,68787910000000,0,0,0
1,406,68787910000000,68787910062625,68787910090000,27375,90000,62625,68787920000000,0,0,0
1,407,68787920000000,68787920066875,68787920094750,27875,94750,66875,68787930000000,0,0,0
1,408,68787930000000,68787930062750,68787930090250,27500,90250,62750,68787940000000,0,0,0
1,409,68787940000000,68787940076500,68787940288250,211750,288250,76500,68787950000000,0,0,0
1,410,68787950000000,68787950064875,68787950181750,116875,181750,64875,68787960000000,0,0,0
1,411,68787960000000,68787960064000,68787960095000,31000,95000,64000,68787970000000,0,0,0
1,412,68787970000000,68787970069375,68787970097250,27875,97250,69375,68787980000000,0,0,0
1,413,68787980000000,68787980063375,68787980090625,27250,90625,63375,68787990000000,0,0,0
1,414,68787990000000,68787990062250,68787990090125,27875,90125,62250,68788000000000,0,0,0
1,415,68788000000000,68788000067250,68788000094625,27375,94625,67250,68788010000000,0,0,0
1,416,68788010000000,68788010063000,68788010090750,27750,90750,63000,68788020000000,0,0,0
1,417,68788020000000,68788020067375,68788020094875,27500,94875,67375,68788030000000,0,0,0
1,418,68788030000000,68788030062750,68788030090625,27875,90625,62750,68788040000000,0,0,0
1,419,68788040000000,68788040062750,68788040090250,27500,90250,62750,68788050000000,0,0,0
1,420,68788050000000,68788050066875,68788050094625,27750,94625,66875,68788060000000,0,0,0
1,421,68788060000000,68788060063000,68788060091625,28625,91625,63000,68788070000000,0,0,0
1,422,68788070000000,68788070067000,68788070094750,27750,94750,67000,68788080000000,0,0,0
1,423,68788080000000,68788080062875,68788080090500,27625,90500,62875,68788090000000,0,0,0
1,424,68788090000000,68788090067125,68788090094875,27750,94875,67125,68788100000000,0,0,0
1,425,68788100000000,68788100062875,68788100090375,27500,90375,62875,68788110000000,0,0,0
1,426,68788110000000,68788110067125,68788110094125,27000,94125,67125,68788120000000,0,0,0
1,427,68788120000000,68788120062875,68788120090125,27250,90125,62875,68788130000000,0,0,0
1,428,68788130000000,68788130062875,68788130091000,28125,91000,62875,68788140000000,0,0,0
1,429,68788140000000,68788140067125,68788140095875,28750,95875,67125,68788150000000,0,0,0
1,430,68788150000000,68788150062750,68788150090625,27875,90625,62750,68788160000000,0,0,0
1,431,68788160000000,68788160067250,68788160094750,27500,94750,67250,68788170000000,0,0,0
1,432,68788170000000,68788170063000,68788170090875,27875,90875,63000,68788180000000,0,0,0
1,433,68788180000000,68788180062500,68788180090125,27625,90125,62500,68788190000000,0,0,0
1,434,68788190000000,68788190066500,68788190094500,28000,94500,66500,68788200000000,0,0,0
1,435,68788200000000,68788200062625,68788200089875,27250,89875,62625,68788210000000,0,0,0
1,436,68788210000000,68788210066750,68788210094500,27750,94500,66750,68788220000000,0,0,0
1,437,68788220000000,68788220048625,68788220076750,28125,76750,48625,68788230000000,0,0,0
1,438,68788230000000,68788230068000,68788230096000,28000,96000,68000,68788240000000,0,0,0
1,439,68788240000000,68788240062750,68788240090875,28125,90875,62750,68788250000000,0,0,0
1,440,68788250000000,68788250063125,68788250090625,27500,90625,63125,68788260000000,0,0,0
1,441,68788260000000,68788260067375,68788260095250,27875,95250,67375,68788270000000,0,0,0
1,442,68788270000000,68788270063125,68788270090500,27375,90500,63125,68788280000000,0,0,0
1,443,68788280000000,68788280066875,68788280094875,28000,94875,66875,68788290000000,0,0,0
1,444,68788290000000,68788290062875,68788290090500,27625,90500,62875,68788300000000,0,0,0
1,445,68788300000000,68788300067125,68788300094875,27750,94875,67125,68788310000000,0,0,0
1,446,68788310000000,68788310062625,68788310090000,27375,90000,62625,68788320000000,0,0,0
1,447,68788320000000,68788320062750,68788320090500,27750,90500,62750,68788330000000,0,0,0
1,448,68788330000000,68788330066875,68788330094125,27250,94125,66875,68788340000000,0,0,0
1,449,68788340000000,68788340062875,68788340090375,27500,90375,62875,68788350000000,0,0,0
1,450,68788350000000,68788350067250,68788350094500,27250,94500,67250,68788360000000,0,0,0
1,451,68788360000000,68788360062875,68788360090250,27375,90250,62875,68788370000000,0,0,0
1,452,68788370000000,68788370062750,68788370090250,27500,90250,62750,68788380000000,0,0,0
1,453,68788380000000,68788380067000,68788380095625,28625,95625,67000,68788390000000,0,0,0
1,454,68788390000000,68788390062875,68788390089625,26750,89625,62875,68788400000000,0,0,0
1,455,68788400000000,68788400068875,68788400097125,28250,97125,68875,68788410000000,0,0,0
1,456,68788410000000,68788410063375,68788410091125,27750,91125,63375,68788420000000,0,0,0
1,457,68788420000000,68788420062875,68788420090625,27750,90625,62875,68788430000000,0,0,0
1,458,68788430000000,68788430068125,68788430099375,31250,99375,68125,68788440000000,0,0,0
1,459,68788440000000,68788440067125,68788440095625,28500,95625,67125,68788450000000,0,0,0
1,460,68788450000000,68788450068000,68788450096125,28125,96125,68000,68788460000000,0,0,0
1,461,68788460000000,68788460063000,68788460090875,27875,90875,63000,68788470000000,0,0,0
1,462,68788470000000,68788470062625,68788470090000,27375,90000,62625,68788480000000,0,0,0
1,463,68788480000000,68788480067125,68788480095125,28000,95125,67125,68788490000000,0,0,0
1,464,68788490000000,68788490062750,68788490090000,27250,90000,62750,68788500000000,0,0,0
1,465,68788500000000,68788500062625,68788500090375,27750,90375,62625,68788510000000,0,0,0
1,466,68788510000000,68788510066875,68788510094000,27125,94000,66875,68788520000000,0,0,0
1,467,68788520000000,68788520062625,68788520090375,27750,90375,62625,68788530000000,0,0,0
1,468,68788530000000,68788530066875,68788530094125,27250,94125,66875,68788540000000,0,0,0
1,469,68788540000000,68788540062875,68788540091500,28625,91500,62875,68788550000000,0,0,0
1,470,68788550000000,68788550062500,68788550089625,27125,89625,62500,68788560000000,0,0,0
1,471,68788560000000,68788560067000,68788560095625,28625,95625,67000,68788570000000,0,0,0
1,472,68788570000000,68788570062625,68788570090125,27500,90125,62625,68788580000000,0,0,0
1,473,68788580000000,68788580067000,68788580094750,27750,94750,67000,68788590000000,0,0,0
1,474,68788590000000,68788590062875,68788590090375,27500,90375,62875,68788600000000,0,0,0
1,475,68788600000000,68788600067000,68788600094125,27125,94125,67000,68788610000000,0,0,0
1,476,68788610000000,68788610062625,68788610089875,27250,89875,62625,68788620000000,0,0,0
1,477,68788620000000,68788620067250,68788620095125,27875,95125,67250,68788630000000,0,0,0
1,478,68788630000000,68788630062750,68788630090125,27375,90125,62750,68788640000000,0,0,0
1,479,68788640000000,68788640062750,68788640090125,27375,90125,62750,68788650000000,0,0,0
1,480,68788650000000,68788650066000,68788650093250,27250,93250,66000,68788660000000,0,0,0
1,481,68788660000000,68788660062750,68788660090375,27625,90375,62750,68788670000000,0,0,0
1,482,68788670000000,68788670067000,68788670094375,27375,94375,67000,68788680000000,0,0,0
1,483,68788680000000,68788680062875,68788680090625,27750,90625,62875,68788690000000,0,0,0
1,484,68788690000000,68788690067000,68788690094750,27750,94750,67000,68788700000000,0,0,0
1,485,68788700000000,68788700062750,68788700090500,27750,90500,62750,68788710000000,0,0,0
1,486,68788710000000,68788710062625,68788710089875,27250,89875,62625,68788720000000,0,0,0
1,487,68788720000000,68788720066875,68788720095000,28125,95000,66875,68788730000000,0,0,0
1,488,68788730000000,68788730063000,68788730090500,27500,90500,63000,68788740000000,0,0,0
1,489,68788740000000,68788740062625,68788740089750,27125,89750,62625,68788750000000,0,0,0
1,490,68788750000000,68788750063000,68788750090625,27625,90625,63000,68788760000000,0,0,0
1,491,68788760000000,68788760062750,68788760090500,27750,90500,62750,68788770000000,0,0,0
1,492,68788770000000,68788770066875,68788770094250,27375,94250,66875,68788780000000,0,0,0
1,493,68788780000000,68788780062625,68788780090375,27750,90375,62625,68788790000000,0,0,0
1,494,68788790000000,68788790066750,68788790094000,27250,94000,66750,68788800000000,0,0,0
1,495,68788800000000,68788800062625,68788800090375,27750,90375,62625,68788810000000,0,0,0
1,496,68788810000000,68788810066750,68788810094125,27375,94125,66750,68788820000000,0,0,0
1,497,68788820000000,68788820062625,68788820090125,27500,90125,62625,68788830000000,0,0,0
1,498,68788830000000,68788830060875,68788830088875,28000,88875,60875,68788840000000,0,0,0
1,499,68788840000000,68788840067375,68788840094750,27375,94750,67375,68788850000000,0,0,0
1,500,68788850000000,68788850065125,68788850093375,28250,93375,65125,68788860000000,0,0,0
1,501,68788860000000,68788860067625,68788860095375,27750,95375,67625,68788870000000,0,0,0
1,502,68788870000000,68788870062875,68788870090625,27750,90625,62875,68788880000000,0,0,0
1,503,68788880000000,68788880068750,68788880096000,27250,96000,68750,68788890000000,0,0,0
1,504,68788890000000,68788890062625,68788890090250,27625,90250,62625,68788900000000,0,0,0
1,505,68788900000000,68788900062625,68788900089625,27000,89625,62625,68788910000000,0,0,0
1,506,68788910000000,68788910066875,68788910094125,27250,94125,66875,68788920000000,0,0,0
1,507,68788920000000,68788920062750,68788920089750,27000,89750,62750,68788930000000,0,0,0
1,508,68788930000000,68788930066875,68788930094750,27875,94750,66875,68788940000000,0,0,0
1,509,68788940000000,68788940062750,68788940090125,27375,90125,62750,68788950000000,0,0,0
1,510,68788950000000,68788950062500,68788950090250,27750,90250,62500,68788960000000,0,0,0
1,511,68788960000000,68788960066875,68788960094000,27125,94000,66875,68788970000000,0,0,0
1,512,68788970000000,68788970062750,68788970091250,28500,91250,62750,68788980000000,0,0,0
1,513,68788980000000,68788980066750,68788980094000,27250,94000,66750,68788990000000,0,0,0
1,514,68788990000000,68788990062875,68788990090750,27875,90750,62875,68789000000000,0,0,0
1,515,68789000000000,68789000066875,68789000094000,27125,94000,66875,68789010000000,0,0,0
1,516,68789010000000,68789010062750,68789010090000,27250,90000,62750,68789020000000,0,0,0
1,517,68789020000000,68789020039125,68789020103875,64750,103875,39125,68789030000000,0,0,0
1,518,68789030000000,68789030067750,68789030100500,32750,100500,67750,68789040000000,0,0,0
1,519,68789040000000,68789040063500,68789040091500,28000,91500,63500,68789050000000,0,0,0
1,520,68789050000000,68789050067000,68789050094875,27875,94875,67000,68789060000000,0,0,0
1,521,68789060000000,68789060063000,68789060090375,27375,90375,63000,68789070000000,0,0,0
1,522,68789070000000,68789070067000,68789070094875,27875,94875,67000,68789080000000,0,0,0
1,523,68789080000000,68789080062625,68789080090125,27500,90125,62625,68789090000000,0,0,0
1,524,68789090000000,68789090067000,68789090094875,27875,94875,67000,68789100000000,0,0,0
1,525,68789100000000,68789100063125,68789100090500,27375,90500,63125,68789110000000,0,0,0
1,526,68789110000000,68789110067000,68789110094875,27875,94875,67000,68789120000000,0,0,0
1,527,68789120000000,68789120062625,68789120090000,27375,90000,62625,68789130000000,0,0,0
1,528,68789130000000,68789130062500,68789130090125,27625,90125,62500,68789140000000,0,0,0
1,529,68789140000000,68789140066875,68789140094125,27250,94125,66875,68789150000000,0,0,0
1,530,68789150000000,68789150062875,68789150090625,27750,90625,62875,68789160000000,0,0,0
1,531,68789160000000,68789160062750,68789160090125,27375,90125,62750,68789170000000,0,0,0
1,532,68789170000000,68789170066750,68789170095250,28500,95250,66750,68789180000000,0,0,0
1,533,68789180000000,68789180062750,68789180090250,27500,90250,62750,68789190000000,0,0,0
1,534,68789190000000,68789190066750,68789190093000,26250,93000,66750,68789200000000,0,0,0
1,535,68789200000000,68789200062875,68789200090375,27500,90375,62875,68789210000000,0,0,0
1,536,68789210000000,68789210062750,68789210090625,27875,90625,62750,68789220000000,0,0,0
1,537,68789220000000,68789220066875,68789220094250,27375,94250,66875,68789230000000,0,0,0
1,538,68789230000000,68789230062875,68789230090875,28000,90875,62875,68789240000000,0,0,0
1,539,68789240000000,68789240066750,68789240094000,27250,94000,66750,68789250000000,0,0,0
1,540,68789250000000,68789250062875,68789250090625,27750,90625,62875,68789260000000,0,0,0
1,541,68789260000000,68789260061875,68789260089250,27375,89250,61875,68789270000000,0,0,0
1,542,68789270000000,68789270067125,68789270094875,27750,94875,67125,68789280000000,0,0,0
1,543,68789280000000,68789280062750,68789280090250,27500,90250,62750,68789290000000,0,0,0
1,544,68789290000000,68789290066875,68789290094500,27625,94500,66875,68789300000000,0,0,0
1,545,68789300000000,68789300062625,68789300091625,29000,91625,62625,68789310000000,0,0,0
1,546,68789310000000,68789310069625,68789310098875,29250,98875,69625,68789320000000,0,0,0
1,547,68789320000000,68789320063625,68789320091125,27500,91125,63625,68789330000000,0,0,0
1,548,68789330000000,68789330062625,68789330090375,27750,90375,62625,68789340000000,0,0,0
1,549,68789340000000,68789340066125,68789340093500,27375,93500,66125,68789350000000,0,0,0
1,550,68789350000000,68789350063000,68789350090750,27750,90750,63000,68789360000000,0,0,0
1,551,68789360000000,68789360067125,68789360094500,27375,94500,67125,68789370000000,0,0,0
1,552,68789370000000,68789370062625,68789370090375,27750,90375,62625,68789380000000,0,0,0
1,553,68789380000000,68789380062375,68789380089875,27500,89875,62375,68789390000000,0,0,0
1,554,68789390000000,68789390067000,68789390094625,27625,94625,67000,68789400000000,0,0,0
1,555,68789400000000,68789400063000,68789400090625,27625,90625,63000,68789410000000,0,0,0
1,556,68789410000000,68789410067000,68789410094875,27875,94875,67000,68789420000000,0,0,0
1,557,68789420000000,68789420062875,68789420090500,27625,90500,62875,68789430000000,0,0,0
1,558,68789430000000,68789430062625,68789430090500,27875,90500,62625,68789440000000,0,0,0
1,559,68789440000000,68789440067125,68789440094625,27500,94625,67125,68789450000000,0,0,0
1,560,68789450000000,68789450062875,68789450091375,28500,91375,62875,68789460000000,0,0,0
1,561,68789460000000,68789460062500,68789460089875,27375,89875,62500,68789470000000,0,0,0
1,562,68789470000000,68789470066875,68789470095000,28125,95000,66875,68789480000000,0,0,0
1,563,68789480000000,68789480062625,68789480089875,27250,89875,62625,68789490000000,0,0,0
1,564,68789490000000,68789490062625,68789490090250,27625,90250,62625,68789500000000,0,0,0
1,565,68789500000000,68789500066875,68789500094125,27250,94125,66875,68789510000000,0,0,0
1,566,68789510000000,68789510062875,68789510090250,27375,90250,62875,68789520000000,0,0,0
1,567,68789520000000,68789520067125,68789520094500,27375,94500,67125,68789530000000,0,0,0
1,568,68789530000000,68789530062625,68789530090250,27625,90250,62625,68789540000000,0,0,0
1,569,68789540000000,68789540062625,68789540091000,28375,91000,62625,68789550000000,0,0,0
1,570,68789550000000,68789550067000,68789550094750,27750,94750,67000,68789560000000,0,0,0
1,571,68789560000000,68789560062625,68789560089875,27250,89875,62625,68789570000000,0,0,0
1,572,68789570000000,68789570062500,68789570090125,27625,90125,62500,68789580000000,0,0,0
1,573,68789580000000,68789580066750,68789580094250,27500,94250,66750,68789590000000,0,0,0
1,574,68789590000000,68789590062625,68789590090375,27750,90375,62625,68789600000000,0,0,0
1,575,68789600000000,68789600066875,68789600093750,26875,93750,66875,68789610000000,0,0,0
1,576,68789610000000,68789610062625,68789610090500,27875,90500,62625,68789620000000,0,0,0
1,577,68789620000000,68789620062500,68789620089625,27125,89625,62500,68789630000000,0,0,0
1,578,68789630000000,68789630066000,68789630093875,27875,93875,66000,68789640000000,0,0,0
1,579,68789640000000,68789640062750,68789640090125,27375,90125,62750,68789650000000,0,0,0
1,580,68789650000000,68789650067000,68789650095000,28000,95000,67000,68789660000000,0,0,0
1,581,68789660000000,68789660062875,68789660090875,28000,90875,62875,68789670000000,0,0,0
1,582,68789670000000,68789670061875,68789670089500,27625,89500,61875,68789680000000,0,0,0
1,583,68789680000000,68789680067000,68789680094250,27250,94250,67000,68789690000000,0,0,0
1,584,68789690000000,68789690062875,68789690089875,27000,89875,62875,68789700000000,0,0,0
1,585,68789700000000,68789700067125,68789700094375,27250,94375,67125,68789710000000,0,0,0
1,586,68789710000000,68789710062625,68789710090250,27625,90250,62625,68789720000000,0,0,0
1,587,68789720000000,68789720062500,68789720089750,27250,89750,62500,68789730000000,0,0,0
1,588,68789730000000,68789730062750,68789730090250,27500,90250,62750,68789740000000,0,0,0
1,589,68789740000000,68789740062750,68789740090375,27625,90375,62750,68789750000000,0,0,0
1,590,68789750000000,68789750066750,68789750093875,27125,93875,66750,68789760000000,0,0,0
1,591,68789760000000,68789760064250,68789760092250,28000,92250,64250,68789770000000,0,0,0
1,592,68789770000000,68789770067125,68789770095125,28000,95125,67125,68789780000000,0,0,0
1,593,68789780000000,68789780063000,68789780090750,27750,90750,63000,68789790000000,0,0,0
1,594,68789790000000,68789790067125,68789790094875,27750,94875,67125,68789800000000,0,0,0
1,595,68789800000000,68789800062875,68789800090000,27125,90000,62875,68789810000000,0,0,0
1,596,68789810000000,68789810062500,68789810091000,28500,91000,62500,68789820000000,0,0,0
1,597,68789820000000,68789820051875,68789820080500,28625,80500,51875,68789830000000,0,0,0
1,598,68789830000000,68789830064375,68789830091875,27500,91875,64375,68789840000000,0,0,0
1,599,68789840000000,68789840067250,68789840095875,28625,95875,67250,68789850000000,0,0,0
1,600,68789850000000,68789850062875,68789850090250,27375,90250,62875,68789860000000,0,0,0
1,601,68789860000000,68789860067000,68789860094375,27375,94375,67000,68789870000000,0,0,0
1,602,68789870000000,68789870062750,68789870090000,27250,90000,62750,68789880000000,0,0,0
1,603,68789880000000,68789880068875,68789880096500,27625,96500,68875,68789890000000,0,0,0
1,604,68789890000000,68789890062500,68789890089875,27375,89875,62500,68789900000000,0,0,0
1,605,68789900000000,68789900062875,68789900090750,27875,90750,62875,68789910000000,0,0,0
1,606,68789910000000,68789910066750,68789910094375,27625,94375,66750,68789920000000,0,0,0
1,607,68789920000000,68789920062750,68789920090625,27875,90625,62750,68789930000000,0,0,0
1,608,68789930000000,68789930066750,68789930094250,27500,94250,66750,68789940000000,0,0,0
1,609,68789940000000,68789940062875,68789940090750,27875,90750,62875,68789950000000,0,0,0
1,610,68789950000000,68789950066750,68789950093750,27000,93750,66750,68789960000000,0,0,0
1,611,68789960000000,68789960062750,68789960090875,28125,90875,62750,68789970000000,0,0,0
1,612,68789970000000,68789970067000,68789970094000,27000,94000,67000,68789980000000,0,0,0
1,613,68789980000000,68789980062875,68789980090625,27750,90625,62875,68789990000000,0,0,0
1,614,68789990000000,68789990066750,68789990094250,27500,94250,66750,68790000000000,0,0,0
1,615,68790000000000,68790000062875,68790000090875,28000,90875,62875,68790010000000,0,0,0
1,616,68790010000000,68790010066750,68790010094250,27500,94250,66750,68790020000000,0,0,0
1,617,68790020000000,68790020062875,68790020090750,27875,90750,62875,68790030000000,0,0,0
1,618,68790030000000,68790030067500,68790030094750,27250,94750,67500,68790040000000,0,0,0
1,619,68790040000000,68790040062625,68790040091250,28625,91250,62625,68790050000000,0,0,0
1,620,68790050000000,68790050062250,68790050089500,27250,89500,62250,68790060000000,0,0,0
1,621,68790060000000,68790060066750,68790060094750,28000,94750,66750,68790070000000,0,0,0
1,622,68790070000000,68790070062500,68790070089875,27375,89875,62500,68790080000000,0,0,0
1,623,68790080000000,68790080067125,68790080095000,27875,95000,67125,68790090000000,0,0,0
1,624,68790090000000,68790090062750,68790090090000,27250,90000,62750,68790100000000,0,0,0
1,625,68790100000000,68790100062625,68790100089000,26375,89000,62625,68790110000000,0,0,0
1,626,68790110000000,68790110066625,68790110094000,27375,94000,66625,68790120000000,0,0,0
1,627,68790120000000,68790120062750,68790120090375,27625,90375,62750,68790130000000,0,0,0
1,628,68790130000000,68790130066750,68790130094125,27375,94125,66750,68790140000000,0,0,0
1,629,68790140000000,68790140062750,68790140090250,27500,90250,62750,68790150000000,0,0,0
1,630,68790150000000,68790150067125,68790150094250,27125,94250,67125,68790160000000,0,0,0
1,631,68790160000000,68790160062875,68790160090500,27625,90500,62875,68790170000000,0,0,0
1,632,68790170000000,68790170062500,68790170089750,27250,89750,62500,68790180000000,0,0,0
1,633,68790180000000,68790180067000,68790180094750,27750,94750,67000,68790190000000,0,0,0
1,634,68790190000000,68790190062625,68790190089875,27250,89875,62625,68790200000000,0,0,0
1,635,68790200000000,68790200062625,68790200090375,27750,90375,62625,68790210000000,0,0,0
1,636,68790210000000,68790210066875,68790210094625,27750,94625,66875,68790220000000,0,0,0
1,637,68790220000000,68790220065250,68790220093500,28250,93500,65250,68790230000000,0,0,0
1,638,68790230000000,68790230067875,68790230095500,27625,95500,67875,68790240000000,0,0,0
1,639,68790240000000,68790240063375,68790240091250,27875,91250,63375,68790250000000,0,0,0
1,640,68790250000000,68790250061000,68790250088875,27875,88875,61000,68790260000000,0,0,0
1,641,68790260000000,68790260068000,68790260095750,27750,95750,68000,68790270000000,0,0,0
1,642,68790270000000,68790270062750,68790270089625,26875,89625,62750,68790280000000,0,0,0
1,643,68790280000000,68790280061750,68790280089500,27750,89500,61750,68790290000000,0,0,0
1,644,68790290000000,68790290066875,68790290094375,27500,94375,66875,68790300000000,0,0,0
1,645,68790300000000,68790300061500,68790300090125,28625,90125,61500,68790310000000,0,0,0
1,646,68790310000000,68790310067250,68790310094375,27125,94375,67250,68790320000000,0,0,0
1,647,68790320000000,68790320062750,68790320090375,27625,90375,62750,68790330000000,0,0,0
1,648,68790330000000,68790330062500,68790330089750,27250,89750,62500,68790340000000,0,0,0
1,649,68790340000000,68790340066875,68790340094625,27750,94625,66875,68790350000000,0,0,0
1,650,68790350000000,68790350062625,68790350090500,27875,90500,62625,68790360000000,0,0,0
1,651,68790360000000,68790360062500,68790360090000,27500,90000,62500,68790370000000,0,0,0
1,652,68790370000000,68790370067125,68790370094375,27250,94375,67125,68790380000000,0,0,0
1,653,68790380000000,68790380062625,68790380090500,27875,90500,62625,68790390000000,0,0,0
1,654,68790390000000,68790390066875,68790390094250,27375,94250,66875,68790400000000,0,0,0
1,655,68790400000000,68790400062500,68790400090250,27750,90250,62500,68790410000000,0,0,0
1,656,68790410000000,68790410062500,68790410089875,27375,89875,62500,68790420000000,0,0,0
1,657,68790420000000,68790420067125,68790420094875,27750,94875,67125,68790430000000,0,0,0
1,658,68790430000000,68790430062875,68790430090125,27250,90125,62875,68790440000000,0,0,0
1,659,68790440000000,68790440062500,68790440090000,27500,90000,62500,68790450000000,0,0,0
1,660,68790450000000,68790450066750,68790450094125,27375,94125,66750,68790460000000,0,0,0
1,661,68790460000000,68790460062750,68790460090375,27625,90375,62750,68790470000000,0,0,0
1,662,68790470000000,68790470062375,68790470089625,27250,89625,62375,68790480000000,0,0,0
1,663,68790480000000,68790480066875,68790480094625,27750,94625,66875,68790490000000,0,0,0
1,664,68790490000000,68790490062875,68790490091500,28625,91500,62875,68790500000000,0,0,0
1,665,68790500000000,68790500066875,68790500094750,27875,94750,66875,68790510000000,0,0,0
1,666,68790510000000,68790510062625,68790510089750,27125,89750,62625,68790520000000,0,0,0
1,667,68790520000000,68790520062500,68790520089750,27250,89750,62500,68790530000000,0,0,0
1,668,68790530000000,68790530066625,68790530093875,27250,93875,66625,68790540000000,0,0,0
1,669,68790540000000,68790540062625,68790540090500,27875,90500,62625,68790550000000,0,0,0
1,670,68790550000000,68790550066875,68790550094375,27500,94375,66875,68790560000000,0,0,0
1,671,68790560000000,68790560062625,68790560090250,27625,90250,62625,68790570000000,0,0,0
1,672,68790570000000,68790570066750,68790570094125,27375,94125,66750,68790580000000,0,0,0
1,673,68790580000000,68790580062625,68790580089750,27125,89750,62625,68790590000000,0,0,0
1,674,68790590000000,68790590067000,68790590094375,27375,94375,67000,68790600000000,0,0,0
1,675,68790600000000,68790600062750,68790600090500,27750,90500,62750,68790610000000,0,0,0
1,676,68790610000000,68790610062625,68790610090000,27375,90000,62625,68790620000000,0,0,0
1,677,68790620000000,68790620066750,68790620094375,27625,94375,66750,68790630000000,0,0,0
1,678,68790630000000,68790630062625,68790630090250,27625,90250,62625,68790640000000,0,0,0
1,679,68790640000000,68790640067000,68790640095000,28000,95000,67000,68790650000000,0,0,0
1,680,68790650000000,68790650062250,68790650089375,27125,89375,62250,68790660000000,0,0,0
1,681,68790660000000,68790660066875,68790660094375,27500,94375,66875,68790670000000,0,0,0
1,682,68790670000000,68790670063875,68790670091875,28000,91875,63875,68790680000000,0,0,0
1,683,68790680000000,68790680067375,68790680095250,27875,95250,67375,68790690000000,0,0,0
1,684,68790690000000,68790690061750,68790690089250,27500,89250,61750,68790700000000,0,0,0
1,685,68790700000000,68790700062625,68790700090625,28000,90625,62625,68790710000000,0,0,0
1,686,68790710000000,68790710062375,68790710089875,27500,89875,62375,68790720000000,0,0,0
1,687,68790720000000,68790720062750,68790720090500,27750,90500,62750,68790730000000,0,0,0
1,688,68790730000000,68790730066750,68790730094250,27500,94250,66750,68790740000000,0,0,0
1,689,68790740000000,68790740062875,68790740090625,27750,90625,62875,68790750000000,0,0,0
1,690,68790750000000,68790750066625,68790750095375,28750,95375,66625,68790760000000,0,0,0
1,691,68790760000000,68790760062500,68790760090375,27875,90375,62500,68790770000000,0,0,0
1,692,68790770000000,68790770066875,68790770094500,27625,94500,66875,68790780000000,0,0,0
1,693,68790780000000,68790780062625,68790780090375,27750,90375,62625,68790790000000,0,0,0
1,694,68790790000000,68790790066875,68790790094375,27500,94375,66875,68790800000000,0,0,0
1,695,68790800000000,68790800062625,68790800090750,28125,90750,62625,68790810000000,0,0,0
1,696,68790810000000,68790810062500,68790810090000,27500,90000,62500,68790820000000,0,0,0
1,697,68790820000000,68790820063125,68790820090875,27750,90875,63125,68790830000000,0,0,0
1,698,68790830000000,68790830062875,68790830090500,27625,90500,62875,68790840000000,0,0,0
1,699,68790840000000,68790840066750,68790840094625,27875,94625,66750,68790850000000,0,0,0
1,700,68790850000000,68790850062500,68790850089875,27375,89875,62500,68790860000000,0,0,0
1,701,68790860000000,68790860062375,68790860089750,27375,89750,62375,68790870000000,0,0,0
1,702,68790870000000,68790870066875,68790870094250,27375,94250,66875,68790880000000,0,0,0
1,703,68790880000000,68790880064375,68790880091750,27375,91750,64375,68790890000000,0,0,0
1,704,68790890000000,68790890066750,68790890094000,27250,94000,66750,68790900000000,0,0,0
1,705,68790900000000,68790900062875,68790900090125,27250,90125,62875,68790910000000,0,0,0
1,706,68790910000000,68790910066875,68790910094250,27375,94250,66875,68790920000000,0,0,0
1,707,68790920000000,68790920062625,68790920090500,27875,90500,62625,68790930000000,0,0,0
1,708,68790930000000,68790930062625,68790930089750,27125,89750,62625,68790940000000,0,0,0
1,709,68790940000000,68790940066875,68790940094125,27250,94125,66875,68790950000000,0,0,0
1,710,68790950000000,68790950062625,68790950089750,27125,89750,62625,68790960000000,0,0,0
1,711,68790960000000,68790960067000,68790960094625,27625,94625,67000,68790970000000,0,0,0
1,712,68790970000000,68790970062875,68790970090125,27250,90125,62875,68790980000000,0,0,0
1,713,68790980000000,68790980066875,68790980093875,27000,93875,66875,68790990000000,0,0,0
1,714,68790990000000,68790990062750,68790990090250,27500,90250,62750,68791000000000,0,0,0
1,715,68791000000000,68791000062750,68791000090375,27625,90375,62750,68791010000000,0,0,0
1,716,68791010000000,68791010063375,68791010090875,27500,90875,63375,68791020000000,0,0,0
1,717,68791020000000,68791020062750,68791020090500,27750,90500,62750,68791030000000,0,0,0
1,718,68791030000000,68791030067375,68791030094750,27375,94750,67375,68791040000000,0,0,0
1,719,68791040000000,68791040063000,68791040090625,27625,90625,63000,68791050000000,0,0,0
1,720,68791050000000,68791050062750,68791050090875,28125,90875,62750,68791060000000,0,0,0
1,721,68791060000000,68791060067125,68791060094500,27375,94500,67125,68791070000000,0,0,0
1,722,68791070000000,68791070062750,68791070089875,27125,89875,62750,68791080000000,0,0,0
1,723,68791080000000,68791080067125,68791080094125,27000,94125,67125,68791090000000,0,0,0
1,724,68791090000000,68791090062625,68791090090125,27500,90125,62625,68791100000000,0,0,0
1,725,68791100000000,68791100062750,68791100090625,27875,90625,62750,68791110000000,0,0,0
1,726,68791110000000,68791110066875,68791110094250,27375,94250,66875,68791120000000,0,0,0
1,727,68791120000000,68791120063000,68791120091000,28000,91000,63000,68791130000000,0,0,0
1,728,68791130000000,68791130068500,68791130096500,28000,96500,68500,68791140000000,0,0,0
1,729,68791140000000,68791140063000,68791140091000,28000,91000,63000,68791150000000,0,0,0
1,730,68791150000000,68791150063000,68791150090125,27125,90125,63000,68791160000000,0,0,0
1,731,68791160000000,68791160066875,68791160094875,28000,94875,66875,68791170000000,0,0,0
1,732,68791170000000,68791170062625,68791170090250,27625,90250,62625,68791180000000,0,0,0
1,733,68791180000000,68791180066875,68791180094625,27750,94625,66875,68791190000000,0,0,0
1,734,68791190000000,68791190062625,68791190090000,27375,90000,62625,68791200000000,0,0,0
1,735,68791200000000,68791200067000,68791200094750,27750,94750,67000,68791210000000,0,0,0
1,736,68791210000000,68791210062625,68791210089875,27250,89875,62625,68791220000000,0,0,0
1,737,68791220000000,68791220067125,68791220094875,27750,94875,67125,68791230000000,0,0,0
1,738,68791230000000,68791230062750,68791230090250,27500,90250,62750,68791240000000,0,0,0
1,739,68791240000000,68791240062500,68791240090375,27875,90375,62500,68791250000000,0,0,0
1,740,68791250000000,68791250066625,68791250094000,27375,94000,66625,68791260000000,0,0,0
1,741,68791260000000,68791260062750,68791260090125,27375,90125,62750,68791270000000,0,0,0
1,742,68791270000000,68791270066750,68791270094250,27500,94250,66750,68791280000000,0,0,0
1,743,68791280000000,68791280062875,68791280090250,27375,90250,62875,68791290000000,0,0,0
1,744,68791290000000,68791290066875,68791290094125,27250,94125,66875,68791300000000,0,0,0
1,745,68791300000000,68791300061750,68791300089375,27625,89375,61750,68791310000000,0,0,0
1,746,68791310000000,68791310066875,68791310094500,27625,94500,66875,68791320000000,0,0,0
1,747,68791320000000,68791320063000,68791320090125,27125,90125,63000,68791330000000,0,0,0
1,748,68791330000000,68791330067125,68791330094500,27375,94500,67125,68791340000000,0,0,0
1,749,68791340000000,68791340062750,68791340090250,27500,90250,62750,68791350000000,0,0,0
1,750,68791350000000,68791350062750,68791350089875,27125,89875,62750,68791360000000,0,0,0
1,751,68791360000000,68791360066750,68791360094500,27750,94500,66750,68791370000000,0,0,0
1,752,68791370000000,68791370062750,68791370090000,27250,90000,62750,68791380000000,0,0,0
1,753,68791380000000,68791380067000,68791380094625,27625,94625,67000,68791390000000,0,0,0
1,754,68791390000000,68791390061875,68791390089375,27500,89375,61875,68791400000000,0,0,0
1,755,68791400000000,68791400066875,68791400094375,27500,94375,66875,68791410000000,0,0,0
1,756,68791410000000,68791410062750,68791410089750,27000,89750,62750,68791420000000,0,0,0
1,757,68791420000000,68791420062625,68791420090375,27750,90375,62625,68791430000000,0,0,0
1,758,68791430000000,68791430066750,68791430094375,27625,94375,66750,68791440000000,0,0,0
1,759,68791440000000,68791440062750,68791440090500,27750,90500,62750,68791450000000,0,0,0
1,760,68791450000000,68791450066750,68791450094500,27750,94500,66750,68791460000000,0,0,0
1,761,68791460000000,68791460062500,68791460090375,27875,90375,62500,68791470000000,0,0,0
1,762,68791470000000,68791470066875,68791470094375,27500,94375,66875,68791480000000,0,0,0
1,763,68791480000000,68791480062750,68791480091125,28375,91125,62750,68791490000000,0,0,0
1,764,68791490000000,68791490062375,68791490089875,27500,89875,62375,68791500000000,0,0,0
1,765,68791500000000,68791500066875,68791500094750,27875,94750,66875,68791510000000,0,0,0
1,766,68791510000000,68791510063125,68791510090500,27375,90500,63125,68791520000000,0,0,0
1,767,68791520000000,68791520066875,68791520094875,28000,94875,66875,68791530000000,0,0,0
1,768,68791530000000,68791530062625,68791530089875,27250,89875,62625,68791540000000,0,0,0
1,769,68791540000000,68791540066875,68791540094500,27625,94500,66875,68791550000000,0,0,0
1,770,68791550000000,68791550062875,68791550090250,27375,90250,62875,68791560000000,0,0,0
1,771,68791560000000,68791560067250,68791560095250,28000,95250,67250,68791570000000,0,0,0
1,772,68791570000000,68791570062625,68791570090125,27500,90125,62625,68791580000000,0,0,0
1,773,68791580000000,68791580062750,68791580090250,27500,90250,62750,68791590000000,0,0,0
1,774,68791590000000,68791590068625,68791590096375,27750,96375,68625,68791600000000,0,0,0
1,775,68791600000000,68791600063250,68791600091000,27750,91000,63250,68791610000000,0,0,0
1,776,68791610000000,68791610062750,68791610090125,27375,90125,62750,68791620000000,0,0,0
1,777,68791620000000,68791620067125,68791620094875,27750,94875,67125,68791630000000,0,0,0
1,778,68791630000000,68791630062500,68791630089625,27125,89625,62500,68791640000000,0,0,0
1,779,68791640000000,68791640062625,68791640090500,27875,90500,62625,68791650000000,0,0,0
1,780,68791650000000,68791650067125,68791650094500,27375,94500,67125,68791660000000,0,0,0
1,781,68791660000000,68791660062625,68791660090875,28250,90875,62625,68791670000000,0,0,0
1,782,68791670000000,68791670062625,68791670090875,28250,90875,62625,68791680000000,0,0,0
1,783,68791680000000,68791680067000,68791680094750,27750,94750,67000,68791690000000,0,0,0
1,784,68791690000000,68791690062875,68791690090250,27375,90250,62875,68791700000000,0,0,0
1,785,68791700000000,68791700067000,68791700094875,27875,94875,67000,68791710000000,0,0,0
1,786,68791710000000,68791710061875,68791710089125,27250,89125,61875,68791720000000,0,0,0
1,787,68791720000000,68791720067375,68791720094375,27000,94375,67375,68791730000000,0,0,0
1,788,68791730000000,68791730062875,68791730090125,27250,90125,62875,68791740000000,0,0,0
1,789,68791740000000,68791740062625,68791740091375,28750,91375,62625,68791750000000,0,0,0
1,790,68791750000000,68791750066625,68791750093875,27250,93875,66625,68791760000000,0,0,0
1,791,68791760000000,68791760063000,68791760090750,27750,90750,63000,68791770000000,0,0,0
1,792,68791770000000,68791770067000,68791770094500,27500,94500,67000,68791780000000,0,0,0
1,793,68791780000000,68791780062500,68791780089375,26875,89375,62500,68791790000000,0,0,0
1,794,68791790000000,68791790062500,68791790090000,27500,90000,62500,68791800000000,0,0,0
1,795,68791800000000,68791800066750,68791800094250,27500,94250,66750,68791810000000,0,0,0
1,796,68791810000000,68791810063000,68791810090375,27375,90375,63000,68791820000000,0,0,0
1,797,68791820000000,68791820067500,68791820095125,27625,95125,67500,68791830000000,0,0,0
1,798,68791830000000,68791830062750,68791830090125,27375,90125,62750,68791840000000,0,0,0
1,799,68791840000000,68791840067375,68791840095125,27750,95125,67375,68791850000000,0,0,0
1,800,68791850000000,68791850062625,68791850090000,27375,90000,62625,68791860000000,0,0,0
1,801,68791860000000,68791860062625,68791860091375,28750,91375,62625,68791870000000,0,0,0
1,802,68791870000000,68791870067000,68791870094250,27250,94250,67000,68791880000000,0,0,0
1,803,68791880000000,68791880064250,68791880092000,27750,92000,64250,68791890000000,0,0,0
1,804,68791890000000,68791890062250,68791890089625,27375,89625,62250,68791900000000,0,0,0
1,805,68791900000000,68791900066750,68791900094375,27625,94375,66750,68791910000000,0,0,0
1,806,68791910000000,68791910062750,68791910091250,28500,91250,62750,68791920000000,0,0,0
1,807,68791920000000,68791920067000,68791920094375,27375,94375,67000,68791930000000,0,0,0
1,808,68791930000000,68791930062750,68791930091375,28625,91375,62750,68791940000000,0,0,0
1,809,68791940000000,68791940062625,68791940090125,27500,90125,62625,68791950000000,0,0,0
1,810,68791950000000,68791950066750,68791950093375,26625,93375,66750,68791960000000,0,0,0
1,811,68791960000000,68791960062750,68791960090500,27750,90500,62750,68791970000000,0,0,0
1,812,68791970000000,68791970066750,68791970094250,27500,94250,66750,68791980000000,0,0,0
1,813,68791980000000,68791980062625,68791980090250,27625,90250,62625,68791990000000,0,0,0
1,814,68791990000000,68791990066750,68791990094375,27625,94375,66750,68792000000000,0,0,0
1,815,68792000000000,68792000062750,68792000090625,27875,90625,62750,68792010000000,0,0,0
1,816,68792010000000,68792010066750,68792010094500,27750,94500,66750,68792020000000,0,0,0
1,817,68792020000000,68792020062875,68792020090625,27750,90625,62875,68792030000000,0,0,0
1,818,68792030000000,68792030062625,68792030089875,27250,89875,62625,68792040000000,0,0,0
1,819,68792040000000,68792040068875,68792040097000,28125,97000,68875,68792050000000,0,0,0
1,820,68792050000000,68792050064000,68792050091750,27750,91750,64000,68792060000000,0,0,0
1,821,68792060000000,68792060062750,68792060090500,27750,90500,62750,68792070000000,0,0,0
1,822,68792070000000,68792070067250,68792070094625,27375,94625,67250,68792080000000,0,0,0
1,823,68792080000000,68792080062500,68792080090375,27875,90375,62500,68792090000000,0,0,0
1,824,68792090000000,68792090067250,68792090094625,27375,94625,67250,68792100000000,0,0,0
1,825,68792100000000,68792100062625,68792100090500,27875,90500,62625,68792110000000,0,0,0
1,826,68792110000000,68792110066750,68792110094500,27750,94500,66750,68792120000000,0,0,0
1,827,68792120000000,68792120062750,68792120090500,27750,90500,62750,68792130000000,0,0,0
1,828,68792130000000,68792130066875,68792130094250,27375,94250,66875,68792140000000,0,0,0
1,829,68792140000000,68792140062625,68792140090375,27750,90375,62625,68792150000000,0,0,0
1,830,68792150000000,68792150062500,68792150089250,26750,89250,62500,68792160000000,0,0,0
1,831,68792160000000,68792160062875,68792160090625,27750,90625,62875,68792170000000,0,0,0
1,832,68792170000000,68792170062375,68792170089500,27125,89500,62375,68792180000000,0,0,0
1,833,68792180000000,68792180066875,68792180094500,27625,94500,66875,68792190000000,0,0,0
1,834,68792190000000,68792190062000,68792190089500,27500,89500,62000,68792200000000,0,0,0
1,835,68792200000000,68792200067625,68792200095500,27875,95500,67625,68792210000000,0,0,0
1,836,68792210000000,68792210062750,68792210089875,27125,89875,62750,68792220000000,0,0,0
1,837,68792220000000,68792220062625,68792220091500,28875,91500,62625,68792230000000,0,0,0
1,838,68792230000000,68792230066875,68792230094500,27625,94500,66875,68792240000000,0,0,0
1,839,68792240000000,68792240062625,68792240090375,27750,90375,62625,68792250000000,0,0,0
1,840,68792250000000,68792250062500,68792250089625,27125,89625,62500,68792260000000,0,0,0
1,841,68792260000000,68792260063250,68792260091125,27875,91125,63250,68792270000000,0,0,0
1,842,68792270000000,68792270063125,68792270090625,27500,90625,63125,68792280000000,0,0,0
1,843,68792280000000,68792280067750,68792280095250,27500,95250,67750,68792290000000,0,0,0
1,844,68792290000000,68792290062625,68792290090500,27875,90500,62625,68792300000000,0,0,0
1,845,68792300000000,68792300062625,68792300089750,27125,89750,62625,68792310000000,0,0,0
1,846,68792310000000,68792310067000,68792310094750,27750,94750,67000,68792320000000,0,0,0
1,847,68792320000000,68792320062000,68792320089375,27375,89375,62000,68792330000000,0,0,0
1,848,68792330000000,68792330067125,68792330094625,27500,94625,67125,68792340000000,0,0,0
1,849,68792340000000,68792340062625,68792340091250,28625,91250,62625,68792350000000,0,0,0
1,850,68792350000000,68792350061625,68792350089375,27750,89375,61625,68792360000000,0,0,0
1,851,68792360000000,68792360066875,68792360094250,27375,94250,66875,68792370000000,0,0,0
1,852,68792370000000,68792370062750,68792370090500,27750,90500,62750,68792380000000,0,0,0
1,853,68792380000000,68792380067125,68792380094375,27250,94375,67125,68792390000000,0,0,0
1,854,68792390000000,68792390062500,68792390090375,27875,90375,62500,68792400000000,0,0,0
1,855,68792400000000,68792400062500,68792400089750,27250,89750,62500,68792410000000,0,0,0
1,856,68792410000000,68792410066625,68792410094375,27750,94375,66625,68792420000000,0,0,0
1,857,68792420000000,68792420062875,68792420090125,27250,90125,62875,68792430000000,0,0,0
1,858,68792430000000,68792430066750,68792430094625,27875,94625,66750,68792440000000,0,0,0
1,859,68792440000000,68792440062875,68792440090000,27125,90000,62875,68792450000000,0,0,0
1,860,68792450000000,68792450062500,68792450090125,27625,90125,62500,68792460000000,0,0,0
1,861,68792460000000,68792460066750,68792460094000,27250,94000,66750,68792470000000,0,0,0
1,862,68792470000000,68792470062500,68792470089625,27125,89625,62500,68792480000000,0,0,0
1,863,68792480000000,68792480066750,68792480094000,27250,94000,66750,68792490000000,0,0,0
1,864,68792490000000,68792490062625,68792490090250,27625,90250,62625,68792500000000,0,0,0
1,865,68792500000000,68792500069125,68792500097125,28000,97125,69125,68792510000000,0,0,0
1,866,68792510000000,68792510063375,68792510091000,27625,91000,63375,68792520000000,0,0,0
1,867,68792520000000,68792520063000,68792520090625,27625,90625,63000,68792530000000,0,0,0
1,868,68792530000000,68792530067250,68792530095750,28500,95750,67250,68792540000000,0,0,0
1,869,68792540000000,68792540062750,68792540090250,27500,90250,62750,68792550000000,0,0,0
1,870,68792550000000,68792550062625,68792550090000,27375,90000,62625,68792560000000,0,0,0
1,871,68792560000000,68792560066750,68792560093875,27125,93875,66750,68792570000000,0,0,0
1,872,68792570000000,68792570062750,68792570090375,27625,90375,62750,68792580000000,0,0,0
1,873,68792580000000,68792580067000,68792580094250,27250,94250,67000,68792590000000,0,0,0
1,874,68792590000000,68792590062625,68792590090375,27750,90375,62625,68792600000000,0,0,0
1,875,68792600000000,68792600067000,68792600094375,27375,94375,67000,68792610000000,0,0,0
1,876,68792610000000,68792610062875,68792610090375,27500,90375,62875,68792620000000,0,0,0
1,877,68792620000000,68792620066750,68792620094250,27500,94250,66750,68792630000000,0,0,0
1,878,68792630000000,68792630062500,68792630090250,27750,90250,62500,68792640000000,0,0,0
1,879,68792640000000,68792640062375,68792640089750,27375,89750,62375,68792650000000,0,0,0
1,880,68792650000000,68792650062625,68792650090375,27750,90375,62625,68792660000000,0,0,0
1,881,68792660000000,68792660062750,68792660090250,27500,90250,62750,68792670000000,0,0,0
1,882,68792670000000,68792670066875,68792670094750,27875,94750,66875,68792680000000,0,0,0
1,883,68792680000000,68792680062625,68792680090000,27375,90000,62625,68792690000000,0,0,0
1,884,68792690000000,68792690066875,68792690094750,27875,94750,66875,68792700000000,0,0,0
1,885,68792700000000,68792700062375,68792700089875,27500,89875,62375,68792710000000,0,0,0
1,886,68792710000000,68792710062375,68792710090125,27750,90125,62375,68792720000000,0,0,0
1,887,68792720000000,68792720067125,68792720094250,27125,94250,67125,68792730000000,0,0,0
1,888,68792730000000,68792730061750,68792730089250,27500,89250,61750,68792740000000,0,0,0
1,889,68792740000000,68792740067125,68792740094625,27500,94625,67125,68792750000000,0,0,0
1,890,68792750000000,68792750062500,68792750089750,27250,89750,62500,68792760000000,0,0,0
1,891,68792760000000,68792760067125,68792760094375,27250,94375,67125,68792770000000,0,0,0
1,892,68792770000000,68792770062750,68792770090375,27625,90375,62750,68792780000000,0,0,0
1,893,68792780000000,68792780062500,68792780090000,27500,90000,62500,68792790000000,0,0,0
1,894,68792790000000,68792790066500,68792790093625,27125,93625,66500,68792800000000,0,0,0
1,895,68792800000000,68792800062750,68792800090000,27250,90000,62750,68792810000000,0,0,0
1,896,68792810000000,68792810062500,68792810090250,27750,90250,62500,68792820000000,0,0,0
1,897,68792820000000,68792820066625,68792820093875,27250,93875,66625,68792830000000,0,0,0
1,898,68792830000000,68792830061000,68792830088375,27375,88375,61000,68792840000000,0,0,0
1,899,68792840000000,68792840067250,68792840095250,28000,95250,67250,68792850000000,0,0,0
1,900,68792850000000,68792850062625,68792850090250,27625,90250,62625,68792860000000,0,0,0
1,901,68792860000000,68792860062625,68792860089875,27250,89875,62625,68792870000000,0,0,0
1,902,68792870000000,68792870066875,68792870094125,27250,94125,66875,68792880000000,0,0,0
1,903,68792880000000,68792880063875,68792880090875,27000,90875,63875,68792890000000,0,0,0
1,904,68792890000000,68792890066750,68792890095625,28875,95625,66750,68792900000000,0,0,0
1,905,68792900000000,68792900062750,68792900089375,26625,89375,62750,68792910000000,0,0,0
1,906,68792910000000,68792910066750,68792910094000,27250,94000,66750,68792920000000,0,0,0
1,907,68792920000000,68792920063000,68792920090000,27000,90000,63000,68792930000000,0,0,0
1,908,68792930000000,68792930066875,68792930094375,27500,94375,66875,68792940000000,0,0,0
1,909,68792940000000,68792940062750,68792940090750,28000,90750,62750,68792950000000,0,0,0
1,910,68792950000000,68792950074375,68792950180750,106375,180750,74375,68792960000000,0,0,0
1,911,68792960000000,68792960064375,68792960117375,53000,117375,64375,68792970000000,0,0,0
1,912,68792970000000,68792970062750,68792970091375,28625,91375,62750,68792980000000,0,0,0
1,913,68792980000000,68792980068125,68792980097000,28875,97000,68125,68792990000000,0,0,0
1,914,68792990000000,68792990062750,68792990090500,27750,90500,62750,68793000000000,0,0,0
1,915,68793000000000,68793000067125,68793000094625,27500,94625,67125,68793010000000,0,0,0
1,916,68793010000000,68793010062750,68793010090625,27875,90625,62750,68793020000000,0,0,0
1,917,68793020000000,68793020062625,68793020089750,27125,89750,62625,68793030000000,0,0,0
1,918,68793030000000,68793030066625,68793030094500,27875,94500,66625,68793040000000,0,0,0
1,919,68793040000000,68793040062875,68793040091375,28500,91375,62875,68793050000000,0,0,0
1,920,68793050000000,68793050066750,68793050094625,27875,94625,66750,68793060000000,0,0,0
1,921,68793060000000,68793060063750,68793060091750,28000,91750,63750,68793070000000,0,0,0
1,922,68793070000000,68793070067000,68793070094375,27375,94375,67000,68793080000000,0,0,0
1,923,68793080000000,68793080063000,68793080090750,27750,90750,63000,68793090000000,0,0,0
1,924,68793090000000,68793090062750,68793090090250,27500,90250,62750,68793100000000,0,0,0
1,925,68793100000000,68793100066750,68793100095000,28250,95000,66750,68793110000000,0,0,0
1,926,68793110000000,68793110062625,68793110090250,27625,90250,62625,68793120000000,0,0,0
1,927,68793120000000,68793120062500,68793120090500,28000,90500,62500,68793130000000,0,0,0
1,928,68793130000000,68793130067250,68793130095000,27750,95000,67250,68793140000000,0,0,0
1,929,68793140000000,68793140062875,68793140090750,27875,90750,62875,68793150000000,0,0,0
1,930,68793150000000,68793150062500,68793150089875,27375,89875,62500,68793160000000,0,0,0
1,931,68793160000000,68793160067000,68793160094750,27750,94750,67000,68793170000000,0,0,0
1,932,68793170000000,68793170062750,68793170090000,27250,90000,62750,68793180000000,0,0,0
1,933,68793180000000,68793180067000,68793180094875,27875,94875,67000,68793190000000,0,0,0
1,934,68793190000000,68793190062625,68793190089750,27125,89750,62625,68793200000000,0,0,0
1,935,68793200000000,68793200067125,68793200094875,27750,94875,67125,68793210000000,0,0,0
1,936,68793210000000,68793210062750,68793210091000,28250,91000,62750,68793220000000,0,0,0
1,937,68793220000000,68793220062500,68793220090125,27625,90125,62500,68793230000000,0,0,0
1,938,68793230000000,68793230066875,68793230094375,27500,94375,66875,68793240000000,0,0,0
1,939,68793240000000,68793240062625,68793240090250,27625,90250,62625,68793250000000,0,0,0
1,940,68793250000000,68793250066875,68793250094250,27375,94250,66875,68793260000000,0,0,0
1,941,68793260000000,68793260062750,68793260089625,26875,89625,62750,68793270000000,0,0,0
1,942,68793270000000,68793270066750,68793270094125,27375,94125,66750,68793280000000,0,0,0
1,943,68793280000000,68793280062750,68793280090250,27500,90250,62750,68793290000000,0,0,0
1,944,68793290000000,68793290062375,68793290089500,27125,89500,62375,68793300000000,0,0,0
1,945,68793300000000,68793300066875,68793300094375,27500,94375,66875,68793310000000,0,0,0
1,946,68793310000000,68793310063000,68793310091625,28625,91625,63000,68793320000000,0,0,0
1,947,68793320000000,68793320067000,68793320094125,27125,94125,67000,68793330000000,0,0,0
1,948,68793330000000,68793330062750,68793330089875,27125,89875,62750,68793340000000,0,0,0
1,949,68793340000000,68793340061625,68793340089250,27625,89250,61625,68793350000000,0,0,0
1,950,68793350000000,68793350066875,68793350094000,27125,94000,66875,68793360000000,0,0,0
1,951,68793360000000,68793360063000,68793360090625,27625,90625,63000,68793370000000,0,0,0
1,952,68793370000000,68793370066875,68793370094250,27375,94250,66875,68793380000000,0,0,0
1,953,68793380000000,68793380064125,68793380093375,29250,93375,64125,68793390000000,0,0,0
1,954,68793390000000,68793390067375,68793390095250,27875,95250,67375,68793400000000,0,0,0
1,955,68793400000000,68793400062750,68793400091625,28875,91625,62750,68793410000000,0,0,0
1,956,68793410000000,68793410070750,68793410099000,28250,99000,70750,68793420000000,0,0,0
1,957,68793420000000,68793420062875,68793420090125,27250,90125,62875,68793430000000,0,0,0
1,958,68793430000000,68793430062750,68793430091750,29000,91750,62750,68793440000000,0,0,0
1,959,68793440000000,68793440067250,68793440094875,27625,94875,67250,68793450000000,0,0,0
1,960,68793450000000,68793450062750,68793450090750,28000,90750,62750,68793460000000,0,0,0
1,961,68793460000000,68793460062750,68793460090000,27250,90000,62750,68793470000000,0,0,0
1,962,68793470000000,68793470066875,68793470094625,27750,94625,66875,68793480000000,0,0,0
1,963,68793480000000,68793480062875,68793480090375,27500,90375,62875,68793490000000,0,0,0
1,964,68793490000000,68793490066875,68793490094375,27500,94375,66875,68793500000000,0,0,0
1,965,68793500000000,68793500062875,68793500090375,27500,90375,62875,68793510000000,0,0,0
1,966,68793510000000,68793510067000,68793510094625,27625,94625,67000,68793520000000,0,0,0
1,967,68793520000000,68793520062750,68793520090250,27500,90250,62750,68793530000000,0,0,0
1,968,68793530000000,68793530066875,68793530094375,27500,94375,66875,68793540000000,0,0,0
1,969,68793540000000,68793540062875,68793540091375,28500,91375,62875,68793550000000,0,0,0
1,970,68793550000000,68793550067000,68793550094625,27625,94625,67000,68793560000000,0,0,0
1,971,68793560000000,68793560063000,68793560090375,27375,90375,63000,68793570000000,0,0,0
1,972,68793570000000,68793570062625,68793570090500,27875,90500,62625,68793580000000,0,0,0
1,973,68793580000000,68793580067000,68793580094500,27500,94500,67000,68793590000000,0,0,0
1,974,68793590000000,68793590062875,68793590090625,27750,90625,62875,68793600000000,0,0,0
1,975,68793600000000,68793600062625,68793600090000,27375,90000,62625,68793610000000,0,0,0
1,976,68793610000000,68793610062875,68793610090750,27875,90750,62875,68793620000000,0,0,0
1,977,68793620000000,68793620062625,68793620090000,27375,90000,62625,68793630000000,0,0,0
1,978,68793630000000,68793630066875,68793630094875,28000,94875,66875,68793640000000,0,0,0
1,979,68793640000000,68793640062750,68793640090250,27500,90250,62750,68793650000000,0,0,0
1,980,68793650000000,68793650067000,68793650094875,27875,94875,67000,68793660000000,0,0,0
1,981,68793660000000,68793660061625,68793660089250,27625,89250,61625,68793670000000,0,0,0
1,982,68793670000000,68793670067250,68793670095125,27875,95125,67250,68793680000000,0,0,0
1,983,68793680000000,68793680062625,68793680090125,27500,90125,62625,68793690000000,0,0,0
1,984,68793690000000,68793690062750,68793690090125,27375,90125,62750,68793700000000,0,0,0
1,985,68793700000000,68793700067000,68793700094250,27250,94250,67000,68793710000000,0,0,0
1,986,68793710000000,68793710062875,68793710091375,28500,91375,62875,68793720000000,0,0,0
1,987,68793720000000,68793720067000,68793720094250,27250,94250,67000,68793730000000,0,0,0
1,988,68793730000000,68793730062750,68793730090125,27375,90125,62750,68793740000000,0,0,0
1,989,68793740000000,68793740066750,68793740094125,27375,94125,66750,68793750000000,0,0,0
1,990,68793750000000,68793750061875,68793750089625,27750,89625,61875,68793760000000,0,0,0
1,991,68793760000000,68793760066750,68793760094125,27375,94125,66750,68793770000000,0,0,0
1,992,68793770000000,68793770062625,68793770090125,27500,90125,62625,68793780000000,0,0,0
1,993,68793780000000,68793780062750,68793780090250,27500,90250,62750,68793790000000,0,0,0
1,994,68793790000000,68793790067000,68793790094625,27625,94625,67000,68793800000000,0,0,0
1,995,68793800000000,68793800062875,68793800090000,27125,90000,62875,68793810000000,0,0,0
1,996,68793810000000,68793810067250,68793810095125,27875,95125,67250,68793820000000,0,0,0
1,997,68793820000000,68793820031125,68793820060125,29000,60125,31125,68793830000000,0,0,0
1,998,68793830000000,68793830067625,68793830095000,27375,95000,67625,68793840000000,0,0,0
1,999,68793840000000,68793840063000,68793840090625,27625,90625,63000,68793850000000,0,0,0
1,1000,68793850000000,68793850062375,68793850090000,27625,90000,62375,68793860000000,0,0,0
1,1001,68793860000000,68793860069375,68793860097625,28250,97625,69375,68793870000000,0,0,0
1,1002,68793870000000,68793870062875,68793870090250,27375,90250,62875,68793880000000,0,0,0
1,1003,68793880000000,68793880068750,68793880096750,28000,96750,68750,68793890000000,0,0,0
1,1004,68793890000000,68793890062625,68793890090000,27375,90000,62625,68793900000000,0,0,0
1,1005,68793900000000,68793900062500,68793900090375,27875,90375,62500,68793910000000,0,0,0
1,1006,68793910000000,68793910066875,68793910094250,27375,94250,66875,68793920000000,0,0,0
1,1007,68793920000000,68793920062750,68793920090125,27375,90125,62750,68793930000000,0,0,0
1,1008,68793930000000,68793930066875,68793930095500,28625,95500,66875,68793940000000,0,0,0
1,1009,68793940000000,68793940062750,68793940090375,27625,90375,62750,68793950000000,0,0,0
1,1010,68793950000000,68793950066875,68793950094250,27375,94250,66875,68793960000000,0,0,0
1,1011,68793960000000,68793960062875,68793960089625,26750,89625,62875,68793970000000,0,0,0
1,1012,68793970000000,68793970067000,68793970094375,27375,94375,67000,68793980000000,0,0,0
1,1013,68793980000000,68793980062750,68793980090375,27625,90375,62750,68793990000000,0,0,0
1,1014,68793990000000,68793990066875,68793990094250,27375,94250,66875,68794000000000,0,0,0
1,1015,68794000000000,68794000062625,68794000090375,27750,90375,62625,68794010000000,0,0,0
1,1016,68794010000000,68794010067000,68794010094500,27500,94500,67000,68794020000000,0,0,0
1,1017,68794020000000,68794020062875,68794020090625,27750,90625,62875,68794030000000,0,0,0
1,1018,68794030000000,68794030062625,68794030089750,27125,89750,62625,68794040000000,0,0,0
1,1019,68794040000000,68794040066875,68794040094500,27625,94500,66875,68794050000000,0,0,0
1,1020,68794050000000,68794050062750,68794050089875,27125,89875,62750,68794060000000,0,0,0
1,1021,68794060000000,68794060066875,68794060094500,27625,94500,66875,68794070000000,0,0,0
1,1022,68794070000000,68794070062750,68794070090250,27500,90250,62750,68794080000000,0,0,0
1,1023,68794080000000,68794080066875,68794080095375,28500,95375,66875,68794090000000,0,0,0
1,1024,68794090000000,68794090063000,68794090090625,27625,90625,63000,68794100000000,0,0,0
1,1025,68794100000000,68794100067000,68794100094750,27750,94750,67000,68794110000000,0,0,0
1,1026,68794110000000,68794110062750,68794110089125,26375,89125,62750,68794120000000,0,0,0
1,1027,68794120000000,68794120066875,68794120093875,27000,93875,66875,68794130000000,0,0,0
1,1028,68794130000000,68794130063000,68794130090375,27375,90375,63000,68794140000000,0,0,0
1,1029,68794140000000,68794140067125,68794140094250,27125,94250,67125,68794150000000,0,0,0
1,1030,68794150000000,68794150062625,68794150089375,26750,89375,62625,68794160000000,0,0,0
1,1031,68794160000000,68794160067125,68794160094500,27375,94500,67125,68794170000000,0,0,0
1,1032,68794170000000,68794170062875,68794170090375,27500,90375,62875,68794180000000,0,0,0
1,1033,68794180000000,68794180062625,68794180090500,27875,90500,62625,68794190000000,0,0,0
1,1034,68794190000000,68794190067000,68794190094125,27125,94125,67000,68794200000000,0,0,0
1,1035,68794200000000,68794200062875,68794200090625,27750,90625,62875,68794210000000,0,0,0
1,1036,68794210000000,68794210067250,68794210094875,27625,94875,67250,68794220000000,0,0,0
1,1037,68794220000000,68794220062625,68794220090500,27875,90500,62625,68794230000000,0,0,0
1,1038,68794230000000,68794230062625,68794230090125,27500,90125,62625,68794240000000,0,0,0
1,1039,68794240000000,68794240066875,68794240095000,28125,95000,66875,68794250000000,0,0,0
1,1040,68794250000000,68794250062750,68794250090125,27375,90125,62750,68794260000000,0,0,0
1,1041,68794260000000,68794260066875,68794260094875,28000,94875,66875,68794270000000,0,0,0
1,1042,68794270000000,68794270061125,68794270089125,28000,89125,61125,68794280000000,0,0,0
1,1043,68794280000000,68794280040500,68794280067875,27375,67875,40500,68794290000000,0,0,0
1,1044,68794290000000,68794290068375,68794290095875,27500,95875,68375,68794300000000,0,0,0
1,1045,68794300000000,68794300063000,68794300091125,28125,91125,63000,68794310000000,0,0,0
1,1046,68794310000000,68794310064625,68794310092625,28000,92625,64625,68794320000000,0,0,0
1,1047,68794320000000,68794320067875,68794320095875,28000,95875,67875,68794330000000,0,0,0
1,1048,68794330000000,68794330063125,68794330090625,27500,90625,63125,68794340000000,0,0,0
1,1049,68794340000000,68794340062750,68794340090625,27875,90625,62750,68794350000000,0,0,0
1,1050,68794350000000,68794350067125,68794350094625,27500,94625,67125,68794360000000,0,0,0
1,1051,68794360000000,68794360061875,68794360089750,27875,89750,61875,68794370000000,0,0,0
1,1052,68794370000000,68794370067125,68794370094625,27500,94625,67125,68794380000000,0,0,0
1,1053,68794380000000,68794380062750,68794380091625,28875,91625,62750,68794390000000,0,0,0
1,1054,68794390000000,68794390067000,68794390094250,27250,94250,67000,68794400000000,0,0,0
1,1055,68794400000000,68794400063000,68794400090750,27750,90750,63000,68794410000000,0,0,0
1,1056,68794410000000,68794410062500,68794410089875,27375,89875,62500,68794420000000,0,0,0
1,1057,68794420000000,68794420066875,68794420094625,27750,94625,66875,68794430000000,0,0,0
1,1058,68794430000000,68794430079250,68794430107875,28625,107875,79250,68794440000000,0,0,0
1,1059,68794440000000,68794440069500,68794440097750,28250,97750,69500,68794450000000,0,0,0
1,1060,68794450000000,68794450063500,68794450091375,27875,91375,63500,68794460000000,0,0,0
1,1061,68794460000000,68794460061875,68794460089125,27250,89125,61875,68794470000000,0,0,0
1,1062,68794470000000,68794470067000,68794470094875,27875,94875,67000,68794480000000,0,0,0
1,1063,68794480000000,68794480062750,68794480090125,27375,90125,62750,68794490000000,0,0,0
1,1064,68794490000000,68794490066625,68794490094375,27750,94375,66625,68794500000000,0,0,0
1,1065,68794500000000,68794500062625,68794500089875,27250,89875,62625,68794510000000,0,0,0
1,1066,68794510000000,68794510066875,68794510094500,27625,94500,66875,68794520000000,0,0,0
1,1067,68794520000000,68794520062750,68794520090125,27375,90125,62750,68794530000000,0,0,0
1,1068,68794530000000,68794530062625,68794530090125,27500,90125,62625,68794540000000,0,0,0
1,1069,68794540000000,68794540066750,68794540095250,28500,95250,66750,68794550000000,0,0,0
1,1070,68794550000000,68794550062750,68794550090250,27500,90250,62750,68794560000000,0,0,0
1,1071,68794560000000,68794560067000,68794560094000,27000,94000,67000,68794570000000,0,0,0
1,1072,68794570000000,68794570062875,68794570090500,27625,90500,62875,68794580000000,0,0,0
1,1073,68794580000000,68794580066875,68794580094125,27250,94125,66875,68794590000000,0,0,0
1,1074,68794590000000,68794590062500,68794590090125,27625,90125,62500,68794600000000,0,0,0
1,1075,68794600000000,68794600062750,68794600091125,28375,91125,62750,68794610000000,0,0,0
1,1076,68794610000000,68794610066375,68794610094875,28500,94875,66375,68794620000000,0,0,0
1,1077,68794620000000,68794620062625,68794620089625,27000,89625,62625,68794630000000,0,0,0
1,1078,68794630000000,68794630066875,68794630094500,27625,94500,66875,68794640000000,0,0,0
1,1079,68794640000000,68794640062750,68794640090375,27625,90375,62750,68794650000000,0,0,0
1,1080,68794650000000,68794650066750,68794650094500,27750,94500,66750,68794660000000,0,0,0
1,1081,68794660000000,68794660062750,68794660090375,27625,90375,62750,68794670000000,0,0,0
1,1082,68794670000000,68794670062625,68794670090500,27875,90500,62625,68794680000000,0,0,0
1,1083,68794680000000,68794680066750,68794680094375,27625,94375,66750,68794690000000,0,0,0
1,1084,68794690000000,68794690062750,68794690090500,27750,90500,62750,68794700000000,0,0,0
1,1085,68794700000000,68794700066875,68794700093875,27000,93875,66875,68794710000000,0,0,0
1,1086,68794710000000,68794710062750,68794710090500,27750,90500,62750,68794720000000,0,0,0
1,1087,68794720000000,68794720062750,68794720089875,27125,89875,62750,68794730000000,0,0,0
1,1088,68794730000000,68794730066875,68794730094750,27875,94750,66875,68794740000000,0,0,0
1,1089,68794740000000,68794740062875,68794740090250,27375,90250,62875,68794750000000,0,0,0
1,1090,68794750000000,68794750066750,68794750094500,27750,94500,66750,68794760000000,0,0,0
1,1091,68794760000000,68794760064750,68794760093000,28250,93000,64750,68794770000000,0,0,0
1,1092,68794770000000,68794770062000,68794770089500,27500,89500,62000,68794780000000,0,0,0
1,1093,68794780000000,68794780067000,68794780094375,27375,94375,67000,68794790000000,0,0,0
1,1094,68794790000000,68794790062750,68794790090375,27625,90375,62750,68794800000000,0,0,0
1,1095,68794800000000,68794800067375,68794800094625,27250,94625,67375,68794810000000,0,0,0
1,1096,68794810000000,68794810062500,68794810090250,27750,90250,62500,68794820000000,0,0,0
1,1097,68794820000000,68794820067500,68794820095250,27750,95250,67500,68794830000000,0,0,0
1,1098,68794830000000,68794830062750,68794830090875,28125,90875,62750,68794840000000,0,0,0
1,1099,68794840000000,68794840062500,68794840090000,27500,90000,62500,68794850000000,0,0,0
1,1100,68794850000000,68794850067000,68794850094750,27750,94750,67000,68794860000000,0,0,0
1,1101,68794860000000,68794860062500,68794860090000,27500,90000,62500,68794870000000,0,0,0
1,1102,68794870000000,68794870066875,68794870094625,27750,94625,66875,68794880000000,0,0,0
1,1103,68794880000000,68794880064125,68794880091375,27250,91375,64125,68794890000000,0,0,0
1,1104,68794890000000,68794890062375,68794890090125,27750,90125,62375,68794900000000,0,0,0
1,1105,68794900000000,68794900067000,68794900094375,27375,94375,67000,68794910000000,0,0,0
1,1106,68794910000000,68794910062500,68794910090250,27750,90250,62500,68794920000000,0,0,0
1,1107,68794920000000,68794920062500,68794920089750,27250,89750,62500,68794930000000,0,0,0
1,1108,68794930000000,68794930066875,68794930094500,27625,94500,66875,68794940000000,0,0,0
1,1109,68794940000000,68794940062750,68794940090000,27250,90000,62750,68794950000000,0,0,0
1,1110,68794950000000,68794950067000,68794950094500,27500,94500,67000,68794960000000,0,0,0
1,1111,68794960000000,68794960062625,68794960089625,27000,89625,62625,68794970000000,0,0,0
1,1112,68794970000000,68794970066750,68794970094375,27625,94375,66750,68794980000000,0,0,0
1,1113,68794980000000,68794980062875,68794980090375,27500,90375,62875,68794990000000,0,0,0
1,1114,68794990000000,68794990066875,68794990095750,28875,95750,66875,68795000000000,0,0,0
1,1115,68795000000000,68795000062875,68795000090125,27250,90125,62875,68795010000000,0,0,0
1,1116,68795010000000,68795010062500,68795010090375,27875,90375,62500,68795020000000,0,0,0
1,1117,68795020000000,68795020066625,68795020094000,27375,94000,66625,68795030000000,0,0,0
1,1118,68795030000000,68795030063500,68795030091250,27750,91250,63500,68795040000000,0,0,0
1,1119,68795040000000,68795040066750,68795040094875,28125,94875,66750,68795050000000,0,0,0
1,1120,68795050000000,68795050062875,68795050090500,27625,90500,62875,68795060000000,0,0,0
1,1121,68795060000000,68795060066875,68795060094500,27625,94500,66875,68795070000000,0,0,0
1,1122,68795070000000,68795070062625,68795070090500,27875,90500,62625,68795080000000,0,0,0
1,1123,68795080000000,68795080066875,68795080094375,27500,94375,66875,68795090000000,0,0,0
1,1124,68795090000000,68795090062625,68795090090125,27500,90125,62625,68795100000000,0,0,0
1,1125,68795100000000,68795100062500,68795100089625,27125,89625,62500,68795110000000,0,0,0
1,1126,68795110000000,68795110066875,68795110094750,27875,94750,66875,68795120000000,0,0,0
1,1127,68795120000000,68795120062625,68795120089875,27250,89875,62625,68795130000000,0,0,0
1,1128,68795130000000,68795130062500,68795130090000,27500,90000,62500,68795140000000,0,0,0
1,1129,68795140000000,68795140066875,68795140094250,27375,94250,66875,68795150000000,0,0,0
1,1130,68795150000000,68795150062750,68795150090000,27250,90000,62750,68795160000000,0,0,0
1,1131,68795160000000,68795160066875,68795160095000,28125,95000,66875,68795170000000,0,0,0
1,1132,68795170000000,68795170062875,68795170090250,27375,90250,62875,68795180000000,0,0,0
1,1133,68795180000000,68795180066875,68795180094250,27375,94250,66875,68795190000000,0,0,0
1,1134,68795190000000,68795190062750,68795190090500,27750,90500,62750,68795200000000,0,0,0
1,1135,68795200000000,68795200062500,68795200090125,27625,90125,62500,68795210000000,0,0,0
1,1136,68795210000000,68795210069000,68795210097250,28250,97250,69000,68795220000000,0,0,0
1,1137,68795220000000,68795220063000,68795220090250,27250,90250,63000,68795230000000,0,0,0
1,1138,68795230000000,68795230062750,68795230090375,27625,90375,62750,68795240000000,0,0,0
1,1139,68795240000000,68795240066875,68795240094125,27250,94125,66875,68795250000000,0,0,0
1,1140,68795250000000,68795250062625,68795250090250,27625,90250,62625,68795260000000,0,0,0
1,1141,68795260000000,68795260066750,68795260094000,27250,94000,66750,68795270000000,0,0,0
1,1142,68795270000000,68795270062750,68795270090625,27875,90625,62750,68795280000000,0,0,0
1,1143,68795280000000,68795280066625,68795280094125,27500,94125,66625,68795290000000,0,0,0
1,1144,68795290000000,68795290062625,68795290091375,28750,91375,62625,68795300000000,0,0,0
1,1145,68795300000000,68795300066875,68795300094000,27125,94000,66875,68795310000000,0,0,0
1,1146,68795310000000,68795310062875,68795310091750,28875,91750,62875,68795320000000,0,0,0
1,1147,68795320000000,68795320067000,68795320094250,27250,94250,67000,68795330000000,0,0,0
1,1148,68795330000000,68795330062500,68795330090500,28000,90500,62500,68795340000000,0,0,0
1,1149,68795340000000,68795340062625,68795340089750,27125,89750,62625,68795350000000,0,0,0
1,1150,68795350000000,68795350066750,68795350094500,27750,94500,66750,68795360000000,0,0,0
1,1151,68795360000000,68795360062625,68795360090000,27375,90000,62625,68795370000000,0,0,0
1,1152,68795370000000,68795370066750,68795370094375,27625,94375,66750,68795380000000,0,0,0
1,1153,68795380000000,68795380061750,68795380089000,27250,89000,61750,68795390000000,0,0,0
1,1154,68795390000000,68795390067000,68795390094625,27625,94625,67000,68795400000000,0,0,0
1,1155,68795400000000,68795400062750,68795400091375,28625,91375,62750,68795410000000,0,0,0
1,1156,68795410000000,68795410062500,68795410089625,27125,89625,62500,68795420000000,0,0,0
1,1157,68795420000000,68795420067375,68795420095250,27875,95250,67375,68795430000000,0,0,0
1,1158,68795430000000,68795430063875,68795430091750,27875,91750,63875,68795440000000,0,0,0
1,1159,68795440000000,68795440067625,68795440095375,27750,95375,67625,68795450000000,0,0,0
1,1160,68795450000000,68795450063000,68795450090875,27875,90875,63000,68795460000000,0,0,0
1,1161,68795460000000,68795460062500,68795460089750,27250,89750,62500,68795470000000,0,0,0
1,1162,68795470000000,68795470066750,68795470094500,27750,94500,66750,68795480000000,0,0,0
1,1163,68795480000000,68795480062750,68795480090125,27375,90125,62750,68795490000000,0,0,0
1,1164,68795490000000,68795490067000,68795490095500,28500,95500,67000,68795500000000,0,0,0
1,1165,68795500000000,68795500062625,68795500090000,27375,90000,62625,68795510000000,0,0,0
1,1166,68795510000000,68795510062500,68795510090000,27500,90000,62500,68795520000000,0,0,0
1,1167,68795520000000,68795520067000,68795520095375,28375,95375,67000,68795530000000,0,0,0
1,1168,68795530000000,68795530062625,68795530090500,27875,90500,62625,68795540000000,0,0,0
1,1169,68795540000000,68795540067125,68795540094500,27375,94500,67125,68795550000000,0,0,0
1,1170,68795550000000,68795550062750,68795550090250,27500,90250,62750,68795560000000,0,0,0
1,1171,68795560000000,68795560067750,68795560094875,27125,94875,67750,68795570000000,0,0,0
1,1172,68795570000000,68795570062625,68795570089875,27250,89875,62625,68795580000000,0,0,0
1,1173,68795580000000,68795580062750,68795580090000,27250,90000,62750,68795590000000,0,0,0
1,1174,68795590000000,68795590066875,68795590094500,27625,94500,66875,68795600000000,0,0,0
1,1175,68795600000000,68795600062625,68795600090000,27375,90000,62625,68795610000000,0,0,0
1,1176,68795610000000,68795610066875,68795610094625,27750,94625,66875,68795620000000,0,0,0
1,1177,68795620000000,68795620062875,68795620090500,27625,90500,62875,68795630000000,0,0,0
1,1178,68795630000000,68795630066875,68795630094625,27750,94625,66875,68795640000000,0,0,0
1,1179,68795640000000,68795640062625,68795640090250,27625,90250,62625,68795650000000,0,0,0
1,1180,68795650000000,68795650062500,68795650090250,27750,90250,62500,68795660000000,0,0,0
1,1181,68795660000000,68795660069000,68795660097250,28250,97250,69000,68795670000000,0,0,0
1,1182,68795670000000,68795670063250,68795670091250,28000,91250,63250,68795680000000,0,0,0
1,1183,68795680000000,68795680063000,68795680090250,27250,90250,63000,68795690000000,0,0,0
1,1184,68795690000000,68795690067125,68795690095125,28000,95125,67125,68795700000000,0,0,0
1,1185,68795700000000,68795700063000,68795700090250,27250,90250,63000,68795710000000,0,0,0
1,1186,68795710000000,68795710066875,68795710095875,29000,95875,66875,68795720000000,0,0,0
1,1187,68795720000000,68795720063125,68795720090500,27375,90500,63125,68795730000000,0,0,0
1,1188,68795730000000,68795730066875,68795730094625,27750,94625,66875,68795740000000,0,0,0
1,1189,68795740000000,68795740062500,68795740090125,27625,90125,62500,68795750000000,0,0,0
1,1190,68795750000000,68795750062375,68795750091125,28750,91125,62375,68795760000000,0,0,0
1,1191,68795760000000,68795760066625,68795760095125,28500,95125,66625,68795770000000,0,0,0
1,1192,68795770000000,68795770062750,68795770090250,27500,90250,62750,68795780000000,0,0,0
1,1193,68795780000000,68795780067000,68795780094125,27125,94125,67000,68795790000000,0,0,0
1,1194,68795790000000,68795790061500,68795790089125,27625,89125,61500,68795800000000,0,0,0
1,1195,68795800000000,68795800067000,68795800094375,27375,94375,67000,68795810000000,0,0,0
1,1196,68795810000000,68795810062750,68795810090625,27875,90625,62750,68795820000000,0,0,0
1,1197,68795820000000,68795820062750,68795820090250,27500,90250,62750,68795830000000,0,0,0
1,1198,68795830000000,68795830066875,68795830094625,27750,94625,66875,68795840000000,0,0,0
1,1199,68795840000000,68795840063000,68795840090500,27500,90500,63000,68795850000000,0,0,0
1,1200,68795850000000,68795850066625,68795850093625,27000,93625,66625,68795860000000,0,0,0
1,1201,68795860000000,68795860062875,68795860090375,27500,90375,62875,68795870000000,0,0,0
1,1202,68795870000000,68795870061750,68795870089500,27750,89500,61750,68795880000000,0,0,0
1,1203,68795880000000,68795880068375,68795880095875,27500,95875,68375,68795890000000,0,0,0
1,1204,68795890000000,68795890063125,68795890091500,28375,91500,63125,68795900000000,0,0,0
1,1205,68795900000000,68795900062500,68795900089000,26500,89000,62500,68795910000000,0,0,0
1,1206,68795910000000,68795910066625,68795910094500,27875,94500,66625,68795920000000,0,0,0
1,1207,68795920000000,68795920062625,68795920090000,27375,90000,62625,68795930000000,0,0,0
1,1208,68795930000000,68795930066750,68795930094625,27875,94625,66750,68795940000000,0,0,0
1,1209,68795940000000,68795940062625,68795940089500,26875,89500,62625,68795950000000,0,0,0
1,1210,68795950000000,68795950061625,68795950089125,27500,89125,61625,68795960000000,0,0,0
1,1211,68795960000000,68795960067125,68795960094375,27250,94375,67125,68795970000000,0,0,0
1,1212,68795970000000,68795970062750,68795970089375,26625,89375,62750,68795980000000,0,0,0
1,1213,68795980000000,68795980062500,68795980089375,26875,89375,62500,68795990000000,0,0,0
1,1214,68795990000000,68795990066625,68795990094375,27750,94375,66625,68796000000000,0,0,0
1,1215,68796000000000,68796000063000,68796000090125,27125,90125,63000,68796010000000,0,0,0
1,1216,68796010000000,68796010067125,68796010094875,27750,94875,67125,68796020000000,0,0,0
1,1217,68796020000000,68796020062500,68796020089875,27375,89875,62500,68796030000000,0,0,0
1,1218,68796030000000,68796030062750,68796030090500,27750,90500,62750,68796040000000,0,0,0
1,1219,68796040000000,68796040067125,68796040094625,27500,94625,67125,68796050000000,0,0,0
1,1220,68796050000000,68796050062750,68796050090625,27875,90625,62750,68796060000000,0,0,0
1,1221,68796060000000,68796060067000,68796060095250,28250,95250,67000,68796070000000,0,0,0
1,1222,68796070000000,68796070062500,68796070090375,27875,90375,62500,68796080000000,0,0,0
1,1223,68796080000000,68796080067125,68796080094000,26875,94000,67125,68796090000000,0,0,0
1,1224,68796090000000,68796090062750,68796090090500,27750,90500,62750,68796100000000,0,0,0
1,1225,68796100000000,68796100062625,68796100090125,27500,90125,62625,68796110000000,0,0,0
1,1226,68796110000000,68796110068750,68796110097125,28375,97125,68750,68796120000000,0,0,0
1,1227,68796120000000,68796120063125,68796120090500,27375,90500,63125,68796130000000,0,0,0
1,1228,68796130000000,68796130062500,68796130090000,27500,90000,62500,68796140000000,0,0,0
1,1229,68796140000000,68796140066875,68796140094250,27375,94250,66875,68796150000000,0,0,0
1,1230,68796150000000,68796150062750,68796150090125,27375,90125,62750,68796160000000,0,0,0
1,1231,68796160000000,68796160066625,68796160094000,27375,94000,66625,68796170000000,0,0,0
1,1232,68796170000000,68796170062500,68796170090125,27625,90125,62500,68796180000000,0,0,0
1,1233,68796180000000,68796180066875,68796180094250,27375,94250,66875,68796190000000,0,0,0
1,1234,68796190000000,68796190062750,68796190090125,27375,90125,62750,68796200000000,0,0,0
1,1235,68796200000000,68796200067000,68796200094250,27250,94250,67000,68796210000000,0,0,0
1,1236,68796210000000,68796210062750,68796210090250,27500,90250,62750,68796220000000,0,0,0
1,1237,68796220000000,68796220061625,68796220089125,27500,89125,61625,68796230000000,0,0,0
1,1238,68796230000000,68796230066875,68796230095750,28875,95750,66875,68796240000000,0,0,0
1,1239,68796240000000,68796240062875,68796240090250,27375,90250,62875,68796250000000,0,0,0
1,1240,68796250000000,68796250062375,68796250090125,27750,90125,62375,68796260000000,0,0,0
1,1241,68796260000000,68796260066875,68796260094125,27250,94125,66875,68796270000000,0,0,0
1,1242,68796270000000,68796270062625,68796270090500,27875,90500,62625,68796280000000,0,0,0
1,1243,68796280000000,68796280067000,68796280095375,28375,95375,67000,68796290000000,0,0,0
1,1244,68796290000000,68796290063000,68796290090875,27875,90875,63000,68796300000000,0,0,0
1,1245,68796300000000,68796300063125,68796300091000,27875,91000,63125,68796310000000,0,0,0
1,1246,68796310000000,68796310067500,68796310095000,27500,95000,67500,68796320000000,0,0,0
1,1247,68796320000000,68796320062750,68796320090375,27625,90375,62750,68796330000000,0,0,0
1,1248,68796330000000,68796330062500,68796330090000,27500,90000,62500,68796340000000,0,0,0
1,1249,68796340000000,68796340066750,68796340095375,28625,95375,66750,68796350000000,0,0,0
1,1250,68796350000000,68796350062500,68796350090000,27500,90000,62500,68796360000000,0,0,0
1,1251,68796360000000,68796360066875,68796360094625,27750,94625,66875,68796370000000,0,0,0
1,1252,68796370000000,68796370062750,68796370090125,27375,90125,62750,68796380000000,0,0,0
1,1253,68796380000000,68796380062625,68796380090500,27875,90500,62625,68796390000000,0,0,0
1,1254,68796390000000,68796390066875,68796390093875,27000,93875,66875,68796400000000,0,0,0
1,1255,68796400000000,68796400061750,68796400089500,27750,89500,61750,68796410000000,0,0,0
1,1256,68796410000000,68796410066625,68796410094375,27750,94375,66625,68796420000000,0,0,0
1,1257,68796420000000,68796420062875,68796420090750,27875,90750,62875,68796430000000,0,0,0
1,1258,68796430000000,68796430066875,68796430094500,27625,94500,66875,68796440000000,0,0,0
1,1259,68796440000000,68796440062875,68796440090750,27875,90750,62875,68796450000000,0,0,0
1,1260,68796450000000,68796450067125,68796450094625,27500,94625,67125,68796460000000,0,0,0
1,1261,68796460000000,68796460062750,68796460090625,27875,90625,62750,68796470000000,0,0,0
1,1262,68796470000000,68796470062750,68796470090250,27500,90250,62750,68796480000000,0,0,0
1,1263,68796480000000,68796480066875,68796480094750,27875,94750,66875,68796490000000,0,0,0
1,1264,68796490000000,68796490062750,68796490090125,27375,90125,62750,68796500000000,0,0,0
1,1265,68796500000000,68796500066875,68796500094625,27750,94625,66875,68796510000000,0,0,0
1,1266,68796510000000,68796510061875,68796510089125,27250,89125,61875,68796520000000,0,0,0
1,1267,68796520000000,68796520067000,68796520094750,27750,94750,67000,68796530000000,0,0,0
1,1268,68796530000000,68796530062875,68796530089875,27000,89875,62875,68796540000000,0,0,0
1,1269,68796540000000,68796540062875,68796540090375,27500,90375,62875,68796550000000,0,0,0
1,1270,68796550000000,68796550066750,68796550093875,27125,93875,66750,68796560000000,0,0,0
1,1271,68796560000000,68796560064875,68796560093250,28375,93250,64875,68796570000000,0,0,0
1,1272,68796570000000,68796570068000,68796570095375,27375,95375,68000,68796580000000,0,0,0
1,1273,68796580000000,68796580062875,68796580091625,28750,91625,62875,68796590000000,0,0,0
1,1274,68796590000000,68796590066875,68796590094250,27375,94250,66875,68796600000000,0,0,0
1,1275,68796600000000,68796600062750,68796600090125,27375,90125,62750,68796610000000,0,0,0
1,1276,68796610000000,68796610067125,68796610094625,27500,94625,67125,68796620000000,0,0,0
1,1277,68796620000000,68796620063000,68796620090500,27500,90500,63000,68796630000000,0,0,0
1,1278,68796630000000,68796630062500,68796630090125,27625,90125,62500,68796640000000,0,0,0
1,1279,68796640000000,68796640066750,68796640094500,27750,94500,66750,68796650000000,0,0,0
1,1280,68796650000000,68796650062625,68796650090250,27625,90250,62625,68796660000000,0,0,0
1,1281,68796660000000,68796660066625,68796660093875,27250,93875,66625,68796670000000,0,0,0
1,1282,68796670000000,68796670062500,68796670090000,27500,90000,62500,68796680000000,0,0,0
1,1283,68796680000000,68796680066875,68796680094125,27250,94125,66875,68796690000000,0,0,0
1,1284,68796690000000,68796690062625,68796690089750,27125,89750,62625,68796700000000,0,0,0
1,1285,68796700000000,68796700062750,68796700090625,27875,90625,62750,68796710000000,0,0,0
1,1286,68796710000000,68796710067000,68796710094625,27625,94625,67000,68796720000000,0,0,0
1,1287,68796720000000,68796720062750,68796720090500,27750,90500,62750,68796730000000,0,0,0
1,1288,68796730000000,68796730062750,68796730090250,27500,90250,62750,68796740000000,0,0,0
1,1289,68796740000000,68796740067000,68796740094625,27625,94625,67000,68796750000000,0,0,0
1,1290,68796750000000,68796750062625,68796750090000,27375,90000,62625,68796760000000,0,0,0
1,1291,68796760000000,68796760066750,68796760094500,27750,94500,66750,68796770000000,0,0,0
1,1292,68796770000000,68796770062750,68796770090125,27375,90125,62750,68796780000000,0,0,0
1,1293,68796780000000,68796780066875,68796780094750,27875,94750,66875,68796790000000,0,0,0
1,1294,68796790000000,68796790062625,68796790090250,27625,90250,62625,68796800000000,0,0,0
1,1295,68796800000000,68796800062750,68796800090125,27375,90125,62750,68796810000000,0,0,0
1,1296,68796810000000,68796810065875,68796810093125,27250,93125,65875,68796820000000,0,0,0
1,1297,68796820000000,68796820062750,68796820090375,27625,90375,62750,68796830000000,0,0,0
1,1298,68796830000000,68796830065250,68796830093375,28125,93375,65250,68796840000000,0,0,0
1,1299,68796840000000,68796840063000,68796840090500,27500,90500,63000,68796850000000,0,0,0
1,1300,68796850000000,68796850066875,68796850094750,27875,94750,66875,68796860000000,0,0,0
1,1301,68796860000000,68796860062875,68796860090250,27375,90250,62875,68796870000000,0,0,0
1,1302,68796870000000,68796870062625,68796870090375,27750,90375,62625,68796880000000,0,0,0
1,1303,68796880000000,68796880068125,68796880095625,27500,95625,68125,68796890000000,0,0,0
1,1304,68796890000000,68796890062750,68796890090500,27750,90500,62750,68796900000000,0,0,0
1,1305,68796900000000,68796900062750,68796900089750,27000,89750,62750,68796910000000,0,0,0
1,1306,68796910000000,68796910066750,68796910094250,27500,94250,66750,68796920000000,0,0,0
1,1307,68796920000000,68796920062875,68796920090250,27375,90250,62875,68796930000000,0,0,0
1,1308,68796930000000,68796930062250,68796930090000,27750,90000,62250,68796940000000,0,0,0
1,1309,68796940000000,68796940066750,68796940093875,27125,93875,66750,68796950000000,0,0,0
1,1310,68796950000000,68796950062750,68796950090625,27875,90625,62750,68796960000000,0,0,0
1,1311,68796960000000,68796960066750,68796960094250,27500,94250,66750,68796970000000,0,0,0
1,1312,68796970000000,68796970062625,68796970091125,28500,91125,62625,68796980000000,0,0,0
1,1313,68796980000000,68796980062375,68796980089625,27250,89625,62375,68796990000000,0,0,0
1,1314,68796990000000,68796990066625,68796990094250,27625,94250,66625,68797000000000,0,0,0
1,1315,68797000000000,68797000062500,68797000089625,27125,89625,62500,68797010000000,0,0,0
1,1316,68797010000000,68797010068875,68797010097250,28375,97250,68875,68797020000000,0,0,0
1,1317,68797020000000,68797020063375,68797020090875,27500,90875,63375,68797030000000,0,0,0
1,1318,68797030000000,68797030062625,68797030090500,27875,90500,62625,68797040000000,0,0,0
1,1319,68797040000000,68797040067000,68797040094375,27375,94375,67000,68797050000000,0,0,0
1,1320,68797050000000,68797050062500,68797050089500,27000,89500,62500,68797060000000,0,0,0
1,1321,68797060000000,68797060062250,68797060089375,27125,89375,62250,68797070000000,0,0,0
1,1322,68797070000000,68797070066625,68797070094500,27875,94500,66625,68797080000000,0,0,0
1,1323,68797080000000,68797080062500,68797080089250,26750,89250,62500,68797090000000,0,0,0
1,1324,68797090000000,68797090066375,68797090094250,27875,94250,66375,68797100000000,0,0,0
1,1325,68797100000000,68797100062500,68797100089875,27375,89875,62500,68797110000000,0,0,0
1,1326,68797110000000,68797110067000,68797110094375,27375,94375,67000,68797120000000,0,0,0
1,1327,68797120000000,68797120062625,68797120090000,27375,90000,62625,68797130000000,0,0,0
1,1328,68797130000000,68797130062500,68797130090250,27750,90250,62500,68797140000000,0,0,0
1,1329,68797140000000,68797140066875,68797140094750,27875,94750,66875,68797150000000,0,0,0
1,1330,68797150000000,68797150062625,68797150090500,27875,90500,62625,68797160000000,0,0,0
1,1331,68797160000000,68797160066875,68797160093875,27000,93875,66875,68797170000000,0,0,0
1,1332,68797170000000,68797170062625,68797170090500,27875,90500,62625,68797180000000,0,0,0
1,1333,68797180000000,68797180062500,68797180089875,27375,89875,62500,68797190000000,0,0,0
1,1334,68797190000000,68797190062500,68797190090500,28000,90500,62500,68797200000000,0,0,0
1,1335,68797200000000,68797200062625,68797200089875,27250,89875,62625,68797210000000,0,0,0
1,1336,68797210000000,68797210066750,68797210094500,27750,94500,66750,68797220000000,0,0,0
1,1337,68797220000000,68797220062875,68797220090250,27375,90250,62875,68797230000000,0,0,0
1,1338,68797230000000,68797230062625,68797230089750,27125,89750,62625,68797240000000,0,0,0
1,1339,68797240000000,68797240066750,68797240094000,27250,94000,66750,68797250000000,0,0,0
1,1340,68797250000000,68797250062500,68797250089250,26750,89250,62500,68797260000000,0,0,0
1,1341,68797260000000,68797260066750,68797260094000,27250,94000,66750,68797270000000,0,0,0
1,1342,68797270000000,68797270062500,68797270089875,27375,89875,62500,68797280000000,0,0,0
1,1343,68797280000000,68797280066750,68797280094125,27375,94125,66750,68797290000000,0,0,0
1,1344,68797290000000,68797290062375,68797290089500,27125,89500,62375,68797300000000,0,0,0
1,1345,68797300000000,68797300067000,68797300094375,27375,94375,67000,68797310000000,0,0,0
1,1346,68797310000000,68797310062625,68797310091500,28875,91500,62625,68797320000000,0,0,0
1,1347,68797320000000,68797320062500,68797320090125,27625,90125,62500,68797330000000,0,0,0
1,1348,68797330000000,68797330066750,68797330094250,27500,94250,66750,68797340000000,0,0,0
1,1349,68797340000000,68797340062750,68797340090125,27375,90125,62750,68797350000000,0,0,0
1,1350,68797350000000,68797350062375,68797350090000,27625,90000,62375,68797360000000,0,0,0
1,1351,68797360000000,68797360066875,68797360094000,27125,94000,66875,68797370000000,0,0,0
1,1352,68797370000000,68797370062750,68797370090625,27875,90625,62750,68797380000000,0,0,0
1,1353,68797380000000,68797380066750,68797380093500,26750,93500,66750,68797390000000,0,0,0
1,1354,68797390000000,68797390062625,68797390090375,27750,90375,62625,68797400000000,0,0,0
1,1355,68797400000000,68797400067000,68797400094250,27250,94250,67000,68797410000000,0,0,0
1,1356,68797410000000,68797410063625,68797410096875,33250,96875,63625,68797420000000,0,0,0
1,1357,68797420000000,68797420062000,68797420090500,28500,90500,62000,68797430000000,0,0,0
1,1358,68797430000000,68797430067875,68797430095875,28000,95875,67875,68797440000000,0,0,0
1,1359,68797440000000,68797440062500,68797440090000,27500,90000,62500,68797450000000,0,0,0
1,1360,68797450000000,68797450066875,68797450094625,27750,94625,66875,68797460000000,0,0,0
1,1361,68797460000000,68797460066000,68797460093750,27750,93750,66000,68797470000000,0,0,0
1,1362,68797470000000,68797470062375,68797470091250,28875,91250,62375,68797480000000,0,0,0
1,1363,68797480000000,68797480067000,68797480094500,27500,94500,67000,68797490000000,0,0,0
1,1364,68797490000000,68797490063000,68797490090875,27875,90875,63000,68797500000000,0,0,0
1,1365,68797500000000,68797500067125,68797500094500,27375,94500,67125,68797510000000,0,0,0
1,1366,68797510000000,68797510062625,68797510090250,27625,90250,62625,68797520000000,0,0,0
1,1367,68797520000000,68797520062750,68797520090125,27375,90125,62750,68797530000000,0,0,0
1,1368,68797530000000,68797530066875,68797530095875,29000,95875,66875,68797540000000,0,0,0
1,1369,68797540000000,68797540063125,68797540090375,27250,90375,63125,68797550000000,0,0,0
1,1370,68797550000000,68797550067000,68797550094375,27375,94375,67000,68797560000000,0,0,0
1,1371,68797560000000,68797560062875,68797560090250,27375,90250,62875,68797570000000,0,0,0
1,1372,68797570000000,68797570066875,68797570095500,28625,95500,66875,68797580000000,0,0,0
1,1373,68797580000000,68797580062625,68797580090000,27375,90000,62625,68797590000000,0,0,0
1,1374,68797590000000,68797590066875,68797590094375,27500,94375,66875,68797600000000,0,0,0
1,1375,68797600000000,68797600062750,68797600090375,27625,90375,62750,68797610000000,0,0,0
1,1376,68797610000000,68797610062625,68797610090250,27625,90250,62625,68797620000000,0,0,0
1,1377,68797620000000,68797620066750,68797620094375,27625,94375,66750,68797630000000,0,0,0
1,1378,68797630000000,68797630063000,68797630090750,27750,90750,63000,68797640000000,0,0,0
1,1379,68797640000000,68797640062375,68797640089625,27250,89625,62375,68797650000000,0,0,0
1,1380,68797650000000,68797650066875,68797650094625,27750,94625,66875,68797660000000,0,0,0
1,1381,68797660000000,68797660062875,68797660090250,27375,90250,62875,68797670000000,0,0,0
1,1382,68797670000000,68797670062500,68797670090250,27750,90250,62500,68797680000000,0,0,0
1,1383,68797680000000,68797680066875,68797680094375,27500,94375,66875,68797690000000,0,0,0
1,1384,68797690000000,68797690062500,68797690090000,27500,90000,62500,68797700000000,0,0,0
1,1385,68797700000000,68797700067000,68797700094375,27375,94375,67000,68797710000000,0,0,0
1,1386,68797710000000,68797710062750,68797710090500,27750,90500,62750,68797720000000,0,0,0
1,1387,68797720000000,68797720062500,68797720090375,27875,90375,62500,68797730000000,0,0,0
1,1388,68797730000000,68797730067125,68797730094250,27125,94250,67125,68797740000000,0,0,0
1,1389,68797740000000,68797740062750,68797740090250,27500,90250,62750,68797750000000,0,0,0
1,1390,68797750000000,68797750062500,68797750090250,27750,90250,62500,68797760000000,0,0,0
1,1391,68797760000000,68797760066875,68797760094375,27500,94375,66875,68797770000000,0,0,0
1,1392,68797770000000,68797770062750,68797770090625,27875,90625,62750,68797780000000,0,0,0
1,1393,68797780000000,68797780067125,68797780094500,27375,94500,67125,68797790000000,0,0,0
1,1394,68797790000000,68797790062750,68797790090375,27625,90375,62750,68797800000000,0,0,0
1,1395,68797800000000,68797800062500,68797800089750,27250,89750,62500,68797810000000,0,0,0
1,1396,68797810000000,68797810066875,68797810094875,28000,94875,66875,68797820000000,0,0,0
1,1397,68797820000000,68797820029000,68797820056750,27750,56750,29000,68797830000000,0,0,0
1,1398,68797830000000,68797830062000,68797830089500,27500,89500,62000,68797840000000,0,0,0
1,1399,68797840000000,68797840067500,68797840094750,27250,94750,67500,68797850000000,0,0,0
1,1400,68797850000000,68797850062750,68797850089375,26625,89375,62750,68797860000000,0,0,0
1,1401,68797860000000,68797860062750,68797860090625,27875,90625,62750,68797870000000,0,0,0
1,1402,68797870000000,68797870066750,68797870093375,26625,93375,66750,68797880000000,0,0,0
1,1403,68797880000000,68797880063875,68797880091750,27875,91750,63875,68797890000000,0,0,0
1,1404,68797890000000,68797890067000,68797890094500,27500,94500,67000,68797900000000,0,0,0
1,1405,68797900000000,68797900062625,68797900090375,27750,90375,62625,68797910000000,0,0,0
1,1406,68797910000000,68797910069375,68797910097375,28000,97375,69375,68797920000000,0,0,0
1,1407,68797920000000,68797920062875,68797920090875,28000,90875,62875,68797930000000,0,0,0
1,1408,68797930000000,68797930062375,68797930090375,28000,90375,62375,68797940000000,0,0,0
1,1409,68797940000000,68797940067250,68797940095000,27750,95000,67250,68797950000000,0,0,0
1,1410,68797950000000,68797950062625,68797950091000,28375,91000,62625,68797960000000,0,0,0
1,1411,68797960000000,68797960066750,68797960094500,27750,94500,66750,68797970000000,0,0,0
1,1412,68797970000000,68797970062750,68797970090125,27375,90125,62750,68797980000000,0,0,0
1,1413,68797980000000,68797980067000,68797980094750,27750,94750,67000,68797990000000,0,0,0
1,1414,68797990000000,68797990062750,68797990090125,27375,90125,62750,68798000000000,0,0,0
1,1415,68798000000000,68798000062500,68798000089500,27000,89500,62500,68798010000000,0,0,0
1,1416,68798010000000,68798010067000,68798010095125,28125,95125,67000,68798020000000,0,0,0
1,1417,68798020000000,68798020062625,68798020090500,27875,90500,62625,68798030000000,0,0,0
1,1418,68798030000000,68798030062375,68798030090000,27625,90000,62375,68798040000000,0,0,0
1,1419,68798040000000,68798040067000,68798040094625,27625,94625,67000,68798050000000,0,0,0
1,1420,68798050000000,68798050062875,68798050091250,28375,91250,62875,68798060000000,0,0,0
1,1421,68798060000000,68798060066875,68798060094500,27625,94500,66875,68798070000000,0,0,0
1,1422,68798070000000,68798070062875,68798070091375,28500,91375,62875,68798080000000,0,0,0
1,1423,68798080000000,68798080066875,68798080094000,27125,94000,66875,68798090000000,0,0,0
1,1424,68798090000000,68798090062750,68798090089750,27000,89750,62750,68798100000000,0,0,0
1,1425,68798100000000,68798100066875,68798100094375,27500,94375,66875,68798110000000,0,0,0
1,1426,68798110000000,68798110062625,68798110089750,27125,89750,62625,68798120000000,0,0,0
1,1427,68798120000000,68798120062500,68798120090875,28375,90875,62500,68798130000000,0,0,0
1,1428,68798130000000,68798130067000,68798130093750,26750,93750,67000,68798140000000,0,0,0
1,1429,68798140000000,68798140062750,68798140090625,27875,90625,62750,68798150000000,0,0,0
1,1430,68798150000000,68798150066750,68798150094000,27250,94000,66750,68798160000000,0,0,0
1,1431,68798160000000,68798160062625,68798160090250,27625,90250,62625,68798170000000,0,0,0
1,1432,68798170000000,68798170062375,68798170089625,27250,89625,62375,68798180000000,0,0,0
1,1433,68798180000000,68798180067125,68798180095000,27875,95000,67125,68798190000000,0,0,0
1,1434,68798190000000,68798190062750,68798190090250,27500,90250,62750,68798200000000,0,0,0
1,1435,68798200000000,68798200062375,68798200090000,27625,90000,62375,68798210000000,0,0,0
1,1436,68798210000000,68798210066625,68798210094000,27375,94000,66625,68798220000000,0,0,0
1,1437,68798220000000,68798220062625,68798220090000,27375,90000,62625,68798230000000,0,0,0
1,1438,68798230000000,68798230066625,68798230093875,27250,93875,66625,68798240000000,0,0,0
1,1439,68798240000000,68798240062875,68798240091375,28500,91375,62875,68798250000000,0,0,0
1,1440,68798250000000,68798250062500,68798250090000,27500,90000,62500,68798260000000,0,0,0
1,1441,68798260000000,68798260066875,68798260095000,28125,95000,66875,68798270000000,0,0,0
1,1442,68798270000000,68798270062750,68798270090125,27375,90125,62750,68798280000000,0,0,0
1,1443,68798280000000,68798280066875,68798280093750,26875,93750,66875,68798290000000,0,0,0
1,1444,68798290000000,68798290062625,68798290090125,27500,90125,62625,68798300000000,0,0,0
1,1445,68798300000000,68798300039250,68798300066250,27000,66250,39250,68798310000000,0,0,0
1,1446,68798310000000,68798310068375,68798310096125,27750,96125,68375,68798320000000,0,0,0
1,1447,68798320000000,68798320063250,68798320090625,27375,90625,63250,68798330000000,0,0,0
1,1448,68798330000000,68798330062750,68798330090625,27875,90625,62750,68798340000000,0,0,0
1,1449,68798340000000,68798340067125,68798340094875,27750,94875,67125,68798350000000,0,0,0
1,1450,68798350000000,68798350062625,68798350090500,27875,90500,62625,68798360000000,0,0,0
1,1451,68798360000000,68798360071250,68798360174125,102875,174125,71250,68798370000000,0,0,0
1,1452,68798370000000,68798370064000,68798370112000,48000,112000,64000,68798380000000,0,0,0
1,1453,68798380000000,68798380062750,68798380091000,28250,91000,62750,68798390000000,0,0,0
1,1454,68798390000000,68798390068125,68798390095375,27250,95375,68125,68798400000000,0,0,0
1,1455,68798400000000,68798400062875,68798400090500,27625,90500,62875,68798410000000,0,0,0
1,1456,68798410000000,68798410061875,68798410088500,26625,88500,61875,68798420000000,0,0,0
1,1457,68798420000000,68798420067500,68798420096250,28750,96250,67500,68798430000000,0,0,0
1,1458,68798430000000,68798430063000,68798430090125,27125,90125,63000,68798440000000,0,0,0
1,1459,68798440000000,68798440061875,68798440089875,28000,89875,61875,68798450000000,0,0,0
1,1460,68798450000000,68798450067250,68798450094875,27625,94875,67250,68798460000000,0,0,0
1,1461,68798460000000,68798460062875,68798460090875,28000,90875,62875,68798470000000,0,0,0
1,1462,68798470000000,68798470062500,68798470089875,27375,89875,62500,68798480000000,0,0,0
1,1463,68798480000000,68798480067125,68798480094875,27750,94875,67125,68798490000000,0,0,0
1,1464,68798490000000,68798490062625,68798490090250,27625,90250,62625,68798500000000,0,0,0
1,1465,68798500000000,68798500067250,68798500094875,27625,94875,67250,68798510000000,0,0,0
1,1466,68798510000000,68798510062375,68798510089625,27250,89625,62375,68798520000000,0,0,0
1,1467,68798520000000,68798520062625,68798520090250,27625,90250,62625,68798530000000,0,0,0
1,1468,68798530000000,68798530066625,68798530094250,27625,94250,66625,68798540000000,0,0,0
1,1469,68798540000000,68798540062750,68798540090250,27500,90250,62750,68798550000000,0,0,0
1,1470,68798550000000,68798550066750,68798550094250,27500,94250,66750,68798560000000,0,0,0
1,1471,68798560000000,68798560063125,68798560090875,27750,90875,63125,68798570000000,0,0,0
1,1472,68798570000000,68798570062500,68798570090125,27625,90125,62500,68798580000000,0,0,0
1,1473,68798580000000,68798580066750,68798580094375,27625,94375,66750,68798590000000,0,0,0
1,1474,68798590000000,68798590062875,68798590089750,26875,89750,62875,68798600000000,0,0,0
1,1475,68798600000000,68798600062625,68798600090250,27625,90250,62625,68798610000000,0,0,0
1,1476,68798610000000,68798610066875,68798610095125,28250,95125,66875,68798620000000,0,0,0
1,1477,68798620000000,68798620062625,68798620090375,27750,90375,62625,68798630000000,0,0,0
1,1478,68798630000000,68798630062500,68798630090000,27500,90000,62500,68798640000000,0,0,0
1,1479,68798640000000,68798640062625,68798640091375,28750,91375,62625,68798650000000,0,0,0
1,1480,68798650000000,68798650062750,68798650090125,27375,90125,62750,68798660000000,0,0,0
1,1481,68798660000000,68798660067000,68798660094875,27875,94875,67000,68798670000000,0,0,0
1,1482,68798670000000,68798670062875,68798670090250,27375,90250,62875,68798680000000,0,0,0
1,1483,68798680000000,68798680066625,68798680094375,27750,94375,66625,68798690000000,0,0,0
1,1484,68798690000000,68798690062750,68798690090000,27250,90000,62750,68798700000000,0,0,0
1,1485,68798700000000,68798700066750,68798700094750,28000,94750,66750,68798710000000,0,0,0
1,1486,68798710000000,68798710062750,68798710090000,27250,90000,62750,68798720000000,0,0,0
1,1487,68798720000000,68798720062500,68798720089500,27000,89500,62500,68798730000000,0,0,0
1,1488,68798730000000,68798730066625,68798730094000,27375,94000,66625,68798740000000,0,0,0
1,1489,68798740000000,68798740062875,68798740090625,27750,90625,62875,68798750000000,0,0,0
1,1490,68798750000000,68798750066750,68798750094125,27375,94125,66750,68798760000000,0,0,0
1,1491,68798760000000,68798760062750,68798760090625,27875,90625,62750,68798770000000,0,0,0
1,1492,68798770000000,68798770062375,68798770089375,27000,89375,62375,68798780000000,0,0,0
1,1493,68798780000000,68798780066875,68798780094375,27500,94375,66875,68798790000000,0,0,0
1,1494,68798790000000,68798790062625,68798790089875,27250,89875,62625,68798800000000,0,0,0
1,1495,68798800000000,68798800062500,68798800090375,27875,90375,62500,68798810000000,0,0,0
1,1496,68798810000000,68798810069000,68798810097125,28125,97125,69000,68798820000000,0,0,0
1,1497,68798820000000,68798820062625,68798820090500,27875,90500,62625,68798830000000,0,0,0
1,1498,68798830000000,68798830062500,68798830089875,27375,89875,62500,68798840000000,0,0,0
1,1499,68798840000000,68798840067125,68798840095000,27875,95000,67125,68798850000000,0,0,0
1,1500,68798850000000,68798850061500,68798850089000,27500,89000,61500,68798860000000,0,0,0
1,1501,68798860000000,68798860066750,68798860094375,27625,94375,66750,68798870000000,0,0,0
1,1502,68798870000000,68798870062875,68798870090375,27500,90375,62875,68798880000000,0,0,0
1,1503,68798880000000,68798880068375,68798880096125,27750,96125,68375,68798890000000,0,0,0
1,1504,68798890000000,68798890062750,68798890089250,26500,89250,62750,68798900000000,0,0,0
1,1505,68798900000000,68798900062500,68798900090250,27750,90250,62500,68798910000000,0,0,0
1,1506,68798910000000,68798910066625,68798910094125,27500,94125,66625,68798920000000,0,0,0
1,1507,68798920000000,68798920062750,68798920090500,27750,90500,62750,68798930000000,0,0,0
1,1508,68798930000000,68798930066625,68798930093750,27125,93750,66625,68798940000000,0,0,0
1,1509,68798940000000,68798940073625,68798940308500,234875,308500,73625,68798950000000,0,0,0
1,1510,68798950000000,68798950082500,68798950339375,256875,339375,82500,68798960000000,0,0,0
1,1511,68798960000000,68798960063625,68798960183875,120250,183875,63625,68798970000000,0,0,0
1,1512,68798970000000,68798970068875,68798970101000,32125,101000,68875,68798980000000,0,0,0
1,1513,68798980000000,68798980063125,68798980090750,27625,90750,63125,68798990000000,0,0,0
1,1514,68798990000000,68798990063000,68798990090875,27875,90875,63000,68799000000000,0,0,0
1,1515,68799000000000,68799000067750,68799000095125,27375,95125,67750,68799010000000,0,0,0
1,1516,68799010000000,68799010063125,68799010090625,27500,90625,63125,68799020000000,0,0,0
1,1517,68799020000000,68799020062625,68799020090000,27375,90000,62625,68799030000000,0,0,0
1,1518,68799030000000,68799030066875,68799030093875,27000,93875,66875,68799040000000,0,0,0
1,1519,68799040000000,68799040063000,68799040090500,27500,90500,63000,68799050000000,0,0,0
1,1520,68799050000000,68799050066750,68799050094125,27375,94125,66750,68799060000000,0,0,0
1,1521,68799060000000,68799060062875,68799060090375,27500,90375,62875,68799070000000,0,0,0
1,1522,68799070000000,68799070066875,68799070095750,28875,95750,66875,68799080000000,0,0,0
1,1523,68799080000000,68799080062875,68799080090125,27250,90125,62875,68799090000000,0,0,0
1,1524,68799090000000,68799090067125,68799090094750,27625,94750,67125,68799100000000,0,0,0
1,1525,68799100000000,68799100062625,68799100090250,27625,90250,62625,68799110000000,0,0,0
1,1526,68799110000000,68799110067000,68799110094500,27500,94500,67000,68799120000000,0,0,0
1,1527,68799120000000,68799120062500,68799120089875,27375,89875,62500,68799130000000,0,0,0
1,1528,68799130000000,68799130066875,68799130095000,28125,95000,66875,68799140000000,0,0,0
1,1529,68799140000000,68799140063000,68799140090125,27125,90125,63000,68799150000000,0,0,0
1,1530,68799150000000,68799150062500,68799150090250,27750,90250,62500,68799160000000,0,0,0
1,1531,68799160000000,68799160067250,68799160094000,26750,94000,67250,68799170000000,0,0,0
1,1532,68799170000000,68799170062750,68799170090375,27625,90375,62750,68799180000000,0,0,0
1,1533,68799180000000,68799180062375,68799180089750,27375,89750,62375,68799190000000,0,0,0
1,1534,68799190000000,68799190066875,68799190094750,27875,94750,66875,68799200000000,0,0,0
1,1535,68799200000000,68799200068500,68799200097250,28750,97250,68500,68799210000000,0,0,0
1,1536,68799210000000,68799210068375,68799210097750,29375,97750,68375,68799220000000,0,0,0
1,1537,68799220000000,68799220063125,68799220091125,28000,91125,63125,68799230000000,0,0,0
1,1538,68799230000000,68799230062750,68799230090875,28125,90875,62750,68799240000000,0,0,0
1,1539,68799240000000,68799240067250,68799240094625,27375,94625,67250,68799250000000,0,0,0
1,1540,68799250000000,68799250062625,68799250091000,28375,91000,62625,68799260000000,0,0,0
1,1541,68799260000000,68799260069125,68799260097750,28625,97750,69125,68799270000000,0,0,0
1,1542,68799270000000,68799270063625,68799270091625,28000,91625,63625,68799280000000,0,0,0
1,1543,68799280000000,68799280062875,68799280090250,27375,90250,62875,68799290000000,0,0,0
1,1544,68799290000000,68799290066875,68799290094750,27875,94750,66875,68799300000000,0,0,0
1,1545,68799300000000,68799300062625,68799300090250,27625,90250,62625,68799310000000,0,0,0
1,1546,68799310000000,68799310067000,68799310095000,28000,95000,67000,68799320000000,0,0,0
1,1547,68799320000000,68799320063000,68799320090250,27250,90250,63000,68799330000000,0,0,0
1,1548,68799330000000,68799330067000,68799330094750,27750,94750,67000,68799340000000,0,0,0
1,1549,68799340000000,68799340062750,68799340090000,27250,90000,62750,68799350000000,0,0,0
1,1550,68799350000000,68799350062375,68799350090250,27875,90250,62375,68799360000000,0,0,0
1,1551,68799360000000,68799360066875,68799360094125,27250,94125,66875,68799370000000,0,0,0
1,1552,68799370000000,68799370062500,68799370089875,27375,89875,62500,68799380000000,0,0,0
1,1553,68799380000000,68799380067000,68799380094250,27250,94250,67000,68799390000000,0,0,0
1,1554,68799390000000,68799390062750,68799390090000,27250,90000,62750,68799400000000,0,0,0
1,1555,68799400000000,68799400067000,68799400094125,27125,94125,67000,68799410000000,0,0,0
1,1556,68799410000000,68799410063125,68799410090625,27500,90625,63125,68799420000000,0,0,0
1,1557,68799420000000,68799420066750,68799420093750,27000,93750,66750,68799430000000,0,0,0
1,1558,68799430000000,68799430062750,68799430090375,27625,90375,62750,68799440000000,0,0,0
1,1559,68799440000000,68799440063000,68799440091000,28000,91000,63000,68799450000000,0,0,0
1,1560,68799450000000,68799450067375,68799450095125,27750,95125,67375,68799460000000,0,0,0
1,1561,68799460000000,68799460061875,68799460089375,27500,89375,61875,68799470000000,0,0,0
1,1562,68799470000000,68799470062750,68799470091875,29125,91875,62750,68799480000000,0,0,0
1,1563,68799480000000,68799480066750,68799480094125,27375,94125,66750,68799490000000,0,0,0
1,1564,68799490000000,68799490062750,68799490090750,28000,90750,62750,68799500000000,0,0,0
1,1565,68799500000000,68799500066750,68799500094250,27500,94250,66750,68799510000000,0,0,0
1,1566,68799510000000,68799510062875,68799510090500,27625,90500,62875,68799520000000,0,0,0
1,1567,68799520000000,68799520066875,68799520094375,27500,94375,66875,68799530000000,0,0,0
1,1568,68799530000000,68799530062625,68799530090375,27750,90375,62625,68799540000000,0,0,0
1,1569,68799540000000,68799540062625,68799540089875,27250,89875,62625,68799550000000,0,0,0
1,1570,68799550000000,68799550066750,68799550094750,28000,94750,66750,68799560000000,0,0,0
1,1571,68799560000000,68799560062750,68799560090000,27250,90000,62750,68799570000000,0,0,0
1,1572,68799570000000,68799570062375,68799570090125,27750,90125,62375,68799580000000,0,0,0
1,1573,68799580000000,68799580066125,68799580094375,28250,94375,66125,68799590000000,0,0,0
1,1574,68799590000000,68799590062750,68799590090250,27500,90250,62750,68799600000000,0,0,0
1,1575,68799600000000,68799600066625,68799600094000,27375,94000,66625,68799610000000,0,0,0
1,1576,68799610000000,68799610062750,68799610090500,27750,90500,62750,68799620000000,0,0,0
1,1577,68799620000000,68799620066750,68799620094000,27250,94000,66750,68799630000000,0,0,0
1,1578,68799630000000,68799630062875,68799630090750,27875,90750,62875,68799640000000,0,0,0
1,1579,68799640000000,68799640067000,68799640094375,27375,94375,67000,68799650000000,0,0,0
1,1580,68799650000000,68799650062750,68799650090000,27250,90000,62750,68799660000000,0,0,0
1,1581,68799660000000,68799660067125,68799660094500,27375,94500,67125,68799670000000,0,0,0
1,1582,68799670000000,68799670063000,68799670090875,27875,90875,63000,68799680000000,0,0,0
1,1583,68799680000000,68799680062625,68799680089750,27125,89750,62625,68799690000000,0,0,0
1,1584,68799690000000,68799690066750,68799690094500,27750,94500,66750,68799700000000,0,0,0
1,1585,68799700000000,68799700062875,68799700090250,27375,90250,62875,68799710000000,0,0,0
1,1586,68799710000000,68799710063500,68799710091750,28250,91750,63500,68799720000000,0,0,0
1,1587,68799720000000,68799720068250,68799720096000,27750,96000,68250,68799730000000,0,0,0
1,1588,68799730000000,68799730062875,68799730090625,27750,90625,62875,68799740000000,0,0,0
1,1589,68799740000000,68799740062625,68799740090125,27500,90125,62625,68799750000000,0,0,0
1,1590,68799750000000,68799750066875,68799750094500,27625,94500,66875,68799760000000,0,0,0
1,1591,68799760000000,68799760062750,68799760090000,27250,90000,62750,68799770000000,0,0,0
1,1592,68799770000000,68799770066625,68799770094625,28000,94625,66625,68799780000000,0,0,0
1,1593,68799780000000,68799780062750,68799780090125,27375,90125,62750,68799790000000,0,0,0
1,1594,68799790000000,68799790067000,68799790095000,28000,95000,67000,68799800000000,0,0,0
1,1595,68799800000000,68799800062750,68799800090000,27250,90000,62750,68799810000000,0,0,0
1,1596,68799810000000,68799810067500,68799810095500,28000,95500,67500,68799820000000,0,0,0
1,1597,68799820000000,68799820063000,68799820090250,27250,90250,63000,68799830000000,0,0,0
1,1598,68799830000000,68799830062500,68799830090000,27500,90000,62500,68799840000000,0,0,0
1,1599,68799840000000,68799840063375,68799840091000,27625,91000,63375,68799850000000,0,0,0
1,1600,68799850000000,68799850062500,68799850090375,27875,90375,62500,68799860000000,0,0,0
1,1601,68799860000000,68799860067000,68799860094875,27875,94875,67000,68799870000000,0,0,0
1,1602,68799870000000,68799870061625,68799870089500,27875,89500,61625,68799880000000,0,0,0
1,1603,68799880000000,68799880068500,68799880096000,27500,96000,68500,68799890000000,0,0,0
1,1604,68799890000000,68799890062875,68799890090750,27875,90750,62875,68799900000000,0,0,0
1,1605,68799900000000,68799900062375,68799900089750,27375,89750,62375,68799910000000,0,0,0
1,1606,68799910000000,68799910067125,68799910094875,27750,94875,67125,68799920000000,0,0,0
1,1607,68799920000000,68799920062750,68799920090125,27375,90125,62750,68799930000000,0,0,0
1,1608,68799930000000,68799930067000,68799930094875,27875,94875,67000,68799940000000,0,0,0
1,1609,68799940000000,68799940062750,68799940090125,27375,90125,62750,68799950000000,0,0,0
1,1610,68799950000000,68799950062500,68799950090125,27625,90125,62500,68799960000000,0,0,0
1,1611,68799960000000,68799960063000,68799960090500,27500,90500,63000,68799970000000,0,0,0
1,1612,68799970000000,68799970062500,68799970089750,27250,89750,62500,68799980000000,0,0,0
1,1613,68799980000000,68799980066875,68799980094375,27500,94375,66875,68799990000000,0,0,0
1,1614,68799990000000,68799990062750,68799990090625,27875,90625,62750,68800000000000,0,0,0
1,1615,68800000000000,68800000067125,68800000094500,27375,94500,67125,68800010000000,0,0,0
1,1616,68800010000000,68800010063375,68800010091250,27875,91250,63375,68800020000000,0,0,0
1,1617,68800020000000,68800020066875,68800020094250,27375,94250,66875,68800030000000,0,0,0
1,1618,68800030000000,68800030062750,68800030090250,27500,90250,62750,68800040000000,0,0,0
1,1619,68800040000000,68800040067750,68800040095250,27500,95250,67750,68800050000000,0,0,0
1,1620,68800050000000,68800050062875,68800050090000,27125,90000,62875,68800060000000,0,0,0
1,1621,68800060000000,68800060062750,68800060090250,27500,90250,62750,68800070000000,0,0,0
1,1622,68800070000000,68800070066875,68800070095125,28250,95125,66875,68800080000000,0,0,0
1,1623,68800080000000,68800080063125,68800080090750,27625,90750,63125,68800090000000,0,0,0
1,1624,68800090000000,68800090066875,68800090094500,27625,94500,66875,68800100000000,0,0,0
1,1625,68800100000000,68800100062750,68800100089750,27000,89750,62750,68800110000000,0,0,0
1,1626,68800110000000,68800110067000,68800110094500,27500,94500,67000,68800120000000,0,0,0
1,1627,68800120000000,68800120062750,68800120090250,27500,90250,62750,68800130000000,0,0,0
1,1628,68800130000000,68800130067125,68800130094625,27500,94625,67125,68800140000000,0,0,0
1,1629,68800140000000,68800140062750,68800140090250,27500,90250,62750,68800150000000,0,0,0
1,1630,68800150000000,68800150062625,68800150090500,27875,90500,62625,68800160000000,0,0,0
1,1631,68800160000000,68800160068875,68800160097125,28250,97125,68875,68800170000000,0,0,0
1,1632,68800170000000,68800170063250,68800170091375,28125,91375,63250,68800180000000,0,0,0
1,1633,68800180000000,68800180062625,68800180090125,27500,90125,62625,68800190000000,0,0,0
1,1634,68800190000000,68800190067000,68800190094625,27625,94625,67000,68800200000000,0,0,0
1,1635,68800200000000,68800200062750,68800200089625,26875,89625,62750,68800210000000,0,0,0
1,1636,68800210000000,68800210062625,68800210091250,28625,91250,62625,68800220000000,0,0,0
1,1637,68800220000000,68800220066875,68800220094125,27250,94125,66875,68800230000000,0,0,0
1,1638,68800230000000,68800230062750,68800230090500,27750,90500,62750,68800240000000,0,0,0
1,1639,68800240000000,68800240066750,68800240094125,27375,94125,66750,68800250000000,0,0,0
1,1640,68800250000000,68800250062750,68800250089750,27000,89750,62750,68800260000000,0,0,0
1,1641,68800260000000,68800260066875,68800260094375,27500,94375,66875,68800270000000,0,0,0
1,1642,68800270000000,68800270062500,68800270090500,28000,90500,62500,68800280000000,0,0,0
1,1643,68800280000000,68800280062875,68800280090500,27625,90500,62875,68800290000000,0,0,0
1,1644,68800290000000,68800290066875,68800290094750,27875,94750,66875,68800300000000,0,0,0
1,1645,68800300000000,68800300062625,68800300090250,27625,90250,62625,68800310000000,0,0,0
1,1646,68800310000000,68800310066625,68800310094250,27625,94250,66625,68800320000000,0,0,0
1,1647,68800320000000,68800320063125,68800320090625,27500,90625,63125,68800330000000,0,0,0
1,1648,68800330000000,68800330061125,68800330089250,28125,89250,61125,68800340000000,0,0,0
1,1649,68800340000000,68800340067750,68800340095250,27500,95250,67750,68800350000000,0,0,0
1,1650,68800350000000,68800350063000,68800350090750,27750,90750,63000,68800360000000,0,0,0
1,1651,68800360000000,68800360062750,68800360089375,26625,89375,62750,68800370000000,0,0,0
1,1652,68800370000000,68800370066875,68800370094375,27500,94375,66875,68800380000000,0,0,0
1,1653,68800380000000,68800380062750,68800380090375,27625,90375,62750,68800390000000,0,0,0
1,1654,68800390000000,68800390066875,68800390094000,27125,94000,66875,68800400000000,0,0,0
1,1655,68800400000000,68800400063000,68800400090250,27250,90250,63000,68800410000000,0,0,0
1,1656,68800410000000,68800410066875,68800410094250,27375,94250,66875,68800420000000,0,0,0
1,1657,68800420000000,68800420063125,68800420090500,27375,90500,63125,68800430000000,0,0,0
1,1658,68800430000000,68800430062750,68800430090500,27750,90500,62750,68800440000000,0,0,0
1,1659,68800440000000,68800440066625,68800440094375,27750,94375,66625,68800450000000,0,0,0
1,1660,68800450000000,68800450062875,68800450090500,27625,90500,62875,68800460000000,0,0,0
1,1661,68800460000000,68800460067000,68800460094500,27500,94500,67000,68800470000000,0,0,0
1,1662,68800470000000,68800470062625,68800470090500,27875,90500,62625,68800480000000,0,0,0
1,1663,68800480000000,68800480061750,68800480090125,28375,90125,61750,68800490000000,0,0,0
1,1664,68800490000000,68800490067125,68800490094875,27750,94875,67125,68800500000000,0,0,0
1,1665,68800500000000,68800500062625,68800500091250,28625,91250,62625,68800510000000,0,0,0
1,1666,68800510000000,68800510062500,68800510089875,27375,89875,62500,68800520000000,0,0,0
1,1667,68800520000000,68800520066875,68800520094000,27125,94000,66875,68800530000000,0,0,0
1,1668,68800530000000,68800530063000,68800530090625,27625,90625,63000,68800540000000,0,0,0
1,1669,68800540000000,68800540061875,68800540089875,28000,89875,61875,68800550000000,0,0,0
1,1670,68800550000000,68800550067000,68800550094500,27500,94500,67000,68800560000000,0,0,0
1,1671,68800560000000,68800560063000,68800560090375,27375,90375,63000,68800570000000,0,0,0
1,1672,68800570000000,68800570067125,68800570094875,27750,94875,67125,68800580000000,0,0,0
1,1673,68800580000000,68800580062875,68800580089500,26625,89500,62875,68800590000000,0,0,0
1,1674,68800590000000,68800590066750,68800590094125,27375,94125,66750,68800600000000,0,0,0
1,1675,68800600000000,68800600062875,68800600089750,26875,89750,62875,68800610000000,0,0,0
1,1676,68800610000000,68800610068875,68800610097125,28250,97125,68875,68800620000000,0,0,0
1,1677,68800620000000,68800620063125,68800620091125,28000,91125,63125,68800630000000,0,0,0
1,1678,68800630000000,68800630062625,68800630090625,28000,90625,62625,68800640000000,0,0,0
1,1679,68800640000000,68800640067000,68800640095000,28000,95000,67000,68800650000000,0,0,0
1,1680,68800650000000,68800650062500,68800650090250,27750,90250,62500,68800660000000,0,0,0
1,1681,68800660000000,68800660066875,68800660094250,27375,94250,66875,68800670000000,0,0,0
1,1682,68800670000000,68800670062750,68800670090625,27875,90625,62750,68800680000000,0,0,0
1,1683,68800680000000,68800680066750,68800680094250,27500,94250,66750,68800690000000,0,0,0
1,1684,68800690000000,68800690062875,68800690090500,27625,90500,62875,68800700000000,0,0,0
1,1685,68800700000000,68800700062500,68800700089750,27250,89750,62500,68800710000000,0,0,0
1,1686,68800710000000,68800710067000,68800710094500,27500,94500,67000,68800720000000,0,0,0
1,1687,68800720000000,68800720063000,68800720090250,27250,90250,63000,68800730000000,0,0,0
1,1688,68800730000000,68800730062625,68800730090250,27625,90250,62625,68800740000000,0,0,0
1,1689,68800740000000,68800740066750,68800740094375,27625,94375,66750,68800750000000,0,0,0
1,1690,68800750000000,68800750062625,68800750089875,27250,89875,62625,68800760000000,0,0,0
1,1691,68800760000000,68800760067000,68800760095500,28500,95500,67000,68800770000000,0,0,0
1,1692,68800770000000,68800770062875,68800770090250,27375,90250,62875,68800780000000,0,0,0
1,1693,68800780000000,68800780066875,68800780094000,27125,94000,66875,68800790000000,0,0,0
1,1694,68800790000000,68800790062625,68800790089875,27250,89875,62625,68800800000000,0,0,0
1,1695,68800800000000,68800800066875,68800800094000,27125,94000,66875,68800810000000,0,0,0
1,1696,68800810000000,68800810062625,68800810089875,27250,89875,62625,68800820000000,0,0,0
1,1697,68800820000000,68800820062500,68800820089875,27375,89875,62500,68800830000000,0,0,0
1,1698,68800830000000,68800830061375,68800830089000,27625,89000,61375,68800840000000,0,0,0
1,1699,68800840000000,68800840063000,68800840090750,27750,90750,63000,68800850000000,0,0,0
1,1700,68800850000000,68800850066875,68800850094375,27500,94375,66875,68800860000000,0,0,0
1,1701,68800860000000,68800860062875,68800860090500,27625,90500,62875,68800870000000,0,0,0
1,1702,68800870000000,68800870066875,68800870094250,27375,94250,66875,68800880000000,0,0,0
1,1703,68800880000000,68800880064000,68800880091625,27625,91625,64000,68800890000000,0,0,0
1,1704,68800890000000,68800890061875,68800890089500,27625,89500,61875,68800900000000,0,0,0
1,1705,68800900000000,68800900067000,68800900094750,27750,94750,67000,68800910000000,0,0,0
1,1706,68800910000000,68800910062625,68800910089375,26750,89375,62625,68800920000000,0,0,0
1,1707,68800920000000,68800920062625,68800920090250,27625,90250,62625,68800930000000,0,0,0
1,1708,68800930000000,68800930066875,68800930094500,27625,94500,66875,68800940000000,0,0,0
1,1709,68800940000000,68800940063000,68800940090875,27875,90875,63000,68800950000000,0,0,0
1,1710,68800950000000,68800950066875,68800950094375,27500,94375,66875,68800960000000,0,0,0
1,1711,68800960000000,68800960062875,68800960090625,27750,90625,62875,68800970000000,0,0,0
1,1712,68800970000000,68800970062500,68800970090125,27625,90125,62500,68800980000000,0,0,0
1,1713,68800980000000,68800980066625,68800980094500,27875,94500,66625,68800990000000,0,0,0
1,1714,68800990000000,68800990062750,68800990090125,27375,90125,62750,68801000000000,0,0,0
1,1715,68801000000000,68801000067000,68801000095000,28000,95000,67000,68801010000000,0,0,0
1,1716,68801010000000,68801010062750,68801010091000,28250,91000,62750,68801020000000,0,0,0
1,1717,68801020000000,68801020062500,68801020089625,27125,89625,62500,68801030000000,0,0,0
1,1718,68801030000000,68801030066750,68801030094000,27250,94000,66750,68801040000000,0,0,0
1,1719,68801040000000,68801040063000,68801040090500,27500,90500,63000,68801050000000,0,0,0
1,1720,68801050000000,68801050066750,68801050094125,27375,94125,66750,68801060000000,0,0,0
1,1721,68801060000000,68801060064375,68801060092250,27875,92250,64375,68801070000000,0,0,0
1,1722,68801070000000,68801070067625,68801070095000,27375,95000,67625,68801080000000,0,0,0
1,1723,68801080000000,68801080062750,68801080090375,27625,90375,62750,68801090000000,0,0,0
1,1724,68801090000000,68801090067125,68801090094375,27250,94375,67125,68801100000000,0,0,0
1,1725,68801100000000,68801100063000,68801100090750,27750,90750,63000,68801110000000,0,0,0
1,1726,68801110000000,68801110062625,68801110090000,27375,90000,62625,68801120000000,0,0,0
1,1727,68801120000000,68801120066750,68801120094375,27625,94375,66750,68801130000000,0,0,0
1,1728,68801130000000,68801130062750,68801130090250,27500,90250,62750,68801140000000,0,0,0
1,1729,68801140000000,68801140067000,68801140094375,27375,94375,67000,68801150000000,0,0,0
1,1730,68801150000000,68801150062750,68801150090250,27500,90250,62750,68801160000000,0,0,0
1,1731,68801160000000,68801160066625,68801160093875,27250,93875,66625,68801170000000,0,0,0
1,1732,68801170000000,68801170062625,68801170090000,27375,90000,62625,68801180000000,0,0,0
1,1733,68801180000000,68801180066875,68801180094375,27500,94375,66875,68801190000000,0,0,0
1,1734,68801190000000,68801190062625,68801190089875,27250,89875,62625,68801200000000,0,0,0
1,1735,68801200000000,68801200062625,68801200090500,27875,90500,62625,68801210000000,0,0,0
1,1736,68801210000000,68801210066750,68801210094250,27500,94250,66750,68801220000000,0,0,0
1,1737,68801220000000,68801220062750,68801220090625,27875,90625,62750,68801230000000,0,0,0
1,1738,68801230000000,68801230062375,68801230089750,27375,89750,62375,68801240000000,0,0,0
1,1739,68801240000000,68801240066875,68801240094750,27875,94750,66875,68801250000000,0,0,0
1,1740,68801250000000,68801250062625,68801250090000,27375,90000,62625,68801260000000,0,0,0
1,1741,68801260000000,68801260066875,68801260094625,27750,94625,66875,68801270000000,0,0,0
1,1742,68801270000000,68801270062875,68801270090250,27375,90250,62875,68801280000000,0,0,0
1,1743,68801280000000,68801280062625,68801280090000,27375,90000,62625,68801290000000,0,0,0
1,1744,68801290000000,68801290067000,68801290094250,27250,94250,67000,68801300000000,0,0,0
1,1745,68801300000000,68801300062750,68801300090125,27375,90125,62750,68801310000000,0,0,0
1,1746,68801310000000,68801310066750,68801310093875,27125,93875,66750,68801320000000,0,0,0
1,1747,68801320000000,68801320062625,68801320090125,27500,90125,62625,68801330000000,0,0,0
1,1748,68801330000000,68801330066875,68801330094125,27250,94125,66875,68801340000000,0,0,0
1,1749,68801340000000,68801340062750,68801340089625,26875,89625,62750,68801350000000,0,0,0
1,1750,68801350000000,68801350062500,68801350090000,27500,90000,62500,68801360000000,0,0,0
1,1751,68801360000000,68801360066875,68801360094000,27125,94000,66875,68801370000000,0,0,0
1,1752,68801370000000,68801370062750,68801370089625,26875,89625,62750,68801380000000,0,0,0
1,1753,68801380000000,68801380062500,68801380090375,27875,90375,62500,68801390000000,0,0,0
1,1754,68801390000000,68801390066750,68801390094375,27625,94375,66750,68801400000000,0,0,0
1,1755,68801400000000,68801400062625,68801400090625,28000,90625,62625,68801410000000,0,0,0
1,1756,68801410000000,68801410066875,68801410093375,26500,93375,66875,68801420000000,0,0,0
1,1757,68801420000000,68801420062750,68801420090500,27750,90500,62750,68801430000000,0,0,0
1,1758,68801430000000,68801430062375,68801430089625,27250,89625,62375,68801440000000,0,0,0
1,1759,68801440000000,68801440066875,68801440094625,27750,94625,66875,68801450000000,0,0,0
1,1760,68801450000000,68801450062625,68801450090125,27500,90125,62625,68801460000000,0,0,0
1,1761,68801460000000,68801460067125,68801460096000,28875,96000,67125,68801470000000,0,0,0
1,1762,68801470000000,68801470062750,68801470090000,27250,90000,62750,68801480000000,0,0,0
1,1763,68801480000000,68801480066875,68801480094625,27750,94625,66875,68801490000000,0,0,0
1,1764,68801490000000,68801490062625,68801490090000,27375,90000,62625,68801500000000,0,0,0
1,1765,68801500000000,68801500061625,68801500089000,27375,89000,61625,68801510000000,0,0,0
1,1766,68801510000000,68801510069000,68801510097000,28000,97000,69000,68801520000000,0,0,0
1,1767,68801520000000,68801520062875,68801520090750,27875,90750,62875,68801530000000,0,0,0
1,1768,68801530000000,68801530062500,68801530090000,27500,90000,62500,68801540000000,0,0,0
1,1769,68801540000000,68801540066750,68801540094125,27375,94125,66750,68801550000000,0,0,0
1,1770,68801550000000,68801550063000,68801550090250,27250,90250,63000,68801560000000,0,0,0
1,1771,68801560000000,68801560066875,68801560095375,28500,95375,66875,68801570000000,0,0,0
1,1772,68801570000000,68801570063000,68801570090750,27750,90750,63000,68801580000000,0,0,0
1,1773,68801580000000,68801580067125,68801580095000,27875,95000,67125,68801590000000,0,0,0
1,1774,68801590000000,68801590062625,68801590090125,27500,90125,62625,68801600000000,0,0,0
1,1775,68801600000000,68801600062625,68801600090375,27750,90375,62625,68801610000000,0,0,0
1,1776,68801610000000,68801610066625,68801610094375,27750,94375,66625,68801620000000,0,0,0
1,1777,68801620000000,68801620062625,68801620090500,27875,90500,62625,68801630000000,0,0,0
1,1778,68801630000000,68801630061750,68801630089000,27250,89000,61750,68801640000000,0,0,0
1,1779,68801640000000,68801640067125,68801640095000,27875,95000,67125,68801650000000,0,0,0
1,1780,68801650000000,68801650062875,68801650090125,27250,90125,62875,68801660000000,0,0,0
1,1781,68801660000000,68801660062625,68801660089875,27250,89875,62625,68801670000000,0,0,0
1,1782,68801670000000,68801670066875,68801670094125,27250,94125,66875,68801680000000,0,0,0
1,1783,68801680000000,68801680063000,68801680090750,27750,90750,63000,68801690000000,0,0,0
1,1784,68801690000000,68801690066750,68801690094625,27875,94625,66750,68801700000000,0,0,0
1,1785,68801700000000,68801700063125,68801700090500,27375,90500,63125,68801710000000,0,0,0
1,1786,68801710000000,68801710067125,68801710094500,27375,94500,67125,68801720000000,0,0,0
1,1787,68801720000000,68801720062750,68801720090375,27625,90375,62750,68801730000000,0,0,0
1,1788,68801730000000,68801730067125,68801730094375,27250,94375,67125,68801740000000,0,0,0
1,1789,68801740000000,68801740062875,68801740090125,27250,90125,62875,68801750000000,0,0,0
1,1790,68801750000000,68801750062500,68801750089625,27125,89625,62500,68801760000000,0,0,0
1,1791,68801760000000,68801760066625,68801760094250,27625,94250,66625,68801770000000,0,0,0
1,1792,68801770000000,68801770062875,68801770091500,28625,91500,62875,68801780000000,0,0,0
1,1793,68801780000000,68801780067000,68801780094750,27750,94750,67000,68801790000000,0,0,0
1,1794,68801790000000,68801790062750,68801790090375,27625,90375,62750,68801800000000,0,0,0
1,1795,68801800000000,68801800067000,68801800094250,27250,94250,67000,68801810000000,0,0,0
1,1796,68801810000000,68801810062750,68801810090250,27500,90250,62750,68801820000000,0,0,0
1,1797,68801820000000,68801820027625,68801820055000,27375,55000,27625,68801830000000,0,0,0
1,1798,68801830000000,68801830067375,68801830095250,27875,95250,67375,68801840000000,0,0,0
1,1799,68801840000000,68801840062500,68801840089875,27375,89875,62500,68801850000000,0,0,0
1,1800,68801850000000,68801850062500,68801850090625,28125,90625,62500,68801860000000,0,0,0
1,1801,68801860000000,68801860066875,68801860094250,27375,94250,66875,68801870000000,0,0,0
1,1802,68801870000000,68801870062500,68801870089875,27375,89875,62500,68801880000000,0,0,0
1,1803,68801880000000,68801880068000,68801880095250,27250,95250,68000,68801890000000,0,0,0
1,1804,68801890000000,68801890062500,68801890091250,28750,91250,62500,68801900000000,0,0,0
1,1805,68801900000000,68801900062500,68801900090250,27750,90250,62500,68801910000000,0,0,0
1,1806,68801910000000,68801910065750,68801910093500,27750,93500,65750,68801920000000,0,0,0
1,1807,68801920000000,68801920062500,68801920090000,27500,90000,62500,68801930000000,0,0,0
1,1808,68801930000000,68801930066625,68801930093750,27125,93750,66625,68801940000000,0,0,0
1,1809,68801940000000,68801940062625,68801940089375,26750,89375,62625,68801950000000,0,0,0
1,1810,68801950000000,68801950066625,68801950093750,27125,93750,66625,68801960000000,0,0,0
1,1811,68801960000000,68801960063875,68801960092500,28625,92500,63875,68801970000000,0,0,0
1,1812,68801970000000,68801970067000,68801970094625,27625,94625,67000,68801980000000,0,0,0
1,1813,68801980000000,68801980062625,68801980090500,27875,90500,62625,68801990000000,0,0,0
1,1814,68801990000000,68801990062500,68801990090250,27750,90250,62500,68802000000000,0,0,0
1,1815,68802000000000,68802000066750,68802000093625,26875,93625,66750,68802010000000,0,0,0
1,1816,68802010000000,68802010062375,68802010090250,27875,90250,62375,68802020000000,0,0,0
1,1817,68802020000000,68802020066875,68802020094500,27625,94500,66875,68802030000000,0,0,0
1,1818,68802030000000,68802030062500,68802030090375,27875,90375,62500,68802040000000,0,0,0
1,1819,68802040000000,68802040062375,68802040089625,27250,89625,62375,68802050000000,0,0,0
1,1820,68802050000000,68802050076250,68802050315500,239250,315500,76250,68802060000000,0,0,0
1,1821,68802060000000,68802060031750,68802060162500,130750,162500,31750,68802070000000,0,0,0
1,1822,68802070000000,68802070062000,68802070097500,35500,97500,62000,68802080000000,0,0,0
1,1823,68802080000000,68802080063750,68802080092375,28625,92375,63750,68802090000000,0,0,0
1,1824,68802090000000,68802090067375,68802090095000,27625,95000,67375,68802100000000,0,0,0
1,1825,68802100000000,68802100063500,68802100091250,27750,91250,63500,68802110000000,0,0,0
1,1826,68802110000000,68802110067125,68802110094625,27500,94625,67125,68802120000000,0,0,0
1,1827,68802120000000,68802120063250,68802120091000,27750,91000,63250,68802130000000,0,0,0
1,1828,68802130000000,68802130066875,68802130094625,27750,94625,66875,68802140000000,0,0,0
1,1829,68802140000000,68802140062875,68802140090750,27875,90750,62875,68802150000000,0,0,0
1,1830,68802150000000,68802150067125,68802150094625,27500,94625,67125,68802160000000,0,0,0
1,1831,68802160000000,68802160063000,68802160090625,27625,90625,63000,68802170000000,0,0,0
1,1832,68802170000000,68802170062750,68802170090125,27375,90125,62750,68802180000000,0,0,0
1,1833,68802180000000,68802180067000,68802180094500,27500,94500,67000,68802190000000,0,0,0
1,1834,68802190000000,68802190062875,68802190089625,26750,89625,62875,68802200000000,0,0,0
1,1835,68802200000000,68802200067125,68802200094875,27750,94875,67125,68802210000000,0,0,0
1,1836,68802210000000,68802210062750,68802210089750,27000,89750,62750,68802220000000,0,0,0
1,1837,68802220000000,68802220062625,68802220090250,27625,90250,62625,68802230000000,0,0,0
1,1838,68802230000000,68802230067000,68802230094625,27625,94625,67000,68802240000000,0,0,0
1,1839,68802240000000,68802240062875,68802240090250,27375,90250,62875,68802250000000,0,0,0
1,1840,68802250000000,68802250067125,68802250094375,27250,94375,67125,68802260000000,0,0,0
1,1841,68802260000000,68802260063000,68802260090375,27375,90375,63000,68802270000000,0,0,0
1,1842,68802270000000,68802270062000,68802270089375,27375,89375,62000,68802280000000,0,0,0
1,1843,68802280000000,68802280062875,68802280090375,27500,90375,62875,68802290000000,0,0,0
1,1844,68802290000000,68802290062625,68802290091500,28875,91500,62625,68802300000000,0,0,0
1,1845,68802300000000,68802300067250,68802300094625,27375,94625,67250,68802310000000,0,0,0
1,1846,68802310000000,68802310062625,68802310090125,27500,90125,62625,68802320000000,0,0,0
1,1847,68802320000000,68802320067125,68802320095000,27875,95000,67125,68802330000000,0,0,0
1,1848,68802330000000,68802330062875,68802330090375,27500,90375,62875,68802340000000,0,0,0
1,1849,68802340000000,68802340063375,68802340091000,27625,91000,63375,68802350000000,0,0,0
1,1850,68802350000000,68802350063375,68802350091500,28125,91500,63375,68802360000000,0,0,0
1,1851,68802360000000,68802360062875,68802360089875,27000,89875,62875,68802370000000,0,0,0
1,1852,68802370000000,68802370067250,68802370095250,28000,95250,67250,68802380000000,0,0,0
1,1853,68802380000000,68802380062875,68802380090250,27375,90250,62875,68802390000000,0,0,0
1,1854,68802390000000,68802390067125,68802390095000,27875,95000,67125,68802400000000,0,0,0
1,1855,68802400000000,68802400062875,68802400090250,27375,90250,62875,68802410000000,0,0,0
1,1856,68802410000000,68802410069000,68802410097500,28500,97500,69000,68802420000000,0,0,0
1,1857,68802420000000,68802420062875,68802420090500,27625,90500,62875,68802430000000,0,0,0
1,1858,68802430000000,68802430062500,68802430090250,27750,90250,62500,68802440000000,0,0,0
1,1859,68802440000000,68802440068875,68802440096625,27750,96625,68875,68802450000000,0,0,0
1,1860,68802450000000,68802450071250,68802450101250,30000,101250,71250,68802460000000,0,0,0
1,1861,68802460000000,68802460063750,68802460091750,28000,91750,63750,68802470000000,0,0,0
1,1862,68802470000000,68802470068875,68802470096750,27875,96750,68875,68802480000000,0,0,0
1,1863,68802480000000,68802480063125,68802480091250,28125,91250,63125,68802490000000,0,0,0
1,1864,68802490000000,68802490062750,68802490090375,27625,90375,62750,68802500000000,0,0,0
1,1865,68802500000000,68802500067000,68802500094750,27750,94750,67000,68802510000000,0,0,0
1,1866,68802510000000,68802510062750,68802510090000,27250,90000,62750,68802520000000,0,0,0
1,1867,68802520000000,68802520061875,68802520089750,27875,89750,61875,68802530000000,0,0,0
1,1868,68802530000000,68802530067000,68802530094625,27625,94625,67000,68802540000000,0,0,0
1,1869,68802540000000,68802540062750,68802540090000,27250,90000,62750,68802550000000,0,0,0
1,1870,68802550000000,68802550062625,68802550090375,27750,90375,62625,68802560000000,0,0,0
1,1871,68802560000000,68802560066875,68802560094250,27375,94250,66875,68802570000000,0,0,0
1,1872,68802570000000,68802570062875,68802570090625,27750,90625,62875,68802580000000,0,0,0
1,1873,68802580000000,68802580067125,68802580094500,27375,94500,67125,68802590000000,0,0,0
1,1874,68802590000000,68802590061750,68802590089625,27875,89625,61750,68802600000000,0,0,0
1,1875,68802600000000,68802600067250,68802600094875,27625,94875,67250,68802610000000,0,0,0
1,1876,68802610000000,68802610062875,68802610090625,27750,90625,62875,68802620000000,0,0,0
1,1877,68802620000000,68802620062750,68802620090375,27625,90375,62750,68802630000000,0,0,0
1,1878,68802630000000,68802630066875,68802630094625,27750,94625,66875,68802640000000,0,0,0
1,1879,68802640000000,68802640062750,68802640090000,27250,90000,62750,68802650000000,0,0,0
1,1880,68802650000000,68802650067000,68802650094750,27750,94750,67000,68802660000000,0,0,0
1,1881,68802660000000,68802660063000,68802660090375,27375,90375,63000,68802670000000,0,0,0
1,1882,68802670000000,68802670066875,68802670094875,28000,94875,66875,68802680000000,0,0,0
1,1883,68802680000000,68802680062750,68802680090250,27500,90250,62750,68802690000000,0,0,0
1,1884,68802690000000,68802690067000,68802690095000,28000,95000,67000,68802700000000,0,0,0
1,1885,68802700000000,68802700062625,68802700090250,27625,90250,62625,68802710000000,0,0,0
1,1886,68802710000000,68802710067125,68802710095000,27875,95000,67125,68802720000000,0,0,0
1,1887,68802720000000,68802720062625,68802720089875,27250,89875,62625,68802730000000,0,0,0
1,1888,68802730000000,68802730067125,68802730095000,27875,95000,67125,68802740000000,0,0,0
1,1889,68802740000000,68802740062875,68802740090375,27500,90375,62875,68802750000000,0,0,0
1,1890,68802750000000,68802750062625,68802750090500,27875,90500,62625,68802760000000,0,0,0
1,1891,68802760000000,68802760067250,68802760094625,27375,94625,67250,68802770000000,0,0,0
1,1892,68802770000000,68802770063000,68802770090625,27625,90625,63000,68802780000000,0,0,0
1,1893,68802780000000,68802780067125,68802780095500,28375,95500,67125,68802790000000,0,0,0
1,1894,68802790000000,68802790062625,68802790090125,27500,90125,62625,68802800000000,0,0,0
1,1895,68802800000000,68802800062625,68802800090000,27375,90000,62625,68802810000000,0,0,0
1,1896,68802810000000,68802810067000,68802810094625,27625,94625,67000,68802820000000,0,0,0
1,1897,68802820000000,68802820063125,68802820091125,28000,91125,63125,68802830000000,0,0,0
1,1898,68802830000000,68802830067125,68802830095125,28000,95125,67125,68802840000000,0,0,0
1,1899,68802840000000,68802840062750,68802840090125,27375,90125,62750,68802850000000,0,0,0
1,1900,68802850000000,68802850067000,68802850095000,28000,95000,67000,68802860000000,0,0,0
1,1901,68802860000000,68802860065125,68802860093375,28250,93375,65125,68802870000000,0,0,0
1,1902,68802870000000,68802870067875,68802870096000,28125,96000,67875,68802880000000,0,0,0
1,1903,68802880000000,68802880064750,68802880092250,27500,92250,64750,68802890000000,0,0,0
1,1904,68802890000000,68802890062875,68802890090000,27125,90000,62875,68802900000000,0,0,0
1,1905,68802900000000,68802900067000,68802900094375,27375,94375,67000,68802910000000,0,0,0
1,1906,68802910000000,68802910062625,68802910091500,28875,91500,62625,68802920000000,0,0,0
1,1907,68802920000000,68802920067000,68802920094250,27250,94250,67000,68802930000000,0,0,0
1,1908,68802930000000,68802930061875,68802930089375,27500,89375,61875,68802940000000,0,0,0
1,1909,68802940000000,68802940067000,68802940094375,27375,94375,67000,68802950000000,0,0,0
1,1910,68802950000000,68802950062625,68802950090250,27625,90250,62625,68802960000000,0,0,0
1,1911,68802960000000,68802960062625,68802960090125,27500,90125,62625,68802970000000,0,0,0
1,1912,68802970000000,68802970066875,68802970094625,27750,94625,66875,68802980000000,0,0,0
1,1913,68802980000000,68802980062750,68802980091250,28500,91250,62750,68802990000000,0,0,0
1,1914,68802990000000,68802990062500,68802990090250,27750,90250,62500,68803000000000,0,0,0
1,1915,68803000000000,68803000066875,68803000095500,28625,95500,66875,68803010000000,0,0,0
1,1916,68803010000000,68803010062875,68803010090625,27750,90625,62875,68803020000000,0,0,0
1,1917,68803020000000,68803020066750,68803020094250,27500,94250,66750,68803030000000,0,0,0
1,1918,68803030000000,68803030062750,68803030090625,27875,90625,62750,68803040000000,0,0,0
1,1919,68803040000000,68803040066875,68803040094250,27375,94250,66875,68803050000000,0,0,0
1,1920,68803050000000,68803050062625,68803050090500,27875,90500,62625,68803060000000,0,0,0
1,1921,68803060000000,68803060066750,68803060095125,28375,95125,66750,68803070000000,0,0,0
1,1922,68803070000000,68803070062375,68803070090375,28000,90375,62375,68803080000000,0,0,0
1,1923,68803080000000,68803080066625,68803080094125,27500,94125,66625,68803090000000,0,0,0
1,1924,68803090000000,68803090062500,68803090090500,28000,90500,62500,68803100000000,0,0,0
1,1925,68803100000000,68803100066625,68803100094125,27500,94125,66625,68803110000000,0,0,0
1,1926,68803110000000,68803110062750,68803110090625,27875,90625,62750,68803120000000,0,0,0
1,1927,68803120000000,68803120066875,68803120094500,27625,94500,66875,68803130000000,0,0,0
1,1928,68803130000000,68803130062625,68803130090375,27750,90375,62625,68803140000000,0,0,0
1,1929,68803140000000,68803140066750,68803140093625,26875,93625,66750,68803150000000,0,0,0
1,1930,68803150000000,68803150062750,68803150090375,27625,90375,62750,68803160000000,0,0,0
1,1931,68803160000000,68803160066750,68803160094375,27625,94375,66750,68803170000000,0,0,0
1,1932,68803170000000,68803170062500,68803170090500,28000,90500,62500,68803180000000,0,0,0
1,1933,68803180000000,68803180066875,68803180094125,27250,94125,66875,68803190000000,0,0,0
1,1934,68803190000000,68803190062625,68803190090500,27875,90500,62625,68803200000000,0,0,0
1,1935,68803200000000,68803200062500,68803200089750,27250,89750,62500,68803210000000,0,0,0
1,1936,68803210000000,68803210066875,68803210096000,29125,96000,66875,68803220000000,0,0,0
1,1937,68803220000000,68803220062750,68803220090000,27250,90000,62750,68803230000000,0,0,0
1,1938,68803230000000,68803230066500,68803230093375,26875,93375,66500,68803240000000,0,0,0
1,1939,68803240000000,68803240062750,68803240090625,27875,90625,62750,68803250000000,0,0,0
1,1940,68803250000000,68803250066750,68803250094500,27750,94500,66750,68803260000000,0,0,0
1,1941,68803260000000,68803260063125,68803260090500,27375,90500,63125,68803270000000,0,0,0
1,1942,68803270000000,68803270066875,68803270094625,27750,94625,66875,68803280000000,0,0,0
1,1943,68803280000000,68803280062750,68803280090000,27250,90000,62750,68803290000000,0,0,0
1,1944,68803290000000,68803290067000,68803290094875,27875,94875,67000,68803300000000,0,0,0
1,1945,68803300000000,68803300063125,68803300090500,27375,90500,63125,68803310000000,0,0,0
1,1946,68803310000000,68803310070500,68803310098875,28375,98875,70500,68803320000000,0,0,0
1,1947,68803320000000,68803320063000,68803320090500,27500,90500,63000,68803330000000,0,0,0
1,1948,68803330000000,68803330062750,68803330090500,27750,90500,62750,68803340000000,0,0,0
1,1949,68803340000000,68803340067375,68803340095000,27625,95000,67375,68803350000000,0,0,0
1,1950,68803350000000,68803350062875,68803350090375,27500,90375,62875,68803360000000,0,0,0
1,1951,68803360000000,68803360062625,68803360090000,27375,90000,62625,68803370000000,0,0,0
1,1952,68803370000000,68803370066875,68803370095125,28250,95125,66875,68803380000000,0,0,0
1,1953,68803380000000,68803380062750,68803380090250,27500,90250,62750,68803390000000,0,0,0
1,1954,68803390000000,68803390062500,68803390090125,27625,90125,62500,68803400000000,0,0,0
1,1955,68803400000000,68803400066875,68803400094625,27750,94625,66875,68803410000000,0,0,0
1,1956,68803410000000,68803410062875,68803410090750,27875,90750,62875,68803420000000,0,0,0
1,1957,68803420000000,68803420066875,68803420094250,27375,94250,66875,68803430000000,0,0,0
1,1958,68803430000000,68803430062875,68803430090625,27750,90625,62875,68803440000000,0,0,0
1,1959,68803440000000,68803440066875,68803440094375,27500,94375,66875,68803450000000,0,0,0
1,1960,68803450000000,68803450062500,68803450090875,28375,90875,62500,68803460000000,0,0,0
1,1961,68803460000000,68803460067125,68803460094125,27000,94125,67125,68803470000000,0,0,0
1,1962,68803470000000,68803470062750,68803470090500,27750,90500,62750,68803480000000,0,0,0
1,1963,68803480000000,68803480062625,68803480089750,27125,89750,62625,68803490000000,0,0,0
1,1964,68803490000000,68803490067000,68803490094750,27750,94750,67000,68803500000000,0,0,0
1,1965,68803500000000,68803500062875,68803500090250,27375,90250,62875,68803510000000,0,0,0
1,1966,68803510000000,68803510066750,68803510095250,28500,95250,66750,68803520000000,0,0,0
1,1967,68803520000000,68803520062625,68803520091500,28875,91500,62625,68803530000000,0,0,0
1,1968,68803530000000,68803530062375,68803530090250,27875,90250,62375,68803540000000,0,0,0
1,1969,68803540000000,68803540066000,68803540093250,27250,93250,66000,68803550000000,0,0,0
1,1970,68803550000000,68803550063000,68803550090625,27625,90625,63000,68803560000000,0,0,0
1,1971,68803560000000,68803560066750,68803560094125,27375,94125,66750,68803570000000,0,0,0
1,1972,68803570000000,68803570062750,68803570089875,27125,89875,62750,68803580000000,0,0,0
1,1973,68803580000000,68803580066750,68803580093875,27125,93875,66750,68803590000000,0,0,0
1,1974,68803590000000,68803590062625,68803590089625,27000,89625,62625,68803600000000,0,0,0
1,1975,68803600000000,68803600066875,68803600094250,27375,94250,66875,68803610000000,0,0,0
1,1976,68803610000000,68803610062500,68803610089750,27250,89750,62500,68803620000000,0,0,0
1,1977,68803620000000,68803620067625,68803620095375,27750,95375,67625,68803630000000,0,0,0
1,1978,68803630000000,68803630062875,68803630090750,27875,90750,62875,68803640000000,0,0,0
1,1979,68803640000000,68803640062875,68803640090625,27750,90625,62875,68803650000000,0,0,0
1,1980,68803650000000,68803650067125,68803650095750,28625,95750,67125,68803660000000,0,0,0
1,1981,68803660000000,68803660062750,68803660091500,28750,91500,62750,68803670000000,0,0,0
1,1982,68803670000000,68803670062625,68803670089875,27250,89875,62625,68803680000000,0,0,0
1,1983,68803680000000,68803680067125,68803680094875,27750,94875,67125,68803690000000,0,0,0
1,1984,68803690000000,68803690062625,68803690090000,27375,90000,62625,68803700000000,0,0,0
1,1985,68803700000000,68803700062625,68803700090125,27500,90125,62625,68803710000000,0,0,0
1,1986,68803710000000,68803710066875,68803710094125,27250,94125,66875,68803720000000,0,0,0
1,1987,68803720000000,68803720062625,68803720090250,27625,90250,62625,68803730000000,0,0,0
1,1988,68803730000000,68803730067125,68803730094375,27250,94375,67125,68803740000000,0,0,0
1,1989,68803740000000,68803740061750,68803740089250,27500,89250,61750,68803750000000,0,0,0
1,1990,68803750000000,68803750067250,68803750094625,27375,94625,67250,68803760000000,0,0,0
1,1991,68803760000000,68803760064875,68803760093000,28125,93000,64875,68803770000000,0,0,0
1,1992,68803770000000,68803770068250,68803770095625,27375,95625,68250,68803780000000,0,0,0
1,1993,68803780000000,68803780062750,68803780090500,27750,90500,62750,68803790000000,0,0,0
1,1994,68803790000000,68803790062750,68803790089750,27000,89750,62750,68803800000000,0,0,0
1,1995,68803800000000,68803800067125,68803800094625,27500,94625,67125,68803810000000,0,0,0
1,1996,68803810000000,68803810063250,68803810090500,27250,90500,63250,68803820000000,0,0,0
1,1997,68803820000000,68803820067375,68803820095125,27750,95125,67375,68803830000000,0,0,0
1,1998,68803830000000,68803830062625,68803830090250,27625,90250,62625,68803840000000,0,0,0
1,1999,68803840000000,68803840062750,68803840090500,27750,90500,62750,68803850000000,0,0,0
1,2000,68803850000000,68803850066750,68803850094000,27250,94000,66750,68803860000000,0,0,0
1,2001,68803860000000,68803860062625,68803860090500,27875,90500,62625,68803870000000,0,0,0
1,2002,68803870000000,68803870066875,68803870094500,27625,94500,66875,68803880000000,0,0,0
1,2003,68803880000000,68803880064250,68803880092250,28000,92250,64250,68803890000000,0,0,0
1,2004,68803890000000,68803890067125,68803890094750,27625,94750,67125,68803900000000,0,0,0
1,2005,68803900000000,68803900062875,68803900090750,27875,90750,62875,68803910000000,0,0,0
1,2006,68803910000000,68803910067000,68803910094375,27375,94375,67000,68803920000000,0,0,0
1,2007,68803920000000,68803920062875,68803920090625,27750,90625,62875,68803930000000,0,0,0
1,2008,68803930000000,68803930062750,68803930090000,27250,90000,62750,68803940000000,0,0,0
1,2009,68803940000000,68803940067000,68803940094750,27750,94750,67000,68803950000000,0,0,0
1,2010,68803950000000,68803950061750,68803950089250,27500,89250,61750,68803960000000,0,0,0
1,2011,68803960000000,68803960067000,68803960095000,28000,95000,67000,68803970000000,0,0,0
1,2012,68803970000000,68803970062750,68803970091875,29125,91875,62750,68803980000000,0,0,0
1,2013,68803980000000,68803980062750,68803980090125,27375,90125,62750,68803990000000,0,0,0
1,2014,68803990000000,68803990066750,68803990094125,27375,94125,66750,68804000000000,0,0,0
1,2015,68804000000000,68804000062500,68804000090125,27625,90125,62500,68804010000000,0,0,0
1,2016,68804010000000,68804010066750,68804010094250,27500,94250,66750,68804020000000,0,0,0
1,2017,68804020000000,68804020062875,68804020090250,27375,90250,62875,68804030000000,0,0,0
1,2018,68804030000000,68804030062500,68804030089875,27375,89875,62500,68804040000000,0,0,0
1,2019,68804040000000,68804040066625,68804040094250,27625,94250,66625,68804050000000,0,0,0
1,2020,68804050000000,68804050063000,68804050090500,27500,90500,63000,68804060000000,0,0,0
1,2021,68804060000000,68804060066625,68804060094125,27500,94125,66625,68804070000000,0,0,0
1,2022,68804070000000,68804070062875,68804070090500,27625,90500,62875,68804080000000,0,0,0
1,2023,68804080000000,68804080066625,68804080094625,28000,94625,66625,68804090000000,0,0,0
1,2024,68804090000000,68804090062750,68804090090250,27500,90250,62750,68804100000000,0,0,0
1,2025,68804100000000,68804100066875,68804100094500,27625,94500,66875,68804110000000,0,0,0
1,2026,68804110000000,68804110062750,68804110090125,27375,90125,62750,68804120000000,0,0,0
1,2027,68804120000000,68804120067000,68804120094250,27250,94250,67000,68804130000000,0,0,0
1,2028,68804130000000,68804130062750,68804130090250,27500,90250,62750,68804140000000,0,0,0
1,2029,68804140000000,68804140062750,68804140090625,27875,90625,62750,68804150000000,0,0,0
1,2030,68804150000000,68804150066625,68804150093875,27250,93875,66625,68804160000000,0,0,0
1,2031,68804160000000,68804160063000,68804160091000,28000,91000,63000,68804170000000,0,0,0
1,2032,68804170000000,68804170066750,68804170094000,27250,94000,66750,68804180000000,0,0,0
1,2033,68804180000000,68804180062625,68804180090250,27625,90250,62625,68804190000000,0,0,0
1,2034,68804190000000,68804190066750,68804190094250,27500,94250,66750,68804200000000,0,0,0
1,2035,68804200000000,68804200062500,68804200090250,27750,90250,62500,68804210000000,0,0,0
1,2036,68804210000000,68804210072375,68804210163500,91125,163500,72375,68804220000000,0,0,0
1,2037,68804220000000,68804220063750,68804220106125,42375,106125,63750,68804230000000,0,0,0
1,2038,68804230000000,68804230062875,68804230091000,28125,91000,62875,68804240000000,0,0,0
1,2039,68804240000000,68804240063125,68804240090625,27500,90625,63125,68804250000000,0,0,0
1,2040,68804250000000,68804250062625,68804250090750,28125,90750,62625,68804260000000,0,0,0
1,2041,68804260000000,68804260067000,68804260094500,27500,94500,67000,68804270000000,0,0,0
1,2042,68804270000000,68804270062750,68804270090625,27875,90625,62750,68804280000000,0,0,0
1,2043,68804280000000,68804280067000,68804280094375,27375,94375,67000,68804290000000,0,0,0
1,2044,68804290000000,68804290062625,68804290090375,27750,90375,62625,68804300000000,0,0,0
1,2045,68804300000000,68804300062625,68804300090000,27375,90000,62625,68804310000000,0,0,0
1,2046,68804310000000,68804310066875,68804310094500,27625,94500,66875,68804320000000,0,0,0
1,2047,68804320000000,68804320062875,68804320089625,26750,89625,62875,68804330000000,0,0,0
1,2048,68804330000000,68804330067000,68804330094750,27750,94750,67000,68804340000000,0,0,0
1,2049,68804340000000,68804340062875,68804340090250,27375,90250,62875,68804350000000,0,0,0
1,2050,68804350000000,68804350061250,68804350088875,27625,88875,61250,68804360000000,0,0,0
1,2051,68804360000000,68804360045875,68804360073625,27750,73625,45875,68804370000000,0,0,0
1,2052,68804370000000,68804370064000,68804370093000,29000,93000,64000,68804380000000,0,0,0
1,2053,68804380000000,68804380067250,68804380095750,28500,95750,67250,68804390000000,0,0,0
1,2054,68804390000000,68804390062750,68804390090500,27750,90500,62750,68804400000000,0,0,0
1,2055,68804400000000,68804400062625,68804400089875,27250,89875,62625,68804410000000,0,0,0
1,2056,68804410000000,68804410062875,68804410090625,27750,90625,62875,68804420000000,0,0,0
1,2057,68804420000000,68804420062875,68804420090125,27250,90125,62875,68804430000000,0,0,0
1,2058,68804430000000,68804430066875,68804430094750,27875,94750,66875,68804440000000,0,0,0
1,2059,68804440000000,68804440062625,68804440090000,27375,90000,62625,68804450000000,0,0,0
1,2060,68804450000000,68804450066875,68804450094750,27875,94750,66875,68804460000000,0,0,0
1,2061,68804460000000,68804460062875,68804460090375,27500,90375,62875,68804470000000,0,0,0
1,2062,68804470000000,68804470066750,68804470094500,27750,94500,66750,68804480000000,0,0,0
1,2063,68804480000000,68804480062625,68804480089625,27000,89625,62625,68804490000000,0,0,0
1,2064,68804490000000,68804490062750,68804490090375,27625,90375,62750,68804500000000,0,0,0
1,2065,68804500000000,68804500067000,68804500094375,27375,94375,67000,68804510000000,0,0,0
1,2066,68804510000000,68804510062625,68804510091125,28500,91125,62625,68804520000000,0,0,0
1,2067,68804520000000,68804520066750,68804520094250,27500,94250,66750,68804530000000,0,0,0
1,2068,68804530000000,68804530062750,68804530089750,27000,89750,62750,68804540000000,0,0,0
1,2069,68804540000000,68804540067000,68804540094250,27250,94250,67000,68804550000000,0,0,0
1,2070,68804550000000,68804550062875,68804550090125,27250,90125,62875,68804560000000,0,0,0
1,2071,68804560000000,68804560061750,68804560088875,27125,88875,61750,68804570000000,0,0,0
1,2072,68804570000000,68804570067000,68804570094750,27750,94750,67000,68804580000000,0,0,0
1,2073,68804580000000,68804580066625,68804580114750,48125,114750,66625,68804590000000,0,0,0
1,2074,68804590000000,68804590070250,68804590102250,32000,102250,70250,68804600000000,0,0,0
1,2075,68804600000000,68804600063000,68804600090875,27875,90875,63000,68804610000000,0,0,0
1,2076,68804610000000,68804610063000,68804610091000,28000,91000,63000,68804620000000,0,0,0
1,2077,68804620000000,68804620067875,68804620095375,27500,95375,67875,68804630000000,0,0,0
1,2078,68804630000000,68804630062875,68804630090875,28000,90875,62875,68804640000000,0,0,0
1,2079,68804640000000,68804640067250,68804640094625,27375,94625,67250,68804650000000,0,0,0
1,2080,68804650000000,68804650062875,68804650090625,27750,90625,62875,68804660000000,0,0,0
1,2081,68804660000000,68804660070250,68804660098500,28250,98500,70250,68804670000000,0,0,0
1,2082,68804670000000,68804670063000,68804670091000,28000,91000,63000,68804680000000,0,0,0
1,2083,68804680000000,68804680062750,68804680090250,27500,90250,62750,68804690000000,0,0,0
1,2084,68804690000000,68804690067000,68804690094875,27875,94875,67000,68804700000000,0,0,0
1,2085,68804700000000,68804700062000,68804700089375,27375,89375,62000,68804710000000,0,0,0
1,2086,68804710000000,68804710066875,68804710094875,28000,94875,66875,68804720000000,0,0,0
1,2087,68804720000000,68804720062625,68804720090125,27500,90125,62625,68804730000000,0,0,0
1,2088,68804730000000,68804730062500,68804730091125,28625,91125,62500,68804740000000,0,0,0
1,2089,68804740000000,68804740066750,68804740094250,27500,94250,66750,68804750000000,0,0,0
1,2090,68804750000000,68804750063000,68804750090625,27625,90625,63000,68804760000000,0,0,0
1,2091,68804760000000,68804760066875,68804760094125,27250,94125,66875,68804770000000,0,0,0
1,2092,68804770000000,68804770062875,68804770090625,27750,90625,62875,68804780000000,0,0,0
1,2093,68804780000000,68804780066875,68804780094375,27500,94375,66875,68804790000000,0,0,0
1,2094,68804790000000,68804790062875,68804790090875,28000,90875,62875,68804800000000,0,0,0
1,2095,68804800000000,68804800067125,68804800094375,27250,94375,67125,68804810000000,0,0,0
1,2096,68804810000000,68804810062875,68804810090000,27125,90000,62875,68804820000000,0,0,0
1,2097,68804820000000,68804820062500,68804820091000,28500,91000,62500,68804830000000,0,0,0
1,2098,68804830000000,68804830061000,68804830088375,27375,88375,61000,68804840000000,0,0,0
1,2099,68804840000000,68804840063250,68804840091125,27875,91125,63250,68804850000000,0,0,0
1,2100,68804850000000,68804850067125,68804850094625,27500,94625,67125,68804860000000,0,0,0
1,2101,68804860000000,68804860062875,68804860091375,28500,91375,62875,68804870000000,0,0,0
1,2102,68804870000000,68804870062500,68804870089750,27250,89750,62500,68804880000000,0,0,0
1,2103,68804880000000,68804880068250,68804880095875,27625,95875,68250,68804890000000,0,0,0
1,2104,68804890000000,68804890062750,68804890090250,27500,90250,62750,68804900000000,0,0,0
1,2105,68804900000000,68804900062875,68804900090625,27750,90625,62875,68804910000000,0,0,0
1,2106,68804910000000,68804910066875,68804910094125,27250,94125,66875,68804920000000,0,0,0
1,2107,68804920000000,68804920062875,68804920091000,28125,91000,62875,68804930000000,0,0,0
1,2108,68804930000000,68804930067000,68804930094250,27250,94250,67000,68804940000000,0,0,0
1,2109,68804940000000,68804940062750,68804940090375,27625,90375,62750,68804950000000,0,0,0
1,2110,68804950000000,68804950062375,68804950089500,27125,89500,62375,68804960000000,0,0,0
1,2111,68804960000000,68804960066875,68804960094625,27750,94625,66875,68804970000000,0,0,0
1,2112,68804970000000,68804970062000,68804970089250,27250,89250,62000,68804980000000,0,0,0
1,2113,68804980000000,68804980067125,68804980095000,27875,95000,67125,68804990000000,0,0,0
1,2114,68804990000000,68804990062750,68804990089875,27125,89875,62750,68805000000000,0,0,0
1,2115,68805000000000,68805000062625,68805000090250,27625,90250,62625,68805010000000,0,0,0
1,2116,68805010000000,68805010066875,68805010094250,27375,94250,66875,68805020000000,0,0,0
1,2117,68805020000000,68805020062750,68805020090375,27625,90375,62750,68805030000000,0,0,0
1,2118,68805030000000,68805030067000,68805030094250,27250,94250,67000,68805040000000,0,0,0
1,2119,68805040000000,68805040063500,68805040090625,27125,90625,63500,68805050000000,0,0,0
1,2120,68805050000000,68805050062625,68805050090000,27375,90000,62625,68805060000000,0,0,0
1,2121,68805060000000,68805060067000,68805060094500,27500,94500,67000,68805070000000,0,0,0
1,2122,68805070000000,68805070062750,68805070089625,26875,89625,62750,68805080000000,0,0,0
1,2123,68805080000000,68805080066750,68805080094250,27500,94250,66750,68805090000000,0,0,0
1,2124,68805090000000,68805090062750,68805090091875,29125,91875,62750,68805100000000,0,0,0
1,2125,68805100000000,68805100066750,68805100093375,26625,93375,66750,68805110000000,0,0,0
1,2126,68805110000000,68805110064000,68805110093000,29000,93000,64000,68805120000000,0,0,0
1,2127,68805120000000,68805120067125,68805120096000,28875,96000,67125,68805130000000,0,0,0
1,2128,68805130000000,68805130062875,68805130089625,26750,89625,62875,68805140000000,0,0,0
1,2129,68805140000000,68805140066875,68805140094375,27500,94375,66875,68805150000000,0,0,0
1,2130,68805150000000,68805150062500,68805150090875,28375,90875,62500,68805160000000,0,0,0
1,2131,68805160000000,68805160062625,68805160090750,28125,90750,62625,68805170000000,0,0,0
1,2132,68805170000000,68805170066875,68805170093875,27000,93875,66875,68805180000000,0,0,0
1,2133,68805180000000,68805180062750,68805180090500,27750,90500,62750,68805190000000,0,0,0
1,2134,68805190000000,68805190066875,68805190094500,27625,94500,66875,68805200000000,0,0,0
1,2135,68805200000000,68805200062750,68805200090500,27750,90500,62750,68805210000000,0,0,0
1,2136,68805210000000,68805210062250,68805210089625,27375,89625,62250,68805220000000,0,0,0
1,2137,68805220000000,68805220062750,68805220090625,27875,90625,62750,68805230000000,0,0,0
1,2138,68805230000000,68805230062500,68805230089750,27250,89750,62500,68805240000000,0,0,0
1,2139,68805240000000,68805240066875,68805240094750,27875,94750,66875,68805250000000,0,0,0
1,2140,68805250000000,68805250063000,68805250090375,27375,90375,63000,68805260000000,0,0,0
1,2141,68805260000000,68805260066750,68805260095375,28625,95375,66750,68805270000000,0,0,0
1,2142,68805270000000,68805270062625,68805270090000,27375,90000,62625,68805280000000,0,0,0
1,2143,68805280000000,68805280062500,68805280089375,26875,89375,62500,68805290000000,0,0,0
1,2144,68805290000000,68805290066750,68805290094250,27500,94250,66750,68805300000000,0,0,0
1,2145,68805300000000,68805300062625,68805300090000,27375,90000,62625,68805310000000,0,0,0
1,2146,68805310000000,68805310066875,68805310094000,27125,94000,66875,68805320000000,0,0,0
1,2147,68805320000000,68805320062750,68805320090000,27250,90000,62750,68805330000000,0,0,0
1,2148,68805330000000,68805330066750,68805330094000,27250,94000,66750,68805340000000,0,0,0
1,2149,68805340000000,68805340062750,68805340091500,28750,91500,62750,68805350000000,0,0,0
1,2150,68805350000000,68805350062625,68805350090125,27500,90125,62625,68805360000000,0,0,0
1,2151,68805360000000,68805360067000,68805360094250,27250,94250,67000,68805370000000,0,0,0
1,2152,68805370000000,68805370063000,68805370089625,26625,89625,63000,68805380000000,0,0,0
1,2153,68805380000000,68805380067125,68805380095625,28500,95625,67125,68805390000000,0,0,0
1,2154,68805390000000,68805390062750,68805390089375,26625,89375,62750,68805400000000,0,0,0
1,2155,68805400000000,68805400062250,68805400090125,27875,90125,62250,68805410000000,0,0,0
1,2156,68805410000000,68805410066750,68805410094625,27875,94625,66750,68805420000000,0,0,0
1,2157,68805420000000,68805420062875,68805420090750,27875,90750,62875,68805430000000,0,0,0
1,2158,68805430000000,68805430067000,68805430094375,27375,94375,67000,68805440000000,0,0,0
1,2159,68805440000000,68805440062875,68805440090750,27875,90750,62875,68805450000000,0,0,0
1,2160,68805450000000,68805450062625,68805450089875,27250,89875,62625,68805460000000,0,0,0
1,2161,68805460000000,68805460066875,68805460094625,27750,94625,66875,68805470000000,0,0,0
1,2162,68805470000000,68805470062625,68805470090000,27375,90000,62625,68805480000000,0,0,0
1,2163,68805480000000,68805480062500,68805480089750,27250,89750,62500,68805490000000,0,0,0
1,2164,68805490000000,68805490066750,68805490094375,27625,94375,66750,68805500000000,0,0,0
1,2165,68805500000000,68805500062625,68805500089750,27125,89750,62625,68805510000000,0,0,0
1,2166,68805510000000,68805510066750,68805510094125,27375,94125,66750,68805520000000,0,0,0
1,2167,68805520000000,68805520062875,68805520089625,26750,89625,62875,68805530000000,0,0,0
1,2168,68805530000000,68805530066750,68805530094000,27250,94000,66750,68805540000000,0,0,0
1,2169,68805540000000,68805540063000,68805540090375,27375,90375,63000,68805550000000,0,0,0
1,2170,68805550000000,68805550062375,68805550089375,27000,89375,62375,68805560000000,0,0,0
1,2171,68805560000000,68805560068750,68805560096625,27875,96625,68750,68805570000000,0,0,0
1,2172,68805570000000,68805570063250,68805570090500,27250,90500,63250,68805580000000,0,0,0
1,2173,68805580000000,68805580061625,68805580089750,28125,89750,61625,68805590000000,0,0,0
1,2174,68805590000000,68805590066875,68805590094250,27375,94250,66875,68805600000000,0,0,0
1,2175,68805600000000,68805600062625,68805600091750,29125,91750,62625,68805610000000,0,0,0
1,2176,68805610000000,68805610066750,68805610093875,27125,93875,66750,68805620000000,0,0,0
1,2177,68805620000000,68805620062500,68805620090250,27750,90250,62500,68805630000000,0,0,0
1,2178,68805630000000,68805630066625,68805630094125,27500,94125,66625,68805640000000,0,0,0
1,2179,68805640000000,68805640062750,68805640090375,27625,90375,62750,68805650000000,0,0,0
1,2180,68805650000000,68805650066625,68805650093125,26500,93125,66625,68805660000000,0,0,0
1,2181,68805660000000,68805660074250,68805660102500,28250,102500,74250,68805670000000,0,0,0
1,2182,68805670000000,68805670069250,68805670097125,27875,97125,69250,68805680000000,0,0,0
1,2183,68805680000000,68805680063500,68805680091250,27750,91250,63500,68805690000000,0,0,0
1,2184,68805690000000,68805690062500,68805690090500,28000,90500,62500,68805700000000,0,0,0
1,2185,68805700000000,68805700067125,68805700094375,27250,94375,67125,68805710000000,0,0,0
1,2186,68805710000000,68805710062875,68805710090750,27875,90750,62875,68805720000000,0,0,0
1,2187,68805720000000,68805720067000,68805720094375,27375,94375,67000,68805730000000,0,0,0
1,2188,68805730000000,68805730062875,68805730090750,27875,90750,62875,68805740000000,0,0,0
1,2189,68805740000000,68805740067000,68805740094500,27500,94500,67000,68805750000000,0,0,0
1,2190,68805750000000,68805750062750,68805750090625,27875,90625,62750,68805760000000,0,0,0
1,2191,68805760000000,68805760067000,68805760094625,27625,94625,67000,68805770000000,0,0,0
1,2192,68805770000000,68805770063000,68805770090750,27750,90750,63000,68805780000000,0,0,0
1,2193,68805780000000,68805780062750,68805780090125,27375,90125,62750,68805790000000,0,0,0
1,2194,68805790000000,68805790066875,68805790095000,28125,95000,66875,68805800000000,0,0,0
1,2195,68805800000000,68805800062500,68805800089750,27250,89750,62500,68805810000000,0,0,0
1,2196,68805810000000,68805810062750,68805810090625,27875,90625,62750,68805820000000,0,0,0
1,2197,68805820000000,68805820034250,68805820062000,27750,62000,34250,68805830000000,0,0,0
1,2198,68805830000000,68805830063750,68805830091125,27375,91125,63750,68805840000000,0,0,0
1,2199,68805840000000,68805840067000,68805840094000,27000,94000,67000,68805850000000,0,0,0
1,2200,68805850000000,68805850062625,68805850090125,27500,90125,62625,68805860000000,0,0,0
1,2201,68805860000000,68805860066875,68805860094250,27375,94250,66875,68805870000000,0,0,0
1,2202,68805870000000,68805870062750,68805870090375,27625,90375,62750,68805880000000,0,0,0
1,2203,68805880000000,68805880068500,68805880095750,27250,95750,68500,68805890000000,0,0,0
1,2204,68805890000000,68805890063000,68805890090375,27375,90375,63000,68805900000000,0,0,0
1,2205,68805900000000,68805900062875,68805900090500,27625,90500,62875,68805910000000,0,0,0
1,2206,68805910000000,68805910066875,68805910094125,27250,94125,66875,68805920000000,0,0,0
1,2207,68805920000000,68805920063000,68805920091000,28000,91000,63000,68805930000000,0,0,0
1,2208,68805930000000,68805930066750,68805930094625,27875,94625,66750,68805940000000,0,0,0
1,2209,68805940000000,68805940062750,68805940090625,27875,90625,62750,68805950000000,0,0,0
1,2210,68805950000000,68805950062375,68805950089875,27500,89875,62375,68805960000000,0,0,0
1,2211,68805960000000,68805960066875,68805960095000,28125,95000,66875,68805970000000,0,0,0
1,2212,68805970000000,68805970062750,68805970090000,27250,90000,62750,68805980000000,0,0,0
1,2213,68805980000000,68805980066875,68805980094750,27875,94750,66875,68805990000000,0,0,0
1,2214,68805990000000,68805990061625,68805990088875,27250,88875,61625,68806000000000,0,0,0
1,2215,68806000000000,68806000067125,68806000095125,28000,95125,67125,68806010000000,0,0,0
1,2216,68806010000000,68806010064125,68806010092125,28000,92125,64125,68806020000000,0,0,0
1,2217,68806020000000,68806020067500,68806020095500,28000,95500,67500,68806030000000,0,0,0
1,2218,68806030000000,68806030062875,68806030090250,27375,90250,62875,68806040000000,0,0,0
1,2219,68806040000000,68806040062750,68806040090250,27500,90250,62750,68806050000000,0,0,0
1,2220,68806050000000,68806050067000,68806050094250,27250,94250,67000,68806060000000,0,0,0
1,2221,68806060000000,68806060063000,68806060090375,27375,90375,63000,68806070000000,0,0,0
1,2222,68806070000000,68806070066875,68806070094250,27375,94250,66875,68806080000000,0,0,0
1,2223,68806080000000,68806080062875,68806080090375,27500,90375,62875,68806090000000,0,0,0
1,2224,68806090000000,68806090066750,68806090094875,28125,94875,66750,68806100000000,0,0,0
1,2225,68806100000000,68806100063000,68806100090625,27625,90625,63000,68806110000000,0,0,0
1,2226,68806110000000,68806110067125,68806110094625,27500,94625,67125,68806120000000,0,0,0
1,2227,68806120000000,68806120062750,68806120090250,27500,90250,62750,68806130000000,0,0,0
1,2228,68806130000000,68806130062625,68806130089750,27125,89750,62625,68806140000000,0,0,0
1,2229,68806140000000,68806140067000,68806140094625,27625,94625,67000,68806150000000,0,0,0
1,2230,68806150000000,68806150062625,68806150089375,26750,89375,62625,68806160000000,0,0,0
1,2231,68806160000000,68806160067000,68806160094375,27375,94375,67000,68806170000000,0,0,0
1,2232,68806170000000,68806170062875,68806170090250,27375,90250,62875,68806180000000,0,0,0
1,2233,68806180000000,68806180067000,68806180094500,27500,94500,67000,68806190000000,0,0,0
1,2234,68806190000000,68806190062750,68806190089875,27125,89875,62750,68806200000000,0,0,0
1,2235,68806200000000,68806200067125,68806200094750,27625,94750,67125,68806210000000,0,0,0
1,2236,68806210000000,68806210062875,68806210090250,27375,90250,62875,68806220000000,0,0,0
1,2237,68806220000000,68806220066750,68806220094125,27375,94125,66750,68806230000000,0,0,0
1,2238,68806230000000,68806230062750,68806230090000,27250,90000,62750,68806240000000,0,0,0
1,2239,68806240000000,68806240062625,68806240090375,27750,90375,62625,68806250000000,0,0,0
1,2240,68806250000000,68806250066875,68806250094250,27375,94250,66875,68806260000000,0,0,0
1,2241,68806260000000,68806260063000,68806260091000,28000,91000,63000,68806270000000,0,0,0
1,2242,68806270000000,68806270066875,68806270094375,27500,94375,66875,68806280000000,0,0,0
1,2243,68806280000000,68806280062750,68806280090625,27875,90625,62750,68806290000000,0,0,0
1,2244,68806290000000,68806290067000,68806290094375,27375,94375,67000,68806300000000,0,0,0
1,2245,68806300000000,68806300061750,68806300090500,28750,90500,61750,68806310000000,0,0,0
1,2246,68806310000000,68806310062625,68806310089875,27250,89875,62625,68806320000000,0,0,0
1,2247,68806320000000,68806320066875,68806320094625,27750,94625,66875,68806330000000,0,0,0
1,2248,68806330000000,68806330062750,68806330091125,28375,91125,62750,68806340000000,0,0,0
1,2249,68806340000000,68806340066750,68806340094500,27750,94500,66750,68806350000000,0,0,0
1,2250,68806350000000,68806350063000,68806350090375,27375,90375,63000,68806360000000,0,0,0
1,2251,68806360000000,68806360062500,68806360090125,27625,90125,62500,68806370000000,0,0,0
1,2252,68806370000000,68806370063125,68806370090625,27500,90625,63125,68806380000000,0,0,0
1,2253,68806380000000,68806380063500,68806380091125,27625,91125,63500,68806390000000,0,0,0
1,2254,68806390000000,68806390067750,68806390095375,27625,95375,67750,68806400000000,0,0,0
1,2255,68806400000000,68806400063000,68806400091500,28500,91500,63000,68806410000000,0,0,0
1,2256,68806410000000,68806410062375,68806410090125,27750,90125,62375,68806420000000,0,0,0
1,2257,68806420000000,68806420067000,68806420094250,27250,94250,67000,68806430000000,0,0,0
1,2258,68806430000000,68806430062750,68806430090500,27750,90500,62750,68806440000000,0,0,0
1,2259,68806440000000,68806440062500,68806440089875,27375,89875,62500,68806450000000,0,0,0
1,2260,68806450000000,68806450067000,68806450094750,27750,94750,67000,68806460000000,0,0,0
1,2261,68806460000000,68806460064250,68806460091875,27625,91875,64250,68806470000000,0,0,0
1,2262,68806470000000,68806470068000,68806470096000,28000,96000,68000,68806480000000,0,0,0
1,2263,68806480000000,68806480062750,68806480090250,27500,90250,62750,68806490000000,0,0,0
1,2264,68806490000000,68806490062500,68806490090500,28000,90500,62500,68806500000000,0,0,0
1,2265,68806500000000,68806500067125,68806500096000,28875,96000,67125,68806510000000,0,0,0
1,2266,68806510000000,68806510062750,68806510090000,27250,90000,62750,68806520000000,0,0,0
1,2267,68806520000000,68806520062500,68806520090000,27500,90000,62500,68806530000000,0,0,0
1,2268,68806530000000,68806530067125,68806530094375,27250,94375,67125,68806540000000,0,0,0
1,2269,68806540000000,68806540062750,68806540090250,27500,90250,62750,68806550000000,0,0,0
1,2270,68806550000000,68806550062250,68806550090125,27875,90125,62250,68806560000000,0,0,0
1,2271,68806560000000,68806560067000,68806560094125,27125,94125,67000,68806570000000,0,0,0
1,2272,68806570000000,68806570062625,68806570090750,28125,90750,62625,68806580000000,0,0,0
1,2273,68806580000000,68806580066875,68806580094375,27500,94375,66875,68806590000000,0,0,0
1,2274,68806590000000,68806590062625,68806590090375,27750,90375,62625,68806600000000,0,0,0
1,2275,68806600000000,68806600061625,68806600089000,27375,89000,61625,68806610000000,0,0,0
1,2276,68806610000000,68806610067000,68806610094875,27875,94875,67000,68806620000000,0,0,0
1,2277,68806620000000,68806620062750,68806620091875,29125,91875,62750,68806630000000,0,0,0
1,2278,68806630000000,68806630062500,68806630089500,27000,89500,62500,68806640000000,0,0,0
1,2279,68806640000000,68806640067000,68806640094250,27250,94250,67000,68806650000000,0,0,0
1,2280,68806650000000,68806650062625,68806650090000,27375,90000,62625,68806660000000,0,0,0
1,2281,68806660000000,68806660062500,68806660089750,27250,89750,62500,68806670000000,0,0,0
1,2282,68806670000000,68806670062875,68806670090625,27750,90625,62875,68806680000000,0,0,0
1,2283,68806680000000,68806680062625,68806680090250,27625,90250,62625,68806690000000,0,0,0
1,2284,68806690000000,68806690066875,68806690094375,27500,94375,66875,68806700000000,0,0,0
1,2285,68806700000000,68806700062625,68806700090125,27500,90125,62625,68806710000000,0,0,0
1,2286,68806710000000,68806710066875,68806710094250,27375,94250,66875,68806720000000,0,0,0
1,2287,68806720000000,68806720062750,68806720091625,28875,91625,62750,68806730000000,0,0,0
1,2288,68806730000000,68806730062500,68806730090375,27875,90375,62500,68806740000000,0,0,0
1,2289,68806740000000,68806740067000,68806740094500,27500,94500,67000,68806750000000,0,0,0
1,2290,68806750000000,68806750061750,68806750090125,28375,90125,61750,68806760000000,0,0,0
1,2291,68806760000000,68806760067000,68806760094625,27625,94625,67000,68806770000000,0,0,0
1,2292,68806770000000,68806770062750,68806770091250,28500,91250,62750,68806780000000,0,0,0
1,2293,68806780000000,68806780062500,68806780089750,27250,89750,62500,68806790000000,0,0,0
1,2294,68806790000000,68806790066750,68806790094625,27875,94625,66750,68806800000000,0,0,0
1,2295,68806800000000,68806800062625,68806800091000,28375,91000,62625,68806810000000,0,0,0
1,2296,68806810000000,68806810067125,68806810095125,28000,95125,67125,68806820000000,0,0,0
1,2297,68806820000000,68806820063375,68806820090750,27375,90750,63375,68806830000000,0,0,0
1,2298,68806830000000,68806830062750,68806830090375,27625,90375,62750,68806840000000,0,0,0
1,2299,68806840000000,68806840063000,68806840090000,27000,90000,63000,68806850000000,0,0,0
1,2300,68806850000000,68806850062750,68806850090500,27750,90500,62750,68806860000000,0,0,0
1,2301,68806860000000,68806860066875,68806860093875,27000,93875,66875,68806870000000,0,0,0
1,2302,68806870000000,68806870062625,68806870090250,27625,90250,62625,68806880000000,0,0,0
1,2303,68806880000000,68806880068125,68806880096750,28625,96750,68125,68806890000000,0,0,0
1,2304,68806890000000,68806890062750,68806890091250,28500,91250,62750,68806900000000,0,0,0
1,2305,68806900000000,68806900062500,68806900089875,27375,89875,62500,68806910000000,0,0,0
1,2306,68806910000000,68806910068625,68806910096875,28250,96875,68625,68806920000000,0,0,0
1,2307,68806920000000,68806920063000,68806920090500,27500,90500,63000,68806930000000,0,0,0
1,2308,68806930000000,68806930062500,68806930090125,27625,90125,62500,68806940000000,0,0,0
1,2309,68806940000000,68806940067250,68806940095000,27750,95000,67250,68806950000000,0,0,0
1,2310,68806950000000,68806950062875,68806950090750,27875,90750,62875,68806960000000,0,0,0
1,2311,68806960000000,68806960062500,68806960089875,27375,89875,62500,68806970000000,0,0,0
1,2312,68806970000000,68806970067000,68806970095875,28875,95875,67000,68806980000000,0,0,0
1,2313,68806980000000,68806980062625,68806980090125,27500,90125,62625,68806990000000,0,0,0
1,2314,68806990000000,68806990066875,68806990094375,27500,94375,66875,68807000000000,0,0,0
1,2315,68807000000000,68807000062875,68807000090250,27375,90250,62875,68807010000000,0,0,0
1,2316,68807010000000,68807010061500,68807010089125,27625,89125,61500,68807020000000,0,0,0
1,2317,68807020000000,68807020067000,68807020094250,27250,94250,67000,68807030000000,0,0,0
1,2318,68807030000000,68807030062750,68807030090500,27750,90500,62750,68807040000000,0,0,0
1,2319,68807040000000,68807040062625,68807040090000,27375,90000,62625,68807050000000,0,0,0
1,2320,68807050000000,68807050066625,68807050094375,27750,94375,66625,68807060000000,0,0,0
1,2321,68807060000000,68807060062875,68807060090000,27125,90000,62875,68807070000000,0,0,0
1,2322,68807070000000,68807070067000,68807070094875,27875,94875,67000,68807080000000,0,0,0
1,2323,68807080000000,68807080062625,68807080089875,27250,89875,62625,68807090000000,0,0,0
1,2324,68807090000000,68807090066750,68807090094375,27625,94375,66750,68807100000000,0,0,0
1,2325,68807100000000,68807100062750,68807100090000,27250,90000,62750,68807110000000,0,0,0
1,2326,68807110000000,68807110067000,68807110094750,27750,94750,67000,68807120000000,0,0,0
1,2327,68807120000000,68807120062625,68807120090000,27375,90000,62625,68807130000000,0,0,0
1,2328,68807130000000,68807130062750,68807130089625,26875,89625,62750,68807140000000,0,0,0
1,2329,68807140000000,68807140067000,68807140094375,27375,94375,67000,68807150000000,0,0,0
1,2330,68807150000000,68807150062625,68807150089500,26875,89500,62625,68807160000000,0,0,0
1,2331,68807160000000,68807160062625,68807160090000,27375,90000,62625,68807170000000,0,0,0
1,2332,68807170000000,68807170066750,68807170094375,27625,94375,66750,68807180000000,0,0,0
1,2333,68807180000000,68807180062625,68807180090250,27625,90250,62625,68807190000000,0,0,0
1,2334,68807190000000,68807190067125,68807190094750,27625,94750,67125,68807200000000,0,0,0
1,2335,68807200000000,68807200062750,68807200090250,27500,90250,62750,68807210000000,0,0,0
1,2336,68807210000000,68807210062500,68807210090125,27625,90125,62500,68807220000000,0,0,0
1,2337,68807220000000,68807220067000,68807220094500,27500,94500,67000,68807230000000,0,0,0
1,2338,68807230000000,68807230062625,68807230090500,27875,90500,62625,68807240000000,0,0,0
1,2339,68807240000000,68807240062250,68807240089625,27375,89625,62250,68807250000000,0,0,0
1,2340,68807250000000,68807250066750,68807250094625,27875,94625,66750,68807260000000,0,0,0
1,2341,68807260000000,68807260062625,68807260091000,28375,91000,62625,68807270000000,0,0,0
1,2342,68807270000000,68807270066875,68807270094625,27750,94625,66875,68807280000000,0,0,0
1,2343,68807280000000,68807280062625,68807280091000,28375,91000,62625,68807290000000,0,0,0
1,2344,68807290000000,68807290066750,68807290094625,27875,94625,66750,68807300000000,0,0,0
1,2345,68807300000000,68807300062875,68807300090250,27375,90250,62875,68807310000000,0,0,0
1,2346,68807310000000,68807310062500,68807310089625,27125,89625,62500,68807320000000,0,0,0
1,2347,68807320000000,68807320066750,68807320094000,27250,94000,66750,68807330000000,0,0,0
1,2348,68807330000000,68807330062375,68807330089375,27000,89375,62375,68807340000000,0,0,0
1,2349,68807340000000,68807340066875,68807340095000,28125,95000,66875,68807350000000,0,0,0
1,2350,68807350000000,68807350062375,68807350089500,27125,89500,62375,68807360000000,0,0,0
1,2351,68807360000000,68807360068500,68807360096375,27875,96375,68500,68807370000000,0,0,0
1,2352,68807370000000,68807370062750,68807370090250,27500,90250,62750,68807380000000,0,0,0
1,2353,68807380000000,68807380062375,68807380090375,28000,90375,62375,68807390000000,0,0,0
1,2354,68807390000000,68807390067000,68807390094625,27625,94625,67000,68807400000000,0,0,0
1,2355,68807400000000,68807400062875,68807400089875,27000,89875,62875,68807410000000,0,0,0
1,2356,68807410000000,68807410066750,68807410094250,27500,94250,66750,68807420000000,0,0,0
1,2357,68807420000000,68807420062750,68807420090125,27375,90125,62750,68807430000000,0,0,0
1,2358,68807430000000,68807430062625,68807430090250,27625,90250,62625,68807440000000,0,0,0
1,2359,68807440000000,68807440066625,68807440094125,27500,94125,66625,68807450000000,0,0,0
1,2360,68807450000000,68807450062625,68807450090500,27875,90500,62625,68807460000000,0,0,0
1,2361,68807460000000,68807460066750,68807460094250,27500,94250,66750,68807470000000,0,0,0
1,2362,68807470000000,68807470062875,68807470090750,27875,90750,62875,68807480000000,0,0,0
1,2363,68807480000000,68807480066750,68807480094250,27500,94250,66750,68807490000000,0,0,0
1,2364,68807490000000,68807490062625,68807490090500,27875,90500,62625,68807500000000,0,0,0
1,2365,68807500000000,68807500066750,68807500094125,27375,94125,66750,68807510000000,0,0,0
1,2366,68807510000000,68807510062750,68807510090625,27875,90625,62750,68807520000000,0,0,0
1,2367,68807520000000,68807520066875,68807520095500,28625,95500,66875,68807530000000,0,0,0
1,2368,68807530000000,68807530062625,68807530090500,27875,90500,62625,68807540000000,0,0,0
1,2369,68807540000000,68807540066625,68807540094000,27375,94000,66625,68807550000000,0,0,0
1,2370,68807550000000,68807550062500,68807550090500,28000,90500,62500,68807560000000,0,0,0
1,2371,68807560000000,68807560062625,68807560089875,27250,89875,62625,68807570000000,0,0,0
1,2372,68807570000000,68807570066625,68807570094500,27875,94500,66625,68807580000000,0,0,0
1,2373,68807580000000,68807580062625,68807580089875,27250,89875,62625,68807590000000,0,0,0
1,2374,68807590000000,68807590066750,68807590094625,27875,94625,66750,68807600000000,0,0,0
1,2375,68807600000000,68807600062625,68807600089750,27125,89750,62625,68807610000000,0,0,0
1,2376,68807610000000,68807610066750,68807610094750,28000,94750,66750,68807620000000,0,0,0
1,2377,68807620000000,68807620061500,68807620089000,27500,89000,61500,68807630000000,0,0,0
1,2378,68807630000000,68807630066750,68807630094250,27500,94250,66750,68807640000000,0,0,0
1,2379,68807640000000,68807640062750,68807640090750,28000,90750,62750,68807650000000,0,0,0
1,2380,68807650000000,68807650067000,68807650095000,28000,95000,67000,68807660000000,0,0,0
1,2381,68807660000000,68807660062625,68807660089875,27250,89875,62625,68807670000000,0,0,0
1,2382,68807670000000,68807670067125,68807670095000,27875,95000,67125,68807680000000,0,0,0
1,2383,68807680000000,68807680062500,68807680089875,27375,89875,62500,68807690000000,0,0,0
1,2384,68807690000000,68807690062625,68807690091125,28500,91125,62625,68807700000000,0,0,0
1,2385,68807700000000,68807700066875,68807700094000,27125,94000,66875,68807710000000,0,0,0
1,2386,68807710000000,68807710060875,68807710088500,27625,88500,60875,68807720000000,0,0,0
1,2387,68807720000000,68807720067500,68807720095375,27875,95375,67500,68807730000000,0,0,0
1,2388,68807730000000,68807730062875,68807730091625,28750,91625,62875,68807740000000,0,0,0
1,2389,68807740000000,68807740062375,68807740090250,27875,90250,62375,68807750000000,0,0,0
1,2390,68807750000000,68807750066875,68807750094000,27125,94000,66875,68807760000000,0,0,0
1,2391,68807760000000,68807760062875,68807760091250,28375,91250,62875,68807770000000,0,0,0
1,2392,68807770000000,68807770062500,68807770089875,27375,89875,62500,68807780000000,0,0,0
1,2393,68807780000000,68807780067000,68807780094875,27875,94875,67000,68807790000000,0,0,0
1,2394,68807790000000,68807790063000,68807790090375,27375,90375,63000,68807800000000,0,0,0
1,2395,68807800000000,68807800063000,68807800091875,28875,91875,63000,68807810000000,0,0,0
1,2396,68807810000000,68807810064000,68807810092875,28875,92875,64000,68807820000000,0,0,0
1,2397,68807820000000,68807820063625,68807820091875,28250,91875,63625,68807830000000,0,0,0
1,2398,68807830000000,68807830067500,68807830095000,27500,95000,67500,68807840000000,0,0,0
1,2399,68807840000000,68807840062875,68807840090750,27875,90750,62875,68807850000000,0,0,0
1,2400,68807850000000,68807850062625,68807850090250,27625,90250,62625,68807860000000,0,0,0
1,2401,68807860000000,68807860067125,68807860095625,28500,95625,67125,68807870000000,0,0,0
1,2402,68807870000000,68807870062625,68807870089375,26750,89375,62625,68807880000000,0,0,0
1,2403,68807880000000,68807880069000,68807880096500,27500,96500,69000,68807890000000,0,0,0
1,2404,68807890000000,68807890062625,68807890090000,27375,90000,62625,68807900000000,0,0,0
1,2405,68807900000000,68807900061875,68807900090000,28125,90000,61875,68807910000000,0,0,0
1,2406,68807910000000,68807910067250,68807910094500,27250,94500,67250,68807920000000,0,0,0
1,2407,68807920000000,68807920062875,68807920090625,27750,90625,62875,68807930000000,0,0,0
1,2408,68807930000000,68807930066875,68807930094000,27125,94000,66875,68807940000000,0,0,0
1,2409,68807940000000,68807940062750,68807940090750,28000,90750,62750,68807950000000,0,0,0
1,2410,68807950000000,68807950066875,68807950094500,27625,94500,66875,68807960000000,0,0,0
1,2411,68807960000000,68807960062750,68807960090375,27625,90375,62750,68807970000000,0,0,0
1,2412,68807970000000,68807970066750,68807970093875,27125,93875,66750,68807980000000,0,0,0
1,2413,68807980000000,68807980062875,68807980090625,27750,90625,62875,68807990000000,0,0,0
1,2414,68807990000000,68807990063000,68807990090125,27125,90125,63000,68808000000000,0,0,0
1,2415,68808000000000,68808000066750,68808000094625,27875,94625,66750,68808010000000,0,0,0
1,2416,68808010000000,68808010063375,68808010090750,27375,90750,63375,68808020000000,0,0,0
1,2417,68808020000000,68808020067125,68808020095125,28000,95125,67125,68808030000000,0,0,0
1,2418,68808030000000,68808030061750,68808030090125,28375,90125,61750,68808040000000,0,0,0
1,2419,68808040000000,68808040067125,68808040095000,27875,95000,67125,68808050000000,0,0,0
1,2420,68808050000000,68808050062875,68808050090125,27250,90125,62875,68808060000000,0,0,0
1,2421,68808060000000,68808060062750,68808060090375,27625,90375,62750,68808070000000,0,0,0
1,2422,68808070000000,68808070066875,68808070094125,27250,94125,66875,68808080000000,0,0,0
1,2423,68808080000000,68808080062750,68808080090625,27875,90625,62750,68808090000000,0,0,0
1,2424,68808090000000,68808090062500,68808090089625,27125,89625,62500,68808100000000,0,0,0
1,2425,68808100000000,68808100066875,68808100094625,27750,94625,66875,68808110000000,0,0,0
1,2426,68808110000000,68808110062750,68808110091250,28500,91250,62750,68808120000000,0,0,0
1,2427,68808120000000,68808120067000,68808120094625,27625,94625,67000,68808130000000,0,0,0
1,2428,68808130000000,68808130062750,68808130090500,27750,90500,62750,68808140000000,0,0,0
1,2429,68808140000000,68808140066875,68808140095375,28500,95375,66875,68808150000000,0,0,0
1,2430,68808150000000,68808150062750,68808150091000,28250,91000,62750,68808160000000,0,0,0
1,2431,68808160000000,68808160062500,68808160090375,27875,90375,62500,68808170000000,0,0,0
1,2432,68808170000000,68808170066750,68808170094625,27875,94625,66750,68808180000000,0,0,0
1,2433,68808180000000,68808180062750,68808180090500,27750,90500,62750,68808190000000,0,0,0
1,2434,68808190000000,68808190066875,68808190094500,27625,94500,66875,68808200000000,0,0,0
1,2435,68808200000000,68808200062750,68808200090500,27750,90500,62750,68808210000000,0,0,0
1,2436,68808210000000,68808210067125,68808210094750,27625,94750,67125,68808220000000,0,0,0
1,2437,68808220000000,68808220062750,68808220090625,27875,90625,62750,68808230000000,0,0,0
1,2438,68808230000000,68808230067125,68808230094625,27500,94625,67125,68808240000000,0,0,0
1,2439,68808240000000,68808240063000,68808240091875,28875,91875,63000,68808250000000,0,0,0
1,2440,68808250000000,68808250067000,68808250094000,27000,94000,67000,68808260000000,0,0,0
1,2441,68808260000000,68808260064250,68808260092500,28250,92500,64250,68808270000000,0,0,0
1,2442,68808270000000,68808270067500,68808270095125,27625,95125,67500,68808280000000,0,0,0
1,2443,68808280000000,68808280062875,68808280090875,28000,90875,62875,68808290000000,0,0,0
1,2444,68808290000000,68808290062625,68808290089375,26750,89375,62625,68808300000000,0,0,0
1,2445,68808300000000,68808300067000,68808300095000,28000,95000,67000,68808310000000,0,0,0
1,2446,68808310000000,68808310062625,68808310089875,27250,89875,62625,68808320000000,0,0,0
1,2447,68808320000000,68808320062750,68808320090500,27750,90500,62750,68808330000000,0,0,0
1,2448,68808330000000,68808330066625,68808330094000,27375,94000,66625,68808340000000,0,0,0
1,2449,68808340000000,68808340062750,68808340089875,27125,89875,62750,68808350000000,0,0,0
1,2450,68808350000000,68808350066750,68808350094000,27250,94000,66750,68808360000000,0,0,0
1,2451,68808360000000,68808360062750,68808360091125,28375,91125,62750,68808370000000,0,0,0
1,2452,68808370000000,68808370066750,68808370094125,27375,94125,66750,68808380000000,0,0,0
1,2453,68808380000000,68808380041000,68808380068500,27500,68500,41000,68808390000000,0,0,0
1,2454,68808390000000,68808390068125,68808390095625,27500,95625,68125,68808400000000,0,0,0
1,2455,68808400000000,68808400063875,68808400091375,27500,91375,63875,68808410000000,0,0,0
1,2456,68808410000000,68808410063000,68808410091000,28000,91000,63000,68808420000000,0,0,0
1,2457,68808420000000,68808420067250,68808420095625,28375,95625,67250,68808430000000,0,0,0
1,2458,68808430000000,68808430062625,68808430090250,27625,90250,62625,68808440000000,0,0,0
1,2459,68808440000000,68808440067125,68808440095750,28625,95750,67125,68808450000000,0,0,0
1,2460,68808450000000,68808450068375,68808450292750,224375,292750,68375,68808460000000,0,0,0
1,2461,68808460000000,68808460062875,68808460152750,89875,152750,62875,68808470000000,0,0,0
1,2462,68808470000000,68808470072500,68808470101875,29375,101875,72500,68808480000000,0,0,0
1,2463,68808480000000,68808480062750,68808480090375,27625,90375,62750,68808490000000,0,0,0
1,2464,68808490000000,68808490062625,68808490090500,27875,90500,62625,68808500000000,0,0,0
1,2465,68808500000000,68808500066750,68808500094250,27500,94250,66750,68808510000000,0,0,0
1,2466,68808510000000,68808510062750,68808510091250,28500,91250,62750,68808520000000,0,0,0
1,2467,68808520000000,68808520067000,68808520094125,27125,94125,67000,68808530000000,0,0,0
1,2468,68808530000000,68808530062750,68808530090500,27750,90500,62750,68808540000000,0,0,0
1,2469,68808540000000,68808540062625,68808540089875,27250,89875,62625,68808550000000,0,0,0
1,2470,68808550000000,68808550066750,68808550094500,27750,94500,66750,68808560000000,0,0,0
1,2471,68808560000000,68808560062750,68808560090125,27375,90125,62750,68808570000000,0,0,0
1,2472,68808570000000,68808570066750,68808570094625,27875,94625,66750,68808580000000,0,0,0
1,2473,68808580000000,68808580062625,68808580090000,27375,90000,62625,68808590000000,0,0,0
1,2474,68808590000000,68808590066875,68808590094750,27875,94750,66875,68808600000000,0,0,0
1,2475,68808600000000,68808600062750,68808600090250,27500,90250,62750,68808610000000,0,0,0
1,2476,68808610000000,68808610067000,68808610094750,27750,94750,67000,68808620000000,0,0,0
1,2477,68808620000000,68808620063125,68808620090500,27375,90500,63125,68808630000000,0,0,0
1,2478,68808630000000,68808630066875,68808630094750,27875,94750,66875,68808640000000,0,0,0
1,2479,68808640000000,68808640062000,68808640089625,27625,89625,62000,68808650000000,0,0,0
1,2480,68808650000000,68808650067000,68808650094750,27750,94750,67000,68808660000000,0,0,0
1,2481,68808660000000,68808660062625,68808660089375,26750,89375,62625,68808670000000,0,0,0
1,2482,68808670000000,68808670062625,68808670089750,27125,89750,62625,68808680000000,0,0,0
1,2483,68808680000000,68808680066875,68808680094000,27125,94000,66875,68808690000000,0,0,0
1,2484,68808690000000,68808690062750,68808690090375,27625,90375,62750,68808700000000,0,0,0
1,2485,68808700000000,68808700067000,68808700094250,27250,94250,67000,68808710000000,0,0,0
1,2486,68808710000000,68808710065125,68808710093125,28000,93125,65125,68808720000000,0,0,0
1,2487,68808720000000,68808720067375,68808720094750,27375,94750,67375,68808730000000,0,0,0
1,2488,68808730000000,68808730063000,68808730091000,28000,91000,63000,68808740000000,0,0,0
1,2489,68808740000000,68808740067250,68808740094750,27500,94750,67250,68808750000000,0,0,0
1,2490,68808750000000,68808750062875,68808750090250,27375,90250,62875,68808760000000,0,0,0
1,2491,68808760000000,68808760062875,68808760090375,27500,90375,62875,68808770000000,0,0,0
1,2492,68808770000000,68808770066750,68808770094250,27500,94250,66750,68808780000000,0,0,0
1,2493,68808780000000,68808780062750,68808780090000,27250,90000,62750,68808790000000,0,0,0
1,2494,68808790000000,68808790062625,68808790090375,27750,90375,62625,68808800000000,0,0,0
1,2495,68808800000000,68808800067000,68808800093875,26875,93875,67000,68808810000000,0,0,0
1,2496,68808810000000,68808810062875,68808810090625,27750,90625,62875,68808820000000,0,0,0
1,2497,68808820000000,68808820062500,68808820090000,27500,90000,62500,68808830000000,0,0,0
1,2498,68808830000000,68808830062000,68808830089875,27875,89875,62000,68808840000000,0,0,0
1,2499,68808840000000,68808840062875,68808840090750,27875,90750,62875,68808850000000,0,0,0
1,2500,68808850000000,68808850067375,68808850094375,27000,94375,67375,68808860000000,0,0,0
1,2501,68808860000000,68808860063000,68808860090875,27875,90875,63000,68808870000000,0,0,0
1,2502,68808870000000,68808870062750,68808870090250,27500,90250,62750,68808880000000,0,0,0
1,2503,68808880000000,68808880068375,68808880096250,27875,96250,68375,68808890000000,0,0,0
1,2504,68808890000000,68808890062750,68808890090000,27250,90000,62750,68808900000000,0,0,0
1,2505,68808900000000,68808900062625,68808900090625,28000,90625,62625,68808910000000,0,0,0
1,2506,68808910000000,68808910067000,68808910094250,27250,94250,67000,68808920000000,0,0,0
1,2507,68808920000000,68808920062625,68808920090250,27625,90250,62625,68808930000000,0,0,0
1,2508,68808930000000,68808930062625,68808930090000,27375,90000,62625,68808940000000,0,0,0
1,2509,68808940000000,68808940066875,68808940093750,26875,93750,66875,68808950000000,0,0,0
1,2510,68808950000000,68808950065375,68808950162750,97375,162750,65375,68808960000000,0,0,0
1,2511,68808960000000,68808960062250,68808960109625,47375,109625,62250,68808970000000,0,0,0
1,2512,68808970000000,68808970068000,68808970097000,29000,97000,68000,68808980000000,0,0,0
1,2513,68808980000000,68808980063000,68808980090750,27750,90750,63000,68808990000000,0,0,0
1,2514,68808990000000,68808990062500,68808990089875,27375,89875,62500,68809000000000,0,0,0
1,2515,68809000000000,68809000067125,68809000095000,27875,95000,67125,68809010000000,0,0,0
1,2516,68809010000000,68809010062625,68809010090000,27375,90000,62625,68809020000000,0,0,0
1,2517,68809020000000,68809020066875,68809020094750,27875,94750,66875,68809030000000,0,0,0
1,2518,68809030000000,68809030062750,68809030090125,27375,90125,62750,68809040000000,0,0,0
1,2519,68809040000000,68809040066500,68809040094375,27875,94375,66500,68809050000000,0,0,0
1,2520,68809050000000,68809050061875,68809050089250,27375,89250,61875,68809060000000,0,0,0
1,2521,68809060000000,68809060067125,68809060095750,28625,95750,67125,68809070000000,0,0,0
1,2522,68809070000000,68809070062875,68809070090375,27500,90375,62875,68809080000000,0,0,0
1,2523,68809080000000,68809080062875,68809080089500,26625,89500,62875,68809090000000,0,0,0
1,2524,68809090000000,68809090066750,68809090094125,27375,94125,66750,68809100000000,0,0,0
1,2525,68809100000000,68809100062625,68809100089625,27000,89625,62625,68809110000000,0,0,0
1,2526,68809110000000,68809110066875,68809110094375,27500,94375,66875,68809120000000,0,0,0
1,2527,68809120000000,68809120062500,68809120090625,28125,90625,62500,68809130000000,0,0,0
1,2528,68809130000000,68809130066750,68809130094000,27250,94000,66750,68809140000000,0,0,0
1,2529,68809140000000,68809140062750,68809140090125,27375,90125,62750,68809150000000,0,0,0
1,2530,68809150000000,68809150062500,68809150089375,26875,89375,62500,68809160000000,0,0,0
1,2531,68809160000000,68809160068500,68809160096750,28250,96750,68500,68809170000000,0,0,0
1,2532,68809170000000,68809170063000,68809170090625,27625,90625,63000,68809180000000,0,0,0
1,2533,68809180000000,68809180062750,68809180090625,27875,90625,62750,68809190000000,0,0,0
1,2534,68809190000000,68809190066875,68809190094625,27750,94625,66875,68809200000000,0,0,0
1,2535,68809200000000,68809200062750,68809200090625,27875,90625,62750,68809210000000,0,0,0
1,2536,68809210000000,68809210067000,68809210096125,29125,96125,67000,68809220000000,0,0,0
1,2537,68809220000000,68809220062750,68809220090375,27625,90375,62750,68809230000000,0,0,0
1,2538,68809230000000,68809230066750,68809230093625,26875,93625,66750,68809240000000,0,0,0
1,2539,68809240000000,68809240062750,68809240090500,27750,90500,62750,68809250000000,0,0,0
1,2540,68809250000000,68809250062375,68809250089625,27250,89625,62375,68809260000000,0,0,0
1,2541,68809260000000,68809260067000,68809260094875,27875,94875,67000,68809270000000,0,0,0
1,2542,68809270000000,68809270062625,68809270090000,27375,90000,62625,68809280000000,0,0,0
1,2543,68809280000000,68809280062625,68809280090000,27375,90000,62625,68809290000000,0,0,0
1,2544,68809290000000,68809290066875,68809290094250,27375,94250,66875,68809300000000,0,0,0
1,2545,68809300000000,68809300062875,68809300090250,27375,90250,62875,68809310000000,0,0,0
1,2546,68809310000000,68809310066875,68809310094250,27375,94250,66875,68809320000000,0,0,0
1,2547,68809320000000,68809320062625,68809320089750,27125,89750,62625,68809330000000,0,0,0
1,2548,68809330000000,68809330062625,68809330090125,27500,90125,62625,68809340000000,0,0,0
1,2549,68809340000000,68809340066750,68809340094500,27750,94500,66750,68809350000000,0,0,0
1,2550,68809350000000,68809350062625,68809350090750,28125,90750,62625,68809360000000,0,0,0
1,2551,68809360000000,68809360066875,68809360093625,26750,93625,66875,68809370000000,0,0,0
1,2552,68809370000000,68809370062750,68809370089500,26750,89500,62750,68809380000000,0,0,0
1,2553,68809380000000,68809380066875,68809380094625,27750,94625,66875,68809390000000,0,0,0
1,2554,68809390000000,68809390062625,68809390089875,27250,89875,62625,68809400000000,0,0,0
1,2555,68809400000000,68809400062750,68809400091625,28875,91625,62750,68809410000000,0,0,0
1,2556,68809410000000,68809410066875,68809410094375,27500,94375,66875,68809420000000,0,0,0
1,2557,68809420000000,68809420062875,68809420090750,27875,90750,62875,68809430000000,0,0,0
1,2558,68809430000000,68809430066750,68809430094000,27250,94000,66750,68809440000000,0,0,0
1,2559,68809440000000,68809440062625,68809440090500,27875,90500,62625,68809450000000,0,0,0
1,2560,68809450000000,68809450062375,68809450089750,27375,89750,62375,68809460000000,0,0,0
1,2561,68809460000000,68809460067125,68809460095250,28125,95250,67125,68809470000000,0,0,0
1,2562,68809470000000,68809470062875,68809470090250,27375,90250,62875,68809480000000,0,0,0
1,2563,68809480000000,68809480062625,68809480089875,27250,89875,62625,68809490000000,0,0,0
1,2564,68809490000000,68809490066500,68809490093750,27250,93750,66500,68809500000000,0,0,0
1,2565,68809500000000,68809500062625,68809500090625,28000,90625,62625,68809510000000,0,0,0
1,2566,68809510000000,68809510066750,68809510094000,27250,94000,66750,68809520000000,0,0,0
1,2567,68809520000000,68809520062625,68809520089625,27000,89625,62625,68809530000000,0,0,0
1,2568,68809530000000,68809530067375,68809530094125,26750,94125,67375,68809540000000,0,0,0
1,2569,68809540000000,68809540062625,68809540090375,27750,90375,62625,68809550000000,0,0,0
1,2570,68809550000000,68809550062500,68809550090125,27625,90125,62500,68809560000000,0,0,0
1,2571,68809560000000,68809560066875,68809560093625,26750,93625,66875,68809570000000,0,0,0
1,2572,68809570000000,68809570062750,68809570090250,27500,90250,62750,68809580000000,0,0,0
1,2573,68809580000000,68809580062250,68809580090125,27875,90125,62250,68809590000000,0,0,0
1,2574,68809590000000,68809590062500,68809590090125,27625,90125,62500,68809600000000,0,0,0
1,2575,68809600000000,68809600062750,68809600090750,28000,90750,62750,68809610000000,0,0,0
1,2576,68809610000000,68809610074375,68809610176125,101750,176125,74375,68809620000000,0,0,0
1,2577,68809620000000,68809620064500,68809620109000,44500,109000,64500,68809630000000,0,0,0
1,2578,68809630000000,68809630063000,68809630091250,28250,91250,63000,68809640000000,0,0,0
1,2579,68809640000000,68809640067000,68809640094500,27500,94500,67000,68809650000000,0,0,0
1,2580,68809650000000,68809650062875,68809650090750,27875,90750,62875,68809660000000,0,0,0
1,2581,68809660000000,68809660062000,68809660089625,27625,89625,62000,68809670000000,0,0,0
1,2582,68809670000000,68809670067000,68809670095000,28000,95000,67000,68809680000000,0,0,0
1,2583,68809680000000,68809680062625,68809680089875,27250,89875,62625,68809690000000,0,0,0
1,2584,68809690000000,68809690062750,68809690090500,27750,90500,62750,68809700000000,0,0,0
1,2585,68809700000000,68809700067125,68809700094375,27250,94375,67125,68809710000000,0,0,0
1,2586,68809710000000,68809710062625,68809710090500,27875,90500,62625,68809720000000,0,0,0
1,2587,68809720000000,68809720062750,68809720090125,27375,90125,62750,68809730000000,0,0,0
1,2588,68809730000000,68809730066875,68809730094625,27750,94625,66875,68809740000000,0,0,0
1,2589,68809740000000,68809740062750,68809740090000,27250,90000,62750,68809750000000,0,0,0
1,2590,68809750000000,68809750067000,68809750094875,27875,94875,67000,68809760000000,0,0,0
1,2591,68809760000000,68809760062875,68809760090125,27250,90125,62875,68809770000000,0,0,0
1,2592,68809770000000,68809770062625,68809770090250,27625,90250,62625,68809780000000,0,0,0
1,2593,68809780000000,68809780067000,68809780094375,27375,94375,67000,68809790000000,0,0,0
1,2594,68809790000000,68809790061750,68809790089250,27500,89250,61750,68809800000000,0,0,0
1,2595,68809800000000,68809800067125,68809800094500,27375,94500,67125,68809810000000,0,0,0
1,2596,68809810000000,68809810062750,68809810090375,27625,90375,62750,68809820000000,0,0,0
1,2597,68809820000000,68809820031875,68809820060625,28750,60625,31875,68809830000000,0,0,0
1,2598,68809830000000,68809830068750,68809830096375,27625,96375,68750,68809840000000,0,0,0
1,2599,68809840000000,68809840063125,68809840091000,27875,91000,63125,68809850000000,0,0,0
1,2600,68809850000000,68809850062625,68809850089875,27250,89875,62625,68809860000000,0,0,0
1,2601,68809860000000,68809860067375,68809860095125,27750,95125,67375,68809870000000,0,0,0
1,2602,68809870000000,68809870062875,68809870090375,27500,90375,62875,68809880000000,0,0,0
1,2603,68809880000000,68809880068750,68809880097250,28500,97250,68750,68809890000000,0,0,0
1,2604,68809890000000,68809890062750,68809890090000,27250,90000,62750,68809900000000,0,0,0
1,2605,68809900000000,68809900062500,68809900090125,27625,90125,62500,68809910000000,0,0,0
1,2606,68809910000000,68809910063000,68809910090125,27125,90125,63000,68809920000000,0,0,0
1,2607,68809920000000,68809920062750,68809920089625,26875,89625,62750,68809930000000,0,0,0
1,2608,68809930000000,68809930066875,68809930094000,27125,94000,66875,68809940000000,0,0,0
1,2609,68809940000000,68809940062875,68809940090375,27500,90375,62875,68809950000000,0,0,0
1,2610,68809950000000,68809950061750,68809950089375,27625,89375,61750,68809960000000,0,0,0
1,2611,68809960000000,68809960067000,68809960094000,27000,94000,67000,68809970000000,0,0,0
1,2612,68809970000000,68809970063000,68809970091750,28750,91750,63000,68809980000000,0,0,0
1,2613,68809980000000,68809980062625,68809980090250,27625,90250,62625,68809990000000,0,0,0
1,2614,68809990000000,68809990066875,68809990094750,27875,94750,66875,68810000000000,0,0,0
1,2615,68810000000000,68810000062750,68810000090625,27875,90625,62750,68810010000000,0,0,0
1,2616,68810010000000,68810010066875,68810010094250,27375,94250,66875,68810020000000,0,0,0
1,2617,68810020000000,68810020062875,68810020090625,27750,90625,62875,68810030000000,0,0,0
1,2618,68810030000000,68810030067000,68810030094250,27250,94250,67000,68810040000000,0,0,0
1,2619,68810040000000,68810040063500,68810040091375,27875,91375,63500,68810050000000,0,0,0
1,2620,68810050000000,68810050062500,68810050089625,27125,89625,62500,68810060000000,0,0,0
1,2621,68810060000000,68810060064750,68810060093875,29125,93875,64750,68810070000000,0,0,0
1,2622,68810070000000,68810070062000,68810070089375,27375,89375,62000,68810080000000,0,0,0
1,2623,68810080000000,68810080067375,68810080095375,28000,95375,67375,68810090000000,0,0,0
1,2624,68810090000000,68810090062875,68810090090250,27375,90250,62875,68810100000000,0,0,0
1,2625,68810100000000,68810100062750,68810100090000,27250,90000,62750,68810110000000,0,0,0
1,2626,68810110000000,68810110067125,68810110094500,27375,94500,67125,68810120000000,0,0,0
1,2627,68810120000000,68810120063000,68810120090375,27375,90375,63000,68810130000000,0,0,0
1,2628,68810130000000,68810130067000,68810130094250,27250,94250,67000,68810140000000,0,0,0
1,2629,68810140000000,68810140062875,68810140090375,27500,90375,62875,68810150000000,0,0,0
1,2630,68810150000000,68810150062500,68810150090250,27750,90250,62500,68810160000000,0,0,0
1,2631,68810160000000,68810160066875,68810160094625,27750,94625,66875,68810170000000,0,0,0
1,2632,68810170000000,68810170062500,68810170089500,27000,89500,62500,68810180000000,0,0,0
1,2633,68810180000000,68810180062625,68810180090375,27750,90375,62625,68810190000000,0,0,0
1,2634,68810190000000,68810190066625,68810190094125,27500,94125,66625,68810200000000,0,0,0
1,2635,68810200000000,68810200062875,68810200090750,27875,90750,62875,68810210000000,0,0,0
1,2636,68810210000000,68810210067000,68810210094500,27500,94500,67000,68810220000000,0,0,0
1,2637,68810220000000,68810220062750,68810220090625,27875,90625,62750,68810230000000,0,0,0
1,2638,68810230000000,68810230067125,68810230094125,27000,94125,67125,68810240000000,0,0,0
1,2639,68810240000000,68810240062875,68810240090500,27625,90500,62875,68810250000000,0,0,0
1,2640,68810250000000,68810250066875,68810250094000,27125,94000,66875,68810260000000,0,0,0
1,2641,68810260000000,68810260062625,68810260090375,27750,90375,62625,68810270000000,0,0,0
1,2642,68810270000000,68810270067000,68810270094500,27500,94500,67000,68810280000000,0,0,0
1,2643,68810280000000,68810280062875,68810280090750,27875,90750,62875,68810290000000,0,0,0
1,2644,68810290000000,68810290062625,68810290089750,27125,89750,62625,68810300000000,0,0,0
1,2645,68810300000000,68810300067000,68810300094875,27875,94875,67000,68810310000000,0,0,0
1,2646,68810310000000,68810310062750,68810310089500,26750,89500,62750,68810320000000,0,0,0
1,2647,68810320000000,68810320062625,68810320090125,27500,90125,62625,68810330000000,0,0,0
1,2648,68810330000000,68810330066875,68810330094375,27500,94375,66875,68810340000000,0,0,0
1,2649,68810340000000,68810340062875,68810340090250,27375,90250,62875,68810350000000,0,0,0
1,2650,68810350000000,68810350062500,68810350090000,27500,90000,62500,68810360000000,0,0,0
1,2651,68810360000000,68810360066875,68810360094750,27875,94750,66875,68810370000000,0,0,0
1,2652,68810370000000,68810370062500,68810370090000,27500,90000,62500,68810380000000,0,0,0
1,2653,68810380000000,68810380066750,68810380094000,27250,94000,66750,68810390000000,0,0,0
1,2654,68810390000000,68810390062750,68810390090250,27500,90250,62750,68810400000000,0,0,0
1,2655,68810400000000,68810400068000,68810400095875,27875,95875,68000,68810410000000,0,0,0
1,2656,68810410000000,68810410061375,68810410089000,27625,89000,61375,68810420000000,0,0,0
1,2657,68810420000000,68810420063000,68810420090750,27750,90750,63000,68810430000000,0,0,0
1,2658,68810430000000,68810430067375,68810430095750,28375,95750,67375,68810440000000,0,0,0
1,2659,68810440000000,68810440062625,68810440090125,27500,90125,62625,68810450000000,0,0,0
1,2660,68810450000000,68810450066750,68810450094000,27250,94000,66750,68810460000000,0,0,0
1,2661,68810460000000,68810460062875,68810460090375,27500,90375,62875,68810470000000,0,0,0
1,2662,68810470000000,68810470067000,68810470094250,27250,94250,67000,68810480000000,0,0,0
1,2663,68810480000000,68810480063000,68810480089875,26875,89875,63000,68810490000000,0,0,0
1,2664,68810490000000,68810490067125,68810490094500,27375,94500,67125,68810500000000,0,0,0
1,2665,68810500000000,68810500062625,68810500089750,27125,89750,62625,68810510000000,0,0,0
1,2666,68810510000000,68810510069125,68810510096875,27750,96875,69125,68810520000000,0,0,0
1,2667,68810520000000,68810520062750,68810520090750,28000,90750,62750,68810530000000,0,0,0
1,2668,68810530000000,68810530062500,68810530090000,27500,90000,62500,68810540000000,0,0,0
1,2669,68810540000000,68810540067250,68810540095375,28125,95375,67250,68810550000000,0,0,0
1,2670,68810550000000,68810550062750,68810550090250,27500,90250,62750,68810560000000,0,0,0
1,2671,68810560000000,68810560066625,68810560094125,27500,94125,66625,68810570000000,0,0,0
1,2672,68810570000000,68810570062625,68810570090000,27375,90000,62625,68810580000000,0,0,0
1,2673,68810580000000,68810580067000,68810580094750,27750,94750,67000,68810590000000,0,0,0
1,2674,68810590000000,68810590063000,68810590091625,28625,91625,63000,68810600000000,0,0,0
1,2675,68810600000000,68810600066750,68810600095625,28875,95625,66750,68810610000000,0,0,0
1,2676,68810610000000,68810610062750,68810610089500,26750,89500,62750,68810620000000,0,0,0
1,2677,68810620000000,68810620067000,68810620094375,27375,94375,67000,68810630000000,0,0,0
1,2678,68810630000000,68810630062875,68810630091500,28625,91500,62875,68810640000000,0,0,0
1,2679,68810640000000,68810640062375,68810640090125,27750,90125,62375,68810650000000,0,0,0
1,2680,68810650000000,68810650067125,68810650093875,26750,93875,67125,68810660000000,0,0,0
1,2681,68810660000000,68810660062750,68810660091250,28500,91250,62750,68810670000000,0,0,0
1,2682,68810670000000,68810670067000,68810670094000,27000,94000,67000,68810680000000,0,0,0
1,2683,68810680000000,68810681209875,68810681451000,241125,1451000,1209875,68810690000000,0,0,0
1,2684,68810690000000,68810690063125,68810690177375,114250,177375,63125,68810700000000,0,0,0
1,2685,68810700000000,68810700044125,68810700076000,31875,76000,44125,68810710000000,0,0,0
1,2686,68810710000000,68810710063500,68810710092000,28500,92000,63500,68810720000000,0,0,0
1,2687,68810720000000,68810720068000,68810720096125,28125,96125,68000,68810730000000,0,0,0
1,2688,68810730000000,68810730063125,68810730090625,27500,90625,63125,68810740000000,0,0,0
1,2689,68810740000000,68810740067375,68810740095250,27875,95250,67375,68810750000000,0,0,0
1,2690,68810750000000,68810750062750,68810750090125,27375,90125,62750,68810760000000,0,0,0
1,2691,68810760000000,68810760067250,68810760095000,27750,95000,67250,68810770000000,0,0,0
1,2692,68810770000000,68810770063000,68810770090375,27375,90375,63000,68810780000000,0,0,0
1,2693,68810780000000,68810780061750,68810780090250,28500,90250,61750,68810790000000,0,0,0
1,2694,68810790000000,68810790067250,68810790094750,27500,94750,67250,68810800000000,0,0,0
1,2695,68810800000000,68810800062875,68810800090250,27375,90250,62875,68810810000000,0,0,0
1,2696,68810810000000,68810810062750,68810810089875,27125,89875,62750,68810820000000,0,0,0
1,2697,68810820000000,68810820063750,68810820091750,28000,91750,63750,68810830000000,0,0,0
1,2698,68810830000000,68810830062875,68810830090375,27500,90375,62875,68810840000000,0,0,0
1,2699,68810840000000,68810840067125,68810840095000,27875,95000,67125,68810850000000,0,0,0
1,2700,68810850000000,68810850063000,68810850090500,27500,90500,63000,68810860000000,0,0,0
1,2701,68810860000000,68810860067125,68810860095625,28500,95625,67125,68810870000000,0,0,0
1,2702,68810870000000,68810870062625,68810870090125,27500,90125,62625,68810880000000,0,0,0
1,2703,68810880000000,68810880068625,68810880096375,27750,96375,68625,68810890000000,0,0,0
1,2704,68810890000000,68810890062875,68810890090125,27250,90125,62875,68810900000000,0,0,0
1,2705,68810900000000,68810900062625,68810900090250,27625,90250,62625,68810910000000,0,0,0
1,2706,68810910000000,68810910066875,68810910094250,27375,94250,66875,68810920000000,0,0,0
1,2707,68810920000000,68810920062750,68810920090375,27625,90375,62750,68810930000000,0,0,0
1,2708,68810930000000,68810930066750,68810930094125,27375,94125,66750,68810940000000,0,0,0
1,2709,68810940000000,68810940062625,68810940090125,27500,90125,62625,68810950000000,0,0,0
1,2710,68810950000000,68810950072750,68810950102250,29500,102250,72750,68810960000000,0,0,0
1,2711,68810960000000,68810960066125,68810960094875,28750,94875,66125,68810970000000,0,0,0
1,2712,68810970000000,68810970063375,68810970090500,27125,90500,63375,68810980000000,0,0,0
1,2713,68810980000000,68810980067750,68810980095500,27750,95500,67750,68810990000000,0,0,0
1,2714,68810990000000,68810990062750,68810990090125,27375,90125,62750,68811000000000,0,0,0
1,2715,68811000000000,68811000067250,68811000095250,28000,95250,67250,68811010000000,0,0,0
1,2716,68811010000000,68811010062750,68811010090250,27500,90250,62750,68811020000000,0,0,0
1,2717,68811020000000,68811020062625,68811020090375,27750,90375,62625,68811030000000,0,0,0
1,2718,68811030000000,68811030066875,68811030094375,27500,94375,66875,68811040000000,0,0,0
1,2719,68811040000000,68811040062875,68811040090750,27875,90750,62875,68811050000000,0,0,0
1,2720,68811050000000,68811050067000,68811050095000,28000,95000,67000,68811060000000,0,0,0
1,2721,68811060000000,68811060062750,68811060089750,27000,89750,62750,68811070000000,0,0,0
1,2722,68811070000000,68811070066750,68811070094125,27375,94125,66750,68811080000000,0,0,0
1,2723,68811080000000,68811080063000,68811080089750,26750,89750,63000,68811090000000,0,0,0
1,2724,68811090000000,68811090061750,68811090089125,27375,89125,61750,68811100000000,0,0,0
1,2725,68811100000000,68811100067375,68811100093750,26375,93750,67375,68811110000000,0,0,0
1,2726,68811110000000,68811110062625,68811110089875,27250,89875,62625,68811120000000,0,0,0
1,2727,68811120000000,68811120062750,68811120090625,27875,90625,62750,68811130000000,0,0,0
1,2728,68811130000000,68811130067000,68811130094500,27500,94500,67000,68811140000000,0,0,0
1,2729,68811140000000,68811140062750,68811140090500,27750,90500,62750,68811150000000,0,0,0
1,2730,68811150000000,68811150062500,68811150089750,27250,89750,62500,68811160000000,0,0,0
1,2731,68811160000000,68811160066750,68811160094625,27875,94625,66750,68811170000000,0,0,0
1,2732,68811170000000,68811170062625,68811170090125,27500,90125,62625,68811180000000,0,0,0
1,2733,68811180000000,68811180066750,68811180094750,28000,94750,66750,68811190000000,0,0,0
1,2734,68811190000000,68811190062875,68811190090250,27375,90250,62875,68811200000000,0,0,0
1,2735,68811200000000,68811200066875,68811200094750,27875,94750,66875,68811210000000,0,0,0
1,2736,68811210000000,68811210062750,68811210089875,27125,89875,62750,68811220000000,0,0,0
1,2737,68811220000000,68811220067000,68811220094750,27750,94750,67000,68811230000000,0,0,0
1,2738,68811230000000,68811230062375,68811230089750,27375,89750,62375,68811240000000,0,0,0
1,2739,68811240000000,68811240062375,68811240089250,26875,89250,62375,68811250000000,0,0,0
1,2740,68811250000000,68811250066750,68811250094500,27750,94500,66750,68811260000000,0,0,0
1,2741,68811260000000,68811260063000,68811260090750,27750,90750,63000,68811270000000,0,0,0
1,2742,68811270000000,68811270062625,68811270090125,27500,90125,62625,68811280000000,0,0,0
1,2743,68811280000000,68811280066750,68811280095625,28875,95625,66750,68811290000000,0,0,0
1,2744,68811290000000,68811290062750,68811290090125,27375,90125,62750,68811300000000,0,0,0
1,2745,68811300000000,68811300067000,68811300094125,27125,94125,67000,68811310000000,0,0,0
1,2746,68811310000000,68811310063000,68811310090250,27250,90250,63000,68811320000000,0,0,0
1,2747,68811320000000,68811320062625,68811320090500,27875,90500,62625,68811330000000,0,0,0
1,2748,68811330000000,68811330066750,68811330094125,27375,94125,66750,68811340000000,0,0,0
1,2749,68811340000000,68811340062750,68811340090375,27625,90375,62750,68811350000000,0,0,0
1,2750,68811350000000,68811350062500,68811350089750,27250,89750,62500,68811360000000,0,0,0
1,2751,68811360000000,68811360067000,68811360095125,28125,95125,67000,68811370000000,0,0,0
1,2752,68811370000000,68811370062750,68811370090000,27250,90000,62750,68811380000000,0,0,0
1,2753,68811380000000,68811380067000,68811380094625,27625,94625,67000,68811390000000,0,0,0
1,2754,68811390000000,68811390062625,68811390090125,27500,90125,62625,68811400000000,0,0,0
1,2755,68811400000000,68811400067125,68811400095000,27875,95000,67125,68811410000000,0,0,0
1,2756,68811410000000,68811410064125,68811410092000,27875,92000,64125,68811420000000,0,0,0
1,2757,68811420000000,68811420062750,68811420090500,27750,90500,62750,68811430000000,0,0,0
1,2758,68811430000000,68811430067250,68811430094750,27500,94750,67250,68811440000000,0,0,0
1,2759,68811440000000,68811440063000,68811440090875,27875,90875,63000,68811450000000,0,0,0
1,2760,68811450000000,68811450067250,68811450094750,27500,94750,67250,68811460000000,0,0,0
1,2761,68811460000000,68811460062750,68811460090125,27375,90125,62750,68811470000000,0,0,0
1,2762,68811470000000,68811470062500,68811470089625,27125,89625,62500,68811480000000,0,0,0
1,2763,68811480000000,68811480067125,68811480094750,27625,94750,67125,68811490000000,0,0,0
1,2764,68811490000000,68811490062750,68811490090625,27875,90625,62750,68811500000000,0,0,0
1,2765,68811500000000,68811500067250,68811500095000,27750,95000,67250,68811510000000,0,0,0
1,2766,68811510000000,68811510062625,68811510090125,27500,90125,62625,68811520000000,0,0,0
1,2767,68811520000000,68811520062625,68811520090500,27875,90500,62625,68811530000000,0,0,0
1,2768,68811530000000,68811530066750,68811530094500,27750,94500,66750,68811540000000,0,0,0
1,2769,68811540000000,68811540062625,68811540090500,27875,90500,62625,68811550000000,0,0,0
1,2770,68811550000000,68811550066875,68811550094375,27500,94375,66875,68811560000000,0,0,0
1,2771,68811560000000,68811560062875,68811560090750,27875,90750,62875,68811570000000,0,0,0
1,2772,68811570000000,68811570066875,68811570094500,27625,94500,66875,68811580000000,0,0,0
1,2773,68811580000000,68811580062875,68811580090375,27500,90375,62875,68811590000000,0,0,0
1,2774,68811590000000,68811590062625,68811590090000,27375,90000,62625,68811600000000,0,0,0
1,2775,68811600000000,68811600066875,68811600094625,27750,94625,66875,68811610000000,0,0,0
1,2776,68811610000000,68811610062750,68811610090125,27375,90125,62750,68811620000000,0,0,0
1,2777,68811620000000,68811620066875,68811620094625,27750,94625,66875,68811630000000,0,0,0
1,2778,68811630000000,68811630062750,68811630090000,27250,90000,62750,68811640000000,0,0,0
1,2779,68811640000000,68811640067000,68811640094875,27875,94875,67000,68811650000000,0,0,0
1,2780,68811650000000,68811650062375,68811650089625,27250,89625,62375,68811660000000,0,0,0
1,2781,68811660000000,68811660062625,68811660090500,27875,90500,62625,68811670000000,0,0,0
1,2782,68811670000000,68811670066875,68811670094250,27375,94250,66875,68811680000000,0,0,0
1,2783,68811680000000,68811680062875,68811680090500,27625,90500,62875,68811690000000,0,0,0
1,2784,68811690000000,68811690066750,68811690094750,28000,94750,66750,68811700000000,0,0,0
1,2785,68811700000000,68811700061750,68811700088250,26500,88250,61750,68811710000000,0,0,0
1,2786,68811710000000,68811710066875,68811710094000,27125,94000,66875,68811720000000,0,0,0
1,2787,68811720000000,68811720062625,68811720089875,27250,89875,62625,68811730000000,0,0,0
1,2788,68811730000000,68811730062625,68811730090125,27500,90125,62625,68811740000000,0,0,0
1,2789,68811740000000,68811740066875,68811740094625,27750,94625,66875,68811750000000,0,0,0
1,2790,68811750000000,68811750062625,68811750089000,26375,89000,62625,68811760000000,0,0,0
1,2791,68811760000000,68811760062625,68811760090875,28250,90875,62625,68811770000000,0,0,0
1,2792,68811770000000,68811770066750,68811770094000,27250,94000,66750,68811780000000,0,0,0
1,2793,68811780000000,68811780062625,68811780089625,27000,89625,62625,68811790000000,0,0,0
1,2794,68811790000000,68811790062500,68811790089875,27375,89875,62500,68811800000000,0,0,0
1,2795,68811800000000,68811800066500,68811800094375,27875,94375,66500,68811810000000,0,0,0
1,2796,68811810000000,68811810063625,68811810091500,27875,91500,63625,68811820000000,0,0,0
1,2797,68811820000000,68811820067500,68811820094875,27375,94875,67500,68811830000000,0,0,0
1,2798,68811830000000,68811830063000,68811830090500,27500,90500,63000,68811840000000,0,0,0
1,2799,68811840000000,68811840067375,68811840094750,27375,94750,67375,68811850000000,0,0,0
1,2800,68811850000000,68811850062750,68811850090500,27750,90500,62750,68811860000000,0,0,0
1,2801,68811860000000,68811860069500,68811860097375,27875,97375,69500,68811870000000,0,0,0
1,2802,68811870000000,68811870061750,68811870090250,28500,90250,61750,68811880000000,0,0,0
1,2803,68811880000000,68811880069125,68811880096500,27375,96500,69125,68811890000000,0,0,0
1,2804,68811890000000,68811890062875,68811890090250,27375,90250,62875,68811900000000,0,0,0
1,2805,68811900000000,68811900062625,68811900089375,26750,89375,62625,68811910000000,0,0,0
1,2806,68811910000000,68811910067000,68811910094875,27875,94875,67000,68811920000000,0,0,0
1,2807,68811920000000,68811920062750,68811920090000,27250,90000,62750,68811930000000,0,0,0
1,2808,68811930000000,68811930062750,68811930090500,27750,90500,62750,68811940000000,0,0,0
1,2809,68811940000000,68811940067000,68811940094625,27625,94625,67000,68811950000000,0,0,0
1,2810,68811950000000,68811950062750,68811950090625,27875,90625,62750,68811960000000,0,0,0
1,2811,68811960000000,68811960067000,68811960094750,27750,94750,67000,68811970000000,0,0,0
1,2812,68811970000000,68811970062625,68811970091875,29250,91875,62625,68811980000000,0,0,0
1,2813,68811980000000,68811980067125,68811980094625,27500,94625,67125,68811990000000,0,0,0
1,2814,68811990000000,68811990062875,68811990090750,27875,90750,62875,68812000000000,0,0,0
1,2815,68812000000000,68812000062500,68812000090000,27500,90000,62500,68812010000000,0,0,0
1,2816,68812010000000,68812010067125,68812010094875,27750,94875,67125,68812020000000,0,0,0
1,2817,68812020000000,68812020062875,68812020090125,27250,90125,62875,68812030000000,0,0,0
1,2818,68812030000000,68812030067000,68812030095000,28000,95000,67000,68812040000000,0,0,0
1,2819,68812040000000,68812040063000,68812040090250,27250,90250,63000,68812050000000,0,0,0
1,2820,68812050000000,68812050062500,68812050090250,27750,90250,62500,68812060000000,0,0,0
1,2821,68812060000000,68812060067000,68812060094375,27375,94375,67000,68812070000000,0,0,0
1,2822,68812070000000,68812070062875,68812070090625,27750,90625,62875,68812080000000,0,0,0
1,2823,68812080000000,68812080062750,68812080090375,27625,90375,62750,68812090000000,0,0,0
1,2824,68812090000000,68812090066625,68812090094625,28000,94625,66625,68812100000000,0,0,0
1,2825,68812100000000,68812100062625,68812100089875,27250,89875,62625,68812110000000,0,0,0
1,2826,68812110000000,68812110061500,68812110089250,27750,89250,61500,68812120000000,0,0,0
1,2827,68812120000000,68812120067000,68812120094500,27500,94500,67000,68812130000000,0,0,0
1,2828,68812130000000,68812130062625,68812130090875,28250,90875,62625,68812140000000,0,0,0
1,2829,68812140000000,68812140062500,68812140089875,27375,89875,62500,68812150000000,0,0,0
1,2830,68812150000000,68812150067000,68812150094625,27625,94625,67000,68812160000000,0,0,0
1,2831,68812160000000,68812160062625,68812160089750,27125,89750,62625,68812170000000,0,0,0
1,2832,68812170000000,68812170066875,68812170094625,27750,94625,66875,68812180000000,0,0,0
1,2833,68812180000000,68812180062625,68812180089875,27250,89875,62625,68812190000000,0,0,0
1,2834,68812190000000,68812190062500,68812190090000,27500,90000,62500,68812200000000,0,0,0
1,2835,68812200000000,68812200066875,68812200094250,27375,94250,66875,68812210000000,0,0,0
1,2836,68812210000000,68812210062625,68812210090000,27375,90000,62625,68812220000000,0,0,0
1,2837,68812220000000,68812220067125,68812220094250,27125,94250,67125,68812230000000,0,0,0
1,2838,68812230000000,68812230062625,68812230090375,27750,90375,62625,68812240000000,0,0,0
1,2839,68812240000000,68812240066750,68812240094125,27375,94125,66750,68812250000000,0,0,0
1,2840,68812250000000,68812250062750,68812250090375,27625,90375,62750,68812260000000,0,0,0
1,2841,68812260000000,68812260066875,68812260094250,27375,94250,66875,68812270000000,0,0,0
1,2842,68812270000000,68812270062625,68812270090375,27750,90375,62625,68812280000000,0,0,0
1,2843,68812280000000,68812280067000,68812280094250,27250,94250,67000,68812290000000,0,0,0
1,2844,68812290000000,68812290062750,68812290090500,27750,90500,62750,68812300000000,0,0,0
1,2845,68812300000000,68812300066875,68812300094125,27250,94125,66875,68812310000000,0,0,0
1,2846,68812310000000,68812310065250,68812310094000,28750,94000,65250,68812320000000,0,0,0
1,2847,68812320000000,68812320067500,68812320095000,27500,95000,67500,68812330000000,0,0,0
1,2848,68812330000000,68812330062625,68812330091500,28875,91500,62625,68812340000000,0,0,0
1,2849,68812340000000,68812340062500,68812340089875,27375,89875,62500,68812350000000,0,0,0
1,2850,68812350000000,68812350066000,68812350093625,27625,93625,66000,68812360000000,0,0,0
1,2851,68812360000000,68812360063000,68812360090375,27375,90375,63000,68812370000000,0,0,0
1,2852,68812370000000,68812370067000,68812370094250,27250,94250,67000,68812380000000,0,0,0
1,2853,68812380000000,68812380062750,68812380090125,27375,90125,62750,68812390000000,0,0,0
1,2854,68812390000000,68812390067000,68812390094750,27750,94750,67000,68812400000000,0,0,0
1,2855,68812400000000,68812400062875,68812400090500,27625,90500,62875,68812410000000,0,0,0
1,2856,68812410000000,68812410062500,68812410090500,28000,90500,62500,68812420000000,0,0,0
1,2857,68812420000000,68812420063500,68812420091125,27625,91125,63500,68812430000000,0,0,0
1,2858,68812430000000,68812430063375,68812430090875,27500,90875,63375,68812440000000,0,0,0
1,2859,68812440000000,68812440067750,68812440096250,28500,96250,67750,68812450000000,0,0,0
1,2860,68812450000000,68812450062500,68812450091250,28750,91250,62500,68812460000000,0,0,0
1,2861,68812460000000,68812460062750,68812460090125,27375,90125,62750,68812470000000,0,0,0
1,2862,68812470000000,68812470067000,68812470095125,28125,95125,67000,68812480000000,0,0,0
1,2863,68812480000000,68812480062750,68812480090500,27750,90500,62750,68812490000000,0,0,0
1,2864,68812490000000,68812490066875,68812490094250,27375,94250,66875,68812500000000,0,0,0
1,2865,68812500000000,68812500062750,68812500090000,27250,90000,62750,68812510000000,0,0,0
1,2866,68812510000000,68812510062500,68812510091625,29125,91625,62500,68812520000000,0,0,0
1,2867,68812520000000,68812520067250,68812520095000,27750,95000,67250,68812530000000,0,0,0
1,2868,68812530000000,68812530062750,68812530090250,27500,90250,62750,68812540000000,0,0,0
1,2869,68812540000000,68812540062625,68812540090375,27750,90375,62625,68812550000000,0,0,0
1,2870,68812550000000,68812550066875,68812550094250,27375,94250,66875,68812560000000,0,0,0
1,2871,68812560000000,68812560062625,68812560090375,27750,90375,62625,68812570000000,0,0,0
1,2872,68812570000000,68812570066875,68812570094500,27625,94500,66875,68812580000000,0,0,0
1,2873,68812580000000,68812580063125,68812580090875,27750,90875,63125,68812590000000,0,0,0
1,2874,68812590000000,68812590067000,68812590095625,28625,95625,67000,68812600000000,0,0,0
1,2875,68812600000000,68812600062750,68812600090625,27875,90625,62750,68812610000000,0,0,0
1,2876,68812610000000,68812610062375,68812610089625,27250,89625,62375,68812620000000,0,0,0
1,2877,68812620000000,68812620066875,68812620094625,27750,94625,66875,68812630000000,0,0,0
1,2878,68812630000000,68812630062625,68812630090125,27500,90125,62625,68812640000000,0,0,0
1,2879,68812640000000,68812640066875,68812640094000,27125,94000,66875,68812650000000,0,0,0
1,2880,68812650000000,68812650062625,68812650090000,27375,90000,62625,68812660000000,0,0,0
1,2881,68812660000000,68812660066750,68812660094500,27750,94500,66750,68812670000000,0,0,0
1,2882,68812670000000,68812670062625,68812670090000,27375,90000,62625,68812680000000,0,0,0
1,2883,68812680000000,68812680066875,68812680094625,27750,94625,66875,68812690000000,0,0,0
1,2884,68812690000000,68812690062750,68812690090000,27250,90000,62750,68812700000000,0,0,0
1,2885,68812700000000,68812700066750,68812700094375,27625,94375,66750,68812710000000,0,0,0
1,2886,68812710000000,68812710062375,68812710089750,27375,89750,62375,68812720000000,0,0,0
1,2887,68812720000000,68812720061625,68812720089125,27500,89125,61625,68812730000000,0,0,0
1,2888,68812730000000,68812730067125,68812730094500,27375,94500,67125,68812740000000,0,0,0
1,2889,68812740000000,68812740063000,68812740090875,27875,90875,63000,68812750000000,0,0,0
1,2890,68812750000000,68812750062625,68812750090125,27500,90125,62625,68812760000000,0,0,0
1,2891,68812760000000,68812760068875,68812760097000,28125,97000,68875,68812770000000,0,0,0
1,2892,68812770000000,68812770062875,68812770090375,27500,90375,62875,68812780000000,0,0,0
1,2893,68812780000000,68812780062625,68812780090375,27750,90375,62625,68812790000000,0,0,0
1,2894,68812790000000,68812790066875,68812790093875,27000,93875,66875,68812800000000,0,0,0
1,2895,68812800000000,68812800062750,68812800090375,27625,90375,62750,68812810000000,0,0,0
1,2896,68812810000000,68812810066875,68812810094250,27375,94250,66875,68812820000000,0,0,0
1,2897,68812820000000,68812820062500,68812820090250,27750,90250,62500,68812830000000,0,0,0
1,2898,68812830000000,68812830060875,68812830088500,27625,88500,60875,68812840000000,0,0,0
1,2899,68812840000000,68812840067750,68812840095750,28000,95750,67750,68812850000000,0,0,0
1,2900,68812850000000,68812850063000,68812850089875,26875,89875,63000,68812860000000,0,0,0
1,2901,68812860000000,68812860062750,68812860090375,27625,90375,62750,68812870000000,0,0,0
1,2902,68812870000000,68812870067000,68812870095875,28875,95875,67000,68812880000000,0,0,0
1,2903,68812880000000,68812880064250,68812880091250,27000,91250,64250,68812890000000,0,0,0
1,2904,68812890000000,68812890067125,68812890094375,27250,94375,67125,68812900000000,0,0,0
1,2905,68812900000000,68812900062625,68812900089875,27250,89875,62625,68812910000000,0,0,0
1,2906,68812910000000,68812910066875,68812910094375,27500,94375,66875,68812920000000,0,0,0
1,2907,68812920000000,68812920062875,68812920089750,26875,89750,62875,68812930000000,0,0,0
1,2908,68812930000000,68812930067000,68812930095000,28000,95000,67000,68812940000000,0,0,0
1,2909,68812940000000,68812940062875,68812940090375,27500,90375,62875,68812950000000,0,0,0
1,2910,68812950000000,68812950062375,68812950089875,27500,89875,62375,68812960000000,0,0,0
1,2911,68812960000000,68812960066750,68812960093750,27000,93750,66750,68812970000000,0,0,0
1,2912,68812970000000,68812970062625,68812970090125,27500,90125,62625,68812980000000,0,0,0
1,2913,68812980000000,68812980062375,68812980089500,27125,89500,62375,68812990000000,0,0,0
1,2914,68812990000000,68812990066750,68812990094125,27375,94125,66750,68813000000000,0,0,0
1,2915,68813000000000,68813000062875,68813000091375,28500,91375,62875,68813010000000,0,0,0
1,2916,68813010000000,68813010066625,68813010094375,27750,94375,66625,68813020000000,0,0,0
1,2917,68813020000000,68813020061750,68813020090375,28625,90375,61750,68813030000000,0,0,0
1,2918,68813030000000,68813030066875,68813030094500,27625,94500,66875,68813040000000,0,0,0
1,2919,68813040000000,68813040062750,68813040090500,27750,90500,62750,68813050000000,0,0,0
1,2920,68813050000000,68813050062625,68813050089875,27250,89875,62625,68813060000000,0,0,0
1,2921,68813060000000,68813060062750,68813060090625,27875,90625,62750,68813070000000,0,0,0
1,2922,68813070000000,68813070062625,68813070090250,27625,90250,62625,68813080000000,0,0,0
1,2923,68813080000000,68813080067000,68813080095375,28375,95375,67000,68813090000000,0,0,0
1,2924,68813090000000,68813090062750,68813090089875,27125,89875,62750,68813100000000,0,0,0
1,2925,68813100000000,68813100062500,68813100091250,28750,91250,62500,68813110000000,0,0,0
1,2926,68813110000000,68813110066750,68813110094125,27375,94125,66750,68813120000000,0,0,0
1,2927,68813120000000,68813120062750,68813120089375,26625,89375,62750,68813130000000,0,0,0
1,2928,68813130000000,68813130061625,68813130090250,28625,90250,61625,68813140000000,0,0,0
1,2929,68813140000000,68813140067125,68813140094875,27750,94875,67125,68813150000000,0,0,0
1,2930,68813150000000,68813150062625,68813150088750,26125,88750,62625,68813160000000,0,0,0
1,2931,68813160000000,68813160062625,68813160090250,27625,90250,62625,68813170000000,0,0,0
1,2932,68813170000000,68813170066750,68813170093500,26750,93500,66750,68813180000000,0,0,0
1,2933,68813180000000,68813180062750,68813180090750,28000,90750,62750,68813190000000,0,0,0
1,2934,68813190000000,68813190066750,68813190094250,27500,94250,66750,68813200000000,0,0,0
1,2935,68813200000000,68813200062625,68813200090750,28125,90750,62625,68813210000000,0,0,0
1,2936,68813210000000,68813210068250,68813210096250,28000,96250,68250,68813220000000,0,0,0
1,2937,68813220000000,68813220063000,68813220091000,28000,91000,63000,68813230000000,0,0,0
1,2938,68813230000000,68813230062625,68813230090000,27375,90000,62625,68813240000000,0,0,0
1,2939,68813240000000,68813240066875,68813240094875,28000,94875,66875,68813250000000,0,0,0
1,2940,68813250000000,68813250062625,68813250090000,27375,90000,62625,68813260000000,0,0,0
1,2941,68813260000000,68813260066875,68813260094625,27750,94625,66875,68813270000000,0,0,0
1,2942,68813270000000,68813270062625,68813270090000,27375,90000,62625,68813280000000,0,0,0
1,2943,68813280000000,68813280066875,68813280094625,27750,94625,66875,68813290000000,0,0,0
1,2944,68813290000000,68813290062625,68813290091000,28375,91000,62625,68813300000000,0,0,0
1,2945,68813300000000,68813300062375,68813300089875,27500,89875,62375,68813310000000,0,0,0
1,2946,68813310000000,68813310066750,68813310094250,27500,94250,66750,68813320000000,0,0,0
1,2947,68813320000000,68813320062750,68813320090375,27625,90375,62750,68813330000000,0,0,0
1,2948,68813330000000,68813330067000,68813330094375,27375,94375,67000,68813340000000,0,0,0
1,2949,68813340000000,68813340062875,68813340090750,27875,90750,62875,68813350000000,0,0,0
1,2950,68813350000000,68813350066875,68813350094000,27125,94000,66875,68813360000000,0,0,0
1,2951,68813360000000,68813360062750,68813360090500,27750,90500,62750,68813370000000,0,0,0
1,2952,68813370000000,68813370062625,68813370091000,28375,91000,62625,68813380000000,0,0,0
1,2953,68813380000000,68813380062625,68813380090250,27625,90250,62625,68813390000000,0,0,0
1,2954,68813390000000,68813390062500,68813390090250,27750,90250,62500,68813400000000,0,0,0
1,2955,68813400000000,68813400066750,68813400094875,28125,94875,66750,68813410000000,0,0,0
1,2956,68813410000000,68813410062625,68813410090125,27500,90125,62625,68813420000000,0,0,0
1,2957,68813420000000,68813420066875,68813420094000,27125,94000,66875,68813430000000,0,0,0
1,2958,68813430000000,68813430062625,68813430089875,27250,89875,62625,68813440000000,0,0,0
1,2959,68813440000000,68813440062500,68813440090375,27875,90375,62500,68813450000000,0,0,0
1,2960,68813450000000,68813450066875,68813450094375,27500,94375,66875,68813460000000,0,0,0
1,2961,68813460000000,68813460064625,68813460095625,31000,95625,64625,68813470000000,0,0,0
1,2962,68813470000000,68813470068250,68813470096000,27750,96000,68250,68813480000000,0,0,0
1,2963,68813480000000,68813480063250,68813480091125,27875,91125,63250,68813490000000,0,0,0
1,2964,68813490000000,68813490062500,68813490090875,28375,90875,62500,68813500000000,0,0,0
1,2965,68813500000000,68813500066750,68813500094750,28000,94750,66750,68813510000000,0,0,0
1,2966,68813510000000,68813510062750,68813510090250,27500,90250,62750,68813520000000,0,0,0
1,2967,68813520000000,68813520066750,68813520094750,28000,94750,66750,68813530000000,0,0,0
1,2968,68813530000000,68813530062500,68813530089750,27250,89750,62500,68813540000000,0,0,0
1,2969,68813540000000,68813540071750,68813540192125,120375,192125,71750,68813550000000,0,0,0
1,2970,68813550000000,68813550064500,68813550126375,61875,126375,64500,68813560000000,0,0,0
1,2971,68813560000000,68813560063500,68813560092000,28500,92000,63500,68813570000000,0,0,0
1,2972,68813570000000,68813570068250,68813570096125,27875,96125,68250,68813580000000,0,0,0
1,2973,68813580000000,68813580063125,68813580090875,27750,90875,63125,68813590000000,0,0,0
1,2974,68813590000000,68813590061750,68813590089375,27625,89375,61750,68813600000000,0,0,0
1,2975,68813600000000,68813600067250,68813600094750,27500,94750,67250,68813610000000,0,0,0
1,2976,68813610000000,68813610062875,68813610090375,27500,90375,62875,68813620000000,0,0,0
1,2977,68813620000000,68813620062500,68813620090250,27750,90250,62500,68813630000000,0,0,0
1,2978,68813630000000,68813630067000,68813630094375,27375,94375,67000,68813640000000,0,0,0
1,2979,68813640000000,68813640062625,68813640090500,27875,90500,62625,68813650000000,0,0,0
1,2980,68813650000000,68813650067125,68813650094500,27375,94500,67125,68813660000000,0,0,0
1,2981,68813660000000,68813660065375,68813660094000,28625,94000,65375,68813670000000,0,0,0
1,2982,68813670000000,68813670067250,68813670094875,27625,94875,67250,68813680000000,0,0,0
1,2983,68813680000000,68813680062625,68813680090875,28250,90875,62625,68813690000000,0,0,0
1,2984,68813690000000,68813690062500,68813690089875,27375,89875,62500,68813700000000,0,0,0
1,2985,68813700000000,68813700062625,68813700090625,28000,90625,62625,68813710000000,0,0,0
1,2986,68813710000000,68813710062500,68813710090875,28375,90875,62500,68813720000000,0,0,0
1,2987,68813720000000,68813720066875,68813720095375,28500,95375,66875,68813730000000,0,0,0
1,2988,68813730000000,68813730062375,68813730089750,27375,89750,62375,68813740000000,0,0,0
1,2989,68813740000000,68813740061625,68813740089375,27750,89375,61625,68813750000000,0,0,0
1,2990,68813750000000,68813750067250,68813750095625,28375,95625,67250,68813760000000,0,0,0
1,2991,68813760000000,68813760062750,68813760090625,27875,90625,62750,68813770000000,0,0,0
1,2992,68813770000000,68813770062250,68813770089625,27375,89625,62250,68813780000000,0,0,0
1,2993,68813780000000,68813780066625,68813780094375,27750,94375,66625,68813790000000,0,0,0
1,2994,68813790000000,68813790062750,68813790090000,27250,90000,62750,68813800000000,0,0,0
1,2995,68813800000000,68813800067000,68813800094625,27625,94625,67000,68813810000000,0,0,0
1,2996,68813810000000,68813810062625,68813810089875,27250,89875,62625,68813820000000,0,0,0
1,2997,68813820000000,68813820031500,68813820060500,29000,60500,31500,68813830000000,0,0,0
1,2998,68813830000000,68813830067875,68813830096000,28125,96000,67875,68813840000000,0,0,0
1,2999,68813840000000,68813840063000,68813840090500,27500,90500,63000,68813850000000,0,0,0
1,3000,68813850000000,68813850062750,68813850090500,27750,90500,62750,68813860000000,0,0,0
1,3001,68813860000000,68813860067000,68813860094375,27375,94375,67000,68813870000000,0,0,0
1,3002,68813870000000,68813870062625,68813870090250,27625,90250,62625,68813880000000,0,0,0
1,3003,68813880000000,68813880068250,68813880095625,27375,95625,68250,68813890000000,0,0,0
1,3004,68813890000000,68813890062750,68813890090125,27375,90125,62750,68813900000000,0,0,0
1,3005,68813900000000,68813900062750,68813900090250,27500,90250,62750,68813910000000,0,0,0
1,3006,68813910000000,68813910066875,68813910094500,27625,94500,66875,68813920000000,0,0,0
1,3007,68813920000000,68813920062875,68813920091250,28375,91250,62875,68813930000000,0,0,0
1,3008,68813930000000,68813930066625,68813930094375,27750,94375,66625,68813940000000,0,0,0
1,3009,68813940000000,68813940063000,68813940090500,27500,90500,63000,68813950000000,0,0,0
1,3010,68813950000000,68813950067125,68813950094875,27750,94875,67125,68813960000000,0,0,0
1,3011,68813960000000,68813960062750,68813960090250,27500,90250,62750,68813970000000,0,0,0
1,3012,68813970000000,68813970062375,68813970090250,27875,90250,62375,68813980000000,0,0,0
1,3013,68813980000000,68813980066625,68813980094250,27625,94250,66625,68813990000000,0,0,0
1,3014,68813990000000,68813990062750,68813990090625,27875,90625,62750,68814000000000,0,0,0
1,3015,68814000000000,68814000067000,68814000094375,27375,94375,67000,68814010000000,0,0,0
1,3016,68814010000000,68814010062875,68814010090625,27750,90625,62875,68814020000000,0,0,0
1,3017,68814020000000,68814020067000,68814020094375,27375,94375,67000,68814030000000,0,0,0
1,3018,68814030000000,68814030062625,68814030090375,27750,90375,62625,68814040000000,0,0,0
1,3019,68814040000000,68814040066875,68814040094250,27375,94250,66875,68814050000000,0,0,0
1,3020,68814050000000,68814050062625,68814050090375,27750,90375,62625,68814060000000,0,0,0
1,3021,68814060000000,68814060062625,68814060089750,27125,89750,62625,68814070000000,0,0,0
1,3022,68814070000000,68814070066875,68814070094625,27750,94625,66875,68814080000000,0,0,0
1,3023,68814080000000,68814080062750,68814080090000,27250,90000,62750,68814090000000,0,0,0
1,3024,68814090000000,68814090062375,68814090090000,27625,90000,62375,68814100000000,0,0,0
1,3025,68814100000000,68814100066875,68814100094250,27375,94250,66875,68814110000000,0,0,0
1,3026,68814110000000,68814110064750,68814110093875,29125,93875,64750,68814120000000,0,0,0
1,3027,68814120000000,68814120067625,68814120095250,27625,95250,67625,68814130000000,0,0,0
1,3028,68814130000000,68814130062375,68814130090125,27750,90125,62375,68814140000000,0,0,0
1,3029,68814140000000,68814140066875,68814140094250,27375,94250,66875,68814150000000,0,0,0
1,3030,68814150000000,68814150061750,68814150090375,28625,90375,61750,68814160000000,0,0,0
1,3031,68814160000000,68814160067125,68814160094625,27500,94625,67125,68814170000000,0,0,0
1,3032,68814170000000,68814170062750,68814170090250,27500,90250,62750,68814180000000,0,0,0
1,3033,68814180000000,68814180062625,68814180090250,27625,90250,62625,68814190000000,0,0,0
1,3034,68814190000000,68814190062875,68814190090000,27125,90000,62875,68814200000000,0,0,0
1,3035,68814200000000,68814200062750,68814200091375,28625,91375,62750,68814210000000,0,0,0
1,3036,68814210000000,68814210067000,68814210095875,28875,95875,67000,68814220000000,0,0,0
1,3037,68814220000000,68814220062750,68814220091250,28500,91250,62750,68814230000000,0,0,0
1,3038,68814230000000,68814230066875,68814230093375,26500,93375,66875,68814240000000,0,0,0
1,3039,68814240000000,68814240062500,68814240090125,27625,90125,62500,68814250000000,0,0,0
1,3040,68814250000000,68814250062500,68814250090500,28000,90500,62500,68814260000000,0,0,0
1,3041,68814260000000,68814260067000,68814260093750,26750,93750,67000,68814270000000,0,0,0
1,3042,68814270000000,68814270062750,68814270090250,27500,90250,62750,68814280000000,0,0,0
1,3043,68814280000000,68814280067125,68814280094000,26875,94000,67125,68814290000000,0,0,0
1,3044,68814290000000,68814290062750,68814290090750,28000,90750,62750,68814300000000,0,0,0
1,3045,68814300000000,68814300062500,68814300090000,27500,90000,62500,68814310000000,0,0,0
1,3046,68814310000000,68814310066875,68814310094875,28000,94875,66875,68814320000000,0,0,0
1,3047,68814320000000,68814320062500,68814320090000,27500,90000,62500,68814330000000,0,0,0
1,3048,68814330000000,68814330066875,68814330094750,27875,94750,66875,68814340000000,0,0,0
1,3049,68814340000000,68814340062625,68814340089875,27250,89875,62625,68814350000000,0,0,0
1,3050,68814350000000,68814350066750,68814350094625,27875,94625,66750,68814360000000,0,0,0
1,3051,68814360000000,68814360062875,68814360090375,27500,90375,62875,68814370000000,0,0,0
1,3052,68814370000000,68814370066875,68814370094625,27750,94625,66875,68814380000000,0,0,0
1,3053,68814380000000,68814380062750,68814380090125,27375,90125,62750,68814390000000,0,0,0
1,3054,68814390000000,68814390066625,68814390094500,27875,94500,66625,68814400000000,0,0,0
1,3055,68814400000000,68814400062750,68814400090625,27875,90625,62750,68814410000000,0,0,0
1,3056,68814410000000,68814410062625,68814410089750,27125,89750,62625,68814420000000,0,0,0
1,3057,68814420000000,68814420067000,68814420094375,27375,94375,67000,68814430000000,0,0,0
1,3058,68814430000000,68814430060625,68814430088250,27625,88250,60625,68814440000000,0,0,0
1,3059,68814440000000,68814440041375,68814440069250,27875,69250,41375,68814450000000,0,0,0
1,3060,68814450000000,68814450068375,68814450096000,27625,96000,68375,68814460000000,0,0,0
1,3061,68814460000000,68814460063125,68814460092500,29375,92500,63125,68814470000000,0,0,0
1,3062,68814470000000,68814470062875,68814470091250,28375,91250,62875,68814480000000,0,0,0
1,3063,68814480000000,68814480067000,68814480094500,27500,94500,67000,68814490000000,0,0,0
1,3064,68814490000000,68814490062750,68814490090500,27750,90500,62750,68814500000000,0,0,0
1,3065,68814500000000,68814500066625,68814500093875,27250,93875,66625,68814510000000,0,0,0
1,3066,68814510000000,68814510062500,68814510090250,27750,90250,62500,68814520000000,0,0,0
1,3067,68814520000000,68814520066875,68814520094500,27625,94500,66875,68814530000000,0,0,0
1,3068,68814530000000,68814530062750,68814530090625,27875,90625,62750,68814540000000,0,0,0
1,3069,68814540000000,68814540062500,68814540089750,27250,89750,62500,68814550000000,0,0,0
1,3070,68814550000000,68814550066875,68814550094500,27625,94500,66875,68814560000000,0,0,0
1,3071,68814560000000,68814560064500,68814560093500,29000,93500,64500,68814570000000,0,0,0
1,3072,68814570000000,68814570067125,68814570095250,28125,95250,67125,68814580000000,0,0,0
1,3073,68814580000000,68814580063250,68814580091625,28375,91625,63250,68814590000000,0,0,0
1,3074,68814590000000,68814590062500,68814590089750,27250,89750,62500,68814600000000,0,0,0
1,3075,68814600000000,68814600067000,68814600094375,27375,94375,67000,68814610000000,0,0,0
1,3076,68814610000000,68814610062500,68814610090125,27625,90125,62500,68814620000000,0,0,0
1,3077,68814620000000,68814620062500,68814620090000,27500,90000,62500,68814630000000,0,0,0
1,3078,68814630000000,68814630066750,68814630094250,27500,94250,66750,68814640000000,0,0,0
1,3079,68814640000000,68814640062750,68814640090125,27375,90125,62750,68814650000000,0,0,0
1,3080,68814650000000,68814650066750,68814650094250,27500,94250,66750,68814660000000,0,0,0
1,3081,68814660000000,68814660062875,68814660090375,27500,90375,62875,68814670000000,0,0,0
1,3082,68814670000000,68814670062500,68814670090250,27750,90250,62500,68814680000000,0,0,0
1,3083,68814680000000,68814680062875,68814680090125,27250,90125,62875,68814690000000,0,0,0
1,3084,68814690000000,68814690062375,68814690090250,27875,90250,62375,68814700000000,0,0,0
1,3085,68814700000000,68814700066875,68814700094750,27875,94750,66875,68814710000000,0,0,0
1,3086,68814710000000,68814710062750,68814710090625,27875,90625,62750,68814720000000,0,0,0
1,3087,68814720000000,68814720066750,68814720094250,27500,94250,66750,68814730000000,0,0,0
1,3088,68814730000000,68814730062500,68814730090375,27875,90375,62500,68814740000000,0,0,0
1,3089,68814740000000,68814740062500,68814740090000,27500,90000,62500,68814750000000,0,0,0
1,3090,68814750000000,68814750066750,68814750094125,27375,94125,66750,68814760000000,0,0,0
1,3091,68814760000000,68814760061625,68814760088875,27250,88875,61625,68814770000000,0,0,0
1,3092,68814770000000,68814770066875,68814770094875,28000,94875,66875,68814780000000,0,0,0
1,3093,68814780000000,68814780062750,68814780090250,27500,90250,62750,68814790000000,0,0,0
1,3094,68814790000000,68814790066625,68814790094375,27750,94375,66625,68814800000000,0,0,0
1,3095,68814800000000,68814800062625,68814800090000,27375,90000,62625,68814810000000,0,0,0
1,3096,68814810000000,68814810062500,68814810090000,27500,90000,62500,68814820000000,0,0,0
1,3097,68814820000000,68814820068875,68814820146000,77125,146000,68875,68814830000000,0,0,0
1,3098,68814830000000,68814830064750,68814830104875,40125,104875,64750,68814840000000,0,0,0
1,3099,68814840000000,68814840072250,68814840100875,28625,100875,72250,68814850000000,0,0,0
1,3100,68814850000000,68814850063125,68814850090125,27000,90125,63125,68814860000000,0,0,0
1,3101,68814860000000,68814860067500,68814860095500,28000,95500,67500,68814870000000,0,0,0
1,3102,68814870000000,68814870063250,68814870091625,28375,91625,63250,68814880000000,0,0,0
1,3103,68814880000000,68814880069125,68814880097000,27875,97000,69125,68814890000000,0,0,0
1,3104,68814890000000,68814890063000,68814890090500,27500,90500,63000,68814900000000,0,0,0
1,3105,68814900000000,68814900062750,68814900089875,27125,89875,62750,68814910000000,0,0,0
1,3106,68814910000000,68814910066750,68814910094125,27375,94125,66750,68814920000000,0,0,0
1,3107,68814920000000,68814920063125,68814920090250,27125,90250,63125,68814930000000,0,0,0
1,3108,68814930000000,68814930067375,68814930094625,27250,94625,67375,68814940000000,0,0,0
1,3109,68814940000000,68814940061875,68814940089625,27750,89625,61875,68814950000000,0,0,0
1,3110,68814950000000,68814950066875,68814950094250,27375,94250,66875,68814960000000,0,0,0
1,3111,68814960000000,68814960063000,68814960090625,27625,90625,63000,68814970000000,0,0,0
1,3112,68814970000000,68814970067250,68814970096125,28875,96125,67250,68814980000000,0,0,0
1,3113,68814980000000,68814980063250,68814980090000,26750,90000,63250,68814990000000,0,0,0
1,3114,68814990000000,68814990062625,68814990090125,27500,90125,62625,68815000000000,0,0,0
1,3115,68815000000000,68815000067000,68815000094750,27750,94750,67000,68815010000000,0,0,0
1,3116,68815010000000,68815010064750,68815010093125,28375,93125,64750,68815020000000,0,0,0
1,3117,68815020000000,68815020068250,68815020096000,27750,96000,68250,68815030000000,0,0,0
1,3118,68815030000000,68815030062750,68815030091625,28875,91625,62750,68815040000000,0,0,0
1,3119,68815040000000,68815040062625,68815040090375,27750,90375,62625,68815050000000,0,0,0
1,3120,68815050000000,68815050067625,68815050095125,27500,95125,67625,68815060000000,0,0,0
1,3121,68815060000000,68815060062625,68815060090375,27750,90375,62625,68815070000000,0,0,0
1,3122,68815070000000,68815070062500,68815070089750,27250,89750,62500,68815080000000,0,0,0
1,3123,68815080000000,68815080066875,68815080094875,28000,94875,66875,68815090000000,0,0,0
1,3124,68815090000000,68815090062375,68815090089625,27250,89625,62375,68815100000000,0,0,0
1,3125,68815100000000,68815100067000,68815100094625,27625,94625,67000,68815110000000,0,0,0
1,3126,68815110000000,68815110062875,68815110090375,27500,90375,62875,68815120000000,0,0,0
1,3127,68815120000000,68815120067000,68815120094750,27750,94750,67000,68815130000000,0,0,0
1,3128,68815130000000,68815130062750,68815130090125,27375,90125,62750,68815140000000,0,0,0
1,3129,68815140000000,68815140067125,68815140095000,27875,95000,67125,68815150000000,0,0,0
1,3130,68815150000000,68815150063000,68815150090375,27375,90375,63000,68815160000000,0,0,0
1,3131,68815160000000,68815160067000,68815160095000,28000,95000,67000,68815170000000,0,0,0
1,3132,68815170000000,68815170061875,68815170089125,27250,89125,61875,68815180000000,0,0,0
1,3133,68815180000000,68815180067250,68815180095250,28000,95250,67250,68815190000000,0,0,0
1,3134,68815190000000,68815190063000,68815190090375,27375,90375,63000,68815200000000,0,0,0
1,3135,68815200000000,68815200062500,68815200090125,27625,90125,62500,68815210000000,0,0,0
1,3136,68815210000000,68815210066875,68815210094375,27500,94375,66875,68815220000000,0,0,0
1,3137,68815220000000,68815220062875,68815220091500,28625,91500,62875,68815230000000,0,0,0
1,3138,68815230000000,68815230067000,68815230094250,27250,94250,67000,68815240000000,0,0,0
1,3139,68815240000000,68815240062875,68815240090500,27625,90500,62875,68815250000000,0,0,0
1,3140,68815250000000,68815250062625,68815250090125,27500,90125,62625,68815260000000,0,0,0
1,3141,68815260000000,68815260066875,68815260094375,27500,94375,66875,68815270000000,0,0,0
1,3142,68815270000000,68815270062750,68815270090000,27250,90000,62750,68815280000000,0,0,0
1,3143,68815280000000,68815280067000,68815280094250,27250,94250,67000,68815290000000,0,0,0
1,3144,68815290000000,68815290062750,68815290090125,27375,90125,62750,68815300000000,0,0,0
1,3145,68815300000000,68815300067250,68815300094875,27625,94875,67250,68815310000000,0,0,0
1,3146,68815310000000,68815310062875,68815310089750,26875,89750,62875,68815320000000,0,0,0
1,3147,68815320000000,68815320062625,68815320090375,27750,90375,62625,68815330000000,0,0,0
1,3148,68815330000000,68815330066875,68815330094250,27375,94250,66875,68815340000000,0,0,0
1,3149,68815340000000,68815340062750,68815340090625,27875,90625,62750,68815350000000,0,0,0
1,3150,68815350000000,68815350066875,68815350093875,27000,93875,66875,68815360000000,0,0,0
1,3151,68815360000000,68815360062875,68815360091375,28500,91375,62875,68815370000000,0,0,0
1,3152,68815370000000,68815370067000,68815370094625,27625,94625,67000,68815380000000,0,0,0
1,3153,68815380000000,68815380063000,68815380090750,27750,90750,63000,68815390000000,0,0,0
1,3154,68815390000000,68815390066875,68815390094375,27500,94375,66875,68815400000000,0,0,0
1,3155,68815400000000,68815400062875,68815400090625,27750,90625,62875,68815410000000,0,0,0
1,3156,68815410000000,68815410066875,68815410094250,27375,94250,66875,68815420000000,0,0,0
1,3157,68815420000000,68815420062750,68815420090750,28000,90750,62750,68815430000000,0,0,0
1,3158,68815430000000,68815430062500,68815430089750,27250,89750,62500,68815440000000,0,0,0
1,3159,68815440000000,68815440066750,68815440094875,28125,94875,66750,68815450000000,0,0,0
1,3160,68815450000000,68815450062750,68815450090000,27250,90000,62750,68815460000000,0,0,0
1,3161,68815460000000,68815460069125,68815460097125,28000,97125,69125,68815470000000,0,0,0
1,3162,68815470000000,68815470063000,68815470090500,27500,90500,63000,68815480000000,0,0,0
1,3163,68815480000000,68815480062875,68815480090625,27750,90625,62875,68815490000000,0,0,0
1,3164,68815490000000,68815490062625,68815490089875,27250,89875,62625,68815500000000,0,0,0
1,3165,68815500000000,68815500062625,68815500090125,27500,90125,62625,68815510000000,0,0,0
1,3166,68815510000000,68815510066875,68815510094125,27250,94125,66875,68815520000000,0,0,0
1,3167,68815520000000,68815520062500,68815520089875,27375,89875,62500,68815530000000,0,0,0
1,3168,68815530000000,68815530062625,68815530089750,27125,89750,62625,68815540000000,0,0,0
1,3169,68815540000000,68815540066875,68815540094500,27625,94500,66875,68815550000000,0,0,0
1,3170,68815550000000,68815550063000,68815550090500,27500,90500,63000,68815560000000,0,0,0
1,3171,68815560000000,68815560067000,68815560094750,27750,94750,67000,68815570000000,0,0,0
1,3172,68815570000000,68815570062750,68815570090375,27625,90375,62750,68815580000000,0,0,0
1,3173,68815580000000,68815580067125,68815580094750,27625,94750,67125,68815590000000,0,0,0
1,3174,68815590000000,68815590062750,68815590090250,27500,90250,62750,68815600000000,0,0,0
1,3175,68815600000000,68815600062500,68815600090250,27750,90250,62500,68815610000000,0,0,0
1,3176,68815610000000,68815610066875,68815610094250,27375,94250,66875,68815620000000,0,0,0
1,3177,68815620000000,68815620063250,68815620090875,27625,90875,63250,68815630000000,0,0,0
1,3178,68815630000000,68815630066875,68815630095250,28375,95250,66875,68815640000000,0,0,0
1,3179,68815640000000,68815640062750,68815640090500,27750,90500,62750,68815650000000,0,0,0
1,3180,68815650000000,68815650067000,68815650094250,27250,94250,67000,68815660000000,0,0,0
1,3181,68815660000000,68815660062750,68815660090250,27500,90250,62750,68815670000000,0,0,0
1,3182,68815670000000,68815670062375,68815670089875,27500,89875,62375,68815680000000,0,0,0
1,3183,68815680000000,68815680067000,68815680094875,27875,94875,67000,68815690000000,0,0,0
1,3184,68815690000000,68815690062875,68815690090250,27375,90250,62875,68815700000000,0,0,0
1,3185,68815700000000,68815700066750,68815700094750,28000,94750,66750,68815710000000,0,0,0
1,3186,68815710000000,68815710062625,68815710089875,27250,89875,62625,68815720000000,0,0,0
1,3187,68815720000000,68815720067000,68815720094750,27750,94750,67000,68815730000000,0,0,0
1,3188,68815730000000,68815730062875,68815730090250,27375,90250,62875,68815740000000,0,0,0
1,3189,68815740000000,68815740062500,68815740090875,28375,90875,62500,68815750000000,0,0,0
1,3190,68815750000000,68815750066875,68815750094375,27500,94375,66875,68815760000000,0,0,0
1,3191,68815760000000,68815760062875,68815760090125,27250,90125,62875,68815770000000,0,0,0
1,3192,68815770000000,68815770066875,68815770094250,27375,94250,66875,68815780000000,0,0,0
1,3193,68815780000000,68815780061625,68815780089250,27625,89250,61625,68815790000000,0,0,0
1,3194,68815790000000,68815790067125,68815790094625,27500,94625,67125,68815800000000,0,0,0
1,3195,68815800000000,68815800062875,68815800089750,26875,89750,62875,68815810000000,0,0,0
1,3196,68815810000000,68815810063250,68815810089750,26500,89750,63250,68815820000000,0,0,0
1,3197,68815820000000,68815820067125,68815820095125,28000,95125,67125,68815830000000,0,0,0
1,3198,68815830000000,68815830063000,68815830090625,27625,90625,63000,68815840000000,0,0,0
1,3199,68815840000000,68815840067125,68815840094875,27750,94875,67125,68815850000000,0,0,0
1,3200,68815850000000,68815850062750,68815850090125,27375,90125,62750,68815860000000,0,0,0
1,3201,68815860000000,68815860062500,68815860090375,27875,90375,62500,68815870000000,0,0,0
1,3202,68815870000000,68815870066750,68815870094125,27375,94125,66750,68815880000000,0,0,0
1,3203,68815880000000,68815880064375,68815880092000,27625,92000,64375,68815890000000,0,0,0
1,3204,68815890000000,68815890066500,68815890093875,27375,93875,66500,68815900000000,0,0,0
1,3205,68815900000000,68815900061875,68815900089875,28000,89875,61875,68815910000000,0,0,0
1,3206,68815910000000,68815910069875,68815910098375,28500,98375,69875,68815920000000,0,0,0
1,3207,68815920000000,68815920063250,68815920091125,27875,91125,63250,68815930000000,0,0,0
1,3208,68815930000000,68815930062625,68815930090375,27750,90375,62625,68815940000000,0,0,0
1,3209,68815940000000,68815940067000,68815940094750,27750,94750,67000,68815950000000,0,0,0
1,3210,68815950000000,68815950062875,68815950090375,27500,90375,62875,68815960000000,0,0,0
1,3211,68815960000000,68815960067000,68815960094625,27625,94625,67000,68815970000000,0,0,0
1,3212,68815970000000,68815970063000,68815970090625,27625,90625,63000,68815980000000,0,0,0
1,3213,68815980000000,68815980067000,68815980094875,27875,94875,67000,68815990000000,0,0,0
1,3214,68815990000000,68815990063000,68815990090625,27625,90625,63000,68816000000000,0,0,0
1,3215,68816000000000,68816000066875,68816000094875,28000,94875,66875,68816010000000,0,0,0
1,3216,68816010000000,68816010063500,68816010091125,27625,91125,63500,68816020000000,0,0,0
1,3217,68816020000000,68816020067125,68816020094875,27750,94875,67125,68816030000000,0,0,0
1,3218,68816030000000,68816030063000,68816030090375,27375,90375,63000,68816040000000,0,0,0
1,3219,68816040000000,68816040067125,68816040094875,27750,94875,67125,68816050000000,0,0,0
1,3220,68816050000000,68816050062625,68816050090250,27625,90250,62625,68816060000000,0,0,0
1,3221,68816060000000,68816060062625,68816060090250,27625,90250,62625,68816070000000,0,0,0
1,3222,68816070000000,68816070067000,68816070094375,27375,94375,67000,68816080000000,0,0,0
1,3223,68816080000000,68816080063000,68816080090750,27750,90750,63000,68816090000000,0,0,0
1,3224,68816090000000,68816090066875,68816090093750,26875,93750,66875,68816100000000,0,0,0
1,3225,68816100000000,68816100062750,68816100090500,27750,90500,62750,68816110000000,0,0,0
1,3226,68816110000000,68816110062375,68816110089750,27375,89750,62375,68816120000000,0,0,0
1,3227,68816120000000,68816120066750,68816120094625,27875,94625,66750,68816130000000,0,0,0
1,3228,68816130000000,68816130062625,68816130089875,27250,89875,62625,68816140000000,0,0,0
1,3229,68816140000000,68816140067000,68816140094875,27875,94875,67000,68816150000000,0,0,0
1,3230,68816150000000,68816150062625,68816150089875,27250,89875,62625,68816160000000,0,0,0
1,3231,68816160000000,68816160066750,68816160094625,27875,94625,66750,68816170000000,0,0,0
1,3232,68816170000000,68816170062625,68816170090000,27375,90000,62625,68816180000000,0,0,0
1,3233,68816180000000,68816180062500,68816180089875,27375,89875,62500,68816190000000,0,0,0
1,3234,68816190000000,68816190065750,68816190093250,27500,93250,65750,68816200000000,0,0,0
1,3235,68816200000000,68816200062625,68816200090125,27500,90125,62625,68816210000000,0,0,0
1,3236,68816210000000,68816210067000,68816210094375,27375,94375,67000,68816220000000,0,0,0
1,3237,68816220000000,68816220062875,68816220090500,27625,90500,62875,68816230000000,0,0,0
1,3238,68816230000000,68816230062375,68816230089875,27500,89875,62375,68816240000000,0,0,0
1,3239,68816240000000,68816240067000,68816240094250,27250,94250,67000,68816250000000,0,0,0
1,3240,68816250000000,68816250062625,68816250089875,27250,89875,62625,68816260000000,0,0,0
1,3241,68816260000000,68816260066875,68816260094500,27625,94500,66875,68816270000000,0,0,0
1,3242,68816270000000,68816270062500,68816270089750,27250,89750,62500,68816280000000,0,0,0
1,3243,68816280000000,68816280066875,68816280094500,27625,94500,66875,68816290000000,0,0,0
1,3244,68816290000000,68816290062875,68816290090250,27375,90250,62875,68816300000000,0,0,0
1,3245,68816300000000,68816300067000,68816300094750,27750,94750,67000,68816310000000,0,0,0
1,3246,68816310000000,68816310062750,68816310090250,27500,90250,62750,68816320000000,0,0,0
1,3247,68816320000000,68816320067000,68816320094125,27125,94125,67000,68816330000000,0,0,0
1,3248,68816330000000,68816330062750,68816330089625,26875,89625,62750,68816340000000,0,0,0
1,3249,68816340000000,68816340062500,68816340090250,27750,90250,62500,68816350000000,0,0,0
1,3250,68816350000000,68816350066875,68816350094250,27375,94250,66875,68816360000000,0,0,0
1,3251,68816360000000,68816360064000,68816360092125,28125,92125,64000,68816370000000,0,0,0
1,3252,68816370000000,68816370067000,68816370094875,27875,94875,67000,68816380000000,0,0,0
1,3253,68816380000000,68816380061625,68816380089875,28250,89875,61625,68816390000000,0,0,0
1,3254,68816390000000,68816390066750,68816390094125,27375,94125,66750,68816400000000,0,0,0
1,3255,68816400000000,68816400062875,68816400090750,27875,90750,62875,68816410000000,0,0,0
1,3256,68816410000000,68816410066875,68816410094500,27625,94500,66875,68816420000000,0,0,0
1,3257,68816420000000,68816420062750,68816420090625,27875,90625,62750,68816430000000,0,0,0
1,3258,68816430000000,68816430066875,68816430094500,27625,94500,66875,68816440000000,0,0,0
1,3259,68816440000000,68816440062625,68816440090750,28125,90750,62625,68816450000000,0,0,0
1,3260,68816450000000,68816450067875,68816450095250,27375,95250,67875,68816460000000,0,0,0
1,3261,68816460000000,68816460063750,68816460096125,32375,96125,63750,68816470000000,0,0,0
1,3262,68816470000000,68816470062875,68816470090875,28000,90875,62875,68816480000000,0,0,0
1,3263,68816480000000,68816480068250,68816480095875,27625,95875,68250,68816490000000,0,0,0
1,3264,68816490000000,68816490062750,68816490090375,27625,90375,62750,68816500000000,0,0,0
1,3265,68816500000000,68816500066750,68816500094250,27500,94250,66750,68816510000000,0,0,0
1,3266,68816510000000,68816510062875,68816510090625,27750,90625,62875,68816520000000,0,0,0
1,3267,68816520000000,68816520066875,68816520094250,27375,94250,66875,68816530000000,0,0,0
1,3268,68816530000000,68816530062750,68816530090625,27875,90625,62750,68816540000000,0,0,0
1,3269,68816540000000,68816540062500,68816540090000,27500,90000,62500,68816550000000,0,0,0
1,3270,68816550000000,68816550066875,68816550093875,27000,93875,66875,68816560000000,0,0,0
1,3271,68816560000000,68816560062750,68816560090250,27500,90250,62750,68816570000000,0,0,0
1,3272,68816570000000,68816570066875,68816570094000,27125,94000,66875,68816580000000,0,0,0
1,3273,68816580000000,68816580063000,68816580090250,27250,90250,63000,68816590000000,0,0,0
1,3274,68816590000000,68816590067000,68816590094625,27625,94625,67000,68816600000000,0,0,0
1,3275,68816600000000,68816600062875,68816600090375,27500,90375,62875,68816610000000,0,0,0
1,3276,68816610000000,68816610067000,68816610094625,27625,94625,67000,68816620000000,0,0,0
1,3277,68816620000000,68816620062750,68816620090250,27500,90250,62750,68816630000000,0,0,0
1,3278,68816630000000,68816630062500,68816630090250,27750,90250,62500,68816640000000,0,0,0
1,3279,68816640000000,68816640066875,68816640094375,27500,94375,66875,68816650000000,0,0,0
1,3280,68816650000000,68816650062625,68816650090500,27875,90500,62625,68816660000000,0,0,0
1,3281,68816660000000,68816660066875,68816660094250,27375,94250,66875,68816670000000,0,0,0
1,3282,68816670000000,68816670062500,68816670090375,27875,90375,62500,68816680000000,0,0,0
1,3283,68816680000000,68816680062625,68816680089875,27250,89875,62625,68816690000000,0,0,0
1,3284,68816690000000,68816690066875,68816690094625,27750,94625,66875,68816700000000,0,0,0
1,3285,68816700000000,68816700062625,68816700090000,27375,90000,62625,68816710000000,0,0,0
1,3286,68816710000000,68816710066750,68816710094750,28000,94750,66750,68816720000000,0,0,0
1,3287,68816720000000,68816720062750,68816720090000,27250,90000,62750,68816730000000,0,0,0
1,3288,68816730000000,68816730067000,68816730094750,27750,94750,67000,68816740000000,0,0,0
1,3289,68816740000000,68816740062625,68816740090125,27500,90125,62625,68816750000000,0,0,0
1,3290,68816750000000,68816750062625,68816750090125,27500,90125,62625,68816760000000,0,0,0
1,3291,68816760000000,68816760066875,68816760094250,27375,94250,66875,68816770000000,0,0,0
1,3292,68816770000000,68816770062625,68816770090250,27625,90250,62625,68816780000000,0,0,0
1,3293,68816780000000,68816780067000,68816780094250,27250,94250,67000,68816790000000,0,0,0
1,3294,68816790000000,68816790062875,68816790089875,27000,89875,62875,68816800000000,0,0,0
1,3295,68816800000000,68816800061500,68816800088625,27125,88625,61500,68816810000000,0,0,0
1,3296,68816810000000,68816810069500,68816810099000,29500,99000,69500,68816820000000,0,0,0
1,3297,68816820000000,68816820063250,68816820090625,27375,90625,63250,68816830000000,0,0,0
1,3298,68816830000000,68816830060875,68816830088375,27500,88375,60875,68816840000000,0,0,0
1,3299,68816840000000,68816840067375,68816840095250,27875,95250,67375,68816850000000,0,0,0
1,3300,68816850000000,68816850062875,68816850090250,27375,90250,62875,68816860000000,0,0,0
1,3301,68816860000000,68816860070375,68816860097750,27375,97750,70375,68816870000000,0,0,0
1,3302,68816870000000,68816870067875,68816870096375,28500,96375,67875,68816880000000,0,0,0
1,3303,68816880000000,68816880064250,68816880092000,27750,92000,64250,68816890000000,0,0,0
1,3304,68816890000000,68816890067625,68816890094750,27125,94750,67625,68816900000000,0,0,0
1,3305,68816900000000,68816900062875,68816900090375,27500,90375,62875,68816910000000,0,0,0
1,3306,68816910000000,68816910062875,68816910090375,27500,90375,62875,68816920000000,0,0,0
1,3307,68816920000000,68816920067000,68816920094500,27500,94500,67000,68816930000000,0,0,0
1,3308,68816930000000,68816930063000,68816930090625,27625,90625,63000,68816940000000,0,0,0
1,3309,68816940000000,68816940067000,68816940094625,27625,94625,67000,68816950000000,0,0,0
1,3310,68816950000000,68816950062750,68816950090125,27375,90125,62750,68816960000000,0,0,0
1,3311,68816960000000,68816960067125,68816960094750,27625,94750,67125,68816970000000,0,0,0
1,3312,68816970000000,68816970062625,68816970090125,27500,90125,62625,68816980000000,0,0,0
1,3313,68816980000000,68816980067000,68816980096000,29000,96000,67000,68816990000000,0,0,0
1,3314,68816990000000,68816990061750,68816990088625,26875,88625,61750,68817000000000,0,0,0
1,3315,68817000000000,68817000062750,68817000090375,27625,90375,62750,68817010000000,0,0,0
1,3316,68817010000000,68817010066875,68817010094500,27625,94500,66875,68817020000000,0,0,0
1,3317,68817020000000,68817020062875,68817020090625,27750,90625,62875,68817030000000,0,0,0
1,3318,68817030000000,68817030067000,68817030095875,28875,95875,67000,68817040000000,0,0,0
1,3319,68817040000000,68817040063000,68817040091750,28750,91750,63000,68817050000000,0,0,0
1,3320,68817050000000,68817050062500,68817050089875,27375,89875,62500,68817060000000,0,0,0
1,3321,68817060000000,68817060067000,68817060094875,27875,94875,67000,68817070000000,0,0,0
1,3322,68817070000000,68817070062750,68817070089875,27125,89875,62750,68817080000000,0,0,0
1,3323,68817080000000,68817080067125,68817080094750,27625,94750,67125,68817090000000,0,0,0
1,3324,68817090000000,68817090062750,68817090090125,27375,90125,62750,68817100000000,0,0,0
1,3325,68817100000000,68817100067000,68817100095625,28625,95625,67000,68817110000000,0,0,0
1,3326,68817110000000,68817110062750,68817110090375,27625,90375,62750,68817120000000,0,0,0
1,3327,68817120000000,68817120067125,68817120095000,27875,95000,67125,68817130000000,0,0,0
1,3328,68817130000000,68817130062750,68817130090000,27250,90000,62750,68817140000000,0,0,0
1,3329,68817140000000,68817140062625,68817140090000,27375,90000,62625,68817150000000,0,0,0
1,3330,68817150000000,68817150067250,68817150094625,27375,94625,67250,68817160000000,0,0,0
1,3331,68817160000000,68817160062750,68817160090625,27875,90625,62750,68817170000000,0,0,0
1,3332,68817170000000,68817170066875,68817170093750,26875,93750,66875,68817180000000,0,0,0
1,3333,68817180000000,68817180062750,68817180089875,27125,89875,62750,68817190000000,0,0,0
1,3334,68817190000000,68817190066875,68817190094375,27500,94375,66875,68817200000000,0,0,0
1,3335,68817200000000,68817200062625,68817200090250,27625,90250,62625,68817210000000,0,0,0
1,3336,68817210000000,68817210061750,68817210089125,27375,89125,61750,68817220000000,0,0,0
1,3337,68817220000000,68817220067375,68817220095125,27750,95125,67375,68817230000000,0,0,0
1,3338,68817230000000,68817230062875,68817230090000,27125,90000,62875,68817240000000,0,0,0
1,3339,68817240000000,68817240062750,68817240090375,27625,90375,62750,68817250000000,0,0,0
1,3340,68817250000000,68817250067125,68817250094375,27250,94375,67125,68817260000000,0,0,0
1,3341,68817260000000,68817260064625,68817260093000,28375,93000,64625,68817270000000,0,0,0
1,3342,68817270000000,68817270067500,68817270095250,27750,95250,67500,68817280000000,0,0,0
1,3343,68817280000000,68817280062875,68817280091500,28625,91500,62875,68817290000000,0,0,0
1,3344,68817290000000,68817290062500,68817290089875,27375,89875,62500,68817300000000,0,0,0
1,3345,68817300000000,68817300067000,68817300095000,28000,95000,67000,68817310000000,0,0,0
1,3346,68817310000000,68817310062750,68817310090000,27250,90000,62750,68817320000000,0,0,0
1,3347,68817320000000,68817320067000,68817320095125,28125,95125,67000,68817330000000,0,0,0
1,3348,68817330000000,68817330062875,68817330090250,27375,90250,62875,68817340000000,0,0,0
1,3349,68817340000000,68817340067250,68817340094875,27625,94875,67250,68817350000000,0,0,0
1,3350,68817350000000,68817350062750,68817350090250,27500,90250,62750,68817360000000,0,0,0
1,3351,68817360000000,68817360062625,68817360090125,27500,90125,62625,68817370000000,0,0,0
1,3352,68817370000000,68817370067000,68817370094375,27375,94375,67000,68817380000000,0,0,0
1,3353,68817380000000,68817380062625,68817380091125,28500,91125,62625,68817390000000,0,0,0
1,3354,68817390000000,68817390062250,68817390089750,27500,89750,62250,68817400000000,0,0,0
1,3355,68817400000000,68817400067125,68817400094500,27375,94500,67125,68817410000000,0,0,0
1,3356,68817410000000,68817410062625,68817410089500,26875,89500,62625,68817420000000,0,0,0
1,3357,68817420000000,68817420067000,68817420094500,27500,94500,67000,68817430000000,0,0,0
1,3358,68817430000000,68817430063000,68817430090125,27125,90125,63000,68817440000000,0,0,0
1,3359,68817440000000,68817440067000,68817440094750,27750,94750,67000,68817450000000,0,0,0
1,3360,68817450000000,68817450062750,68817450090625,27875,90625,62750,68817460000000,0,0,0
1,3361,68817460000000,68817460062625,68817460090375,27750,90375,62625,68817470000000,0,0,0
1,3362,68817470000000,68817470067000,68817470093750,26750,93750,67000,68817480000000,0,0,0
1,3363,68817480000000,68817480062750,68817480090500,27750,90500,62750,68817490000000,0,0,0
1,3364,68817490000000,68817490062500,68817490089750,27250,89750,62500,68817500000000,0,0,0
1,3365,68817500000000,68817500066875,68817500095125,28250,95125,66875,68817510000000,0,0,0
1,3366,68817510000000,68817510062875,68817510090250,27375,90250,62875,68817520000000,0,0,0
1,3367,68817520000000,68817520067000,68817520094875,27875,94875,67000,68817530000000,0,0,0
1,3368,68817530000000,68817530062625,68817530090000,27375,90000,62625,68817540000000,0,0,0
1,3369,68817540000000,68817540062750,68817540090125,27375,90125,62750,68817550000000,0,0,0
1,3370,68817550000000,68817550067125,68817550094500,27375,94500,67125,68817560000000,0,0,0
1,3371,68817560000000,68817560062875,68817560090250,27375,90250,62875,68817570000000,0,0,0
1,3372,68817570000000,68817570067125,68817570094500,27375,94500,67125,68817580000000,0,0,0
1,3373,68817580000000,68817580062875,68817580091750,28875,91750,62875,68817590000000,0,0,0
1,3374,68817590000000,68817590067250,68817590094625,27375,94625,67250,68817600000000,0,0,0
1,3375,68817600000000,68817600062750,68817600090250,27500,90250,62750,68817610000000,0,0,0
1,3376,68817610000000,68817610067000,68817610094375,27375,94375,67000,68817620000000,0,0,0
1,3377,68817620000000,68817620063125,68817620090625,27500,90625,63125,68817630000000,0,0,0
1,3378,68817630000000,68817630062625,68817630089875,27250,89875,62625,68817640000000,0,0,0
1,3379,68817640000000,68817640066750,68817640094000,27250,94000,66750,68817650000000,0,0,0
1,3380,68817650000000,68817650063000,68817650090500,27500,90500,63000,68817660000000,0,0,0
1,3381,68817660000000,68817660067000,68817660094875,27875,94875,67000,68817670000000,0,0,0
1,3382,68817670000000,68817670062875,68817670090625,27750,90625,62875,68817680000000,0,0,0
1,3383,68817680000000,68817680067250,68817680094875,27625,94875,67250,68817690000000,0,0,0
1,3384,68817690000000,68817690062750,68817690090375,27625,90375,62750,68817700000000,0,0,0
1,3385,68817700000000,68817700067000,68817700094625,27625,94625,67000,68817710000000,0,0,0
1,3386,68817710000000,68817710064375,68817710092500,28125,92500,64375,68817720000000,0,0,0
1,3387,68817720000000,68817720067375,68817720095250,27875,95250,67375,68817730000000,0,0,0
1,3388,68817730000000,68817730062875,68817730090500,27625,90500,62875,68817740000000,0,0,0
1,3389,68817740000000,68817740067125,68817740094500,27375,94500,67125,68817750000000,0,0,0
1,3390,68817750000000,68817750062750,68817750090250,27500,90250,62750,68817760000000,0,0,0
1,3391,68817760000000,68817760062500,68817760090500,28000,90500,62500,68817770000000,0,0,0
1,3392,68817770000000,68817770066875,68817770094625,27750,94625,66875,68817780000000,0,0,0
1,3393,68817780000000,68817780062875,68817780090625,27750,90625,62875,68817790000000,0,0,0
1,3394,68817790000000,68817790062500,68817790089875,27375,89875,62500,68817800000000,0,0,0
1,3395,68817800000000,68817800067000,68817800094750,27750,94750,67000,68817810000000,0,0,0
1,3396,68817810000000,68817810062625,68817810089875,27250,89875,62625,68817820000000,0,0,0
1,3397,68817820000000,68817820041875,68817820070875,29000,70875,41875,68817830000000,0,0,0
1,3398,68817830000000,68817830069625,68817830097500,27875,97500,69625,68817840000000,0,0,0
1,3399,68817840000000,68817840063000,68817840090625,27625,90625,63000,68817850000000,0,0,0
1,3400,68817850000000,68817850062625,68817850089750,27125,89750,62625,68817860000000,0,0,0
1,3401,68817860000000,68817860067000,68817860094500,27500,94500,67000,68817870000000,0,0,0
1,3402,68817870000000,68817870062750,68817870090375,27625,90375,62750,68817880000000,0,0,0
1,3403,68817880000000,68817880068250,68817880095500,27250,95500,68250,68817890000000,0,0,0
1,3404,68817890000000,68817890064250,68817890092750,28500,92750,64250,68817900000000,0,0,0
1,3405,68817900000000,68817900062625,68817900089750,27125,89750,62625,68817910000000,0,0,0
1,3406,68817910000000,68817910067000,68817910094750,27750,94750,67000,68817920000000,0,0,0
1,3407,68817920000000,68817920062875,68817920090500,27625,90500,62875,68817930000000,0,0,0
1,3408,68817930000000,68817930066875,68817930094625,27750,94625,66875,68817940000000,0,0,0
1,3409,68817940000000,68817940062750,68817940090125,27375,90125,62750,68817950000000,0,0,0
1,3410,68817950000000,68817950061750,68817950089625,27875,89625,61750,68817960000000,0,0,0
1,3411,68817960000000,68817960066875,68817960094500,27625,94500,66875,68817970000000,0,0,0
1,3412,68817970000000,68817970062750,68817970090500,27750,90500,62750,68817980000000,0,0,0
1,3413,68817980000000,68817980062500,68817980089750,27250,89750,62500,68817990000000,0,0,0
1,3414,68817990000000,68817990067000,68817990095375,28375,95375,67000,68818000000000,0,0,0
1,3415,68818000000000,68818000062625,68818000090000,27375,90000,62625,68818010000000,0,0,0
1,3416,68818010000000,68818010062500,68818010090000,27500,90000,62500,68818020000000,0,0,0
1,3417,68818020000000,68818020066875,68818020095625,28750,95625,66875,68818030000000,0,0,0
1,3418,68818030000000,68818030062750,68818030090750,28000,90750,62750,68818040000000,0,0,0
1,3419,68818040000000,68818040067000,68818040094250,27250,94250,67000,68818050000000,0,0,0
1,3420,68818050000000,68818050062750,68818050090375,27625,90375,62750,68818060000000,0,0,0
1,3421,68818060000000,68818060066875,68818060094375,27500,94375,66875,68818070000000,0,0,0
1,3422,68818070000000,68818070062625,68818070090125,27500,90125,62625,68818080000000,0,0,0
1,3423,68818080000000,68818080062500,68818080089875,27375,89875,62500,68818090000000,0,0,0
1,3424,68818090000000,68818090067000,68818090094625,27625,94625,67000,68818100000000,0,0,0
1,3425,68818100000000,68818100062625,68818100090250,27625,90250,62625,68818110000000,0,0,0
1,3426,68818110000000,68818110062375,68818110090125,27750,90125,62375,68818120000000,0,0,0
1,3427,68818120000000,68818120066750,68818120094125,27375,94125,66750,68818130000000,0,0,0
1,3428,68818130000000,68818130062625,68818130090375,27750,90375,62625,68818140000000,0,0,0
1,3429,68818140000000,68818140066875,68818140094375,27500,94375,66875,68818150000000,0,0,0
1,3430,68818150000000,68818150062750,68818150090625,27875,90625,62750,68818160000000,0,0,0
1,3431,68818160000000,68818160068625,68818160096875,28250,96875,68625,68818170000000,0,0,0
1,3432,68818170000000,68818170063000,68818170091250,28250,91250,63000,68818180000000,0,0,0
1,3433,68818180000000,68818180062750,68818180090125,27375,90125,62750,68818190000000,0,0,0
1,3434,68818190000000,68818190066875,68818190094625,27750,94625,66875,68818200000000,0,0,0
1,3435,68818200000000,68818200062750,68818200090500,27750,90500,62750,68818210000000,0,0,0
1,3436,68818210000000,68818210066625,68818210094625,28000,94625,66625,68818220000000,0,0,0
1,3437,68818220000000,68818220062750,68818220090125,27375,90125,62750,68818230000000,0,0,0
1,3438,68818230000000,68818230061750,68818230090125,28375,90125,61750,68818240000000,0,0,0
1,3439,68818240000000,68818240063000,68818240090250,27250,90250,63000,68818250000000,0,0,0
1,3440,68818250000000,68818250062500,68818250090000,27500,90000,62500,68818260000000,0,0,0
1,3441,68818260000000,68818260066875,68818260094250,27375,94250,66875,68818270000000,0,0,0
1,3442,68818270000000,68818270062750,68818270090250,27500,90250,62750,68818280000000,0,0,0
1,3443,68818280000000,68818280066875,68818280094125,27250,94125,66875,68818290000000,0,0,0
1,3444,68818290000000,68818290062750,68818290091250,28500,91250,62750,68818300000000,0,0,0
1,3445,68818300000000,68818300066750,68818300094000,27250,94000,66750,68818310000000,0,0,0
1,3446,68818310000000,68818310062750,68818310091125,28375,91125,62750,68818320000000,0,0,0
1,3447,68818320000000,68818320062500,68818320090250,27750,90250,62500,68818330000000,0,0,0
1,3448,68818330000000,68818330066750,68818330094125,27375,94125,66750,68818340000000,0,0,0
1,3449,68818340000000,68818340063000,68818340091125,28125,91125,63000,68818350000000,0,0,0
1,3450,68818350000000,68818350062625,68818350090625,28000,90625,62625,68818360000000,0,0,0
1,3451,68818360000000,68818360067125,68818360094125,27000,94125,67125,68818370000000,0,0,0
1,3452,68818370000000,68818370062750,68818370090375,27625,90375,62750,68818380000000,0,0,0
1,3453,68818380000000,68818380066750,68818380094000,27250,94000,66750,68818390000000,0,0,0
1,3454,68818390000000,68818390062625,68818390090500,27875,90500,62625,68818400000000,0,0,0
1,3455,68818400000000,68818400066875,68818400094125,27250,94125,66875,68818410000000,0,0,0
1,3456,68818410000000,68818410062625,68818410090500,27875,90500,62625,68818420000000,0,0,0
1,3457,68818420000000,68818420062500,68818420089625,27125,89625,62500,68818430000000,0,0,0
1,3458,68818430000000,68818430066750,68818430094375,27625,94375,66750,68818440000000,0,0,0
1,3459,68818440000000,68818440062750,68818440090125,27375,90125,62750,68818450000000,0,0,0
1,3460,68818450000000,68818450066750,68818450094500,27750,94500,66750,68818460000000,0,0,0
1,3461,68818460000000,68818460042625,68818460070500,27875,70500,42625,68818470000000,0,0,0
1,3462,68818470000000,68818470067875,68818470095875,28000,95875,67875,68818480000000,0,0,0
1,3463,68818480000000,68818480063250,68818480091250,28000,91250,63250,68818490000000,0,0,0
1,3464,68818490000000,68818490062875,68818490090250,27375,90250,62875,68818500000000,0,0,0
1,3465,68818500000000,68818500067500,68818500095250,27750,95250,67500,68818510000000,0,0,0
1,3466,68818510000000,68818510062750,68818510090125,27375,90125,62750,68818520000000,0,0,0
1,3467,68818520000000,68818520062750,68818520090500,27750,90500,62750,68818530000000,0,0,0
1,3468,68818530000000,68818530066750,68818530094125,27375,94125,66750,68818540000000,0,0,0
1,3469,68818540000000,68818540062875,68818540091625,28750,91625,62875,68818550000000,0,0,0
1,3470,68818550000000,68818550066875,68818550095250,28375,95250,66875,68818560000000,0,0,0
1,3471,68818560000000,68818560062875,68818560090125,27250,90125,62875,68818570000000,0,0,0
1,3472,68818570000000,68818570067000,68818570094375,27375,94375,67000,68818580000000,0,0,0
1,3473,68818580000000,68818580062875,68818580090750,27875,90750,62875,68818590000000,0,0,0
1,3474,68818590000000,68818590062625,68818590090250,27625,90250,62625,68818600000000,0,0,0
1,3475,68818600000000,68818600067000,68818600094250,27250,94250,67000,68818610000000,0,0,0
1,3476,68818610000000,68818610064750,68818610092625,27875,92625,64750,68818620000000,0,0,0
1,3477,68818620000000,68818620067500,68818620096125,28625,96125,67500,68818630000000,0,0,0
1,3478,68818630000000,68818630062875,68818630090750,27875,90750,62875,68818640000000,0,0,0
1,3479,68818640000000,68818640062625,68818640090250,27625,90250,62625,68818650000000,0,0,0
1,3480,68818650000000,68818650066875,68818650094750,27875,94750,66875,68818660000000,0,0,0
1,3481,68818660000000,68818660067375,68818660282125,214750,282125,67375,68818670000000,0,0,0
1,3482,68818670000000,68818670064000,68818670187750,123750,187750,64000,68818680000000,0,0,0
1,3483,68818680000000,68818680034750,68818680068750,34000,68750,34750,68818690000000,0,0,0
1,3484,68818690000000,68818690062125,68818690090875,28750,90875,62125,68818700000000,0,0,0
1,3485,68818700000000,68818700067875,68818700095250,27375,95250,67875,68818710000000,0,0,0
1,3486,68818710000000,68818710061875,68818710089500,27625,89500,61875,68818720000000,0,0,0
1,3487,68818720000000,68818720062875,68818720090000,27125,90000,62875,68818730000000,0,0,0
1,3488,68818730000000,68818730066875,68818730094500,27625,94500,66875,68818740000000,0,0,0
1,3489,68818740000000,68818740062875,68818740090250,27375,90250,62875,68818750000000,0,0,0
1,3490,68818750000000,68818750066875,68818750095000,28125,95000,66875,68818760000000,0,0,0
1,3491,68818760000000,68818760087500,68818760331000,243500,331000,87500,68818770000000,0,0,0
1,3492,68818770000000,68818770060375,68818770161875,101500,161875,60375,68818780000000,0,0,0
1,3493,68818780000000,68818780075375,68818780104625,29250,104625,75375,68818790000000,0,0,0
1,3494,68818790000000,68818790063375,68818790091250,27875,91250,63375,68818800000000,0,0,0
1,3495,68818800000000,68818800067625,68818800096250,28625,96250,67625,68818810000000,0,0,0
1,3496,68818810000000,68818810062750,68818810091500,28750,91500,62750,68818820000000,0,0,0
1,3497,68818820000000,68818820067750,68818820095625,27875,95625,67750,68818830000000,0,0,0
1,3498,68818830000000,68818830063125,68818830090750,27625,90750,63125,68818840000000,0,0,0
1,3499,68818840000000,68818840062375,68818840089750,27375,89750,62375,68818850000000,0,0,0
1,3500,68818850000000,68818850067125,68818850095000,27875,95000,67125,68818860000000,0,0,0
1,3501,68818860000000,68818860063000,68818860090375,27375,90375,63000,68818870000000,0,0,0
1,3502,68818870000000,68818870067000,68818870094875,27875,94875,67000,68818880000000,0,0,0
1,3503,68818880000000,68818880064375,68818880091875,27500,91875,64375,68818890000000,0,0,0
1,3504,68818890000000,68818890067000,68818890094875,27875,94875,67000,68818900000000,0,0,0
1,3505,68818900000000,68818900062750,68818900090125,27375,90125,62750,68818910000000,0,0,0
1,3506,68818910000000,68818910061500,68818910090375,28875,90375,61500,68818920000000,0,0,0
1,3507,68818920000000,68818920067000,68818920094250,27250,94250,67000,68818930000000,0,0,0
1,3508,68818930000000,68818930062750,68818930090125,27375,90125,62750,68818940000000,0,0,0
1,3509,68818940000000,68818940066875,68818940094250,27375,94250,66875,68818950000000,0,0,0
1,3510,68818950000000,68818950062625,68818950090125,27500,90125,62625,68818960000000,0,0,0
1,3511,68818960000000,68818960067125,68818960094500,27375,94500,67125,68818970000000,0,0,0
1,3512,68818970000000,68818970063000,68818970090250,27250,90250,63000,68818980000000,0,0,0
1,3513,68818980000000,68818980068125,68818980095875,27750,95875,68125,68818990000000,0,0,0
1,3514,68818990000000,68818990063250,68818990090875,27625,90875,63250,68819000000000,0,0,0
1,3515,68819000000000,68819000062875,68819000090750,27875,90750,62875,68819010000000,0,0,0
1,3516,68819010000000,68819010067250,68819010094875,27625,94875,67250,68819020000000,0,0,0
1,3517,68819020000000,68819020063250,68819020091000,27750,91000,63250,68819030000000,0,0,0
1,3518,68819030000000,68819030062500,68819030089875,27375,89875,62500,68819040000000,0,0,0
1,3519,68819040000000,68819040067000,68819040095125,28125,95125,67000,68819050000000,0,0,0
1,3520,68819050000000,68819050063000,68819050090250,27250,90250,63000,68819060000000,0,0,0
1,3521,68819060000000,68819060070375,68819060098750,28375,98750,70375,68819070000000,0,0,0
1,3522,68819070000000,68819070063000,68819070090500,27500,90500,63000,68819080000000,0,0,0
1,3523,68819080000000,68819080062875,68819080091250,28375,91250,62875,68819090000000,0,0,0
1,3524,68819090000000,68819090066875,68819090094000,27125,94000,66875,68819100000000,0,0,0
1,3525,68819100000000,68819100062875,68819100090625,27750,90625,62875,68819110000000,0,0,0
1,3526,68819110000000,68819110067000,68819110094375,27375,94375,67000,68819120000000,0,0,0
1,3527,68819120000000,68819120063000,68819120089750,26750,89750,63000,68819130000000,0,0,0
1,3528,68819130000000,68819130067250,68819130094625,27375,94625,67250,68819140000000,0,0,0
1,3529,68819140000000,68819140062875,68819140090375,27500,90375,62875,68819150000000,0,0,0
1,3530,68819150000000,68819150062875,68819150090125,27250,90125,62875,68819160000000,0,0,0
1,3531,68819160000000,68819160067125,68819160094250,27125,94250,67125,68819170000000,0,0,0
1,3532,68819170000000,68819170063000,68819170090375,27375,90375,63000,68819180000000,0,0,0
1,3533,68819180000000,68819180062625,68819180090375,27750,90375,62625,68819190000000,0,0,0
1,3534,68819190000000,68819190066750,68819190094250,27500,94250,66750,68819200000000,0,0,0
1,3535,68819200000000,68819200068000,68819200096625,28625,96625,68000,68819210000000,0,0,0
1,3536,68819210000000,68819210068125,68819210096000,27875,96000,68125,68819220000000,0,0,0
1,3537,68819220000000,68819220063250,68819220091000,27750,91000,63250,68819230000000,0,0,0
1,3538,68819230000000,68819230062750,68819230089625,26875,89625,62750,68819240000000,0,0,0
1,3539,68819240000000,68819240067000,68819240094750,27750,94750,67000,68819250000000,0,0,0
1,3540,68819250000000,68819250061750,68819250089250,27500,89250,61750,68819260000000,0,0,0
1,3541,68819260000000,68819260067000,68819260094625,27625,94625,67000,68819270000000,0,0,0
1,3542,68819270000000,68819270062875,68819270090375,27500,90375,62875,68819280000000,0,0,0
1,3543,68819280000000,68819280067000,68819280094500,27500,94500,67000,68819290000000,0,0,0
1,3544,68819290000000,68819290063000,68819290090500,27500,90500,63000,68819300000000,0,0,0
1,3545,68819300000000,68819300062625,68819300090500,27875,90500,62625,68819310000000,0,0,0
1,3546,68819310000000,68819310066875,68819310095500,28625,95500,66875,68819320000000,0,0,0
1,3547,68819320000000,68819320063000,68819320090750,27750,90750,63000,68819330000000,0,0,0
1,3548,68819330000000,68819330062250,68819330089625,27375,89625,62250,68819340000000,0,0,0
1,3549,68819340000000,68819340066875,68819340095500,28625,95500,66875,68819350000000,0,0,0
1,3550,68819350000000,68819350062625,68819350089875,27250,89875,62625,68819360000000,0,0,0
1,3551,68819360000000,68819360066875,68819360094625,27750,94625,66875,68819370000000,0,0,0
1,3552,68819370000000,68819370062875,68819370090125,27250,90125,62875,68819380000000,0,0,0
1,3553,68819380000000,68819380067125,68819380094875,27750,94875,67125,68819390000000,0,0,0
1,3554,68819390000000,68819390062625,68819390090125,27500,90125,62625,68819400000000,0,0,0
1,3555,68819400000000,68819400067125,68819400095000,27875,95000,67125,68819410000000,0,0,0
1,3556,68819410000000,68819410062750,68819410090250,27500,90250,62750,68819420000000,0,0,0
1,3557,68819420000000,68819420066875,68819420094500,27625,94500,66875,68819430000000,0,0,0
1,3558,68819430000000,68819430063000,68819430090375,27375,90375,63000,68819440000000,0,0,0
1,3559,68819440000000,68819440062625,68819440090500,27875,90500,62625,68819450000000,0,0,0
1,3560,68819450000000,68819450066875,68819450094375,27500,94375,66875,68819460000000,0,0,0
1,3561,68819460000000,68819460063000,68819460090500,27500,90500,63000,68819470000000,0,0,0
1,3562,68819470000000,68819470066875,68819470094250,27375,94250,66875,68819480000000,0,0,0
1,3563,68819480000000,68819480062875,68819480090500,27625,90500,62875,68819490000000,0,0,0
1,3564,68819490000000,68819490067000,68819490094375,27375,94375,67000,68819500000000,0,0,0
1,3565,68819500000000,68819500062875,68819500090875,28000,90875,62875,68819510000000,0,0,0
1,3566,68819510000000,68819510068750,68819510096625,27875,96625,68750,68819520000000,0,0,0
1,3567,68819520000000,68819520063000,68819520090625,27625,90625,63000,68819530000000,0,0,0
1,3568,68819530000000,68819530062625,68819530090250,27625,90250,62625,68819540000000,0,0,0
1,3569,68819540000000,68819540067125,68819540094875,27750,94875,67125,68819550000000,0,0,0
1,3570,68819550000000,68819550062875,68819550090250,27375,90250,62875,68819560000000,0,0,0
1,3571,68819560000000,68819560067000,68819560094750,27750,94750,67000,68819570000000,0,0,0
1,3572,68819570000000,68819570062875,68819570090375,27500,90375,62875,68819580000000,0,0,0
1,3573,68819580000000,68819580062625,68819580090500,27875,90500,62625,68819590000000,0,0,0
1,3574,68819590000000,68819590066875,68819590095500,28625,95500,66875,68819600000000,0,0,0
1,3575,68819600000000,68819600062875,68819600090625,27750,90625,62875,68819610000000,0,0,0
1,3576,68819610000000,68819610067000,68819610094625,27625,94625,67000,68819620000000,0,0,0
1,3577,68819620000000,68819620062875,68819620091500,28625,91500,62875,68819630000000,0,0,0
1,3578,68819630000000,68819630067000,68819630094500,27500,94500,67000,68819640000000,0,0,0
1,3579,68819640000000,68819640062875,68819640090625,27750,90625,62875,68819650000000,0,0,0
1,3580,68819650000000,68819650066625,68819650093500,26875,93500,66625,68819660000000,0,0,0
1,3581,68819660000000,68819660063000,68819660090750,27750,90750,63000,68819670000000,0,0,0
1,3582,68819670000000,68819670066875,68819670093750,26875,93750,66875,68819680000000,0,0,0
1,3583,68819680000000,68819680062750,68819680090625,27875,90625,62750,68819690000000,0,0,0
1,3584,68819690000000,68819690067125,68819690094500,27375,94500,67125,68819700000000,0,0,0
1,3585,68819700000000,68819700062875,68819700090500,27625,90500,62875,68819710000000,0,0,0
1,3586,68819710000000,68819710062500,68819710089875,27375,89875,62500,68819720000000,0,0,0
1,3587,68819720000000,68819720066750,68819720094625,27875,94625,66750,68819730000000,0,0,0
1,3588,68819730000000,68819730062875,68819730090250,27375,90250,62875,68819740000000,0,0,0
1,3589,68819740000000,68819740067000,68819740094875,27875,94875,67000,68819750000000,0,0,0
1,3590,68819750000000,68819750062750,68819750090375,27625,90375,62750,68819760000000,0,0,0
1,3591,68819760000000,68819760062625,68819760090875,28250,90875,62625,68819770000000,0,0,0
1,3592,68819770000000,68819770066875,68819770094125,27250,94125,66875,68819780000000,0,0,0
1,3593,68819780000000,68819780062625,68819780091250,28625,91250,62625,68819790000000,0,0,0
1,3594,68819790000000,68819790066875,68819790094125,27250,94125,66875,68819800000000,0,0,0
1,3595,68819800000000,68819800062875,68819800090625,27750,90625,62875,68819810000000,0,0,0
1,3596,68819810000000,68819810067750,68819810095625,27875,95625,67750,68819820000000,0,0,0
1,3597,68819820000000,68819820063125,68819820091000,27875,91000,63125,68819830000000,0,0,0
1,3598,68819830000000,68819830062375,68819830089625,27250,89625,62375,68819840000000,0,0,0
1,3599,68819840000000,68819840067000,68819840094875,27875,94875,67000,68819850000000,0,0,0
1,3600,68819850000000,68819850063000,68819850090500,27500,90500,63000,68819860000000,0,0,0
1,3601,68819860000000,68819860061625,68819860089375,27750,89375,61625,68819870000000,0,0,0
1,3602,68819870000000,68819870065875,68819870092750,26875,92750,65875,68819880000000,0,0,0
1,3603,68819880000000,68819880064250,68819880092250,28000,92250,64250,68819890000000,0,0,0
1,3604,68819890000000,68819890066875,68819890094000,27125,94000,66875,68819900000000,0,0,0
1,3605,68819900000000,68819900062750,68819900090500,27750,90500,62750,68819910000000,0,0,0
1,3606,68819910000000,68819910066875,68819910094500,27625,94500,66875,68819920000000,0,0,0
1,3607,68819920000000,68819920062875,68819920090500,27625,90500,62875,68819930000000,0,0,0
1,3608,68819930000000,68819930066875,68819930094375,27500,94375,66875,68819940000000,0,0,0
1,3609,68819940000000,68819940063000,68819940090375,27375,90375,63000,68819950000000,0,0,0
1,3610,68819950000000,68819950067375,68819950094750,27375,94750,67375,68819960000000,0,0,0
1,3611,68819960000000,68819960065125,68819960093375,28250,93375,65125,68819970000000,0,0,0
1,3612,68819970000000,68819970067375,68819970094875,27500,94875,67375,68819980000000,0,0,0
1,3613,68819980000000,68819980062875,68819980090875,28000,90875,62875,68819990000000,0,0,0
1,3614,68819990000000,68819990062750,68819990090000,27250,90000,62750,68820000000000,0,0,0
1,3615,68820000000000,68820000067375,68820000095125,27750,95125,67375,68820010000000,0,0,0
1,3616,68820010000000,68820010063000,68820010090625,27625,90625,63000,68820020000000,0,0,0
1,3617,68820020000000,68820020063125,68820020091000,27875,91000,63125,68820030000000,0,0,0
1,3618,68820030000000,68820030067125,68820030094875,27750,94875,67125,68820040000000,0,0,0
1,3619,68820040000000,68820040062750,68820040090625,27875,90625,62750,68820050000000,0,0,0
1,3620,68820050000000,68820050067625,68820050095875,28250,95875,67625,68820060000000,0,0,0
1,3621,68820060000000,68820060062000,68820060089875,27875,89875,62000,68820070000000,0,0,0
1,3622,68820070000000,68820070062750,68820070090000,27250,90000,62750,68820080000000,0,0,0
1,3623,68820080000000,68820080066750,68820080094625,27875,94625,66750,68820090000000,0,0,0
1,3624,68820090000000,68820090062750,68820090090125,27375,90125,62750,68820100000000,0,0,0
1,3625,68820100000000,68820100067000,68820100094875,27875,94875,67000,68820110000000,0,0,0
1,3626,68820110000000,68820110062625,68820110090000,27375,90000,62625,68820120000000,0,0,0
1,3627,68820120000000,68820120067375,68820120095250,27875,95250,67375,68820130000000,0,0,0
1,3628,68820130000000,68820130062500,68820130090625,28125,90625,62500,68820140000000,0,0,0
1,3629,68820140000000,68820140066875,68820140094625,27750,94625,66875,68820150000000,0,0,0
1,3630,68820150000000,68820150062500,68820150090000,27500,90000,62500,68820160000000,0,0,0
1,3631,68820160000000,68820160066500,68820160094375,27875,94375,66500,68820170000000,0,0,0
1,3632,68820170000000,68820170062500,68820170089750,27250,89750,62500,68820180000000,0,0,0
1,3633,68820180000000,68820180062500,68820180090125,27625,90125,62500,68820190000000,0,0,0
1,3634,68820190000000,68820190066875,68820190094125,27250,94125,66875,68820200000000,0,0,0
1,3635,68820200000000,68820200062750,68820200090250,27500,90250,62750,68820210000000,0,0,0
1,3636,68820210000000,68820210066750,68820210094125,27375,94125,66750,68820220000000,0,0,0
1,3637,68820220000000,68820220062625,68820220090500,27875,90500,62625,68820230000000,0,0,0
1,3638,68820230000000,68820230066750,68820230094125,27375,94125,66750,68820240000000,0,0,0
1,3639,68820240000000,68820240062625,68820240089250,26625,89250,62625,68820250000000,0,0,0
1,3640,68820250000000,68820250066625,68820250093875,27250,93875,66625,68820260000000,0,0,0
1,3641,68820260000000,68820260062500,68820260090125,27625,90125,62500,68820270000000,0,0,0
1,3642,68820270000000,68820270061750,68820270089250,27500,89250,61750,68820280000000,0,0,0
1,3643,68820280000000,68820280067000,68820280094625,27625,94625,67000,68820290000000,0,0,0
1,3644,68820290000000,68820290062750,68820290089625,26875,89625,62750,68820300000000,0,0,0
1,3645,68820300000000,68820300062625,68820300090375,27750,90375,62625,68820310000000,0,0,0
1,3646,68820310000000,68820310066750,68820310094375,27625,94375,66750,68820320000000,0,0,0
1,3647,68820320000000,68820320062625,68820320092000,29375,92000,62625,68820330000000,0,0,0
1,3648,68820330000000,68820330067000,68820330094625,27625,94625,67000,68820340000000,0,0,0
1,3649,68820340000000,68820340062875,68820340090750,27875,90750,62875,68820350000000,0,0,0
1,3650,68820350000000,68820350066875,68820350094625,27750,94625,66875,68820360000000,0,0,0
1,3651,68820360000000,68820360062625,68820360090625,28000,90625,62625,68820370000000,0,0,0
1,3652,68820370000000,68820370062500,68820370090000,27500,90000,62500,68820380000000,0,0,0
1,3653,68820380000000,68820380067000,68820380094875,27875,94875,67000,68820390000000,0,0,0
1,3654,68820390000000,68820390062625,68820390090000,27375,90000,62625,68820400000000,0,0,0
1,3655,68820400000000,68820400066625,68820400094250,27625,94250,66625,68820410000000,0,0,0
1,3656,68820410000000,68820410067375,68820410175250,107875,175250,67375,68820420000000,0,0,0
1,3657,68820420000000,68820420070125,68820420122000,51875,122000,70125,68820430000000,0,0,0
1,3658,68820430000000,68820430063000,68820430091750,28750,91750,63000,68820440000000,0,0,0
1,3659,68820440000000,68820440062750,68820440090125,27375,90125,62750,68820450000000,0,0,0
1,3660,68820450000000,68820450067000,68820450095000,28000,95000,67000,68820460000000,0,0,0
1,3661,68820460000000,68820460061750,68820460089250,27500,89250,61750,68820470000000,0,0,0
1,3662,68820470000000,68820470066875,68820470094750,27875,94750,66875,68820480000000,0,0,0
1,3663,68820480000000,68820480063375,68820480091000,27625,91000,63375,68820490000000,0,0,0
1,3664,68820490000000,68820490061125,68820490089125,28000,89125,61125,68820500000000,0,0,0
1,3665,68820500000000,68820500067875,68820500095625,27750,95625,67875,68820510000000,0,0,0
1,3666,68820510000000,68820510062875,68820510090750,27875,90750,62875,68820520000000,0,0,0
1,3667,68820520000000,68820520062750,68820520090000,27250,90000,62750,68820530000000,0,0,0
1,3668,68820530000000,68820530066875,68820530094750,27875,94750,66875,68820540000000,0,0,0
1,3669,68820540000000,68820540062750,68820540091250,28500,91250,62750,68820550000000,0,0,0
1,3670,68820550000000,68820550066875,68820550094625,27750,94625,66875,68820560000000,0,0,0
1,3671,68820560000000,68820560062625,68820560090125,27500,90125,62625,68820570000000,0,0,0
1,3672,68820570000000,68820570066625,68820570094625,28000,94625,66625,68820580000000,0,0,0
1,3673,68820580000000,68820580062625,68820580089875,27250,89875,62625,68820590000000,0,0,0
1,3674,68820590000000,68820590067000,68820590094750,27750,94750,67000,68820600000000,0,0,0
1,3675,68820600000000,68820600062750,68820600089875,27125,89875,62750,68820610000000,0,0,0
1,3676,68820610000000,68820610062375,68820610091000,28625,91000,62375,68820620000000,0,0,0
1,3677,68820620000000,68820620066625,68820620093875,27250,93875,66625,68820630000000,0,0,0
1,3678,68820630000000,68820630062625,68820630089875,27250,89875,62625,68820640000000,0,0,0
1,3679,68820640000000,68820640067000,68820640094125,27125,94125,67000,68820650000000,0,0,0
1,3680,68820650000000,68820650062500,68820650089875,27375,89875,62500,68820660000000,0,0,0
1,3681,68820660000000,68820660067000,68820660094250,27250,94250,67000,68820670000000,0,0,0
1,3682,68820670000000,68820670062625,68820670090250,27625,90250,62625,68820680000000,0,0,0
1,3683,68820680000000,68820680067000,68820680094375,27375,94375,67000,68820690000000,0,0,0
1,3684,68820690000000,68820690062500,68820690090125,27625,90125,62500,68820700000000,0,0,0
1,3685,68820700000000,68820700062500,68820700090000,27500,90000,62500,68820710000000,0,0,0
1,3686,68820710000000,68820710066750,68820710094875,28125,94875,66750,68820720000000,0,0,0
1,3687,68820720000000,68820720062875,68820720090375,27500,90375,62875,68820730000000,0,0,0
1,3688,68820730000000,68820730067000,68820730094500,27500,94500,67000,68820740000000,0,0,0
1,3689,68820740000000,68820740062750,68820740089875,27125,89875,62750,68820750000000,0,0,0
1,3690,68820750000000,68820750062625,68820750090500,27875,90500,62625,68820760000000,0,0,0
1,3691,68820760000000,68820760066875,68820760094500,27625,94500,66875,68820770000000,0,0,0
1,3692,68820770000000,68820770062625,68820770090375,27750,90375,62625,68820780000000,0,0,0
1,3693,68820780000000,68820780066875,68820780094375,27500,94375,66875,68820790000000,0,0,0
1,3694,68820790000000,68820790062750,68820790090500,27750,90500,62750,68820800000000,0,0,0
1,3695,68820800000000,68820800062500,68820800089625,27125,89625,62500,68820810000000,0,0,0
1,3696,68820810000000,68820810066750,68820810094625,27875,94625,66750,68820820000000,0,0,0
1,3697,68820820000000,68820820062625,68820820089875,27250,89875,62625,68820830000000,0,0,0
1,3698,68820830000000,68820830060875,68820830088500,27625,88500,60875,68820840000000,0,0,0
1,3699,68820840000000,68820840067000,68820840094875,27875,94875,67000,68820850000000,0,0,0
1,3700,68820850000000,68820850063000,68820850091625,28625,91625,63000,68820860000000,0,0,0
1,3701,68820860000000,68820860069250,68820860097375,28125,97375,69250,68820870000000,0,0,0
1,3702,68820870000000,68820870063125,68820870090750,27625,90750,63125,68820880000000,0,0,0
1,3703,68820880000000,68820880061500,68820880089250,27750,89250,61500,68820890000000,0,0,0
1,3704,68820890000000,68820890067000,68820890094625,27625,94625,67000,68820900000000,0,0,0
1,3705,68820900000000,68820900062750,68820900091000,28250,91000,62750,68820910000000,0,0,0
1,3706,68820910000000,68820910062250,68820910089750,27500,89750,62250,68820920000000,0,0,0
1,3707,68820920000000,68820920063000,68820920090875,27875,90875,63000,68820930000000,0,0,0
1,3708,68820930000000,68820930062625,68820930090125,27500,90125,62625,68820940000000,0,0,0
1,3709,68820940000000,68820940066875,68820940095000,28125,95000,66875,68820950000000,0,0,0
1,3710,68820950000000,68820950062750,68820950090000,27250,90000,62750,68820960000000,0,0,0
1,3711,68820960000000,68820960062375,68820960090000,27625,90000,62375,68820970000000,0,0,0
1,3712,68820970000000,68820970066750,68820970094125,27375,94125,66750,68820980000000,0,0,0
1,3713,68820980000000,68820980062625,68820980090125,27500,90125,62625,68820990000000,0,0,0
1,3714,68820990000000,68820990066875,68820990094125,27250,94125,66875,68821000000000,0,0,0
1,3715,68821000000000,68821000062750,68821000090125,27375,90125,62750,68821010000000,0,0,0
1,3716,68821010000000,68821010066750,68821010094125,27375,94125,66750,68821020000000,0,0,0
1,3717,68821020000000,68821020071125,68821020099500,28375,99500,71125,68821030000000,0,0,0
1,3718,68821030000000,68821030068000,68821030095750,27750,95750,68000,68821040000000,0,0,0
1,3719,68821040000000,68821040063125,68821040090625,27500,90625,63125,68821050000000,0,0,0
1,3720,68821050000000,68821050062500,68821050089875,27375,89875,62500,68821060000000,0,0,0
1,3721,68821060000000,68821060066750,68821060095375,28625,95375,66750,68821070000000,0,0,0
1,3722,68821070000000,68821070062625,68821070090125,27500,90125,62625,68821080000000,0,0,0
1,3723,68821080000000,68821080066875,68821080094250,27375,94250,66875,68821090000000,0,0,0
1,3724,68821090000000,68821090062750,68821090091125,28375,91125,62750,68821100000000,0,0,0
1,3725,68821100000000,68821100067250,68821100094500,27250,94500,67250,68821110000000,0,0,0
1,3726,68821110000000,68821110062625,68821110091125,28500,91125,62625,68821120000000,0,0,0
1,3727,68821120000000,68821120062625,68821120091375,28750,91375,62625,68821130000000,0,0,0
1,3728,68821130000000,68821130067000,68821130094625,27625,94625,67000,68821140000000,0,0,0
1,3729,68821140000000,68821140062625,68821140090125,27500,90125,62625,68821150000000,0,0,0
1,3730,68821150000000,68821150066875,68821150094500,27625,94500,66875,68821160000000,0,0,0
1,3731,68821160000000,68821160062625,68821160089875,27250,89875,62625,68821170000000,0,0,0
1,3732,68821170000000,68821170062625,68821170090250,27625,90250,62625,68821180000000,0,0,0
1,3733,68821180000000,68821180066625,68821180093875,27250,93875,66625,68821190000000,0,0,0
1,3734,68821190000000,68821190062625,68821190091250,28625,91250,62625,68821200000000,0,0,0
1,3735,68821200000000,68821200067000,68821200096375,29375,96375,67000,68821210000000,0,0,0
1,3736,68821210000000,68821210062750,68821210091250,28500,91250,62750,68821220000000,0,0,0
1,3737,68821220000000,68821220062500,68821220089625,27125,89625,62500,68821230000000,0,0,0
1,3738,68821230000000,68821230066875,68821230094625,27750,94625,66875,68821240000000,0,0,0
1,3739,68821240000000,68821240062750,68821240090000,27250,90000,62750,68821250000000,0,0,0
1,3740,68821250000000,68821250062375,68821250089750,27375,89750,62375,68821260000000,0,0,0
1,3741,68821260000000,68821260066875,68821260094250,27375,94250,66875,68821270000000,0,0,0
1,3742,68821270000000,68821270063000,68821270092375,29375,92375,63000,68821280000000,0,0,0
1,3743,68821280000000,68821280067000,68821280094375,27375,94375,67000,68821290000000,0,0,0
1,3744,68821290000000,68821290061750,68821290089125,27375,89125,61750,68821300000000,0,0,0
1,3745,68821300000000,68821300066875,68821300094250,27375,94250,66875,68821310000000,0,0,0
1,3746,68821310000000,68821310064000,68821310092000,28000,92000,64000,68821320000000,0,0,0
1,3747,68821320000000,68821320067125,68821320095000,27875,95000,67125,68821330000000,0,0,0
1,3748,68821330000000,68821330062875,68821330090125,27250,90125,62875,68821340000000,0,0,0
1,3749,68821340000000,68821340066875,68821340094375,27500,94375,66875,68821350000000,0,0,0
1,3750,68821350000000,68821350062375,68821350089750,27375,89750,62375,68821360000000,0,0,0
1,3751,68821360000000,68821360062500,68821360089750,27250,89750,62500,68821370000000,0,0,0
1,3752,68821370000000,68821370067000,68821370094375,27375,94375,67000,68821380000000,0,0,0
1,3753,68821380000000,68821380062875,68821380090375,27500,90375,62875,68821390000000,0,0,0
1,3754,68821390000000,68821390066750,68821390094250,27500,94250,66750,68821400000000,0,0,0
1,3755,68821400000000,68821400062750,68821400089625,26875,89625,62750,68821410000000,0,0,0
1,3756,68821410000000,68821410062500,68821410090125,27625,90125,62500,68821420000000,0,0,0
1,3757,68821420000000,68821420066625,68821420095000,28375,95000,66625,68821430000000,0,0,0
1,3758,68821430000000,68821430062875,68821430090500,27625,90500,62875,68821440000000,0,0,0
1,3759,68821440000000,68821440066875,68821440093875,27000,93875,66875,68821450000000,0,0,0
1,3760,68821450000000,68821450062625,68821450090375,27750,90375,62625,68821460000000,0,0,0
1,3761,68821460000000,68821460066875,68821460094375,27500,94375,66875,68821470000000,0,0,0
1,3762,68821470000000,68821470062625,68821470090250,27625,90250,62625,68821480000000,0,0,0
1,3763,68821480000000,68821480066875,68821480094500,27625,94500,66875,68821490000000,0,0,0
1,3764,68821490000000,68821490062625,68821490091250,28625,91250,62625,68821500000000,0,0,0
1,3765,68821500000000,68821500066875,68821500094375,27500,94375,66875,68821510000000,0,0,0
1,3766,68821510000000,68821510062750,68821510090750,28000,90750,62750,68821520000000,0,0,0
1,3767,68821520000000,68821520062500,68821520089750,27250,89750,62500,68821530000000,0,0,0
1,3768,68821530000000,68821530067000,68821530094750,27750,94750,67000,68821540000000,0,0,0
1,3769,68821540000000,68821540062750,68821540090000,27250,90000,62750,68821550000000,0,0,0
1,3770,68821550000000,68821550066625,68821550094500,27875,94500,66625,68821560000000,0,0,0
1,3771,68821560000000,68821560062750,68821560090125,27375,90125,62750,68821570000000,0,0,0
1,3772,68821570000000,68821570067125,68821570095000,27875,95000,67125,68821580000000,0,0,0
1,3773,68821580000000,68821580062875,68821580090125,27250,90125,62875,68821590000000,0,0,0
1,3774,68821590000000,68821590062500,68821590090250,27750,90250,62500,68821600000000,0,0,0
1,3775,68821600000000,68821600066750,68821600094000,27250,94000,66750,68821610000000,0,0,0
1,3776,68821610000000,68821610062625,68821610090250,27625,90250,62625,68821620000000,0,0,0
1,3777,68821620000000,68821620066750,68821620094000,27250,94000,66750,68821630000000,0,0,0
1,3778,68821630000000,68821630062500,68821630089875,27375,89875,62500,68821640000000,0,0,0
1,3779,68821640000000,68821640067000,68821640094250,27250,94250,67000,68821650000000,0,0,0
1,3780,68821650000000,68821650062625,68821650090250,27625,90250,62625,68821660000000,0,0,0
1,3781,68821660000000,68821660062625,68821660089875,27250,89875,62625,68821670000000,0,0,0
1,3782,68821670000000,68821670066875,68821670094500,27625,94500,66875,68821680000000,0,0,0
1,3783,68821680000000,68821680062500,68821680089875,27375,89875,62500,68821690000000,0,0,0
1,3784,68821690000000,68821690062375,68821690090375,28000,90375,62375,68821700000000,0,0,0
1,3785,68821700000000,68821700067250,68821700095000,27750,95000,67250,68821710000000,0,0,0
1,3786,68821710000000,68821710062875,68821710090625,27750,90625,62875,68821720000000,0,0,0
1,3787,68821720000000,68821720062500,68821720090000,27500,90000,62500,68821730000000,0,0,0
1,3788,68821730000000,68821730066625,68821730094375,27750,94375,66625,68821740000000,0,0,0
1,3789,68821740000000,68821740062875,68821740090125,27250,90125,62875,68821750000000,0,0,0
1,3790,68821750000000,68821750066750,68821750094500,27750,94500,66750,68821760000000,0,0,0
1,3791,68821760000000,68821760064125,68821760092000,27875,92000,64125,68821770000000,0,0,0
1,3792,68821770000000,68821770067125,68821770095250,28125,95250,67125,68821780000000,0,0,0
1,3793,68821780000000,68821780062750,68821780090125,27375,90125,62750,68821790000000,0,0,0
1,3794,68821790000000,68821790062750,68821790090000,27250,90000,62750,68821800000000,0,0,0
1,3795,68821800000000,68821800067125,68821800095500,28375,95500,67125,68821810000000,0,0,0
1,3796,68821810000000,68821810063250,68821810091000,27750,91000,63250,68821820000000,0,0,0
1,3797,68821820000000,68821820043375,68821820071750,28375,71750,43375,68821830000000,0,0,0
1,3798,68821830000000,68821830068000,68821830095375,27375,95375,68000,68821840000000,0,0,0
1,3799,68821840000000,68821840062875,68821840090625,27750,90625,62875,68821850000000,0,0,0
1,3800,68821850000000,68821850062750,68821850090750,28000,90750,62750,68821860000000,0,0,0
1,3801,68821860000000,68821860067000,68821860094375,27375,94375,67000,68821870000000,0,0,0
1,3802,68821870000000,68821870062625,68821870089875,27250,89875,62625,68821880000000,0,0,0
1,3803,68821880000000,68821880068500,68821880096000,27500,96000,68500,68821890000000,0,0,0
1,3804,68821890000000,68821890063000,68821890090625,27625,90625,63000,68821900000000,0,0,0
1,3805,68821900000000,68821900061750,68821900090250,28500,90250,61750,68821910000000,0,0,0
1,3806,68821910000000,68821910067000,68821910094000,27000,94000,67000,68821920000000,0,0,0
1,3807,68821920000000,68821920063000,68821920090750,27750,90750,63000,68821930000000,0,0,0
1,3808,68821930000000,68821930062625,68821930089875,27250,89875,62625,68821940000000,0,0,0
1,3809,68821940000000,68821940066750,68821940094500,27750,94500,66750,68821950000000,0,0,0
1,3810,68821950000000,68821950062625,68821950089875,27250,89875,62625,68821960000000,0,0,0
1,3811,68821960000000,68821960066875,68821960094625,27750,94625,66875,68821970000000,0,0,0
1,3812,68821970000000,68821970062875,68821970090125,27250,90125,62875,68821980000000,0,0,0
1,3813,68821980000000,68821980061750,68821980089500,27750,89500,61750,68821990000000,0,0,0
1,3814,68821990000000,68821990066875,68821990094125,27250,94125,66875,68822000000000,0,0,0
1,3815,68822000000000,68822000062875,68822000090250,27375,90250,62875,68822010000000,0,0,0
1,3816,68822010000000,68822010067000,68822010094375,27375,94375,67000,68822020000000,0,0,0
1,3817,68822020000000,68822020062750,68822020090250,27500,90250,62750,68822030000000,0,0,0
1,3818,68822030000000,68822030062500,68822030089500,27000,89500,62500,68822040000000,0,0,0
1,3819,68822040000000,68822040066875,68822040094375,27500,94375,66875,68822050000000,0,0,0
1,3820,68822050000000,68822050062750,68822050090250,27500,90250,62750,68822060000000,0,0,0
1,3821,68822060000000,68822060067250,68822060094875,27625,94875,67250,68822070000000,0,0,0
1,3822,68822070000000,68822070062875,68822070090000,27125,90000,62875,68822080000000,0,0,0
1,3823,68822080000000,68822080062625,68822080090375,27750,90375,62625,68822090000000,0,0,0
1,3824,68822090000000,68822090067250,68822090096125,28875,96125,67250,68822100000000,0,0,0
1,3825,68822100000000,68822100062875,68822100090625,27750,90625,62875,68822110000000,0,0,0
1,3826,68822110000000,68822110061750,68822110089125,27375,89125,61750,68822120000000,0,0,0
1,3827,68822120000000,68822120067000,68822120094750,27750,94750,67000,68822130000000,0,0,0
1,3828,68822130000000,68822130062625,68822130090000,27375,90000,62625,68822140000000,0,0,0
1,3829,68822140000000,68822140067000,68822140094750,27750,94750,67000,68822150000000,0,0,0
1,3830,68822150000000,68822150062875,68822150090125,27250,90125,62875,68822160000000,0,0,0
1,3831,68822160000000,68822160066875,68822160094750,27875,94750,66875,68822170000000,0,0,0
1,3832,68822170000000,68822170062875,68822170090125,27250,90125,62875,68822180000000,0,0,0
1,3833,68822180000000,68822180066750,68822180094750,28000,94750,66750,68822190000000,0,0,0
1,3834,68822190000000,68822190062500,68822190089750,27250,89750,62500,68822200000000,0,0,0
1,3835,68822200000000,68822200067000,68822200094750,27750,94750,67000,68822210000000,0,0,0
1,3836,68822210000000,68822210063875,68822210091500,27625,91500,63875,68822220000000,0,0,0
1,3837,68822220000000,68822220067500,68822220095250,27750,95250,67500,68822230000000,0,0,0
1,3838,68822230000000,68822230062875,68822230090250,27375,90250,62875,68822240000000,0,0,0
1,3839,68822240000000,68822240062750,68822240090250,27500,90250,62750,68822250000000,0,0,0
1,3840,68822250000000,68822250067125,68822250094500,27375,94500,67125,68822260000000,0,0,0
1,3841,68822260000000,68822260062750,68822260090375,27625,90375,62750,68822270000000,0,0,0
1,3842,68822270000000,68822270062500,68822270090000,27500,90000,62500,68822280000000,0,0,0
1,3843,68822280000000,68822280066875,68822280094125,27250,94125,66875,68822290000000,0,0,0
1,3844,68822290000000,68822290062750,68822290090250,27500,90250,62750,68822300000000,0,0,0
1,3845,68822300000000,68822300066875,68822300094750,27875,94750,66875,68822310000000,0,0,0
1,3846,68822310000000,68822310061625,68822310089125,27500,89125,61625,68822320000000,0,0,0
1,3847,68822320000000,68822320067125,68822320095625,28500,95625,67125,68822330000000,0,0,0
1,3848,68822330000000,68822330062750,68822330090375,27625,90375,62750,68822340000000,0,0,0
1,3849,68822340000000,68822340062375,68822340090250,27875,90250,62375,68822350000000,0,0,0
1,3850,68822350000000,68822350067000,68822350093750,26750,93750,67000,68822360000000,0,0,0
1,3851,68822360000000,68822360062625,68822360090375,27750,90375,62625,68822370000000,0,0,0
1,3852,68822370000000,68822370067000,68822370094125,27125,94125,67000,68822380000000,0,0,0
1,3853,68822380000000,68822380062500,68822380090375,27875,90375,62500,68822390000000,0,0,0
1,3854,68822390000000,68822390062500,68822390089875,27375,89875,62500,68822400000000,0,0,0
1,3855,68822400000000,68822400066750,68822400094750,28000,94750,66750,68822410000000,0,0,0
1,3856,68822410000000,68822410062875,68822410090250,27375,90250,62875,68822420000000,0,0,0
1,3857,68822420000000,68822420062375,68822420090000,27625,90000,62375,68822430000000,0,0,0
1,3858,68822430000000,68822430065875,68822430093375,27500,93375,65875,68822440000000,0,0,0
1,3859,68822440000000,68822440062875,68822440090375,27500,90375,62875,68822450000000,0,0,0
1,3860,68822450000000,68822450066625,68822450093875,27250,93875,66625,68822460000000,0,0,0
1,3861,68822460000000,68822460062625,68822460091375,28750,91375,62625,68822470000000,0,0,0
1,3862,68822470000000,68822470067500,68822470095500,28000,95500,67500,68822480000000,0,0,0
1,3863,68822480000000,68822480062750,68822480090750,28000,90750,62750,68822490000000,0,0,0
1,3864,68822490000000,68822490067125,68822490094500,27375,94500,67125,68822500000000,0,0,0
1,3865,68822500000000,68822500063875,68822500091875,28000,91875,63875,68822510000000,0,0,0
1,3866,68822510000000,68822510063000,68822510091125,28125,91125,63000,68822520000000,0,0,0
1,3867,68822520000000,68822520067500,68822520095125,27625,95125,67500,68822530000000,0,0,0
1,3868,68822530000000,68822530063000,68822530090750,27750,90750,63000,68822540000000,0,0,0
1,3869,68822540000000,68822540062875,68822540090375,27500,90375,62875,68822550000000,0,0,0
1,3870,68822550000000,68822550066875,68822550094625,27750,94625,66875,68822560000000,0,0,0
1,3871,68822560000000,68822560062625,68822560090125,27500,90125,62625,68822570000000,0,0,0
1,3872,68822570000000,68822570066875,68822570094625,27750,94625,66875,68822580000000,0,0,0
1,3873,68822580000000,68822580062875,68822580090125,27250,90125,62875,68822590000000,0,0,0
1,3874,68822590000000,68822590066875,68822590094750,27875,94750,66875,68822600000000,0,0,0
1,3875,68822600000000,68822600062750,68822600090250,27500,90250,62750,68822610000000,0,0,0
1,3876,68822610000000,68822610062500,68822610090375,27875,90375,62500,68822620000000,0,0,0
1,3877,68822620000000,68822620066750,68822620094000,27250,94000,66750,68822630000000,0,0,0
1,3878,68822630000000,68822630062500,68822630089125,26625,89125,62500,68822640000000,0,0,0
1,3879,68822640000000,68822640067000,68822640094375,27375,94375,67000,68822650000000,0,0,0
1,3880,68822650000000,68822650062625,68822650090250,27625,90250,62625,68822660000000,0,0,0
1,3881,68822660000000,68822660068750,68822660096625,27875,96625,68750,68822670000000,0,0,0
1,3882,68822670000000,68822670063000,68822670090375,27375,90375,63000,68822680000000,0,0,0
1,3883,68822680000000,68822680062750,68822680090250,27500,90250,62750,68822690000000,0,0,0
1,3884,68822690000000,68822690066875,68822690094000,27125,94000,66875,68822700000000,0,0,0
1,3885,68822700000000,68822700062750,68822700091000,28250,91000,62750,68822710000000,0,0,0
1,3886,68822710000000,68822710066750,68822710094250,27500,94250,66750,68822720000000,0,0,0
1,3887,68822720000000,68822720062875,68822720091875,29000,91875,62875,68822730000000,0,0,0
1,3888,68822730000000,68822730062500,68822730090125,27625,90125,62500,68822740000000,0,0,0
1,3889,68822740000000,68822740067000,68822740094500,27500,94500,67000,68822750000000,0,0,0
1,3890,68822750000000,68822750062750,68822750090625,27875,90625,62750,68822760000000,0,0,0
1,3891,68822760000000,68822760066875,68822760094250,27375,94250,66875,68822770000000,0,0,0
1,3892,68822770000000,68822770062750,68822770090625,27875,90625,62750,68822780000000,0,0,0
1,3893,68822780000000,68822780066750,68822780094125,27375,94125,66750,68822790000000,0,0,0
1,3894,68822790000000,68822790062500,68822790090250,27750,90250,62500,68822800000000,0,0,0
1,3895,68822800000000,68822800062375,68822800089750,27375,89750,62375,68822810000000,0,0,0
1,3896,68822810000000,68822810066875,68822810094875,28000,94875,66875,68822820000000,0,0,0
1,3897,68822820000000,68822820063125,68822820090375,27250,90375,63125,68822830000000,0,0,0
1,3898,68822830000000,68822830067250,68822830095375,28125,95375,67250,68822840000000,0,0,0
1,3899,68822840000000,68822840062875,68822840090375,27500,90375,62875,68822850000000,0,0,0
1,3900,68822850000000,68822850062750,68822850089750,27000,89750,62750,68822860000000,0,0,0
1,3901,68822860000000,68822860063000,68822860090250,27250,90250,63000,68822870000000,0,0,0
1,3902,68822870000000,68822870062500,68822870090000,27500,90000,62500,68822880000000,0,0,0
1,3903,68822880000000,68822880068375,68822880095875,27500,95875,68375,68822890000000,0,0,0
1,3904,68822890000000,68822890062750,68822890090750,28000,90750,62750,68822900000000,0,0,0
1,3905,68822900000000,68822900062500,68822900089750,27250,89750,62500,68822910000000,0,0,0
1,3906,68822910000000,68822910066625,68822910094500,27875,94500,66625,68822920000000,0,0,0
1,3907,68822920000000,68822920061625,68822920089250,27625,89250,61625,68822930000000,0,0,0
1,3908,68822930000000,68822930067000,68822930094625,27625,94625,67000,68822940000000,0,0,0
1,3909,68822940000000,68822940063000,68822940090375,27375,90375,63000,68822950000000,0,0,0
1,3910,68822950000000,68822950062500,68822950090250,27750,90250,62500,68822960000000,0,0,0
1,3911,68822960000000,68822960066875,68822960093000,26125,93000,66875,68822970000000,0,0,0
1,3912,68822970000000,68822970062750,68822970090625,27875,90625,62750,68822980000000,0,0,0
1,3913,68822980000000,68822980066875,68822980094250,27375,94250,66875,68822990000000,0,0,0
1,3914,68822990000000,68822990062750,68822990090625,27875,90625,62750,68823000000000,0,0,0
1,3915,68823000000000,68823000062500,68823000089625,27125,89625,62500,68823010000000,0,0,0
1,3916,68823010000000,68823010066625,68823010093750,27125,93750,66625,68823020000000,0,0,0
1,3917,68823020000000,68823020062750,68823020090125,27375,90125,62750,68823030000000,0,0,0
1,3918,68823030000000,68823030066625,68823030094375,27750,94375,66625,68823040000000,0,0,0
1,3919,68823040000000,68823040062750,68823040090125,27375,90125,62750,68823050000000,0,0,0
1,3920,68823050000000,68823050066625,68823050094500,27875,94500,66625,68823060000000,0,0,0
1,3921,68823060000000,68823060062750,68823060090125,27375,90125,62750,68823070000000,0,0,0
1,3922,68823070000000,68823070061375,68823070089375,28000,89375,61375,68823080000000,0,0,0
1,3923,68823080000000,68823080068250,68823080097000,28750,97000,68250,68823090000000,0,0,0
1,3924,68823090000000,68823090063000,68823090091125,28125,91125,63000,68823100000000,0,0,0
1,3925,68823100000000,68823100062750,68823100090000,27250,90000,62750,68823110000000,0,0,0
1,3926,68823110000000,68823110070250,68823110098375,28125,98375,70250,68823120000000,0,0,0
1,3927,68823120000000,68823120063250,68823120090500,27250,90500,63250,68823130000000,0,0,0
1,3928,68823130000000,68823130063125,68823130091000,27875,91000,63125,68823140000000,0,0,0
1,3929,68823140000000,68823140067250,68823140094875,27625,94875,67250,68823150000000,0,0,0
1,3930,68823150000000,68823150062750,68823150090375,27625,90375,62750,68823160000000,0,0,0
1,3931,68823160000000,68823160066875,68823160094250,27375,94250,66875,68823170000000,0,0,0
1,3932,68823170000000,68823170062750,68823170090500,27750,90500,62750,68823180000000,0,0,0
1,3933,68823180000000,68823180067250,68823180094500,27250,94500,67250,68823190000000,0,0,0
1,3934,68823190000000,68823190062875,68823190089750,26875,89750,62875,68823200000000,0,0,0
1,3935,68823200000000,68823200062500,68823200090125,27625,90125,62500,68823210000000,0,0,0
1,3936,68823210000000,68823210067125,68823210093625,26500,93625,67125,68823220000000,0,0,0
1,3937,68823220000000,68823220062750,68823220090250,27500,90250,62750,68823230000000,0,0,0
1,3938,68823230000000,68823230062875,68823230090750,27875,90750,62875,68823240000000,0,0,0
1,3939,68823240000000,68823240067125,68823240094750,27625,94750,67125,68823250000000,0,0,0
1,3940,68823250000000,68823250062750,68823250090750,28000,90750,62750,68823260000000,0,0,0
1,3941,68823260000000,68823260062500,68823260089875,27375,89875,62500,68823270000000,0,0,0
1,3942,68823270000000,68823270066750,68823270094625,27875,94625,66750,68823280000000,0,0,0
1,3943,68823280000000,68823280062750,68823280089875,27125,89875,62750,68823290000000,0,0,0
1,3944,68823290000000,68823290066750,68823290094625,27875,94625,66750,68823300000000,0,0,0
1,3945,68823300000000,68823300062750,68823300089875,27125,89875,62750,68823310000000,0,0,0
1,3946,68823310000000,68823310066750,68823310094500,27750,94500,66750,68823320000000,0,0,0
1,3947,68823320000000,68823320063000,68823320090375,27375,90375,63000,68823330000000,0,0,0
1,3948,68823330000000,68823330061625,68823330089250,27625,89250,61625,68823340000000,0,0,0
1,3949,68823340000000,68823340067000,68823340094500,27500,94500,67000,68823350000000,0,0,0
1,3950,68823350000000,68823350062750,68823350091250,28500,91250,62750,68823360000000,0,0,0
1,3951,68823360000000,68823360062625,68823360089375,26750,89375,62625,68823370000000,0,0,0
1,3952,68823370000000,68823370066750,68823370094125,27375,94125,66750,68823380000000,0,0,0
1,3953,68823380000000,68823380062875,68823380090375,27500,90375,62875,68823390000000,0,0,0
1,3954,68823390000000,68823390066750,68823390094125,27375,94125,66750,68823400000000,0,0,0
1,3955,68823400000000,68823400062875,68823400090625,27750,90625,62875,68823410000000,0,0,0
1,3956,68823410000000,68823410062500,68823410090250,27750,90250,62500,68823420000000,0,0,0
1,3957,68823420000000,68823420066875,68823420094000,27125,94000,66875,68823430000000,0,0,0
1,3958,68823430000000,68823430062500,68823430090375,27875,90375,62500,68823440000000,0,0,0
1,3959,68823440000000,68823440067000,68823440094250,27250,94250,67000,68823450000000,0,0,0
1,3960,68823450000000,68823450062750,68823450090625,27875,90625,62750,68823460000000,0,0,0
1,3961,68823460000000,68823460062625,68823460090250,27625,90250,62625,68823470000000,0,0,0
1,3962,68823470000000,68823470067000,68823470094000,27000,94000,67000,68823480000000,0,0,0
1,3963,68823480000000,68823480063000,68823480090250,27250,90250,63000,68823490000000,0,0,0
1,3964,68823490000000,68823490067000,68823490094750,27750,94750,67000,68823500000000,0,0,0
1,3965,68823500000000,68823500063000,68823500090500,27500,90500,63000,68823510000000,0,0,0
1,3966,68823510000000,68823510062625,68823510090250,27625,90250,62625,68823520000000,0,0,0
1,3967,68823520000000,68823520066750,68823520095125,28375,95125,66750,68823530000000,0,0,0
1,3968,68823530000000,68823530062500,68823530090250,27750,90250,62500,68823540000000,0,0,0
1,3969,68823540000000,68823540067250,68823540094625,27375,94625,67250,68823550000000,0,0,0
1,3970,68823550000000,68823550062750,68823550091250,28500,91250,62750,68823560000000,0,0,0
1,3971,68823560000000,68823560069000,68823560096625,27625,96625,69000,68823570000000,0,0,0
1,3972,68823570000000,68823570062750,68823570090375,27625,90375,62750,68823580000000,0,0,0
1,3973,68823580000000,68823580062750,68823580090125,27375,90125,62750,68823590000000,0,0,0
1,3974,68823590000000,68823590066875,68823590094500,27625,94500,66875,68823600000000,0,0,0
1,3975,68823600000000,68823600062625,68823600089375,26750,89375,62625,68823610000000,0,0,0
1,3976,68823610000000,68823610066875,68823610094625,27750,94625,66875,68823620000000,0,0,0
1,3977,68823620000000,68823620062750,68823620090000,27250,90000,62750,68823630000000,0,0,0
1,3978,68823630000000,68823630066750,68823630093875,27125,93875,66750,68823640000000,0,0,0
1,3979,68823640000000,68823640062750,68823640090250,27500,90250,62750,68823650000000,0,0,0
1,3980,68823650000000,68823650066750,68823650094500,27750,94500,66750,68823660000000,0,0,0
1,3981,68823660000000,68823660062875,68823660090250,27375,90250,62875,68823670000000,0,0,0
1,3982,68823670000000,68823670067000,68823670094375,27375,94375,67000,68823680000000,0,0,0
1,3983,68823680000000,68823680062625,68823680090125,27500,90125,62625,68823690000000,0,0,0
1,3984,68823690000000,68823690062375,68823690090125,27750,90125,62375,68823700000000,0,0,0
1,3985,68823700000000,68823700066625,68823700093750,27125,93750,66625,68823710000000,0,0,0
1,3986,68823710000000,68823710062750,68823710090625,27875,90625,62750,68823720000000,0,0,0
1,3987,68823720000000,68823720067000,68823720094500,27500,94500,67000,68823730000000,0,0,0
1,3988,68823730000000,68823730062875,68823730090750,27875,90750,62875,68823740000000,0,0,0
1,3989,68823740000000,68823740067000,68823740095250,28250,95250,67000,68823750000000,0,0,0
1,3990,68823750000000,68823750062875,68823750090625,27750,90625,62875,68823760000000,0,0,0
1,3991,68823760000000,68823760067000,68823760094500,27500,94500,67000,68823770000000,0,0,0
1,3992,68823770000000,68823770062875,68823770090625,27750,90625,62875,68823780000000,0,0,0
1,3993,68823780000000,68823780067000,68823780095875,28875,95875,67000,68823790000000,0,0,0
1,3994,68823790000000,68823790063000,68823790090625,27625,90625,63000,68823800000000,0,0,0
1,3995,68823800000000,68823800062375,68823800089500,27125,89500,62375,68823810000000,0,0,0
1,3996,68823810000000,68823810063375,68823810091375,28000,91375,63375,68823820000000,0,0,0
1,3997,68823820000000,68823820062875,68823820090250,27375,90250,62875,68823830000000,0,0,0
1,3998,68823830000000,68823830066875,68823830094750,27875,94750,66875,68823840000000,0,0,0
1,3999,68823840000000,68823840062875,68823840090375,27500,90375,62875,68823850000000,0,0,0
1,4000,68823850000000,68823850062625,68823850089875,27250,89875,62625,68823860000000,0,0,0
1,4001,68823860000000,68823860066875,68823860094250,27375,94250,66875,68823870000000,0,0,0
1,4002,68823870000000,68823870062750,68823870090375,27625,90375,62750,68823880000000,0,0,0
1,4003,68823880000000,68823880068250,68823880095750,27500,95750,68250,68823890000000,0,0,0
1,4004,68823890000000,68823890062875,68823890090500,27625,90500,62875,68823900000000,0,0,0
1,4005,68823900000000,68823900061625,68823900089250,27625,89250,61625,68823910000000,0,0,0
1,4006,68823910000000,68823910067250,68823910094750,27500,94750,67250,68823920000000,0,0,0
1,4007,68823920000000,68823920062750,68823920089750,27000,89750,62750,68823930000000,0,0,0
1,4008,68823930000000,68823930062625,68823930090375,27750,90375,62625,68823940000000,0,0,0
1,4009,68823940000000,68823940066000,68823940093375,27375,93375,66000,68823950000000,0,0,0
1,4010,68823950000000,68823950062625,68823950090375,27750,90375,62625,68823960000000,0,0,0
1,4011,68823960000000,68823960067000,68823960094375,27375,94375,67000,68823970000000,0,0,0
1,4012,68823970000000,68823970062625,68823970090625,28000,90625,62625,68823980000000,0,0,0
1,4013,68823980000000,68823980066750,68823980093875,27125,93875,66750,68823990000000,0,0,0
1,4014,68823990000000,68823990062875,68823990090750,27875,90750,62875,68824000000000,0,0,0
1,4015,68824000000000,68824000067000,68824000094375,27375,94375,67000,68824010000000,0,0,0
1,4016,68824010000000,68824010064500,68824010095125,30625,95125,64500,68824020000000,0,0,0
1,4017,68824020000000,68824020067625,68824020095875,28250,95875,67625,68824030000000,0,0,0
1,4018,68824030000000,68824030076750,68824030205000,128250,205000,76750,68824040000000,0,0,0
1,4019,68824040000000,68824040020625,68824040083875,63250,83875,20625,68824050000000,0,0,0
1,4020,68824050000000,68824050074500,68824050104125,29625,104125,74500,68824060000000,0,0,0
1,4021,68824060000000,68824060063750,68824060091250,27500,91250,63750,68824070000000,0,0,0
1,4022,68824070000000,68824070067500,68824070095375,27875,95375,67500,68824080000000,0,0,0
1,4023,68824080000000,68824080062875,68824080090250,27375,90250,62875,68824090000000,0,0,0
1,4024,68824090000000,68824090066875,68824090095500,28625,95500,66875,68824100000000,0,0,0
1,4025,68824100000000,68824100063000,68824100091125,28125,91125,63000,68824110000000,0,0,0
1,4026,68824110000000,68824110067250,68824110095125,27875,95125,67250,68824120000000,0,0,0
1,4027,68824120000000,68824120063000,68824120090250,27250,90250,63000,68824130000000,0,0,0
1,4028,68824130000000,68824130062750,68824130090375,27625,90375,62750,68824140000000,0,0,0
1,4029,68824140000000,68824140067000,68824140095625,28625,95625,67000,68824150000000,0,0,0
1,4030,68824150000000,68824150063125,68824150090875,27750,90875,63125,68824160000000,0,0,0
1,4031,68824160000000,68824160067250,68824160094500,27250,94500,67250,68824170000000,0,0,0
1,4032,68824170000000,68824170063000,68824170090875,27875,90875,63000,68824180000000,0,0,0
1,4033,68824180000000,68824180067250,68824180094500,27250,94500,67250,68824190000000,0,0,0
1,4034,68824190000000,68824190062625,68824190090375,27750,90375,62625,68824200000000,0,0,0
1,4035,68824200000000,68824200067000,68824200094500,27500,94500,67000,68824210000000,0,0,0
1,4036,68824210000000,68824210062750,68824210089750,27000,89750,62750,68824220000000,0,0,0
1,4037,68824220000000,68824220067125,68824220094375,27250,94375,67125,68824230000000,0,0,0
1,4038,68824230000000,68824230062750,68824230090625,27875,90625,62750,68824240000000,0,0,0
1,4039,68824240000000,68824240062625,68824240090000,27375,90000,62625,68824250000000,0,0,0
1,4040,68824250000000,68824250066875,68824250093875,27000,93875,66875,68824260000000,0,0,0
1,4041,68824260000000,68824260062875,68824260090375,27500,90375,62875,68824270000000,0,0,0
1,4042,68824270000000,68824270062625,68824270090375,27750,90375,62625,68824280000000,0,0,0
1,4043,68824280000000,68824280067000,68824280094750,27750,94750,67000,68824290000000,0,0,0
1,4044,68824290000000,68824290062625,68824290090625,28000,90625,62625,68824300000000,0,0,0
1,4045,68824300000000,68824300066750,68824300094375,27625,94375,66750,68824310000000,0,0,0
1,4046,68824310000000,68824310062625,68824310090500,27875,90500,62625,68824320000000,0,0,0
1,4047,68824320000000,68824320067000,68824320094500,27500,94500,67000,68824330000000,0,0,0
1,4048,68824330000000,68824330062625,68824330090500,27875,90500,62625,68824340000000,0,0,0
1,4049,68824340000000,68824340067000,68824340095375,28375,95375,67000,68824350000000,0,0,0
1,4050,68824350000000,68824350061500,68824350089500,28000,89500,61500,68824360000000,0,0,0
1,4051,68824360000000,68824360067125,68824360093875,26750,93875,67125,68824370000000,0,0,0
1,4052,68824370000000,68824370062625,68824370090375,27750,90375,62625,68824380000000,0,0,0
1,4053,68824380000000,68824380067125,68824380093750,26625,93750,67125,68824390000000,0,0,0
1,4054,68824390000000,68824390062875,68824390090750,27875,90750,62875,68824400000000,0,0,0
1,4055,68824400000000,68824400062625,68824400089875,27250,89875,62625,68824410000000,0,0,0
1,4056,68824410000000,68824410067250,68824410095250,28000,95250,67250,68824420000000,0,0,0
1,4057,68824420000000,68824420062875,68824420091250,28375,91250,62875,68824430000000,0,0,0
1,4058,68824430000000,68824430062500,68824430090125,27625,90125,62500,68824440000000,0,0,0
1,4059,68824440000000,68824440067000,68824440095250,28250,95250,67000,68824450000000,0,0,0
1,4060,68824450000000,68824450062875,68824450090500,27625,90500,62875,68824460000000,0,0,0
1,4061,68824460000000,68824460069375,68824460097750,28375,97750,69375,68824470000000,0,0,0
1,4062,68824470000000,68824470063125,68824470091000,27875,91000,63125,68824480000000,0,0,0
1,4063,68824480000000,68824480062750,68824480090375,27625,90375,62750,68824490000000,0,0,0
1,4064,68824490000000,68824490067125,68824490094375,27250,94375,67125,68824500000000,0,0,0
1,4065,68824500000000,68824500062625,68824500089500,26875,89500,62625,68824510000000,0,0,0
1,4066,68824510000000,68824510061625,68824510089375,27750,89375,61625,68824520000000,0,0,0
1,4067,68824520000000,68824520047125,68824520075125,28000,75125,47125,68824530000000,0,0,0
1,4068,68824530000000,68824530063875,68824530092625,28750,92625,63875,68824540000000,0,0,0
1,4069,68824540000000,68824540067500,68824540095000,27500,95000,67500,68824550000000,0,0,0
1,4070,68824550000000,68824550062875,68824550091375,28500,91375,62875,68824560000000,0,0,0
1,4071,68824560000000,68824560067375,68824560094625,27250,94625,67375,68824570000000,0,0,0
1,4072,68824570000000,68824570062750,68824570090875,28125,90875,62750,68824580000000,0,0,0
1,4073,68824580000000,68824580062625,68824580089875,27250,89875,62625,68824590000000,0,0,0
1,4074,68824590000000,68824590066625,68824590094500,27875,94500,66625,68824600000000,0,0,0
1,4075,68824600000000,68824600062750,68824600090125,27375,90125,62750,68824610000000,0,0,0
1,4076,68824610000000,68824610066750,68824610094625,27875,94625,66750,68824620000000,0,0,0
1,4077,68824620000000,68824620062875,68824620090250,27375,90250,62875,68824630000000,0,0,0
1,4078,68824630000000,68824630067125,68824630094875,27750,94875,67125,68824640000000,0,0,0
1,4079,68824640000000,68824640062750,68824640090000,27250,90000,62750,68824650000000,0,0,0
1,4080,68824650000000,68824650066875,68824650094625,27750,94625,66875,68824660000000,0,0,0
1,4081,68824660000000,68824660062750,68824660090250,27500,90250,62750,68824670000000,0,0,0
1,4082,68824670000000,68824670066750,68824670094750,28000,94750,66750,68824680000000,0,0,0
1,4083,68824680000000,68824680062750,68824680090125,27375,90125,62750,68824690000000,0,0,0
1,4084,68824690000000,68824690062375,68824690089125,26750,89125,62375,68824700000000,0,0,0
1,4085,68824700000000,68824700066875,68824700094250,27375,94250,66875,68824710000000,0,0,0
1,4086,68824710000000,68824710062625,68824710090375,27750,90375,62625,68824720000000,0,0,0
1,4087,68824720000000,68824720066875,68824720094375,27500,94375,66875,68824730000000,0,0,0
1,4088,68824730000000,68824730062875,68824730090125,27250,90125,62875,68824740000000,0,0,0
1,4089,68824740000000,68824740066875,68824740094375,27500,94375,66875,68824750000000,0,0,0
1,4090,68824750000000,68824750062750,68824750090500,27750,90500,62750,68824760000000,0,0,0
1,4091,68824760000000,68824760067250,68824760094500,27250,94500,67250,68824770000000,0,0,0
1,4092,68824770000000,68824770062750,68824770090500,27750,90500,62750,68824780000000,0,0,0
1,4093,68824780000000,68824780062750,68824780090500,27750,90500,62750,68824790000000,0,0,0
1,4094,68824790000000,68824790066750,68824790095250,28500,95250,66750,68824800000000,0,0,0
1,4095,68824800000000,68824800062750,68824800091125,28375,91125,62750,68824810000000,0,0,0
1,4096,68824810000000,68824810066750,68824810094000,27250,94000,66750,68824820000000,0,0,0
1,4097,68824820000000,68824820062750,68824820090000,27250,90000,62750,68824830000000,0,0,0
1,4098,68824830000000,68824830060875,68824830088500,27625,88500,60875,68824840000000,0,0,0
1,4099,68824840000000,68824840067500,68824840095000,27500,95000,67500,68824850000000,0,0,0
1,4100,68824850000000,68824850062750,68824850090125,27375,90125,62750,68824860000000,0,0,0
1,4101,68824860000000,68824860062625,68824860090625,28000,90625,62625,68824870000000,0,0,0
1,4102,68824870000000,68824870067000,68824870094750,27750,94750,67000,68824880000000,0,0,0
1,4103,68824880000000,68824880064500,68824880092875,28375,92875,64500,68824890000000,0,0,0
1,4104,68824890000000,68824890066750,68824890093625,26875,93625,66750,68824900000000,0,0,0
1,4105,68824900000000,68824900062750,68824900090625,27875,90625,62750,68824910000000,0,0,0
1,4106,68824910000000,68824910069250,68824910097125,27875,97125,69250,68824920000000,0,0,0
1,4107,68824920000000,68824920063250,68824920091250,28000,91250,63250,68824930000000,0,0,0
1,4108,68824930000000,68824930062625,68824930089875,27250,89875,62625,68824940000000,0,0,0
1,4109,68824940000000,68824940067000,68824940095000,28000,95000,67000,68824950000000,0,0,0
1,4110,68824950000000,68824950062625,68824950090000,27375,90000,62625,68824960000000,0,0,0
1,4111,68824960000000,68824960061625,68824960089375,27750,89375,61625,68824970000000,0,0,0
1,4112,68824970000000,68824970066875,68824970094125,27250,94125,66875,68824980000000,0,0,0
1,4113,68824980000000,68824980063000,68824980090375,27375,90375,63000,68824990000000,0,0,0
1,4114,68824990000000,68824990067125,68824990094375,27250,94375,67125,68825000000000,0,0,0
1,4115,68825000000000,68825000062750,68825000090125,27375,90125,62750,68825010000000,0,0,0
1,4116,68825010000000,68825010062625,68825010089750,27125,89750,62625,68825020000000,0,0,0
1,4117,68825020000000,68825020066875,68825020094375,27500,94375,66875,68825030000000,0,0,0
1,4118,68825030000000,68825030062750,68825030090250,27500,90250,62750,68825040000000,0,0,0
1,4119,68825040000000,68825040066875,68825040094375,27500,94375,66875,68825050000000,0,0,0
1,4120,68825050000000,68825050062750,68825050090500,27750,90500,62750,68825060000000,0,0,0
1,4121,68825060000000,68825060067375,68825060095125,27750,95125,67375,68825070000000,0,0,0
1,4122,68825070000000,68825070063125,68825070090625,27500,90625,63125,68825080000000,0,0,0
1,4123,68825080000000,68825080062625,68825080090500,27875,90500,62625,68825090000000,0,0,0
1,4124,68825090000000,68825090066750,68825090094500,27750,94500,66750,68825100000000,0,0,0
1,4125,68825100000000,68825100062750,68825100090125,27375,90125,62750,68825110000000,0,0,0
1,4126,68825110000000,68825110067125,68825110094000,26875,94000,67125,68825120000000,0,0,0
1,4127,68825120000000,68825120063000,68825120090750,27750,90750,63000,68825130000000,0,0,0
1,4128,68825130000000,68825130062375,68825130089750,27375,89750,62375,68825140000000,0,0,0
1,4129,68825140000000,68825140067125,68825140095000,27875,95000,67125,68825150000000,0,0,0
1,4130,68825150000000,68825150062625,68825150090250,27625,90250,62625,68825160000000,0,0,0
1,4131,68825160000000,68825160062625,68825160090125,27500,90125,62625,68825170000000,0,0,0
1,4132,68825170000000,68825170066875,68825170094375,27500,94375,66875,68825180000000,0,0,0
1,4133,68825180000000,68825180061875,68825180089375,27500,89375,61875,68825190000000,0,0,0
1,4134,68825190000000,68825190067000,68825190094375,27375,94375,67000,68825200000000,0,0,0
1,4135,68825200000000,68825200062625,68825200090000,27375,90000,62625,68825210000000,0,0,0
1,4136,68825210000000,68825210062750,68825210089625,26875,89625,62750,68825220000000,0,0,0
1,4137,68825220000000,68825220066875,68825220095625,28750,95625,66875,68825230000000,0,0,0
1,4138,68825230000000,68825230062500,68825230090125,27625,90125,62500,68825240000000,0,0,0
1,4139,68825240000000,68825240062500,68825240090375,27875,90375,62500,68825250000000,0,0,0
1,4140,68825250000000,68825250066750,68825250094000,27250,94000,66750,68825260000000,0,0,0
1,4141,68825260000000,68825260062875,68825260090625,27750,90625,62875,68825270000000,0,0,0
1,4142,68825270000000,68825270067125,68825270094500,27375,94500,67125,68825280000000,0,0,0
1,4143,68825280000000,68825280062875,68825280090750,27875,90750,62875,68825290000000,0,0,0
1,4144,68825290000000,68825290062625,68825290089875,27250,89875,62625,68825300000000,0,0,0
1,4145,68825300000000,68825300066875,68825300094625,27750,94625,66875,68825310000000,0,0,0
1,4146,68825310000000,68825310062500,68825310089875,27375,89875,62500,68825320000000,0,0,0
1,4147,68825320000000,68825320066875,68825320094875,28000,94875,66875,68825330000000,0,0,0
1,4148,68825330000000,68825330062625,68825330090000,27375,90000,62625,68825340000000,0,0,0
1,4149,68825340000000,68825340066875,68825340094625,27750,94625,66875,68825350000000,0,0,0
1,4150,68825350000000,68825350062625,68825350091375,28750,91375,62625,68825360000000,0,0,0
1,4151,68825360000000,68825360069125,68825360097250,28125,97250,69125,68825370000000,0,0,0
1,4152,68825370000000,68825370061875,68825370089125,27250,89125,61875,68825380000000,0,0,0
1,4153,68825380000000,68825380063125,68825380090625,27500,90625,63125,68825390000000,0,0,0
1,4154,68825390000000,68825390067000,68825390094000,27000,94000,67000,68825400000000,0,0,0
1,4155,68825400000000,68825400062750,68825400090625,27875,90625,62750,68825410000000,0,0,0
1,4156,68825410000000,68825410067000,68825410094250,27250,94250,67000,68825420000000,0,0,0
1,4157,68825420000000,68825420062750,68825420090500,27750,90500,62750,68825430000000,0,0,0
1,4158,68825430000000,68825430062500,68825430090000,27500,90000,62500,68825440000000,0,0,0
1,4159,68825440000000,68825440067250,68825440094750,27500,94750,67250,68825450000000,0,0,0
1,4160,68825450000000,68825450062875,68825450090500,27625,90500,62875,68825460000000,0,0,0
1,4161,68825460000000,68825460062750,68825460090625,27875,90625,62750,68825470000000,0,0,0
1,4162,68825470000000,68825470066750,68825470094375,27625,94375,66750,68825480000000,0,0,0
1,4163,68825480000000,68825480062750,68825480090625,27875,90625,62750,68825490000000,0,0,0
1,4164,68825490000000,68825490066625,68825490094375,27750,94375,66625,68825500000000,0,0,0
1,4165,68825500000000,68825500062625,68825500090250,27625,90250,62625,68825510000000,0,0,0
1,4166,68825510000000,68825510062500,68825510090250,27750,90250,62500,68825520000000,0,0,0
1,4167,68825520000000,68825520066750,68825520094500,27750,94500,66750,68825530000000,0,0,0
1,4168,68825530000000,68825530062625,68825530090000,27375,90000,62625,68825540000000,0,0,0
1,4169,68825540000000,68825540067000,68825540094625,27625,94625,67000,68825550000000,0,0,0
1,4170,68825550000000,68825550062750,68825550090000,27250,90000,62750,68825560000000,0,0,0
1,4171,68825560000000,68825560066875,68825560094750,27875,94750,66875,68825570000000,0,0,0
1,4172,68825570000000,68825570062500,68825570089875,27375,89875,62500,68825580000000,0,0,0
1,4173,68825580000000,68825580066875,68825580094750,27875,94750,66875,68825590000000,0,0,0
1,4174,68825590000000,68825590062875,68825590089875,27000,89875,62875,68825600000000,0,0,0
1,4175,68825600000000,68825600062625,68825600089750,27125,89750,62625,68825610000000,0,0,0
1,4176,68825610000000,68825610066625,68825610095250,28625,95250,66625,68825620000000,0,0,0
1,4177,68825620000000,68825620062625,68825620089375,26750,89375,62625,68825630000000,0,0,0
1,4178,68825630000000,68825630067000,68825630094375,27375,94375,67000,68825640000000,0,0,0
1,4179,68825640000000,68825640062625,68825640090000,27375,90000,62625,68825650000000,0,0,0
1,4180,68825650000000,68825650066750,68825650094125,27375,94125,66750,68825660000000,0,0,0
1,4181,68825660000000,68825660062875,68825660090750,27875,90750,62875,68825670000000,0,0,0
1,4182,68825670000000,68825670067250,68825670096125,28875,96125,67250,68825680000000,0,0,0
1,4183,68825680000000,68825680062875,68825680089750,26875,89750,62875,68825690000000,0,0,0
1,4184,68825690000000,68825690062500,68825690089750,27250,89750,62500,68825700000000,0,0,0
1,4185,68825700000000,68825700066625,68825700094375,27750,94375,66625,68825710000000,0,0,0
1,4186,68825710000000,68825710062750,68825710090250,27500,90250,62750,68825720000000,0,0,0
1,4187,68825720000000,68825720067000,68825720094500,27500,94500,67000,68825730000000,0,0,0
1,4188,68825730000000,68825730062750,68825730089625,26875,89625,62750,68825740000000,0,0,0
1,4189,68825740000000,68825740062750,68825740090625,27875,90625,62750,68825750000000,0,0,0
1,4190,68825750000000,68825750066875,68825750094250,27375,94250,66875,68825760000000,0,0,0
1,4191,68825760000000,68825760062750,68825760090500,27750,90500,62750,68825770000000,0,0,0
1,4192,68825770000000,68825770067000,68825770094375,27375,94375,67000,68825780000000,0,0,0
1,4193,68825780000000,68825780063125,68825780091000,27875,91000,63125,68825790000000,0,0,0
1,4194,68825790000000,68825790062625,68825790089875,27250,89875,62625,68825800000000,0,0,0
1,4195,68825800000000,68825800066750,68825800094500,27750,94500,66750,68825810000000,0,0,0
1,4196,68825810000000,68825810066875,68825810178125,111250,178125,66875,68825820000000,0,0,0
1,4197,68825820000000,68825820031250,68825820093625,62375,93625,31250,68825830000000,0,0,0
1,4198,68825830000000,68825830069750,68825830099500,29750,99500,69750,68825840000000,0,0,0
1,4199,68825840000000,68825840063000,68825840090375,27375,90375,63000,68825850000000,0,0,0
1,4200,68825850000000,68825850062500,68825850090375,27875,90375,62500,68825860000000,0,0,0
1,4201,68825860000000,68825860067375,68825860094750,27375,94750,67375,68825870000000,0,0,0
1,4202,68825870000000,68825870062750,68825870090500,27750,90500,62750,68825880000000,0,0,0
1,4203,68825880000000,68825880068875,68825880096375,27500,96375,68875,68825890000000,0,0,0
1,4204,68825890000000,68825890062750,68825890090625,27875,90625,62750,68825900000000,0,0,0
1,4205,68825900000000,68825900062500,68825900090125,27625,90125,62500,68825910000000,0,0,0
1,4206,68825910000000,68825910066875,68825910094625,27750,94625,66875,68825920000000,0,0,0
1,4207,68825920000000,68825920063000,68825920090500,27500,90500,63000,68825930000000,0,0,0
1,4208,68825930000000,68825930067125,68825930095000,27875,95000,67125,68825940000000,0,0,0
1,4209,68825940000000,68825940062750,68825940091375,28625,91375,62750,68825950000000,0,0,0
1,4210,68825950000000,68825950067000,68825950094500,27500,94500,67000,68825960000000,0,0,0
1,4211,68825960000000,68825960063000,68825960090750,27750,90750,63000,68825970000000,0,0,0
1,4212,68825970000000,68825970062750,68825970090500,27750,90500,62750,68825980000000,0,0,0
1,4213,68825980000000,68825980066250,68825980093875,27625,93875,66250,68825990000000,0,0,0
1,4214,68825990000000,68825990062625,68825990090500,27875,90500,62625,68826000000000,0,0,0
1,4215,68826000000000,68826000066875,68826000094375,27500,94375,66875,68826010000000,0,0,0
1,4216,68826010000000,68826010062750,68826010091250,28500,91250,62750,68826020000000,0,0,0
1,4217,68826020000000,68826020062500,68826020089875,27375,89875,62500,68826030000000,0,0,0
1,4218,68826030000000,68826030067000,68826030095500,28500,95500,67000,68826040000000,0,0,0
1,4219,68826040000000,68826040062750,68826040090125,27375,90125,62750,68826050000000,0,0,0
1,4220,68826050000000,68826050067000,68826050094750,27750,94750,67000,68826060000000,0,0,0
1,4221,68826060000000,68826060063000,68826060090375,27375,90375,63000,68826070000000,0,0,0
1,4222,68826070000000,68826070062625,68826070090250,27625,90250,62625,68826080000000,0,0,0
1,4223,68826080000000,68826080067000,68826080094500,27500,94500,67000,68826090000000,0,0,0
1,4224,68826090000000,68826090062625,68826090090375,27750,90375,62625,68826100000000,0,0,0
1,4225,68826100000000,68826100066875,68826100094375,27500,94375,66875,68826110000000,0,0,0
1,4226,68826110000000,68826110062375,68826110090000,27625,90000,62375,68826120000000,0,0,0
1,4227,68826120000000,68826120067125,68826120094375,27250,94375,67125,68826130000000,0,0,0
1,4228,68826130000000,68826130062750,68826130089750,27000,89750,62750,68826140000000,0,0,0
1,4229,68826140000000,68826140061750,68826140089625,27875,89625,61750,68826150000000,0,0,0
1,4230,68826150000000,68826150067000,68826150094750,27750,94750,67000,68826160000000,0,0,0
1,4231,68826160000000,68826160062750,68826160090125,27375,90125,62750,68826170000000,0,0,0
1,4232,68826170000000,68826170062750,68826170090500,27750,90500,62750,68826180000000,0,0,0
1,4233,68826180000000,68826180066875,68826180096000,29125,96000,66875,68826190000000,0,0,0
1,4234,68826190000000,68826190063250,68826190091125,27875,91125,63250,68826200000000,0,0,0
1,4235,68826200000000,68826200067000,68826200094125,27125,94125,67000,68826210000000,0,0,0
1,4236,68826210000000,68826210063000,68826210090875,27875,90875,63000,68826220000000,0,0,0
1,4237,68826220000000,68826220067000,68826220094625,27625,94625,67000,68826230000000,0,0,0
1,4238,68826230000000,68826230062750,68826230090625,27875,90625,62750,68826240000000,0,0,0
1,4239,68826240000000,68826240062500,68826240089875,27375,89875,62500,68826250000000,0,0,0
1,4240,68826250000000,68826250066875,68826250094750,27875,94750,66875,68826260000000,0,0,0
1,4241,68826260000000,68826260064375,68826260092250,27875,92250,64375,68826270000000,0,0,0
1,4242,68826270000000,68826270062750,68826270090500,27750,90500,62750,68826280000000,0,0,0
1,4243,68826280000000,68826280067625,68826280095125,27500,95125,67625,68826290000000,0,0,0
1,4244,68826290000000,68826290063000,68826290090500,27500,90500,63000,68826300000000,0,0,0
1,4245,68826300000000,68826300067125,68826300094500,27375,94500,67125,68826310000000,0,0,0
1,4246,68826310000000,68826310062750,68826310090250,27500,90250,62750,68826320000000,0,0,0
1,4247,68826320000000,68826320062750,68826320090375,27625,90375,62750,68826330000000,0,0,0
1,4248,68826330000000,68826330066875,68826330094625,27750,94625,66875,68826340000000,0,0,0
1,4249,68826340000000,68826340062750,68826340089500,26750,89500,62750,68826350000000,0,0,0
1,4250,68826350000000,68826350062750,68826350090500,27750,90500,62750,68826360000000,0,0,0
1,4251,68826360000000,68826360066875,68826360096125,29250,96125,66875,68826370000000,0,0,0
1,4252,68826370000000,68826370062625,68826370090125,27500,90125,62625,68826380000000,0,0,0
1,4253,68826380000000,68826380067250,68826380094625,27375,94625,67250,68826390000000,0,0,0
1,4254,68826390000000,68826390061875,68826390089625,27750,89625,61875,68826400000000,0,0,0
1,4255,68826400000000,68826400067000,68826400094500,27500,94500,67000,68826410000000,0,0,0
1,4256,68826410000000,68826410062625,68826410090500,27875,90500,62625,68826420000000,0,0,0
1,4257,68826420000000,68826420062500,68826420090125,27625,90125,62500,68826430000000,0,0,0
1,4258,68826430000000,68826430066750,68826430094625,27875,94625,66750,68826440000000,0,0,0
1,4259,68826440000000,68826440062875,68826440090250,27375,90250,62875,68826450000000,0,0,0
1,4260,68826450000000,68826450067000,68826450094750,27750,94750,67000,68826460000000,0,0,0
1,4261,68826460000000,68826460061875,68826460089250,27375,89250,61875,68826470000000,0,0,0
1,4262,68826470000000,68826470067000,68826470094750,27750,94750,67000,68826480000000,0,0,0
1,4263,68826480000000,68826480062625,68826480090125,27500,90125,62625,68826490000000,0,0,0
1,4264,68826490000000,68826490062625,68826490090250,27625,90250,62625,68826500000000,0,0,0
1,4265,68826500000000,68826500066875,68826500094125,27250,94125,66875,68826510000000,0,0,0
1,4266,68826510000000,68826510062875,68826510090125,27250,90125,62875,68826520000000,0,0,0
1,4267,68826520000000,68826520062500,68826520089875,27375,89875,62500,68826530000000,0,0,0
1,4268,68826530000000,68826530063250,68826530091250,28000,91250,63250,68826540000000,0,0,0
1,4269,68826540000000,68826540063500,68826540091500,28000,91500,63500,68826550000000,0,0,0
1,4270,68826550000000,68826550067375,68826550094875,27500,94875,67375,68826560000000,0,0,0
1,4271,68826560000000,68826560063250,68826560091250,28000,91250,63250,68826570000000,0,0,0
1,4272,68826570000000,68826570062625,68826570090625,28000,90625,62625,68826580000000,0,0,0
1,4273,68826580000000,68826580067000,68826580094875,27875,94875,67000,68826590000000,0,0,0
1,4274,68826590000000,68826590062750,68826590090250,27500,90250,62750,68826600000000,0,0,0
1,4275,68826600000000,68826600067250,68826600095250,28000,95250,67250,68826610000000,0,0,0
1,4276,68826610000000,68826610062875,68826610090250,27375,90250,62875,68826620000000,0,0,0
1,4277,68826620000000,68826620062625,68826620090375,27750,90375,62625,68826630000000,0,0,0
1,4278,68826630000000,68826630067000,68826630094375,27375,94375,67000,68826640000000,0,0,0
1,4279,68826640000000,68826640062750,68826640091375,28625,91375,62750,68826650000000,0,0,0
1,4280,68826650000000,68826650066750,68826650094125,27375,94125,66750,68826660000000,0,0,0
1,4281,68826660000000,68826660062875,68826660090250,27375,90250,62875,68826670000000,0,0,0
1,4282,68826670000000,68826670066875,68826670094125,27250,94125,66875,68826680000000,0,0,0
1,4283,68826680000000,68826680062750,68826680089875,27125,89875,62750,68826690000000,0,0,0
1,4284,68826690000000,68826690066875,68826690094125,27250,94125,66875,68826700000000,0,0,0
1,4285,68826700000000,68826700062750,68826700091250,28500,91250,62750,68826710000000,0,0,0
1,4286,68826710000000,68826710068875,68826710096625,27750,96625,68875,68826720000000,0,0,0
1,4287,68826720000000,68826720063000,68826720090750,27750,90750,63000,68826730000000,0,0,0
1,4288,68826730000000,68826730062625,68826730090000,27375,90000,62625,68826740000000,0,0,0
1,4289,68826740000000,68826740066750,68826740095500,28750,95500,66750,68826750000000,0,0,0
1,4290,68826750000000,68826750062625,68826750090250,27625,90250,62625,68826760000000,0,0,0
1,4291,68826760000000,68826760062625,68826760090500,27875,90500,62625,68826770000000,0,0,0
1,4292,68826770000000,68826770066875,68826770094000,27125,94000,66875,68826780000000,0,0,0
1,4293,68826780000000,68826780063000,68826780090875,27875,90875,63000,68826790000000,0,0,0
1,4294,68826790000000,68826790066875,68826790094000,27125,94000,66875,68826800000000,0,0,0
1,4295,68826800000000,68826800062875,68826800090750,27875,90750,62875,68826810000000,0,0,0
1,4296,68826810000000,68826810062500,68826810090000,27500,90000,62500,68826820000000,0,0,0
1,4297,68826820000000,68826820063250,68826820091125,27875,91125,63250,68826830000000,0,0,0
1,4298,68826830000000,68826830063000,68826830090750,27750,90750,63000,68826840000000,0,0,0
1,4299,68826840000000,68826840066875,68826840095500,28625,95500,66875,68826850000000,0,0,0
1,4300,68826850000000,68826850062625,68826850089500,26875,89500,62625,68826860000000,0,0,0
1,4301,68826860000000,68826860066875,68826860094500,27625,94500,66875,68826870000000,0,0,0
1,4302,68826870000000,68826870062750,68826870089750,27000,89750,62750,68826880000000,0,0,0
1,4303,68826880000000,68826880068375,68826880095625,27250,95625,68375,68826890000000,0,0,0
1,4304,68826890000000,68826890062500,68826890090000,27500,90000,62500,68826900000000,0,0,0
1,4305,68826900000000,68826900062750,68826900090750,28000,90750,62750,68826910000000,0,0,0
1,4306,68826910000000,68826910067000,68826910094000,27000,94000,67000,68826920000000,0,0,0
1,4307,68826920000000,68826920062750,68826920090500,27750,90500,62750,68826930000000,0,0,0
1,4308,68826930000000,68826930066875,68826930094250,27375,94250,66875,68826940000000,0,0,0
1,4309,68826940000000,68826940062625,68826940090500,27875,90500,62625,68826950000000,0,0,0
1,4310,68826950000000,68826950062750,68826950090125,27375,90125,62750,68826960000000,0,0,0
1,4311,68826960000000,68826960067000,68826960094250,27250,94250,67000,68826970000000,0,0,0
1,4312,68826970000000,68826970062875,68826970090125,27250,90125,62875,68826980000000,0,0,0
1,4313,68826980000000,68826980066750,68826980095375,28625,95375,66750,68826990000000,0,0,0
1,4314,68826990000000,68826990062750,68826990091000,28250,91000,62750,68827000000000,0,0,0
1,4315,68827000000000,68827000061750,68827000089250,27500,89250,61750,68827010000000,0,0,0
1,4316,68827010000000,68827010067125,68827010094375,27250,94375,67125,68827020000000,0,0,0
1,4317,68827020000000,68827020062625,68827020090250,27625,90250,62625,68827030000000,0,0,0
1,4318,68827030000000,68827030067000,68827030094250,27250,94250,67000,68827040000000,0,0,0
1,4319,68827040000000,68827040062750,68827040090000,27250,90000,62750,68827050000000,0,0,0
1,4320,68827050000000,68827050062500,68827050089875,27375,89875,62500,68827060000000,0,0,0
1,4321,68827060000000,68827060066875,68827060094250,27375,94250,66875,68827070000000,0,0,0
1,4322,68827070000000,68827070062625,68827070089375,26750,89375,62625,68827080000000,0,0,0
1,4323,68827080000000,68827080066750,68827080093500,26750,93500,66750,68827090000000,0,0,0
1,4324,68827090000000,68827090062750,68827090089875,27125,89875,62750,68827100000000,0,0,0
1,4325,68827100000000,68827100067000,68827100094750,27750,94750,67000,68827110000000,0,0,0
1,4326,68827110000000,68827110062625,68827110090250,27625,90250,62625,68827120000000,0,0,0
1,4327,68827120000000,68827120067000,68827120094000,27000,94000,67000,68827130000000,0,0,0
1,4328,68827130000000,68827130062750,68827130089750,27000,89750,62750,68827140000000,0,0,0
1,4329,68827140000000,68827140066750,68827140093625,26875,93625,66750,68827150000000,0,0,0
1,4330,68827150000000,68827150062750,68827150091125,28375,91125,62750,68827160000000,0,0,0
1,4331,68827160000000,68827160068500,68827160096625,28125,96625,68500,68827170000000,0,0,0
1,4332,68827170000000,68827170063500,68827170091375,27875,91375,63500,68827180000000,0,0,0
1,4333,68827180000000,68827180062625,68827180090625,28000,90625,62625,68827190000000,0,0,0
1,4334,68827190000000,68827190067125,68827190094750,27625,94750,67125,68827200000000,0,0,0
1,4335,68827200000000,68827200062750,68827200090625,27875,90625,62750,68827210000000,0,0,0
1,4336,68827210000000,68827210067125,68827210093625,26500,93625,67125,68827220000000,0,0,0
1,4337,68827220000000,68827220062875,68827220090875,28000,90875,62875,68827230000000,0,0,0
1,4338,68827230000000,68827230061750,68827230089125,27375,89125,61750,68827240000000,0,0,0
1,4339,68827240000000,68827240067125,68827240095000,27875,95000,67125,68827250000000,0,0,0
1,4340,68827250000000,68827250062625,68827250090000,27375,90000,62625,68827260000000,0,0,0
1,4341,68827260000000,68827260067125,68827260094875,27750,94875,67125,68827270000000,0,0,0
1,4342,68827270000000,68827270062750,68827270090250,27500,90250,62750,68827280000000,0,0,0
1,4343,68827280000000,68827280067000,68827280094750,27750,94750,67000,68827290000000,0,0,0
1,4344,68827290000000,68827290062750,68827290090125,27375,90125,62750,68827300000000,0,0,0
1,4345,68827300000000,68827300062375,68827300089500,27125,89500,62375,68827310000000,0,0,0
1,4346,68827310000000,68827310067000,68827310094500,27500,94500,67000,68827320000000,0,0,0
1,4347,68827320000000,68827320062625,68827320089750,27125,89750,62625,68827330000000,0,0,0
1,4348,68827330000000,68827330062500,68827330090125,27625,90125,62500,68827340000000,0,0,0
1,4349,68827340000000,68827340067125,68827340094625,27500,94625,67125,68827350000000,0,0,0
1,4350,68827350000000,68827350062750,68827350090000,27250,90000,62750,68827360000000,0,0,0
1,4351,68827360000000,68827360067000,68827360094875,27875,94875,67000,68827370000000,0,0,0
1,4352,68827370000000,68827370062750,68827370090375,27625,90375,62750,68827380000000,0,0,0
1,4353,68827380000000,68827380066875,68827380094250,27375,94250,66875,68827390000000,0,0,0
1,4354,68827390000000,68827390062750,68827390089625,26875,89625,62750,68827400000000,0,0,0
1,4355,68827400000000,68827400067000,68827400094875,27875,94875,67000,68827410000000,0,0,0
1,4356,68827410000000,68827410061750,68827410089500,27750,89500,61750,68827420000000,0,0,0
1,4357,68827420000000,68827420067125,68827420095000,27875,95000,67125,68827430000000,0,0,0
1,4358,68827430000000,68827430062750,68827430090125,27375,90125,62750,68827440000000,0,0,0
1,4359,68827440000000,68827440067125,68827440094125,27000,94125,67125,68827450000000,0,0,0
1,4360,68827450000000,68827450062625,68827450089625,27000,89625,62625,68827460000000,0,0,0
1,4361,68827460000000,68827460067000,68827460094625,27625,94625,67000,68827470000000,0,0,0
1,4362,68827470000000,68827470064250,68827470092750,28500,92750,64250,68827480000000,0,0,0
1,4363,68827480000000,68827480062625,68827480090500,27875,90500,62625,68827490000000,0,0,0
1,4364,68827490000000,68827490067375,68827490096375,29000,96375,67375,68827500000000,0,0,0
1,4365,68827500000000,68827500062750,68827500090500,27750,90500,62750,68827510000000,0,0,0
1,4366,68827510000000,68827510062875,68827510090125,27250,90125,62875,68827520000000,0,0,0
1,4367,68827520000000,68827520066875,68827520094875,28000,94875,66875,68827530000000,0,0,0
1,4368,68827530000000,68827530062875,68827530090000,27125,90000,62875,68827540000000,0,0,0
1,4369,68827540000000,68827540062500,68827540089000,26500,89000,62500,68827550000000,0,0,0
1,4370,68827550000000,68827550067000,68827550094250,27250,94250,67000,68827560000000,0,0,0
1,4371,68827560000000,68827560062625,68827560090125,27500,90125,62625,68827570000000,0,0,0
1,4372,68827570000000,68827570062750,68827570090250,27500,90250,62750,68827580000000,0,0,0
1,4373,68827580000000,68827580067000,68827580094125,27125,94125,67000,68827590000000,0,0,0
1,4374,68827590000000,68827590062750,68827590090250,27500,90250,62750,68827600000000,0,0,0
1,4375,68827600000000,68827600062625,68827600090250,27625,90250,62625,68827610000000,0,0,0
1,4376,68827610000000,68827610069375,68827610097250,27875,97250,69375,68827620000000,0,0,0
1,4377,68827620000000,68827620062875,68827620090875,28000,90875,62875,68827630000000,0,0,0
1,4378,68827630000000,68827630062625,68827630090000,27375,90000,62625,68827640000000,0,0,0
1,4379,68827640000000,68827640066875,68827640095000,28125,95000,66875,68827650000000,0,0,0
1,4380,68827650000000,68827650062500,68827650089500,27000,89500,62500,68827660000000,0,0,0
1,4381,68827660000000,68827660067125,68827660094875,27750,94875,67125,68827670000000,0,0,0
1,4382,68827670000000,68827670062750,68827670089875,27125,89875,62750,68827680000000,0,0,0
1,4383,68827680000000,68827680066875,68827680094625,27750,94625,66875,68827690000000,0,0,0
1,4384,68827690000000,68827690062625,68827690090000,27375,90000,62625,68827700000000,0,0,0
1,4385,68827700000000,68827700067000,68827700094625,27625,94625,67000,68827710000000,0,0,0
1,4386,68827710000000,68827710062875,68827710090250,27375,90250,62875,68827720000000,0,0,0
1,4387,68827720000000,68827720062500,68827720090000,27500,90000,62500,68827730000000,0,0,0
1,4388,68827730000000,68827730066750,68827730094250,27500,94250,66750,68827740000000,0,0,0
1,4389,68827740000000,68827740062750,68827740090125,27375,90125,62750,68827750000000,0,0,0
1,4390,68827750000000,68827750067000,68827750094375,27375,94375,67000,68827760000000,0,0,0
1,4391,68827760000000,68827760062875,68827760090000,27125,90000,62875,68827770000000,0,0,0
1,4392,68827770000000,68827770062625,68827770090125,27500,90125,62625,68827780000000,0,0,0
1,4393,68827780000000,68827780066875,68827780094625,27750,94625,66875,68827790000000,0,0,0
1,4394,68827790000000,68827790062750,68827790090375,27625,90375,62750,68827800000000,0,0,0
1,4395,68827800000000,68827800062625,68827800091375,28750,91375,62625,68827810000000,0,0,0
1,4396,68827810000000,68827810063625,68827810091125,27500,91125,63625,68827820000000,0,0,0
1,4397,68827820000000,68827820063125,68827820091000,27875,91000,63125,68827830000000,0,0,0
1,4398,68827830000000,68827830067000,68827830094500,27500,94500,67000,68827840000000,0,0,0
1,4399,68827840000000,68827840063000,68827840091000,28000,91000,63000,68827850000000,0,0,0
1,4400,68827850000000,68827850062750,68827850090250,27500,90250,62750,68827860000000,0,0,0
1,4401,68827860000000,68827860067000,68827860094750,27750,94750,67000,68827870000000,0,0,0
1,4402,68827870000000,68827870062625,68827870090750,28125,90750,62625,68827880000000,0,0,0
1,4403,68827880000000,68827880068250,68827880096125,27875,96125,68250,68827890000000,0,0,0
1,4404,68827890000000,68827890062625,68827890089875,27250,89875,62625,68827900000000,0,0,0
1,4405,68827900000000,68827900062750,68827900090000,27250,90000,62750,68827910000000,0,0,0
1,4406,68827910000000,68827910063000,68827910090250,27250,90250,63000,68827920000000,0,0,0
1,4407,68827920000000,68827920062625,68827920090000,27375,90000,62625,68827930000000,0,0,0
1,4408,68827930000000,68827930066625,68827930094875,28250,94875,66625,68827940000000,0,0,0
1,4409,68827940000000,68827940063125,68827940090250,27125,90250,63125,68827950000000,0,0,0
1,4410,68827950000000,68827950066750,68827950094000,27250,94000,66750,68827960000000,0,0,0
1,4411,68827960000000,68827960062875,68827960090625,27750,90625,62875,68827970000000,0,0,0
1,4412,68827970000000,68827970066750,68827970094000,27250,94000,66750,68827980000000,0,0,0
1,4413,68827980000000,68827980062625,68827980090125,27500,90125,62625,68827990000000,0,0,0
1,4414,68827990000000,68827990062375,68827990089750,27375,89750,62375,68828000000000,0,0,0
1,4415,68828000000000,68828000067000,68828000094625,27625,94625,67000,68828010000000,0,0,0
1,4416,68828010000000,68828010062750,68828010090375,27625,90375,62750,68828020000000,0,0,0
1,4417,68828020000000,68828020061875,68828020089875,28000,89875,61875,68828030000000,0,0,0
1,4418,68828030000000,68828030067000,68828030094500,27500,94500,67000,68828040000000,0,0,0
1,4419,68828040000000,68828040062875,68828040090750,27875,90750,62875,68828050000000,0,0,0
1,4420,68828050000000,68828050067000,68828050094625,27625,94625,67000,68828060000000,0,0,0
1,4421,68828060000000,68828060064500,68828060092500,28000,92500,64500,68828070000000,0,0,0
1,4422,68828070000000,68828070068000,68828070095750,27750,95750,68000,68828080000000,0,0,0
1,4423,68828080000000,68828080063000,68828080091250,28250,91250,63000,68828090000000,0,0,0
1,4424,68828090000000,68828090062500,68828090090000,27500,90000,62500,68828100000000,0,0,0
1,4425,68828100000000,68828100066875,68828100095625,28750,95625,66875,68828110000000,0,0,0
1,4426,68828110000000,68828110062875,68828110090125,27250,90125,62875,68828120000000,0,0,0
1,4427,68828120000000,68828120066750,68828120094625,27875,94625,66750,68828130000000,0,0,0
1,4428,68828130000000,68828130062625,68828130090000,27375,90000,62625,68828140000000,0,0,0
1,4429,68828140000000,68828140066875,68828140094500,27625,94500,66875,68828150000000,0,0,0
1,4430,68828150000000,68828150062875,68828150090375,27500,90375,62875,68828160000000,0,0,0
1,4431,68828160000000,68828160067000,68828160095000,28000,95000,67000,68828170000000,0,0,0
1,4432,68828170000000,68828170062625,68828170090125,27500,90125,62625,68828180000000,0,0,0
1,4433,68828180000000,68828180067125,68828180095000,27875,95000,67125,68828190000000,0,0,0
1,4434,68828190000000,68828190061750,68828190089000,27250,89000,61750,68828200000000,0,0,0
1,4435,68828200000000,68828200067250,68828200095125,27875,95125,67250,68828210000000,0,0,0
1,4436,68828210000000,68828210062750,68828210089875,27125,89875,62750,68828220000000,0,0,0
1,4437,68828220000000,68828220062625,68828220090500,27875,90500,62625,68828230000000,0,0,0
1,4438,68828230000000,68828230062875,68828230090375,27500,90375,62875,68828240000000,0,0,0
1,4439,68828240000000,68828240062625,68828240090250,27625,90250,62625,68828250000000,0,0,0
1,4440,68828250000000,68828250066625,68828250094125,27500,94125,66625,68828260000000,0,0,0
1,4441,68828260000000,68828260062750,68828260090375,27625,90375,62750,68828270000000,0,0,0
1,4442,68828270000000,68828270066875,68828270094750,27875,94750,66875,68828280000000,0,0,0
1,4443,68828280000000,68828280062750,68828280090250,27500,90250,62750,68828290000000,0,0,0
1,4444,68828290000000,68828290066750,68828290094125,27375,94125,66750,68828300000000,0,0,0
1,4445,68828300000000,68828300062750,68828300090625,27875,90625,62750,68828310000000,0,0,0
1,4446,68828310000000,68828310062500,68828310089125,26625,89125,62500,68828320000000,0,0,0
1,4447,68828320000000,68828320067000,68828320094750,27750,94750,67000,68828330000000,0,0,0
1,4448,68828330000000,68828330062750,68828330090375,27625,90375,62750,68828340000000,0,0,0
1,4449,68828340000000,68828340067000,68828340094875,27875,94875,67000,68828350000000,0,0,0
1,4450,68828350000000,68828350062625,68828350089375,26750,89375,62625,68828360000000,0,0,0
1,4451,68828360000000,68828360062500,68828360090500,28000,90500,62500,68828370000000,0,0,0
1,4452,68828370000000,68828370066750,68828370094125,27375,94125,66750,68828380000000,0,0,0
1,4453,68828380000000,68828380063000,68828380090875,27875,90875,63000,68828390000000,0,0,0
1,4454,68828390000000,68828390066750,68828390093875,27125,93875,66750,68828400000000,0,0,0
1,4455,68828400000000,68828400062625,68828400090500,27875,90500,62625,68828410000000,0,0,0
1,4456,68828410000000,68828410062500,68828410089750,27250,89750,62500,68828420000000,0,0,0
1,4457,68828420000000,68828420067000,68828420094750,27750,94750,67000,68828430000000,0,0,0
1,4458,68828430000000,68828430061750,68828430089250,27500,89250,61750,68828440000000,0,0,0
1,4459,68828440000000,68828440067000,68828440094750,27750,94750,67000,68828450000000,0,0,0
1,4460,68828450000000,68828450062625,68828450090250,27625,90250,62625,68828460000000,0,0,0
1,4461,68828460000000,68828460062500,68828460090125,27625,90125,62500,68828470000000,0,0,0
1,4462,68828470000000,68828470066875,68828470094125,27250,94125,66875,68828480000000,0,0,0
1,4463,68828480000000,68828480062750,68828480089875,27125,89875,62750,68828490000000,0,0,0
1,4464,68828490000000,68828490066750,68828490094000,27250,94000,66750,68828500000000,0,0,0
1,4465,68828500000000,68828500063125,68828500090500,27375,90500,63125,68828510000000,0,0,0
1,4466,68828510000000,68828510068875,68828510097250,28375,97250,68875,68828520000000,0,0,0
1,4467,68828520000000,68828520063000,68828520090500,27500,90500,63000,68828530000000,0,0,0
1,4468,68828530000000,68828530062625,68828530090125,27500,90125,62625,68828540000000,0,0,0
1,4469,68828540000000,68828540048375,68828540076000,27625,76000,48375,68828550000000,0,0,0
1,4470,68828550000000,68828550064000,68828550091250,27250,91250,64000,68828560000000,0,0,0
1,4471,68828560000000,68828560068000,68828560095500,27500,95500,68000,68828570000000,0,0,0
1,4472,68828570000000,68828570062875,68828570090750,27875,90750,62875,68828580000000,0,0,0
1,4473,68828580000000,68828580063000,68828580090375,27375,90375,63000,68828590000000,0,0,0
1,4474,68828590000000,68828590066875,68828590094125,27250,94125,66875,68828600000000,0,0,0
1,4475,68828600000000,68828600063000,68828600090625,27625,90625,63000,68828610000000,0,0,0
1,4476,68828610000000,68828610067125,68828610094875,27750,94875,67125,68828620000000,0,0,0
1,4477,68828620000000,68828620062875,68828620091500,28625,91500,62875,68828630000000,0,0,0
1,4478,68828630000000,68828630062375,68828630090000,27625,90000,62375,68828640000000,0,0,0
1,4479,68828640000000,68828640067125,68828640094625,27500,94625,67125,68828650000000,0,0,0
1,4480,68828650000000,68828650062500,68828650090250,27750,90250,62500,68828660000000,0,0,0
1,4481,68828660000000,68828660062625,68828660089875,27250,89875,62625,68828670000000,0,0,0
1,4482,68828670000000,68828670066625,68828670094625,28000,94625,66625,68828680000000,0,0,0
1,4483,68828680000000,68828680062875,68828680090125,27250,90125,62875,68828690000000,0,0,0
1,4484,68828690000000,68828690062500,68828690089375,26875,89375,62500,68828700000000,0,0,0
1,4485,68828700000000,68828700067125,68828700094375,27250,94375,67125,68828710000000,0,0,0
1,4486,68828710000000,68828710062625,68828710090000,27375,90000,62625,68828720000000,0,0,0
1,4487,68828720000000,68828720062625,68828720089625,27000,89625,62625,68828730000000,0,0,0
1,4488,68828730000000,68828730066750,68828730094125,27375,94125,66750,68828740000000,0,0,0
1,4489,68828740000000,68828740062750,68828740090125,27375,90125,62750,68828750000000,0,0,0
1,4490,68828750000000,68828750067000,68828750094750,27750,94750,67000,68828760000000,0,0,0
1,4491,68828760000000,68828760062750,68828760090125,27375,90125,62750,68828770000000,0,0,0
1,4492,68828770000000,68828770062625,68828770090500,27875,90500,62625,68828780000000,0,0,0
1,4493,68828780000000,68828780066875,68828780094625,27750,94625,66875,68828790000000,0,0,0
1,4494,68828790000000,68828790062500,68828790090750,28250,90750,62500,68828800000000,0,0,0
1,4495,68828800000000,68828800067000,68828800094125,27125,94125,67000,68828810000000,0,0,0
1,4496,68828810000000,68828810062500,68828810090250,27750,90250,62500,68828820000000,0,0,0
1,4497,68828820000000,68828820066875,68828820094500,27625,94500,66875,68828830000000,0,0,0
1,4498,68828830000000,68828830061000,68828830088500,27500,88500,61000,68828840000000,0,0,0
1,4499,68828840000000,68828840067375,68828840094875,27500,94875,67375,68828850000000,0,0,0
1,4500,68828850000000,68828850062875,68828850090000,27125,90000,62875,68828860000000,0,0,0
1,4501,68828860000000,68828860062375,68828860090125,27750,90125,62375,68828870000000,0,0,0
1,4502,68828870000000,68828870066875,68828870094375,27500,94375,66875,68828880000000,0,0,0
1,4503,68828880000000,68828880063875,68828880091750,27875,91750,63875,68828890000000,0,0,0
1,4504,68828890000000,68828890067250,68828890094875,27625,94875,67250,68828900000000,0,0,0
1,4505,68828900000000,68828900062750,68828900090625,27875,90625,62750,68828910000000,0,0,0
1,4506,68828910000000,68828910062625,68828910089750,27125,89750,62625,68828920000000,0,0,0
1,4507,68828920000000,68828920066625,68828920094500,27875,94500,66625,68828930000000,0,0,0
1,4508,68828930000000,68828930062625,68828930090000,27375,90000,62625,68828940000000,0,0,0
1,4509,68828940000000,68828940066750,68828940094750,28000,94750,66750,68828950000000,0,0,0
1,4510,68828950000000,68828950062750,68828950089875,27125,89875,62750,68828960000000,0,0,0
1,4511,68828960000000,68828960068500,68828960096750,28250,96750,68500,68828970000000,0,0,0
1,4512,68828970000000,68828970063125,68828970090625,27500,90625,63125,68828980000000,0,0,0
1,4513,68828980000000,68828980062500,68828980090125,27625,90125,62500,68828990000000,0,0,0
1,4514,68828990000000,68828990067125,68828990095125,28000,95125,67125,68829000000000,0,0,0
1,4515,68829000000000,68829000062875,68829000091000,28125,91000,62875,68829010000000,0,0,0
1,4516,68829010000000,68829010066750,68829010094125,27375,94125,66750,68829020000000,0,0,0
1,4517,68829020000000,68829020062750,68829020090375,27625,90375,62750,68829030000000,0,0,0
1,4518,68829030000000,68829030066875,68829030094250,27375,94250,66875,68829040000000,0,0,0
1,4519,68829040000000,68829040061750,68829040089375,27625,89375,61750,68829050000000,0,0,0
1,4520,68829050000000,68829050067125,68829050094500,27375,94500,67125,68829060000000,0,0,0
1,4521,68829060000000,68829060062625,68829060090250,27625,90250,62625,68829070000000,0,0,0
1,4522,68829070000000,68829070062375,68829070089750,27375,89750,62375,68829080000000,0,0,0
1,4523,68829080000000,68829080066750,68829080094625,27875,94625,66750,68829090000000,0,0,0
1,4524,68829090000000,68829090062625,68829090090125,27500,90125,62625,68829100000000,0,0,0
1,4525,68829100000000,68829100066875,68829100094125,27250,94125,66875,68829110000000,0,0,0
1,4526,68829110000000,68829110062750,68829110090250,27500,90250,62750,68829120000000,0,0,0
1,4527,68829120000000,68829120062875,68829120090750,27875,90750,62875,68829130000000,0,0,0
1,4528,68829130000000,68829130067000,68829130093375,26375,93375,67000,68829140000000,0,0,0
1,4529,68829140000000,68829140062500,68829140090500,28000,90500,62500,68829150000000,0,0,0
1,4530,68829150000000,68829150062500,68829150089625,27125,89625,62500,68829160000000,0,0,0
1,4531,68829160000000,68829160066625,68829160094375,27750,94375,66625,68829170000000,0,0,0
1,4532,68829170000000,68829170062750,68829170090250,27500,90250,62750,68829180000000,0,0,0
1,4533,68829180000000,68829180066625,68829180094375,27750,94375,66625,68829190000000,0,0,0
1,4534,68829190000000,68829190062750,68829190091750,29000,91750,62750,68829200000000,0,0,0
1,4535,68829200000000,68829200066875,68829200094625,27750,94625,66875,68829210000000,0,0,0
1,4536,68829210000000,68829210062875,68829210090125,27250,90125,62875,68829220000000,0,0,0
1,4537,68829220000000,68829220066875,68829220094750,27875,94750,66875,68829230000000,0,0,0
1,4538,68829230000000,68829230062625,68829230090000,27375,90000,62625,68829240000000,0,0,0
1,4539,68829240000000,68829240062625,68829240090125,27500,90125,62625,68829250000000,0,0,0
1,4540,68829250000000,68829250067000,68829250095375,28375,95375,67000,68829260000000,0,0,0
1,4541,68829260000000,68829260062625,68829260089750,27125,89750,62625,68829270000000,0,0,0
1,4542,68829270000000,68829270062250,68829270089750,27500,89750,62250,68829280000000,0,0,0
1,4543,68829280000000,68829280067000,68829280094250,27250,94250,67000,68829290000000,0,0,0
1,4544,68829290000000,68829290062875,68829290091375,28500,91375,62875,68829300000000,0,0,0
1,4545,68829300000000,68829300062375,68829300090125,27750,90125,62375,68829310000000,0,0,0
1,4546,68829310000000,68829310066625,68829310095125,28500,95125,66625,68829320000000,0,0,0
1,4547,68829320000000,68829320029250,68829320271000,241750,271000,29250,68829330000000,0,0,0
1,4548,68829330000000,68829330060375,68829330147375,87000,147375,60375,68829340000000,0,0,0
1,4549,68829340000000,68829340064875,68829340094000,29125,94000,64875,68829350000000,0,0,0
1,4550,68829350000000,68829350063125,68829350091000,27875,91000,63125,68829360000000,0,0,0
1,4551,68829360000000,68829360067750,68829360095250,27500,95250,67750,68829370000000,0,0,0
1,4552,68829370000000,68829370063000,68829370090750,27750,90750,63000,68829380000000,0,0,0
1,4553,68829380000000,68829380067375,68829380094875,27500,94875,67375,68829390000000,0,0,0
1,4554,68829390000000,68829390063250,68829390091625,28375,91625,63250,68829400000000,0,0,0
1,4555,68829400000000,68829400062875,68829400090000,27125,90000,62875,68829410000000,0,0,0
1,4556,68829410000000,68829410069750,68829410098125,28375,98125,69750,68829420000000,0,0,0
1,4557,68829420000000,68829420063375,68829420090625,27250,90625,63375,68829430000000,0,0,0
1,4558,68829430000000,68829430063125,68829430090875,27750,90875,63125,68829440000000,0,0,0
1,4559,68829440000000,68829440067250,68829440094000,26750,94000,67250,68829450000000,0,0,0
1,4560,68829450000000,68829450061875,68829450089625,27750,89625,61875,68829460000000,0,0,0
1,4561,68829460000000,68829460067250,68829460094625,27375,94625,67250,68829470000000,0,0,0
1,4562,68829470000000,68829470062625,68829470089875,27250,89875,62625,68829480000000,0,0,0
1,4563,68829480000000,68829480067000,68829480094125,27125,94125,67000,68829490000000,0,0,0
1,4564,68829490000000,68829490062750,68829490089750,27000,89750,62750,68829500000000,0,0,0
1,4565,68829500000000,68829500062625,68829500089250,26625,89250,62625,68829510000000,0,0,0
1,4566,68829510000000,68829510066875,68829510094000,27125,94000,66875,68829520000000,0,0,0
1,4567,68829520000000,68829520062750,68829520090125,27375,90125,62750,68829530000000,0,0,0
1,4568,68829530000000,68829530066625,68829530094500,27875,94500,66625,68829540000000,0,0,0
1,4569,68829540000000,68829540062750,68829540090250,27500,90250,62750,68829550000000,0,0,0
1,4570,68829550000000,68829550067000,68829550094625,27625,94625,67000,68829560000000,0,0,0
1,4571,68829560000000,68829560062750,68829560089625,26875,89625,62750,68829570000000,0,0,0
1,4572,68829570000000,68829570062500,68829570090125,27625,90125,62500,68829580000000,0,0,0
1,4573,68829580000000,68829580066750,68829580094250,27500,94250,66750,68829590000000,0,0,0
1,4574,68829590000000,68829590062625,68829590090500,27875,90500,62625,68829600000000,0,0,0
1,4575,68829600000000,68829600067125,68829600094000,26875,94000,67125,68829610000000,0,0,0
1,4576,68829610000000,68829610062875,68829610090625,27750,90625,62875,68829620000000,0,0,0
1,4577,68829620000000,68829620062750,68829620090000,27250,90000,62750,68829630000000,0,0,0
1,4578,68829630000000,68829630066750,68829630094625,27875,94625,66750,68829640000000,0,0,0
1,4579,68829640000000,68829640062875,68829640091250,28375,91250,62875,68829650000000,0,0,0
1,4580,68829650000000,68829650066875,68829650094625,27750,94625,66875,68829660000000,0,0,0
1,4581,68829660000000,68829660063000,68829660090625,27625,90625,63000,68829670000000,0,0,0
1,4582,68829670000000,68829670067000,68829670094875,27875,94875,67000,68829680000000,0,0,0
1,4583,68829680000000,68829680062750,68829680090000,27250,90000,62750,68829690000000,0,0,0
1,4584,68829690000000,68829690062500,68829690090000,27500,90000,62500,68829700000000,0,0,0
1,4585,68829700000000,68829700068375,68829700097625,29250,97625,68375,68829710000000,0,0,0
1,4586,68829710000000,68829710063000,68829710091125,28125,91125,63000,68829720000000,0,0,0
1,4587,68829720000000,68829720067500,68829720095250,27750,95250,67500,68829730000000,0,0,0
1,4588,68829730000000,68829730062750,68829730090625,27875,90625,62750,68829740000000,0,0,0
1,4589,68829740000000,68829740067125,68829740094625,27500,94625,67125,68829750000000,0,0,0
1,4590,68829750000000,68829750062750,68829750090500,27750,90500,62750,68829760000000,0,0,0
1,4591,68829760000000,68829760067000,68829760094500,27500,94500,67000,68829770000000,0,0,0
1,4592,68829770000000,68829770062875,68829770091625,28750,91625,62875,68829780000000,0,0,0
1,4593,68829780000000,68829780067125,68829780094875,27750,94875,67125,68829790000000,0,0,0
1,4594,68829790000000,68829790062750,68829790091250,28500,91250,62750,68829800000000,0,0,0
1,4595,68829800000000,68829800066875,68829800093500,26625,93500,66875,68829810000000,0,0,0
1,4596,68829810000000,68829810062500,68829810090125,27625,90125,62500,68829820000000,0,0,0
1,4597,68829820000000,68829820035625,68829820064250,28625,64250,35625,68829830000000,0,0,0
1,4598,68829830000000,68829830068625,68829830096250,27625,96250,68625,68829840000000,0,0,0
1,4599,68829840000000,68829840063125,68829840090750,27625,90750,63125,68829850000000,0,0,0
1,4600,68829850000000,68829850062625,68829850090250,27625,90250,62625,68829860000000,0,0,0
1,4601,68829860000000,68829860069375,68829860097750,28375,97750,69375,68829870000000,0,0,0
1,4602,68829870000000,68829870062875,68829870090750,27875,90750,62875,68829880000000,0,0,0
1,4603,68829880000000,68829880068875,68829880096625,27750,96625,68875,68829890000000,0,0,0
1,4604,68829890000000,68829890063250,68829890090750,27500,90750,63250,68829900000000,0,0,0
1,4605,68829900000000,68829900062750,68829900090500,27750,90500,62750,68829910000000,0,0,0
1,4606,68829910000000,68829910063000,68829910090625,27625,90625,63000,68829920000000,0,0,0
1,4607,68829920000000,68829920062875,68829920090625,27750,90625,62875,68829930000000,0,0,0
1,4608,68829930000000,68829930066875,68829930095375,28500,95375,66875,68829940000000,0,0,0
1,4609,68829940000000,68829940063125,68829940091000,27875,91000,63125,68829950000000,0,0,0
1,4610,68829950000000,68829950061875,68829950089250,27375,89250,61875,68829960000000,0,0,0
1,4611,68829960000000,68829960067250,68829960095000,27750,95000,67250,68829970000000,0,0,0
1,4612,68829970000000,68829970062750,68829970089500,26750,89500,62750,68829980000000,0,0,0
1,4613,68829980000000,68829980062750,68829980090500,27750,90500,62750,68829990000000,0,0,0
1,4614,68829990000000,68829990066875,68829990094125,27250,94125,66875,68830000000000,0,0,0
1,4615,68830000000000,68830000062750,68830000090500,27750,90500,62750,68830010000000,0,0,0
1,4616,68830010000000,68830010067125,68830010094500,27375,94500,67125,68830020000000,0,0,0
1,4617,68830020000000,68830020062750,68830020090375,27625,90375,62750,68830030000000,0,0,0
1,4618,68830030000000,68830030062500,68830030090000,27500,90000,62500,68830040000000,0,0,0
1,4619,68830040000000,68830040067000,68830040094625,27625,94625,67000,68830050000000,0,0,0
1,4620,68830050000000,68830050062625,68830050089375,26750,89375,62625,68830060000000,0,0,0
1,4621,68830060000000,68830060061625,68830060089500,27875,89500,61625,68830070000000,0,0,0
1,4622,68830070000000,68830070067125,68830070096000,28875,96000,67125,68830080000000,0,0,0
1,4623,68830080000000,68830080062875,68830080090625,27750,90625,62875,68830090000000,0,0,0
1,4624,68830090000000,68830090062625,68830090090125,27500,90125,62625,68830100000000,0,0,0
1,4625,68830100000000,68830100066750,68830100094750,28000,94750,66750,68830110000000,0,0,0
1,4626,68830110000000,68830110062625,68830110090000,27375,90000,62625,68830120000000,0,0,0
1,4627,68830120000000,68830120066875,68830120094875,28000,94875,66875,68830130000000,0,0,0
1,4628,68830130000000,68830130062625,68830130090000,27375,90000,62625,68830140000000,0,0,0
1,4629,68830140000000,68830140062625,68830140090000,27375,90000,62625,68830150000000,0,0,0
1,4630,68830150000000,68830150066875,68830150094375,27500,94375,66875,68830160000000,0,0,0
1,4631,68830160000000,68830160062875,68830160090500,27625,90500,62875,68830170000000,0,0,0
1,4632,68830170000000,68830170062500,68830170089875,27375,89875,62500,68830180000000,0,0,0
1,4633,68830180000000,68830180066750,68830180094125,27375,94125,66750,68830190000000,0,0,0
1,4634,68830190000000,68830190062625,68830190090250,27625,90250,62625,68830200000000,0,0,0
1,4635,68830200000000,68830200066875,68830200094750,27875,94750,66875,68830210000000,0,0,0
1,4636,68830210000000,68830210062625,68830210090000,27375,90000,62625,68830220000000,0,0,0
1,4637,68830220000000,68830220066750,68830220093750,27000,93750,66750,68830230000000,0,0,0
1,4638,68830230000000,68830230062750,68830230089875,27125,89875,62750,68830240000000,0,0,0
1,4639,68830240000000,68830240067000,68830240096250,29250,96250,67000,68830250000000,0,0,0
1,4640,68830250000000,68830250063000,68830250089875,26875,89875,63000,68830260000000,0,0,0
1,4641,68830260000000,68830260062750,68830260090375,27625,90375,62750,68830270000000,0,0,0
1,4642,68830270000000,68830270067375,68830270095000,27625,95000,67375,68830280000000,0,0,0
1,4643,68830280000000,68830280062625,68830280090625,28000,90625,62625,68830290000000,0,0,0
1,4644,68830290000000,68830290062625,68830290090000,27375,90000,62625,68830300000000,0,0,0
1,4645,68830300000000,68830300065875,68830300093750,27875,93750,65875,68830310000000,0,0,0
1,4646,68830310000000,68830310063875,68830310092000,28125,92000,63875,68830320000000,0,0,0
1,4647,68830320000000,68830320067125,68830320095125,28000,95125,67125,68830330000000,0,0,0
1,4648,68830330000000,68830330062625,68830330090125,27500,90125,62625,68830340000000,0,0,0
1,4649,68830340000000,68830340066750,68830340094750,28000,94750,66750,68830350000000,0,0,0
1,4650,68830350000000,68830350062750,68830350090000,27250,90000,62750,68830360000000,0,0,0
1,4651,68830360000000,68830360066875,68830360094750,27875,94750,66875,68830370000000,0,0,0
1,4652,68830370000000,68830370062625,68830370089875,27250,89875,62625,68830380000000,0,0,0
1,4653,68830380000000,68830380062625,68830380090250,27625,90250,62625,68830390000000,0,0,0
1,4654,68830390000000,68830390066625,68830390093875,27250,93875,66625,68830400000000,0,0,0
1,4655,68830400000000,68830400062750,68830400090375,27625,90375,62750,68830410000000,0,0,0
1,4656,68830410000000,68830410066625,68830410094000,27375,94000,66625,68830420000000,0,0,0
1,4657,68830420000000,68830420062625,68830420090125,27500,90125,62625,68830430000000,0,0,0
1,4658,68830430000000,68830430066875,68830430094250,27375,94250,66875,68830440000000,0,0,0
1,4659,68830440000000,68830440062625,68830440089250,26625,89250,62625,68830450000000,0,0,0
1,4660,68830450000000,68830450066750,68830450093875,27125,93875,66750,68830460000000,0,0,0
1,4661,68830460000000,68830460062750,68830460090250,27500,90250,62750,68830470000000,0,0,0
1,4662,68830470000000,68830470062750,68830470091000,28250,91000,62750,68830480000000,0,0,0
1,4663,68830480000000,68830480068250,68830480096375,28125,96375,68250,68830490000000,0,0,0
1,4664,68830490000000,68830490062875,68830490090125,27250,90125,62875,68830500000000,0,0,0
1,4665,68830500000000,68830500063000,68830500090750,27750,90750,63000,68830510000000,0,0,0
1,4666,68830510000000,68830510067125,68830510096375,29250,96375,67125,68830520000000,0,0,0
1,4667,68830520000000,68830520063125,68830520090875,27750,90875,63125,68830530000000,0,0,0
1,4668,68830530000000,68830530067125,68830530094750,27625,94750,67125,68830540000000,0,0,0
1,4669,68830540000000,68830540062750,68830540090875,28125,90875,62750,68830550000000,0,0,0
1,4670,68830550000000,68830550062500,68830550089875,27375,89875,62500,68830560000000,0,0,0
1,4671,68830560000000,68830560063250,68830560091250,28000,91250,63250,68830570000000,0,0,0
1,4672,68830570000000,68830570061625,68830570089250,27625,89250,61625,68830580000000,0,0,0
1,4673,68830580000000,68830580068000,68830580095750,27750,95750,68000,68830590000000,0,0,0
1,4674,68830590000000,68830590062875,68830590090250,27375,90250,62875,68830600000000,0,0,0
1,4675,68830600000000,68830600062750,68830600090500,27750,90500,62750,68830610000000,0,0,0
1,4676,68830610000000,68830610067000,68830610094625,27625,94625,67000,68830620000000,0,0,0
1,4677,68830620000000,68830620062750,68830620091500,28750,91500,62750,68830630000000,0,0,0
1,4678,68830630000000,68830630062375,68830630089750,27375,89750,62375,68830640000000,0,0,0
1,4679,68830640000000,68830640066875,68830640094750,27875,94750,66875,68830650000000,0,0,0
1,4680,68830650000000,68830650062625,68830650090000,27375,90000,62625,68830660000000,0,0,0
1,4681,68830660000000,68830660062625,68830660091625,29000,91625,62625,68830670000000,0,0,0
1,4682,68830670000000,68830670066875,68830670094250,27375,94250,66875,68830680000000,0,0,0
1,4683,68830680000000,68830680062875,68830680090750,27875,90750,62875,68830690000000,0,0,0
1,4684,68830690000000,68830690067000,68830690094250,27250,94250,67000,68830700000000,0,0,0
1,4685,68830700000000,68830700062875,68830700090250,27375,90250,62875,68830710000000,0,0,0
1,4686,68830710000000,68830710066875,68830710094375,27500,94375,66875,68830720000000,0,0,0
1,4687,68830720000000,68830720062875,68830720089750,26875,89750,62875,68830730000000,0,0,0
1,4688,68830730000000,68830730062625,68830730089750,27125,89750,62625,68830740000000,0,0,0
1,4689,68830740000000,68830740066875,68830740093500,26625,93500,66875,68830750000000,0,0,0
1,4690,68830750000000,68830750062750,68830750089750,27000,89750,62750,68830760000000,0,0,0
1,4691,68830760000000,68830760069125,68830760097750,28625,97750,69125,68830770000000,0,0,0
1,4692,68830770000000,68830770063625,68830770091625,28000,91625,63625,68830780000000,0,0,0
1,4693,68830780000000,68830780062875,68830780090750,27875,90750,62875,68830790000000,0,0,0
1,4694,68830790000000,68830790067000,68830790094750,27750,94750,67000,68830800000000,0,0,0
1,4695,68830800000000,68830800062750,68830800090625,27875,90625,62750,68830810000000,0,0,0
1,4696,68830810000000,68830810062500,68830810089875,27375,89875,62500,68830820000000,0,0,0
1,4697,68830820000000,68830820063375,68830820091250,27875,91250,63375,68830830000000,0,0,0
1,4698,68830830000000,68830830062750,68830830090375,27625,90375,62750,68830840000000,0,0,0
1,4699,68830840000000,68830840067125,68830840094625,27500,94625,67125,68830850000000,0,0,0
1,4700,68830850000000,68830850062875,68830850089750,26875,89750,62875,68830860000000,0,0,0
1,4701,68830860000000,68830860062500,68830860090250,27750,90250,62500,68830870000000,0,0,0
1,4702,68830870000000,68830870066875,68830870093875,27000,93875,66875,68830880000000,0,0,0
1,4703,68830880000000,68830880064750,68830880092375,27625,92375,64750,68830890000000,0,0,0
1,4704,68830890000000,68830890066875,68830890095375,28500,95375,66875,68830900000000,0,0,0
1,4705,68830900000000,68830900062750,68830900090500,27750,90500,62750,68830910000000,0,0,0
1,4706,68830910000000,68830910067125,68830910094500,27375,94500,67125,68830920000000,0,0,0
1,4707,68830920000000,68830920062625,68830920090375,27750,90375,62625,68830930000000,0,0,0
1,4708,68830930000000,68830930062375,68830930089750,27375,89750,62375,68830940000000,0,0,0
1,4709,68830940000000,68830940066875,68830940094500,27625,94500,66875,68830950000000,0,0,0
1,4710,68830950000000,68830950062625,68830950090250,27625,90250,62625,68830960000000,0,0,0
1,4711,68830960000000,68830960066875,68830960094750,27875,94750,66875,68830970000000,0,0,0
1,4712,68830970000000,68830970062500,68830970089875,27375,89875,62500,68830980000000,0,0,0
1,4713,68830980000000,68830980062375,68830980089375,27000,89375,62375,68830990000000,0,0,0
1,4714,68830990000000,68830990066625,68830990094000,27375,94000,66625,68831000000000,0,0,0
1,4715,68831000000000,68831000062625,68831000091125,28500,91125,62625,68831010000000,0,0,0
1,4716,68831010000000,68831010066625,68831010093875,27250,93875,66625,68831020000000,0,0,0
1,4717,68831020000000,68831020062750,68831020090250,27500,90250,62750,68831030000000,0,0,0
1,4718,68831030000000,68831030066875,68831030094250,27375,94250,66875,68831040000000,0,0,0
1,4719,68831040000000,68831040062750,68831040090375,27625,90375,62750,68831050000000,0,0,0
1,4720,68831050000000,68831050062500,68831050090125,27625,90125,62500,68831060000000,0,0,0
1,4721,68831060000000,68831060066625,68831060094000,27375,94000,66625,68831070000000,0,0,0
1,4722,68831070000000,68831070062750,68831070090250,27500,90250,62750,68831080000000,0,0,0
1,4723,68831080000000,68831080061625,68831080089375,27750,89375,61625,68831090000000,0,0,0
1,4724,68831090000000,68831090067000,68831090094250,27250,94250,67000,68831100000000,0,0,0
1,4725,68831100000000,68831100062875,68831100090625,27750,90625,62875,68831110000000,0,0,0
1,4726,68831110000000,68831110066875,68831110094500,27625,94500,66875,68831120000000,0,0,0
1,4727,68831120000000,68831120062875,68831120090750,27875,90750,62875,68831130000000,0,0,0
1,4728,68831130000000,68831130062625,68831130090000,27375,90000,62625,68831140000000,0,0,0
1,4729,68831140000000,68831140066875,68831140095375,28500,95375,66875,68831150000000,0,0,0
1,4730,68831150000000,68831150062750,68831150090125,27375,90125,62750,68831160000000,0,0,0
1,4731,68831160000000,68831160067000,68831160094875,27875,94875,67000,68831170000000,0,0,0
1,4732,68831170000000,68831170062750,68831170089875,27125,89875,62750,68831180000000,0,0,0
1,4733,68831180000000,68831180062625,68831180090250,27625,90250,62625,68831190000000,0,0,0
1,4734,68831190000000,68831190067000,68831190094250,27250,94250,67000,68831200000000,0,0,0
1,4735,68831200000000,68831200062625,68831200088625,26000,88625,62625,68831210000000,0,0,0
1,4736,68831210000000,68831210073500,68831210173500,100000,173500,73500,68831220000000,0,0,0
1,4737,68831220000000,68831220063875,68831220111500,47625,111500,63875,68831230000000,0,0,0
1,4738,68831230000000,68831230062750,68831230091125,28375,91125,62750,68831240000000,0,0,0
1,4739,68831240000000,68831240068000,68831240095750,27750,95750,68000,68831250000000,0,0,0
1,4740,68831250000000,68831250062875,68831250091000,28125,91000,62875,68831260000000,0,0,0
1,4741,68831260000000,68831260082625,68831260111250,28625,111250,82625,68831270000000,0,0,0
1,4742,68831270000000,68831270068500,68831270096125,27625,96125,68500,68831280000000,0,0,0
1,4743,68831280000000,68831280063125,68831280090875,27750,90875,63125,68831290000000,0,0,0
1,4744,68831290000000,68831290063000,68831290090500,27500,90500,63000,68831300000000,0,0,0
1,4745,68831300000000,68831300067000,68831300094625,27625,94625,67000,68831310000000,0,0,0
1,4746,68831310000000,68831310062875,68831310090750,27875,90750,62875,68831320000000,0,0,0
1,4747,68831320000000,68831320067000,68831320094875,27875,94875,67000,68831330000000,0,0,0
1,4748,68831330000000,68831330063125,68831330090375,27250,90375,63125,68831340000000,0,0,0
1,4749,68831340000000,68831340067250,68831340095250,28000,95250,67250,68831350000000,0,0,0
1,4750,68831350000000,68831350062750,68831350090125,27375,90125,62750,68831360000000,0,0,0
1,4751,68831360000000,68831360062750,68831360090000,27250,90000,62750,68831370000000,0,0,0
1,4752,68831370000000,68831370067000,68831370094500,27500,94500,67000,68831380000000,0,0,0
1,4753,68831380000000,68831380062875,68831380090125,27250,90125,62875,68831390000000,0,0,0
1,4754,68831390000000,68831390067375,68831390094875,27500,94875,67375,68831400000000,0,0,0
1,4755,68831400000000,68831400062875,68831400090125,27250,90125,62875,68831410000000,0,0,0
1,4756,68831410000000,68831410062875,68831410089875,27000,89875,62875,68831420000000,0,0,0
1,4757,68831420000000,68831420067000,68831420094375,27375,94375,67000,68831430000000,0,0,0
1,4758,68831430000000,68831430063000,68831430090500,27500,90500,63000,68831440000000,0,0,0
1,4759,68831440000000,68831440067125,68831440094750,27625,94750,67125,68831450000000,0,0,0
1,4760,68831450000000,68831450062625,68831450090125,27500,90125,62625,68831460000000,0,0,0
1,4761,68831460000000,68831460066875,68831460094125,27250,94125,66875,68831470000000,0,0,0
1,4762,68831470000000,68831470062750,68831470090250,27500,90250,62750,68831480000000,0,0,0
1,4763,68831480000000,68831480062500,68831480090375,27875,90375,62500,68831490000000,0,0,0
1,4764,68831490000000,68831490066000,68831490093500,27500,93500,66000,68831500000000,0,0,0
1,4765,68831500000000,68831500062875,68831500090625,27750,90625,62875,68831510000000,0,0,0
1,4766,68831510000000,68831510067000,68831510094000,27000,94000,67000,68831520000000,0,0,0
1,4767,68831520000000,68831520062750,68831520091125,28375,91125,62750,68831530000000,0,0,0
1,4768,68831530000000,68831530062625,68831530091000,28375,91000,62625,68831540000000,0,0,0
1,4769,68831540000000,68831540066875,68831540094625,27750,94625,66875,68831550000000,0,0,0
1,4770,68831550000000,68831550062500,68831550089750,27250,89750,62500,68831560000000,0,0,0
1,4771,68831560000000,68831560066750,68831560095500,28750,95500,66750,68831570000000,0,0,0
1,4772,68831570000000,68831570062625,68831570089875,27250,89875,62625,68831580000000,0,0,0
1,4773,68831580000000,68831580066875,68831580094875,28000,94875,66875,68831590000000,0,0,0
1,4774,68831590000000,68831590062625,68831590090000,27375,90000,62625,68831600000000,0,0,0
1,4775,68831600000000,68831600062625,68831600090375,27750,90375,62625,68831610000000,0,0,0
1,4776,68831610000000,68831610066875,68831610094250,27375,94250,66875,68831620000000,0,0,0
1,4777,68831620000000,68831620063000,68831620090375,27375,90375,63000,68831630000000,0,0,0
1,4778,68831630000000,68831630066750,68831630094125,27375,94125,66750,68831640000000,0,0,0
1,4779,68831640000000,68831640062625,68831640090000,27375,90000,62625,68831650000000,0,0,0
1,4780,68831650000000,68831650066750,68831650093875,27125,93875,66750,68831660000000,0,0,0
1,4781,68831660000000,68831660064500,68831660092625,28125,92625,64500,68831670000000,0,0,0
1,4782,68831670000000,68831670067500,68831670094875,27375,94875,67500,68831680000000,0,0,0
1,4783,68831680000000,68831680062875,68831680090750,27875,90750,62875,68831690000000,0,0,0
1,4784,68831690000000,68831690062750,68831690090125,27375,90125,62750,68831700000000,0,0,0
1,4785,68831700000000,68831700067125,68831700094875,27750,94875,67125,68831710000000,0,0,0
1,4786,68831710000000,68831710063125,68831710090375,27250,90375,63125,68831720000000,0,0,0
1,4787,68831720000000,68831720062500,68831720090125,27625,90125,62500,68831730000000,0,0,0
1,4788,68831730000000,68831730066750,68831730094375,27625,94375,66750,68831740000000,0,0,0
1,4789,68831740000000,68831740062750,68831740090500,27750,90500,62750,68831750000000,0,0,0
1,4790,68831750000000,68831750066875,68831750095625,28750,95625,66875,68831760000000,0,0,0
1,4791,68831760000000,68831760062875,68831760090750,27875,90750,62875,68831770000000,0,0,0
1,4792,68831770000000,68831770062500,68831770089375,26875,89375,62500,68831780000000,0,0,0
1,4793,68831780000000,68831780067000,68831780096375,29375,96375,67000,68831790000000,0,0,0
1,4794,68831790000000,68831790062875,68831790090125,27250,90125,62875,68831800000000,0,0,0
1,4795,68831800000000,68831800066875,68831800094750,27875,94750,66875,68831810000000,0,0,0
1,4796,68831810000000,68831810063250,68831810090625,27375,90625,63250,68831820000000,0,0,0
1,4797,68831820000000,68831820067250,68831820095250,28000,95250,67250,68831830000000,0,0,0
1,4798,68831830000000,68831830062875,68831830090250,27375,90250,62875,68831840000000,0,0,0
1,4799,68831840000000,68831840067250,68831840095125,27875,95125,67250,68831850000000,0,0,0
1,4800,68831850000000,68831850062875,68831850090250,27375,90250,62875,68831860000000,0,0,0
1,4801,68831860000000,68831860062750,68831860090250,27500,90250,62750,68831870000000,0,0,0
1,4802,68831870000000,68831870067000,68831870094250,27250,94250,67000,68831880000000,0,0,0
1,4803,68831880000000,68831880064500,68831880092125,27625,92125,64500,68831890000000,0,0,0
1,4804,68831890000000,68831890062750,68831890090250,27500,90250,62750,68831900000000,0,0,0
1,4805,68831900000000,68831900067250,68831900094500,27250,94500,67250,68831910000000,0,0,0
1,4806,68831910000000,68831910062875,68831910090500,27625,90500,62875,68831920000000,0,0,0
1,4807,68831920000000,68831920062875,68831920090750,27875,90750,62875,68831930000000,0,0,0
1,4808,68831930000000,68831930066875,68831930094500,27625,94500,66875,68831940000000,0,0,0
1,4809,68831940000000,68831940062875,68831940090625,27750,90625,62875,68831950000000,0,0,0
1,4810,68831950000000,68831950066750,68831950093750,27000,93750,66750,68831960000000,0,0,0
1,4811,68831960000000,68831960062625,68831960090375,27750,90375,62625,68831970000000,0,0,0
1,4812,68831970000000,68831970066875,68831970094500,27625,94500,66875,68831980000000,0,0,0
1,4813,68831980000000,68831980062625,68831980090500,27875,90500,62625,68831990000000,0,0,0
1,4814,68831990000000,68831990062375,68831990089750,27375,89750,62375,68832000000000,0,0,0
1,4815,68832000000000,68832000066750,68832000094750,28000,94750,66750,68832010000000,0,0,0
1,4816,68832010000000,68832010063375,68832010090875,27500,90875,63375,68832020000000,0,0,0
1,4817,68832020000000,68832020067250,68832020095250,28000,95250,67250,68832030000000,0,0,0
1,4818,68832030000000,68832030062750,68832030090125,27375,90125,62750,68832040000000,0,0,0
1,4819,68832040000000,68832040062875,68832040090750,27875,90750,62875,68832050000000,0,0,0
1,4820,68832050000000,68832050067000,68832050094250,27250,94250,67000,68832060000000,0,0,0
1,4821,68832060000000,68832060062750,68832060090250,27500,90250,62750,68832070000000,0,0,0
1,4822,68832070000000,68832070062375,68832070089875,27500,89875,62375,68832080000000,0,0,0
1,4823,68832080000000,68832080066875,68832080094125,27250,94125,66875,68832090000000,0,0,0
1,4824,68832090000000,68832090062750,68832090090250,27500,90250,62750,68832100000000,0,0,0
1,4825,68832100000000,68832100061625,68832100089375,27750,89375,61625,68832110000000,0,0,0
1,4826,68832110000000,68832110070375,68832110098875,28500,98875,70375,68832120000000,0,0,0
1,4827,68832120000000,68832120063125,68832120091750,28625,91750,63125,68832130000000,0,0,0
1,4828,68832130000000,68832130062875,68832130090375,27500,90375,62875,68832140000000,0,0,0
1,4829,68832140000000,68832140067250,68832140095000,27750,95000,67250,68832150000000,0,0,0
1,4830,68832150000000,68832150062750,68832150090125,27375,90125,62750,68832160000000,0,0,0
1,4831,68832160000000,68832160062375,68832160089375,27000,89375,62375,68832170000000,0,0,0
1,4832,68832170000000,68832170066750,68832170093875,27125,93875,66750,68832180000000,0,0,0
1,4833,68832180000000,68832180062625,68832180090250,27625,90250,62625,68832190000000,0,0,0
1,4834,68832190000000,68832190066875,68832190094500,27625,94500,66875,68832200000000,0,0,0
1,4835,68832200000000,68832200062875,68832200090875,28000,90875,62875,68832210000000,0,0,0
1,4836,68832210000000,68832210067000,68832210094375,27375,94375,67000,68832220000000,0,0,0
1,4837,68832220000000,68832220062875,68832220090000,27125,90000,62875,68832230000000,0,0,0
1,4838,68832230000000,68832230062500,68832230089750,27250,89750,62500,68832240000000,0,0,0
1,4839,68832240000000,68832240066750,68832240094125,27375,94125,66750,68832250000000,0,0,0
1,4840,68832250000000,68832250062750,68832250090375,27625,90375,62750,68832260000000,0,0,0
1,4841,68832260000000,68832260066875,68832260094500,27625,94500,66875,68832270000000,0,0,0
1,4842,68832270000000,68832270062625,68832270090000,27375,90000,62625,68832280000000,0,0,0
1,4843,68832280000000,68832280066875,68832280094500,27625,94500,66875,68832290000000,0,0,0
1,4844,68832290000000,68832290063000,68832290090750,27750,90750,63000,68832300000000,0,0,0
1,4845,68832300000000,68832300062500,68832300090375,27875,90375,62500,68832310000000,0,0,0
1,4846,68832310000000,68832310066875,68832310094375,27500,94375,66875,68832320000000,0,0,0
1,4847,68832320000000,68832320062750,68832320090500,27750,90500,62750,68832330000000,0,0,0
1,4848,68832330000000,68832330062500,68832330091000,28500,91000,62500,68832340000000,0,0,0
1,4849,68832340000000,68832340062875,68832340090875,28000,90875,62875,68832350000000,0,0,0
1,4850,68832350000000,68832350061750,68832350088875,27125,88875,61750,68832360000000,0,0,0
1,4851,68832360000000,68832360067125,68832360094875,27750,94875,67125,68832370000000,0,0,0
1,4852,68832370000000,68832370062750,68832370089750,27000,89750,62750,68832380000000,0,0,0
1,4853,68832380000000,68832380062500,68832380090375,27875,90375,62500,68832390000000,0,0,0
1,4854,68832390000000,68832390066875,68832390094125,27250,94125,66875,68832400000000,0,0,0
1,4855,68832400000000,68832400062875,68832400090250,27375,90250,62875,68832410000000,0,0,0
1,4856,68832410000000,68832410067125,68832410094375,27250,94375,67125,68832420000000,0,0,0
1,4857,68832420000000,68832420062625,68832420090250,27625,90250,62625,68832430000000,0,0,0
1,4858,68832430000000,68832430062375,68832430089875,27500,89875,62375,68832440000000,0,0,0
1,4859,68832440000000,68832440067000,68832440095750,28750,95750,67000,68832450000000,0,0,0
1,4860,68832450000000,68832450062625,68832450090625,28000,90625,62625,68832460000000,0,0,0
1,4861,68832460000000,68832460067125,68832460094250,27125,94250,67125,68832470000000,0,0,0
1,4862,68832470000000,68832470062625,68832470089625,27000,89625,62625,68832480000000,0,0,0
1,4863,68832480000000,68832480069250,68832480115375,46125,115375,69250,68832490000000,0,0,0
1,4864,68832490000000,68832490063000,68832490093000,30000,93000,63000,68832500000000,0,0,0
1,4865,68832500000000,68832500062875,68832500090750,27875,90750,62875,68832510000000,0,0,0
1,4866,68832510000000,68832510066125,68832510094000,27875,94000,66125,68832520000000,0,0,0
1,4867,68832520000000,68832520062875,68832520091875,29000,91875,62875,68832530000000,0,0,0
1,4868,68832530000000,68832530067125,68832530094750,27625,94750,67125,68832540000000,0,0,0
1,4869,68832540000000,68832540062625,68832540090375,27750,90375,62625,68832550000000,0,0,0
1,4870,68832550000000,68832550062375,68832550089875,27500,89875,62375,68832560000000,0,0,0
1,4871,68832560000000,68832560069500,68832560097625,28125,97625,69500,68832570000000,0,0,0
1,4872,68832570000000,68832570063000,68832570090375,27375,90375,63000,68832580000000,0,0,0
1,4873,68832580000000,68832580068125,68832580096000,27875,96000,68125,68832590000000,0,0,0
1,4874,68832590000000,68832590063125,68832590091250,28125,91250,63125,68832600000000,0,0,0
1,4875,68832600000000,68832600063000,68832600091625,28625,91625,63000,68832610000000,0,0,0
1,4876,68832610000000,68832610067000,68832610094625,27625,94625,67000,68832620000000,0,0,0
1,4877,68832620000000,68832620063000,68832620090500,27500,90500,63000,68832630000000,0,0,0
1,4878,68832630000000,68832630066875,68832630094500,27625,94500,66875,68832640000000,0,0,0
1,4879,68832640000000,68832640062750,68832640090250,27500,90250,62750,68832650000000,0,0,0
1,4880,68832650000000,68832650066875,68832650094625,27750,94625,66875,68832660000000,0,0,0
1,4881,68832660000000,68832660062750,68832660090000,27250,90000,62750,68832670000000,0,0,0
1,4882,68832670000000,68832670067000,68832670094250,27250,94250,67000,68832680000000,0,0,0
1,4883,68832680000000,68832680062875,68832680090125,27250,90125,62875,68832690000000,0,0,0
1,4884,68832690000000,68832690067000,68832690095375,28375,95375,67000,68832700000000,0,0,0
1,4885,68832700000000,68832700062625,68832700090125,27500,90125,62625,68832710000000,0,0,0
1,4886,68832710000000,68832710062625,68832710090500,27875,90500,62625,68832720000000,0,0,0
1,4887,68832720000000,68832720067125,68832720094250,27125,94250,67125,68832730000000,0,0,0
1,4888,68832730000000,68832730062875,68832730090500,27625,90500,62875,68832740000000,0,0,0
1,4889,68832740000000,68832740062625,68832740089875,27250,89875,62625,68832750000000,0,0,0
1,4890,68832750000000,68832750066875,68832750094750,27875,94750,66875,68832760000000,0,0,0
1,4891,68832760000000,68832760062750,68832760089875,27125,89875,62750,68832770000000,0,0,0
1,4892,68832770000000,68832770066875,68832770095750,28875,95750,66875,68832780000000,0,0,0
1,4893,68832780000000,68832780062875,68832780090250,27375,90250,62875,68832790000000,0,0,0
1,4894,68832790000000,68832790062625,68832790089250,26625,89250,62625,68832800000000,0,0,0
1,4895,68832800000000,68832800067000,68832800094250,27250,94250,67000,68832810000000,0,0,0
1,4896,68832810000000,68832810062875,68832810090125,27250,90125,62875,68832820000000,0,0,0
1,4897,68832820000000,68832820066875,68832820094125,27250,94125,66875,68832830000000,0,0,0
1,4898,68832830000000,68832830060875,68832830087625,26750,87625,60875,68832840000000,0,0,0
1,4899,68832840000000,68832840067250,68832840095250,28000,95250,67250,68832850000000,0,0,0
1,4900,68832850000000,68832850062750,68832850090250,27500,90250,62750,68832860000000,0,0,0
1,4901,68832860000000,68832860067000,68832860094750,27750,94750,67000,68832870000000,0,0,0
1,4902,68832870000000,68832870062750,68832870090125,27375,90125,62750,68832880000000,0,0,0
1,4903,68832880000000,68832880068125,68832880096000,27875,96000,68125,68832890000000,0,0,0
1,4904,68832890000000,68832890062750,68832890090125,27375,90125,62750,68832900000000,0,0,0
1,4905,68832900000000,68832900062625,68832900089750,27125,89750,62625,68832910000000,0,0,0
1,4906,68832910000000,68832910066750,68832910094125,27375,94125,66750,68832920000000,0,0,0
1,4907,68832920000000,68832920063000,68832920091500,28500,91500,63000,68832930000000,0,0,0
1,4908,68832930000000,68832930066750,68832930094125,27375,94125,66750,68832940000000,0,0,0
1,4909,68832940000000,68832940062625,68832940090125,27500,90125,62625,68832950000000,0,0,0
1,4910,68832950000000,68832950066750,68832950094125,27375,94125,66750,68832960000000,0,0,0
1,4911,68832960000000,68832960063000,68832960090625,27625,90625,63000,68832970000000,0,0,0
1,4912,68832970000000,68832970066875,68832970094250,27375,94250,66875,68832980000000,0,0,0
1,4913,68832980000000,68832980062625,68832980090375,27750,90375,62625,68832990000000,0,0,0
1,4914,68832990000000,68832990067000,68832990094375,27375,94375,67000,68833000000000,0,0,0
1,4915,68833000000000,68833000062750,68833000090625,27875,90625,62750,68833010000000,0,0,0
1,4916,68833010000000,68833010068375,68833010096375,28000,96375,68375,68833020000000,0,0,0
1,4917,68833020000000,68833020063375,68833020091125,27750,91125,63375,68833030000000,0,0,0
1,4918,68833030000000,68833030062500,68833030089875,27375,89875,62500,68833040000000,0,0,0
1,4919,68833040000000,68833040066750,68833040094625,27875,94625,66750,68833050000000,0,0,0
1,4920,68833050000000,68833050062875,68833050090500,27625,90500,62875,68833060000000,0,0,0
1,4921,68833060000000,68833060066625,68833060094375,27750,94375,66625,68833070000000,0,0,0
1,4922,68833070000000,68833070062750,68833070090125,27375,90125,62750,68833080000000,0,0,0
1,4923,68833080000000,68833080067000,68833080094375,27375,94375,67000,68833090000000,0,0,0
1,4924,68833090000000,68833090062625,68833090089750,27125,89750,62625,68833100000000,0,0,0
1,4925,68833100000000,68833100066750,68833100094000,27250,94000,66750,68833110000000,0,0,0
1,4926,68833110000000,68833110062625,68833110090125,27500,90125,62625,68833120000000,0,0,0
1,4927,68833120000000,68833120061500,68833120089375,27875,89375,61500,68833130000000,0,0,0
1,4928,68833130000000,68833130066750,68833130094000,27250,94000,66750,68833140000000,0,0,0
1,4929,68833140000000,68833140062625,68833140090375,27750,90375,62625,68833150000000,0,0,0
1,4930,68833150000000,68833150066750,68833150093875,27125,93875,66750,68833160000000,0,0,0
1,4931,68833160000000,68833160062750,68833160090375,27625,90375,62750,68833170000000,0,0,0
1,4932,68833170000000,68833170066750,68833170094500,27750,94500,66750,68833180000000,0,0,0
1,4933,68833180000000,68833180062625,68833180090250,27625,90250,62625,68833190000000,0,0,0
1,4934,68833190000000,68833190062625,68833190089875,27250,89875,62625,68833200000000,0,0,0
1,4935,68833200000000,68833200066750,68833200094750,28000,94750,66750,68833210000000,0,0,0
1,4936,68833210000000,68833210062500,68833210089750,27250,89750,62500,68833220000000,0,0,0
1,4937,68833220000000,68833220066750,68833220094625,27875,94625,66750,68833230000000,0,0,0
1,4938,68833230000000,68833230062875,68833230090000,27125,90000,62875,68833240000000,0,0,0
1,4939,68833240000000,68833240062625,68833240090125,27500,90125,62625,68833250000000,0,0,0
1,4940,68833250000000,68833250066875,68833250094125,27250,94125,66875,68833260000000,0,0,0
1,4941,68833260000000,68833260062625,68833260089750,27125,89750,62625,68833270000000,0,0,0
1,4942,68833270000000,68833270062500,68833270089750,27250,89750,62500,68833280000000,0,0,0
1,4943,68833280000000,68833280067125,68833280094750,27625,94750,67125,68833290000000,0,0,0
1,4944,68833290000000,68833290062625,68833290090125,27500,90125,62625,68833300000000,0,0,0
1,4945,68833300000000,68833300066750,68833300094250,27500,94250,66750,68833310000000,0,0,0
1,4946,68833310000000,68833310061125,68833310089000,27875,89000,61125,68833320000000,0,0,0
1,4947,68833320000000,68833320067750,68833320095125,27375,95125,67750,68833330000000,0,0,0
1,4948,68833330000000,68833330063000,68833330090875,27875,90875,63000,68833340000000,0,0,0
1,4949,68833340000000,68833340062500,68833340090000,27500,90000,62500,68833350000000,0,0,0
1,4950,68833350000000,68833350066875,68833350094750,27875,94750,66875,68833360000000,0,0,0
1,4951,68833360000000,68833360062500,68833360089750,27250,89750,62500,68833370000000,0,0,0
1,4952,68833370000000,68833370066750,68833370094250,27500,94250,66750,68833380000000,0,0,0
1,4953,68833380000000,68833380063000,68833380090250,27250,90250,63000,68833390000000,0,0,0
1,4954,68833390000000,68833390067125,68833390094875,27750,94875,67125,68833400000000,0,0,0
1,4955,68833400000000,68833400062875,68833400090125,27250,90125,62875,68833410000000,0,0,0
1,4956,68833410000000,68833410066875,68833410094875,28000,94875,66875,68833420000000,0,0,0
1,4957,68833420000000,68833420062750,68833420090000,27250,90000,62750,68833430000000,0,0,0
1,4958,68833430000000,68833430062625,68833430090250,27625,90250,62625,68833440000000,0,0,0
1,4959,68833440000000,68833440066750,68833440094125,27375,94125,66750,68833450000000,0,0,0
1,4960,68833450000000,68833450062625,68833450090000,27375,90000,62625,68833460000000,0,0,0
1,4961,68833460000000,68833460069000,68833460096875,27875,96875,69000,68833470000000,0,0,0
1,4962,68833470000000,68833470062875,68833470090625,27750,90625,62875,68833480000000,0,0,0
1,4963,68833480000000,68833480062625,68833480090125,27500,90125,62625,68833490000000,0,0,0
1,4964,68833490000000,68833490067000,68833490094625,27625,94625,67000,68833500000000,0,0,0
1,4965,68833500000000,68833500063000,68833500090500,27500,90500,63000,68833510000000,0,0,0
1,4966,68833510000000,68833510062500,68833510090250,27750,90250,62500,68833520000000,0,0,0
1,4967,68833520000000,68833520067000,68833520094750,27750,94750,67000,68833530000000,0,0,0
1,4968,68833530000000,68833530061750,68833530089750,28000,89750,61750,68833540000000,0,0,0
1,4969,68833540000000,68833540067125,68833540094500,27375,94500,67125,68833550000000,0,0,0
1,4970,68833550000000,68833550062750,68833550091625,28875,91625,62750,68833560000000,0,0,0
1,4971,68833560000000,68833560062625,68833560089750,27125,89750,62625,68833570000000,0,0,0
1,4972,68833570000000,68833570066875,68833570094625,27750,94625,66875,68833580000000,0,0,0
1,4973,68833580000000,68833580062500,68833580090000,27500,90000,62500,68833590000000,0,0,0
1,4974,68833590000000,68833590062625,68833590090000,27375,90000,62625,68833600000000,0,0,0
1,4975,68833600000000,68833600066875,68833600094000,27125,94000,66875,68833610000000,0,0,0
1,4976,68833610000000,68833610062750,68833610090375,27625,90375,62750,68833620000000,0,0,0
1,4977,68833620000000,68833620062500,68833620091375,28875,91375,62500,68833630000000,0,0,0
1,4978,68833630000000,68833630066750,68833630094500,27750,94500,66750,68833640000000,0,0,0
1,4979,68833640000000,68833640062625,68833640090000,27375,90000,62625,68833650000000,0,0,0
1,4980,68833650000000,68833650062375,68833650090125,27750,90125,62375,68833660000000,0,0,0
1,4981,68833660000000,68833660067125,68833660095250,28125,95250,67125,68833670000000,0,0,0
1,4982,68833670000000,68833670062500,68833670090250,27750,90250,62500,68833680000000,0,0,0
1,4983,68833680000000,68833680067125,68833680094750,27625,94750,67125,68833690000000,0,0,0
1,4984,68833690000000,68833690062875,68833690090625,27750,90625,62875,68833700000000,0,0,0
1,4985,68833700000000,68833700062375,68833700089500,27125,89500,62375,68833710000000,0,0,0
1,4986,68833710000000,68833710066750,68833710094500,27750,94500,66750,68833720000000,0,0,0
1,4987,68833720000000,68833720062875,68833720090250,27375,90250,62875,68833730000000,0,0,0
1,4988,68833730000000,68833730066875,68833730095500,28625,95500,66875,68833740000000,0,0,0
1,4989,68833740000000,68833740063000,68833740091250,28250,91250,63000,68833750000000,0,0,0
1,4990,68833750000000,68833750062250,68833750089875,27625,89875,62250,68833760000000,0,0,0
1,4991,68833760000000,68833760067000,68833760094500,27500,94500,67000,68833770000000,0,0,0
1,4992,68833770000000,68833770062625,68833770090000,27375,90000,62625,68833780000000,0,0,0
1,4993,68833780000000,68833780067000,68833780094375,27375,94375,67000,68833790000000,0,0,0
1,4994,68833790000000,68833790062625,68833790090000,27375,90000,62625,68833800000000,0,0,0
1,4995,68833800000000,68833800066750,68833800094125,27375,94125,66750,68833810000000,0,0,0
1,4996,68833810000000,68833810062750,68833810090125,27375,90125,62750,68833820000000,0,0,0
1,4997,68833820000000,68833820027750,68833820056000,28250,56000,27750,68833830000000,0,0,0
1,4998,68833830000000,68833830067625,68833830096125,28500,96125,67625,68833840000000,0,0,0
1,4999,68833840000000,68833840063250,68833840091125,27875,91125,63250,68833850000000,0,0,0
1,5000,68833850000000,68833850062750,68833850090000,27250,90000,62750,68833860000000,0,0,0
1,5001,68833860000000,68833860066875,68833860095625,28750,95625,66875,68833870000000,0,0,0
1,5002,68833870000000,68833870062500,68833870089875,27375,89875,62500,68833880000000,0,0,0
1,5003,68833880000000,68833880068250,68833880096125,27875,96125,68250,68833890000000,0,0,0
1,5004,68833890000000,68833890062750,68833890090250,27500,90250,62750,68833900000000,0,0,0
1,5005,68833900000000,68833900062750,68833900090000,27250,90000,62750,68833910000000,0,0,0
1,5006,68833910000000,68833910069000,68833910096625,27625,96625,69000,68833920000000,0,0,0
1,5007,68833920000000,68833920063000,68833920090375,27375,90375,63000,68833930000000,0,0,0
1,5008,68833930000000,68833930062625,68833930089875,27250,89875,62625,68833940000000,0,0,0
1,5009,68833940000000,68833940066875,68833940094750,27875,94750,66875,68833950000000,0,0,0
1,5010,68833950000000,68833950062750,68833950090375,27625,90375,62750,68833960000000,0,0,0
1,5011,68833960000000,68833960067000,68833960094750,27750,94750,67000,68833970000000,0,0,0
1,5012,68833970000000,68833970063125,68833970090625,27500,90625,63125,68833980000000,0,0,0
1,5013,68833980000000,68833980061625,68833980089500,27875,89500,61625,68833990000000,0,0,0
1,5014,68833990000000,68833990066875,68833990094125,27250,94125,66875,68834000000000,0,0,0
1,5015,68834000000000,68834000062750,68834000091250,28500,91250,62750,68834010000000,0,0,0
1,5016,68834010000000,68834010066875,68834010094375,27500,94375,66875,68834020000000,0,0,0
1,5017,68834020000000,68834020076375,68834020322250,245875,322250,76375,68834030000000,0,0,0
1,5018,68834030000000,68834030063875,68834030173000,109125,173000,63875,68834040000000,0,0,0
1,5019,68834040000000,68834040067750,68834040100625,32875,100625,67750,68834050000000,0,0,0
1,5020,68834050000000,68834050061875,68834050089750,27875,89750,61875,68834060000000,0,0,0
1,5021,68834060000000,68834060061875,68834060090000,28125,90000,61875,68834070000000,0,0,0
1,5022,68834070000000,68834070066375,68834070095125,28750,95125,66375,68834080000000,0,0,0
1,5023,68834080000000,68834080064000,68834080092000,28000,92000,64000,68834090000000,0,0,0
1,5024,68834090000000,68834090067625,68834090095500,27875,95500,67625,68834100000000,0,0,0
1,5025,68834100000000,68834100062000,68834100089875,27875,89875,62000,68834110000000,0,0,0
1,5026,68834110000000,68834110061625,68834110089375,27750,89375,61625,68834120000000,0,0,0
1,5027,68834120000000,68834120065875,68834120093375,27500,93375,65875,68834130000000,0,0,0
1,5028,68834130000000,68834130062000,68834130090250,28250,90250,62000,68834140000000,0,0,0
1,5029,68834140000000,68834140066250,68834140093875,27625,93875,66250,68834150000000,0,0,0
1,5030,68834150000000,68834150061750,68834150089500,27750,89500,61750,68834160000000,0,0,0
1,5031,68834160000000,68834160067875,68834160095625,27750,95625,67875,68834170000000,0,0,0
1,5032,68834170000000,68834170062875,68834170090500,27625,90500,62875,68834180000000,0,0,0
1,5033,68834180000000,68834180062750,68834180090000,27250,90000,62750,68834190000000,0,0,0
1,5034,68834190000000,68834190066875,68834190094625,27750,94625,66875,68834200000000,0,0,0
1,5035,68834200000000,68834200062000,68834200089375,27375,89375,62000,68834210000000,0,0,0
1,5036,68834210000000,68834210067250,68834210095000,27750,95000,67250,68834220000000,0,0,0
1,5037,68834220000000,68834220063000,68834220090250,27250,90250,63000,68834230000000,0,0,0
1,5038,68834230000000,68834230062625,68834230090375,27750,90375,62625,68834240000000,0,0,0
1,5039,68834240000000,68834240067000,68834240094500,27500,94500,67000,68834250000000,0,0,0
1,5040,68834250000000,68834250062875,68834250090375,27500,90375,62875,68834260000000,0,0,0
1,5041,68834260000000,68834260061875,68834260089250,27375,89250,61875,68834270000000,0,0,0
1,5042,68834270000000,68834270067000,68834270094250,27250,94250,67000,68834280000000,0,0,0
1,5043,68834280000000,68834280062875,68834280090375,27500,90375,62875,68834290000000,0,0,0
1,5044,68834290000000,68834290062500,68834290090375,27875,90375,62500,68834300000000,0,0,0
1,5045,68834300000000,68834300067000,68834300095750,28750,95750,67000,68834310000000,0,0,0
1,5046,68834310000000,68834310063000,68834310090375,27375,90375,63000,68834320000000,0,0,0
1,5047,68834320000000,68834320061750,68834320089000,27250,89000,61750,68834330000000,0,0,0
1,5048,68834330000000,68834330066375,68834330094125,27750,94125,66375,68834340000000,0,0,0
1,5049,68834340000000,68834340063250,68834340090500,27250,90500,63250,68834350000000,0,0,0
1,5050,68834350000000,68834350067250,68834350095000,27750,95000,67250,68834360000000,0,0,0
1,5051,68834360000000,68834360066750,68834360095750,29000,95750,66750,68834370000000,0,0,0
1,5052,68834370000000,68834370062875,68834370090750,27875,90750,62875,68834380000000,0,0,0
1,5053,68834380000000,68834380066125,68834380093500,27375,93500,66125,68834390000000,0,0,0
1,5054,68834390000000,68834390062750,68834390090375,27625,90375,62750,68834400000000,0,0,0
1,5055,68834400000000,68834400067125,68834400094500,27375,94500,67125,68834410000000,0,0,0
1,5056,68834410000000,68834410062750,68834410090375,27625,90375,62750,68834420000000,0,0,0
1,5057,68834420000000,68834420062875,68834420090250,27375,90250,62875,68834430000000,0,0,0
1,5058,68834430000000,68834430066875,68834430094500,27625,94500,66875,68834440000000,0,0,0
1,5059,68834440000000,68834440062000,68834440089375,27375,89375,62000,68834450000000,0,0,0
1,5060,68834450000000,68834450067000,68834450094250,27250,94250,67000,68834460000000,0,0,0
1,5061,68834460000000,68834460062875,68834460090375,27500,90375,62875,68834470000000,0,0,0
1,5062,68834470000000,68834470062500,68834470090375,27875,90375,62500,68834480000000,0,0,0
1,5063,68834480000000,68834480066750,68834480094250,27500,94250,66750,68834490000000,0,0,0
1,5064,68834490000000,68834490062750,68834490090500,27750,90500,62750,68834500000000,0,0,0
1,5065,68834500000000,68834500061500,68834500089875,28375,89875,61500,68834510000000,0,0,0
1,5066,68834510000000,68834510065750,68834510093625,27875,93625,65750,68834520000000,0,0,0
1,5067,68834520000000,68834520061750,68834520089125,27375,89125,61750,68834530000000,0,0,0
1,5068,68834530000000,68834530065625,68834530093500,27875,93500,65625,68834540000000,0,0,0
1,5069,68834540000000,68834540061750,68834540088750,27000,88750,61750,68834550000000,0,0,0
1,5070,68834550000000,68834550059000,68834550078000,19000,78000,59000,68834560000000,0,0,0
1,5071,68834560000000,68834560063125,68834560081750,18625,81750,63125,68834570000000,0,0,0
1,5072,68834570000000,68834570058875,68834570077250,18375,77250,58875,68834580000000,0,0,0
1,5073,68834580000000,68834580062500,68834580080750,18250,80750,62500,68834590000000,0,0,0
1,5074,68834590000000,68834590058250,68834590077000,18750,77000,58250,68834600000000,0,0,0
1,5075,68834600000000,68834600035750,68834600054625,18875,54625,35750,68834610000000,0,0,0
1,5076,68834610000000,68834610062500,68834610081125,18625,81125,62500,68834620000000,0,0,0
1,5077,68834620000000,68834620059000,68834620077250,18250,77250,59000,68834630000000,0,0,0
1,5078,68834630000000,68834630059000,68834630077375,18375,77375,59000,68834640000000,0,0,0
1,5079,68834640000000,68834640062250,68834640080500,18250,80500,62250,68834650000000,0,0,0
1,5080,68834650000000,68834650058750,68834650077625,18875,77625,58750,68834660000000,0,0,0
1,5081,68834660000000,68834660062125,68834660080875,18750,80875,62125,68834670000000,0,0,0
1,5082,68834670000000,68834670058625,68834670077125,18500,77125,58625,68834680000000,0,0,0
1,5083,68834680000000,68834680058625,68834680077000,18375,77000,58625,68834690000000,0,0,0
1,5084,68834690000000,68834690062000,68834690080750,18750,80750,62000,68834700000000,0,0,0
1,5085,68834700000000,68834700058750,68834700076875,18125,76875,58750,68834710000000,0,0,0
1,5086,68834710000000,68834710061875,68834710081000,19125,81000,61875,68834720000000,0,0,0
1,5087,68834720000000,68834720058875,68834720077250,18375,77250,58875,68834730000000,0,0,0
1,5088,68834730000000,68834730062250,68834730080625,18375,80625,62250,68834740000000,0,0,0
1,5089,68834740000000,68834740058875,68834740077250,18375,77250,58875,68834750000000,0,0,0
1,5090,68834750000000,68834750062125,68834750080625,18500,80625,62125,68834760000000,0,0,0
1,5091,68834760000000,68834760058750,68834760077125,18375,77125,58750,68834770000000,0,0,0
1,5092,68834770000000,68834770058625,68834770077625,19000,77625,58625,68834780000000,0,0,0
1,5093,68834780000000,68834780062125,68834780080375,18250,80375,62125,68834790000000,0,0,0
1,5094,68834790000000,68834790058875,68834790077875,19000,77875,58875,68834800000000,0,0,0
1,5095,68834800000000,68834800058625,68834800076750,18125,76750,58625,68834810000000,0,0,0
1,5096,68834810000000,68834810064125,68834810084125,20000,84125,64125,68834820000000,0,0,0
1,5097,68834820000000,68834820059625,68834820078250,18625,78250,59625,68834830000000,0,0,0
1,5098,68834830000000,68834830058875,68834830077375,18500,77375,58875,68834840000000,0,0,0
1,5099,68834840000000,68834840062125,68834840080250,18125,80250,62125,68834850000000,0,0,0
1,5100,68834850000000,68834850059125,68834850077625,18500,77625,59125,68834860000000,0,0,0
1,5101,68834860000000,68834860058625,68834860076875,18250,76875,58625,68834870000000,0,0,0
1,5102,68834870000000,68834870062000,68834870080500,18500,80500,62000,68834880000000,0,0,0
1,5103,68834880000000,68834880058625,68834880076875,18250,76875,58625,68834890000000,0,0,0
1,5104,68834890000000,68834890058625,68834890077125,18500,77125,58625,68834900000000,0,0,0
1,5105,68834900000000,68834900063125,68834900081500,18375,81500,63125,68834910000000,0,0,0
1,5106,68834910000000,68834910059750,68834910078250,18500,78250,59750,68834920000000,0,0,0
1,5107,68834920000000,68834920059500,68834920078000,18500,78000,59500,68834930000000,0,0,0
1,5108,68834930000000,68834930062750,68834930081000,18250,81000,62750,68834940000000,0,0,0
1,5109,68834940000000,68834940059625,68834940078000,18375,78000,59625,68834950000000,0,0,0
1,5110,68834950000000,68834950058750,68834950077125,18375,77125,58750,68834960000000,0,0,0
1,5111,68834960000000,68834960062125,68834960080500,18375,80500,62125,68834970000000,0,0,0
1,5112,68834970000000,68834970065500,68834970107750,42250,107750,65500,68834980000000,0,0,0
1,5113,68834980000000,68834980095000,68834980350750,255750,350750,95000,68834990000000,0,0,0
1,5114,68834990000000,68834990064375,68834990265125,200750,265125,64375,68835000000000,0,0,0
1,5115,68835000000000,68835000064000,68835000113375,49375,113375,64000,68835010000000,0,0,0
1,5116,68835010000000,68835010068875,68835010097500,28625,97500,68875,68835020000000,0,0,0
1,5117,68835020000000,68835020063250,68835020090625,27375,90625,63250,68835030000000,0,0,0
1,5118,68835030000000,68835030062875,68835030090625,27750,90625,62875,68835040000000,0,0,0
1,5119,68835040000000,68835040067625,68835040095250,27625,95250,67625,68835050000000,0,0,0
1,5120,68835050000000,68835050062625,68835050090250,27625,90250,62625,68835060000000,0,0,0
1,5121,68835060000000,68835060068000,68835060095375,27375,95375,68000,68835070000000,0,0,0
1,5122,68835070000000,68835070062500,68835070091125,28625,91125,62500,68835080000000,0,0,0
1,5123,68835080000000,68835080063375,68835080091250,27875,91250,63375,68835090000000,0,0,0
1,5124,68835090000000,68835090067750,68835090095250,27500,95250,67750,68835100000000,0,0,0
1,5125,68835100000000,68835100062000,68835100089500,27500,89500,62000,68835110000000,0,0,0
1,5126,68835110000000,68835110067375,68835110095125,27750,95125,67375,68835120000000,0,0,0
1,5127,68835120000000,68835120063000,68835120090500,27500,90500,63000,68835130000000,0,0,0
1,5128,68835130000000,68835130062875,68835130090625,27750,90625,62875,68835140000000,0,0,0
1,5129,68835140000000,68835140067250,68835140094875,27625,94875,67250,68835150000000,0,0,0
1,5130,68835150000000,68835150063000,68835150090750,27750,90750,63000,68835160000000,0,0,0
1,5131,68835160000000,68835160061750,68835160089500,27750,89500,61750,68835170000000,0,0,0
1,5132,68835170000000,68835170067125,68835170094750,27625,94750,67125,68835180000000,0,0,0
1,5133,68835180000000,68835180063250,68835180090875,27625,90875,63250,68835190000000,0,0,0
1,5134,68835190000000,68835190062750,68835190090250,27500,90250,62750,68835200000000,0,0,0
1,5135,68835200000000,68835200067125,68835200094375,27250,94375,67125,68835210000000,0,0,0
1,5136,68835210000000,68835210062000,68835210089750,27750,89750,62000,68835220000000,0,0,0
1,5137,68835220000000,68835220063125,68835220090750,27625,90750,63125,68835230000000,0,0,0
1,5138,68835230000000,68835230066875,68835230094375,27500,94375,66875,68835240000000,0,0,0
1,5139,68835240000000,68835240062875,68835240090250,27375,90250,62875,68835250000000,0,0,0
1,5140,68835250000000,68835250067250,68835250094875,27625,94875,67250,68835260000000,0,0,0
1,5141,68835260000000,68835260065750,68835260094375,28625,94375,65750,68835270000000,0,0,0
1,5142,68835270000000,68835270068125,68835270095750,27625,95750,68125,68835280000000,0,0,0
1,5143,68835280000000,68835280062875,68835280090125,27250,90125,62875,68835290000000,0,0,0
1,5144,68835290000000,68835290062750,68835290090500,27750,90500,62750,68835300000000,0,0,0
1,5145,68835300000000,68835300067000,68835300094500,27500,94500,67000,68835310000000,0,0,0
1,5146,68835310000000,68835310062625,68835310090625,28000,90625,62625,68835320000000,0,0,0
1,5147,68835320000000,68835320062000,68835320089125,27125,89125,62000,68835330000000,0,0,0
1,5148,68835330000000,68835330068000,68835330095875,27875,95875,68000,68835340000000,0,0,0
1,5149,68835340000000,68835340062750,68835340090125,27375,90125,62750,68835350000000,0,0,0
1,5150,68835350000000,68835350062625,68835350090375,27750,90375,62625,68835360000000,0,0,0
1,5151,68835360000000,68835360067375,68835360094625,27250,94625,67375,68835370000000,0,0,0
1,5152,68835370000000,68835370062500,68835370090750,28250,90750,62500,68835380000000,0,0,0
1,5153,68835380000000,68835380066750,68835380094000,27250,94000,66750,68835390000000,0,0,0
1,5154,68835390000000,68835390062500,68835390090375,27875,90375,62500,68835400000000,0,0,0
1,5155,68835400000000,68835400066750,68835400094125,27375,94125,66750,68835410000000,0,0,0
1,5156,68835410000000,68835410062750,68835410089375,26625,89375,62750,68835420000000,0,0,0
1,5157,68835420000000,68835420061500,68835420089125,27625,89125,61500,68835430000000,0,0,0
1,5158,68835430000000,68835430066750,68835430094250,27500,94250,66750,68835440000000,0,0,0
1,5159,68835440000000,68835440063375,68835440091000,27625,91000,63375,68835450000000,0,0,0
1,5160,68835450000000,68835450066250,68835450094000,27750,94000,66250,68835460000000,0,0,0
1,5161,68835460000000,68835460063250,68835460090875,27625,90875,63250,68835470000000,0,0,0
1,5162,68835470000000,68835470066125,68835470093750,27625,93750,66125,68835480000000,0,0,0
1,5163,68835480000000,68835480062875,68835480090125,27250,90125,62875,68835490000000,0,0,0
1,5164,68835490000000,68835490067000,68835490094625,27625,94625,67000,68835500000000,0,0,0
1,5165,68835500000000,68835500062750,68835500090125,27375,90125,62750,68835510000000,0,0,0
1,5166,68835510000000,68835510062375,68835510090125,27750,90125,62375,68835520000000,0,0,0
1,5167,68835520000000,68835520067000,68835520094625,27625,94625,67000,68835530000000,0,0,0
1,5168,68835530000000,68835530062625,68835530090375,27750,90375,62625,68835540000000,0,0,0
1,5169,68835540000000,68835540061625,68835540089000,27375,89000,61625,68835550000000,0,0,0
1,5170,68835550000000,68835550066125,68835550094625,28500,94625,66125,68835560000000,0,0,0
1,5171,68835560000000,68835560063250,68835560090625,27375,90625,63250,68835570000000,0,0,0
1,5172,68835570000000,68835570061500,68835570089375,27875,89375,61500,68835580000000,0,0,0
1,5173,68835580000000,68835580062000,68835580089250,27250,89250,62000,68835590000000,0,0,0
1,5174,68835590000000,68835590062625,68835590090375,27750,90375,62625,68835600000000,0,0,0
1,5175,68835600000000,68835600066875,68835600094125,27250,94125,66875,68835610000000,0,0,0
1,5176,68835610000000,68835610062625,68835610090000,27375,90000,62625,68835620000000,0,0,0
1,5177,68835620000000,68835620067000,68835620094375,27375,94375,67000,68835630000000,0,0,0
1,5178,68835630000000,68835630062500,68835630089875,27375,89875,62500,68835640000000,0,0,0
1,5179,68835640000000,68835640062625,68835640091125,28500,91125,62625,68835650000000,0,0,0
1,5180,68835650000000,68835650066750,68835650093875,27125,93875,66750,68835660000000,0,0,0
1,5181,68835660000000,68835660061625,68835660089250,27625,89250,61625,68835670000000,0,0,0
1,5182,68835670000000,68835670067125,68835670094625,27500,94625,67125,68835680000000,0,0,0
1,5183,68835680000000,68835680062625,68835680090125,27500,90125,62625,68835690000000,0,0,0
1,5184,68835690000000,68835690062625,68835690090125,27500,90125,62625,68835700000000,0,0,0
1,5185,68835700000000,68835700066750,68835700094000,27250,94000,66750,68835710000000,0,0,0
1,5186,68835710000000,68835710063750,68835710098375,34625,98375,63750,68835720000000,0,0,0
1,5187,68835720000000,68835720068750,68835720096750,28000,96750,68750,68835730000000,0,0,0
1,5188,68835730000000,68835730063125,68835730091000,27875,91000,63125,68835740000000,0,0,0
1,5189,68835740000000,68835740062625,68835740090125,27500,90125,62625,68835750000000,0,0,0
1,5190,68835750000000,68835750066750,68835750094625,27875,94625,66750,68835760000000,0,0,0
1,5191,68835760000000,68835760062625,68835760090000,27375,90000,62625,68835770000000,0,0,0
1,5192,68835770000000,68835770061625,68835770090250,28625,90250,61625,68835780000000,0,0,0
1,5193,68835780000000,68835780068000,68835780096125,28125,96125,68000,68835790000000,0,0,0
1,5194,68835790000000,68835790063125,68835790090750,27625,90750,63125,68835800000000,0,0,0
1,5195,68835800000000,68835800062750,68835800090375,27625,90375,62750,68835810000000,0,0,0
1,5196,68835810000000,68835810063375,68835810091500,28125,91500,63375,68835820000000,0,0,0
1,5197,68835820000000,68835820063125,68835820090625,27500,90625,63125,68835830000000,0,0,0
1,5198,68835830000000,68835830067500,68835830096750,29250,96750,67500,68835840000000,0,0,0
1,5199,68835840000000,68835840064125,68835840092000,27875,92000,64125,68835850000000,0,0,0
1,5200,68835850000000,68835850062875,68835850090250,27375,90250,62875,68835860000000,0,0,0
1,5201,68835860000000,68835860067375,68835860095125,27750,95125,67375,68835870000000,0,0,0
1,5202,68835870000000,68835870062000,68835870089125,27125,89125,62000,68835880000000,0,0,0
1,5203,68835880000000,68835880061875,68835880089375,27500,89375,61875,68835890000000,0,0,0
1,5204,68835890000000,68835890067500,68835890096500,29000,96500,67500,68835900000000,0,0,0
1,5205,68835900000000,68835900063625,68835900091375,27750,91375,63625,68835910000000,0,0,0
1,5206,68835910000000,68835910067250,68835910094750,27500,94750,67250,68835920000000,0,0,0
1,5207,68835920000000,68835920063250,68835920091125,27875,91125,63250,68835930000000,0,0,0
1,5208,68835930000000,68835930062375,68835930089875,27500,89875,62375,68835940000000,0,0,0
1,5209,68835940000000,68835940066875,68835940094500,27625,94500,66875,68835950000000,0,0,0
1,5210,68835950000000,68835950062750,68835950090375,27625,90375,62750,68835960000000,0,0,0
1,5211,68835960000000,68835960067000,68835960094375,27375,94375,67000,68835970000000,0,0,0
1,5212,68835970000000,68835970062625,68835970090125,27500,90125,62625,68835980000000,0,0,0
1,5213,68835980000000,68835980066875,68835980094625,27750,94625,66875,68835990000000,0,0,0
1,5214,68835990000000,68835990061875,68835990089375,27500,89375,61875,68836000000000,0,0,0
1,5215,68836000000000,68836000068000,68836000095750,27750,95750,68000,68836010000000,0,0,0
1,5216,68836010000000,68836010061875,68836010089875,28000,89875,61875,68836020000000,0,0,0
1,5217,68836020000000,68836020063625,68836020091875,28250,91875,63625,68836030000000,0,0,0
1,5218,68836030000000,68836030061250,68836030089125,27875,89125,61250,68836040000000,0,0,0
1,5219,68836040000000,68836040063375,68836040090875,27500,90875,63375,68836050000000,0,0,0
1,5220,68836050000000,68836050067375,68836050096125,28750,96125,67375,68836060000000,0,0,0
1,5221,68836060000000,68836060062750,68836060090250,27500,90250,62750,68836070000000,0,0,0
1,5222,68836070000000,68836070067125,68836070094875,27750,94875,67125,68836080000000,0,0,0
1,5223,68836080000000,68836080062750,68836080090125,27375,90125,62750,68836090000000,0,0,0
1,5224,68836090000000,68836090062750,68836090090375,27625,90375,62750,68836100000000,0,0,0
1,5225,68836100000000,68836100065875,68836100093125,27250,93125,65875,68836110000000,0,0,0
1,5226,68836110000000,68836110062000,68836110089750,27750,89750,62000,68836120000000,0,0,0
1,5227,68836120000000,68836120067250,68836120095000,27750,95000,67250,68836130000000,0,0,0
1,5228,68836130000000,68836130061750,68836130090250,28500,90250,61750,68836140000000,0,0,0
1,5229,68836140000000,68836140062500,68836140090625,28125,90625,62500,68836150000000,0,0,0
1,5230,68836150000000,68836150067750,68836150095250,27500,95250,67750,68836160000000,0,0,0
1,5231,68836160000000,68836160066125,68836160094750,28625,94750,66125,68836170000000,0,0,0
1,5232,68836170000000,68836170068125,68836170096000,27875,96000,68125,68836180000000,0,0,0
1,5233,68836180000000,68836180062125,68836180090125,28000,90125,62125,68836190000000,0,0,0
1,5234,68836190000000,68836190063125,68836190091375,28250,91375,63125,68836200000000,0,0,0
1,5235,68836200000000,68836200068000,68836200096125,28125,96125,68000,68836210000000,0,0,0
1,5236,68836210000000,68836210062750,68836210091250,28500,91250,62750,68836220000000,0,0,0
1,5237,68836220000000,68836220061750,68836220089250,27500,89250,61750,68836230000000,0,0,0
1,5238,68836230000000,68836230067125,68836230094750,27625,94750,67125,68836240000000,0,0,0
1,5239,68836240000000,68836240063000,68836240090375,27375,90375,63000,68836250000000,0,0,0
1,5240,68836250000000,68836250067125,68836250095125,28000,95125,67125,68836260000000,0,0,0
1,5241,68836260000000,68836260062750,68836260090125,27375,90125,62750,68836270000000,0,0,0
1,5242,68836270000000,68836270062375,68836270090125,27750,90125,62375,68836280000000,0,0,0
1,5243,68836280000000,68836280066875,68836280094500,27625,94500,66875,68836290000000,0,0,0
1,5244,68836290000000,68836290062750,68836290090000,27250,90000,62750,68836300000000,0,0,0
1,5245,68836300000000,68836300062625,68836300090125,27500,90125,62625,68836310000000,0,0,0
1,5246,68836310000000,68836310066875,68836310094750,27875,94750,66875,68836320000000,0,0,0
1,5247,68836320000000,68836320062750,68836320089750,27000,89750,62750,68836330000000,0,0,0
1,5248,68836330000000,68836330061625,68836330090000,28375,90000,61625,68836340000000,0,0,0
1,5249,68836340000000,68836340067250,68836340094875,27625,94875,67250,68836350000000,0,0,0
1,5250,68836350000000,68836350063000,68836350090750,27750,90750,63000,68836360000000,0,0,0
1,5251,68836360000000,68836360062625,68836360090000,27375,90000,62625,68836370000000,0,0,0
1,5252,68836370000000,68836370066625,68836370094625,28000,94625,66625,68836380000000,0,0,0
1,5253,68836380000000,68836380061875,68836380090000,28125,90000,61875,68836390000000,0,0,0
1,5254,68836390000000,68836390067000,68836390095000,28000,95000,67000,68836400000000,0,0,0
1,5255,68836400000000,68836400062750,68836400091125,28375,91125,62750,68836410000000,0,0,0
1,5256,68836410000000,68836410062625,68836410090250,27625,90250,62625,68836420000000,0,0,0
1,5257,68836420000000,68836420066750,68836420093750,27000,93750,66750,68836430000000,0,0,0
1,5258,68836430000000,68836430062625,68836430090250,27625,90250,62625,68836440000000,0,0,0
1,5259,68836440000000,68836440061750,68836440089250,27500,89250,61750,68836450000000,0,0,0
1,5260,68836450000000,68836450104125,68836450383500,279375,383500,104125,68836460000000,0,0,0
1,5261,68836460000000,68836460114375,68836460392250,277875,392250,114375,68836470000000,0,0,0
1,5262,68836470000000,68836470095625,68836470362500,266875,362500,95625,68836480000000,0,0,0
1,5263,68836480000000,68836480072000,68836480343375,271375,343375,72000,68836490000000,0,0,0
1,5264,68836490000000,68836490083500,68836490359250,275750,359250,83500,68836500000000,0,0,0
1,5265,68836500000000,68836500085375,68836500359000,273625,359000,85375,68836510000000,0,0,0
1,5266,68836510000000,68836510073125,68836510332750,259625,332750,73125,68836520000000,0,0,0
1,5267,68836520000000,68836520072875,68836520332875,260000,332875,72875,68836530000000,0,0,0
1,5268,68836530000000,68836530086375,68836530341625,255250,341625,86375,68836540000000,0,0,0
1,5269,68836540000000,68836540062250,68836540176375,114125,176375,62250,68836550000000,0,0,0
1,5270,68836550000000,68836550059500,68836550079625,20125,79625,59500,68836560000000,0,0,0
1,5271,68836560000000,68836560068000,68836560086250,18250,86250,68000,68836570000000,0,0,0
1,5272,68836570000000,68836570059750,68836570078375,18625,78375,59750,68836580000000,0,0,0
1,5273,68836580000000,68836580063625,68836580082000,18375,82000,63625,68836590000000,0,0,0
1,5274,68836590000000,68836590059000,68836590077500,18500,77500,59000,68836600000000,0,0,0
1,5275,68836600000000,68836600063625,68836600081875,18250,81875,63625,68836610000000,0,0,0
1,5276,68836610000000,68836610062125,68836610182000,119875,182000,62125,68836620000000,0,0,0
1,5277,68836620000000,68836620077000,68836620138125,61125,138125,77000,68836630000000,0,0,0
1,5278,68836630000000,68836630059875,68836630079875,20000,79875,59875,68836640000000,0,0,0
1,5279,68836640000000,68836640059750,68836640078125,18375,78125,59750,68836650000000,0,0,0
1,5280,68836650000000,68836650063250,68836650081875,18625,81875,63250,68836660000000,0,0,0
1,5281,68836660000000,68836660059125,68836660077625,18500,77625,59125,68836670000000,0,0,0
1,5282,68836670000000,68836670063250,68836670081625,18375,81625,63250,68836680000000,0,0,0
1,5283,68836680000000,68836680059750,68836680078000,18250,78000,59750,68836690000000,0,0,0
1,5284,68836690000000,68836690059375,68836690078375,19000,78375,59375,68836700000000,0,0,0
1,5285,68836700000000,68836700062500,68836700081000,18500,81000,62500,68836710000000,0,0,0
1,5286,68836710000000,68836710059625,68836710078375,18750,78375,59625,68836720000000,0,0,0
1,5287,68836720000000,68836720063125,68836720081375,18250,81375,63125,68836730000000,0,0,0
1,5288,68836730000000,68836730059750,68836730078000,18250,78000,59750,68836740000000,0,0,0
1,5289,68836740000000,68836740059375,68836740077125,17750,77125,59375,68836750000000,0,0,0
1,5290,68836750000000,68836750063000,68836750080875,17875,80875,63000,68836760000000,0,0,0
1,5291,68836760000000,68836760059500,68836760077875,18375,77875,59500,68836770000000,0,0,0
1,5292,68836770000000,68836770067625,68836770095375,27750,95375,67625,68836780000000,0,0,0
1,5293,68836780000000,68836780061875,68836780089375,27500,89375,61875,68836790000000,0,0,0
1,5294,68836790000000,68836790062500,68836790090125,27625,90125,62500,68836800000000,0,0,0
1,5295,68836800000000,68836800067250,68836800094875,27625,94875,67250,68836810000000,0,0,0
1,5296,68836810000000,68836810062500,68836810090125,27625,90125,62500,68836820000000,0,0,0
1,5297,68836820000000,68836820062750,68836820090250,27500,90250,62750,68836830000000,0,0,0
1,5298,68836830000000,68836830060750,68836830088500,27750,88500,60750,68836840000000,0,0,0
1,5299,68836840000000,68836840062625,68836840090500,27875,90500,62625,68836850000000,0,0,0
1,5300,68836850000000,68836850066750,68836850094500,27750,94500,66750,68836860000000,0,0,0
1,5301,68836860000000,68836860062625,68836860090500,27875,90500,62625,68836870000000,0,0,0
1,5302,68836870000000,68836870066750,68836870094500,27750,94500,66750,68836880000000,0,0,0
1,5303,68836880000000,68836880064125,68836880092000,27875,92000,64125,68836890000000,0,0,0
1,5304,68836890000000,68836890062250,68836890089375,27125,89375,62250,68836900000000,0,0,0
1,5305,68836900000000,68836900066625,68836900094375,27750,94375,66625,68836910000000,0,0,0
1,5306,68836910000000,68836910062375,68836910089875,27500,89875,62375,68836920000000,0,0,0
1,5307,68836920000000,68836920066625,68836920094625,28000,94625,66625,68836930000000,0,0,0
1,5308,68836930000000,68836930062625,68836930089000,26375,89000,62625,68836940000000,0,0,0
1,5309,68836940000000,68836940062250,68836940090000,27750,90000,62250,68836950000000,0,0,0
1,5310,68836950000000,68836950066375,68836950093625,27250,93625,66375,68836960000000,0,0,0
1,5311,68836960000000,68836960041000,68836960086625,45625,86625,41000,68836970000000,0,0,0
1,5312,68836970000000,68836970059750,68836970091125,31375,91125,59750,68836980000000,0,0,0
1,5313,68836980000000,68836980069125,68836980098000,28875,98000,69125,68836990000000,0,0,0
1,5314,68836990000000,68836990062000,68836990089500,27500,89500,62000,68837000000000,0,0,0
1,5315,68837000000000,68837000063125,68837000090875,27750,90875,63125,68837010000000,0,0,0
1,5316,68837010000000,68837010067250,68837010094750,27500,94750,67250,68837020000000,0,0,0
1,5317,68837020000000,68837020062750,68837020090375,27625,90375,62750,68837030000000,0,0,0
1,5318,68837030000000,68837030067000,68837030094000,27000,94000,67000,68837040000000,0,0,0
1,5319,68837040000000,68837040063125,68837040091000,27875,91000,63125,68837050000000,0,0,0
1,5320,68837050000000,68837050062500,68837050091125,28625,91125,62500,68837060000000,0,0,0
1,5321,68837060000000,68837060069375,68837060097500,28125,97500,69375,68837070000000,0,0,0
1,5322,68837070000000,68837070063250,68837070091625,28375,91625,63250,68837080000000,0,0,0
1,5323,68837080000000,68837080062500,68837080090250,27750,90250,62500,68837090000000,0,0,0
1,5324,68837090000000,68837090067000,68837090093500,26500,93500,67000,68837100000000,0,0,0
1,5325,68837100000000,68837100062875,68837100090500,27625,90500,62875,68837110000000,0,0,0
1,5326,68837110000000,68837110066750,68837110094125,27375,94125,66750,68837120000000,0,0,0
1,5327,68837120000000,68837120062750,68837120090625,27875,90625,62750,68837130000000,0,0,0
1,5328,68837130000000,68837130066875,68837130093875,27000,93875,66875,68837140000000,0,0,0
1,5329,68837140000000,68837140063000,68837140089875,26875,89875,63000,68837150000000,0,0,0
1,5330,68837150000000,68837150062625,68837150089875,27250,89875,62625,68837160000000,0,0,0
1,5331,68837160000000,68837160067000,68837160094750,27750,94750,67000,68837170000000,0,0,0
1,5332,68837170000000,68837170062750,68837170089875,27125,89875,62750,68837180000000,0,0,0
1,5333,68837180000000,68837180062750,68837180090750,28000,90750,62750,68837190000000,0,0,0
1,5334,68837190000000,68837190066750,68837190094375,27625,94375,66750,68837200000000,0,0,0
1,5335,68837200000000,68837200061625,68837200089500,27875,89500,61625,68837210000000,0,0,0
1,5336,68837210000000,68837210066750,68837210094125,27375,94125,66750,68837220000000,0,0,0
1,5337,68837220000000,68837220062625,68837220090500,27875,90500,62625,68837230000000,0,0,0
1,5338,68837230000000,68837230066750,68837230094125,27375,94125,66750,68837240000000,0,0,0
1,5339,68837240000000,68837240063000,68837240090875,27875,90875,63000,68837250000000,0,0,0
1,5340,68837250000000,68837250067000,68837250094500,27500,94500,67000,68837260000000,0,0,0
1,5341,68837260000000,68837260062625,68837260090500,27875,90500,62625,68837270000000,0,0,0
1,5342,68837270000000,68837270066750,68837270094125,27375,94125,66750,68837280000000,0,0,0
1,5343,68837280000000,68837280062875,68837280090625,27750,90625,62875,68837290000000,0,0,0
1,5344,68837290000000,68837290066750,68837290093750,27000,93750,66750,68837300000000,0,0,0
1,5345,68837300000000,68837300062500,68837300090250,27750,90250,62500,68837310000000,0,0,0
1,5346,68837310000000,68837310066750,68837310093750,27000,93750,66750,68837320000000,0,0,0
1,5347,68837320000000,68837320062500,68837320090375,27875,90375,62500,68837330000000,0,0,0
1,5348,68837330000000,68837330066875,68837330094375,27500,94375,66875,68837340000000,0,0,0
1,5349,68837340000000,68837340062625,68837340090375,27750,90375,62625,68837350000000,0,0,0
1,5350,68837350000000,68837350062625,68837350090875,28250,90875,62625,68837360000000,0,0,0
1,5351,68837360000000,68837360066375,68837360094375,28000,94375,66375,68837370000000,0,0,0
1,5352,68837370000000,68837370062500,68837370089875,27375,89875,62500,68837380000000,0,0,0
1,5353,68837380000000,68837380066750,68837380094500,27750,94500,66750,68837390000000,0,0,0
1,5354,68837390000000,68837390062625,68837390090000,27375,90000,62625,68837400000000,0,0,0
1,5355,68837400000000,68837400066750,68837400094750,28000,94750,66750,68837410000000,0,0,0
1,5356,68837410000000,68837410062750,68837410090000,27250,90000,62750,68837420000000,0,0,0
1,5357,68837420000000,68837420067000,68837420094875,27875,94875,67000,68837430000000,0,0,0
1,5358,68837430000000,68837430062500,68837430089750,27250,89750,62500,68837440000000,0,0,0
1,5359,68837440000000,68837440061750,68837440089375,27625,89375,61750,68837450000000,0,0,0
1,5360,68837450000000,68837450066750,68837450094125,27375,94125,66750,68837460000000,0,0,0
1,5361,68837460000000,68837460062750,68837460090375,27625,90375,62750,68837470000000,0,0,0
1,5362,68837470000000,68837470061500,68837470089125,27625,89125,61500,68837480000000,0,0,0
1,5363,68837480000000,68837480067125,68837480095500,28375,95500,67125,68837490000000,0,0,0
1,5364,68837490000000,68837490062750,68837490090250,27500,90250,62750,68837500000000,0,0,0
1,5365,68837500000000,68837500062500,68837500090250,27750,90250,62500,68837510000000,0,0,0
1,5366,68837510000000,68837510069375,68837510097250,27875,97250,69375,68837520000000,0,0,0
1,5367,68837520000000,68837520063125,68837520091625,28500,91625,63125,68837530000000,0,0,0
1,5368,68837530000000,68837530062750,68837530090125,27375,90125,62750,68837540000000,0,0,0
1,5369,68837540000000,68837540067000,68837540094875,27875,94875,67000,68837550000000,0,0,0
1,5370,68837550000000,68837550061500,68837550089500,28000,89500,61500,68837560000000,0,0,0
1,5371,68837560000000,68837560062500,68837560090000,27500,90000,62500,68837570000000,0,0,0
1,5372,68837570000000,68837570066750,68837570094750,28000,94750,66750,68837580000000,0,0,0
1,5373,68837580000000,68837580062875,68837580090125,27250,90125,62875,68837590000000,0,0,0
1,5374,68837590000000,68837590066625,68837590094375,27750,94375,66625,68837600000000,0,0,0
1,5375,68837600000000,68837600062750,68837600091250,28500,91250,62750,68837610000000,0,0,0
1,5376,68837610000000,68837610061625,68837610089125,27500,89125,61625,68837620000000,0,0,0
1,5377,68837620000000,68837620066750,68837620094125,27375,94125,66750,68837630000000,0,0,0
1,5378,68837630000000,68837630062500,68837630090000,27500,90000,62500,68837640000000,0,0,0
1,5379,68837640000000,68837640066875,68837640094250,27375,94250,66875,68837650000000,0,0,0
1,5380,68837650000000,68837650062500,68837650090250,27750,90250,62500,68837660000000,0,0,0
1,5381,68837660000000,68837660066875,68837660094125,27250,94125,66875,68837670000000,0,0,0
1,5382,68837670000000,68837670062750,68837670090375,27625,90375,62750,68837680000000,0,0,0
1,5383,68837680000000,68837680062375,68837680089500,27125,89500,62375,68837690000000,0,0,0
1,5384,68837690000000,68837690066750,68837690094500,27750,94500,66750,68837700000000,0,0,0
1,5385,68837700000000,68837700062375,68837700089750,27375,89750,62375,68837710000000,0,0,0
1,5386,68837710000000,68837710066875,68837710094375,27500,94375,66875,68837720000000,0,0,0
1,5387,68837720000000,68837720062500,68837720090000,27500,90000,62500,68837730000000,0,0,0
1,5388,68837730000000,68837730066750,68837730094125,27375,94125,66750,68837740000000,0,0,0
1,5389,68837740000000,68837740062750,68837740090250,27500,90250,62750,68837750000000,0,0,0
1,5390,68837750000000,68837750062500,68837750090375,27875,90375,62500,68837760000000,0,0,0
1,5391,68837760000000,68837760066875,68837760095625,28750,95625,66875,68837770000000,0,0,0
1,5392,68837770000000,68837770062375,68837770090125,27750,90125,62375,68837780000000,0,0,0
1,5393,68837780000000,68837780062250,68837780091000,28750,91000,62250,68837790000000,0,0,0
1,5394,68837790000000,68837790066625,68837790094500,27875,94500,66625,68837800000000,0,0,0
1,5395,68837800000000,68837800062625,68837800089875,27250,89875,62625,68837810000000,0,0,0
1,5396,68837810000000,68837810066625,68837810094375,27750,94375,66625,68837820000000,0,0,0
1,5397,68837820000000,68837820033500,68837820083250,49750,83250,33500,68837830000000,0,0,0
1,5398,68837830000000,68837830068750,68837830097000,28250,97000,68750,68837840000000,0,0,0
1,5399,68837840000000,68837840063375,68837840090750,27375,90750,63375,68837850000000,0,0,0
1,5400,68837850000000,68837850062625,68837850090375,27750,90375,62625,68837860000000,0,0,0
1,5401,68837860000000,68837860067000,68837860094500,27500,94500,67000,68837870000000,0,0,0
1,5402,68837870000000,68837870062625,68837870089875,27250,89875,62625,68837880000000,0,0,0
1,5403,68837880000000,68837880067875,68837880095375,27500,95375,67875,68837890000000,0,0,0
1,5404,68837890000000,68837890062625,68837890090125,27500,90125,62625,68837900000000,0,0,0
1,5405,68837900000000,68837900062500,68837900089750,27250,89750,62500,68837910000000,0,0,0
1,5406,68837910000000,68837910066625,68837910094250,27625,94250,66625,68837920000000,0,0,0
1,5407,68837920000000,68837920062875,68837920090750,27875,90750,62875,68837930000000,0,0,0
1,5408,68837930000000,68837930066625,68837930094125,27500,94125,66625,68837940000000,0,0,0
1,5409,68837940000000,68837940062750,68837940090375,27625,90375,62750,68837950000000,0,0,0
1,5410,68837950000000,68837950066875,68837950093250,26375,93250,66875,68837960000000,0,0,0
1,5411,68837960000000,68837960064125,68837960093125,29000,93125,64125,68837970000000,0,0,0
1,5412,68837970000000,68837970067875,68837970095750,27875,95750,67875,68837980000000,0,0,0
1,5413,68837980000000,68837980062750,68837980090000,27250,90000,62750,68837990000000,0,0,0
1,5414,68837990000000,68837990062375,68837990090375,28000,90375,62375,68838000000000,0,0,0
1,5415,68838000000000,68838000066875,68838000094375,27500,94375,66875,68838010000000,0,0,0
1,5416,68838010000000,68838010062750,68838010090625,27875,90625,62750,68838020000000,0,0,0
1,5417,68838020000000,68838020067000,68838020094500,27500,94500,67000,68838030000000,0,0,0
1,5418,68838030000000,68838030062625,68838030090500,27875,90500,62625,68838040000000,0,0,0
1,5419,68838040000000,68838040062500,68838040089750,27250,89750,62500,68838050000000,0,0,0
1,5420,68838050000000,68838050066750,68838050094500,27750,94500,66750,68838060000000,0,0,0
1,5421,68838060000000,68838060062750,68838060090250,27500,90250,62750,68838070000000,0,0,0
1,5422,68838070000000,68838070066750,68838070094500,27750,94500,66750,68838080000000,0,0,0
1,5423,68838080000000,68838080062625,68838080090125,27500,90125,62625,68838090000000,0,0,0
1,5424,68838090000000,68838090062375,68838090090000,27625,90000,62375,68838100000000,0,0,0
1,5425,68838100000000,68838100066750,68838100094625,27875,94625,66750,68838110000000,0,0,0
1,5426,68838110000000,68838110062500,68838110089750,27250,89750,62500,68838120000000,0,0,0
1,5427,68838120000000,68838120067000,68838120094375,27375,94375,67000,68838130000000,0,0,0
1,5428,68838130000000,68838130062500,68838130089875,27375,89875,62500,68838140000000,0,0,0
1,5429,68838140000000,68838140066750,68838140094125,27375,94125,66750,68838150000000,0,0,0
1,5430,68838150000000,68838150062500,68838150090250,27750,90250,62500,68838160000000,0,0,0
1,5431,68838160000000,68838160067000,68838160094375,27375,94375,67000,68838170000000,0,0,0
1,5432,68838170000000,68838170062625,68838170090125,27500,90125,62625,68838180000000,0,0,0
1,5433,68838180000000,68838180066875,68838180094125,27250,94125,66875,68838190000000,0,0,0
1,5434,68838190000000,68838190063000,68838190090375,27375,90375,63000,68838200000000,0,0,0
1,5435,68838200000000,68838200067000,68838200094250,27250,94250,67000,68838210000000,0,0,0
1,5436,68838210000000,68838210062500,68838210090000,27500,90000,62500,68838220000000,0,0,0
1,5437,68838220000000,68838220061750,68838220089125,27375,89125,61750,68838230000000,0,0,0
1,5438,68838230000000,68838230067000,68838230094625,27625,94625,67000,68838240000000,0,0,0
1,5439,68838240000000,68838240062875,68838240090375,27500,90375,62875,68838250000000,0,0,0
1,5440,68838250000000,68838250062250,68838250090125,27875,90125,62250,68838260000000,0,0,0
1,5441,68838260000000,68838260066500,68838260094000,27500,94000,66500,68838270000000,0,0,0
1,5442,68838270000000,68838270062500,68838270090500,28000,90500,62500,68838280000000,0,0,0
1,5443,68838280000000,68838280066750,68838280094125,27375,94125,66750,68838290000000,0,0,0
1,5444,68838290000000,68838290062625,68838290090500,27875,90500,62625,68838300000000,0,0,0
1,5445,68838300000000,68838300066875,68838300094375,27500,94375,66875,68838310000000,0,0,0
1,5446,68838310000000,68838310062625,68838310090375,27750,90375,62625,68838320000000,0,0,0
1,5447,68838320000000,68838320066875,68838320093875,27000,93875,66875,68838330000000,0,0,0
1,5448,68838330000000,68838330062500,68838330090250,27750,90250,62500,68838340000000,0,0,0
1,5449,68838340000000,68838340066750,68838340094000,27250,94000,66750,68838350000000,0,0,0
1,5450,68838350000000,68838350062625,68838350090375,27750,90375,62625,68838360000000,0,0,0
1,5451,68838360000000,68838360062500,68838360091000,28500,91000,62500,68838370000000,0,0,0
1,5452,68838370000000,68838370067000,68838370094625,27625,94625,67000,68838380000000,0,0,0
1,5453,68838380000000,68838380062625,68838380090000,27375,90000,62625,68838390000000,0,0,0
1,5454,68838390000000,68838390062625,68838390090500,27875,90500,62625,68838400000000,0,0,0
1,5455,68838400000000,68838400066625,68838400093875,27250,93875,66625,68838410000000,0,0,0
1,5456,68838410000000,68838410064500,68838410092625,28125,92625,64500,68838420000000,0,0,0
1,5457,68838420000000,68838420067375,68838420094750,27375,94750,67375,68838430000000,0,0,0
1,5458,68838430000000,68838430061750,68838430089500,27750,89500,61750,68838440000000,0,0,0
1,5459,68838440000000,68838440067250,68838440094875,27625,94875,67250,68838450000000,0,0,0
1,5460,68838450000000,68838450062750,68838450090500,27750,90500,62750,68838460000000,0,0,0
1,5461,68838460000000,68838460061625,68838460089000,27375,89000,61625,68838470000000,0,0,0
1,5462,68838470000000,68838470067250,68838470096250,29000,96250,67250,68838480000000,0,0,0
1,5463,68838480000000,68838480062750,68838480090125,27375,90125,62750,68838490000000,0,0,0
1,5464,68838490000000,68838490062500,68838490090375,27875,90375,62500,68838500000000,0,0,0
1,5465,68838500000000,68838500067125,68838500094125,27000,94125,67125,68838510000000,0,0,0
1,5466,68838510000000,68838510062750,68838510090375,27625,90375,62750,68838520000000,0,0,0
1,5467,68838520000000,68838520062625,68838520090000,27375,90000,62625,68838530000000,0,0,0
1,5468,68838530000000,68838530066875,68838530094875,28000,94875,66875,68838540000000,0,0,0
1,5469,68838540000000,68838540062625,68838540090000,27375,90000,62625,68838550000000,0,0,0
1,5470,68838550000000,68838550062625,68838550090250,27625,90250,62625,68838560000000,0,0,0
1,5471,68838560000000,68838560066750,68838560094375,27625,94375,66750,68838570000000,0,0,0
1,5472,68838570000000,68838570062375,68838570090000,27625,90000,62375,68838580000000,0,0,0
1,5473,68838580000000,68838580066750,68838580094125,27375,94125,66750,68838590000000,0,0,0
1,5474,68838590000000,68838590062500,68838590090000,27500,90000,62500,68838600000000,0,0,0
1,5475,68838600000000,68838600066875,68838600094250,27375,94250,66875,68838610000000,0,0,0
1,5476,68838610000000,68838610062875,68838610090375,27500,90375,62875,68838620000000,0,0,0
1,5477,68838620000000,68838620041000,68838620068750,27750,68750,41000,68838630000000,0,0,0
1,5478,68838630000000,68838630067000,68838630095125,28125,95125,67000,68838640000000,0,0,0
1,5479,68838640000000,68838640063250,68838640091125,27875,91125,63250,68838650000000,0,0,0
1,5480,68838650000000,68838650067375,68838650095250,27875,95250,67375,68838660000000,0,0,0
1,5481,68838660000000,68838660063000,68838660090750,27750,90750,63000,68838670000000,0,0,0
1,5482,68838670000000,68838670062500,68838670090000,27500,90000,62500,68838680000000,0,0,0
1,5483,68838680000000,68838680066875,68838680094750,27875,94750,66875,68838690000000,0,0,0
1,5484,68838690000000,68838690062750,68838690089875,27125,89875,62750,68838700000000,0,0,0
1,5485,68838700000000,68838700067000,68838700094500,27500,94500,67000,68838710000000,0,0,0
1,5486,68838710000000,68838710062875,68838710090125,27250,90125,62875,68838720000000,0,0,0
1,5487,68838720000000,68838720062500,68838720090125,27625,90125,62500,68838730000000,0,0,0
1,5488,68838730000000,68838730066750,68838730094250,27500,94250,66750,68838740000000,0,0,0
1,5489,68838740000000,68838740062875,68838740090625,27750,90625,62875,68838750000000,0,0,0
1,5490,68838750000000,68838750066875,68838750094125,27250,94125,66875,68838760000000,0,0,0
1,5491,68838760000000,68838760062750,68838760090875,28125,90875,62750,68838770000000,0,0,0
1,5492,68838770000000,68838770066750,68838770094625,27875,94625,66750,68838780000000,0,0,0
1,5493,68838780000000,68838780062500,68838780090000,27500,90000,62500,68838790000000,0,0,0
1,5494,68838790000000,68838790062375,68838790089750,27375,89750,62375,68838800000000,0,0,0
1,5495,68838800000000,68838800066875,68838800094875,28000,94875,66875,68838810000000,0,0,0
1,5496,68838810000000,68838810062500,68838810090000,27500,90000,62500,68838820000000,0,0,0
1,5497,68838820000000,68838820067375,68838820095375,28000,95375,67375,68838830000000,0,0,0
1,5498,68838830000000,68838830063000,68838830090375,27375,90375,63000,68838840000000,0,0,0
1,5499,68838840000000,68838840067000,68838840094750,27750,94750,67000,68838850000000,0,0,0
1,5500,68838850000000,68838850062625,68838850090125,27500,90125,62625,68838860000000,0,0,0
1,5501,68838860000000,68838860069250,68838860097500,28250,97500,69250,68838870000000,0,0,0
1,5502,68838870000000,68838870062750,68838870090625,27875,90625,62750,68838880000000,0,0,0
1,5503,68838880000000,68838880068875,68838880096625,27750,96625,68875,68838890000000,0,0,0
1,5504,68838890000000,68838890062625,68838890090250,27625,90250,62625,68838900000000,0,0,0
1,5505,68838900000000,68838900062625,68838900090250,27625,90250,62625,68838910000000,0,0,0
1,5506,68838910000000,68838910066750,68838910093750,27000,93750,66750,68838920000000,0,0,0
1,5507,68838920000000,68838920062625,68838920090500,27875,90500,62625,68838930000000,0,0,0
1,5508,68838930000000,68838930066625,68838930094375,27750,94375,66625,68838940000000,0,0,0
1,5509,68838940000000,68838940062750,68838940090625,27875,90625,62750,68838950000000,0,0,0
1,5510,68838950000000,68838950066625,68838950093375,26750,93375,66625,68838960000000,0,0,0
1,5511,68838960000000,68838960063250,68838960091875,28625,91875,63250,68838970000000,0,0,0
1,5512,68838970000000,68838970066750,68838970093625,26875,93625,66750,68838980000000,0,0,0
1,5513,68838980000000,68838980062375,68838980090250,27875,90250,62375,68838990000000,0,0,0
1,5514,68838990000000,68838990066750,68838990094375,27625,94375,66750,68839000000000,0,0,0
1,5515,68839000000000,68839000062750,68839000090625,27875,90625,62750,68839010000000,0,0,0
1,5516,68839010000000,68839010067250,68839010094625,27375,94625,67250,68839020000000,0,0,0
1,5517,68839020000000,68839020062750,68839020091125,28375,91125,62750,68839030000000,0,0,0
1,5518,68839030000000,68839030062750,68839030090125,27375,90125,62750,68839040000000,0,0,0
1,5519,68839040000000,68839040066875,68839040094750,27875,94750,66875,68839050000000,0,0,0
1,5520,68839050000000,68839050062750,68839050090375,27625,90375,62750,68839060000000,0,0,0
1,5521,68839060000000,68839060067000,68839060094750,27750,94750,67000,68839070000000,0,0,0
1,5522,68839070000000,68839070062625,68839070090125,27500,90125,62625,68839080000000,0,0,0
1,5523,68839080000000,68839080062500,68839080090250,27750,90250,62500,68839090000000,0,0,0
1,5524,68839090000000,68839090066875,68839090094500,27625,94500,66875,68839100000000,0,0,0
1,5525,68839100000000,68839100062875,68839100090375,27500,90375,62875,68839110000000,0,0,0
1,5526,68839110000000,68839110062375,68839110089875,27500,89875,62375,68839120000000,0,0,0
1,5527,68839120000000,68839120066750,68839120094375,27625,94375,66750,68839130000000,0,0,0
1,5528,68839130000000,68839130062875,68839130090500,27625,90500,62875,68839140000000,0,0,0
1,5529,68839140000000,68839140067125,68839140094750,27625,94750,67125,68839150000000,0,0,0
1,5530,68839150000000,68839150062625,68839150090250,27625,90250,62625,68839160000000,0,0,0
1,5531,68839160000000,68839160062500,68839160090250,27750,90250,62500,68839170000000,0,0,0
1,5532,68839170000000,68839170066625,68839170094250,27625,94250,66625,68839180000000,0,0,0
1,5533,68839180000000,68839180062625,68839180090375,27750,90375,62625,68839190000000,0,0,0
1,5534,68839190000000,68839190066750,68839190094375,27625,94375,66750,68839200000000,0,0,0
1,5535,68839200000000,68839200062625,68839200090375,27750,90375,62625,68839210000000,0,0,0
1,5536,68839210000000,68839210062250,68839210089625,27375,89625,62250,68839220000000,0,0,0
1,5537,68839220000000,68839220066625,68839220094375,27750,94375,66625,68839230000000,0,0,0
1,5538,68839230000000,68839230062750,68839230090125,27375,90125,62750,68839240000000,0,0,0
1,5539,68839240000000,68839240061500,68839240089125,27625,89125,61500,68839250000000,0,0,0
1,5540,68839250000000,68839250067000,68839250094375,27375,94375,67000,68839260000000,0,0,0
1,5541,68839260000000,68839260062750,68839260090125,27375,90125,62750,68839270000000,0,0,0
1,5542,68839270000000,68839270062500,68839270089625,27125,89625,62500,68839280000000,0,0,0
1,5543,68839280000000,68839280066875,68839280094125,27250,94125,66875,68839290000000,0,0,0
1,5544,68839290000000,68839290062625,68839290090375,27750,90375,62625,68839300000000,0,0,0
1,5545,68839300000000,68839300066875,68839300094500,27625,94500,66875,68839310000000,0,0,0
1,5546,68839310000000,68839310064375,68839310092625,28250,92625,64375,68839320000000,0,0,0
1,5547,68839320000000,68839320062875,68839320090875,28000,90875,62875,68839330000000,0,0,0
1,5548,68839330000000,68839330067000,68839330094750,27750,94750,67000,68839340000000,0,0,0
1,5549,68839340000000,68839340062750,68839340090500,27750,90500,62750,68839350000000,0,0,0
1,5550,68839350000000,68839350067000,68839350094625,27625,94625,67000,68839360000000,0,0,0
1,5551,68839360000000,68839360062750,68839360090625,27875,90625,62750,68839370000000,0,0,0
1,5552,68839370000000,68839370066625,68839370094125,27500,94125,66625,68839380000000,0,0,0
1,5553,68839380000000,68839380062625,68839380090500,27875,90500,62625,68839390000000,0,0,0
1,5554,68839390000000,68839390062500,68839390089750,27250,89750,62500,68839400000000,0,0,0
1,5555,68839400000000,68839400066875,68839400094750,27875,94750,66875,68839410000000,0,0,0
1,5556,68839410000000,68839410062500,68839410091000,28500,91000,62500,68839420000000,0,0,0
1,5557,68839420000000,68839420066750,68839420094625,27875,94625,66750,68839430000000,0,0,0
1,5558,68839430000000,68839430062750,68839430090000,27250,90000,62750,68839440000000,0,0,0
1,5559,68839440000000,68839440067125,68839440094875,27750,94875,67125,68839450000000,0,0,0
1,5560,68839450000000,68839450062625,68839450090125,27500,90125,62625,68839460000000,0,0,0
1,5561,68839460000000,68839460066875,68839460094875,28000,94875,66875,68839470000000,0,0,0
1,5562,68839470000000,68839470062625,68839470091375,28750,91375,62625,68839480000000,0,0,0
1,5563,68839480000000,68839480066875,68839480094750,27875,94750,66875,68839490000000,0,0,0
1,5564,68839490000000,68839490062875,68839490090375,27500,90375,62875,68839500000000,0,0,0
1,5565,68839500000000,68839500066875,68839500094625,27750,94625,66875,68839510000000,0,0,0
1,5566,68839510000000,68839510062750,68839510090000,27250,90000,62750,68839520000000,0,0,0
1,5567,68839520000000,68839520067000,68839520094875,27875,94875,67000,68839530000000,0,0,0
1,5568,68839530000000,68839530062750,68839530090125,27375,90125,62750,68839540000000,0,0,0
1,5569,68839540000000,68839540062625,68839540089875,27250,89875,62625,68839550000000,0,0,0
1,5570,68839550000000,68839550066875,68839550094250,27375,94250,66875,68839560000000,0,0,0
1,5571,68839560000000,68839560062750,68839560090375,27625,90375,62750,68839570000000,0,0,0
1,5572,68839570000000,68839570062375,68839570089750,27375,89750,62375,68839580000000,0,0,0
1,5573,68839580000000,68839580067000,68839580094750,27750,94750,67000,68839590000000,0,0,0
1,5574,68839590000000,68839590063000,68839590090625,27625,90625,63000,68839600000000,0,0,0
1,5575,68839600000000,68839600062625,68839600090375,27750,90375,62625,68839610000000,0,0,0
1,5576,68839610000000,68839610066625,68839610095000,28375,95000,66625,68839620000000,0,0,0
1,5577,68839620000000,68839620062500,68839620090375,27875,90375,62500,68839630000000,0,0,0
1,5578,68839630000000,68839630066750,68839630094375,27625,94375,66750,68839640000000,0,0,0
1,5579,68839640000000,68839640062625,68839640090125,27500,90125,62625,68839650000000,0,0,0
1,5580,68839650000000,68839650061500,68839650088875,27375,88875,61500,68839660000000,0,0,0
1,5581,68839660000000,68839660066750,68839660094750,28000,94750,66750,68839670000000,0,0,0
1,5582,68839670000000,68839670062625,68839670089875,27250,89875,62625,68839680000000,0,0,0
1,5583,68839680000000,68839680066875,68839680095000,28125,95000,66875,68839690000000,0,0,0
1,5584,68839690000000,68839690062875,68839690090000,27125,90000,62875,68839700000000,0,0,0
1,5585,68839700000000,68839700066750,68839700094750,28000,94750,66750,68839710000000,0,0,0
1,5586,68839710000000,68839710062750,68839710090125,27375,90125,62750,68839720000000,0,0,0
1,5587,68839720000000,68839720066750,68839720094750,28000,94750,66750,68839730000000,0,0,0
1,5588,68839730000000,68839730062750,68839730089875,27125,89875,62750,68839740000000,0,0,0
1,5589,68839740000000,68839740066875,68839740094500,27625,94500,66875,68839750000000,0,0,0
1,5590,68839750000000,68839750062625,68839750090000,27375,90000,62625,68839760000000,0,0,0
1,5591,68839760000000,68839760068750,68839760096875,28125,96875,68750,68839770000000,0,0,0
1,5592,68839770000000,68839770062750,68839770090125,27375,90125,62750,68839780000000,0,0,0
1,5593,68839780000000,68839780062750,68839780090625,27875,90625,62750,68839790000000,0,0,0
1,5594,68839790000000,68839790067000,68839790094375,27375,94375,67000,68839800000000,0,0,0
1,5595,68839800000000,68839800063000,68839800090375,27375,90375,63000,68839810000000,0,0,0
1,5596,68839810000000,68839810068000,68839810095375,27375,95375,68000,68839820000000,0,0,0
1,5597,68839820000000,68839820063125,68839820090875,27750,90875,63125,68839830000000,0,0,0
1,5598,68839830000000,68839830062625,68839830090375,27750,90375,62625,68839840000000,0,0,0
1,5599,68839840000000,68839840067000,68839840094625,27625,94625,67000,68839850000000,0,0,0
1,5600,68839850000000,68839850062500,68839850090000,27500,90000,62500,68839860000000,0,0,0
1,5601,68839860000000,68839860067125,68839860095000,27875,95000,67125,68839870000000,0,0,0
1,5602,68839870000000,68839870062750,68839870090000,27250,90000,62750,68839880000000,0,0,0
1,5603,68839880000000,68839880068375,68839880096375,28000,96375,68375,68839890000000,0,0,0
1,5604,68839890000000,68839890062500,68839890090000,27500,90000,62500,68839900000000,0,0,0
1,5605,68839900000000,68839900061375,68839900089000,27625,89000,61375,68839910000000,0,0,0
1,5606,68839910000000,68839910066875,68839910094250,27375,94250,66875,68839920000000,0,0,0
1,5607,68839920000000,68839920062750,68839920090375,27625,90375,62750,68839930000000,0,0,0
1,5608,68839930000000,68839930062375,68839930089500,27125,89500,62375,68839940000000,0,0,0
1,5609,68839940000000,68839940067000,68839940096500,29500,96500,67000,68839950000000,0,0,0
1,5610,68839950000000,68839950063000,68839950090125,27125,90125,63000,68839960000000,0,0,0
1,5611,68839960000000,68839960067000,68839960094375,27375,94375,67000,68839970000000,0,0,0
1,5612,68839970000000,68839970062625,68839970090125,27500,90125,62625,68839980000000,0,0,0
1,5613,68839980000000,68839980062375,68839980090125,27750,90125,62375,68839990000000,0,0,0
1,5614,68839990000000,68839990066875,68839990094375,27500,94375,66875,68840000000000,0,0,0
1,5615,68840000000000,68840000062750,68840000090625,27875,90625,62750,68840010000000,0,0,0
1,5616,68840010000000,68840010062625,68840010090000,27375,90000,62625,68840020000000,0,0,0
1,5617,68840020000000,68840020067000,68840020094875,27875,94875,67000,68840030000000,0,0,0
1,5618,68840030000000,68840030062500,68840030089875,27375,89875,62500,68840040000000,0,0,0
1,5619,68840040000000,68840040062625,68840040090000,27375,90000,62625,68840050000000,0,0,0
1,5620,68840050000000,68840050066750,68840050094125,27375,94125,66750,68840060000000,0,0,0
1,5621,68840060000000,68840060062750,68840060090500,27750,90500,62750,68840070000000,0,0,0
1,5622,68840070000000,68840070067375,68840070094750,27375,94750,67375,68840080000000,0,0,0
1,5623,68840080000000,68840080062625,68840080090375,27750,90375,62625,68840090000000,0,0,0
1,5624,68840090000000,68840090062500,68840090090000,27500,90000,62500,68840100000000,0,0,0
1,5625,68840100000000,68840100066500,68840100094250,27750,94250,66500,68840110000000,0,0,0
1,5626,68840110000000,68840110062375,68840110089875,27500,89875,62375,68840120000000,0,0,0
1,5627,68840120000000,68840120066875,68840120093875,27000,93875,66875,68840130000000,0,0,0
1,5628,68840130000000,68840130062750,68840130091125,28375,91125,62750,68840140000000,0,0,0
1,5629,68840140000000,68840140066750,68840140093875,27125,93875,66750,68840150000000,0,0,0
1,5630,68840150000000,68840150062875,68840150090375,27500,90375,62875,68840160000000,0,0,0
1,5631,68840160000000,68840160066875,68840160094250,27375,94250,66875,68840170000000,0,0,0
1,5632,68840170000000,68840170062625,68840170090375,27750,90375,62625,68840180000000,0,0,0
1,5633,68840180000000,68840180062375,68840180090000,27625,90000,62375,68840190000000,0,0,0
1,5634,68840190000000,68840190067000,68840190094625,27625,94625,67000,68840200000000,0,0,0
1,5635,68840200000000,68840200062750,68840200090500,27750,90500,62750,68840210000000,0,0,0
1,5636,68840210000000,68840210068500,68840210096375,27875,96375,68500,68840220000000,0,0,0
1,5637,68840220000000,68840220062750,68840220090625,27875,90625,62750,68840230000000,0,0,0
1,5638,68840230000000,68840230062500,68840230089875,27375,89875,62500,68840240000000,0,0,0
1,5639,68840240000000,68840240067000,68840240094875,27875,94875,67000,68840250000000,0,0,0
1,5640,68840250000000,68840250062750,68840250089875,27125,89875,62750,68840260000000,0,0,0
1,5641,68840260000000,68840260061625,68840260089375,27750,89375,61625,68840270000000,0,0,0
1,5642,68840270000000,68840270063000,68840270090375,27375,90375,63000,68840280000000,0,0,0
1,5643,68840280000000,68840280062750,68840280090500,27750,90500,62750,68840290000000,0,0,0
1,5644,68840290000000,68840290066875,68840290095250,28375,95250,66875,68840300000000,0,0,0
1,5645,68840300000000,68840300062500,68840300090125,27625,90125,62500,68840310000000,0,0,0
1,5646,68840310000000,68840310066625,68840310094125,27500,94125,66625,68840320000000,0,0,0
1,5647,68840320000000,68840320062500,68840320089625,27125,89625,62500,68840330000000,0,0,0
1,5648,68840330000000,68840330066750,68840330094000,27250,94000,66750,68840340000000,0,0,0
1,5649,68840340000000,68840340062500,68840340090250,27750,90250,62500,68840350000000,0,0,0
1,5650,68840350000000,68840350066750,68840350093750,27000,93750,66750,68840360000000,0,0,0
1,5651,68840360000000,68840360062750,68840360090375,27625,90375,62750,68840370000000,0,0,0
1,5652,68840370000000,68840370062500,68840370089625,27125,89625,62500,68840380000000,0,0,0
1,5653,68840380000000,68840380067000,68840380094375,27375,94375,67000,68840390000000,0,0,0
1,5654,68840390000000,68840390062625,68840390090000,27375,90000,62625,68840400000000,0,0,0
1,5655,68840400000000,68840400067000,68840400094375,27375,94375,67000,68840410000000,0,0,0
1,5656,68840410000000,68840410062625,68840410089875,27250,89875,62625,68840420000000,0,0,0
1,5657,68840420000000,68840420066875,68840420094500,27625,94500,66875,68840430000000,0,0,0
1,5658,68840430000000,68840430062500,68840430089750,27250,89750,62500,68840440000000,0,0,0
1,5659,68840440000000,68840440067125,68840440094625,27500,94625,67125,68840450000000,0,0,0
1,5660,68840450000000,68840450062750,68840450090250,27500,90250,62750,68840460000000,0,0,0
1,5661,68840460000000,68840460062500,68840460090375,27875,90375,62500,68840470000000,0,0,0
1,5662,68840470000000,68840470066750,68840470094750,28000,94750,66750,68840480000000,0,0,0
1,5663,68840480000000,68840480063500,68840480091250,27750,91250,63500,68840490000000,0,0,0
1,5664,68840490000000,68840490062375,68840490089625,27250,89625,62375,68840500000000,0,0,0
1,5665,68840500000000,68840500066625,68840500094375,27750,94375,66625,68840510000000,0,0,0
1,5666,68840510000000,68840510062625,68840510090125,27500,90125,62625,68840520000000,0,0,0
1,5667,68840520000000,68840520066625,68840520094625,28000,94625,66625,68840530000000,0,0,0
1,5668,68840530000000,68840530062375,68840530089750,27375,89750,62375,68840540000000,0,0,0
1,5669,68840540000000,68840540061500,68840540089250,27750,89250,61500,68840550000000,0,0,0
1,5670,68840550000000,68840550067000,68840550094500,27500,94500,67000,68840560000000,0,0,0
1,5671,68840560000000,68840560062625,68840560090250,27625,90250,62625,68840570000000,0,0,0
1,5672,68840570000000,68840570062625,68840570090125,27500,90125,62625,68840580000000,0,0,0
1,5673,68840580000000,68840580066750,68840580093750,27000,93750,66750,68840590000000,0,0,0
1,5674,68840590000000,68840590062500,68840590090375,27875,90375,62500,68840600000000,0,0,0
1,5675,68840600000000,68840600066875,68840600094000,27125,94000,66875,68840610000000,0,0,0
1,5676,68840610000000,68840610062625,68840610090250,27625,90250,62625,68840620000000,0,0,0
1,5677,68840620000000,68840620066500,68840620093875,27375,93875,66500,68840630000000,0,0,0
1,5678,68840630000000,68840630062500,68840630089750,27250,89750,62500,68840640000000,0,0,0
1,5679,68840640000000,68840640062750,68840640090750,28000,90750,62750,68840650000000,0,0,0
1,5680,68840650000000,68840650061500,68840650089250,27750,89250,61500,68840660000000,0,0,0
1,5681,68840660000000,68840660064875,68840660093000,28125,93000,64875,68840670000000,0,0,0
1,5682,68840670000000,68840670066500,68840670094000,27500,94000,66500,68840680000000,0,0,0
1,5683,68840680000000,68840680063000,68840680090375,27375,90375,63000,68840690000000,0,0,0
1,5684,68840690000000,68840690066875,68840690094125,27250,94125,66875,68840700000000,0,0,0
1,5685,68840700000000,68840700062625,68840700090250,27625,90250,62625,68840710000000,0,0,0
1,5686,68840710000000,68840710062375,68840710089750,27375,89750,62375,68840720000000,0,0,0
1,5687,68840720000000,68840720066875,68840720094625,27750,94625,66875,68840730000000,0,0,0
1,5688,68840730000000,68840730062625,68840730089625,27000,89625,62625,68840740000000,0,0,0
1,5689,68840740000000,68840740062375,68840740090625,28250,90625,62375,68840750000000,0,0,0
1,5690,68840750000000,68840750066875,68840750094375,27500,94375,66875,68840760000000,0,0,0
1,5691,68840760000000,68840760062625,68840760090375,27750,90375,62625,68840770000000,0,0,0
1,5692,68840770000000,68840770066875,68840770094375,27500,94375,66875,68840780000000,0,0,0
1,5693,68840780000000,68840780062500,68840780090375,27875,90375,62500,68840790000000,0,0,0
1,5694,68840790000000,68840790062500,68840790089875,27375,89875,62500,68840800000000,0,0,0
1,5695,68840800000000,68840800066625,68840800094500,27875,94500,66625,68840810000000,0,0,0
1,5696,68840810000000,68840810062750,68840810090000,27250,90000,62750,68840820000000,0,0,0
1,5697,68840820000000,68840820066750,68840820094500,27750,94500,66750,68840830000000,0,0,0
1,5698,68840830000000,68840830061375,68840830089250,27875,89250,61375,68840840000000,0,0,0
1,5699,68840840000000,68840840067250,68840840094500,27250,94500,67250,68840850000000,0,0,0
1,5700,68840850000000,68840850062750,68840850089375,26625,89375,62750,68840860000000,0,0,0
1,5701,68840860000000,68840860062375,68840860089625,27250,89625,62375,68840870000000,0,0,0
1,5702,68840870000000,68840870067000,68840870095000,28000,95000,67000,68840880000000,0,0,0
1,5703,68840880000000,68840880064250,68840880091500,27250,91500,64250,68840890000000,0,0,0
1,5704,68840890000000,68840890066750,68840890094375,27625,94375,66750,68840900000000,0,0,0
1,5705,68840900000000,68840900062875,68840900090000,27125,90000,62875,68840910000000,0,0,0
1,5706,68840910000000,68840910062250,68840910090125,27875,90125,62250,68840920000000,0,0,0
1,5707,68840920000000,68840920066750,68840920094125,27375,94125,66750,68840930000000,0,0,0
1,5708,68840930000000,68840930062625,68840930090375,27750,90375,62625,68840940000000,0,0,0
1,5709,68840940000000,68840940066750,68840940094125,27375,94125,66750,68840950000000,0,0,0
1,5710,68840950000000,68840950062500,68840950090500,28000,90500,62500,68840960000000,0,0,0
1,5711,68840960000000,68840960066875,68840960093500,26625,93500,66875,68840970000000,0,0,0
1,5712,68840970000000,68840970062375,68840970090125,27750,90125,62375,68840980000000,0,0,0
1,5713,68840980000000,68840980062500,68840980089625,27125,89625,62500,68840990000000,0,0,0
1,5714,68840990000000,68840990066500,68840990095000,28500,95000,66500,68841000000000,0,0,0
1,5715,68841000000000,68841000062500,68841000089875,27375,89875,62500,68841010000000,0,0,0
1,5716,68841010000000,68841010066750,68841010094500,27750,94500,66750,68841020000000,0,0,0
1,5717,68841020000000,68841020060750,68841020089875,29125,89875,60750,68841030000000,0,0,0
1,5718,68841030000000,68841030067000,68841030094500,27500,94500,67000,68841040000000,0,0,0
1,5719,68841040000000,68841040062750,68841040090500,27750,90500,62750,68841050000000,0,0,0
1,5720,68841050000000,68841050062375,68841050090875,28500,90875,62375,68841060000000,0,0,0
1,5721,68841060000000,68841060066875,68841060094750,27875,94750,66875,68841070000000,0,0,0
1,5722,68841070000000,68841070062500,68841070089750,27250,89750,62500,68841080000000,0,0,0
1,5723,68841080000000,68841080067000,68841080094750,27750,94750,67000,68841090000000,0,0,0
1,5724,68841090000000,68841090062625,68841090090000,27375,90000,62625,68841100000000,0,0,0
1,5725,68841100000000,68841100067000,68841100095000,28000,95000,67000,68841110000000,0,0,0
1,5726,68841110000000,68841110064000,68841110091875,27875,91875,64000,68841120000000,0,0,0
1,5727,68841120000000,68841120067250,68841120095375,28125,95375,67250,68841130000000,0,0,0
1,5728,68841130000000,68841130062625,68841130090250,27625,90250,62625,68841140000000,0,0,0
1,5729,68841140000000,68841140062625,68841140089750,27125,89750,62625,68841150000000,0,0,0
1,5730,68841150000000,68841150067000,68841150094500,27500,94500,67000,68841160000000,0,0,0
1,5731,68841160000000,68841160062625,68841160090125,27500,90125,62625,68841170000000,0,0,0
1,5732,68841170000000,68841170066875,68841170094375,27500,94375,66875,68841180000000,0,0,0
1,5733,68841180000000,68841180062625,68841180090375,27750,90375,62625,68841190000000,0,0,0
1,5734,68841190000000,68841190062375,68841190090000,27625,90000,62375,68841200000000,0,0,0
1,5735,68841200000000,68841200066750,68841200094625,27875,94625,66750,68841210000000,0,0,0
1,5736,68841210000000,68841210062750,68841210090500,27750,90500,62750,68841220000000,0,0,0
1,5737,68841220000000,68841220066875,68841220094500,27625,94500,66875,68841230000000,0,0,0
1,5738,68841230000000,68841230062875,68841230090500,27625,90500,62875,68841240000000,0,0,0
1,5739,68841240000000,68841240067000,68841240094250,27250,94250,67000,68841250000000,0,0,0
1,5740,68841250000000,68841250062500,68841250089875,27375,89875,62500,68841260000000,0,0,0
1,5741,68841260000000,68841260062500,68841260090250,27750,90250,62500,68841270000000,0,0,0
1,5742,68841270000000,68841270066625,68841270094000,27375,94000,66625,68841280000000,0,0,0
1,5743,68841280000000,68841280061625,68841280089375,27750,89375,61625,68841290000000,0,0,0
1,5744,68841290000000,68841290067000,68841290094750,27750,94750,67000,68841300000000,0,0,0
1,5745,68841300000000,68841300062500,68841300090500,28000,90500,62500,68841310000000,0,0,0
1,5746,68841310000000,68841310062375,68841310089750,27375,89750,62375,68841320000000,0,0,0
1,5747,68841320000000,68841320067000,68841320094875,27875,94875,67000,68841330000000,0,0,0
1,5748,68841330000000,68841330062500,68841330089875,27375,89875,62500,68841340000000,0,0,0
1,5749,68841340000000,68841340062500,68841340089875,27375,89875,62500,68841350000000,0,0,0
1,5750,68841350000000,68841350066750,68841350093875,27125,93875,66750,68841360000000,0,0,0
1,5751,68841360000000,68841360062875,68841360090375,27500,90375,62875,68841370000000,0,0,0
1,5752,68841370000000,68841370066875,68841370094125,27250,94125,66875,68841380000000,0,0,0
1,5753,68841380000000,68841380062625,68841380090375,27750,90375,62625,68841390000000,0,0,0
1,5754,68841390000000,68841390062625,68841390089625,27000,89625,62625,68841400000000,0,0,0
1,5755,68841400000000,68841400062750,68841400090500,27750,90500,62750,68841410000000,0,0,0
1,5756,68841410000000,68841410062500,68841410090000,27500,90000,62500,68841420000000,0,0,0
1,5757,68841420000000,68841420066875,68841420094375,27500,94375,66875,68841430000000,0,0,0
1,5758,68841430000000,68841430062625,68841430089625,27000,89625,62625,68841440000000,0,0,0
1,5759,68841440000000,68841440066750,68841440094125,27375,94125,66750,68841450000000,0,0,0
1,5760,68841450000000,68841450062625,68841450091000,28375,91000,62625,68841460000000,0,0,0
1,5761,68841460000000,68841460062250,68841460090750,28500,90750,62250,68841470000000,0,0,0
1,5762,68841470000000,68841470066625,68841470094375,27750,94375,66625,68841480000000,0,0,0
1,5763,68841480000000,68841480064125,68841480095375,31250,95375,64125,68841490000000,0,0,0
1,5764,68841490000000,68841490067750,68841490095750,28000,95750,67750,68841500000000,0,0,0
1,5765,68841500000000,68841500061750,68841500089625,27875,89625,61750,68841510000000,0,0,0
1,5766,68841510000000,68841510062625,68841510090125,27500,90125,62625,68841520000000,0,0,0
1,5767,68841520000000,68841520067000,68841520094875,27875,94875,67000,68841530000000,0,0,0
1,5768,68841530000000,68841530062500,68841530090000,27500,90000,62500,68841540000000,0,0,0
1,5769,68841540000000,68841540062750,68841540090250,27500,90250,62750,68841550000000,0,0,0
1,5770,68841550000000,68841550066875,68841550094375,27500,94375,66875,68841560000000,0,0,0
1,5771,68841560000000,68841560064375,68841560092625,28250,92625,64375,68841570000000,0,0,0
1,5772,68841570000000,68841570067500,68841570095125,27625,95125,67500,68841580000000,0,0,0
1,5773,68841580000000,68841580063000,68841580090875,27875,90875,63000,68841590000000,0,0,0
1,5774,68841590000000,68841590062625,68841590090250,27625,90250,62625,68841600000000,0,0,0
1,5775,68841600000000,68841600066875,68841600093875,27000,93875,66875,68841610000000,0,0,0
1,5776,68841610000000,68841610062625,68841610090000,27375,90000,62625,68841620000000,0,0,0
1,5777,68841620000000,68841620066750,68841620094000,27250,94000,66750,68841630000000,0,0,0
1,5778,68841630000000,68841630062750,68841630090000,27250,90000,62750,68841640000000,0,0,0
1,5779,68841640000000,68841640067000,68841640094750,27750,94750,67000,68841650000000,0,0,0
1,5780,68841650000000,68841650062625,68841650091125,28500,91125,62625,68841660000000,0,0,0
1,5781,68841660000000,68841660067000,68841660094250,27250,94250,67000,68841670000000,0,0,0
1,5782,68841670000000,68841670062625,68841670089875,27250,89875,62625,68841680000000,0,0,0
1,5783,68841680000000,68841680067000,68841680094750,27750,94750,67000,68841690000000,0,0,0
1,5784,68841690000000,68841690061625,68841690089125,27500,89125,61625,68841700000000,0,0,0
1,5785,68841700000000,68841700066875,68841700094375,27500,94375,66875,68841710000000,0,0,0
1,5786,68841710000000,68841710062750,68841710090250,27500,90250,62750,68841720000000,0,0,0
1,5787,68841720000000,68841720062625,68841720090500,27875,90500,62625,68841730000000,0,0,0
1,5788,68841730000000,68841730066625,68841730093875,27250,93875,66625,68841740000000,0,0,0
1,5789,68841740000000,68841740063000,68841740090750,27750,90750,63000,68841750000000,0,0,0
1,5790,68841750000000,68841750066750,68841750094250,27500,94250,66750,68841760000000,0,0,0
1,5791,68841760000000,68841760062750,68841760090625,27875,90625,62750,68841770000000,0,0,0
1,5792,68841770000000,68841770062500,68841770089875,27375,89875,62500,68841780000000,0,0,0
1,5793,68841780000000,68841780066875,68841780094625,27750,94625,66875,68841790000000,0,0,0
1,5794,68841790000000,68841790062750,68841790090125,27375,90125,62750,68841800000000,0,0,0
1,5795,68841800000000,68841800066875,68841800094625,27750,94625,66875,68841810000000,0,0,0
1,5796,68841810000000,68841810062625,68841810090000,27375,90000,62625,68841820000000,0,0,0
1,5797,68841820000000,68841820042500,68841820071000,28500,71000,42500,68841830000000,0,0,0
1,5798,68841830000000,68841830068375,68841830096250,27875,96250,68375,68841840000000,0,0,0
1,5799,68841840000000,68841840062875,68841840091125,28250,91125,62875,68841850000000,0,0,0
1,5800,68841850000000,68841850062500,68841850090125,27625,90125,62500,68841860000000,0,0,0
1,5801,68841860000000,68841860066875,68841860094375,27500,94375,66875,68841870000000,0,0,0
1,5802,68841870000000,68841870062750,68841870090125,27375,90125,62750,68841880000000,0,0,0
1,5803,68841880000000,68841880068125,68841880096500,28375,96500,68125,68841890000000,0,0,0
1,5804,68841890000000,68841890062750,68841890090250,27500,90250,62750,68841900000000,0,0,0
1,5805,68841900000000,68841900062875,68841900090250,27375,90250,62875,68841910000000,0,0,0
1,5806,68841910000000,68841910066625,68841910094250,27625,94250,66625,68841920000000,0,0,0
1,5807,68841920000000,68841920062500,68841920091250,28750,91250,62500,68841930000000,0,0,0
1,5808,68841930000000,68841930062250,68841930090125,27875,90125,62250,68841940000000,0,0,0
1,5809,68841940000000,68841940066500,68841940094000,27500,94000,66500,68841950000000,0,0,0
1,5810,68841950000000,68841951322125,68841951354875,32750,1354875,1322125,68841960000000,0,0,0
1,5811,68841960000000,68841960073500,68841960114625,41125,114625,73500,68841970000000,0,0,0
1,5812,68841970000000,68841970064250,68841970094750,30500,94750,64250,68841980000000,0,0,0
1,5813,68841980000000,68841980063250,68841980091000,27750,91000,63250,68841990000000,0,0,0
1,5814,68841990000000,68841990067750,68841990094875,27125,94875,67750,68842000000000,0,0,0
1,5815,68842000000000,68842000063125,68842000091000,27875,91000,63125,68842010000000,0,0,0
1,5816,68842010000000,68842010068000,68842010097000,29000,97000,68000,68842020000000,0,0,0
1,5817,68842020000000,68842020063250,68842020091000,27750,91000,63250,68842030000000,0,0,0
1,5818,68842030000000,68842030063125,68842030091000,27875,91000,63125,68842040000000,0,0,0
1,5819,68842040000000,68842040066875,68842040094250,27375,94250,66875,68842050000000,0,0,0
1,5820,68842050000000,68842050062750,68842050090625,27875,90625,62750,68842060000000,0,0,0
1,5821,68842060000000,68842060066875,68842060094250,27375,94250,66875,68842070000000,0,0,0
1,5822,68842070000000,68842070062875,68842070090875,28000,90875,62875,68842080000000,0,0,0
1,5823,68842080000000,68842080067000,68842080094250,27250,94250,67000,68842090000000,0,0,0
1,5824,68842090000000,68842090062875,68842090091125,28250,91125,62875,68842100000000,0,0,0
1,5825,68842100000000,68842100067500,68842100095125,27625,95125,67500,68842110000000,0,0,0
1,5826,68842110000000,68842110062875,68842110090875,28000,90875,62875,68842120000000,0,0,0
1,5827,68842120000000,68842120062500,68842120089750,27250,89750,62500,68842130000000,0,0,0
1,5828,68842130000000,68842130066875,68842130094750,27875,94750,66875,68842140000000,0,0,0
1,5829,68842140000000,68842140062750,68842140090500,27750,90500,62750,68842150000000,0,0,0
1,5830,68842150000000,68842150066875,68842150094500,27625,94500,66875,68842160000000,0,0,0
1,5831,68842160000000,68842160062875,68842160090125,27250,90125,62875,68842170000000,0,0,0
1,5832,68842170000000,68842170066875,68842170093875,27000,93875,66875,68842180000000,0,0,0
1,5833,68842180000000,68842180062750,68842180090250,27500,90250,62750,68842190000000,0,0,0
1,5834,68842190000000,68842190062500,68842190090000,27500,90000,62500,68842200000000,0,0,0
1,5835,68842200000000,68842200066750,68842200094125,27375,94125,66750,68842210000000,0,0,0
1,5836,68842210000000,68842210062625,68842210090625,28000,90625,62625,68842220000000,0,0,0
1,5837,68842220000000,68842220066875,68842220094250,27375,94250,66875,68842230000000,0,0,0
1,5838,68842230000000,68842230062625,68842230090375,27750,90375,62625,68842240000000,0,0,0
1,5839,68842240000000,68842240067000,68842240094375,27375,94375,67000,68842250000000,0,0,0
1,5840,68842250000000,68842250062625,68842250091375,28750,91375,62625,68842260000000,0,0,0
1,5841,68842260000000,68842260067000,68842260094500,27500,94500,67000,68842270000000,0,0,0
1,5842,68842270000000,68842270062625,68842270090375,27750,90375,62625,68842280000000,0,0,0
1,5843,68842280000000,68842280066875,68842280094750,27875,94750,66875,68842290000000,0,0,0
1,5844,68842290000000,68842290062500,68842290089750,27250,89750,62500,68842300000000,0,0,0
1,5845,68842300000000,68842300061500,68842300088875,27375,88875,61500,68842310000000,0,0,0
1,5846,68842310000000,68842310066875,68842310094625,27750,94625,66875,68842320000000,0,0,0
1,5847,68842320000000,68842320062500,68842320091000,28500,91000,62500,68842330000000,0,0,0
1,5848,68842330000000,68842330062375,68842330090250,27875,90250,62375,68842340000000,0,0,0
1,5849,68842340000000,68842340067000,68842340094625,27625,94625,67000,68842350000000,0,0,0
1,5850,68842350000000,68842350062625,68842350090500,27875,90500,62625,68842360000000,0,0,0
1,5851,68842360000000,68842360066750,68842360094375,27625,94375,66750,68842370000000,0,0,0
1,5852,68842370000000,68842370062625,68842370090375,27750,90375,62625,68842380000000,0,0,0
1,5853,68842380000000,68842380066750,68842380093875,27125,93875,66750,68842390000000,0,0,0
1,5854,68842390000000,68842390062625,68842390090625,28000,90625,62625,68842400000000,0,0,0
1,5855,68842400000000,68842400067125,68842400094375,27250,94375,67125,68842410000000,0,0,0
1,5856,68842410000000,68842410062500,68842410091500,29000,91500,62500,68842420000000,0,0,0
1,5857,68842420000000,68842420062625,68842420089875,27250,89875,62625,68842430000000,0,0,0
1,5858,68842430000000,68842430066625,68842430094500,27875,94500,66625,68842440000000,0,0,0
1,5859,68842440000000,68842440062625,68842440090250,27625,90250,62625,68842450000000,0,0,0
1,5860,68842450000000,68842450066625,68842450094500,27875,94500,66625,68842460000000,0,0,0
1,5861,68842460000000,68842460064250,68842460092000,27750,92000,64250,68842470000000,0,0,0
1,5862,68842470000000,68842470067125,68842470095375,28250,95375,67125,68842480000000,0,0,0
1,5863,68842480000000,68842480062500,68842480090125,27625,90125,62500,68842490000000,0,0,0
1,5864,68842490000000,68842490066750,68842490094750,28000,94750,66750,68842500000000,0,0,0
1,5865,68842500000000,68842500062875,68842500090250,27375,90250,62875,68842510000000,0,0,0
1,5866,68842510000000,68842510066875,68842510094875,28000,94875,66875,68842520000000,0,0,0
1,5867,68842520000000,68842520062625,68842520089875,27250,89875,62625,68842530000000,0,0,0
1,5868,68842530000000,68842530067000,68842530094875,27875,94875,67000,68842540000000,0,0,0
1,5869,68842540000000,68842540062500,68842540089750,27250,89750,62500,68842550000000,0,0,0
1,5870,68842550000000,68842550062750,68842550090125,27375,90125,62750,68842560000000,0,0,0
1,5871,68842560000000,68842560066750,68842560094125,27375,94125,66750,68842570000000,0,0,0
1,5872,68842570000000,68842570062750,68842570089500,26750,89500,62750,68842580000000,0,0,0
1,5873,68842580000000,68842580066750,68842580094125,27375,94125,66750,68842590000000,0,0,0
1,5874,68842590000000,68842590061750,68842590089375,27625,89375,61750,68842600000000,0,0,0
1,5875,68842600000000,68842600066750,68842600094000,27250,94000,66750,68842610000000,0,0,0
1,5876,68842610000000,68842610062875,68842610090625,27750,90625,62875,68842620000000,0,0,0
1,5877,68842620000000,68842620066875,68842620094250,27375,94250,66875,68842630000000,0,0,0
1,5878,68842630000000,68842630062750,68842630090250,27500,90250,62750,68842640000000,0,0,0
1,5879,68842640000000,68842640062375,68842640089750,27375,89750,62375,68842650000000,0,0,0
1,5880,68842650000000,68842650066750,68842650094250,27500,94250,66750,68842660000000,0,0,0
1,5881,68842660000000,68842660063250,68842660090750,27500,90750,63250,68842670000000,0,0,0
1,5882,68842670000000,68842670067625,68842670095000,27375,95000,67625,68842680000000,0,0,0
1,5883,68842680000000,68842680063000,68842680090875,27875,90875,63000,68842690000000,0,0,0
1,5884,68842690000000,68842690062375,68842690090000,27625,90000,62375,68842700000000,0,0,0
1,5885,68842700000000,68842700066750,68842700094500,27750,94500,66750,68842710000000,0,0,0
1,5886,68842710000000,68842710061625,68842710088875,27250,88875,61625,68842720000000,0,0,0
1,5887,68842720000000,68842720067000,68842720094875,27875,94875,67000,68842730000000,0,0,0
1,5888,68842730000000,68842730062500,68842730089875,27375,89875,62500,68842740000000,0,0,0
1,5889,68842740000000,68842740062750,68842740090500,27750,90500,62750,68842750000000,0,0,0
1,5890,68842750000000,68842750066875,68842750094375,27500,94375,66875,68842760000000,0,0,0
1,5891,68842760000000,68842760062750,68842760091375,28625,91375,62750,68842770000000,0,0,0
1,5892,68842770000000,68842770062250,68842770089375,27125,89375,62250,68842780000000,0,0,0
1,5893,68842780000000,68842780066625,68842780094250,27625,94250,66625,68842790000000,0,0,0
1,5894,68842790000000,68842790062625,68842790089500,26875,89500,62625,68842800000000,0,0,0
1,5895,68842800000000,68842800067000,68842800094500,27500,94500,67000,68842810000000,0,0,0
1,5896,68842810000000,68842810062625,68842810089625,27000,89625,62625,68842820000000,0,0,0
1,5897,68842820000000,68842820062875,68842820090750,27875,90750,62875,68842830000000,0,0,0
1,5898,68842830000000,68842830067000,68842830094375,27375,94375,67000,68842840000000,0,0,0
1,5899,68842840000000,68842840062625,68842840089875,27250,89875,62625,68842850000000,0,0,0
1,5900,68842850000000,68842850062375,68842850091000,28625,91000,62375,68842860000000,0,0,0
1,5901,68842860000000,68842860066750,68842860094250,27500,94250,66750,68842870000000,0,0,0
1,5902,68842870000000,68842870062625,68842870091000,28375,91000,62625,68842880000000,0,0,0
1,5903,68842880000000,68842880068000,68842880095875,27875,95875,68000,68842890000000,0,0,0
1,5904,68842890000000,68842890062750,68842890090000,27250,90000,62750,68842900000000,0,0,0
1,5905,68842900000000,68842900062500,68842900090125,27625,90125,62500,68842910000000,0,0,0
1,5906,68842910000000,68842910068500,68842910096250,27750,96250,68500,68842920000000,0,0,0
1,5907,68842920000000,68842920063375,68842920091125,27750,91125,63375,68842930000000,0,0,0
1,5908,68842930000000,68842930062875,68842930090625,27750,90625,62875,68842940000000,0,0,0
1,5909,68842940000000,68842940066875,68842940094750,27875,94750,66875,68842950000000,0,0,0
1,5910,68842950000000,68842950062750,68842950090000,27250,90000,62750,68842960000000,0,0,0
1,5911,68842960000000,68842960066625,68842960094250,27625,94250,66625,68842970000000,0,0,0
1,5912,68842970000000,68842970062750,68842970090375,27625,90375,62750,68842980000000,0,0,0
1,5913,68842980000000,68842980066750,68842980094375,27625,94375,66750,68842990000000,0,0,0
1,5914,68842990000000,68842990062750,68842990090000,27250,90000,62750,68843000000000,0,0,0
1,5915,68843000000000,68843000066750,68843000094125,27375,94125,66750,68843010000000,0,0,0
1,5916,68843010000000,68843010062625,68843010090000,27375,90000,62625,68843020000000,0,0,0
1,5917,68843020000000,68843020067000,68843020095500,28500,95500,67000,68843030000000,0,0,0
1,5918,68843030000000,68843030062500,68843030089875,27375,89875,62500,68843040000000,0,0,0
1,5919,68843040000000,68843040067625,68843040095375,27750,95375,67625,68843050000000,0,0,0
1,5920,68843050000000,68843050062750,68843050090500,27750,90500,62750,68843060000000,0,0,0
1,5921,68843060000000,68843060062875,68843060090875,28000,90875,62875,68843070000000,0,0,0
1,5922,68843070000000,68843070066750,68843070094250,27500,94250,66750,68843080000000,0,0,0
1,5923,68843080000000,68843080062625,68843080090500,27875,90500,62625,68843090000000,0,0,0
1,5924,68843090000000,68843090066750,68843090094125,27375,94125,66750,68843100000000,0,0,0
1,5925,68843100000000,68843100062625,68843100090500,27875,90500,62625,68843110000000,0,0,0
1,5926,68843110000000,68843110067000,68843110094250,27250,94250,67000,68843120000000,0,0,0
1,5927,68843120000000,68843120062625,68843120090625,28000,90625,62625,68843130000000,0,0,0
1,5928,68843130000000,68843130062250,68843130090250,28000,90250,62250,68843140000000,0,0,0
1,5929,68843140000000,68843140067125,68843140095000,27875,95000,67125,68843150000000,0,0,0
1,5930,68843150000000,68843150062750,68843150090000,27250,90000,62750,68843160000000,0,0,0
1,5931,68843160000000,68843160067125,68843160094875,27750,94875,67125,68843170000000,0,0,0
1,5932,68843170000000,68843170062875,68843170090125,27250,90125,62875,68843180000000,0,0,0
1,5933,68843180000000,68843180062375,68843180089750,27375,89750,62375,68843190000000,0,0,0
1,5934,68843190000000,68843190066875,68843190094250,27375,94250,66875,68843200000000,0,0,0
1,5935,68843200000000,68843200062875,68843200090625,27750,90625,62875,68843210000000,0,0,0
1,5936,68843210000000,68843210067125,68843210094375,27250,94375,67125,68843220000000,0,0,0
1,5937,68843220000000,68843220062625,68843220089500,26875,89500,62625,68843230000000,0,0,0
1,5938,68843230000000,68843230067000,68843230094250,27250,94250,67000,68843240000000,0,0,0
1,5939,68843240000000,68843240062625,68843240089750,27125,89750,62625,68843250000000,0,0,0
1,5940,68843250000000,68843250062375,68843250089375,27000,89375,62375,68843260000000,0,0,0
1,5941,68843260000000,68843260066875,68843260094750,27875,94750,66875,68843270000000,0,0,0
1,5942,68843270000000,68843270062750,68843270090375,27625,90375,62750,68843280000000,0,0,0
1,5943,68843280000000,68843280067000,68843280094750,27750,94750,67000,68843290000000,0,0,0
1,5944,68843290000000,68843290062625,68843290089000,26375,89000,62625,68843300000000,0,0,0
1,5945,68843300000000,68843300066750,68843300094375,27625,94375,66750,68843310000000,0,0,0
1,5946,68843310000000,68843310062500,68843310089875,27375,89875,62500,68843320000000,0,0,0
1,5947,68843320000000,68843320061750,68843320089375,27625,89375,61750,68843330000000,0,0,0
1,5948,68843330000000,68843330066875,68843330094500,27625,94500,66875,68843340000000,0,0,0
1,5949,68843340000000,68843340062625,68843340090500,27875,90500,62625,68843350000000,0,0,0
1,5950,68843350000000,68843350066875,68843350094375,27500,94375,66875,68843360000000,0,0,0
1,5951,68843360000000,68843360065125,68843360094250,29125,94250,65125,68843370000000,0,0,0
1,5952,68843370000000,68843370067500,68843370094875,27375,94875,67500,68843380000000,0,0,0
1,5953,68843380000000,68843380062875,68843380090750,27875,90750,62875,68843390000000,0,0,0
1,5954,68843390000000,68843390062375,68843390089625,27250,89625,62375,68843400000000,0,0,0
1,5955,68843400000000,68843400066875,68843400094625,27750,94625,66875,68843410000000,0,0,0
1,5956,68843410000000,68843410062750,68843410090250,27500,90250,62750,68843420000000,0,0,0
1,5957,68843420000000,68843420066875,68843420094625,27750,94625,66875,68843430000000,0,0,0
1,5958,68843430000000,68843430062750,68843430089875,27125,89875,62750,68843440000000,0,0,0
1,5959,68843440000000,68843440066875,68843440095625,28750,95625,66875,68843450000000,0,0,0
1,5960,68843450000000,68843450062625,68843450091125,28500,91125,62625,68843460000000,0,0,0
1,5961,68843460000000,68843460066750,68843460094500,27750,94500,66750,68843470000000,0,0,0
1,5962,68843470000000,68843470062500,68843470090000,27500,90000,62500,68843480000000,0,0,0
1,5963,68843480000000,68843480067000,68843480094625,27625,94625,67000,68843490000000,0,0,0
1,5964,68843490000000,68843490062500,68843490089750,27250,89750,62500,68843500000000,0,0,0
1,5965,68843500000000,68843500062375,68843500091250,28875,91250,62375,68843510000000,0,0,0
1,5966,68843510000000,68843510066750,68843510094000,27250,94000,66750,68843520000000,0,0,0
1,5967,68843520000000,68843520062875,68843520090375,27500,90375,62875,68843530000000,0,0,0
1,5968,68843530000000,68843530067000,68843530094250,27250,94250,67000,68843540000000,0,0,0
1,5969,68843540000000,68843540062750,68843540090250,27500,90250,62750,68843550000000,0,0,0
1,5970,68843550000000,68843550061625,68843550089250,27625,89250,61625,68843560000000,0,0,0
1,5971,68843560000000,68843560067125,68843560094625,27500,94625,67125,68843570000000,0,0,0
1,5972,68843570000000,68843570062625,68843570090125,27500,90125,62625,68843580000000,0,0,0
1,5973,68843580000000,68843580062750,68843580090375,27625,90375,62750,68843590000000,0,0,0
1,5974,68843590000000,68843590066875,68843590093875,27000,93875,66875,68843600000000,0,0,0
1,5975,68843600000000,68843600062875,68843600090750,27875,90750,62875,68843610000000,0,0,0
1,5976,68843610000000,68843610066625,68843610094125,27500,94125,66625,68843620000000,0,0,0
1,5977,68843620000000,68843620063000,68843620091000,28000,91000,63000,68843630000000,0,0,0
1,5978,68843630000000,68843630062250,68843630089250,27000,89250,62250,68843640000000,0,0,0
1,5979,68843640000000,68843640067000,68843640094750,27750,94750,67000,68843650000000,0,0,0
1,5980,68843650000000,68843650062500,68843650089875,27375,89875,62500,68843660000000,0,0,0
1,5981,68843660000000,68843660062625,68843660090125,27500,90125,62625,68843670000000,0,0,0
1,5982,68843670000000,68843670066625,68843670094250,27625,94250,66625,68843680000000,0,0,0
1,5983,68843680000000,68843680062375,68843680090000,27625,90000,62375,68843690000000,0,0,0
1,5984,68843690000000,68843690066625,68843690094000,27375,94000,66625,68843700000000,0,0,0
1,5985,68843700000000,68843700062625,68843700090125,27500,90125,62625,68843710000000,0,0,0
1,5986,68843710000000,68843710066875,68843710094250,27375,94250,66875,68843720000000,0,0,0
1,5987,68843720000000,68843720062875,68843720090625,27750,90625,62875,68843730000000,0,0,0
1,5988,68843730000000,68843730061500,68843730089125,27625,89125,61500,68843740000000,0,0,0
1,5989,68843740000000,68843740066875,68843740094500,27625,94500,66875,68843750000000,0,0,0
1,5990,68843750000000,68843750062750,68843750090250,27500,90250,62750,68843760000000,0,0,0
1,5991,68843760000000,68843760062375,68843760090250,27875,90250,62375,68843770000000,0,0,0
1,5992,68843770000000,68843770066750,68843770094125,27375,94125,66750,68843780000000,0,0,0
1,5993,68843780000000,68843780062750,68843780091250,28500,91250,62750,68843790000000,0,0,0
1,5994,68843790000000,68843790067000,68843790094500,27500,94500,67000,68843800000000,0,0,0
1,5995,68843800000000,68843800062625,68843800090250,27625,90250,62625,68843810000000,0,0,0
1,5996,68843810000000,68843810067750,68843810095875,28125,95875,67750,68843820000000,0,0,0
1,5997,68843820000000,68843820063125,68843820091375,28250,91375,63125,68843830000000,0,0,0
1,5998,68843830000000,68843830066875,68843830094250,27375,94250,66875,68843840000000,0,0,0
1,5999,68843840000000,68843840062875,68843840090375,27500,90375,62875,68843850000000,0,0,0
