run_id,job_id,planned_release_ns,actual_start_ns,finish_ns,execution_time_ns,response_time_ns,release_jitter_ns,deadline_ns,deadline_miss,overrun,skipped_release
1,0,95204520000000,95204520033125,95204535991500,15958375,15991500,33125,95204530000000,1,0,0
1,1,95204530000000,95204536374125,95204551745500,15371375,21745500,6374125,95204540000000,1,1,0
1,3,95204540000000,95204551981750,95204567232125,15250375,27232125,11981750,95204550000000,1,1,1
1,4,95204560000000,95204567428750,95204582010125,14581375,22010125,7428750,95204570000000,1,1,0
1,6,95204570000000,95204582288250,95204596378875,14090625,26378875,12288250,95204580000000,1,1,1
1,7,95204590000000,95204596556750,95204612429500,15872750,22429500,6556750,95204600000000,1,1,0
1,9,95204600000000,95204612680125,95204628583875,15903750,28583875,12680125,95204610000000,1,1,1
1,10,95204620000000,95204628755500,95204644239375,15483875,24239375,8755500,95204630000000,1,1,0
1,12,95204630000000,95204644400250,95204660259250,15859000,30259250,14400250,95204640000000,1,1,1
1,14,95204650000000,95204660409125,95204675187250,14778125,25187250,10409125,95204660000000,1,1,1
1,15,95204670000000,95204675369750,95204690651875,15282125,20651875,5369750,95204680000000,1,1,0
1,17,95204680000000,95204690937875,95204706843625,15905750,26843625,10937875,95204690000000,1,1,1
1,18,95204700000000,95204707041250,95204722908000,15866750,22908000,7041250,95204710000000,1,1,0
1,20,95204710000000,95204723220750,95204739152500,15931750,29152500,13220750,95204720000000,1,1,1
1,21,95204730000000,95204739355500,95204755198000,15842500,25198000,9355500,95204740000000,1,1,0
1,23,95204740000000,95204755380000,95204770948500,15568500,30948500,15380000,95204750000000,1,1,1
1,25,95204760000000,95204771131625,95204786402500,15270875,26402500,11131625,95204770000000,1,1,1
1,26,95204780000000,95204786587375,95204802547875,15960500,22547875,6587375,95204790000000,1,1,0
1,28,95204790000000,95204802732375,95204818618625,15886250,28618625,12732375,95204800000000,1,1,1
1,29,95204810000000,95204818786500,95204834252125,15465625,24252125,8786500,95204820000000,1,1,0
1,31,95204820000000,95204834425375,95204849475375,15050000,29475375,14425375,95204830000000,1,1,1
1,32,95204840000000,95204849646000,95204865585500,15939500,25585500,9646000,95204850000000,1,1,0
1,34,95204850000000,95204865854375,95204881724750,15870375,31724750,15854375,95204860000000,1,1,1
1,36,95204870000000,95204881889125,95204896436875,14547750,26436875,11889125,95204880000000,1,1,1
1,37,95204890000000,95204896594000,95204912571000,15977000,22571000,6594000,95204900000000,1,1,0
1,39,95204900000000,95204912734500,95204928657875,15923375,28657875,12734500,95204910000000,1,1,1
1,40,95204920000000,95204928808750,95204944162125,15353375,24162125,8808750,95204930000000,1,1,0
1,42,95204930000000,95204944310375,95204960090250,15779875,30090250,14310375,95204940000000,1,1,1
1,44,95204950000000,95204960240125,95204975652125,15412000,25652125,10240125,95204960000000,1,1,1
1,45,95204970000000,95204975953250,95204989930500,13977250,19930500,5953250,95204980000000,1,1,0
1,47,95204980000000,95204990118375,95205005912500,15794125,25912500,10118375,95204990000000,1,1,1
1,48,95205000000000,95205006195125,95205021826125,15631000,21826125,6195125,95205010000000,1,1,0
1,50,95205010000000,95205022003625,95205037321500,15317875,27321500,12003625,95205020000000,1,1,1
1,51,95205030000000,95205037490875,95205053363000,15872125,23363000,7490875,95205040000000,1,1,0
1,53,95205040000000,95205053528000,95205069274125,15746125,29274125,13528000,95205050000000,1,1,1
1,54,95205060000000,95205069424125,95205084674000,15249875,24674000,9424125,95205070000000,1,1,0
1,56,95205070000000,95205084833500,95205100771375,15937875,30771375,14833500,95205080000000,1,1,1
1,58,95205090000000,95205100931250,95205116816875,15885625,26816875,10931250,95205100000000,1,1,1
1,59,95205110000000,95205116967625,95205132408500,15440875,22408500,6967625,95205120000000,1,1,0
1,61,95205120000000,95205132574500,95205148465625,15891125,28465625,12574500,95205130000000,1,1,1
1,62,95205140000000,95205148622750,95205164466000,15843250,24466000,8622750,95205150000000,1,1,0
1,64,95205150000000,95205165470750,95205179557000,14086250,29557000,15470750,95205160000000,1,1,1
1,65,95205170000000,95205179775125,95205193670375,13895250,23670375,9775125,95205180000000,1,1,0
1,67,95205180000000,95205193865125,95205209717250,15852125,29717250,13865125,95205190000000,1,1,1
1,69,95205200000000,95205210026625,95205225934875,15908250,25934875,10026625,95205210000000,1,1,1
1,70,95205220000000,95205226122750,95205242011500,15888750,22011500,6122750,95205230000000,1,1,0
1,72,95205230000000,95205242179375,95205257437625,15258250,27437625,12179375,95205240000000,1,1,1
1,73,95205250000000,95205257602000,95205272780875,15178875,22780875,7602000,95205260000000,1,1,0
1,75,95205260000000,95205272943375,95205288399750,15456375,28399750,12943375,95205270000000,1,1,1
1,76,95205280000000,95205288558375,95205303814000,15255625,23814000,8558375,95205290000000,1,1,0
1,78,95205290000000,95205304140500,95205319454875,15314375,29454875,14140500,95205300000000,1,1,1
1,79,95205310000000,95205319767250,95205335225125,15457875,25225125,9767250,95205320000000,1,1,0
1,81,95205320000000,95205335441250,95205351026125,15584875,31026125,15441250,95205330000000,1,1,1
1,83,95205340000000,95205351166750,95205366288625,15121875,26288625,11166750,95205350000000,1,1,1
1,84,95205360000000,95205366618500,95205381211625,14593125,21211625,6618500,95205370000000,1,1,0
1,86,95205370000000,95205381386875,95205397285250,15898375,27285250,11386875,95205380000000,1,1,1
1,87,95205390000000,95205397449750,95205413237500,15787750,23237500,7449750,95205400000000,1,1,0
1,89,95205400000000,95205413425375,95205428651500,15226125,28651500,13425375,95205410000000,1,1,1
1,90,95205420000000,95205428813375,95205444709500,15896125,24709500,8813375,95205430000000,1,1,0
1,92,95205430000000,95205444876000,95205459488625,14612625,29488625,14876000,95205440000000,1,1,1
1,93,95205450000000,95205459824750,95205475255750,15431000,25255750,9824750,95205460000000,1,1,0
1,95,95205460000000,95205475458750,95205490359750,14901000,30359750,15458750,95205470000000,1,1,1
1,97,95205480000000,95205490552125,95205506466125,15914000,26466125,10552125,95205490000000,1,1,1
1,98,95205500000000,95205506641875,95205522533125,15891250,22533125,6641875,95205510000000,1,1,0
1,100,95205510000000,95205522717000,95205537987000,15270000,27987000,12717000,95205520000000,1,1,1
1,101,95205530000000,95205538150000,95205553417500,15267500,23417500,8150000,95205540000000,1,1,0
1,103,95205540000000,95205553603875,95205568872875,15269000,28872875,13603875,95205550000000,1,1,1
1,104,95205560000000,95205569048625,95205584396625,15348000,24396625,9048625,95205570000000,1,1,0
1,106,95205570000000,95205584556125,95205600425500,15869375,30425500,14556125,95205580000000,1,1,1
1,108,95205590000000,95205600587875,95205615936500,15348625,25936500,10587875,95205600000000,1,1,1
1,109,95205610000000,95205616196500,95205631087875,14891375,21087875,6196500,95205620000000,1,1,0
1,111,95205620000000,95205631404125,95205646567125,15163000,26567125,11404125,95205630000000,1,1,1
1,112,95205640000000,95205646736000,95205662639500,15903500,22639500,6736000,95205650000000,1,1,0
1,114,95205650000000,95205662822875,95205678039625,15216750,28039625,12822875,95205660000000,1,1,1
1,115,95205670000000,95205678223625,95205693853750,15630125,23853750,8223625,95205680000000,1,1,0
1,117,95205680000000,95205694027000,95205709877625,15850625,29877625,14027000,95205690000000,1,1,1
1,119,95205700000000,95205710046125,95205724101375,14055250,24101375,10046125,95205710000000,1,1,1
1,120,95205720000000,95205724954125,95205739490000,14535875,19490000,4954125,95205730000000,1,0,0
1,121,95205730000000,95205739801375,95205755209375,15408000,25209375,9801375,95205740000000,1,1,0
1,123,95205740000000,95205755435250,95205770880375,15445125,30880375,15435250,95205750000000,1,1,1
1,125,95205760000000,95205771087375,95205786465375,15378000,26465375,11087375,95205770000000,1,1,1
1,126,95205780000000,95205786615500,95205802213375,15597875,22213375,6615500,95205790000000,1,1,0
1,128,95205790000000,95205802403125,95205816936250,14533125,26936250,12403125,95205800000000,1,1,1
1,130,95205810000000,95205824394625,95205840252125,15857500,30252125,14394625,95205820000000,1,1,1
1,132,95205830000000,95205840446375,95205856314625,15868250,26314625,10446375,95205840000000,1,1,1
1,133,95205850000000,95205856485375,95205871176125,14690750,21176125,6485375,95205860000000,1,1,0
1,135,95205860000000,95205871374625,95205887306875,15932250,27306875,11374625,95205870000000,1,1,1
1,136,95205880000000,95205887501125,95205902968250,15467125,22968250,7501125,95205890000000,1,1,0
1,138,95205890000000,95205903152250,95205918610500,15458250,28610500,13152250,95205900000000,1,1,1
1,139,95205910000000,95205918797500,95205933324750,14527250,23324750,8797500,95205920000000,1,1,0
1,141,95205920000000,95205933597125,95205948884000,15286875,28884000,13597125,95205930000000,1,1,1
1,142,95205940000000,95205949165000,95205964444375,15279375,24444375,9165000,95205950000000,1,1,0
1,144,95205950000000,95205964621625,95205980380500,15758875,30380500,14621625,95205960000000,1,1,1
1,146,95205970000000,95205980525250,95205996419000,15893750,26419000,10525250,95205980000000,1,1,1
1,147,95205990000000,95205996581000,95206012539000,15958000,22539000,6581000,95206000000000,1,1,0
1,149,95206000000000,95206012695250,95206028127625,15432375,28127625,12695250,95206010000000,1,1,1
1,150,95206020000000,95206028280875,95206042369000,14088125,22369000,8280875,95206030000000,1,1,0
1,152,95206030000000,95206042546125,95206058199625,15653500,28199625,12546125,95206040000000,1,1,1
1,153,95206050000000,95206058387000,95206074252750,15865750,24252750,8387000,95206060000000,1,1,0
1,155,95206060000000,95206074605125,95206089935125,15330000,29935125,14605125,95206070000000,1,1,1
1,157,95206080000000,95206090119125,95206106090250,15971125,26090250,10119125,95206090000000,1,1,1
1,158,95206100000000,95206106262625,95206122203000,15940375,22203000,6262625,95206110000000,1,1,0
1,160,95206110000000,95206122374875,95206137681875,15307000,27681875,12374875,95206120000000,1,1,1
1,161,95206130000000,95206137845750,95206153004500,15158750,23004500,7845750,95206140000000,1,1,0
1,163,95206140000000,95206153161750,95206168413625,15251875,28413625,13161750,95206150000000,1,1,1
1,164,95206160000000,95206168581000,95206184385375,15804375,24385375,8581000,95206170000000,1,1,0
1,166,95206170000000,95206184527250,95206199730375,15203125,29730375,14527250,95206180000000,1,1,1
1,167,95206190000000,95206199914750,95206215851375,15936625,25851375,9914750,95206200000000,1,1,0
1,169,95206200000000,95206216063250,95206231916750,15853500,31916750,16063250,95206210000000,1,1,1
1,171,95206220000000,95206232192125,95206247340000,15147875,27340000,12192125,95206230000000,1,1,1
1,172,95206240000000,95206247557625,95206263035000,15477375,23035000,7557625,95206250000000,1,1,0
1,174,95206250000000,95206263253250,95206279164750,15911500,29164750,13253250,95206260000000,1,1,1
1,175,95206270000000,95206279366750,95206293324625,13957875,23324625,9366750,95206280000000,1,1,0
1,177,95206280000000,95206293503125,95206309376875,15873750,29376875,13503125,95206290000000,1,1,1
1,178,95206300000000,95206309516500,95206325411750,15895250,25411750,9516500,95206310000000,1,1,0
1,180,95206310000000,95206325671000,95206340577125,14906125,30577125,15671000,95206320000000,1,1,1
1,182,95206330000000,95206340755000,95206355911875,15156875,25911875,10755000,95206340000000,1,1,1
1,183,95206350000000,95206356241875,95206372122750,15880875,22122750,6241875,95206360000000,1,1,0
1,185,95206360000000,95206372311500,95206388215000,15903500,28215000,12311500,95206370000000,1,1,1
1,186,95206380000000,95206388387750,95206404288125,15900375,24288125,8387750,95206390000000,1,1,0
1,188,95206390000000,95206404456875,95206420343250,15886375,30343250,14456875,95206400000000,1,1,1
1,190,95206410000000,95206420510625,95206434089875,13579250,24089875,10510625,95206420000000,1,1,1
1,191,95206430000000,95206434268750,95206450199500,15930750,20199500,4268750,95206440000000,1,0,0
1,193,95206440000000,95206450373750,95206466505000,16131250,26505000,10373750,95206450000000,1,1,1
1,194,95206460000000,95206467432750,95206483146625,15713875,23146625,7432750,95206470000000,1,1,0
1,196,95206470000000,95206483383000,95206499305250,15922250,29305250,13383000,95206480000000,1,1,1
1,197,95206490000000,95206499515250,95206515379000,15863750,25379000,9515250,95206500000000,1,1,0
1,199,95206500000000,95206515540375,95206531434125,15893750,31434125,15540375,95206510000000,1,1,1
1,201,95206520000000,95206531615625,95206546795750,15180125,26795750,11615625,95206530000000,1,1,1
1,202,95206540000000,95206546981250,95206562890875,15909625,22890875,6981250,95206550000000,1,1,0
1,204,95206550000000,95206563075375,95206578932500,15857125,28932500,13075375,95206560000000,1,1,1
1,205,95206570000000,95206579115375,95206595036875,15921500,25036875,9115375,95206580000000,1,1,0
1,207,95206580000000,95206595228625,95206611142250,15913625,31142250,15228625,95206590000000,1,1,1
1,209,95206600000000,95206611315000,95206627299875,15984875,27299875,11315000,95206610000000,1,1,1
1,210,95206620000000,95206627476500,95206641979875,14503375,21979875,7476500,95206630000000,1,1,0
1,212,95206630000000,95206642146250,95206658097500,15951250,28097500,12146250,95206640000000,1,1,1
1,213,95206650000000,95206658266375,95206674199500,15933125,24199500,8266375,95206660000000,1,1,0
1,215,95206660000000,95206674367375,95206689959375,15592000,29959375,14367375,95206670000000,1,1,1
1,217,95206680000000,95206690234125,95206706115000,15880875,26115000,10234125,95206690000000,1,1,1
1,218,95206700000000,95206706295625,95206722312625,16017000,22312625,6295625,95206710000000,1,1,0
1,220,95206710000000,95206722502000,95206738395625,15893625,28395625,12502000,95206720000000,1,1,1
1,221,95206730000000,95206738577250,95206753746625,15169375,23746625,8577250,95206740000000,1,1,0
1,223,95206740000000,95206753907125,95206769786125,15879000,29786125,13907125,95206750000000,1,1,1
1,225,95206760000000,95206770065750,95206785863625,15797875,25863625,10065750,95206770000000,1,1,1
1,226,95206780000000,95206786037125,95206801880750,15843625,21880750,6037125,95206790000000,1,1,0
1,228,95206790000000,95206802201375,95206817880875,15679500,27880875,12201375,95206800000000,1,1,1
1,229,95206810000000,95206818148625,95206834086250,15937625,24086250,8148625,95206820000000,1,1,0
1,231,95206820000000,95206834281500,95206850203375,15921875,30203375,14281500,95206830000000,1,1,1
1,233,95206840000000,95206850348250,95206864908750,14560500,24908750,10348250,95206850000000,1,1,1
1,234,95206860000000,95206865066375,95206880379250,15312875,20379250,5066375,95206870000000,1,1,0
1,236,95206870000000,95206880657875,95206896637375,15979500,26637375,10657875,95206880000000,1,1,1
1,237,95206890000000,95206896806750,95206911621875,14815125,21621875,6806750,95206900000000,1,1,0
1,239,95206900000000,95206911833125,95206926428750,14595625,26428750,11833125,95206910000000,1,1,1
1,240,95206920000000,95206926583000,95206941820750,15237750,21820750,6583000,95206930000000,1,1,0
1,242,95206930000000,95206941990625,95206957270750,15280125,27270750,11990625,95206940000000,1,1,1
1,243,95206950000000,95206957429000,95206973305875,15876875,23305875,7429000,95206960000000,1,1,0
1,245,95206960000000,95206973484500,95206989381125,15896625,29381125,13484500,95206970000000,1,1,1
1,246,95206980000000,95206989554250,95207005305875,15751625,25305875,9554250,95206990000000,1,1,0
1,248,95206990000000,95207005576125,95207021548875,15972750,31548875,15576125,95207000000000,1,1,1
1,250,95207010000000,95207021737750,95207037615750,15878000,27615750,11737750,95207020000000,1,1,1
1,251,95207030000000,95207037770375,95207053007250,15236875,23007250,7770375,95207040000000,1,1,0
1,253,95207040000000,95207053180000,95207069068250,15888250,29068250,13180000,95207050000000,1,1,1
1,254,95207060000000,95207069232625,95207085083750,15851125,25083750,9232625,95207070000000,1,1,0
1,256,95207070000000,95207085239000,95207101153125,15914125,31153125,15239000,95207080000000,1,1,1
1,258,95207090000000,95207101321000,95207116650125,15329125,26650125,11321000,95207100000000,1,1,1
1,259,95207110000000,95207116814000,95207132037000,15223000,22037000,6814000,95207120000000,1,1,0
1,261,95207120000000,95207132922750,95207148204500,15281750,28204500,12922750,95207130000000,1,1,1
1,262,95207140000000,95207148394375,95207164289875,15895500,24289875,8394375,95207150000000,1,1,0
1,264,95207150000000,95207164458125,95207179713500,15255375,29713500,14458125,95207160000000,1,1,1
1,265,95207170000000,95207179925375,95207195865875,15940500,25865875,9925375,95207180000000,1,1,0
1,267,95207180000000,95207196046875,95207211932625,15885750,31932625,16046875,95207190000000,1,1,1
1,269,95207200000000,95207212113250,95207227999000,15885750,27999000,12113250,95207210000000,1,1,1
1,270,95207220000000,95207228257250,95207244107875,15850625,24107875,8257250,95207230000000,1,1,0
1,272,95207230000000,95207244266375,95207259483625,15217250,29483625,14266375,95207240000000,1,1,1
1,273,95207250000000,95207259812000,95207275680375,15868375,25680375,9812000,95207260000000,1,1,0
1,275,95207260000000,95207275915000,95207291736000,15821000,31736000,15915000,95207270000000,1,1,1
1,277,95207280000000,95207291889125,95207307771625,15882500,27771625,11889125,95207290000000,1,1,1
1,278,95207300000000,95207307965875,95207323865750,15899875,23865750,7965875,95207310000000,1,1,0
1,280,95207310000000,95207324164000,95207340051750,15887750,30051750,14164000,95207320000000,1,1,1
1,282,95207330000000,95207340312000,95207355527625,15215625,25527625,10312000,95207340000000,1,1,1
1,283,95207350000000,95207356372750,95207371523625,15150875,21523625,6372750,95207360000000,1,1,0
1,285,95207360000000,95207371700375,95207386618500,14918125,26618500,11700375,95207370000000,1,1,1
1,286,95207380000000,95207386808250,95207402717500,15909250,22717500,6808250,95207390000000,1,1,0
1,288,95207390000000,95207402891250,95207418754125,15862875,28754125,12891250,95207400000000,1,1,1
1,289,95207410000000,95207418896125,95207434831750,15935625,24831750,8896125,95207420000000,1,1,0
1,291,95207420000000,95207435016125,95207448288375,13272250,28288375,15016125,95207430000000,1,1,1
1,292,95207440000000,95207448437625,95207464319125,15881500,24319125,8437625,95207450000000,1,1,0
1,294,95207450000000,95207464471250,95207479738250,15267000,29738250,14471250,95207460000000,1,1,1
1,295,95207470000000,95207479932125,95207495896500,15964375,25896500,9932125,95207480000000,1,1,0
1,297,95207480000000,95207496165750,95207512081000,15915250,32081000,16165750,95207490000000,1,1,1
1,299,95207500000000,95207512257000,95207527734000,15477000,27734000,12257000,95207510000000,1,1,1
1,300,95207520000000,95207528089250,95207541996250,13907000,21996250,8089250,95207530000000,1,1,0
1,302,95207530000000,95207542175750,95207557797625,15621875,27797625,12175750,95207540000000,1,1,1
1,303,95207550000000,95207557967875,95207573875625,15907750,23875625,7967875,95207560000000,1,1,0
1,305,95207560000000,95207574047250,95207589179375,15132125,29179375,14047250,95207570000000,1,1,1
1,306,95207580000000,95207589443750,95207605339875,15896125,25339875,9443750,95207590000000,1,1,0
1,308,95207590000000,95207605523500,95207620214125,14690625,30214125,15523500,95207600000000,1,1,1
1,310,95207610000000,95207620399125,95207635530000,15130875,25530000,10399125,95207620000000,1,1,1
1,311,95207630000000,95207635739750,95207651659250,15919500,21659250,5739750,95207640000000,1,1,0
1,313,95207640000000,95207651857875,95207667163375,15305500,27163375,11857875,95207650000000,1,1,1
1,314,95207660000000,95207667360625,95207682354000,14993375,22354000,7360625,95207670000000,1,1,0
1,316,95207670000000,95207682543250,95207698053250,15510000,28053250,12543250,95207680000000,1,1,1
1,317,95207690000000,95207698219750,95207712854750,14635000,22854750,8219750,95207700000000,1,1,0
1,319,95207700000000,95207713021625,95207726612000,13590375,26612000,13021625,95207710000000,1,1,1
1,320,95207720000000,95207726920375,95207742203625,15283250,22203625,6920375,95207730000000,1,1,0
1,322,95207730000000,95207742400625,95207757858125,15457500,27858125,12400625,95207740000000,1,1,1
1,323,95207750000000,95207758027000,95207773954750,15927750,23954750,8027000,95207760000000,1,1,0
1,325,95207760000000,95207774856000,95207790064000,15208000,30064000,14856000,95207770000000,1,1,1
1,327,95207780000000,95207790266000,95207803707500,13441500,23707500,10266000,95207790000000,1,1,1
1,328,95207800000000,95207803867625,95207819696375,15828750,19696375,3867625,95207810000000,1,0,0
1,329,95207810000000,95207819898375,95207835192250,15293875,25192250,9898375,95207820000000,1,1,0
1,331,95207820000000,95207835494250,95207850864750,15370500,30864750,15494250,95207830000000,1,1,1
1,333,95207840000000,95207851066750,95207866962500,15895750,26962500,11066750,95207850000000,1,1,1
1,334,95207860000000,95207867142000,95207882997000,15855000,22997000,7142000,95207870000000,1,1,0
1,336,95207870000000,95207883162500,95207898353875,15191375,28353875,13162500,95207880000000,1,1,1
1,337,95207890000000,95207898610500,95207914544625,15934125,24544625,8610500,95207900000000,1,1,0
1,339,95207900000000,95207914740750,95207930093750,15353000,30093750,14740750,95207910000000,1,1,1
1,341,95207920000000,95207930276250,95207946131750,15855500,26131750,10276250,95207930000000,1,1,1
1,342,95207940000000,95207946300625,95207960961125,14660500,20961125,6300625,95207950000000,1,1,0
1,344,95207950000000,95207961232750,95207977191875,15959125,27191875,11232750,95207960000000,1,1,1
1,345,95207970000000,95207977373375,95207992580625,15207250,22580625,7373375,95207980000000,1,1,0
1,347,95207980000000,95207992724000,95208008040250,15316250,28040250,12724000,95207990000000,1,1,1
1,348,95208000000000,95208008262250,95208024176875,15914625,24176875,8262250,95208010000000,1,1,0
1,350,95208010000000,95208024360500,95208040164250,15803750,30164250,14360500,95208020000000,1,1,1
1,352,95208030000000,95208040336000,95208056242250,15906250,26242250,10336000,95208040000000,1,1,1
1,353,95208050000000,95208056407250,95208072299875,15892625,22299875,6407250,95208060000000,1,1,0
1,355,95208060000000,95208072446625,95208088348250,15901625,28348250,12446625,95208070000000,1,1,1
1,356,95208080000000,95208088503250,95208103693750,15190500,23693750,8503250,95208090000000,1,1,0
1,358,95208090000000,95208103901625,95208119822625,15921000,29822625,13901625,95208100000000,1,1,1
1,360,95208110000000,95208120045625,95208135875875,15830250,25875875,10045625,95208120000000,1,1,1
1,361,95208130000000,95208136104125,95208151944125,15840000,21944125,6104125,95208140000000,1,1,0
1,363,95208140000000,95208152130625,95208168036250,15905625,28036250,12130625,95208150000000,1,1,1
1,364,95208160000000,95208168198250,95208183428875,15230625,23428875,8198250,95208170000000,1,1,0
1,366,95208170000000,95208183789875,95208197679375,13889500,27679375,13789875,95208180000000,1,1,1
1,367,95208190000000,95208197872250,95208213720375,15848125,23720375,7872250,95208200000000,1,1,0
1,369,95208200000000,95208213890250,95208229764250,15874000,29764250,13890250,95208210000000,1,1,1
1,371,95208220000000,95208230038000,95208245974500,15936500,25974500,10038000,95208230000000,1,1,1
1,372,95208240000000,95208246177625,95208262119000,15941375,22119000,6177625,95208250000000,1,1,0
1,374,95208250000000,95208262308375,95208278235625,15927250,28235625,12308375,95208260000000,1,1,1
1,375,95208270000000,95208278420125,95208292391500,13971375,22391500,8420125,95208280000000,1,1,0
1,377,95208280000000,95208292554500,95208308454000,15899500,28454000,12554500,95208290000000,1,1,1
1,378,95208300000000,95208308627250,95208324501875,15874625,24501875,8627250,95208310000000,1,1,0
1,380,95208310000000,95208324781000,95208340617375,15836375,30617375,14781000,95208320000000,1,1,1
1,382,95208330000000,95208340801875,95208356692625,15890750,26692625,10801875,95208340000000,1,1,1
1,383,95208350000000,95208356857625,95208372115750,15258125,22115750,6857625,95208360000000,1,1,0
1,385,95208360000000,95208372286625,95208388177750,15891125,28177750,12286625,95208370000000,1,1,1
1,386,95208380000000,95208388341750,95208403486875,15145125,23486875,8341750,95208390000000,1,1,0
1,388,95208390000000,95208403688375,95208419179875,15491500,29179875,13688375,95208400000000,1,1,1
1,389,95208410000000,95208419354000,95208434594750,15240750,24594750,9354000,95208420000000,1,1,0
1,391,95208420000000,95208435514500,95208451431625,15917125,31431625,15514500,95208430000000,1,1,1
1,393,95208440000000,95208451648375,95208467513125,15864750,27513125,11648375,95208450000000,1,1,1
1,394,95208460000000,95208467706500,95208483265625,15559125,23265625,7706500,95208470000000,1,1,0
1,396,95208470000000,95208483483875,95208498391750,14907875,28391750,13483875,95208480000000,1,1,1
1,397,95208490000000,95208498586375,95208514526375,15940000,24526375,8586375,95208500000000,1,1,0
1,399,95208500000000,95208514708375,95208529775875,15067500,29775875,14708375,95208510000000,1,1,1
1,400,95208520000000,95208529947625,95208545815375,15867750,25815375,9947625,95208530000000,1,1,0
1,402,95208530000000,95208546078000,95208560724750,14646750,30724750,16078000,95208540000000,1,1,1
1,404,95208550000000,95208560897000,95208576194375,15297375,26194375,10897000,95208560000000,1,1,1
1,405,95208570000000,95208576449500,95208591625750,15176250,21625750,6449500,95208580000000,1,1,0
1,407,95208580000000,95208591830750,95208607206625,15375875,27206625,11830750,95208590000000,1,1,1
1,408,95208600000000,95208607413625,95208622028750,14615125,22028750,7413625,95208610000000,1,1,0
1,410,95208610000000,95208622203875,95208638121875,15918000,28121875,12203875,95208620000000,1,1,1
1,411,95208630000000,95208638302625,95208654180375,15877750,24180375,8302625,95208640000000,1,1,0
1,413,95208640000000,95208654353125,95208670245250,15892125,30245250,14353125,95208650000000,1,1,1
1,415,95208660000000,95208670410375,95208685553375,15143000,25553375,10410375,95208670000000,1,1,1
1,416,95208680000000,95208685714875,95208701420625,15705750,21420625,5714875,95208690000000,1,1,0
1,418,95208690000000,95208701595750,95208717283000,15687250,27283000,11595750,95208700000000,1,1,1
1,419,95208710000000,95208717456250,95208733336125,15879875,23336125,7456250,95208720000000,1,1,0
1,421,95208720000000,95208733504500,95208749396375,15891875,29396375,13504500,95208730000000,1,1,1
1,422,95208740000000,95208749645500,95208764942875,15297375,24942875,9645500,95208750000000,1,1,0
1,424,95208750000000,95208765113125,95208780346125,15233000,30346125,15113125,95208760000000,1,1,1
1,426,95208770000000,95208780506125,95208796344125,15838000,26344125,10506125,95208780000000,1,1,1
1,427,95208790000000,95208796611375,95208812534875,15923500,22534875,6611375,95208800000000,1,1,0
1,429,95208800000000,95208812699750,95208828927125,16227375,28927125,12699750,95208810000000,1,1,1
1,430,95208820000000,95208829135625,95208845077500,15941875,25077500,9135625,95208830000000,1,1,0
1,432,95208830000000,95208845263375,95208861091750,15828375,31091750,15263375,95208840000000,1,1,1
1,434,95208850000000,95208861275625,95208877238500,15962875,27238500,11275625,95208860000000,1,1,1
1,435,95208870000000,95208877407875,95208891495875,14088000,21495875,7407875,95208880000000,1,1,0
1,437,95208880000000,95208891712125,95208907579875,15867750,27579875,11712125,95208890000000,1,1,1
1,438,95208900000000,95208907770125,95208923610125,15840000,23610125,7770125,95208910000000,1,1,0
1,440,95208910000000,95208923813625,95208939081625,15268000,29081625,13813625,95208920000000,1,1,1
1,441,95208930000000,95208939278375,95208954507250,15228875,24507250,9278375,95208940000000,1,1,0
1,443,95208940000000,95208954682375,95208970569250,15886875,30569250,14682375,95208950000000,1,1,1
1,445,95208960000000,95208970843875,95208985810375,14966500,25810375,10843875,95208970000000,1,1,1
1,446,95208980000000,95208986011375,95209001940250,15928875,21940250,6011375,95208990000000,1,1,0
1,448,95208990000000,95209002111500,95209017916375,15804875,27916375,12111500,95209000000000,1,1,1
1,449,95209010000000,95209018090000,95209033499125,15409125,23499125,8090000,95209020000000,1,1,0
1,451,95209020000000,95209033689375,95209048844750,15155375,28844750,13689375,95209030000000,1,1,1
1,452,95209040000000,95209049022750,95209064941375,15918625,24941375,9022750,95209050000000,1,1,0
1,454,95209050000000,95209065115500,95209080342625,15227125,30342625,15115500,95209060000000,1,1,1
1,456,95209070000000,95209081974375,95209097238000,15263625,27238000,11974375,95209080000000,1,1,1
1,457,95209090000000,95209097428750,95209113310250,15881500,23310250,7428750,95209100000000,1,1,0
1,459,95209100000000,95209113488875,95209128759250,15270375,28759250,13488875,95209110000000,1,1,1
1,460,95209120000000,95209128923750,95209144832500,15908750,24832500,8923750,95209130000000,1,1,0
1,462,95209130000000,95209144988000,95209160863375,15875375,30863375,14988000,95209140000000,1,1,1
1,464,95209150000000,95209161021375,95209176983250,15961875,26983250,11021375,95209160000000,1,1,1
1,465,95209170000000,95209177139375,95209191543125,14403750,21543125,7139375,95209180000000,1,1,0
1,467,95209180000000,95209191725250,95209206096875,14371625,26096875,11725250,95209190000000,1,1,1
1,468,95209200000000,95209206404250,95209221557625,15153375,21557625,6404250,95209210000000,1,1,0
1,470,95209210000000,95209221744000,95209237411750,15667750,27411750,11744000,95209220000000,1,1,1
1,471,95209230000000,95209237583375,95209252778750,15195375,22778750,7583375,95209240000000,1,1,0
1,473,95209240000000,95209252940250,95209268891625,15951375,28891625,12940250,95209250000000,1,1,1
1,474,95209260000000,95209269078375,95209284282375,15204000,24282375,9078375,95209270000000,1,1,0
1,476,95209270000000,95209284436625,95209299766125,15329500,29766125,14436625,95209280000000,1,1,1
1,477,95209290000000,95209299950625,95209314796500,14845875,24796500,9950625,95209300000000,1,1,0
1,479,95209300000000,95209314977750,95209330838000,15860250,30838000,14977750,95209310000000,1,1,1
1,481,95209320000000,95209331131875,95209346315500,15183625,26315500,11131875,95209330000000,1,1,1
1,482,95209340000000,95209346500875,95209360952000,14451125,20952000,6500875,95209350000000,1,1,0
1,484,95209350000000,95209361109625,95209376905000,15795375,26905000,11109625,95209360000000,1,1,1
1,485,95209370000000,95209377072500,95209393039750,15967250,23039750,7072500,95209380000000,1,1,0
1,487,95209380000000,95209393305750,95209407467500,14161750,27467500,13305750,95209390000000,1,1,1
1,488,95209400000000,95209407691625,95209421808875,14117250,21808875,7691625,95209410000000,1,1,0
1,490,95209410000000,95209421977250,95209437886000,15908750,27886000,11977250,95209420000000,1,1,1
1,491,95209430000000,95209438054375,95209453239250,15184875,23239250,8054375,95209440000000,1,1,0
1,493,95209440000000,95209453502375,95209469365750,15863375,29365750,13502375,95209450000000,1,1,1
1,494,95209460000000,95209469537500,95209485439000,15901500,25439000,9537500,95209470000000,1,1,0
1,496,95209470000000,95209485690375,95209501380875,15690500,31380875,15690375,95209480000000,1,1,1
1,498,95209490000000,95209501546750,95209517449750,15903000,27449750,11546750,95209500000000,1,1,1
1,499,95209510000000,95209517637125,95209533362375,15725250,23362375,7637125,95209520000000,1,1,0
1,501,95209520000000,95209533544875,95209548780625,15235750,28780625,13544875,95209530000000,1,1,1
1,502,95209540000000,95209548950000,95209564878250,15928250,24878250,8950000,95209550000000,1,1,0
1,504,95209550000000,95209565000625,95209580306250,15305625,30306250,15000625,95209560000000,1,1,1
1,506,95209570000000,95209580473750,95209595183000,14709250,25183000,10473750,95209580000000,1,1,1
1,507,95209590000000,95209595482125,95209611419625,15937500,21419625,5482125,95209600000000,1,1,0
1,509,95209600000000,95209611643250,95209627526500,15883250,27526500,11643250,95209610000000,1,1,1
1,510,95209620000000,95209627698250,95209642896500,15198250,22896500,7698250,95209630000000,1,1,0
1,512,95209630000000,95209643884625,95209658451375,14566750,28451375,13884625,95209640000000,1,1,1
1,513,95209650000000,95209658631000,95209673866875,15235875,23866875,8631000,95209660000000,1,1,0
1,515,95209660000000,95209674049375,95209688635625,14586250,28635625,14049375,95209670000000,1,1,1
1,516,95209680000000,95209688805500,95209704196000,15390500,24196000,8805500,95209690000000,1,1,0
1,518,95209690000000,95209704358000,95209720201875,15843875,30201875,14358000,95209700000000,1,1,1
1,520,95209710000000,95209720355625,95209735549500,15193875,25549500,10355625,95209720000000,1,1,1
1,521,95209730000000,95209736472250,95209752431625,15959375,22431625,6472250,95209740000000,1,1,0
1,523,95209740000000,95209752595250,95209768514250,15919000,28514250,12595250,95209750000000,1,1,1
1,524,95209760000000,95209768685875,95209784525375,15839500,24525375,8685875,95209770000000,1,1,0
1,526,95209770000000,95209784801750,95209800808875,16007125,30808875,14801750,95209780000000,1,1,1
1,528,95209790000000,95209800991125,95209816844500,15853375,26844500,10991125,95209800000000,1,1,1
1,529,95209810000000,95209817102625,95209832341875,15239250,22341875,7102625,95209820000000,1,1,0
1,531,95209820000000,95209832515500,95209847726125,15210625,27726125,12515500,95209830000000,1,1,1
1,532,95209840000000,95209847878250,95209863217000,15338750,23217000,7878250,95209850000000,1,1,0
1,534,95209850000000,95209863407750,95209878874000,15466250,28874000,13407750,95209860000000,1,1,1
1,535,95209870000000,95209879063875,95209894438125,15374250,24438125,9063875,95209880000000,1,1,0
1,537,95209880000000,95209894615000,95209910490375,15875375,30490375,14615000,95209890000000,1,1,1
1,539,95209900000000,95209910669125,95209925995500,15326375,25995500,10669125,95209910000000,1,1,1
1,540,95209920000000,95209926166875,95209941309125,15142250,21309125,6166875,95209930000000,1,1,0
1,542,95209930000000,95209941463625,95209956732125,15268500,26732125,11463625,95209940000000,1,1,1
1,543,95209950000000,95209956898750,95209972804500,15905750,22804500,6898750,95209960000000,1,1,0
1,545,95209960000000,95209972973375,95209988121250,15147875,28121250,12973375,95209970000000,1,1,1
1,546,95209980000000,95209988274500,95210003639125,15364625,23639125,8274500,95209990000000,1,1,0
1,548,95209990000000,95210003837750,95210019764500,15926750,29764500,13837750,95210000000000,1,1,1
1,549,95210010000000,95210019949000,95210035064250,15115250,25064250,9949000,95210020000000,1,1,0
1,551,95210020000000,95210035244875,95210051235625,15990750,31235625,15244875,95210030000000,1,1,1
1,553,95210040000000,95210051434750,95210067279000,15844250,27279000,11434750,95210050000000,1,1,1
1,554,95210060000000,95210067469250,95210082907125,15437875,22907125,7469250,95210070000000,1,1,0
1,556,95210070000000,95210083102375,95210098298750,15196375,28298750,13102375,95210080000000,1,1,1
1,557,95210090000000,95210098470875,95210114327375,15856500,24327375,8470875,95210100000000,1,1,0
1,559,95210100000000,95210114595500,95210129899875,15304375,29899875,14595500,95210110000000,1,1,1
1,561,95210120000000,95210130090250,95210145940375,15850125,25940375,10090250,95210130000000,1,1,1
1,562,95210140000000,95210146104875,95210161973000,15868125,21973000,6104875,95210150000000,1,1,0
1,564,95210150000000,95210162257625,95210178151750,15894125,28151750,12257625,95210160000000,1,1,1
1,565,95210170000000,95210178329750,95210193737375,15407625,23737375,8329750,95210180000000,1,1,0
1,567,95210180000000,95210193922875,95210209581625,15658750,29581625,13922875,95210190000000,1,1,1
1,568,95210200000000,95210209759375,95210225626125,15866750,25626125,9759375,95210210000000,1,1,0
1,570,95210210000000,95210225875500,95210239948875,14073375,29948875,15875500,95210220000000,1,1,1
1,572,95210230000000,95210240140750,95210255373125,15232375,25373125,10140750,95210240000000,1,1,1
1,573,95210250000000,95210255567375,95210270927500,15360125,20927500,5567375,95210260000000,1,1,0
1,575,95210260000000,95210271117000,95210287051000,15934000,27051000,11117000,95210270000000,1,1,1
1,576,95210280000000,95210287246250,95210303187250,15941000,23187250,7246250,95210290000000,1,1,0
1,578,95210290000000,95210303375000,95210319263250,15888250,29263250,13375000,95210300000000,1,1,1
1,579,95210310000000,95210319438000,95210334637625,15199625,24637625,9438000,95210320000000,1,1,0
1,581,95210320000000,95210334914875,95210350503500,15588625,30503500,14914875,95210330000000,1,1,1
1,583,95210340000000,95210350699625,95210366564875,15865250,26564875,10699625,95210350000000,1,1,1
1,584,95210360000000,95210366855375,95210382692375,15837000,22692375,6855375,95210370000000,1,1,0
1,586,95210370000000,95210382891375,95210398453250,15561875,28453250,12891375,95210380000000,1,1,1
1,587,95210390000000,95210399396500,95210414662125,15265625,24662125,9396500,95210400000000,1,1,0
1,589,95210400000000,95210414861125,95210429510375,14649250,29510375,14861125,95210410000000,1,1,1
1,590,95210420000000,95210429815875,95210444942375,15126500,24942375,9815875,95210430000000,1,1,0
1,592,95210430000000,95210445137250,95210461029750,15892500,31029750,15137250,95210440000000,1,1,1
1,594,95210450000000,95210461189375,95210476492000,15302625,26492000,11189375,95210460000000,1,1,1
1,595,95210470000000,95210476667250,95210491847375,15180125,21847375,6667250,95210480000000,1,1,0
1,597,95210480000000,95210492278875,95210508503125,16224250,28503125,12278875,95210490000000,1,1,1
1,598,95210500000000,95210508692125,95210523881500,15189375,23881500,8692125,95210510000000,1,1,0
1,600,95210510000000,95210524068375,95210539914750,15846375,29914750,14068375,95210520000000,1,1,1
1,602,95210530000000,95210540217625,95210556209875,15992250,26209875,10217625,95210540000000,1,1,1
1,603,95210550000000,95210556408000,95210572354875,15946875,22354875,6408000,95210560000000,1,1,0
1,605,95210560000000,95210572523625,95210588415375,15891750,28415375,12523625,95210570000000,1,1,1
1,606,95210580000000,95210588541250,95210604379250,15838000,24379250,8541250,95210590000000,1,1,0
1,608,95210590000000,95210604656375,95210619339750,14683375,29339750,14656375,95210600000000,1,1,1
1,609,95210610000000,95210619536500,95210633411375,13874875,23411375,9536500,95210620000000,1,1,0
1,611,95210620000000,95210633585000,95210649468375,15883375,29468375,13585000,95210630000000,1,1,1
1,612,95210640000000,95210649636250,95210665487375,15851125,25487375,9636250,95210650000000,1,1,0
1,614,95210650000000,95210665752875,95210681648000,15895125,31648000,15752875,95210660000000,1,1,1
1,616,95210670000000,95210681838875,95210697057000,15218125,27057000,11838875,95210680000000,1,1,1
1,617,95210690000000,95210697232750,95210711786750,14554000,21786750,7232750,95210700000000,1,1,0
1,619,95210700000000,95210712724625,95210727269500,14544875,27269500,12724625,95210710000000,1,1,1
1,620,95210720000000,95210727476125,95210742058250,14582125,22058250,7476125,95210730000000,1,1,0
1,622,95210730000000,95210742241375,95210756955500,14714125,26955500,12241375,95210740000000,1,1,1
1,623,95210750000000,95210757126625,95210773020875,15894250,23020875,7126625,95210760000000,1,1,0
1,625,95210760000000,95210773187750,95210787922875,14735125,27922875,13187750,95210770000000,1,1,1
1,626,95210780000000,95210788128000,95210803280375,15152375,23280375,8128000,95210790000000,1,1,0
1,628,95210790000000,95210803473000,95210819190875,15717875,29190875,13473000,95210800000000,1,1,1
1,629,95210810000000,95210819407500,95210835262625,15855125,25262625,9407500,95210820000000,1,1,0
1,631,95210820000000,95210835467125,95210850694625,15227500,30694625,15467125,95210830000000,1,1,1
1,633,95210840000000,95210850881125,95210866750250,15869125,26750250,10881125,95210850000000,1,1,1
1,634,95210860000000,95210866924125,95210882832750,15908625,22832750,6924125,95210870000000,1,1,0
1,636,95210870000000,95210883015250,95210897536125,14520875,27536125,13015250,95210880000000,1,1,1
1,637,95210890000000,95210897788000,95210913673750,15885750,23673750,7788000,95210900000000,1,1,0
1,639,95210900000000,95210913871875,95210929687500,15815625,29687500,13871875,95210910000000,1,1,1
1,640,95210920000000,95210929863125,95210945710375,15847250,25710375,9863125,95210930000000,1,1,0
1,642,95210930000000,95210945869500,95210960578750,14709250,30578750,15869500,95210940000000,1,1,1
1,644,95210950000000,95210960743125,95210976772500,16029375,26772500,10743125,95210960000000,1,1,1
1,645,95210970000000,95210976942250,95210992101500,15159250,22101500,6942250,95210980000000,1,1,0
1,647,95210980000000,95210992253250,95211006977625,14724375,26977625,12253250,95210990000000,1,1,1
1,648,95211000000000,95211007157250,95211022637500,15480250,22637500,7157250,95211010000000,1,1,0
1,650,95211010000000,95211022813625,95211038669250,15855625,28669250,12813625,95211020000000,1,1,1
1,652,95211030000000,95211044703625,95211060611875,15908250,30611875,14703625,95211040000000,1,1,1
1,654,95211050000000,95211060814500,95211075679750,14865250,25679750,10814500,95211060000000,1,1,1
1,655,95211070000000,95211075895500,95211091793500,15898000,21793500,5895500,95211080000000,1,1,0
1,657,95211080000000,95211091997500,95211107875500,15878000,27875500,11997500,95211090000000,1,1,1
1,658,95211100000000,95211108150750,95211123412875,15262125,23412875,8150750,95211110000000,1,1,0
1,660,95211110000000,95211123628000,95211139512500,15884500,29512500,13628000,95211120000000,1,1,1
1,661,95211130000000,95211139810750,95211155014250,15203500,25014250,9810750,95211140000000,1,1,0
1,663,95211140000000,95211155228375,95211171199625,15971250,31199625,15228375,95211150000000,1,1,1
1,665,95211160000000,95211171416250,95211187370000,15953750,27370000,11416250,95211170000000,1,1,1
1,666,95211180000000,95211187565125,95211202689250,15124125,22689250,7565125,95211190000000,1,1,0
1,668,95211190000000,95211202869750,95211218116875,15247125,28116875,12869750,95211200000000,1,1,1
1,669,95211210000000,95211218949750,95211234172875,15223125,24172875,8949750,95211220000000,1,1,0
1,671,95211220000000,95211234342250,95211249693750,15351500,29693750,14342250,95211230000000,1,1,1
1,672,95211240000000,95211249844500,95211265671250,15826750,25671250,9844500,95211250000000,1,1,0
1,674,95211250000000,95211265823000,95211281775750,15952750,31775750,15823000,95211260000000,1,1,1
1,676,95211270000000,95211281937125,95211297868375,15931250,27868375,11937125,95211280000000,1,1,1
1,677,95211290000000,95211298038750,95211311921875,13883125,21921875,8038750,95211300000000,1,1,0
1,679,95211300000000,95211312806500,95211328039875,15233375,28039875,12806500,95211310000000,1,1,1
1,680,95211320000000,95211328151125,95211343493375,15342250,23493375,8151125,95211330000000,1,1,0
1,682,95211330000000,95211343789625,95211359626000,15836375,29626000,13789625,95211340000000,1,1,1
1,683,95211350000000,95211359829000,95211375743250,15914250,25743250,9829000,95211360000000,1,1,0
1,685,95211360000000,95211375944750,95211390369500,14424750,30369500,15944750,95211370000000,1,1,1
1,687,95211380000000,95211390560000,95211405692125,15132125,25692125,10560000,95211390000000,1,1,1
1,688,95211400000000,95211406540375,95211419894500,13354125,19894500,6540375,95211410000000,1,1,0
1,690,95211410000000,95211420065875,95211436041750,15975875,26041750,10065875,95211420000000,1,1,1
1,691,95211430000000,95211436185375,95211451941750,15756375,21941750,6185375,95211440000000,1,1,0
1,693,95211440000000,95211452193500,95211468090125,15896625,28090125,12193500,95211450000000,1,1,1
1,694,95211460000000,95211468256500,95211484173625,15917125,24173625,8256500,95211470000000,1,1,0
1,696,95211470000000,95211484331625,95211500249750,15918125,30249750,14331625,95211480000000,1,1,1
1,698,95211490000000,95211500397000,95211515561125,15164125,25561125,10397000,95211500000000,1,1,1
1,699,95211510000000,95211515750500,95211531690875,15940375,21690875,5750500,95211520000000,1,1,0
1,701,95211520000000,95211531891000,95211547809125,15918125,27809125,11891000,95211530000000,1,1,1
1,702,95211540000000,95211548030125,95211562675375,14645250,22675375,8030125,95211550000000,1,1,0
1,704,95211550000000,95211562860375,95211578794000,15933625,28794000,12860375,95211560000000,1,1,1
1,705,95211570000000,95211579078500,95211595009250,15930750,25009250,9078500,95211580000000,1,1,0
1,707,95211580000000,95211595210250,95211609811125,14600875,29811125,15210250,95211590000000,1,1,1
1,708,95211600000000,95211609973250,95211625130000,15156750,25130000,9973250,95211610000000,1,1,0
1,710,95211610000000,95211625308625,95211641237375,15928750,31237375,15308625,95211620000000,1,1,1
1,712,95211630000000,95211641497000,95211656645875,15148875,26645875,11497000,95211640000000,1,1,1
1,713,95211650000000,95211656820125,95211672631250,15811125,22631250,6820125,95211660000000,1,1,0
1,715,95211660000000,95211672784125,95211688716250,15932125,28716250,12784125,95211670000000,1,1,1
1,716,95211680000000,95211688990875,95211702812625,13821750,22812625,8990875,95211690000000,1,1,0
1,718,95211690000000,95211703826625,95211719707500,15880875,29707500,13826625,95211700000000,1,1,1
1,719,95211710000000,95211719941750,95211734029000,14087250,24029000,9941750,95211720000000,1,1,0
1,721,95211720000000,95211734214250,95211750093250,15879000,30093250,14214250,95211730000000,1,1,1
1,723,95211740000000,95211750252250,95211765435000,15182750,25435000,10252250,95211750000000,1,1,1
1,724,95211760000000,95211765602375,95211781514000,15911625,21514000,5602375,95211770000000,1,1,0
1,726,95211770000000,95211781772125,95211796388625,14616500,26388625,11772125,95211780000000,1,1,1
1,727,95211790000000,95211796560500,95211812768875,16208375,22768875,6560500,95211800000000,1,1,0
1,729,95211800000000,95211813040625,95211828934750,15894125,28934750,13040625,95211810000000,1,1,1
1,730,95211820000000,95211829119625,95211845015750,15896125,25015750,9119625,95211830000000,1,1,0
1,732,95211830000000,95211845168000,95211860484375,15316375,30484375,15168000,95211840000000,1,1,1
1,734,95211850000000,95211860623875,95211876484250,15860375,26484250,10623875,95211860000000,1,1,1
1,735,95211870000000,95211876621500,95211891837250,15215750,21837250,6621500,95211880000000,1,1,0
1,737,95211880000000,95211892135375,95211908047250,15911875,28047250,12135375,95211890000000,1,1,1
1,738,95211900000000,95211908189000,95211923946625,15757625,23946625,8189000,95211910000000,1,1,0
1,740,95211910000000,95211924287625,95211940191500,15903875,30191500,14287625,95211920000000,1,1,1
1,742,95211930000000,95211940372125,95211956259875,15887750,26259875,10372125,95211940000000,1,1,1
1,743,95211950000000,95211956426125,95211972320250,15894125,22320250,6426125,95211960000000,1,1,0
1,745,95211960000000,95211972475000,95211988320125,15845125,28320125,12475000,95211970000000,1,1,1
1,746,95211980000000,95211988470625,95212003675750,15205125,23675750,8470625,95211990000000,1,1,0
1,748,95211990000000,95212003834375,95212017987750,14153375,27987750,13834375,95212000000000,1,1,1
1,749,95212010000000,95212018252250,95212034133125,15880875,24133125,8252250,95212020000000,1,1,0
1,751,95212020000000,95212034327875,95212049732000,15404125,29732000,14327875,95212030000000,1,1,1
1,752,95212040000000,95212049897875,95212065794000,15896125,25794000,9897875,95212050000000,1,1,0
1,754,95212050000000,95212066052625,95212080666250,14613625,30666250,16052625,95212060000000,1,1,1
1,756,95212070000000,95212081537375,95212096035875,14498500,26035875,11537375,95212080000000,1,1,1
1,757,95212090000000,95212096185125,95212112046500,15861375,22046500,6185125,95212100000000,1,1,0
1,759,95212100000000,95212112182625,95212128094750,15912125,28094750,12182625,95212110000000,1,1,1
1,760,95212120000000,95212128252000,95212143338375,15086375,23338375,8252000,95212130000000,1,1,0
1,762,95212130000000,95212143497500,95212158146875,14649375,28146875,13497500,95212140000000,1,1,1
1,763,95212150000000,95212158313125,95212173297750,14984625,23297750,8313125,95212160000000,1,1,0
1,765,95212160000000,95212173453500,95212189301625,15848125,29301625,13453500,95212170000000,1,1,1
1,766,95212180000000,95212189414750,95212203998125,14583375,23998125,9414750,95212190000000,1,1,0
1,768,95212190000000,95212204277750,95212220154875,15877125,30154875,14277750,95212200000000,1,1,1
1,770,95212210000000,95212220322125,95212236173875,15851750,26173875,10322125,95212220000000,1,1,1
1,771,95212230000000,95212236439875,95212252332875,15893000,22332875,6439875,95212240000000,1,1,0
1,773,95212240000000,95212252586250,95212267800500,15214250,27800500,12586250,95212250000000,1,1,1
1,774,95212260000000,95212268041125,95212283920125,15879000,23920125,8041125,95212270000000,1,1,0
1,776,95212270000000,95212284120625,95212299948500,15827875,29948500,14120625,95212280000000,1,1,1
1,778,95212290000000,95212300273500,95212316147500,15874000,26147500,10273500,95212300000000,1,1,1
1,779,95212310000000,95212316313375,95212332228500,15915125,22228500,6313375,95212320000000,1,1,0
1,781,95212320000000,95212332386250,95212347729750,15343500,27729750,12386250,95212330000000,1,1,1
1,782,95212340000000,95212348703750,95212364613000,15909250,24613000,8703750,95212350000000,1,1,0
1,784,95212350000000,95212364787625,95212379980125,15192500,29980125,14787625,95212360000000,1,1,1
1,786,95212370000000,95212380179750,95212396082625,15902875,26082625,10179750,95212380000000,1,1,1
1,787,95212390000000,95212396245000,95212412087375,15842375,22087375,6245000,95212400000000,1,1,0
1,789,95212400000000,95212412248875,95212428134250,15885375,28134250,12248875,95212410000000,1,1,1
1,790,95212420000000,95212428284625,95212443505375,15220750,23505375,8284625,95212430000000,1,1,0
1,792,95212430000000,95212443709250,95212459282250,15573000,29282250,13709250,95212440000000,1,1,1
1,793,95212450000000,95212459488125,95212473893375,14405250,23893375,9488125,95212460000000,1,1,0
1,795,95212460000000,95212474076375,95212489925625,15849250,29925625,14076375,95212470000000,1,1,1
1,797,95212480000000,95212490097375,95212506022750,15925375,26022750,10097375,95212490000000,1,1,1
1,798,95212500000000,95212506192125,95212522226750,16034625,22226750,6192125,95212510000000,1,1,0
1,800,95212510000000,95212522441000,95212536535875,14094875,26535875,12441000,95212520000000,1,1,1
1,801,95212530000000,95212536802250,95212552229125,15426875,22229125,6802250,95212540000000,1,1,0
1,803,95212540000000,95212552413375,95212566636625,14223250,26636625,12413375,95212550000000,1,1,1
1,804,95212560000000,95212566821125,95212582704875,15883750,22704875,6821125,95212570000000,1,1,0
1,806,95212570000000,95212582995750,95212598891250,15895500,28891250,12995750,95212580000000,1,1,1
1,807,95212590000000,95212599084625,95212614986375,15901750,24986375,9084625,95212600000000,1,1,0
1,809,95212600000000,95212615277875,95212630519000,15241125,30519000,15277875,95212610000000,1,1,1
1,811,95212620000000,95212630705875,95212645990500,15284625,25990500,10705875,95212630000000,1,1,1
1,812,95212640000000,95212646155375,95212661366500,15211125,21366500,6155375,95212650000000,1,1,0
1,814,95212650000000,95212661530250,95212677425875,15895625,27425875,11530250,95212660000000,1,1,1
1,815,95212670000000,95212677701125,95212693558750,15857625,23558750,7701125,95212680000000,1,1,0
1,817,95212680000000,95212693742750,95212709460000,15717250,29460000,13742750,95212690000000,1,1,1
1,818,95212700000000,95212709638875,95212725533750,15894875,25533750,9638875,95212710000000,1,1,0
1,820,95212710000000,95212725813875,95212741675750,15861875,31675750,15813875,95212720000000,1,1,1
1,822,95212730000000,95212741852875,95212757063875,15211000,27063875,11852875,95212740000000,1,1,1
1,823,95212750000000,95212757226250,95212771827250,14601000,21827250,7226250,95212760000000,1,1,0
1,825,95212760000000,95212772038125,95212787852625,15814500,27852625,12038125,95212770000000,1,1,1
1,826,95212780000000,95212788055625,95212803900000,15844375,23900000,8055625,95212790000000,1,1,0
1,828,95212790000000,95212804177125,95212820078125,15901000,30078125,14177125,95212800000000,1,1,1
1,830,95212810000000,95212820337625,95212836599125,16261500,26599125,10337625,95212820000000,1,1,1
1,831,95212830000000,95212836792375,95212852683125,15890750,22683125,6792375,95212840000000,1,1,0
1,833,95212840000000,95212852853000,95212866470125,13617125,26470125,12853000,95212850000000,1,1,1
1,834,95212860000000,95212866649375,95212881929000,15279625,21929000,6649375,95212870000000,1,1,0
1,836,95212870000000,95212882104750,95212897977375,15872625,27977375,12104750,95212880000000,1,1,1
1,837,95212890000000,95212898141250,95212913264375,15123125,23264375,8141250,95212900000000,1,1,0
1,839,95212900000000,95212913433250,95212929356000,15922750,29356000,13433250,95212910000000,1,1,1
1,840,95212920000000,95212929613625,95212945551750,15938125,25551750,9613625,95212930000000,1,1,0
1,842,95212930000000,95212945823000,95212960430500,14607500,30430500,15823000,95212940000000,1,1,1
1,844,95212950000000,95212960617375,95212976554750,15937375,26554750,10617375,95212960000000,1,1,1
1,845,95212970000000,95212976718250,95212991524625,14806375,21524625,6718250,95212980000000,1,1,0
1,847,95212980000000,95212991737875,95213007552500,15814625,27552500,11737875,95212990000000,1,1,1
1,848,95213000000000,95213008544125,95213024409875,15865750,24409875,8544125,95213010000000,1,1,0
1,850,95213010000000,95213024582000,95213040053125,15471125,30053125,14582000,95213020000000,1,1,1
1,852,95213030000000,95213040194125,95213054715000,14520875,24715000,10194125,95213040000000,1,1,1
1,853,95213050000000,95213054883500,95213070730625,15847125,20730625,4883500,95213060000000,1,0,0
1,855,95213060000000,95213071026375,95213086586625,15560250,26586625,11026375,95213070000000,1,1,1
1,856,95213080000000,95213086792250,95213102618875,15826625,22618875,6792250,95213090000000,1,1,0
1,858,95213090000000,95213102957500,95213118225625,15268125,28225625,12957500,95213100000000,1,1,1
1,859,95213110000000,95213118417625,95213134302125,15884500,24302125,8417625,95213120000000,1,1,0
1,861,95213120000000,95213134483250,95213150420250,15937000,30420250,14483250,95213130000000,1,1,1
1,863,95213140000000,95213150602375,95213165748250,15145875,25748250,10602375,95213150000000,1,1,1
1,864,95213160000000,95213165915625,95213181810750,15895125,21810750,5915625,95213170000000,1,1,0
1,866,95213170000000,95213181980750,95213196168625,14187875,26168625,11980750,95213180000000,1,1,1
1,867,95213190000000,95213196325375,95213211670000,15344625,21670000,6325375,95213200000000,1,1,0
1,869,95213200000000,95213211853375,95213227841750,15988375,27841750,11853375,95213210000000,1,1,1
1,870,95213220000000,95213228052125,95213242817000,14764875,22817000,8052125,95213230000000,1,1,0
1,872,95213230000000,95213243022500,95213258960000,15937500,28960000,13022500,95213240000000,1,1,1
1,873,95213250000000,95213259154625,95213275002875,15848250,25002875,9154625,95213260000000,1,1,0
1,875,95213260000000,95213275167750,95213290386625,15218875,30386625,15167750,95213270000000,1,1,1
1,877,95213280000000,95213290550000,95213305880125,15330125,25880125,10550000,95213290000000,1,1,1
1,878,95213300000000,95213306053250,95213321938500,15885250,21938500,6053250,95213310000000,1,1,0
1,880,95213310000000,95213322255750,95213338122625,15866875,28122625,12255750,95213320000000,1,1,1
1,881,95213330000000,95213338303125,95213353530125,15227000,23530125,8303125,95213340000000,1,1,0
1,883,95213340000000,95213353693625,95213369341750,15648125,29341750,13693625,95213350000000,1,1,1
1,884,95213360000000,95213369506000,95213385372000,15866000,25372000,9506000,95213370000000,1,1,0
1,886,95213370000000,95213385532500,95213400163250,14630750,30163250,15532500,95213380000000,1,1,1
1,888,95213390000000,95213400299000,95213416243250,15944250,26243250,10299000,95213400000000,1,1,1
1,889,95213410000000,95213416386750,95213432218375,15831625,22218375,6386750,95213420000000,1,1,0
1,891,95213420000000,95213432458625,95213447701125,15242500,27701125,12458625,95213430000000,1,1,1
1,892,95213440000000,95213447896875,95213463813875,15917000,23813875,7896875,95213450000000,1,1,0
1,894,95213450000000,95213464035500,95213478826250,14790750,28826250,14035500,95213460000000,1,1,1
1,895,95213470000000,95213479013625,95213494920875,15907250,24920875,9013625,95213480000000,1,1,0
1,897,95213480000000,95213495106750,95213510436750,15330000,30436750,15106750,95213490000000,1,1,1
1,899,95213500000000,95213510607125,95213525798625,15191500,25798625,10607125,95213510000000,1,1,1
1,900,95213520000000,95213525954250,95213539724125,13769875,19724125,5954250,95213530000000,1,1,0
1,901,95213530000000,95213539906625,95213555764500,15857875,25764500,9906625,95213540000000,1,1,0
1,903,95213540000000,95213556085625,95213571919250,15833625,31919250,16085625,95213550000000,1,1,1
1,905,95213560000000,95213572132000,95213587981750,15849750,27981750,12132000,95213570000000,1,1,1
1,906,95213580000000,95213588182750,95213604044625,15861875,24044625,8182750,95213590000000,1,1,0
1,908,95213590000000,95213604213625,95213619608500,15394875,29608500,14213625,95213600000000,1,1,1
1,909,95213610000000,95213619811000,95213634520875,14709875,24520875,9811000,95213620000000,1,1,0
1,911,95213620000000,95213634685250,95213650608500,15923250,30608500,14685250,95213630000000,1,1,1
1,913,95213640000000,95213651521125,95213666540125,15019000,26540125,11521125,95213650000000,1,1,1
1,914,95213660000000,95213666759875,95213682665625,15905750,22665625,6759875,95213670000000,1,1,0
1,916,95213670000000,95213682841750,95213698727125,15885375,28727125,12841750,95213680000000,1,1,1
1,917,95213690000000,95213698901250,95213714717375,15816125,24717375,8901250,95213700000000,1,1,0
1,919,95213700000000,95213714875375,95213728885500,14010125,28885500,14875375,95213710000000,1,1,1
1,920,95213720000000,95213729054375,95213744974750,15920375,24974750,9054375,95213730000000,1,1,0
1,922,95213730000000,95213745146000,95213760384250,15238250,30384250,15146000,95213740000000,1,1,1
1,924,95213750000000,95213760543875,95213776415125,15871250,26415125,10543875,95213760000000,1,1,1
1,925,95213770000000,95213776570125,95213791823625,15253500,21823625,6570125,95213780000000,1,1,0
1,927,95213780000000,95213792049625,95213807927000,15877375,27927000,12049625,95213790000000,1,1,1
1,928,95213800000000,95213808230500,95213823203375,14972875,23203375,8230500,95213810000000,1,1,0
1,930,95213810000000,95213823396500,95213839258500,15862000,29258500,13396500,95213820000000,1,1,1
1,931,95213830000000,95213839456500,95213855362875,15906375,25362875,9456500,95213840000000,1,1,0
1,933,95213840000000,95213855683125,95213871593750,15910625,31593750,15683125,95213850000000,1,1,1
1,935,95213860000000,95213871807500,95213887663500,15856000,27663500,11807500,95213870000000,1,1,1
1,936,95213880000000,95213887853250,95213903717750,15864500,23717750,7853250,95213890000000,1,1,0
1,938,95213890000000,95213903882625,95213919765000,15882375,29765000,13882625,95213900000000,1,1,1
1,939,95213910000000,95213919947000,95213935148625,15201625,25148625,9947000,95213920000000,1,1,0
1,941,95213920000000,95213935336000,95213950606500,15270500,30606500,15336000,95213930000000,1,1,1
1,943,95213940000000,95213950781250,95213966087750,15306500,26087750,10781250,95213950000000,1,1,1
1,944,95213960000000,95213966262500,95213982177000,15914500,22177000,6262500,95213970000000,1,1,0
1,946,95213970000000,95213982337000,95213997613375,15276375,27613375,12337000,95213980000000,1,1,1
1,947,95213990000000,95213997798500,95214013644750,15846250,23644750,7798500,95214000000000,1,1,0
1,949,95214000000000,95214013810125,95214028346625,14536500,28346625,13810125,95214010000000,1,1,1
1,950,95214020000000,95214028616000,95214043265250,14649250,23265250,8616000,95214030000000,1,1,0
1,952,95214030000000,95214043486375,95214059313625,15827250,29313625,13486375,95214040000000,1,1,1
1,953,95214050000000,95214059500875,95214075376500,15875625,25376500,9500875,95214060000000,1,1,0
1,955,95214060000000,95214075677625,95214091649750,15972125,31649750,15677625,95214070000000,1,1,1
1,957,95214080000000,95214091871750,95214107105250,15233500,27105250,11871750,95214090000000,1,1,1
1,958,95214100000000,95214107294625,95214122163375,14868750,22163375,7294625,95214110000000,1,1,0
1,960,95214110000000,95214122446375,95214137182500,14736125,27182500,12446375,95214120000000,1,1,1
1,961,95214130000000,95214137357250,95214152644250,15287000,22644250,7357250,95214140000000,1,1,0
1,963,95214140000000,95214152798500,95214168042500,15244000,28042500,12798500,95214150000000,1,1,1
1,964,95214160000000,95214168193375,95214184114875,15921500,24114875,8193375,95214170000000,1,1,0
1,966,95214170000000,95214184265125,95214199482375,15217250,29482375,14265125,95214180000000,1,1,1
1,968,95214190000000,95214200040875,95214215436000,15395125,25436000,10040875,95214200000000,1,1,1
1,969,95214210000000,95214215614125,95214231491625,15877500,21491625,5614125,95214220000000,1,1,0
1,971,95214220000000,95214231686375,95214247674500,15988125,27674500,11686375,95214230000000,1,1,1
1,972,95214240000000,95214247885375,95214263799500,15914125,23799500,7885375,95214250000000,1,1,0
1,974,95214250000000,95214264033250,95214279874750,15841500,29874750,14033250,95214260000000,1,1,1
1,976,95214270000000,95214280116625,95214295949375,15832750,25949375,10116625,95214280000000,1,1,1
1,977,95214290000000,95214296222125,95214310267250,14045125,20267250,6222125,95214300000000,1,1,0
1,979,95214300000000,95214311190500,95214327142250,15951750,27142250,11190500,95214310000000,1,1,1
1,980,95214320000000,95214327347125,95214342529375,15182250,22529375,7347125,95214330000000,1,1,0
1,982,95214330000000,95214342707000,95214358659125,15952125,28659125,12707000,95214340000000,1,1,1
1,983,95214350000000,95214358848375,95214374032000,15183625,24032000,8848375,95214360000000,1,1,0
1,985,95214360000000,95214374216500,95214390099500,15883000,30099500,14216500,95214370000000,1,1,1
1,987,95214380000000,95214390273000,95214404830625,14557625,24830625,10273000,95214390000000,1,1,1
1,988,95214400000000,95214404993125,95214420944750,15951625,20944750,4993125,95214410000000,1,0,0
1,990,95214410000000,95214421104375,95214436968250,15863875,26968250,11104375,95214420000000,1,1,1
1,991,95214430000000,95214437132125,95214453018500,15886375,23018500,7132125,95214440000000,1,1,0
1,993,95214440000000,95214453185875,95214468970250,15784375,28970250,13185875,95214450000000,1,1,1
1,994,95214460000000,95214469127250,95214484549500,15422250,24549500,9127250,95214470000000,1,1,0
1,996,95214470000000,95214484709125,95214500660750,15951625,30660750,14709125,95214480000000,1,1,1
1,998,95214490000000,95214500837875,95214516083375,15245500,26083375,10837875,95214500000000,1,1,1
1,999,95214510000000,95214516224500,95214531813125,15588625,21813125,6224500,95214520000000,1,1,0
1,1001,95214520000000,95214532044875,95214548250375,16205500,28250375,12044875,95214530000000,1,1,1
1,1002,95214540000000,95214548422125,95214564282625,15860500,24282625,8422125,95214550000000,1,1,0
1,1004,95214550000000,95214564453750,95214579796500,15342750,29796500,14453750,95214560000000,1,1,1
1,1005,95214570000000,95214579983875,95214595904875,15921000,25904875,9983875,95214580000000,1,1,0
1,1007,95214580000000,95214596083000,95214610825000,14742000,30825000,16083000,95214590000000,1,1,1
1,1009,95214600000000,95214611018750,95214626905000,15886250,26905000,11018750,95214610000000,1,1,1
1,1010,95214620000000,95214627080625,95214642100375,15019750,22100375,7080625,95214630000000,1,1,0
1,1012,95214630000000,95214642268250,95214657880250,15612000,27880250,12268250,95214640000000,1,1,1
1,1013,95214650000000,95214658048625,95214673344875,15296250,23344875,8048625,95214660000000,1,1,0
1,1015,95214660000000,95214673511375,95214689380500,15869125,29380500,13511375,95214670000000,1,1,1
1,1016,95214680000000,95214689526875,95214704758375,15231500,24758375,9526875,95214690000000,1,1,0
1,1018,95214690000000,95214704908125,95214720816875,15908750,30816875,14908125,95214700000000,1,1,1
1,1020,95214710000000,95214721069125,95214737028125,15959000,27028125,11069125,95214720000000,1,1,1
1,1021,95214730000000,95214737208250,95214753043375,15835125,23043375,7208250,95214740000000,1,1,0
1,1023,95214740000000,95214753221875,95214769144250,15922375,29144250,13221875,95214750000000,1,1,1
1,1024,95214760000000,95214769305375,95214785224250,15918875,25224250,9305375,95214770000000,1,1,0
1,1026,95214770000000,95214785494250,95214801346250,15852000,31346250,15494250,95214780000000,1,1,1
1,1028,95214790000000,95214801520000,95214816380000,14860000,26380000,11520000,95214800000000,1,1,1
1,1029,95214810000000,95214816551375,95214831838500,15287125,21838500,6551375,95214820000000,1,1,0
1,1031,95214820000000,95214832055625,95214847406125,15350500,27406125,12055625,95214830000000,1,1,1
1,1032,95214840000000,95214847597875,95214863418750,15820875,23418750,7597875,95214850000000,1,1,0
1,1034,95214850000000,95214863604125,95214879534875,15930750,29534875,13604125,95214860000000,1,1,1
1,1035,95214870000000,95214879732500,95214894887375,15154875,24887375,9732500,95214880000000,1,1,0
1,1037,95214880000000,95214895072750,95214910204625,15131875,30204625,15072750,95214890000000,1,1,1
1,1039,95214900000000,95214910484250,95214926429125,15944875,26429125,10484250,95214910000000,1,1,1
1,1040,95214920000000,95214926620375,95214942496375,15876000,22496375,6620375,95214930000000,1,1,0
1,1042,95214930000000,95214942776500,95214957610750,14834250,27610750,12776500,95214940000000,1,1,1
1,1043,95214950000000,95214958504250,95214973683000,15178750,23683000,8504250,95214960000000,1,1,0
1,1045,95214960000000,95214973854375,95214989709250,15854875,29709250,13854375,95214970000000,1,1,1
1,1046,95214980000000,95214989889875,95215005097375,15207500,25097375,9889875,95214990000000,1,1,0
1,1048,95214990000000,95215005247125,95215021149500,15902375,31149500,15247125,95215000000000,1,1,1
1,1050,95215010000000,95215021315500,95215037229625,15914125,27229625,11315500,95215020000000,1,1,1
1,1051,95215030000000,95215037400375,95215053281875,15881500,23281875,7400375,95215040000000,1,1,0
1,1053,95215040000000,95215053453125,95215069321875,15868750,29321875,13453125,95215050000000,1,1,1
1,1054,95215060000000,95215069683500,95215085542875,15859375,25542875,9683500,95215070000000,1,1,0
1,1056,95215070000000,95215085732250,95215101600000,15867750,31600000,15732250,95215080000000,1,1,1
1,1058,95215090000000,95215101757125,95215117020250,15263125,27020250,11757125,95215100000000,1,1,1
1,1059,95215110000000,95215117189500,95215133058375,15868875,23058375,7189500,95215120000000,1,1,0
1,1061,95215120000000,95215133216375,95215149108000,15891625,29108000,13216375,95215130000000,1,1,1
1,1062,95215140000000,95215149259750,95215165127125,15867375,25127125,9259750,95215150000000,1,1,0
1,1064,95215150000000,95215165394000,95215181278375,15884375,31278375,15394000,95215160000000,1,1,1
1,1066,95215170000000,95215181462750,95215197305250,15842500,27305250,11462750,95215180000000,1,1,1
1,1067,95215190000000,95215197560875,95215213528625,15967750,23528625,7560875,95215200000000,1,1,0
1,1069,95215200000000,95215213716750,95215228935375,15218625,28935375,13716750,95215210000000,1,1,1
1,1070,95215220000000,95215229101750,95215244966125,15864375,24966125,9101750,95215230000000,1,1,0
1,1072,95215230000000,95215245135875,95215261002625,15866750,31002625,15135875,95215240000000,1,1,1
1,1074,95215250000000,95215261270500,95215277231000,15960500,27231000,11270500,95215260000000,1,1,1
1,1075,95215270000000,95215277416000,95215293392625,15976625,23392625,7416000,95215280000000,1,1,0
1,1077,95215280000000,95215293565375,95215309199250,15633875,29199250,13565375,95215290000000,1,1,1
1,1078,95215300000000,95215309361875,95215324595625,15233750,24595625,9361875,95215310000000,1,1,0
1,1080,95215310000000,95215325429625,95215340665875,15236250,30665875,15429625,95215320000000,1,1,1
1,1082,95215330000000,95215340832750,95215356725500,15892750,26725500,10832750,95215340000000,1,1,1
1,1083,95215350000000,95215356894750,95215372767875,15873125,22767875,6894750,95215360000000,1,1,0
1,1085,95215360000000,95215372921125,95215388881625,15960500,28881625,12921125,95215370000000,1,1,1
1,1086,95215380000000,95215389070875,95215404925500,15854625,24925500,9070875,95215390000000,1,1,0
1,1088,95215390000000,95215405084500,95215420920625,15836125,30920625,15084500,95215400000000,1,1,1
1,1090,95215410000000,95215421081625,95215436370625,15289000,26370625,11081625,95215420000000,1,1,1
1,1091,95215430000000,95215436538000,95215452431125,15893125,22431125,6538000,95215440000000,1,1,0
1,1093,95215440000000,95215452599625,95215468460875,15861250,28460875,12599625,95215450000000,1,1,1
1,1094,95215460000000,95215468622375,95215483863125,15240750,23863125,8622375,95215470000000,1,1,0
1,1096,95215470000000,95215484053500,95215499936875,15883375,29936875,14053500,95215480000000,1,1,1
1,1098,95215490000000,95215500195000,95215516184750,15989750,26184750,10195000,95215500000000,1,1,1
1,1099,95215510000000,95215516361375,95215532268250,15906875,22268250,6361375,95215520000000,1,1,0
1,1101,95215520000000,95215532445000,95215547163375,14718375,27163375,12445000,95215530000000,1,1,1
1,1102,95215540000000,95215547373625,95215563318125,15944500,23318125,7373625,95215550000000,1,1,0
1,1104,95215550000000,95215563515750,95215579353625,15837875,29353625,13515750,95215560000000,1,1,1
1,1105,95215570000000,95215579516750,95215595415625,15898875,25415625,9516750,95215580000000,1,1,0
1,1107,95215580000000,95215595606375,95215610663125,15056750,30663125,15606375,95215590000000,1,1,1
1,1109,95215600000000,95215611581250,95215626807125,15225875,26807125,11581250,95215610000000,1,1,1
1,1110,95215620000000,95215626992000,95215642258625,15266625,22258625,6992000,95215630000000,1,1,0
1,1112,95215630000000,95215642413250,95215657058250,14645000,27058250,12413250,95215640000000,1,1,1
1,1113,95215650000000,95215657225625,95215671888500,14662875,21888500,7225625,95215660000000,1,1,0
1,1115,95215660000000,95215672080250,95215687914750,15834500,27914750,12080250,95215670000000,1,1,1
1,1116,95215680000000,95215688203750,95215703564000,15360250,23564000,8203750,95215690000000,1,1,0
1,1118,95215690000000,95215703785000,95215718093750,14308750,28093750,13785000,95215700000000,1,1,1
1,1119,95215710000000,95215718262000,95215733510000,15248000,23510000,8262000,95215720000000,1,1,0
1,1121,95215720000000,95215733686750,95215748406250,14719500,28406250,13686750,95215730000000,1,1,1
1,1122,95215740000000,95215748560125,95215764355500,15795375,24355500,8560125,95215750000000,1,1,0
1,1124,95215750000000,95215764502875,95215779793250,15290375,29793250,14502875,95215760000000,1,1,1
1,1126,95215770000000,95215780038250,95215795905000,15866750,25905000,10038250,95215780000000,1,1,1
1,1127,95215790000000,95215796080250,95215811581500,15501250,21581500,6080250,95215800000000,1,1,0
1,1129,95215800000000,95215811811750,95215827673625,15861875,27673625,11811750,95215810000000,1,1,1
1,1130,95215820000000,95215827988375,95215843957250,15968875,23957250,7988375,95215830000000,1,1,0
1,1132,95215830000000,95215844178250,95215858930000,14751750,28930000,14178250,95215840000000,1,1,1
1,1133,95215850000000,95215859104750,95215874226875,15122125,24226875,9104750,95215860000000,1,1,0
1,1135,95215860000000,95215874403375,95215890347000,15943625,30347000,14403375,95215870000000,1,1,1
1,1137,95215880000000,95215890518125,95215905538750,15020625,25538750,10518125,95215890000000,1,1,1
1,1138,95215900000000,95215905801750,95215921692000,15890250,21692000,5801750,95215910000000,1,1,0
1,1140,95215910000000,95215921877000,95215937810625,15933625,27810625,11877000,95215920000000,1,1,1
1,1141,95215930000000,95215938071125,95215954040875,15969750,24040875,8071125,95215940000000,1,1,0
1,1143,95215940000000,95215954246750,95215970121375,15874625,30121375,14246750,95215950000000,1,1,1
1,1145,95215960000000,95215970300000,95215986242000,15942000,26242000,10300000,95215970000000,1,1,1
1,1146,95215980000000,95215986453125,95216001594375,15141250,21594375,6453125,95215990000000,1,1,0
1,1148,95215990000000,95216001773875,95216016961500,15187625,26961500,11773875,95216000000000,1,1,1
1,1149,95216010000000,95216017118000,95216032410500,15292500,22410500,7118000,95216020000000,1,1,0
1,1151,95216020000000,95216032568625,95216047852250,15283625,27852250,12568625,95216030000000,1,1,1
1,1152,95216040000000,95216048061750,95216063422375,15360625,23422375,8061750,95216050000000,1,1,0
1,1154,95216050000000,95216063635625,95216079516500,15880875,29516500,13635625,95216060000000,1,1,1
1,1155,95216070000000,95216079672125,95216095598000,15925875,25598000,9672125,95216080000000,1,1,0
1,1157,95216080000000,95216095833250,95216111086125,15252875,31086125,15833250,95216090000000,1,1,1
1,1159,95216100000000,95216111296875,95216127229625,15932750,27229625,11296875,95216110000000,1,1,1
1,1160,95216120000000,95216127402875,95216142333625,14930750,22333625,7402875,95216130000000,1,1,0
1,1162,95216130000000,95216142520500,95216158447375,15926875,28447375,12520500,95216140000000,1,1,1
1,1163,95216150000000,95216158622000,95216174537125,15915125,24537125,8622000,95216160000000,1,1,0
1,1165,95216160000000,95216174707875,95216189870500,15162625,29870500,14707875,95216170000000,1,1,1
1,1167,95216180000000,95216190095500,95216205280500,15185000,25280500,10095500,95216190000000,1,1,1
1,1168,95216200000000,95216205564000,95216221526000,15962000,21526000,5564000,95216210000000,1,1,0
1,1170,95216210000000,95216221709875,95216237607500,15897625,27607500,11709875,95216220000000,1,1,1
1,1171,95216230000000,95216237776875,95216253632375,15855500,23632375,7776875,95216240000000,1,1,0
1,1173,95216240000000,95216259411500,95216275261625,15850125,35261625,19411500,95216250000000,1,1,1
1,1175,95216260000000,95216275487000,95216291372500,15885500,31372500,15487000,95216270000000,1,1,1
1,1177,95216280000000,95216291574000,95216307381375,15807375,27381375,11574000,95216290000000,1,1,1
1,1178,95216300000000,95216307586250,95216323444750,15858500,23444750,7586250,95216310000000,1,1,0
1,1180,95216310000000,95216323621875,95216338881125,15259250,28881125,13621875,95216320000000,1,1,1
1,1181,95216330000000,95216339053375,95216353541000,14487625,23541000,9053375,95216340000000,1,1,0
1,1183,95216340000000,95216353816250,95216369671375,15855125,29671375,13816250,95216350000000,1,1,1
1,1184,95216360000000,95216369845125,95216385831875,15986750,25831875,9845125,95216370000000,1,1,0
1,1186,95216370000000,95216386019875,95216401913000,15893125,31913000,16019875,95216380000000,1,1,1
1,1188,95216390000000,95216402083250,95216417950500,15867250,27950500,12083250,95216400000000,1,1,1
1,1189,95216410000000,95216418113500,95216433508875,15395375,23508875,8113500,95216420000000,1,1,0
1,1191,95216420000000,95216433792500,95216449069250,15276750,29069250,13792500,95216430000000,1,1,1
1,1192,95216440000000,95216449252750,95216465136125,15883375,25136125,9252750,95216450000000,1,1,0
1,1194,95216450000000,95216465294625,95216479885750,14591125,29885750,15294625,95216460000000,1,1,1
1,1196,95216470000000,95216480071750,95216495043000,14971250,25043000,10071750,95216480000000,1,1,1
1,1197,95216490000000,95216495241625,95216511133375,15891750,21133375,5241625,95216500000000,1,1,0
1,1199,95216500000000,95216511317375,95216527122625,15805250,27122625,11317375,95216510000000,1,1,1
1,1200,95216520000000,95216527279750,95216542764000,15484250,22764000,7279750,95216530000000,1,1,0
1,1202,95216530000000,95216542968375,95216558726875,15758500,28726875,12968375,95216540000000,1,1,1
1,1203,95216550000000,95216558947875,95216574862500,15914625,24862500,8947875,95216560000000,1,1,0
1,1205,95216560000000,95216575053875,95216590527250,15473375,30527250,15053875,95216570000000,1,1,1
1,1207,95216580000000,95216590691125,95216606588250,15897125,26588250,10691125,95216590000000,1,1,1
1,1208,95216600000000,95216606813750,95216622758500,15944750,22758500,6813750,95216610000000,1,1,0
1,1210,95216610000000,95216622955250,95216638791750,15836500,28791750,12955250,95216620000000,1,1,1
1,1211,95216630000000,95216639130000,95216654341875,15211875,24341875,9130000,95216640000000,1,1,0
1,1213,95216640000000,95216654530625,95216670442250,15911625,30442250,14530625,95216650000000,1,1,1
1,1215,95216660000000,95216670601125,95216686538000,15936875,26538000,10601125,95216670000000,1,1,1
1,1216,95216680000000,95216686728750,95216702628750,15900000,22628750,6728750,95216690000000,1,1,0
1,1218,95216690000000,95216702814125,95216718694125,15880000,28694125,12814125,95216700000000,1,1,1
1,1219,95216710000000,95216718967750,95216734202250,15234500,24202250,8967750,95216720000000,1,1,0
1,1221,95216720000000,95216734357875,95216749548750,15190875,29548750,14357875,95216730000000,1,1,1
1,1223,95216740000000,95216750403875,95216765587375,15183500,25587375,10403875,95216750000000,1,1,1
1,1224,95216760000000,95216765929875,95216781559500,15629625,21559500,5929875,95216770000000,1,1,0
1,1226,95216770000000,95216781742875,95216797643000,15900125,27643000,11742875,95216780000000,1,1,1
1,1227,95216790000000,95216797908375,95216813839625,15931250,23839625,7908375,95216800000000,1,1,0
1,1229,95216800000000,95216814033375,95216830174000,16140625,30174000,14033375,95216810000000,1,1,1
1,1231,95216820000000,95216830373625,95216845674250,15300625,25674250,10373625,95216830000000,1,1,1
1,1232,95216840000000,95216845867375,95216861073500,15206125,21073500,5867375,95216850000000,1,1,0
1,1234,95216850000000,95216861246875,95216877191625,15944750,27191625,11246875,95216860000000,1,1,1
1,1235,95216870000000,95216877380000,95216893056875,15676875,23056875,7380000,95216880000000,1,1,0
1,1237,95216880000000,95216893328125,95216909238000,15909875,29238000,13328125,95216890000000,1,1,1
1,1238,95216900000000,95216909428250,95216925319375,15891125,25319375,9428250,95216910000000,1,1,0
1,1240,95216910000000,95216926222250,95216941907875,15685625,31907875,16222250,95216920000000,1,1,1
1,1242,95216930000000,95216942114750,95216957729375,15614625,27729375,12114750,95216940000000,1,1,1
1,1243,95216950000000,95216957901625,95216973126500,15224875,23126500,7901625,95216960000000,1,1,0
1,1245,95216960000000,95216973292000,95216987935500,14643500,27935500,13292000,95216970000000,1,1,1
1,1246,95216980000000,95216988110625,95217003957000,15846375,23957000,8110625,95216990000000,1,1,0
1,1248,95216990000000,95217004245750,95217020096625,15850875,30096625,14245750,95217000000000,1,1,1
1,1250,95217010000000,95217020285375,95217035504625,15219250,25504625,10285375,95217020000000,1,1,1
1,1251,95217030000000,95217035813000,95217051703250,15890250,21703250,5813000,95217040000000,1,1,0
1,1253,95217040000000,95217051914000,95217067115625,15201625,27115625,11914000,95217050000000,1,1,1
1,1254,95217060000000,95217067310750,95217083233750,15923000,23233750,7310750,95217070000000,1,1,0
1,1256,95217070000000,95217083417250,95217098691125,15273875,28691125,13417250,95217080000000,1,1,1
1,1257,95217090000000,95217098864750,95217114755000,15890250,24755000,8864750,95217100000000,1,1,0
1,1259,95217100000000,95217114925250,95217130300625,15375375,30300625,14925250,95217110000000,1,1,1
1,1261,95217120000000,95217130483625,95217146078625,15595000,26078625,10483625,95217130000000,1,1,1
1,1262,95217140000000,95217146255750,95217161490625,15234875,21490625,6255750,95217150000000,1,1,0
1,1264,95217150000000,95217161666750,95217176993875,15327125,26993875,11666750,95217160000000,1,1,1
1,1265,95217170000000,95217177151875,95217192923625,15771750,22923625,7151875,95217180000000,1,1,0
1,1267,95217180000000,95217193056250,95217208892750,15836500,28892750,13056250,95217190000000,1,1,1
1,1268,95217200000000,95217209066125,95217223721125,14655000,23721125,9066125,95217210000000,1,1,0
1,1270,95217210000000,95217223944625,95217239870000,15925375,29870000,13944625,95217220000000,1,1,1
1,1272,95217230000000,95217240041500,95217255243000,15201500,25243000,10041500,95217240000000,1,1,1
1,1273,95217250000000,95217255434250,95217271257500,15823250,21257500,5434250,95217260000000,1,1,0
1,1275,95217260000000,95217271559625,95217287545000,15985375,27545000,11559625,95217270000000,1,1,1
1,1276,95217280000000,95217287772375,95217303698250,15925875,23698250,7772375,95217290000000,1,1,0
1,1278,95217290000000,95217303913000,95217319747000,15834000,29747000,13913000,95217300000000,1,1,1
1,1279,95217310000000,95217319920625,95217334465125,14544500,24465125,9920625,95217320000000,1,1,0
1,1281,95217320000000,95217334642125,95217348663375,14021250,28663375,14642125,95217330000000,1,1,1
1,1282,95217340000000,95217348830875,95217363379500,14548625,23379500,8830875,95217350000000,1,1,0
1,1284,95217350000000,95217363563000,95217378564625,15001625,28564625,13563000,95217360000000,1,1,1
1,1285,95217370000000,95217378759500,95217394167875,15408375,24167875,8759500,95217380000000,1,1,0
1,1287,95217380000000,95217394342125,95217410225000,15882875,30225000,14342125,95217390000000,1,1,1
1,1289,95217400000000,95217410409375,95217426112750,15703375,26112750,10409375,95217410000000,1,1,1
1,1290,95217420000000,95217426294250,95217441508125,15213875,21508125,6294250,95217430000000,1,1,0
1,1292,95217430000000,95217441665250,95217457285625,15620375,27285625,11665250,95217440000000,1,1,1
1,1293,95217450000000,95217457450500,95217473413375,15962875,23413375,7450500,95217460000000,1,1,0
1,1295,95217460000000,95217473602375,95217488765375,15163000,28765375,13602375,95217470000000,1,1,1
1,1296,95217480000000,95217488918625,95217504771250,15852625,24771250,8918625,95217490000000,1,1,0
1,1298,95217490000000,95217504920125,95217520792625,15872500,30792625,14920125,95217500000000,1,1,1
1,1300,95217510000000,95217520942000,95217536147125,15205125,26147125,10942000,95217520000000,1,1,1
1,1301,95217530000000,95217536306750,95217552179750,15873000,22179750,6306750,95217540000000,1,1,0
1,1303,95217540000000,95217552345250,95217568235875,15890625,28235875,12345250,95217550000000,1,1,1
1,1304,95217560000000,95217569083625,95217585040500,15956875,25040500,9083625,95217570000000,1,1,0
1,1306,95217570000000,95217585231875,95217601170875,15939000,31170875,15231875,95217580000000,1,1,1
1,1308,95217590000000,95217601347000,95217617283125,15936125,27283125,11347000,95217600000000,1,1,1
1,1309,95217610000000,95217617440750,95217632736125,15295375,22736125,7440750,95217620000000,1,1,0
1,1311,95217620000000,95217632913625,95217648174375,15260750,28174375,12913625,95217630000000,1,1,1
1,1312,95217640000000,95217648326625,95217664279375,15952750,24279375,8326625,95217650000000,1,1,0
1,1314,95217650000000,95217664537000,95217679351625,14814625,29351625,14537000,95217660000000,1,1,1
1,1315,95217670000000,95217679563125,95217694931125,15368000,24931125,9563125,95217680000000,1,1,0
1,1317,95217680000000,95217695118875,95217710388375,15269500,30388375,15118875,95217690000000,1,1,1
1,1319,95217700000000,95217710575750,95217726513250,15937500,26513250,10575750,95217710000000,1,1,1
1,1320,95217720000000,95217726682500,95217741870625,15188125,21870625,6682500,95217730000000,1,1,0
1,1322,95217730000000,95217742165375,95217758062000,15896625,28062000,12165375,95217740000000,1,1,1
1,1323,95217750000000,95217758208750,95217774132625,15923875,24132625,8208750,95217760000000,1,1,0
1,1325,95217760000000,95217774313250,95217789427000,15113750,29427000,14313250,95217770000000,1,1,1
1,1326,95217780000000,95217789696375,95217805519250,15822875,25519250,9696375,95217790000000,1,1,0
1,1328,95217790000000,95217805710500,95217821602250,15891750,31602250,15710500,95217800000000,1,1,1
1,1330,95217810000000,95217821724125,95217836983000,15258875,26983000,11724125,95217820000000,1,1,1
1,1331,95217830000000,95217837156625,95217853039500,15882875,23039500,7156625,95217840000000,1,1,0
1,1333,95217840000000,95217853316250,95217868945875,15629625,28945875,13316250,95217850000000,1,1,1
1,1334,95217860000000,95217869131750,95217885067250,15935500,25067250,9131750,95217870000000,1,1,0
1,1336,95217870000000,95217885244500,95217901166375,15921875,31166375,15244500,95217880000000,1,1,1
1,1338,95217890000000,95217901344500,95217917214250,15869750,27214250,11344500,95217900000000,1,1,1
1,1339,95217910000000,95217917471875,95217932381250,14909375,22381250,7471875,95217920000000,1,1,0
1,1341,95217920000000,95217932564250,95217947126625,14562375,27126625,12564250,95217930000000,1,1,1
1,1342,95217940000000,95217947314500,95217963155375,15840875,23155375,7314500,95217950000000,1,1,0
1,1344,95217950000000,95217963338875,95217979179750,15840875,29179750,13338875,95217960000000,1,1,1
1,1345,95217970000000,95217979366250,95217995287125,15920875,25287125,9366250,95217980000000,1,1,0
1,1347,95217980000000,95217995604250,95218011509125,15904875,31509125,15604250,95217990000000,1,1,1
1,1349,95218000000000,95218011732250,95218027652625,15920375,27652625,11732250,95218010000000,1,1,1
1,1350,95218020000000,95218027826875,95218042658125,14831250,22658125,7826875,95218030000000,1,1,0
1,1352,95218030000000,95218042958750,95218058894375,15935625,28894375,12958750,95218040000000,1,1,1
1,1353,95218050000000,95218059085625,95218074916375,15830750,24916375,9085625,95218060000000,1,1,0
1,1355,95218060000000,95218075092375,95218090420000,15327625,30420000,15092375,95218070000000,1,1,1
1,1357,95218080000000,95218090596625,95218106505000,15908375,26505000,10596625,95218090000000,1,1,1
1,1358,95218100000000,95218106786625,95218122412625,15626000,22412625,6786625,95218110000000,1,1,0
1,1360,95218110000000,95218122613125,95218138488875,15875750,28488875,12613125,95218120000000,1,1,1
1,1361,95218130000000,95218138652375,95218153307750,14655375,23307750,8652375,95218140000000,1,1,0
1,1363,95218140000000,95218153471750,95218169368875,15897125,29368875,13471750,95218150000000,1,1,1
1,1364,95218160000000,95218169539125,95218185297125,15758000,25297125,9539125,95218170000000,1,1,0
1,1366,95218170000000,95218185475250,95218200564625,15089375,30564625,15475250,95218180000000,1,1,1
1,1368,95218190000000,95218200715875,95218216643250,15927375,26643250,10715875,95218200000000,1,1,1
1,1369,95218210000000,95218217526000,95218233514750,15988750,23514750,7526000,95218220000000,1,1,0
1,1371,95218220000000,95218233693375,95218248915500,15222125,28915500,13693375,95218230000000,1,1,1
1,1372,95218240000000,95218249092125,95218264956500,15864375,24956500,9092125,95218250000000,1,1,0
1,1374,95218250000000,95218265105750,95218281059500,15953750,31059500,15105750,95218260000000,1,1,1
1,1376,95218270000000,95218281231625,95218296971625,15740000,26971625,11231625,95218280000000,1,1,1
1,1377,95218290000000,95218297129125,95218312466125,15337000,22466125,7129125,95218300000000,1,1,0
1,1379,95218300000000,95218312629500,95218327958000,15328500,27958000,12629500,95218310000000,1,1,1
1,1380,95218320000000,95218328119625,95218343353500,15233875,23353500,8119625,95218330000000,1,1,0
1,1382,95218330000000,95218344218250,95218359433500,15215250,29433500,14218250,95218340000000,1,1,1
1,1383,95218350000000,95218359641375,95218375060125,15418750,25060125,9641375,95218360000000,1,1,0
1,1385,95218360000000,95218375259625,95218390797125,15537500,30797125,15259625,95218370000000,1,1,1
1,1387,95218380000000,95218391109875,95218406908875,15799000,26908875,11109875,95218390000000,1,1,1
1,1388,95218400000000,95218407108875,95218422937125,15828250,22937125,7108875,95218410000000,1,1,0
1,1390,95218410000000,95218423105625,95218438309625,15204000,28309625,13105625,95218420000000,1,1,1
1,1391,95218430000000,95218438496000,95218453471750,14975750,23471750,8496000,95218440000000,1,1,0
1,1393,95218440000000,95218453612375,95218468779875,15167500,28779875,13612375,95218450000000,1,1,1
1,1394,95218460000000,95218468929125,95218484203500,15274375,24203500,8929125,95218470000000,1,1,0
1,1396,95218470000000,95218484480625,95218499832625,15352000,29832625,14480625,95218480000000,1,1,1
1,1398,95218490000000,95218500059000,95218515936500,15877500,25936500,10059000,95218500000000,1,1,1
1,1399,95218510000000,95218516213625,95218532133250,15919625,22133250,6213625,95218520000000,1,1,0
1,1401,95218520000000,95218532307000,95218547523625,15216625,27523625,12307000,95218530000000,1,1,1
1,1402,95218540000000,95218547724750,95218563359250,15634500,23359250,7724750,95218550000000,1,1,0
1,1404,95218550000000,95218563600750,95218579733500,16132750,29733500,13600750,95218560000000,1,1,1
1,1406,95218570000000,95218580048875,95218595948125,15899250,25948125,10048875,95218580000000,1,1,1
1,1407,95218590000000,95218596169250,95218612055500,15886250,22055500,6169250,95218600000000,1,1,0
1,1409,95218600000000,95218612220000,95218628140500,15920500,28140500,12220000,95218610000000,1,1,1
1,1410,95218620000000,95218628301375,95218643457250,15155875,23457250,8301375,95218630000000,1,1,0
1,1412,95218630000000,95218644278625,95218659478875,15200250,29478875,14278625,95218640000000,1,1,1
1,1413,95218650000000,95218659789625,95218675724750,15935125,25724750,9789625,95218660000000,1,1,0
1,1415,95218660000000,95218675956000,95218691330875,15374875,31330875,15956000,95218670000000,1,1,1
1,1417,95218680000000,95218691543625,95218707023000,15479375,27023000,11543625,95218690000000,1,1,1
1,1418,95218700000000,95218707343750,95218721615125,14271375,21615125,7343750,95218710000000,1,1,0
1,1420,95218710000000,95218721798500,95218736467875,14669375,26467875,11798500,95218720000000,1,1,1
1,1421,95218730000000,95218736618750,95218752484375,15865625,22484375,6618750,95218740000000,1,1,0
1,1423,95218740000000,95218752639625,95218767949125,15309500,27949125,12639625,95218750000000,1,1,1
1,1424,95218760000000,95218768149125,95218784070625,15921500,24070625,8149125,95218770000000,1,1,0
1,1426,95218770000000,95218784222875,95218800035500,15812625,30035500,14222875,95218780000000,1,1,1
1,1428,95218790000000,95218800196000,95218816395750,16199750,26395750,10196000,95218800000000,1,1,1
1,1429,95218810000000,95218816544875,95218830712125,14167250,20712125,6544875,95218820000000,1,1,0
1,1431,95218820000000,95218830917500,95218846759875,15842375,26759875,10917500,95218830000000,1,1,1
1,1432,95218840000000,95218846886875,95218862779000,15892125,22779000,6886875,95218850000000,1,1,0
1,1434,95218850000000,95218863713375,95218878527625,14814250,28527625,13713375,95218860000000,1,1,1
1,1435,95218870000000,95218878721375,95218894549000,15827625,24549000,8721375,95218880000000,1,1,0
1,1437,95218880000000,95218894698500,95218909291125,14592625,29291125,14698500,95218890000000,1,1,1
1,1438,95218900000000,95218909463750,95218924698250,15234500,24698250,9463750,95218910000000,1,1,0
1,1440,95218910000000,95218925549250,95218940816250,15267000,30816250,15549250,95218920000000,1,1,1
1,1442,95218930000000,95218940980625,95218956240500,15259875,26240500,10980625,95218940000000,1,1,1
1,1443,95218950000000,95218956406750,95218972321375,15914625,22321375,6406750,95218960000000,1,1,0
1,1445,95218960000000,95218972600625,95218988595125,15994500,28595125,12600625,95218970000000,1,1,1
1,1446,95218980000000,95218988779125,95219003952500,15173375,23952500,8779125,95218990000000,1,1,0
1,1448,95218990000000,95219004210500,95219019519625,15309125,29519625,14210500,95219000000000,1,1,1
1,1449,95219010000000,95219019698875,95219034353375,14654500,24353375,9698875,95219020000000,1,1,0
1,1451,95219020000000,95219034515000,95219050358250,15843250,30358250,14515000,95219030000000,1,1,1
1,1453,95219040000000,95219050693500,95219065689750,14996250,25689750,10693500,95219050000000,1,1,1
1,1454,95219060000000,95219065873875,95219081766750,15892875,21766750,5873875,95219070000000,1,1,0
1,1456,95219070000000,95219082035250,95219098014750,15979500,28014750,12035250,95219080000000,1,1,1
1,1457,95219090000000,95219098200625,95219114047875,15847250,24047875,8200625,95219100000000,1,1,0
1,1459,95219100000000,95219114303625,95219129342750,15039125,29342750,14303625,95219110000000,1,1,1
1,1460,95219120000000,95219129522750,95219144866500,15343750,24866500,9522750,95219130000000,1,1,0
1,1462,95219130000000,95219145032250,95219160916250,15884000,30916250,15032250,95219140000000,1,1,1
1,1464,95219150000000,95219161064500,95219176367750,15303250,26367750,11064500,95219160000000,1,1,1
1,1465,95219170000000,95219176530750,95219192409250,15878500,22409250,6530750,95219180000000,1,1,0
1,1467,95219180000000,95219192565750,95219208505375,15939625,28505375,12565750,95219190000000,1,1,1
1,1468,95219200000000,95219208670750,95219223185875,14515125,23185875,8670750,95219210000000,1,1,0
1,1470,95219210000000,95219223386375,95219239256625,15870250,29256625,13386375,95219220000000,1,1,1
1,1471,95219230000000,95219239454750,95219255290750,15836000,25290750,9454750,95219240000000,1,1,0
1,1473,95219240000000,95219255471750,95219271386875,15915125,31386875,15471750,95219250000000,1,1,1
1,1475,95219260000000,95219271570250,95219286925750,15355500,26925750,11570250,95219270000000,1,1,1
1,1476,95219280000000,95219287110125,95219302995500,15885375,22995500,7110125,95219290000000,1,1,0
1,1478,95219290000000,95219303176500,95219318426000,15249500,28426000,13176500,95219300000000,1,1,1
1,1479,95219310000000,95219319404375,95219334599250,15194875,24599250,9404375,95219320000000,1,1,0
1,1481,95219320000000,95219334790000,95219350657375,15867375,30657375,14790000,95219330000000,1,1,1
1,1483,95219340000000,95219350928125,95219366014625,15086500,26014625,10928125,95219350000000,1,1,1
1,1484,95219360000000,95219366206875,95219381360750,15153875,21360750,6206875,95219370000000,1,1,0
1,1486,95219370000000,95219381512000,95219396891250,15379250,26891250,11512000,95219380000000,1,1,1
1,1487,95219390000000,95219397054750,95219412263750,15209000,22263750,7054750,95219400000000,1,1,0
1,1489,95219400000000,95219413119125,95219428347250,15228125,28347250,13119125,95219410000000,1,1,1
1,1490,95219420000000,95219428507250,95219443751875,15244625,23751875,8507250,95219430000000,1,1,0
1,1492,95219430000000,95219444054125,95219459503375,15449250,29503375,14054125,95219440000000,1,1,1
1,1493,95219450000000,95219459725500,95219475622000,15896500,25622000,9725500,95219460000000,1,1,0
1,1495,95219460000000,95219475830875,95219490510875,14680000,30510875,15830875,95219470000000,1,1,1
1,1497,95219480000000,95219490792500,95219506800750,16008250,26800750,10792500,95219490000000,1,1,1
1,1498,95219500000000,95219507726375,95219523039375,15313000,23039375,7726375,95219510000000,1,1,0
1,1500,95219510000000,95219523246250,95219539078375,15832125,29078375,13246250,95219520000000,1,1,1
1,1501,95219530000000,95219539256000,95219554752875,15496875,24752875,9256000,95219540000000,1,1,0
1,1503,95219540000000,95219554945625,95219570445000,15499375,30445000,14945625,95219550000000,1,1,1
1,1505,95219560000000,95219570630875,95219585834000,15203125,25834000,10630875,95219570000000,1,1,1
1,1506,95219580000000,95219586000375,95219599238000,13237625,19238000,6000375,95219590000000,1,1,0
1,1507,95219590000000,95219599435500,95219615341875,15906375,25341875,9435500,95219600000000,1,1,0
1,1509,95219600000000,95219615519125,95219630874875,15355750,30874875,15519125,95219610000000,1,1,1
1,1511,95219620000000,95219631061250,95219645852000,14790750,25852000,11061250,95219630000000,1,1,1
1,1512,95219640000000,95219646024750,95219661899375,15874625,21899375,6024750,95219650000000,1,1,0
1,1514,95219650000000,95219662063250,95219677965250,15902000,27965250,12063250,95219660000000,1,1,1
1,1515,95219670000000,95219678130625,95219692644250,14513625,22644250,8130625,95219680000000,1,1,0
1,1517,95219680000000,95219692806750,95219708655500,15848750,28655500,12806750,95219690000000,1,1,1
1,1518,95219700000000,95219708808750,95219724797000,15988250,24797000,8808750,95219710000000,1,1,0
1,1520,95219710000000,95219724965375,95219740876000,15910625,30876000,14965375,95219720000000,1,1,1
1,1522,95219730000000,95219740994625,95219755656125,14661500,25656125,10994625,95219740000000,1,1,1
1,1523,95219750000000,95219755845375,95219771767375,15922000,21767375,5845375,95219760000000,1,1,0
1,1525,95219760000000,95219771959500,95219786513250,14553750,26513250,11959500,95219770000000,1,1,1
1,1526,95219780000000,95219786696750,95219802586000,15889250,22586000,6696750,95219790000000,1,1,0
1,1528,95219790000000,95219802761125,95219817431375,14670250,27431375,12761125,95219800000000,1,1,1
1,1529,95219810000000,95219817708500,95219833117125,15408625,23117125,7708500,95219820000000,1,1,0
1,1531,95219820000000,95219833303500,95219849187000,15883500,29187000,13303500,95219830000000,1,1,1
1,1532,95219840000000,95219849335375,95219864135375,14800000,24135375,9335375,95219850000000,1,1,0
1,1534,95219850000000,95219864283125,95219879417375,15134250,29417375,14283125,95219860000000,1,1,1
1,1535,95219870000000,95219879607250,95219895485750,15878500,25485750,9607250,95219880000000,1,1,0
1,1537,95219880000000,95219895682375,95219911568250,15885875,31568250,15682375,95219890000000,1,1,1
1,1539,95219900000000,95219911884500,95219927710125,15825625,27710125,11884500,95219910000000,1,1,1
1,1540,95219920000000,95219927937625,95219943148500,15210875,23148500,7937625,95219930000000,1,1,0
1,1542,95219930000000,95219943342750,95219959272500,15929750,29272500,13342750,95219940000000,1,1,1
1,1543,95219950000000,95219959451125,95219973542125,14091000,23542125,9451125,95219960000000,1,1,0
1,1545,95219960000000,95219973710000,95219989534750,15824750,29534750,13710000,95219970000000,1,1,1
1,1546,95219980000000,95219989690375,95220005620125,15929750,25620125,9690375,95219990000000,1,1,0
1,1548,95219990000000,95220005768000,95220021681125,15913125,31681125,15768000,95220000000000,1,1,1
1,1550,95220010000000,95220021868000,95220037314125,15446125,27314125,11868000,95220020000000,1,1,1
1,1551,95220030000000,95220037480125,95220053285000,15804875,23285000,7480125,95220040000000,1,1,0
1,1553,95220040000000,95220053431750,95220068045750,14614000,28045750,13431750,95220050000000,1,1,1
1,1554,95220060000000,95220068184000,95220083391000,15207000,23391000,8184000,95220070000000,1,1,0
1,1556,95220070000000,95220083583250,95220098818250,15235000,28818250,13583250,95220080000000,1,1,1
1,1557,95220090000000,95220098991375,95220114860625,15869250,24860625,8991375,95220100000000,1,1,0
1,1559,95220100000000,95220115041125,95220131001125,15960000,31001125,15041125,95220110000000,1,1,1
1,1561,95220120000000,95220131184250,95220147006625,15822375,27006625,11184250,95220130000000,1,1,1
1,1562,95220140000000,95220147941500,95220163927375,15985875,23927375,7941500,95220150000000,1,1,0
1,1564,95220150000000,95220164148000,95220178977625,14829625,28977625,14148000,95220160000000,1,1,1
1,1565,95220170000000,95220179314375,95220194634125,15319750,24634125,9314375,95220180000000,1,1,0
1,1567,95220180000000,95220194825875,95220210654625,15828750,30654625,14825875,95220190000000,1,1,1
1,1569,95220200000000,95220210833750,95220226809375,15975625,26809375,10833750,95220210000000,1,1,1
1,1570,95220220000000,95220227008375,95220242972250,15963875,22972250,7008375,95220230000000,1,1,0
1,1572,95220230000000,95220243170875,95220259030375,15859500,29030375,13170875,95220240000000,1,1,1
1,1573,95220250000000,95220259204125,95220274419000,15214875,24419000,9204125,95220260000000,1,1,0
1,1575,95220260000000,95220274596125,95220289271750,14675625,29271750,14596125,95220270000000,1,1,1
1,1576,95220280000000,95220289435875,95220305315500,15879625,25315500,9435875,95220290000000,1,1,0
1,1578,95220290000000,95220305475625,95220321156000,15680375,31156000,15475625,95220300000000,1,1,1
1,1580,95220310000000,95220321303375,95220337226250,15922875,27226250,11303375,95220320000000,1,1,1
1,1581,95220330000000,95220337495250,95220352367000,14871750,22367000,7495250,95220340000000,1,1,0
1,1583,95220340000000,95220352553750,95220367108375,14554625,27108375,12553750,95220350000000,1,1,1
1,1584,95220360000000,95220367411500,95220383371375,15959875,23371375,7411500,95220370000000,1,1,0
1,1586,95220370000000,95220383585125,95220399485625,15900500,29485625,13585125,95220380000000,1,1,1
1,1587,95220390000000,95220399689125,95220415524625,15835500,25524625,9689125,95220400000000,1,1,0
1,1589,95220400000000,95220415702250,95220431616375,15914125,31616375,15702250,95220410000000,1,1,1
1,1591,95220420000000,95220431800875,95220446399875,14599000,26399875,11800875,95220430000000,1,1,1
1,1592,95220440000000,95220446588125,95220461896250,15308125,21896250,6588125,95220450000000,1,1,0
1,1594,95220450000000,95220462063625,95220477659125,15595500,27659125,12063625,95220460000000,1,1,1
1,1595,95220470000000,95220477822500,95220493174500,15352000,23174500,7822500,95220480000000,1,1,0
1,1597,95220480000000,95220493344250,95220509037875,15693625,29037875,13344250,95220490000000,1,1,1
1,1598,95220500000000,95220509191625,95220524985625,15794000,24985625,9191625,95220510000000,1,1,0
1,1600,95220510000000,95220525257375,95220539832125,14574750,29832125,15257375,95220520000000,1,1,1
1,1602,95220530000000,95220540051125,95220555277250,15226125,25277250,10051125,95220540000000,1,1,1
1,1603,95220550000000,95220555476250,95220571386000,15909750,21386000,5476250,95220560000000,1,1,0
1,1605,95220560000000,95220571571875,95220587651500,16079625,27651500,11571875,95220570000000,1,1,1
1,1606,95220580000000,95220587878875,95220603506125,15627250,23506125,7878875,95220590000000,1,1,0
1,1608,95220590000000,95220603748125,95220619666250,15918125,29666250,13748125,95220600000000,1,1,1
1,1609,95220610000000,95220619861250,95220634081125,14219875,24081125,9861250,95220620000000,1,1,0
1,1611,95220620000000,95220634237375,95220648834875,14597500,28834875,14237375,95220630000000,1,1,1
1,1612,95220640000000,95220648981625,95220664806500,15824875,24806500,8981625,95220650000000,1,1,0
1,1614,95220650000000,95220665046625,95220680990500,15943875,30990500,15046625,95220660000000,1,1,1
1,1616,95220670000000,95220681161250,95220697007125,15845875,27007125,11161250,95220680000000,1,1,1
1,1617,95220690000000,95220697154875,95220712929000,15774125,22929000,7154875,95220700000000,1,1,0
1,1619,95220700000000,95220713086625,95220728888125,15801500,28888125,13086625,95220710000000,1,1,1
1,1620,95220720000000,95220729047000,95220743898375,14851375,23898375,9047000,95220730000000,1,1,0
1,1622,95220730000000,95220744458125,95220758671500,14213375,28671500,14458125,95220740000000,1,1,1
1,1623,95220750000000,95220758868125,95220774803750,15935625,24803750,8868125,95220760000000,1,1,0
1,1625,95220760000000,95220774985875,95220790831625,15845750,30831625,14985875,95220770000000,1,1,1
1,1627,95220780000000,95220791693500,95220807616250,15922750,27616250,11693500,95220790000000,1,1,1
1,1628,95220800000000,95220807826625,95220822672500,14845875,22672500,7826625,95220810000000,1,1,0
1,1630,95220810000000,95220822845250,95220838952125,16106875,28952125,12845250,95220820000000,1,1,1
1,1631,95220830000000,95220839131125,95220853068500,13937375,23068500,9131125,95220840000000,1,1,0
1,1633,95220840000000,95220853238375,95220868493250,15254875,28493250,13238375,95220850000000,1,1,1
1,1634,95220860000000,95220868655625,95220883895875,15240250,23895875,8655625,95220870000000,1,1,0
1,1636,95220870000000,95220884109125,95220899896875,15787750,29896875,14109125,95220880000000,1,1,1
1,1638,95220890000000,95220900065625,95220915951000,15885375,25951000,10065625,95220900000000,1,1,1
1,1639,95220910000000,95220916144750,95220931972500,15827750,21972500,6144750,95220920000000,1,1,0
1,1641,95220920000000,95220932195000,95220947335625,15140625,27335625,12195000,95220930000000,1,1,1
1,1642,95220940000000,95220947518750,95220962318750,14800000,22318750,7518750,95220950000000,1,1,0
1,1644,95220950000000,95220962605625,95220977687375,15081750,27687375,12605625,95220960000000,1,1,1
1,1645,95220970000000,95220977869250,95220993713625,15844375,23713625,7869250,95220980000000,1,1,0
1,1647,95220980000000,95220993895125,95221009823875,15928750,29823875,13895125,95220990000000,1,1,1
1,1649,95221000000000,95221010086000,95221026063875,15977875,26063875,10086000,95221010000000,1,1,1
1,1650,95221020000000,95221026222125,95221040203250,13981125,20203250,6222125,95221030000000,1,1,0
1,1652,95221030000000,95221040368125,95221055116500,14748375,25116500,10368125,95221040000000,1,1,1
1,1653,95221050000000,95221055323500,95221071248875,15925375,21248875,5323500,95221060000000,1,1,0
1,1655,95221060000000,95221071439625,95221086052250,14612625,26052250,11439625,95221070000000,1,1,1
1,1656,95221080000000,95221086246000,95221102055250,15809250,22055250,6246000,95221090000000,1,1,0
1,1658,95221090000000,95221102243875,95221117477875,15234000,27477875,12243875,95221100000000,1,1,1
1,1659,95221110000000,95221117636375,95221133331000,15694625,23331000,7636375,95221120000000,1,1,0
1,1661,95221120000000,95221133513000,95221149433875,15920875,29433875,13513000,95221130000000,1,1,1
1,1662,95221140000000,95221149598875,95221164988875,15390000,24988875,9598875,95221150000000,1,1,0
1,1664,95221150000000,95221165158750,95221180544250,15385500,30544250,15158750,95221160000000,1,1,1
1,1666,95221170000000,95221180710250,95221195885000,15174750,25885000,10710250,95221180000000,1,1,1
1,1667,95221190000000,95221196232125,95221211377125,15145000,21377125,6232125,95221200000000,1,1,0
1,1669,95221200000000,95221211589875,95221227474250,15884375,27474250,11589875,95221210000000,1,1,1
1,1670,95221220000000,95221227776750,95221243659625,15882875,23659625,7776750,95221230000000,1,1,0
1,1672,95221230000000,95221243878250,95221258834500,14956250,28834500,13878250,95221240000000,1,1,1
1,1673,95221250000000,95221259166250,95221275039375,15873125,25039375,9166250,95221260000000,1,1,0
1,1675,95221260000000,95221275236625,95221290476875,15240250,30476875,15236625,95221270000000,1,1,1
1,1677,95221280000000,95221290699875,95221305918000,15218125,25918000,10699875,95221290000000,1,1,1
1,1678,95221300000000,95221306109625,95221321987250,15877625,21987250,6109625,95221310000000,1,1,0
1,1680,95221310000000,95221322158500,95221338063875,15905375,28063875,12158500,95221320000000,1,1,1
1,1681,95221330000000,95221338258125,95221354129750,15871625,24129750,8258125,95221340000000,1,1,0
1,1683,95221340000000,95221354393750,95221369977000,15583250,29977000,14393750,95221350000000,1,1,1
1,1685,95221360000000,95221370169250,95221385787250,15618000,25787250,10169250,95221370000000,1,1,1
1,1686,95221380000000,95221385958125,95221401836500,15878375,21836500,5958125,95221390000000,1,1,0
1,1688,95221390000000,95221401995125,95221416060250,14065125,26060250,11995125,95221400000000,1,1,1
1,1689,95221410000000,95221416198250,95221432083125,15884875,22083125,6198250,95221420000000,1,1,0
1,1691,95221420000000,95221432338375,95221448267125,15928750,28267125,12338375,95221430000000,1,1,1
1,1693,95221440000000,95221454325875,95221468773625,14447750,28773625,14325875,95221450000000,1,1,1
1,1694,95221460000000,95221468979000,95221484905875,15926875,24905875,8979000,95221470000000,1,1,0
1,1696,95221470000000,95221485084875,95221500811250,15726375,30811250,15084875,95221480000000,1,1,1
1,1698,95221490000000,95221501068875,95221516830250,15761375,26830250,11068875,95221500000000,1,1,1
1,1699,95221510000000,95221517030250,95221532941500,15911250,22941500,7030250,95221520000000,1,1,0
1,1701,95221520000000,95221533108375,95221548306625,15198250,28306625,13108375,95221530000000,1,1,1
1,1702,95221540000000,95221548560375,95221564471125,15910750,24471125,8560375,95221550000000,1,1,0
1,1704,95221550000000,95221564643375,95221580606750,15963375,30606750,14643375,95221560000000,1,1,1
1,1706,95221570000000,95221580762750,95221596667125,15904375,26667125,10762750,95221580000000,1,1,1
1,1707,95221590000000,95221596821875,95221612716875,15895000,22716875,6821875,95221600000000,1,1,0
1,1709,95221600000000,95221612865750,95221628806250,15940500,28806250,12865750,95221610000000,1,1,1
1,1710,95221620000000,95221629075125,95221644969250,15894125,24969250,9075125,95221630000000,1,1,0
1,1712,95221630000000,95221645145375,95221659565750,14420375,29565750,15145375,95221640000000,1,1,1
1,1713,95221650000000,95221659755125,95221675672250,15917125,25672250,9755125,95221660000000,1,1,0
1,1715,95221660000000,95221675866500,95221691737500,15871000,31737500,15866500,95221670000000,1,1,1
1,1717,95221680000000,95221691931750,95221706821125,14889375,26821125,11931750,95221690000000,1,1,1
1,1718,95221700000000,95221707018250,95221722561000,15542750,22561000,7018250,95221710000000,1,1,0
1,1720,95221710000000,95221722745375,95221737188750,14443375,27188750,12745375,95221720000000,1,1,1
1,1721,95221730000000,95221737375250,95221753288000,15912750,23288000,7375250,95221740000000,1,1,0
1,1723,95221740000000,95221753448875,95221769267375,15818500,29267375,13448875,95221750000000,1,1,1
1,1724,95221760000000,95221769427875,95221784259625,14831750,24259625,9427875,95221770000000,1,1,0
1,1726,95221770000000,95221784421250,95221800300250,15879000,30300250,14421250,95221780000000,1,1,1
1,1728,95221790000000,95221800450500,95221816284625,15834125,26284625,10450500,95221800000000,1,1,1
1,1729,95221810000000,95221816432875,95221832589000,16156125,22589000,6432875,95221820000000,1,1,0
1,1731,95221820000000,95221832780375,95221847401250,14620875,27401250,12780375,95221830000000,1,1,1
1,1732,95221840000000,95221847626250,95221863471125,15844875,23471125,7626250,95221850000000,1,1,0
1,1734,95221850000000,95221863770625,95221879712125,15941500,29712125,13770625,95221860000000,1,1,1
1,1735,95221870000000,95221879941000,95221895795625,15854625,25795625,9941000,95221880000000,1,1,0
1,1737,95221880000000,95221895988250,95221911803875,15815625,31803875,15988250,95221890000000,1,1,1
1,1739,95221900000000,95221911993125,95221927882000,15888875,27882000,11993125,95221910000000,1,1,1
1,1740,95221920000000,95221928064375,95221943292000,15227625,23292000,8064375,95221930000000,1,1,0
1,1742,95221930000000,95221943474375,95221958699125,15224750,28699125,13474375,95221940000000,1,1,1
1,1743,95221950000000,95221958885000,95221974822000,15937000,24822000,8885000,95221960000000,1,1,0
1,1745,95221960000000,95221975019125,95221990966500,15947375,30966500,15019125,95221970000000,1,1,1
1,1747,95221980000000,95221991155375,95222007034250,15878875,27034250,11155375,95221990000000,1,1,1
1,1748,95222000000000,95222007216750,95222022426750,15210000,22426750,7216750,95222010000000,1,1,0
1,1750,95222010000000,95222022604875,95222038498000,15893125,28498000,12604875,95222020000000,1,1,1
1,1751,95222030000000,95222038667375,95222053905000,15237625,23905000,8667375,95222040000000,1,1,0
1,1753,95222040000000,95222054067625,95222069764625,15697000,29764625,14067625,95222050000000,1,1,1
1,1754,95222060000000,95222069938750,95222085866125,15927375,25866125,9938750,95222070000000,1,1,0
1,1756,95222070000000,95222086029000,95222101859250,15830250,31859250,16029000,95222080000000,1,1,1
1,1758,95222090000000,95222102760625,95222118766375,16005750,28766375,12760625,95222100000000,1,1,1
1,1759,95222110000000,95222118970000,95222134879625,15909625,24879625,8970000,95222120000000,1,1,0
1,1761,95222120000000,95222135073000,95222150936625,15863625,30936625,15073000,95222130000000,1,1,1
1,1763,95222140000000,95222151110875,95222164391875,13281000,24391875,11110875,95222150000000,1,1,1
1,1764,95222160000000,95222164527000,95222179890250,15363250,19890250,4527000,95222170000000,1,0,0
1,1766,95222170000000,95222180231375,95222194866875,14635500,24866875,10231375,95222180000000,1,1,1
1,1767,95222190000000,95222195059125,95222211013750,15954625,21013750,5059125,95222200000000,1,1,0
1,1769,95222200000000,95222211309375,95222227292875,15983500,27292875,11309375,95222210000000,1,1,1
1,1770,95222220000000,95222227496375,95222242651750,15155375,22651750,7496375,95222230000000,1,1,0
1,1772,95222230000000,95222242833250,95222258710625,15877375,28710625,12833250,95222240000000,1,1,1
1,1773,95222250000000,95222258992250,95222274950750,15958500,24950750,8992250,95222260000000,1,1,0
1,1775,95222260000000,95222275147375,95222291026875,15879500,31026875,15147375,95222270000000,1,1,1
1,1777,95222280000000,95222291208000,95222307029750,15821750,27029750,11208000,95222290000000,1,1,1
1,1778,95222300000000,95222307227875,95222323134750,15906875,23134750,7227875,95222310000000,1,1,0
1,1780,95222310000000,95222323332375,95222336666000,13333625,26666000,13332375,95222320000000,1,1,1
1,1781,95222330000000,95222336938875,95222352834375,15895500,22834375,6938875,95222340000000,1,1,0
1,1783,95222340000000,95222353011000,95222367771000,14760000,27771000,13011000,95222350000000,1,1,1
1,1784,95222360000000,95222368039875,95222383901875,15862000,23901875,8039875,95222370000000,1,1,0
1,1786,95222370000000,95222384081000,95222399913625,15832625,29913625,14081000,95222380000000,1,1,1
1,1788,95222390000000,95222400065750,95222415955500,15889750,25955500,10065750,95222400000000,1,1,1
1,1789,95222410000000,95222416147250,95222431972500,15825250,21972500,6147250,95222420000000,1,1,0
1,1791,95222420000000,95222432309875,95222447053750,14743875,27053750,12309875,95222430000000,1,1,1
1,1792,95222440000000,95222447268000,95222463151750,15883750,23151750,7268000,95222450000000,1,1,0
1,1794,95222450000000,95222463341125,95222479208875,15867750,29208875,13341125,95222460000000,1,1,1
1,1795,95222470000000,95222479427375,95222495336125,15908750,25336125,9427375,95222480000000,1,1,0
1,1797,95222480000000,95222495542125,95222511448125,15906000,31448125,15542125,95222490000000,1,1,1
1,1799,95222500000000,95222511650375,95222527545500,15895125,27545500,11650375,95222510000000,1,1,1
1,1800,95222520000000,95222527721750,95222542494000,14772250,22494000,7721750,95222530000000,1,1,0
1,1802,95222530000000,95222542666125,95222557947375,15281250,27947375,12666125,95222540000000,1,1,1
1,1803,95222550000000,95222558112875,95222574027875,15915000,24027875,8112875,95222560000000,1,1,0
1,1805,95222560000000,95222574205125,95222590082625,15877500,30082625,14205125,95222570000000,1,1,1
1,1807,95222580000000,95222590253875,95222604922125,14668250,24922125,10253875,95222590000000,1,1,1
1,1808,95222600000000,95222605062625,95222621178375,16115750,21178375,5062625,95222610000000,1,1,0
1,1810,95222610000000,95222621394875,95222635681750,14286875,25681750,11394875,95222620000000,1,1,1
1,1811,95222630000000,95222635983750,95222651880875,15897125,21880875,5983750,95222640000000,1,1,0
1,1813,95222640000000,95222652140375,95222666788125,14647750,26788125,12140375,95222650000000,1,1,1
1,1814,95222660000000,95222666976000,95222682883750,15907750,22883750,6976000,95222670000000,1,1,0
1,1816,95222670000000,95222683032125,95222697993750,14961625,27993750,13032125,95222680000000,1,1,1
1,1817,95222690000000,95222698176750,95222712062250,13885500,22062250,8176750,95222700000000,1,1,0
1,1819,95222700000000,95222712208250,95222727569000,15360750,27569000,12208250,95222710000000,1,1,1
1,1820,95222720000000,95222727768125,95222743733375,15965250,23733375,7768125,95222730000000,1,1,0
1,1822,95222730000000,95222744643250,95222760541500,15898250,30541500,14643250,95222740000000,1,1,1
1,1824,95222750000000,95222760714250,95222776660500,15946250,26660500,10714250,95222760000000,1,1,1
1,1825,95222770000000,95222776831375,95222792639500,15808125,22639500,6831375,95222780000000,1,1,0
1,1827,95222780000000,95222792792750,95222808754750,15962000,28754750,12792750,95222790000000,1,1,1
1,1828,95222800000000,95222808912875,95222823547500,14634625,23547500,8912875,95222810000000,1,1,0
1,1830,95222810000000,95222823765125,95222839699250,15934125,29699250,13765125,95222820000000,1,1,1
1,1831,95222830000000,95222839893875,95222855724625,15830750,25724625,9893875,95222840000000,1,1,0
1,1833,95222840000000,95222855932500,95222871760125,15827625,31760125,15932500,95222850000000,1,1,1
1,1835,95222860000000,95222871942625,95222887943750,16001125,27943750,11942625,95222870000000,1,1,1
1,1836,95222880000000,95222888235500,95222904113875,15878375,24113875,8235500,95222890000000,1,1,0
1,1838,95222890000000,95222904291125,95222920195500,15904375,30195500,14291125,95222900000000,1,1,1
1,1840,95222910000000,95222920316500,95222935474250,15157750,25474250,10316500,95222920000000,1,1,1
1,1841,95222930000000,95222935789375,95222951732375,15943000,21732375,5789375,95222940000000,1,1,0
1,1843,95222940000000,95222951971500,95222967832875,15861375,27832875,11971500,95222950000000,1,1,1
1,1844,95222960000000,95222968045750,95222982489500,14443750,22489500,8045750,95222970000000,1,1,0
1,1846,95222970000000,95222982677500,95222998668000,15990500,28668000,12677500,95222980000000,1,1,1
1,1847,95222990000000,95222998876000,95223013537875,14661875,23537875,8876000,95223000000000,1,1,0
1,1849,95223000000000,95223013706750,95223028263750,14557000,28263750,13706750,95223010000000,1,1,1
1,1850,95223020000000,95223028429750,95223044284750,15855000,24284750,8429750,95223030000000,1,1,0
1,1852,95223030000000,95223044451125,95223059731875,15280750,29731875,14451125,95223040000000,1,1,1
1,1853,95223050000000,95223059936750,95223075197625,15260875,25197625,9936750,95223060000000,1,1,0
1,1855,95223060000000,95223075394125,95223091192625,15798500,31192625,15394125,95223070000000,1,1,1
1,1857,95223080000000,95223091486375,95223107427875,15941500,27427875,11486375,95223090000000,1,1,1
1,1858,95223100000000,95223107621125,95223122851500,15230375,22851500,7621125,95223110000000,1,1,0
1,1860,95223110000000,95223123128125,95223139018000,15889875,29018000,13128125,95223120000000,1,1,1
1,1861,95223130000000,95223139212000,95223153836500,14624500,23836500,9212000,95223140000000,1,1,0
1,1863,95223140000000,95223154005375,95223169673125,15667750,29673125,14005375,95223150000000,1,1,1
1,1864,95223160000000,95223169844875,95223185675500,15830625,25675500,9844875,95223170000000,1,1,0
1,1866,95223170000000,95223185818500,95223201691125,15872625,31691125,15818500,95223180000000,1,1,1
1,1868,95223190000000,95223201851250,95223217098125,15246875,27098125,11851250,95223200000000,1,1,1
1,1869,95223210000000,95223217267000,95223232578375,15311375,22578375,7267000,95223220000000,1,1,0
1,1871,95223220000000,95223232846750,95223248785375,15938625,28785375,12846750,95223230000000,1,1,1
1,1872,95223240000000,95223248951750,95223264864000,15912250,24864000,8951750,95223250000000,1,1,0
1,1874,95223250000000,95223265026500,95223280808750,15782250,30808750,15026500,95223260000000,1,1,1
1,1876,95223270000000,95223280964875,95223295570250,14605375,25570250,10964875,95223280000000,1,1,1
1,1877,95223290000000,95223295748000,95223310932875,15184875,20932875,5748000,95223300000000,1,1,0
1,1879,95223300000000,95223311129625,95223327017750,15888125,27017750,11129625,95223310000000,1,1,1
1,1880,95223320000000,95223327208250,95223343135375,15927125,23135375,7208250,95223330000000,1,1,0
1,1882,95223330000000,95223343320750,95223359120750,15800000,29120750,13320750,95223340000000,1,1,1
1,1883,95223350000000,95223359501375,95223375335500,15834125,25335500,9501375,95223360000000,1,1,0
1,1885,95223360000000,95223375538500,95223390737250,15198750,30737250,15538500,95223370000000,1,1,1
1,1887,95223380000000,95223391645875,95223407622875,15977000,27622875,11645875,95223390000000,1,1,1
1,1888,95223400000000,95223407827375,95223421150250,13322875,21150250,7827375,95223410000000,1,1,0
1,1890,95223410000000,95223421322500,95223437025875,15703375,27025875,11322500,95223420000000,1,1,1
1,1891,95223430000000,95223437184000,95223452471000,15287000,22471000,7184000,95223440000000,1,1,0
1,1893,95223440000000,95223452640750,95223468494000,15853250,28494000,12640750,95223450000000,1,1,1
1,1894,95223460000000,95223468654000,95223484494000,15840000,24494000,8654000,95223470000000,1,1,0
1,1896,95223470000000,95223484637375,95223499270125,14632750,29270125,14637375,95223480000000,1,1,1
1,1897,95223490000000,95223499465250,95223515416500,15951250,25416500,9465250,95223500000000,1,1,0
1,1899,95223500000000,95223515757125,95223531642500,15885375,31642500,15757125,95223510000000,1,1,1
1,1901,95223520000000,95223531842000,95223547153500,15311500,27153500,11842000,95223530000000,1,1,1
1,1902,95223540000000,95223547321375,95223563197375,15876000,23197375,7321375,95223550000000,1,1,0
1,1904,95223550000000,95223563475500,95223578682125,15206625,28682125,13475500,95223560000000,1,1,1
1,1905,95223570000000,95223578866125,95223594824125,15958000,24824125,8866125,95223580000000,1,1,0
1,1907,95223580000000,95223594996375,95223610200375,15204000,30200375,14996375,95223590000000,1,1,1
1,1909,95223600000000,95223610376625,95223626275625,15899000,26275625,10376625,95223610000000,1,1,1
1,1910,95223620000000,95223626447750,95223642307750,15860000,22307750,6447750,95223630000000,1,1,0
1,1912,95223630000000,95223642475625,95223658412750,15937125,28412750,12475625,95223640000000,1,1,1
1,1913,95223650000000,95223658573250,95223674493250,15920000,24493250,8573250,95223660000000,1,1,0
1,1915,95223660000000,95223674782500,95223690593250,15810750,30593250,14782500,95223670000000,1,1,1
1,1917,95223680000000,95223690788875,95223705168375,14379500,25168375,10788875,95223690000000,1,1,1
1,1918,95223700000000,95223705334250,95223721105250,15771000,21105250,5334250,95223710000000,1,1,0
1,1920,95223710000000,95223721272750,95223735978125,14705375,25978125,11272750,95223720000000,1,1,1
1,1921,95223730000000,95223736194750,95223751341750,15147000,21341750,6194750,95223740000000,1,1,0
1,1923,95223740000000,95223751513000,95223767479875,15966875,27479875,11513000,95223750000000,1,1,1
1,1924,95223760000000,95223767678000,95223783516000,15838000,23516000,7678000,95223770000000,1,1,0
1,1926,95223770000000,95223783701000,95223798896250,15195250,28896250,13701000,95223780000000,1,1,1
1,1927,95223790000000,95223799081250,95223814389625,15308375,24389625,9081250,95223800000000,1,1,0
1,1929,95223800000000,95223814686375,95223829400000,14713625,29400000,14686375,95223810000000,1,1,1
1,1930,95223820000000,95223829584000,95223845472250,15888250,25472250,9584000,95223830000000,1,1,0
1,1932,95223830000000,95223845650375,95223861567000,15916625,31567000,15650375,95223840000000,1,1,1
1,1934,95223850000000,95223861720750,95223877577750,15857000,27577750,11720750,95223860000000,1,1,1
1,1935,95223870000000,95223877733500,95223892809000,15075500,22809000,7733500,95223880000000,1,1,0
1,1937,95223880000000,95223893078000,95223909019000,15941000,29019000,13078000,95223890000000,1,1,1
1,1938,95223900000000,95223909200500,95223925135125,15934625,25135125,9200500,95223910000000,1,1,0
1,1940,95223910000000,95223925301000,95223941155125,15854125,31155125,15301000,95223920000000,1,1,1
1,1942,95223930000000,95223941326875,95223957235125,15908250,27235125,11326875,95223940000000,1,1,1
1,1943,95223950000000,95223957417625,95223972850000,15432375,22850000,7417625,95223960000000,1,1,0
1,1945,95223960000000,95223973032000,95223988841250,15809250,28841250,13032000,95223970000000,1,1,1
1,1946,95223980000000,95223989146000,95224004320125,15174125,24320125,9146000,95223990000000,1,1,0
1,1948,95223990000000,95224004497750,95224020491500,15993750,30491500,14497750,95224000000000,1,1,1
1,1950,95224010000000,95224020772000,95224036708500,15936500,26708500,10772000,95224020000000,1,1,1
1,1951,95224030000000,95224037601125,95224052782750,15181625,22782750,7601125,95224040000000,1,1,0
1,1953,95224040000000,95224052965250,95224068878375,15913125,28878375,12965250,95224050000000,1,1,1
1,1954,95224060000000,95224069057000,95224084885125,15828125,24885125,9057000,95224070000000,1,1,0
1,1956,95224070000000,95224085181375,95224101077875,15896500,31077875,15181375,95224080000000,1,1,1
1,1958,95224090000000,95224101261375,95224116399625,15138250,26399625,11261375,95224100000000,1,1,1
1,1959,95224110000000,95224116563500,95224131728125,15164625,21728125,6563500,95224120000000,1,1,0
1,1961,95224120000000,95224131937500,95224147841875,15904375,27841875,11937500,95224130000000,1,1,1
1,1962,95224140000000,95224148044250,95224163828625,15784375,23828625,8044250,95224150000000,1,1,0
1,1964,95224150000000,95224164119625,95224180038875,15919250,30038875,14119625,95224160000000,1,1,1
1,1966,95224170000000,95224180175625,95224196100000,15924375,26100000,10175625,95224180000000,1,1,1
1,1967,95224190000000,95224196254250,95224211363625,15109375,21363625,6254250,95224200000000,1,1,0
1,1969,95224200000000,95224211648625,95224227031750,15383125,27031750,11648625,95224210000000,1,1,1
1,1970,95224220000000,95224227233875,95224242542375,15308500,22542375,7233875,95224230000000,1,1,0
1,1972,95224230000000,95224242710750,95224258007500,15296750,28007500,12710750,95224240000000,1,1,1
1,1973,95224250000000,95224258176750,95224274037250,15860500,24037250,8176750,95224260000000,1,1,0
1,1975,95224260000000,95224274224250,95224289522000,15297750,29522000,14224250,95224270000000,1,1,1
1,1976,95224280000000,95224289671250,95224304880750,15209500,24880750,9671250,95224290000000,1,1,0
1,1978,95224290000000,95224305021750,95224319555875,14534125,29555875,15021750,95224300000000,1,1,1
1,1979,95224310000000,95224319735500,95224333954250,14218750,23954250,9735500,95224320000000,1,1,0
1,1981,95224320000000,95224334223125,95224350123625,15900500,30123625,14223125,95224330000000,1,1,1
1,1983,95224340000000,95224350289500,95224365871250,15581750,25871250,10289500,95224350000000,1,1,1
1,1984,95224360000000,95224366034750,95224381323125,15288375,21323125,6034750,95224370000000,1,1,0
1,1986,95224370000000,95224382096250,95224397345250,15249000,27345250,12096250,95224380000000,1,1,1
1,1987,95224390000000,95224397508750,95224413336500,15827750,23336500,7508750,95224400000000,1,1,0
1,1989,95224400000000,95224413499500,95224429353625,15854125,29353625,13499500,95224410000000,1,1,1
1,1990,95224420000000,95224429510125,95224445423750,15913625,25423750,9510125,95224430000000,1,1,0
1,1992,95224430000000,95224445607750,95224461514500,15906750,31514500,15607750,95224440000000,1,1,1
1,1994,95224450000000,95224461682000,95224476998250,15316250,26998250,11682000,95224460000000,1,1,1
1,1995,95224470000000,95224477162250,95224491766125,14603875,21766125,7162250,95224480000000,1,1,0
1,1997,95224480000000,95224491971000,95224507896000,15925000,27896000,11971000,95224490000000,1,1,1
1,1998,95224500000000,95224508056500,95224523867250,15810750,23867250,8056500,95224510000000,1,1,0
1,2000,95224510000000,95224524125750,95224539986125,15860375,29986125,14125750,95224520000000,1,1,1
1,2002,95224530000000,95224540195125,95224556091000,15895875,26091000,10195125,95224540000000,1,1,1
1,2003,95224550000000,95224556243375,95224572142375,15899000,22142375,6243375,95224560000000,1,1,0
1,2005,95224560000000,95224572306375,95224586743250,14436875,26743250,12306375,95224570000000,1,1,1
1,2006,95224580000000,95224586923250,95224602759875,15836625,22759875,6923250,95224590000000,1,1,0
1,2008,95224590000000,95224603058000,95224617474125,14416125,27474125,13058000,95224600000000,1,1,1
1,2009,95224610000000,95224617663750,95224633553000,15889250,23553000,7663750,95224620000000,1,1,0
1,2011,95224620000000,95224633711625,95224650012750,16301125,30012750,13711625,95224630000000,1,1,1
1,2013,95224640000000,95224650207000,95224666123000,15916000,26123000,10207000,95224650000000,1,1,1
1,2014,95224660000000,95224666301125,95224682014250,15713125,22014250,6301125,95224670000000,1,1,0
1,2016,95224670000000,95224682931625,95224698226000,15294375,28226000,12931625,95224680000000,1,1,1
1,2017,95224690000000,95224698421625,95224714230875,15809250,24230875,8421625,95224700000000,1,1,0
1,2019,95224700000000,95224714507625,95224730434875,15927250,30434875,14507625,95224710000000,1,1,1
1,2021,95224720000000,95224730634875,95224746236750,15601875,26236750,10634875,95224730000000,1,1,1
1,2022,95224740000000,95224746420625,95224762305000,15884375,22305000,6420625,95224750000000,1,1,0
1,2024,95224750000000,95224762483125,95224778389000,15905875,28389000,12483125,95224760000000,1,1,1
1,2025,95224770000000,95224778562625,95224793647250,15084625,23647250,8562625,95224780000000,1,1,0
1,2027,95224780000000,95224794513875,95224809110000,14596125,29110000,14513875,95224790000000,1,1,1
1,2028,95224800000000,95224809271500,95224824567375,15295875,24567375,9271500,95224810000000,1,1,0
1,2030,95224810000000,95224824721625,95224840331125,15609500,30331125,14721625,95224820000000,1,1,1
1,2032,95224830000000,95224840493125,95224856407250,15914125,26407250,10493125,95224840000000,1,1,1
1,2033,95224850000000,95224856575250,95224871323000,14747750,21323000,6575250,95224860000000,1,1,0
1,2035,95224860000000,95224871509500,95224886126000,14616500,26126000,11509500,95224870000000,1,1,1
1,2036,95224880000000,95224886291375,95224900885875,14594500,20885875,6291375,95224890000000,1,1,0
1,2038,95224890000000,95224901052875,95224916926875,15874000,26926875,11052875,95224900000000,1,1,1
1,2039,95224910000000,95224917092375,95224932983500,15891125,22983500,7092375,95224920000000,1,1,0
1,2041,95224920000000,95224933151375,95224948974750,15823375,28974750,13151375,95224930000000,1,1,1
1,2042,95224940000000,95224949141125,95224965019625,15878500,25019625,9141125,95224950000000,1,1,0
1,2044,95224950000000,95224965179625,95224979621625,14442000,29621625,15179625,95224960000000,1,1,1
1,2045,95224970000000,95224979819625,95224995711375,15891750,25711375,9819625,95224980000000,1,1,0
1,2047,95224980000000,95224995905000,95225011145750,15240750,31145750,15905000,95224990000000,1,1,1
1,2049,95225000000000,95225011317500,95225025827250,14509750,25827250,11317500,95225010000000,1,1,1
1,2050,95225020000000,95225026010250,95225041960500,15950250,21960500,6010250,95225030000000,1,1,0
1,2052,95225030000000,95225042128875,95225057864875,15736000,27864875,12128875,95225040000000,1,1,1
1,2053,95225050000000,95225058142000,95225072045125,13903125,22045125,8142000,95225060000000,1,1,0
1,2055,95225060000000,95225072225125,95225088154875,15929750,28154875,12225125,95225070000000,1,1,1
1,2056,95225080000000,95225088408125,95225103732250,15324125,23732250,8408125,95225090000000,1,1,0
1,2058,95225090000000,95225103944125,95225119830750,15886625,29830750,13944125,95225100000000,1,1,1
1,2060,95225110000000,95225120092000,95225135935750,15843750,25935750,10092000,95225120000000,1,1,1
1,2061,95225130000000,95225136221750,95225151535625,15313875,21535625,6221750,95225140000000,1,1,0
1,2063,95225140000000,95225151732375,95225166364000,14631625,26364000,11732375,95225150000000,1,1,1
1,2064,95225160000000,95225166581625,95225182477625,15896000,22477625,6581625,95225170000000,1,1,0
1,2066,95225170000000,95225182661625,95225198520125,15858500,28520125,12661625,95225180000000,1,1,1
1,2067,95225190000000,95225198705250,95225214593875,15888625,24593875,8705250,95225200000000,1,1,0
1,2069,95225200000000,95225214878250,95225230358625,15480375,30358625,14878250,95225210000000,1,1,1
1,2071,95225220000000,95225230547375,95225246433750,15886375,26433750,10547375,95225230000000,1,1,1
1,2072,95225240000000,95225246605625,95225260553000,13947375,20553000,6605625,95225250000000,1,1,0
1,2074,95225250000000,95225260718875,95225276620375,15901500,26620375,10718875,95225260000000,1,1,1
1,2075,95225270000000,95225276775625,95225292670250,15894625,22670250,6775625,95225280000000,1,1,0
1,2077,95225280000000,95225292823500,95225308052375,15228875,28052375,12823500,95225290000000,1,1,1
1,2078,95225300000000,95225308224125,95225324130000,15905875,24130000,8224125,95225310000000,1,1,0
1,2080,95225310000000,95225324971750,95225340976500,16004750,30976500,14971750,95225320000000,1,1,1
1,2082,95225330000000,95225341144500,95225357018000,15873500,27018000,11144500,95225340000000,1,1,1
1,2083,95225350000000,95225357180000,95225371763000,14583000,21763000,7180000,95225360000000,1,1,0
1,2085,95225360000000,95225371977250,95225386675250,14698000,26675250,11977250,95225370000000,1,1,1
1,2086,95225380000000,95225386840625,95225402270750,15430125,22270750,6840625,95225390000000,1,1,0
1,2088,95225390000000,95225402567000,95225417743125,15176125,27743125,12567000,95225400000000,1,1,1
1,2089,95225410000000,95225417932000,95225433902250,15970250,23902250,7932000,95225420000000,1,1,0
1,2091,95225420000000,95225434099375,95225448661750,14562375,28661750,14099375,95225430000000,1,1,1
1,2092,95225440000000,95225448811125,95225464728625,15917500,24728625,8811125,95225450000000,1,1,0
1,2094,95225450000000,95225464893625,95225480769125,15875500,30769125,14893625,95225460000000,1,1,1
1,2096,95225470000000,95225480926750,95225496837000,15910250,26837000,10926750,95225480000000,1,1,1
1,2097,95225490000000,95225497092750,95225512385125,15292375,22385125,7092750,95225500000000,1,1,0
1,2099,95225500000000,95225512564125,95225528470500,15906375,28470500,12564125,95225510000000,1,1,1
1,2100,95225520000000,95225528617875,95225544044875,15427000,24044875,8617875,95225530000000,1,1,0
1,2102,95225530000000,95225544615375,95225559316375,14701000,29316375,14615375,95225540000000,1,1,1
1,2103,95225550000000,95225559516875,95225575458375,15941500,25458375,9516875,95225560000000,1,1,0
1,2105,95225560000000,95225575720375,95225590666375,14946000,30666375,15720375,95225570000000,1,1,1
1,2107,95225580000000,95225590873750,95225605454250,14580500,25454250,10873750,95225590000000,1,1,1
1,2108,95225600000000,95225605630500,95225621448875,15818375,21448875,5630500,95225610000000,1,1,0
1,2110,95225610000000,95225621613250,95225636737875,15124625,26737875,11613250,95225620000000,1,1,1
1,2111,95225630000000,95225636902375,95225652724750,15822375,22724750,6902375,95225640000000,1,1,0
1,2113,95225640000000,95225652884750,95225668782750,15898000,28782750,12884750,95225650000000,1,1,1
1,2114,95225660000000,95225668922375,95225684782250,15859875,24782250,8922375,95225670000000,1,1,0
1,2116,95225670000000,95225685055000,95225701002375,15947375,31002375,15055000,95225680000000,1,1,1
1,2118,95225690000000,95225701173875,95225716496250,15322375,26496250,11173875,95225700000000,1,1,1
1,2119,95225710000000,95225716773625,95225732659875,15886250,22659875,6773625,95225720000000,1,1,0
1,2121,95225720000000,95225732835500,95225746930875,14095375,26930875,12835500,95225730000000,1,1,1
1,2122,95225740000000,95225747115375,95225762998750,15883375,22998750,7115375,95225750000000,1,1,0
1,2124,95225750000000,95225763182625,95225779030375,15847750,29030375,13182625,95225760000000,1,1,1
1,2125,95225770000000,95225779312375,95225793918750,14606375,23918750,9312375,95225780000000,1,1,0
1,2127,95225780000000,95225794117000,95225810123750,16006750,30123750,14117000,95225790000000,1,1,1
1,2129,95225800000000,95225810300875,95225825606875,15306000,25606875,10300875,95225810000000,1,1,1
1,2130,95225820000000,95225825945625,95225841119500,15173875,21119500,5945625,95225830000000,1,1,0
1,2132,95225830000000,95225841281875,95225857194000,15912125,27194000,11281875,95225840000000,1,1,1
1,2133,95225850000000,95225857371250,95225872077625,14706375,22077625,7371250,95225860000000,1,1,0
1,2135,95225860000000,95225872235250,95225887570125,15334875,27570125,12235250,95225870000000,1,1,1
1,2136,95225880000000,95225887875500,95225903763375,15887875,23763375,7875500,95225890000000,1,1,0
1,2138,95225890000000,95225903972625,95225917346375,13373750,27346375,13972625,95225900000000,1,1,1
1,2139,95225910000000,95225917512875,95225932740250,15227375,22740250,7512875,95225920000000,1,1,0
1,2141,95225920000000,95225932891625,95225948746125,15854500,28746125,12891625,95225930000000,1,1,1
1,2142,95225940000000,95225948894000,95225964825125,15931125,24825125,8894000,95225950000000,1,1,0
1,2144,95225950000000,95225965722125,95225981709250,15987125,31709250,15722125,95225960000000,1,1,1
1,2146,95225970000000,95225981850875,95225997762500,15911625,27762500,11850875,95225980000000,1,1,1
1,2147,95225990000000,95225997929375,95226012501125,14571750,22501125,7929375,95226000000000,1,1,0
1,2149,95226000000000,95226013360500,95226028555750,15195250,28555750,13360500,95226010000000,1,1,1
1,2150,95226020000000,95226028694875,95226043868625,15173750,23868625,8694875,95226030000000,1,1,0
1,2152,95226030000000,95226044056250,95226059863375,15807125,29863375,14056250,95226040000000,1,1,1
1,2154,95226050000000,95226060108750,95226075510000,15401250,25510000,10108750,95226060000000,1,1,1
1,2155,95226070000000,95226075720875,95226090394500,14673625,20394500,5720875,95226080000000,1,1,0
1,2157,95226080000000,95226090573125,95226105788375,15215250,25788375,10573125,95226090000000,1,1,1
1,2158,95226100000000,95226105948375,95226119966750,14018375,19966750,5948375,95226110000000,1,1,0
1,2160,95226110000000,95226120130750,95226134974250,14843500,24974250,10130750,95226120000000,1,1,1
1,2161,95226130000000,95226135181625,95226150997125,15815500,20997125,5181625,95226140000000,1,1,0
1,2163,95226140000000,95226151186500,95226165740000,14553500,25740000,11186500,95226150000000,1,1,1
1,2164,95226160000000,95226165910375,95226180407250,14496875,20407250,5910375,95226170000000,1,1,0
1,2166,95226170000000,95226180565000,95226195819375,15254375,25819375,10565000,95226180000000,1,1,1
1,2167,95226190000000,95226196048625,95226211857375,15808750,21857375,6048625,95226200000000,1,1,0
1,2169,95226200000000,95226212068625,95226227882500,15813875,27882500,12068625,95226210000000,1,1,1
1,2170,95226220000000,95226228202875,95226244112125,15909250,24112125,8202875,95226230000000,1,1,0
1,2172,95226230000000,95226244307250,95226260141375,15834125,30141375,14307250,95226240000000,1,1,1
1,2174,95226250000000,95226260308750,95226276172625,15863875,26172625,10308750,95226260000000,1,1,1
1,2175,95226270000000,95226276327250,95226291561625,15234375,21561625,6327250,95226280000000,1,1,0
1,2177,95226280000000,95226291773500,95226307267375,15493875,27267375,11773500,95226290000000,1,1,1
1,2178,95226300000000,95226307477875,95226323358625,15880750,23358625,7477875,95226310000000,1,1,0
1,2180,95226310000000,95226323570375,95226339008250,15437875,29008250,13570375,95226320000000,1,1,1
1,2181,95226330000000,95226339200625,95226355134750,15934125,25134750,9200625,95226340000000,1,1,0
1,2183,95226340000000,95226355318125,95226370363250,15045125,30363250,15318125,95226350000000,1,1,1
1,2185,95226360000000,95226370536875,95226385712125,15175250,25712125,10536875,95226370000000,1,1,1
1,2186,95226380000000,95226385967375,95226401881125,15913750,21881125,5967375,95226390000000,1,1,0
1,2188,95226390000000,95226402075250,95226417996750,15921500,27996750,12075250,95226400000000,1,1,1
1,2189,95226410000000,95226418173375,95226434034250,15860875,24034250,8173375,95226420000000,1,1,0
1,2191,95226420000000,95226434204500,95226450049875,15845375,30049875,14204500,95226430000000,1,1,1
1,2193,95226440000000,95226450211375,95226466124125,15912750,26124125,10211375,95226450000000,1,1,1
1,2194,95226460000000,95226466297750,95226482197125,15899375,22197125,6297750,95226470000000,1,1,0
1,2196,95226470000000,95226482360250,95226497574000,15213750,27574000,12360250,95226480000000,1,1,1
1,2197,95226490000000,95226497826000,95226513724750,15898750,23724750,7826000,95226500000000,1,1,0
1,2199,95226500000000,95226513910250,95226529852625,15942375,29852625,13910250,95226510000000,1,1,1
1,2201,95226520000000,95226530114625,95226546095750,15981125,26095750,10114625,95226530000000,1,1,1
1,2202,95226540000000,95226546283500,95226561544250,15260750,21544250,6283500,95226550000000,1,1,0
1,2204,95226550000000,95226561800000,95226576968375,15168375,26968375,11800000,95226560000000,1,1,1
1,2205,95226570000000,95226577139375,95226591783125,14643750,21783125,7139375,95226580000000,1,1,0
1,2207,95226580000000,95226592107125,95226607448375,15341250,27448375,12107125,95226590000000,1,1,1
1,2208,95226600000000,95226607658750,95226622552500,14893750,22552500,7658750,95226610000000,1,1,0
1,2210,95226610000000,95226628301375,95226644201375,15900000,34201375,18301375,95226620000000,1,1,1
1,2212,95226630000000,95226644396000,95226659972000,15576000,29972000,14396000,95226640000000,1,1,1
1,2214,95226650000000,95226660185625,95226676397500,16211875,26397500,10185625,95226660000000,1,1,1
1,2215,95226670000000,95226676600000,95226692508250,15908250,22508250,6600000,95226680000000,1,1,0
1,2217,95226680000000,95226692682875,95226708543875,15861000,28543875,12682875,95226690000000,1,1,1
1,2218,95226700000000,95226708701500,95226723328875,14627375,23328875,8701500,95226710000000,1,1,0
1,2220,95226710000000,95226723520000,95226738993625,15473625,28993625,13520000,95226720000000,1,1,1
1,2221,95226730000000,95226739195750,95226755056500,15860750,25056500,9195750,95226740000000,1,1,0
1,2223,95226740000000,95226755243875,95226771124875,15881000,31124875,15243875,95226750000000,1,1,1
1,2225,95226760000000,95226771311750,95226785556000,14244250,25556000,11311750,95226770000000,1,1,1
1,2226,95226780000000,95226785724750,95226801014750,15290000,21014750,5724750,95226790000000,1,1,0
1,2228,95226790000000,95226801169000,95226816666750,15497750,26666750,11169000,95226800000000,1,1,1
1,2229,95226810000000,95226816841000,95226832719000,15878000,22719000,6841000,95226820000000,1,1,0
1,2231,95226820000000,95226832877125,95226848738625,15861500,28738625,12877125,95226830000000,1,1,1
1,2232,95226840000000,95226848876625,95226864137875,15261250,24137875,8876625,95226850000000,1,1,0
1,2234,95226850000000,95226864299750,95226880190500,15890750,30190500,14299750,95226860000000,1,1,1
1,2236,95226870000000,95226880355000,95226895773250,15418250,25773250,10355000,95226880000000,1,1,1
1,2237,95226890000000,95226895954375,95226910744625,14790250,20744625,5954375,95226900000000,1,1,0
1,2239,95226900000000,95226910923625,95226926872000,15948375,26872000,10923625,95226910000000,1,1,1
1,2240,95226920000000,95226927057375,95226942843125,15785750,22843125,7057375,95226930000000,1,1,0
1,2242,95226930000000,95226943017375,95226958319625,15302250,28319625,13017375,95226940000000,1,1,1
1,2243,95226950000000,95226958485000,95226974370250,15885250,24370250,8485000,95226960000000,1,1,0
1,2245,95226960000000,95226974506000,95226989536875,15030875,29536875,14506000,95226970000000,1,1,1
1,2246,95226980000000,95226989708625,95227004279375,14570750,24279375,9708625,95226990000000,1,1,0
1,2248,95226990000000,95227004436000,95227020329625,15893625,30329625,14436000,95227000000000,1,1,1
1,2250,95227010000000,95227020499375,95227036376875,15877500,26376875,10499375,95227020000000,1,1,1
1,2251,95227030000000,95227036533625,95227052397875,15864250,22397875,6533625,95227040000000,1,1,0
1,2253,95227040000000,95227052548750,95227067713625,15164875,27713625,12548750,95227050000000,1,1,1
1,2254,95227060000000,95227067894750,95227083788875,15894125,23788875,7894750,95227070000000,1,1,0
1,2256,95227070000000,95227083979625,95227099143750,15164125,29143750,13979625,95227080000000,1,1,1
1,2257,95227090000000,95227099325250,95227113735000,14409750,23735000,9325250,95227100000000,1,1,0
1,2259,95227100000000,95227114009750,95227129294250,15284500,29294250,14009750,95227110000000,1,1,1
1,2260,95227120000000,95227129467000,95227145302625,15835625,25302625,9467000,95227130000000,1,1,0
1,2262,95227130000000,95227145611250,95227161522125,15910875,31522125,15611250,95227140000000,1,1,1
1,2264,95227150000000,95227161709000,95227177579750,15870750,27579750,11709000,95227160000000,1,1,1
1,2265,95227170000000,95227177836000,95227192940875,15104875,22940875,7836000,95227180000000,1,1,0
1,2267,95227180000000,95227193123000,95227209061000,15938000,29061000,13123000,95227190000000,1,1,1
1,2268,95227200000000,95227209215625,95227224508625,15293000,24508625,9215625,95227210000000,1,1,0
1,2270,95227210000000,95227224764750,95227240102625,15337875,30102625,14764750,95227220000000,1,1,1
1,2272,95227230000000,95227240271875,95227256180750,15908875,26180750,10271875,95227240000000,1,1,1
1,2273,95227250000000,95227256333375,95227271606250,15272875,21606250,6333375,95227260000000,1,1,0
1,2275,95227260000000,95227272602250,95227287160250,14558000,27160250,12602250,95227270000000,1,1,1
1,2276,95227280000000,95227287365750,95227302827000,15461250,22827000,7365750,95227290000000,1,1,0
1,2278,95227290000000,95227303035375,95227318931000,15895625,28931000,13035375,95227300000000,1,1,1
1,2279,95227310000000,95227319115875,95227335031500,15915625,25031500,9115875,95227320000000,1,1,0
1,2281,95227320000000,95227335217375,95227351105625,15888250,31105625,15217375,95227330000000,1,1,1
1,2283,95227340000000,95227351290625,95227366508375,15217750,26508375,11290625,95227350000000,1,1,1
1,2284,95227360000000,95227366688000,95227382606000,15918000,22606000,6688000,95227370000000,1,1,0
1,2286,95227370000000,95227382775250,95227397967125,15191875,27967125,12775250,95227380000000,1,1,1
1,2287,95227390000000,95227398263750,95227413586500,15322750,23586500,8263750,95227400000000,1,1,0
1,2289,95227400000000,95227413787500,95227429655250,15867750,29655250,13787500,95227410000000,1,1,1
1,2290,95227420000000,95227429811500,95227444511875,14700375,24511875,9811500,95227430000000,1,1,0
1,2292,95227430000000,95227444681625,95227459872750,15191125,29872750,14681625,95227440000000,1,1,1
1,2294,95227450000000,95227460064500,95227474582000,14517500,24582000,10064500,95227460000000,1,1,1
1,2295,95227470000000,95227474881500,95227490476500,15595000,20476500,4881500,95227480000000,1,0,0
1,2297,95227480000000,95227490672750,95227506546750,15874000,26546750,10672750,95227490000000,1,1,1
1,2298,95227500000000,95227506830750,95227521489875,14659125,21489875,6830750,95227510000000,1,1,0
1,2300,95227510000000,95227521788000,95227536049750,14261750,26049750,11788000,95227520000000,1,1,1
1,2301,95227530000000,95227536221125,95227552119125,15898000,22119125,6221125,95227540000000,1,1,0
1,2303,95227540000000,95227552377125,95227567015750,14638625,27015750,12377125,95227550000000,1,1,1
1,2304,95227560000000,95227567214875,95227582152000,14937125,22152000,7214875,95227570000000,1,1,0
1,2306,95227570000000,95227582341875,95227598179875,15838000,28179875,12341875,95227580000000,1,1,1
1,2307,95227590000000,95227598359000,95227614223750,15864750,24223750,8359000,95227600000000,1,1,0
1,2309,95227600000000,95227614413000,95227630296000,15883000,30296000,14413000,95227610000000,1,1,1
1,2311,95227620000000,95227630472625,95227646333125,15860500,26333125,10472625,95227630000000,1,1,1
1,2312,95227640000000,95227646608250,95227661830875,15222625,21830875,6608250,95227650000000,1,1,0
1,2314,95227650000000,95227662033000,95227677956375,15923375,27956375,12033000,95227660000000,1,1,1
1,2315,95227670000000,95227678140250,95227693254625,15114375,23254625,8140250,95227680000000,1,1,0
1,2317,95227680000000,95227693438000,95227708676750,15238750,28676750,13438000,95227690000000,1,1,1
1,2318,95227700000000,95227708842250,95227724083500,15241250,24083500,8842250,95227710000000,1,1,0
1,2320,95227710000000,95227724233750,95227740144500,15910750,30144500,14233750,95227720000000,1,1,1
1,2322,95227730000000,95227740407500,95227755598875,15191375,25598875,10407500,95227740000000,1,1,1
1,2323,95227750000000,95227755819000,95227771734500,15915500,21734500,5819000,95227760000000,1,1,0
1,2325,95227760000000,95227771919125,95227787837875,15918750,27837875,11919125,95227770000000,1,1,1
1,2326,95227780000000,95227788068250,95227803899500,15831250,23899500,8068250,95227790000000,1,1,0
1,2328,95227790000000,95227804238125,95227820169250,15931125,30169250,14238125,95227800000000,1,1,1
1,2330,95227810000000,95227820341625,95227836165875,15824250,26165875,10341625,95227820000000,1,1,1
1,2331,95227830000000,95227836293250,95227852252250,15959000,22252250,6293250,95227840000000,1,1,0
1,2333,95227840000000,95227852425500,95227867615375,15189875,27615375,12425500,95227850000000,1,1,1
1,2334,95227860000000,95227867820875,95227883082000,15261125,23082000,7820875,95227870000000,1,1,0
1,2336,95227870000000,95227883274000,95227898448125,15174125,28448125,13274000,95227880000000,1,1,1
1,2337,95227890000000,95227898621875,95227914533125,15911250,24533125,8621875,95227900000000,1,1,0
1,2339,95227900000000,95227915439250,95227930694625,15255375,30694625,15439250,95227910000000,1,1,1
1,2341,95227920000000,95227930896125,95227946701375,15805250,26701375,10896125,95227930000000,1,1,1
1,2342,95227940000000,95227946864000,95227960760125,13896125,20760125,6864000,95227950000000,1,1,0
1,2344,95227950000000,95227960940750,95227976747500,15806750,26747500,10940750,95227960000000,1,1,1
1,2345,95227970000000,95227976911500,95227992189250,15277750,22189250,6911500,95227980000000,1,1,0
1,2347,95227980000000,95227992354125,95228008239875,15885750,28239875,12354125,95227990000000,1,1,1
1,2348,95228000000000,95228008489375,95228024384500,15895125,24384500,8489375,95228010000000,1,1,0
1,2350,95228010000000,95228024574375,95228039876000,15301625,29876000,14574375,95228020000000,1,1,1
1,2352,95228030000000,95228040051250,95228055199125,15147875,25199125,10051250,95228040000000,1,1,1
1,2353,95228050000000,95228055387000,95228071269375,15882375,21269375,5387000,95228060000000,1,1,0
1,2355,95228060000000,95228071466000,95228087309375,15843375,27309375,11466000,95228070000000,1,1,1
1,2356,95228080000000,95228087491500,95228103426125,15934625,23426125,7491500,95228090000000,1,1,0
1,2358,95228090000000,95228103617250,95228118766750,15149500,28766750,13617250,95228100000000,1,1,1
1,2359,95228110000000,95228118942000,95228132988625,14046625,22988625,8942000,95228120000000,1,1,0
1,2361,95228120000000,95228133146250,95228148403000,15256750,28403000,13146250,95228130000000,1,1,1
1,2362,95228140000000,95228148565500,95228164392250,15826750,24392250,8565500,95228150000000,1,1,0
1,2364,95228150000000,95228164721125,95228180587875,15866750,30587875,14721125,95228160000000,1,1,1
1,2366,95228170000000,95228180761500,95228196068250,15306750,26068250,10761500,95228180000000,1,1,1
1,2367,95228190000000,95228196235125,95228211530000,15294875,21530000,6235125,95228200000000,1,1,0
1,2369,95228200000000,95228211736250,95228227684625,15948375,27684625,11736250,95228210000000,1,1,1
1,2370,95228220000000,95228227849500,95228243110250,15260750,23110250,7849500,95228230000000,1,1,0
1,2372,95228230000000,95228243307375,95228259188375,15881000,29188375,13307375,95228240000000,1,1,1
1,2373,95228250000000,95228259368375,95228275231750,15863375,25231750,9368375,95228260000000,1,1,0
1,2375,95228260000000,95228275414750,95228291369375,15954625,31369375,15414750,95228270000000,1,1,1
1,2377,95228280000000,95228291572875,95228307004375,15431500,27004375,11572875,95228290000000,1,1,1
1,2378,95228300000000,95228307296250,95228322563250,15267000,22563250,7296250,95228310000000,1,1,0
1,2380,95228310000000,95228322755375,95228337410250,14654875,27410250,12755375,95228320000000,1,1,1
1,2381,95228330000000,95228337574000,95228353509375,15935375,23509375,7574000,95228340000000,1,1,0
1,2383,95228340000000,95228353677000,95228369582375,15905375,29582375,13677000,95228350000000,1,1,1
1,2384,95228360000000,95228369750250,95228384949500,15199250,24949500,9750250,95228370000000,1,1,0
1,2386,95228370000000,95228385092375,95228400884000,15791625,30884000,15092375,95228380000000,1,1,1
1,2388,95228390000000,95228401040250,95228416978625,15938375,26978625,11040250,95228400000000,1,1,1
1,2389,95228410000000,95228417130875,95228432967875,15837000,22967875,7130875,95228420000000,1,1,0
1,2391,95228420000000,95228433216000,95228447777375,14561375,27777375,13216000,95228430000000,1,1,1
1,2392,95228440000000,95228448048625,95228463939750,15891125,23939750,8048625,95228450000000,1,1,0
1,2394,95228450000000,95228464229125,95228480136375,15907250,30136375,14229125,95228460000000,1,1,1
1,2396,95228470000000,95228480312125,95228496154875,15842750,26154875,10312125,95228480000000,1,1,1
1,2397,95228490000000,95228496317000,95228512137875,15820875,22137875,6317000,95228500000000,1,1,0
1,2399,95228500000000,95228512292625,95228528231125,15938500,28231125,12292625,95228510000000,1,1,1
1,2400,95228520000000,95228528386250,95228543585875,15199625,23585875,8386250,95228530000000,1,1,0
1,2402,95228530000000,95228543913500,95228559717750,15804250,29717750,13913500,95228540000000,1,1,1
1,2404,95228550000000,95228560694125,95228575982625,15288500,25982625,10694125,95228560000000,1,1,1
1,2405,95228570000000,95228576204625,95228592100250,15895625,22100250,6204625,95228580000000,1,1,0
1,2407,95228580000000,95228592272625,95228607239500,14966875,27239500,12272625,95228590000000,1,1,1
1,2408,95228600000000,95228607442000,95228622622250,15180250,22622250,7442000,95228610000000,1,1,0
1,2410,95228610000000,95228622792500,95228638710000,15917500,28710000,12792500,95228620000000,1,1,1
1,2411,95228630000000,95228638879375,95228652923500,14044125,22923500,8879375,95228640000000,1,1,0
1,2413,95228640000000,95228653086000,95228669184500,16098500,29184500,13086000,95228650000000,1,1,1
1,2414,95228660000000,95228669348125,95228685485125,16137000,25485125,9348125,95228670000000,1,1,0
1,2416,95228670000000,95228685645250,95228701572125,15926875,31572125,15645250,95228680000000,1,1,1
1,2418,95228690000000,95228701738875,95228717624750,15885875,27624750,11738875,95228700000000,1,1,1
1,2419,95228710000000,95228717796875,95228733599750,15802875,23599750,7796875,95228720000000,1,1,0
1,2421,95228720000000,95228733753500,95228747160875,13407375,27160875,13753500,95228730000000,1,1,1
1,2422,95228740000000,95228747359500,95228762031750,14672250,22031750,7359500,95228750000000,1,1,0
1,2424,95228750000000,95228762289375,95228778143500,15854125,28143500,12289375,95228760000000,1,1,1
1,2425,95228770000000,95228778326000,95228794186375,15860375,24186375,8326000,95228780000000,1,1,0
1,2427,95228780000000,95228794365000,95228809729125,15364125,29729125,14365000,95228790000000,1,1,1
1,2428,95228800000000,95228809907750,95228825062500,15154750,25062500,9907750,95228810000000,1,1,0
1,2430,95228810000000,95228826087875,95228841220125,15132250,31220125,16087875,95228820000000,1,1,1
1,2432,95228830000000,95228841423625,95228856118250,14694625,26118250,11423625,95228840000000,1,1,1
1,2433,95228850000000,95228856296750,95228871620000,15323250,21620000,6296750,95228860000000,1,1,0
1,2435,95228860000000,95228871827125,95228887681500,15854375,27681500,11827125,95228870000000,1,1,1
1,2436,95228880000000,95228887830375,95228902428375,14598000,22428375,7830375,95228890000000,1,1,0
1,2438,95228890000000,95228902598625,95228917159125,14560500,27159125,12598625,95228900000000,1,1,1
1,2439,95228910000000,95228917317250,95228932595500,15278250,22595500,7317250,95228920000000,1,1,0
1,2441,95228920000000,95228932748750,95228948681875,15933125,28681875,12748750,95228930000000,1,1,1
1,2442,95228940000000,95228948841375,95228964726750,15885375,24726750,8841375,95228950000000,1,1,0
1,2444,95228950000000,95228964901500,95228980198375,15296875,30198375,14901500,95228960000000,1,1,1
1,2446,95228970000000,95228980358250,95228994979750,14621500,24979750,10358250,95228980000000,1,1,1
1,2447,95228990000000,95228995146750,95229010374625,15227875,20374625,5146750,95229000000000,1,1,0
1,2449,95229000000000,95229010553000,95229026466375,15913375,26466375,10553000,95229010000000,1,1,1
1,2450,95229020000000,95229026761125,95229042652250,15891125,22652250,6761125,95229030000000,1,1,0
1,2452,95229030000000,95229042878000,95229058834375,15956375,28834375,12878000,95229040000000,1,1,1
1,2453,95229050000000,95229059039250,95229074949500,15910250,24949500,9039250,95229060000000,1,1,0
1,2455,95229060000000,95229075131500,95229091018375,15886875,31018375,15131500,95229070000000,1,1,1
1,2457,95229080000000,95229091192625,95229104962000,13769375,24962000,11192625,95229090000000,1,1,1
1,2458,95229100000000,95229105220500,95229120567750,15347250,20567750,5220500,95229110000000,1,1,0
1,2460,95229110000000,95229120747250,95229136665250,15918000,26665250,10747250,95229120000000,1,1,1
1,2461,95229130000000,95229136911250,95229151631250,14720000,21631250,6911250,95229140000000,1,1,0
1,2463,95229140000000,95229151850375,95229167280750,15430375,27280750,11850375,95229150000000,1,1,1
1,2464,95229160000000,95229167488250,95229183379875,15891625,23379875,7488250,95229170000000,1,1,0
1,2466,95229170000000,95229183560000,95229198756250,15196250,28756250,13560000,95229180000000,1,1,1
1,2467,95229190000000,95229199667750,95229214629875,14962125,24629875,9667750,95229200000000,1,1,0
1,2469,95229200000000,95229214844500,95229230778250,15933750,30778250,14844500,95229210000000,1,1,1
1,2471,95229220000000,95229230967000,95229246878125,15911125,26878125,10967000,95229230000000,1,1,1
1,2472,95229240000000,95229247045125,95229262983125,15938000,22983125,7045125,95229250000000,1,1,0
1,2474,95229250000000,95229263154375,95229279001625,15847250,29001625,13154375,95229260000000,1,1,1
1,2475,95229270000000,95229279311000,95229293887125,14576125,23887125,9311000,95229280000000,1,1,0
1,2477,95229280000000,95229294752750,95229309721250,14968500,29721250,14752750,95229290000000,1,1,1
1,2478,95229300000000,95229309888125,95229325506125,15618000,25506125,9888125,95229310000000,1,1,0
1,2480,95229310000000,95229325684625,95229341587500,15902875,31587500,15684625,95229320000000,1,1,1
1,2482,95229330000000,95229341757750,95229355991375,14233625,25991375,11757750,95229340000000,1,1,1
1,2483,95229350000000,95229356200500,95229372045750,15845250,22045750,6200500,95229360000000,1,1,0
1,2485,95229360000000,95229372191875,95229387411125,15219250,27411125,12191875,95229370000000,1,1,1
1,2486,95229380000000,95229387602375,95229403084000,15481625,23084000,7602375,95229390000000,1,1,0
1,2488,95229390000000,95229403294875,95229418193125,14898250,28193125,13294875,95229400000000,1,1,1
1,2489,95229410000000,95229418364375,95229433189750,14825375,23189750,8364375,95229420000000,1,1,0
1,2491,95229420000000,95229433347875,95229449102875,15755000,29102875,13347875,95229430000000,1,1,1
1,2492,95229440000000,95229449229250,95229465096500,15867250,25096500,9229250,95229450000000,1,1,0
1,2494,95229450000000,95229465249375,95229480518625,15269250,30518625,15249375,95229460000000,1,1,1
1,2496,95229470000000,95229480660250,95229496593875,15933625,26593875,10660250,95229480000000,1,1,1
1,2497,95229490000000,95229496847250,95229512825625,15978375,22825625,6847250,95229500000000,1,1,0
1,2499,95229500000000,95229513002000,95229528872000,15870000,28872000,13002000,95229510000000,1,1,1
1,2500,95229520000000,95229529029125,95229544999375,15970250,24999375,9029125,95229530000000,1,1,0
1,2502,95229530000000,95229545161375,95229560410875,15249500,30410875,15161375,95229540000000,1,1,1
1,2504,95229550000000,95229560573375,95229576451375,15878000,26451375,10573375,95229560000000,1,1,1
1,2505,95229570000000,95229576616750,95229591762875,15146125,21762875,6616750,95229580000000,1,1,0
1,2507,95229580000000,95229592099125,95229608065375,15966250,28065375,12099125,95229590000000,1,1,1
1,2508,95229600000000,95229608243000,95229624170250,15927250,24170250,8243000,95229610000000,1,1,0
1,2510,95229610000000,95229624335750,95229640157625,15821875,30157625,14335750,95229620000000,1,1,1
1,2512,95229630000000,95229640314625,95229656243500,15928875,26243500,10314625,95229640000000,1,1,1
1,2513,95229650000000,95229656388375,95229671344625,14956250,21344625,6388375,95229660000000,1,1,0
1,2515,95229660000000,95229671552500,95229686168125,14615625,26168125,11552500,95229670000000,1,1,1
1,2516,95229680000000,95229686443250,95229701732625,15289375,21732625,6443250,95229690000000,1,1,0
1,2518,95229690000000,95229701915250,95229717881125,15965875,27881125,11915250,95229700000000,1,1,1
1,2519,95229710000000,95229718049500,95229733898125,15848625,23898125,8049500,95229720000000,1,1,0
1,2521,95229720000000,95229734064625,95229749877125,15812500,29877125,14064625,95229730000000,1,1,1
1,2523,95229740000000,95229750047000,95229765950000,15903000,25950000,10047000,95229750000000,1,1,1
1,2524,95229760000000,95229766133875,95229780649500,14515625,20649500,6133875,95229770000000,1,1,0
1,2526,95229770000000,95229780815750,95229796648000,15832250,26648000,10815750,95229780000000,1,1,1
1,2527,95229790000000,95229796806000,95229812159875,15353875,22159875,6806000,95229800000000,1,1,0
1,2529,95229800000000,95229812323000,95229828585625,16262625,28585625,12323000,95229810000000,1,1,1
1,2530,95229820000000,95229828771875,95229844611750,15839875,24611750,8771875,95229830000000,1,1,0
1,2532,95229830000000,95229845506375,95229861024250,15517875,31024250,15506375,95229840000000,1,1,1
1,2534,95229850000000,95229861206750,95229877157875,15951125,27157875,11206750,95229860000000,1,1,1
1,2535,95229870000000,95229877298500,95229892500625,15202125,22500625,7298500,95229880000000,1,1,0
1,2537,95229880000000,95229892662625,95229908513750,15851125,28513750,12662625,95229890000000,1,1,1
1,2538,95229900000000,95229908668000,95229924596250,15928250,24596250,8668000,95229910000000,1,1,0
1,2540,95229910000000,95229924761625,95229940629375,15867750,30629375,14761625,95229920000000,1,1,1
1,2542,95229930000000,95229940923250,95229956838250,15915000,26838250,10923250,95229940000000,1,1,1
1,2543,95229950000000,95229957017000,95229972877750,15860750,22877750,7017000,95229960000000,1,1,0
1,2545,95229960000000,95229973149125,95229989112000,15962875,29112000,13149125,95229970000000,1,1,1
1,2546,95229980000000,95229989292500,95230004509750,15217250,24509750,9292500,95229990000000,1,1,0
1,2548,95229990000000,95230004672750,95230020568375,15895625,30568375,14672750,95230000000000,1,1,1
1,2550,95230010000000,95230020735375,95230036637750,15902375,26637750,10735375,95230020000000,1,1,1
1,2551,95230030000000,95230036797250,95230051931125,15133875,21931125,6797250,95230040000000,1,1,0
1,2553,95230040000000,95230052121875,95230068056125,15934250,28056125,12121875,95230050000000,1,1,1
1,2554,95230060000000,95230068311250,95230084350750,16039500,24350750,8311250,95230070000000,1,1,0
1,2556,95230070000000,95230084525625,95230099641625,15116000,29641625,14525625,95230080000000,1,1,1
1,2557,95230090000000,95230099838500,95230115761250,15922750,25761250,9838500,95230100000000,1,1,0
1,2559,95230100000000,95230115966750,95230130878000,14911250,30878000,15966750,95230110000000,1,1,1
1,2561,95230120000000,95230131063125,95230146948250,15885125,26948250,11063125,95230130000000,1,1,1
1,2562,95230140000000,95230147130000,95230163022625,15892625,23022625,7130000,95230150000000,1,1,0
1,2564,95230150000000,95230163165875,95230178345125,15179250,28345125,13165875,95230160000000,1,1,1
1,2565,95230170000000,95230178519875,95230193705875,15186000,23705875,8519875,95230180000000,1,1,0
1,2567,95230180000000,95230193968250,95230209903500,15935250,29903500,13968250,95230190000000,1,1,1
1,2569,95230200000000,95230210072875,95230225946375,15873500,25946375,10072875,95230210000000,1,1,1
1,2570,95230220000000,95230226131250,95230241971250,15840000,21971250,6131250,95230230000000,1,1,0
1,2572,95230230000000,95230242323125,95230258244500,15921375,28244500,12323125,95230240000000,1,1,1
1,2573,95230250000000,95230258436375,95230274347500,15911125,24347500,8436375,95230260000000,1,1,0
1,2575,95230260000000,95230274532125,95230290395375,15863250,30395375,14532125,95230270000000,1,1,1
1,2577,95230280000000,95230290656000,95230305164625,14508625,25164625,10656000,95230290000000,1,1,1
1,2578,95230300000000,95230305331500,95230321282250,15950750,21282250,5331500,95230310000000,1,1,0
1,2580,95230310000000,95230321536500,95230337347625,15811125,27347625,11536500,95230320000000,1,1,1
1,2581,95230330000000,95230337540375,95230352665375,15125000,22665375,7540375,95230340000000,1,1,0
1,2583,95230340000000,95230352828375,95230368747875,15919500,28747875,12828375,95230350000000,1,1,1
1,2584,95230360000000,95230369015750,95230385006500,15990750,25006500,9015750,95230370000000,1,1,0
1,2586,95230370000000,95230385196250,95230401137250,15941000,31137250,15196250,95230380000000,1,1,1
1,2588,95230390000000,95230401395875,95230415983250,14587375,25983250,11395875,95230400000000,1,1,1
1,2589,95230410000000,95230416203750,95230431124875,14921125,21124875,6203750,95230420000000,1,1,0
1,2591,95230420000000,95230431324000,95230447194500,15870500,27194500,11324000,95230430000000,1,1,1
1,2592,95230440000000,95230447387875,95230462775500,15387625,22775500,7387875,95230450000000,1,1,0
1,2594,95230450000000,95230462965250,95230477961875,14996625,27961875,12965250,95230460000000,1,1,1
1,2595,95230470000000,95230478236250,95230493494875,15258625,23494875,8236250,95230480000000,1,1,0
1,2597,95230480000000,95230495113250,95230509651625,14538375,29651625,15113250,95230490000000,1,1,1
1,2598,95230500000000,95230509954625,95230525590125,15635500,25590125,9954625,95230510000000,1,1,0
1,2600,95230510000000,95230525779875,95230541171000,15391125,31171000,15779875,95230520000000,1,1,1
1,2602,95230530000000,95230541352000,95230557267875,15915875,27267875,11352000,95230540000000,1,1,1
1,2603,95230550000000,95230557441750,95230572616625,15174875,22616625,7441750,95230560000000,1,1,0
1,2605,95230560000000,95230572883000,95230587640125,14757125,27640125,12883000,95230570000000,1,1,1
1,2606,95230580000000,95230588055750,95230603693375,15637625,23693375,8055750,95230590000000,1,1,0
1,2608,95230590000000,95230603914000,95230619772750,15858750,29772750,13914000,95230600000000,1,1,1
1,2609,95230610000000,95230619983125,95230635919125,15936000,25919125,9983125,95230620000000,1,1,0
1,2611,95230620000000,95230636167625,95230652101375,15933750,32101375,16167625,95230630000000,1,1,1
1,2613,95230640000000,95230652299875,95230667658625,15358750,27658625,12299875,95230650000000,1,1,1
1,2614,95230660000000,95230667874875,95230683701625,15826750,23701625,7874875,95230670000000,1,1,0
1,2616,95230670000000,95230684216875,95230699698625,15481750,29698625,14216875,95230680000000,1,1,1
1,2617,95230690000000,95230699940625,95230715829375,15888750,25829375,9940625,95230700000000,1,1,0
1,2619,95230700000000,95230716044125,95230731274625,15230500,31274625,16044125,95230710000000,1,1,1
1,2621,95230720000000,95230731458000,95230746752875,15294875,26752875,11458000,95230730000000,1,1,1
1,2622,95230740000000,95230746929750,95230762822250,15892500,22822250,6929750,95230750000000,1,1,0
1,2624,95230750000000,95230763009625,95230778850000,15840375,28850000,13009625,95230760000000,1,1,1
1,2625,95230770000000,95230779011000,95230792909250,13898250,22909250,9011000,95230780000000,1,1,0
1,2627,95230780000000,95230793088375,95230808368500,15280125,28368500,13088375,95230790000000,1,1,1
1,2628,95230800000000,95230808521000,95230824568625,16047625,24568625,8521000,95230810000000,1,1,0
1,2630,95230810000000,95230824749750,95230840654500,15904750,30654500,14749750,95230820000000,1,1,1
1,2632,95230830000000,95230840920000,95230855728875,14808875,25728875,10920000,95230840000000,1,1,1
1,2633,95230850000000,95230855961625,95230871171125,15209500,21171125,5961625,95230860000000,1,1,0
1,2635,95230860000000,95230871369750,95230885299125,13929375,25299125,11369750,95230870000000,1,1,1
1,2636,95230880000000,95230885464625,95230901343125,15878500,21343125,5464625,95230890000000,1,1,0
1,2638,95230890000000,95230901512000,95230917416750,15904750,27416750,11512000,95230900000000,1,1,1
1,2639,95230910000000,95230917691000,95230933598750,15907750,23598750,7691000,95230920000000,1,1,0
1,2641,95230920000000,95230933791000,95230949655375,15864375,29655375,13791000,95230930000000,1,1,1
1,2642,95230940000000,95230949831125,95230965775875,15944750,25775875,9831125,95230950000000,1,1,0
1,2644,95230950000000,95230965946250,95230980536375,14590125,30536375,15946250,95230960000000,1,1,1
1,2646,95230970000000,95230980699875,95230994812375,14112500,24812375,10699875,95230980000000,1,1,1
1,2647,95230990000000,95230995001625,95231010394625,15393000,20394625,5001625,95231000000000,1,1,0
1,2649,95231000000000,95231010676625,95231026525500,15848875,26525500,10676625,95231010000000,1,1,1
1,2650,95231020000000,95231026707875,95231042633250,15925375,22633250,6707875,95231030000000,1,1,0
1,2652,95231030000000,95231042816250,95231058739625,15923375,28739625,12816250,95231040000000,1,1,1
1,2653,95231050000000,95231058910375,95231073911000,15000625,23911000,8910375,95231060000000,1,1,0
1,2655,95231060000000,95231074098500,95231089934000,15835500,29934000,14098500,95231070000000,1,1,1
1,2657,95231080000000,95231090098375,95231105519625,15421250,25519625,10098375,95231090000000,1,1,1
1,2658,95231100000000,95231105677250,95231120622750,14945500,20622750,5677250,95231110000000,1,1,0
1,2660,95231110000000,95231120752125,95231135848750,15096625,25848750,10752125,95231120000000,1,1,1
1,2661,95231130000000,95231135984500,95231151821000,15836500,21821000,5984500,95231140000000,1,1,0
1,2663,95231140000000,95231152645250,95231167725500,15080250,27725500,12645250,95231150000000,1,1,1
1,2664,95231160000000,95231167902375,95231182664500,14762125,22664500,7902375,95231170000000,1,1,0
1,2666,95231170000000,95231182850125,95231198097500,15247375,28097500,12850125,95231180000000,1,1,1
1,2667,95231190000000,95231198221500,95231214048125,15826625,24048125,8221500,95231200000000,1,1,0
1,2669,95231200000000,95231214216500,95231230137375,15920875,30137375,14216500,95231210000000,1,1,1
1,2671,95231220000000,95231230276125,95231246113500,15837375,26113500,10276125,95231230000000,1,1,1
1,2672,95231240000000,95231246258125,95231260311500,14053375,20311500,6258125,95231250000000,1,1,0
1,2674,95231250000000,95231260490875,95231276404500,15913625,26404500,10490875,95231260000000,1,1,1
1,2675,95231270000000,95231276564125,95231291290000,14725875,21290000,6564125,95231280000000,1,1,0
1,2677,95231280000000,95231291480375,95231306193500,14713125,26193500,11480375,95231290000000,1,1,1
1,2678,95231300000000,95231306316125,95231322255375,15939250,22255375,6316125,95231310000000,1,1,0
1,2680,95231310000000,95231322429750,95231337617250,15187500,27617250,12429750,95231320000000,1,1,1
1,2681,95231330000000,95231337859750,95231353086750,15227000,23086750,7859750,95231340000000,1,1,0
1,2683,95231340000000,95231353255625,95231367950750,14695125,27950750,13255625,95231350000000,1,1,1
1,2684,95231360000000,95231368134750,95231383978500,15843750,23978500,8134750,95231370000000,1,1,0
1,2686,95231370000000,95231384264500,95231400152750,15888250,30152750,14264500,95231380000000,1,1,1
1,2688,95231390000000,95231400327375,95231416232750,15905375,26232750,10327375,95231400000000,1,1,1
1,2689,95231410000000,95231416386875,95231432254750,15867875,22254750,6386875,95231420000000,1,1,0
1,2691,95231420000000,95231432409375,95231447078625,14669250,27078625,12409375,95231430000000,1,1,1
1,2692,95231440000000,95231447252000,95231463166625,15914625,23166625,7252000,95231450000000,1,1,0
1,2694,95231450000000,95231463351500,95231478638000,15286500,28638000,13351500,95231460000000,1,1,1
1,2695,95231470000000,95231478813625,95231493273000,14459375,23273000,8813625,95231480000000,1,1,0
1,2697,95231480000000,95231493442000,95231509330750,15888750,29330750,13442000,95231490000000,1,1,1
1,2698,95231500000000,95231509486875,95231524664125,15177250,24664125,9486875,95231510000000,1,1,0
1,2700,95231510000000,95231524927625,95231540830125,15902500,30830125,14927625,95231520000000,1,1,1
1,2702,95231530000000,95231541005125,95231556291750,15286625,26291750,11005125,95231540000000,1,1,1
1,2703,95231550000000,95231556462500,95231571750125,15287625,21750125,6462500,95231560000000,1,1,0
1,2705,95231560000000,95231571972500,95231587875000,15902500,27875000,11972500,95231570000000,1,1,1
1,2706,95231580000000,95231588112750,95231603970125,15857375,23970125,8112750,95231590000000,1,1,0
1,2708,95231590000000,95231604157500,95231620070375,15912875,30070375,14157500,95231600000000,1,1,1
1,2710,95231610000000,95231620221000,95231635481125,15260125,25481125,10221000,95231620000000,1,1,1
1,2711,95231630000000,95231635654875,95231651532375,15877500,21532375,5654875,95231640000000,1,1,0
1,2713,95231640000000,95231651771500,95231667661750,15890250,27661750,11771500,95231650000000,1,1,1
1,2714,95231660000000,95231667864375,95231683762250,15897875,23762250,7864375,95231670000000,1,1,0
1,2716,95231670000000,95231684092125,95231699251750,15159625,29251750,14092125,95231680000000,1,1,1
1,2717,95231690000000,95231699543625,95231715436750,15893125,25436750,9543625,95231700000000,1,1,0
1,2719,95231700000000,95231715632000,95231729501500,13869500,29501500,15632000,95231710000000,1,1,1
1,2720,95231720000000,95231729677125,95231745506875,15829750,25506875,9677125,95231730000000,1,1,0
1,2722,95231730000000,95231745814750,95231761126250,15311500,31126250,15814750,95231740000000,1,1,1
1,2724,95231750000000,95231761310625,95231775989625,14679000,25989625,11310625,95231760000000,1,1,1
1,2725,95231770000000,95231776190250,95231792042750,15852500,22042750,6190250,95231780000000,1,1,0
1,2727,95231780000000,95231797799625,95231813497500,15697875,33497500,17799625,95231790000000,1,1,1
1,2729,95231800000000,95231813695125,95231829568250,15873125,29568250,13695125,95231810000000,1,1,1
1,2730,95231820000000,95231829715125,95231845416500,15701375,25416500,9715125,95231830000000,1,1,0
1,2732,95231830000000,95231845545875,95231860714375,15168500,30714375,15545875,95231840000000,1,1,1
1,2734,95231850000000,95231860831375,95231876691375,15860000,26691375,10831375,95231860000000,1,1,1
1,2735,95231870000000,95231876861750,95231891563125,14701375,21563125,6861750,95231880000000,1,1,0
1,2737,95231880000000,95231891739750,95231907654875,15915125,27654875,11739750,95231890000000,1,1,1
1,2738,95231900000000,95231907802625,95231923679750,15877125,23679750,7802625,95231910000000,1,1,0
1,2740,95231910000000,95231923861750,95231939816875,15955125,29816875,13861750,95231920000000,1,1,1
1,2741,95231930000000,95231939996000,95231953699625,13703625,23699625,9996000,95231940000000,1,1,0
1,2743,95231940000000,95231953971875,95231969231000,15259125,29231000,13971875,95231950000000,1,1,1
1,2744,95231960000000,95231969396875,95231984685375,15288500,24685375,9396875,95231970000000,1,1,0
1,2746,95231970000000,95231984938750,95232000235000,15296250,30235000,14938750,95231980000000,1,1,1
1,2748,95231990000000,95232000403375,95232016288250,15884875,26288250,10403375,95232000000000,1,1,1
1,2749,95232010000000,95232016427250,95232030789125,14361875,20789125,6427250,95232020000000,1,1,0
1,2751,95232020000000,95232030913125,95232045355000,14441875,25355000,10913125,95232030000000,1,1,1
1,2752,95232040000000,95232045500375,95232060642500,15142125,20642500,5500375,95232050000000,1,1,0
1,2754,95232050000000,95232060776250,95232076635250,15859000,26635250,10776250,95232060000000,1,1,1
1,2755,95232070000000,95232076761125,95232091795375,15034250,21795375,6761125,95232080000000,1,1,0
1,2757,95232080000000,95232091948125,95232107471875,15523750,27471875,11948125,95232090000000,1,1,1
1,2758,95232100000000,95232107644125,95232122199125,14555000,22199125,7644125,95232110000000,1,1,0
1,2760,95232110000000,95232122375750,95232138186000,15810250,28186000,12375750,95232120000000,1,1,1
1,2761,95232130000000,95232138345000,95232154246500,15901500,24246500,8345000,95232140000000,1,1,0
1,2763,95232140000000,95232154431000,95232170338250,15907250,30338250,14431000,95232150000000,1,1,1
1,2765,95232160000000,95232170508125,95232186463625,15955500,26463625,10508125,95232170000000,1,1,1
1,2766,95232180000000,95232186591000,95232202517750,15926750,22517750,6591000,95232190000000,1,1,0
1,2768,95232190000000,95232202672500,95232217917125,15244625,27917125,12672500,95232200000000,1,1,1
1,2769,95232210000000,95232218092750,95232233984500,15891750,23984500,8092750,95232220000000,1,1,0
1,2771,95232220000000,95232234157750,95232250076875,15919125,30076875,14157750,95232230000000,1,1,1
1,2773,95232240000000,95232250365125,95232265638875,15273750,25638875,10365125,95232250000000,1,1,1
1,2774,95232260000000,95232265829250,95232281750125,15920875,21750125,5829250,95232270000000,1,1,0
1,2776,95232270000000,95232281937125,95232297911250,15974125,27911250,11937125,95232280000000,1,1,1
1,2777,95232290000000,95232298016625,95232313915625,15899000,23915625,8016625,95232300000000,1,1,0
1,2779,95232300000000,95232314072750,95232328951375,14878625,28951375,14072750,95232310000000,1,1,1
1,2780,95232320000000,95232329092000,95232343818750,14726750,23818750,9092000,95232330000000,1,1,0
1,2782,95232330000000,95232344092375,95232359979750,15887375,29979750,14092375,95232340000000,1,1,1
1,2784,95232350000000,95232360196875,95232375553250,15356375,25553250,10196875,95232360000000,1,1,1
1,2785,95232370000000,95232375764000,95232391698625,15934625,21698625,5764000,95232380000000,1,1,0
1,2787,95232380000000,95232391856250,95232407709000,15852750,27709000,11856250,95232390000000,1,1,1
1,2788,95232400000000,95232407893875,95232423152125,15258250,23152125,7893875,95232410000000,1,1,0
1,2790,95232410000000,95232423407750,95232439443000,16035250,29443000,13407750,95232420000000,1,1,1
1,2792,95232430000000,95232440379875,95232456380375,16000500,26380375,10379875,95232440000000,1,1,1
1,2793,95232450000000,95232456480875,95232471730375,15249500,21730375,6480875,95232460000000,1,1,0
1,2795,95232460000000,95232471904125,95232487872375,15968250,27872375,11904125,95232470000000,1,1,1
1,2796,95232480000000,95232488106125,95232504045625,15939500,24045625,8106125,95232490000000,1,1,0
1,2798,95232490000000,95232504201750,95232520079750,15878000,30079750,14201750,95232500000000,1,1,1
1,2800,95232510000000,95232520290625,95232535487875,15197250,25487875,10290625,95232520000000,1,1,1
1,2801,95232530000000,95232535654875,95232551304875,15650000,21304875,5654875,95232540000000,1,1,0
1,2803,95232540000000,95232551482875,95232567405750,15922875,27405750,11482875,95232550000000,1,1,1
1,2804,95232560000000,95232567589250,95232583459625,15870375,23459625,7589250,95232570000000,1,1,0
1,2806,95232570000000,95232583651375,95232599542375,15891000,29542375,13651375,95232580000000,1,1,1
1,2807,95232590000000,95232599731375,95232614423000,14691625,24423000,9731375,95232600000000,1,1,0
1,2809,95232600000000,95232614701375,95232629327000,14625625,29327000,14701375,95232610000000,1,1,1
1,2810,95232620000000,95232629506625,95232645341125,15834500,25341125,9506625,95232630000000,1,1,0
1,2812,95232630000000,95232645485125,95232661512000,16026875,31512000,15485125,95232640000000,1,1,1
1,2814,95232650000000,95232661675000,95232677544625,15869625,27544625,11675000,95232660000000,1,1,1
1,2815,95232670000000,95232677804250,95232692698000,14893750,22698000,7804250,95232680000000,1,1,0
1,2817,95232680000000,95232692872125,95232708958125,16086000,28958125,12872125,95232690000000,1,1,1
1,2818,95232700000000,95232709153250,95232723924625,14771375,23924625,9153250,95232710000000,1,1,0
1,2820,95232710000000,95232724179250,95232740040125,15860875,30040125,14179250,95232720000000,1,1,1
1,2822,95232730000000,95232740150875,95232755389250,15238375,25389250,10150875,95232740000000,1,1,1
1,2823,95232750000000,95232755535500,95232771453625,15918125,21453625,5535500,95232760000000,1,1,0
1,2825,95232760000000,95232771607250,95232787553625,15946375,27553625,11607250,95232770000000,1,1,1
1,2826,95232780000000,95232787737125,95232803291125,15554000,23291125,7737125,95232790000000,1,1,0
1,2828,95232790000000,95232803476625,95232818717250,15240625,28717250,13476625,95232800000000,1,1,1
1,2829,95232810000000,95232818989500,95232834287750,15298250,24287750,8989500,95232820000000,1,1,0
1,2831,95232820000000,95232834467375,95232850378500,15911125,30378500,14467375,95232830000000,1,1,1
1,2833,95232840000000,95232850656625,95232866736750,16080125,26736750,10656625,95232850000000,1,1,1
1,2834,95232860000000,95232866908000,95232882489375,15581375,22489375,6908000,95232870000000,1,1,0
1,2836,95232870000000,95232882668875,95232897871875,15203000,27871875,12668875,95232880000000,1,1,1
1,2837,95232890000000,95232898046875,95232913945625,15898750,23945625,8046875,95232900000000,1,1,0
1,2839,95232900000000,95232914124875,95232928720375,14595500,28720375,14124875,95232910000000,1,1,1
1,2840,95232920000000,95232928891125,95232944797500,15906375,24797500,8891125,95232930000000,1,1,0
1,2842,95232930000000,95232944944375,95232959699375,14755000,29699375,14944375,95232940000000,1,1,1
1,2843,95232950000000,95232959997125,95232975400875,15403750,25400875,9997125,95232960000000,1,1,0
1,2845,95232960000000,95232975566750,95232991413500,15846750,31413500,15566750,95232970000000,1,1,1
1,2847,95232980000000,95232991686875,95233007611625,15924750,27611625,11686875,95232990000000,1,1,1
1,2848,95233000000000,95233007904500,95233022768000,14863500,22768000,7904500,95233010000000,1,1,0
1,2850,95233010000000,95233022967000,95233038882625,15915625,28882625,12967000,95233020000000,1,1,1
1,2851,95233030000000,95233039073375,95233054449250,15375875,24449250,9073375,95233040000000,1,1,0
1,2853,95233040000000,95233054565875,95233069916375,15350500,29916375,14565875,95233050000000,1,1,1
1,2855,95233060000000,95233070081750,95233086016375,15934625,26016375,10081750,95233070000000,1,1,1
1,2856,95233080000000,95233086831750,95233102600125,15768375,22600125,6831750,95233090000000,1,1,0
1,2858,95233090000000,95233102789375,95233117671875,14882500,27671875,12789375,95233100000000,1,1,1
1,2859,95233110000000,95233117854875,95233133823625,15968750,23823625,7854875,95233120000000,1,1,0
1,2861,95233120000000,95233134023250,95233149933375,15910125,29933375,14023250,95233130000000,1,1,1
1,2863,95233140000000,95233150113000,95233166014375,15901375,26014375,10113000,95233150000000,1,1,1
1,2864,95233160000000,95233166196375,95233181835375,15639000,21835375,6196375,95233170000000,1,1,0
1,2866,95233170000000,95233182016875,95233197953500,15936625,27953500,12016875,95233180000000,1,1,1
1,2867,95233190000000,95233198101375,95233213761125,15659750,23761125,8101375,95233200000000,1,1,0
1,2869,95233200000000,95233213895875,95233228484125,14588250,28484125,13895875,95233210000000,1,1,1
1,2870,95233220000000,95233228616250,95233243943875,15327625,23943875,8616250,95233230000000,1,1,0
1,2872,95233230000000,95233244133750,95233260056625,15922875,30056625,14133750,95233240000000,1,1,1
1,2874,95233250000000,95233260204500,95233275135750,14931250,25135750,10204500,95233260000000,1,1,1
1,2875,95233270000000,95233275330500,95233291220250,15889750,21220250,5330500,95233280000000,1,1,0
1,2877,95233280000000,95233291523250,95233306086125,14562875,26086125,11523250,95233290000000,1,1,1
1,2878,95233300000000,95233306279875,95233322212625,15932750,22212625,6279875,95233310000000,1,1,0
1,2880,95233310000000,95233322356875,95233337981750,15624875,27981750,12356875,95233320000000,1,1,1
1,2881,95233330000000,95233338273000,95233353470750,15197750,23470750,8273000,95233340000000,1,1,0
1,2883,95233340000000,95233353659125,95233369551250,15892125,29551250,13659125,95233350000000,1,1,1
1,2884,95233360000000,95233369790125,95233383957500,14167375,23957500,9790125,95233370000000,1,1,0
1,2886,95233370000000,95233384222500,95233398732625,14510125,28732625,14222500,95233380000000,1,1,1
1,2887,95233390000000,95233398915125,95233414450125,15535000,24450125,8915125,95233400000000,1,1,0
1,2889,95233400000000,95233414639500,95233430113125,15473625,30113125,14639500,95233410000000,1,1,1
1,2891,95233420000000,95233430306625,95233446276875,15970250,26276875,10306625,95233430000000,1,1,1
1,2892,95233440000000,95233446459000,95233461773375,15314375,21773375,6459000,95233450000000,1,1,0
1,2894,95233450000000,95233461954375,95233476671500,14717125,26671500,11954375,95233460000000,1,1,1
1,2895,95233470000000,95233476835875,95233492049750,15213875,22049750,6835875,95233480000000,1,1,0
1,2897,95233480000000,95233492204375,95233508168250,15963875,28168250,12204375,95233490000000,1,1,1
1,2898,95233500000000,95233508452250,95233524340500,15888250,24340500,8452250,95233510000000,1,1,0
1,2900,95233510000000,95233524526000,95233540368875,15842875,30368875,14526000,95233520000000,1,1,1
1,2902,95233530000000,95233540501125,95233555708750,15207625,25708750,10501125,95233540000000,1,1,1
1,2903,95233550000000,95233555882000,95233572119625,16237625,22119625,5882000,95233560000000,1,1,0
1,2905,95233560000000,95233572251250,95233587382625,15131375,27382625,12251250,95233570000000,1,1,1
1,2906,95233580000000,95233587545125,95233603158750,15613625,23158750,7545125,95233590000000,1,1,0
1,2908,95233590000000,95233603351375,95233619126875,15775500,29126875,13351375,95233600000000,1,1,1
1,2909,95233610000000,95233619278750,95233635107375,15828625,25107375,9278750,95233620000000,1,1,0
1,2911,95233620000000,95233635250750,95233651006000,15755250,31006000,15250750,95233630000000,1,1,1
1,2913,95233640000000,95233651127875,95233666482250,15354375,26482250,11127875,95233650000000,1,1,1
1,2914,95233660000000,95233666623750,95233682441750,15818000,22441750,6623750,95233670000000,1,1,0
1,2916,95233670000000,95233682576500,95233697749875,15173375,27749875,12576500,95233680000000,1,1,1
1,2917,95233690000000,95233697881000,95233713730375,15849375,23730375,7881000,95233700000000,1,1,0
1,2919,95233700000000,95233713898750,95233729540875,15642125,29540875,13898750,95233710000000,1,1,1
1,2921,95233720000000,95233730357500,95233746195375,15837875,26195375,10357500,95233730000000,1,1,1
1,2922,95233740000000,95233746381250,95233762197750,15816500,22197750,6381250,95233750000000,1,1,0
1,2924,95233750000000,95233762423250,95233778266125,15842875,28266125,12423250,95233760000000,1,1,1
1,2925,95233770000000,95233778396375,95233793560000,15163625,23560000,8396375,95233780000000,1,1,0
1,2927,95233780000000,95233793690750,95233809536000,15845250,29536000,13690750,95233790000000,1,1,1
1,2928,95233800000000,95233809705875,95233824483000,14777125,24483000,9705875,95233810000000,1,1,0
1,2930,95233810000000,95233824611875,95233840445875,15834000,30445875,14611875,95233820000000,1,1,1
1,2932,95233830000000,95233840612250,95233856417500,15805250,26417500,10612250,95233840000000,1,1,1
1,2933,95233850000000,95233856670500,95233870887250,14216750,20887250,6670500,95233860000000,1,1,0
1,2935,95233860000000,95233871093625,95233886247500,15153875,26247500,11093625,95233870000000,1,1,1
1,2936,95233880000000,95233886474875,95233902365625,15890750,22365625,6474875,95233890000000,1,1,0
1,2938,95233890000000,95233902569000,95233918455375,15886375,28455375,12569000,95233900000000,1,1,1
1,2939,95233910000000,95233918609125,95233934464125,15855000,24464125,8609125,95233920000000,1,1,0
1,2941,95233920000000,95233934635875,95233950560250,15924375,30560250,14635875,95233930000000,1,1,1
1,2943,95233940000000,95233950721875,95233966630500,15908625,26630500,10721875,95233950000000,1,1,1
1,2944,95233960000000,95233966798375,95233982734500,15936125,22734500,6798375,95233970000000,1,1,0
1,2946,95233970000000,95233982915125,95233998107875,15192750,28107875,12915125,95233980000000,1,1,1
1,2947,95233990000000,95233998270875,95234013668750,15397875,23668750,8270875,95234000000000,1,1,0
1,2949,95234000000000,95234013841500,95234027888125,14046625,27888125,13841500,95234010000000,1,1,1
1,2950,95234020000000,95234028082250,95234043936875,15854625,23936875,8082250,95234030000000,1,1,0
1,2952,95234030000000,95234044127625,95234058473000,14345375,28473000,14127625,95234040000000,1,1,1
1,2953,95234050000000,95234058653625,95234073888375,15234750,23888375,8653625,95234060000000,1,1,0
1,2955,95234060000000,95234074058625,95234089846375,15787750,29846375,14058625,95234070000000,1,1,1
1,2957,95234080000000,95234090016250,95234105900500,15884250,25900500,10016250,95234090000000,1,1,1
1,2958,95234100000000,95234106093250,95234122008875,15915625,22008875,6093250,95234110000000,1,1,0
1,2960,95234110000000,95234122195750,95234138075625,15879875,28075625,12195750,95234120000000,1,1,1
1,2961,95234130000000,95234138250250,95234153868375,15618125,23868375,8250250,95234140000000,1,1,0
1,2963,95234140000000,95234154049375,95234167954875,13905500,27954875,14049375,95234150000000,1,1,1
1,2964,95234160000000,95234168138875,95234183505375,15366500,23505375,8138875,95234170000000,1,1,0
1,2966,95234170000000,95234183714750,95234199523500,15808750,29523500,13714750,95234180000000,1,1,1
1,2967,95234190000000,95234199842625,95234215780750,15938125,25780750,9842625,95234200000000,1,1,0
1,2969,95234200000000,95234215938250,95234231877750,15939500,31877750,15938250,95234210000000,1,1,1
1,2971,95234220000000,95234232069625,95234247303375,15233750,27303375,12069625,95234230000000,1,1,1
1,2972,95234240000000,95234247483375,95234262742625,15259250,22742625,7483375,95234250000000,1,1,0
1,2974,95234250000000,95234263623000,95234278840250,15217250,28840250,13623000,95234260000000,1,1,1
1,2975,95234270000000,95234279112625,95234294129750,15017125,24129750,9112625,95234280000000,1,1,0
1,2977,95234280000000,95234294322000,95234309652500,15330500,29652500,14322000,95234290000000,1,1,1
1,2978,95234300000000,95234309824250,95234325745750,15921500,25745750,9824250,95234310000000,1,1,0
1,2980,95234310000000,95234326005875,95234341932625,15926750,31932625,16005875,95234320000000,1,1,1
1,2982,95234330000000,95234342114125,95234356632125,14518000,26632125,12114125,95234340000000,1,1,1
1,2983,95234350000000,95234357468625,95234372717125,15248500,22717125,7468625,95234360000000,1,1,0
1,2985,95234360000000,95234373656000,95234389617875,15961875,29617875,13656000,95234370000000,1,1,1
1,2986,95234380000000,95234389809125,95234405652000,15842875,25652000,9809125,95234390000000,1,1,0
1,2988,95234390000000,95234405827125,95234421729125,15902000,31729125,15827125,95234400000000,1,1,1
1,2990,95234410000000,95234421894625,95234436940500,15045875,26940500,11894625,95234420000000,1,1,1
1,2991,95234430000000,95234437102000,95234452943500,15841500,22943500,7102000,95234440000000,1,1,0
1,2993,95234440000000,95234453087875,95234468284250,15196375,28284250,13087875,95234450000000,1,1,1
1,2994,95234460000000,95234468440750,95234484419375,15978625,24419375,8440750,95234470000000,1,1,0
1,2996,95234470000000,95234484588125,95234500435000,15846875,30435000,14588125,95234480000000,1,1,1
1,2998,95234490000000,95234500604250,95234515856625,15252375,25856625,10604250,95234500000000,1,1,1
1,2999,95234510000000,95234516059250,95234531982250,15923000,21982250,6059250,95234520000000,1,1,0
1,3001,95234520000000,95234532143625,95234547383875,15240250,27383875,12143625,95234530000000,1,1,1
1,3002,95234540000000,95234547559125,95234561263000,13703875,21263000,7559125,95234550000000,1,1,0
1,3004,95234550000000,95234561423125,95234576630625,15207500,26630625,11423125,95234560000000,1,1,1
1,3005,95234570000000,95234576774000,95234592122250,15348250,22122250,6774000,95234580000000,1,1,0
1,3007,95234580000000,95234592270000,95234608108500,15838500,28108500,12270000,95234590000000,1,1,1
1,3008,95234600000000,95234608269500,95234624098375,15828875,24098375,8269500,95234610000000,1,1,0
1,3010,95234610000000,95234624374875,95234638783125,14408250,28783125,14374875,95234620000000,1,1,1
1,3011,95234630000000,95234638981750,95234654209250,15227500,24209250,8981750,95234640000000,1,1,0
1,3013,95234640000000,95234654382000,95234669644250,15262250,29644250,14382000,95234650000000,1,1,1
1,3014,95234660000000,95234669800750,95234685424000,15623250,25424000,9800750,95234670000000,1,1,0
1,3016,95234670000000,95234685599250,95234700923375,15324125,30923375,15599250,95234680000000,1,1,1
1,3018,95234690000000,95234701079625,95234717067875,15988250,27067875,11079625,95234700000000,1,1,1
1,3019,95234710000000,95234717308375,95234732875625,15567250,22875625,7308375,95234720000000,1,1,0
1,3021,95234720000000,95234733068250,95234748380250,15312000,28380250,13068250,95234730000000,1,1,1
1,3022,95234740000000,95234748554500,95234763885375,15330875,23885375,8554500,95234750000000,1,1,0
1,3024,95234750000000,95234764126875,95234780035875,15909000,30035875,14126875,95234760000000,1,1,1
1,3026,95234770000000,95234780170875,95234795553625,15382750,25553625,10170875,95234780000000,1,1,1
1,3027,95234790000000,95234795904500,95234811756125,15851625,21756125,5904500,95234800000000,1,1,0
1,3029,95234800000000,95234811975625,95234826609750,14634125,26609750,11975625,95234810000000,1,1,1
1,3030,95234820000000,95234826818750,95234841818250,14999500,21818250,6818750,95234830000000,1,1,0
1,3032,95234830000000,95234842000875,95234857894500,15893625,27894500,12000875,95234840000000,1,1,1
1,3033,95234850000000,95234858059875,95234873904125,15844250,23904125,8059875,95234860000000,1,1,0
1,3035,95234860000000,95234874068625,95234890000250,15931625,30000250,14068625,95234870000000,1,1,1
1,3037,95234880000000,95234890266250,95234905468500,15202250,25468500,10266250,95234890000000,1,1,1
1,3038,95234900000000,95234905655250,95234920913125,15257875,20913125,5655250,95234910000000,1,1,0
1,3040,95234910000000,95234921093750,95234936234250,15140500,26234250,11093750,95234920000000,1,1,1
1,3041,95234930000000,95234936390000,95234952297000,15907000,22297000,6390000,95234940000000,1,1,0
1,3043,95234940000000,95234952453375,95234968328000,15874625,28328000,12453375,95234950000000,1,1,1
1,3044,95234960000000,95234968575375,95234984468000,15892625,24468000,8575375,95234970000000,1,1,0
1,3046,95234970000000,95234984646125,95234999944875,15298750,29944875,14646125,95234980000000,1,1,1
1,3048,95234990000000,95235000145500,95235016102500,15957000,26102500,10145500,95235000000000,1,1,1
1,3049,95235010000000,95235016998000,95235032845750,15847750,22845750,6998000,95235020000000,1,1,0
1,3051,95235020000000,95235033132750,95235048319625,15186875,28319625,13132750,95235030000000,1,1,1
1,3052,95235040000000,95235048500625,95235064361125,15860500,24361125,8500625,95235050000000,1,1,0
1,3054,95235050000000,95235064505125,95235080382125,15877000,30382125,14505125,95235060000000,1,1,1
1,3056,95235070000000,95235080649000,95235096447000,15798000,26447000,10649000,95235080000000,1,1,1
1,3057,95235090000000,95235096624125,95235112535875,15911750,22535875,6624125,95235100000000,1,1,0
1,3059,95235100000000,95235112704125,95235128597250,15893125,28597250,12704125,95235110000000,1,1,1
1,3060,95235120000000,95235128754375,95235143472500,14718125,23472500,8754375,95235130000000,1,1,0
1,3062,95235130000000,95235143791750,95235159175375,15383625,29175375,13791750,95235140000000,1,1,1
1,3063,95235150000000,95235159382750,95235174675625,15292875,24675625,9382750,95235160000000,1,1,0
1,3065,95235160000000,95235174854375,95235190391625,15537250,30391625,14854375,95235170000000,1,1,1
1,3067,95235180000000,95235190559000,95235206137875,15578875,26137875,10559000,95235190000000,1,1,1
1,3068,95235200000000,95235206286750,95235222236000,15949250,22236000,6286750,95235210000000,1,1,0
1,3070,95235210000000,95235222405250,95235237590375,15185125,27590375,12405250,95235220000000,1,1,1
1,3071,95235230000000,95235237753875,95235253086750,15332875,23086750,7753875,95235240000000,1,1,0
1,3073,95235240000000,95235253270750,95235269000250,15729500,29000250,13270750,95235250000000,1,1,1
1,3074,95235260000000,95235269179500,95235284861375,15681875,24861375,9179500,95235270000000,1,1,0
1,3076,95235270000000,95235285012500,95235300925625,15913125,30925625,15012500,95235280000000,1,1,1
1,3078,95235290000000,95235301205250,95235316535625,15330375,26535625,11205250,95235300000000,1,1,1
1,3079,95235310000000,95235316702125,95235332581625,15879500,22581625,6702125,95235320000000,1,1,0
1,3081,95235320000000,95235332758375,95235346897125,14138750,26897125,12758375,95235330000000,1,1,1
1,3082,95235340000000,95235347092375,95235362393500,15301125,22393500,7092375,95235350000000,1,1,0
1,3084,95235350000000,95235362574000,95235378443750,15869750,28443750,12574000,95235360000000,1,1,1
1,3085,95235370000000,95235378606750,95235394477375,15870625,24477375,8606750,95235380000000,1,1,0
1,3087,95235380000000,95235394656625,95235410562375,15905750,30562375,14656625,95235390000000,1,1,1
1,3089,95235400000000,95235410723375,95235426617000,15893625,26617000,10723375,95235410000000,1,1,1
1,3090,95235420000000,95235426786375,95235441730750,14944375,21730750,6786375,95235430000000,1,1,0
1,3092,95235430000000,95235441907375,95235457240375,15333000,27240375,11907375,95235440000000,1,1,1
1,3093,95235450000000,95235457406875,95235473333000,15926125,23333000,7406875,95235460000000,1,1,0
1,3095,95235460000000,95235473493625,95235489320375,15826750,29320375,13493625,95235470000000,1,1,1
1,3096,95235480000000,95235489471250,95235505215000,15743750,25215000,9471250,95235490000000,1,1,0
1,3098,95235490000000,95235505387250,95235521354625,15967375,31354625,15387250,95235500000000,1,1,1
1,3100,95235510000000,95235521524875,95235536765125,15240250,26765125,11524875,95235520000000,1,1,1
1,3101,95235530000000,95235536930000,95235552277625,15347625,22277625,6930000,95235540000000,1,1,0
1,3103,95235540000000,95235552544000,95235568530375,15986375,28530375,12544000,95235550000000,1,1,1
1,3104,95235560000000,95235568667375,95235584555250,15887875,24555250,8667375,95235570000000,1,1,0
1,3106,95235570000000,95235584730000,95235600151625,15421625,30151625,14730000,95235580000000,1,1,1
1,3108,95235590000000,95235600302000,95235616168375,15866375,26168375,10302000,95235600000000,1,1,1
1,3109,95235610000000,95235616306875,95235631512875,15206000,21512875,6306875,95235620000000,1,1,0
1,3111,95235620000000,95235632463000,95235647684250,15221250,27684250,12463000,95235630000000,1,1,1
1,3112,95235640000000,95235647870625,95235663720250,15849625,23720250,7870625,95235650000000,1,1,0
1,3114,95235650000000,95235663924625,95235679815375,15890750,29815375,13924625,95235660000000,1,1,1
1,3116,95235670000000,95235680725000,95235695087750,14362750,25087750,10725000,95235680000000,1,1,1
1,3117,95235690000000,95235695307000,95235711242125,15935125,21242125,5307000,95235700000000,1,1,0
1,3119,95235700000000,95235711409375,95235727271875,15862500,27271875,11409375,95235710000000,1,1,1
1,3120,95235720000000,95235727445000,95235742666125,15221125,22666125,7445000,95235730000000,1,1,0
1,3122,95235730000000,95235742839000,95235758731125,15892125,28731125,12839000,95235740000000,1,1,1
1,3123,95235750000000,95235758910625,95235773974750,15064125,23974750,8910625,95235760000000,1,1,0
1,3125,95235760000000,95235774141250,95235789481875,15340625,29481875,14141250,95235770000000,1,1,1
1,3126,95235780000000,95235789638000,95235805851750,16213750,25851750,9638000,95235790000000,1,1,0
1,3128,95235790000000,95235806088875,95235822023000,15934125,32023000,16088875,95235800000000,1,1,1
1,3130,95235810000000,95235822219625,95235837408125,15188500,27408125,12219625,95235820000000,1,1,1
1,3131,95235830000000,95235837583750,95235853434500,15850750,23434500,7583750,95235840000000,1,1,0
1,3133,95235840000000,95235853619375,95235869498375,15879000,29498375,13619375,95235850000000,1,1,1
1,3134,95235860000000,95235869681375,95235885568125,15886750,25568125,9681375,95235870000000,1,1,0
1,3136,95235870000000,95235885857500,95235901762875,15905375,31762875,15857500,95235880000000,1,1,1
1,3138,95235890000000,95235901950500,95235917097750,15147250,27097750,11950500,95235900000000,1,1,1
1,3139,95235910000000,95235917266625,95235933150500,15883875,23150500,7266625,95235920000000,1,1,0
1,3141,95235920000000,95235933417875,95235948562000,15144125,28562000,13417875,95235930000000,1,1,1
1,3142,95235940000000,95235948740125,95235963309750,14569625,23309750,8740125,95235950000000,1,1,0
1,3144,95235950000000,95235963497625,95235978209375,14711750,28209375,13497625,95235960000000,1,1,1
1,3145,95235970000000,95235978350375,95235994215750,15865375,24215750,8350375,95235980000000,1,1,0
1,3147,95235980000000,95235994383250,95236010194125,15810875,30194125,14383250,95235990000000,1,1,1
1,3149,95236000000000,95236010354250,95236026323125,15968875,26323125,10354250,95236010000000,1,1,1
1,3150,95236020000000,95236026491500,95236041727750,15236250,21727750,6491500,95236030000000,1,1,0
1,3152,95236030000000,95236041995125,95236057687625,15692500,27687625,11995125,95236040000000,1,1,1
1,3153,95236050000000,95236057885375,95236072542375,14657000,22542375,7885375,95236060000000,1,1,0
1,3155,95236060000000,95236072706375,95236087972875,15266500,27972875,12706375,95236070000000,1,1,1
1,3156,95236080000000,95236088269625,95236103661125,15391500,23661125,8269625,95236090000000,1,1,0
1,3158,95236090000000,95236103863500,95236118969125,15105625,28969125,13863500,95236100000000,1,1,1
1,3159,95236110000000,95236119142875,95236133754500,14611625,23754500,9142875,95236120000000,1,1,0
1,3161,95236120000000,95236133924750,95236149853625,15928875,29853625,13924750,95236130000000,1,1,1
1,3163,95236140000000,95236150014625,95236165841375,15826750,25841375,10014625,95236150000000,1,1,1
1,3164,95236160000000,95236166012750,95236180687750,14675000,20687750,6012750,95236170000000,1,1,0
1,3166,95236170000000,95236180807750,95236196114875,15307125,26114875,10807750,95236180000000,1,1,1
1,3167,95236190000000,95236196283750,95236210859875,14576125,20859875,6283750,95236200000000,1,1,0
1,3169,95236200000000,95236211019375,95236226383500,15364125,26383500,11019375,95236210000000,1,1,1
1,3170,95236220000000,95236226562625,95236242450375,15887750,22450375,6562625,95236230000000,1,1,0
1,3172,95236230000000,95236242629000,95236258227375,15598375,28227375,12629000,95236240000000,1,1,1
1,3173,95236250000000,95236258410375,95236274280500,15870125,24280500,8410375,95236260000000,1,1,0
1,3175,95236260000000,95236274440250,95236290365000,15924750,30365000,14440250,95236270000000,1,1,1
1,3177,95236280000000,95236290541000,95236305831625,15290625,25831625,10541000,95236290000000,1,1,1
1,3178,95236300000000,95236306003375,95236321863875,15860500,21863875,6003375,95236310000000,1,1,0
1,3180,95236310000000,95236322776750,95236338746625,15969875,28746625,12776750,95236320000000,1,1,1
1,3181,95236330000000,95236338950625,95236354867625,15917000,24867625,8950625,95236340000000,1,1,0
1,3183,95236340000000,95236355056375,95236369230375,14174000,29230375,15056375,95236350000000,1,1,1
1,3184,95236360000000,95236369510625,95236384718500,15207875,24718500,9510625,95236370000000,1,1,0
1,3186,95236370000000,95236384850750,95236400064250,15213500,30064250,14850750,95236380000000,1,1,1
1,3188,95236390000000,95236400321375,95236416278250,15956875,26278250,10321375,95236400000000,1,1,1
1,3189,95236410000000,95236416459875,95236431711750,15251875,21711750,6459875,95236420000000,1,1,0
1,3191,95236420000000,95236431907875,95236447841500,15933625,27841500,11907875,95236430000000,1,1,1
1,3192,95236440000000,95236448043125,95236463853750,15810625,23853750,8043125,95236450000000,1,1,0
1,3194,95236450000000,95236464198250,95236479469250,15271000,29469250,14198250,95236460000000,1,1,1
1,3195,95236470000000,95236479662000,95236495553125,15891125,25553125,9662000,95236480000000,1,1,0
1,3197,95236480000000,95236495757750,95236509826125,14068375,29826125,15757750,95236490000000,1,1,1
1,3198,95236500000000,95236509985250,95236525817875,15832625,25817875,9985250,95236510000000,1,1,0
1,3200,95236510000000,95236525984250,95236540754500,14770250,30754500,15984250,95236520000000,1,1,1
1,3202,95236530000000,95236540927875,95236556768750,15840875,26768750,10927875,95236540000000,1,1,1
1,3203,95236550000000,95236556923500,95236572680875,15757375,22680875,6923500,95236560000000,1,1,0
1,3205,95236560000000,95236572798500,95236587925500,15127000,27925500,12798500,95236570000000,1,1,1
1,3206,95236580000000,95236588740375,95236603882000,15141625,23882000,8740375,95236590000000,1,1,0
1,3208,95236590000000,95236604041750,95236619838625,15796875,29838625,14041750,95236600000000,1,1,1
1,3210,95236610000000,95236620093375,95236635964875,15871500,25964875,10093375,95236620000000,1,1,1
1,3211,95236630000000,95236636258250,95236652195250,15937000,22195250,6258250,95236640000000,1,1,0
1,3213,95236640000000,95236652360250,95236667061250,14701000,27061250,12360250,95236650000000,1,1,1
1,3214,95236660000000,95236667252000,95236682542500,15290500,22542500,7252000,95236670000000,1,1,0
1,3216,95236670000000,95236682715750,95236697910125,15194375,27910125,12715750,95236680000000,1,1,1
1,3217,95236690000000,95236698087750,95236713996875,15909125,23996875,8087750,95236700000000,1,1,0
1,3219,95236700000000,95236714286750,95236730153000,15866250,30153000,14286750,95236710000000,1,1,1
1,3221,95236720000000,95236730345875,95236746686375,16340500,26686375,10345875,95236730000000,1,1,1
1,3222,95236740000000,95236746964500,95236762872375,15907875,22872375,6964500,95236750000000,1,1,0
1,3224,95236750000000,95236763094875,95236777060500,13965625,27060500,13094875,95236760000000,1,1,1
1,3225,95236770000000,95236777246875,95236792458250,15211375,22458250,7246875,95236780000000,1,1,0
1,3227,95236780000000,95236792580250,95236808481250,15901000,28481250,12580250,95236790000000,1,1,1
1,3228,95236800000000,95236808656375,95236823860500,15204125,23860500,8656375,95236810000000,1,1,0
1,3230,95236810000000,95236824159750,95236839215000,15055250,29215000,14159750,95236820000000,1,1,1
1,3231,95236830000000,95236839402750,95236854915250,15512500,24915250,9402750,95236840000000,1,1,0
1,3233,95236840000000,95236855110625,95236871041125,15930500,31041125,15110625,95236850000000,1,1,1
1,3235,95236860000000,95236871309625,95236886203250,14893625,26203250,11309625,95236870000000,1,1,1
1,3236,95236880000000,95236886403875,95236902198375,15794500,22198375,6403875,95236890000000,1,1,0
1,3238,95236890000000,95236902363875,95236918265750,15901875,28265750,12363875,95236900000000,1,1,1
1,3239,95236910000000,95236918533625,95236934509750,15976125,24509750,8533625,95236920000000,1,1,0
1,3241,95236920000000,95236934688250,95236950530750,15842500,30530750,14688250,95236930000000,1,1,1
1,3243,95236940000000,95236950878500,95236966751750,15873250,26751750,10878500,95236950000000,1,1,1
1,3244,95236960000000,95236967784750,95236983780875,15996125,23780875,7784750,95236970000000,1,1,0
1,3246,95236970000000,95236983986375,95236999198750,15212375,29198750,13986375,95236980000000,1,1,1
1,3247,95236990000000,95236999482750,95237014935250,15452500,24935250,9482750,95237000000000,1,1,0
1,3249,95237000000000,95237015142125,95237030658000,15515875,30658000,15142125,95237010000000,1,1,1
1,3251,95237020000000,95237030854750,95237046821000,15966250,26821000,10854750,95237030000000,1,1,1
1,3252,95237040000000,95237047019750,95237062909375,15889625,22909375,7019750,95237050000000,1,1,0
1,3254,95237050000000,95237063100625,95237078890250,15789625,28890250,13100625,95237060000000,1,1,1
1,3255,95237070000000,95237079176000,95237095138625,15962625,25138625,9176000,95237080000000,1,1,0
1,3257,95237080000000,95237095329500,95237110571250,15241750,30571250,15329500,95237090000000,1,1,1
1,3259,95237100000000,95237110838125,95237126777500,15939375,26777500,10838125,95237110000000,1,1,1
1,3260,95237120000000,95237126972875,95237142757625,15784750,22757625,6972875,95237130000000,1,1,0
1,3262,95237130000000,95237142929750,95237158801500,15871750,28801500,12929750,95237140000000,1,1,1
1,3263,95237150000000,95237158971250,95237174272500,15301250,24272500,8971250,95237160000000,1,1,0
1,3265,95237160000000,95237174455875,95237189087125,14631250,29087125,14455875,95237170000000,1,1,1
1,3266,95237180000000,95237189239500,95237204437750,15198250,24437750,9239500,95237190000000,1,1,0
1,3268,95237190000000,95237204592500,95237220459625,15867125,30459625,14592500,95237200000000,1,1,1
1,3270,95237210000000,95237220629875,95237236506500,15876625,26506500,10629875,95237220000000,1,1,1
1,3271,95237230000000,95237236669375,95237251313375,14644000,21313375,6669375,95237240000000,1,1,0
1,3273,95237240000000,95237251508125,95237266325250,14817125,26325250,11508125,95237250000000,1,1,1
1,3274,95237260000000,95237266483250,95237281109750,14626500,21109750,6483250,95237270000000,1,1,0
1,3276,95237270000000,95237281284250,95237297129250,15845000,27129250,11284250,95237280000000,1,1,1
1,3277,95237290000000,95237297370375,95237313136000,15765625,23136000,7370375,95237300000000,1,1,0
1,3279,95237300000000,95237313324750,95237328111625,14786875,28111625,13324750,95237310000000,1,1,1
1,3280,95237320000000,95237328271125,95237344153250,15882125,24153250,8271125,95237330000000,1,1,0
1,3282,95237330000000,95237344404875,95237360335750,15930875,30335750,14404875,95237340000000,1,1,1
1,3284,95237350000000,95237360528375,95237375063500,14535125,25063500,10528375,95237360000000,1,1,1
1,3285,95237370000000,95237375251750,95237391056125,15804375,21056125,5251750,95237380000000,1,1,0
1,3287,95237380000000,95237391226875,95237407115250,15888375,27115250,11226875,95237390000000,1,1,1
1,3288,95237400000000,95237407273750,95237422315375,15041625,22315375,7273750,95237410000000,1,1,0
1,3290,95237410000000,95237422630625,95237438218875,15588250,28218875,12630625,95237420000000,1,1,1
1,3291,95237430000000,95237438426250,95237453593625,15167375,23593625,8426250,95237440000000,1,1,0
1,3293,95237440000000,95237453888375,95237467880375,13992000,27880375,13888375,95237450000000,1,1,1
1,3294,95237460000000,95237468075875,95237483985750,15909875,23985750,8075875,95237470000000,1,1,0
1,3296,95237470000000,95237484188250,95237499963375,15775125,29963375,14188250,95237480000000,1,1,1
1,3298,95237490000000,95237500204375,95237516072625,15868250,26072625,10204375,95237500000000,1,1,1
1,3299,95237510000000,95237516229000,95237532146375,15917375,22146375,6229000,95237520000000,1,1,0
1,3301,95237520000000,95237532400500,95237548356500,15956000,28356500,12400500,95237530000000,1,1,1
1,3302,95237540000000,95237548547375,95237564511750,15964375,24511750,8547375,95237550000000,1,1,0
1,3304,95237550000000,95237564758250,95237579409000,14650750,29409000,14758250,95237560000000,1,1,1
1,3305,95237570000000,95237579622125,95237595555250,15933125,25555250,9622125,95237580000000,1,1,0
1,3307,95237580000000,95237595753000,95237611097125,15344125,31097125,15753000,95237590000000,1,1,1
1,3309,95237600000000,95237612170125,95237627992000,15821875,27992000,12170125,95237610000000,1,1,1
1,3310,95237620000000,95237628212625,95237643655875,15443250,23655875,8212625,95237630000000,1,1,0
1,3312,95237630000000,95237643860750,95237659738250,15877500,29738250,13860750,95237640000000,1,1,1
1,3313,95237650000000,95237659912875,95237674695000,14782125,24695000,9912875,95237660000000,1,1,0
1,3315,95237660000000,95237674891625,95237690818375,15926750,30818375,14891625,95237670000000,1,1,1
1,3317,95237680000000,95237691111750,95237707065875,15954125,27065875,11111750,95237690000000,1,1,1
1,3318,95237700000000,95237707287375,95237722595000,15307625,22595000,7287375,95237710000000,1,1,0
1,3320,95237710000000,95237722781875,95237738648125,15866250,28648125,12781875,95237720000000,1,1,1
1,3321,95237730000000,95237738811125,95237754745250,15934125,24745250,8811125,95237740000000,1,1,0
1,3323,95237740000000,95237754915625,95237770573375,15657750,30573375,14915625,95237750000000,1,1,1
1,3325,95237760000000,95237770746625,95237785941500,15194875,25941500,10746625,95237770000000,1,1,1
1,3326,95237780000000,95237786106875,95237802049750,15942875,22049750,6106875,95237790000000,1,1,0
1,3328,95237790000000,95237802220125,95237818193750,15973625,28193750,12220125,95237800000000,1,1,1
1,3329,95237810000000,95237818391875,95237833929250,15537375,23929250,8391875,95237820000000,1,1,0
1,3331,95237820000000,95237834136125,95237850049875,15913750,30049875,14136125,95237830000000,1,1,1
1,3333,95237840000000,95237850223000,95237866177250,15954250,26177250,10223000,95237850000000,1,1,1
1,3334,95237860000000,95237866350875,95237881571500,15220625,21571500,6350875,95237870000000,1,1,0
1,3336,95237870000000,95237882519500,95237897696125,15176625,27696125,12519500,95237880000000,1,1,1
1,3337,95237890000000,95237897867750,95237911987125,14119375,21987125,7867750,95237900000000,1,1,0
1,3339,95237900000000,95237912271000,95237928248625,15977625,28248625,12271000,95237910000000,1,1,1
1,3340,95237920000000,95237928419875,95237944256000,15836125,24256000,8419875,95237930000000,1,1,0
1,3342,95237930000000,95237944413625,95237960240375,15826750,30240375,14413625,95237940000000,1,1,1
1,3344,95237950000000,95237960391125,95237976311500,15920375,26311500,10391125,95237960000000,1,1,1
1,3345,95237970000000,95237976579375,95237991789875,15210500,21789875,6579375,95237980000000,1,1,0
1,3347,95237980000000,95237992034750,95238007171625,15136875,27171625,12034750,95237990000000,1,1,1
1,3348,95238000000000,95238007364875,95238022904750,15539875,22904750,7364875,95238010000000,1,1,0
1,3350,95238010000000,95238023106625,95238038532875,15426250,28532875,13106625,95238020000000,1,1,1
1,3351,95238030000000,95238038716250,95238054561750,15845500,24561750,8716250,95238040000000,1,1,0
1,3353,95238040000000,95238054734500,95238070659250,15924750,30659250,14734500,95238050000000,1,1,1
1,3355,95238060000000,95238070941250,95238086224000,15282750,26224000,10941250,95238070000000,1,1,1
1,3356,95238080000000,95238086423000,95238102306500,15883500,22306500,6423000,95238090000000,1,1,0
1,3358,95238090000000,95238102596750,95238118145875,15549125,28145875,12596750,95238100000000,1,1,1
1,3359,95238110000000,95238118359500,95238134303500,15944000,24303500,8359500,95238120000000,1,1,0
1,3361,95238120000000,95238134489375,95238150376125,15886750,30376125,14489375,95238130000000,1,1,1
1,3363,95238140000000,95238150567000,95238165964875,15397875,25964875,10567000,95238150000000,1,1,1
1,3364,95238160000000,95238166136125,95238181310375,15174250,21310375,6136125,95238170000000,1,1,0
1,3366,95238170000000,95238181564125,95238197511375,15947250,27511375,11564125,95238180000000,1,1,1
1,3367,95238190000000,95238197690500,95238213355375,15664875,23355375,7690500,95238200000000,1,1,0
1,3369,95238200000000,95238213515875,95238228199250,14683375,28199250,13515875,95238210000000,1,1,1
1,3370,95238220000000,95238228361750,95238243740625,15378875,23740625,8361750,95238230000000,1,1,0
1,3372,95238230000000,95238244094875,95238259933500,15838625,29933500,14094875,95238240000000,1,1,1
1,3374,95238250000000,95238260895625,95238276735000,15839375,26735000,10895625,95238260000000,1,1,1
1,3375,95238270000000,95238276908875,95238292124125,15215250,22124125,6908875,95238280000000,1,1,0
1,3377,95238280000000,95238292299250,95238308221125,15921875,28221125,12299250,95238290000000,1,1,1
1,3378,95238300000000,95238308496375,95238324536500,16040125,24536500,8496375,95238310000000,1,1,0
1,3380,95238310000000,95238324721875,95238340431000,15709125,30431000,14721875,95238320000000,1,1,1
1,3382,95238330000000,95238340595500,95238356491500,15896000,26491500,10595500,95238340000000,1,1,1
1,3383,95238350000000,95238356647625,95238372108000,15460375,22108000,6647625,95238360000000,1,1,0
1,3385,95238360000000,95238372263750,95238386735250,14471500,26735250,12263750,95238370000000,1,1,1
1,3386,95238380000000,95238386916875,95238402832375,15915500,22832375,6916875,95238390000000,1,1,0
1,3388,95238390000000,95238403007500,95238418905625,15898125,28905625,13007500,95238400000000,1,1,1
1,3389,95238410000000,95238419094000,95238434931875,15837875,24931875,9094000,95238420000000,1,1,0
1,3391,95238420000000,95238435101625,95238450522000,15420375,30522000,15101625,95238430000000,1,1,1
1,3393,95238440000000,95238450796750,95238466718125,15921375,26718125,10796750,95238450000000,1,1,1
1,3394,95238460000000,95238466910875,95238482861625,15950750,22861625,6910875,95238470000000,1,1,0
1,3396,95238470000000,95238483135500,95238497687500,14552000,27687500,13135500,95238480000000,1,1,1
1,3397,95238490000000,95238497865625,95238513515750,15650125,23515750,7865625,95238500000000,1,1,0
1,3399,95238500000000,95238513685625,95238529589500,15903875,29589500,13685625,95238510000000,1,1,1
1,3400,95238520000000,95238529757875,95238545031125,15273250,25031125,9757875,95238530000000,1,1,0
1,3402,95238530000000,95238545182000,95238561005375,15823375,31005375,15182000,95238540000000,1,1,1
1,3404,95238550000000,95238561271375,95238574508375,13237000,24508375,11271375,95238560000000,1,1,1
1,3405,95238570000000,95238574706000,95238590003250,15297250,20003250,4706000,95238580000000,1,0,0
1,3407,95238580000000,95238590190500,95238605408875,15218375,25408875,10190500,95238590000000,1,1,1
1,3408,95238600000000,95238605586000,95238621485500,15899500,21485500,5586000,95238610000000,1,1,0
1,3410,95238610000000,95238621741000,95238637651875,15910875,27651875,11741000,95238620000000,1,1,1
1,3411,95238630000000,95238637851000,95238653243500,15392500,23243500,7851000,95238640000000,1,1,0
1,3413,95238640000000,95238653401000,95238668594000,15193000,28594000,13401000,95238650000000,1,1,1
1,3414,95238660000000,95238668768125,95238684099500,15331375,24099500,8768125,95238670000000,1,1,0
1,3416,95238670000000,95238684262125,95238700174750,15912625,30174750,14262125,95238680000000,1,1,1
1,3418,95238690000000,95238700329375,95238715605750,15276375,25605750,10329375,95238700000000,1,1,1
1,3419,95238710000000,95238715781000,95238731702375,15921375,21702375,5781000,95238720000000,1,1,0
1,3421,95238720000000,95238731890750,95238747762875,15872125,27762875,11890750,95238730000000,1,1,1
1,3422,95238740000000,95238747950750,95238763856125,15905375,23856125,7950750,95238750000000,1,1,0
1,3424,95238750000000,95238764142000,95238779287125,15145125,29287125,14142000,95238760000000,1,1,1
1,3425,95238770000000,95238779501875,95238795434125,15932250,25434125,9501875,95238780000000,1,1,0
1,3427,95238780000000,95238795622250,95238811498875,15876625,31498875,15622250,95238790000000,1,1,1
1,3429,95238800000000,95238811872625,95238827954625,16082000,27954625,11872625,95238810000000,1,1,1
1,3430,95238820000000,95238828168875,95238844097125,15928250,24097125,8168875,95238830000000,1,1,0
1,3432,95238830000000,95238844281500,95238859097125,14815625,29097125,14281500,95238840000000,1,1,1
1,3433,95238850000000,95238859295375,95238873823125,14527750,23823125,9295375,95238860000000,1,1,0
1,3435,95238860000000,95238873984500,95238888739250,14754750,28739250,13984500,95238870000000,1,1,1
1,3436,95238880000000,95238888995500,95238904948125,15952625,24948125,8995500,95238890000000,1,1,0
1,3438,95238890000000,95238905834875,95238921231125,15396250,31231125,15834875,95238900000000,1,1,1
1,3440,95238910000000,95238921415750,95238937316625,15900875,27316625,11415750,95238920000000,1,1,1
1,3441,95238930000000,95238937600625,95238953584125,15983500,23584125,7600625,95238940000000,1,1,0
1,3443,95238940000000,95238953763125,95238969010500,15247375,29010500,13763125,95238950000000,1,1,1
1,3444,95238960000000,95238969175000,95238985015000,15840000,25015000,9175000,95238970000000,1,1,0
1,3446,95238970000000,95238985279500,95239000088750,14809250,30088750,15279500,95238980000000,1,1,1
1,3448,95238990000000,95239000266375,95239016186875,15920500,26186875,10266375,95239000000000,1,1,1
1,3449,95239010000000,95239016348875,95239031261125,14912250,21261125,6348875,95239020000000,1,1,0
1,3451,95239020000000,95239031463250,95239047378250,15915000,27378250,11463250,95239030000000,1,1,1
1,3452,95239040000000,95239047554750,95239061856750,14302000,21856750,7554750,95239050000000,1,1,0
1,3454,95239050000000,95239062044625,95239077917750,15873125,27917750,12044625,95239060000000,1,1,1
1,3455,95239070000000,95239078082125,95239094021750,15939625,24021750,8082125,95239080000000,1,1,0
1,3457,95239080000000,95239094334500,95239109259000,14924500,29259000,14334500,95239090000000,1,1,1
1,3458,95239100000000,95239109540625,95239124294125,14753500,24294125,9540625,95239110000000,1,1,0
1,3460,95239110000000,95239124479125,95239140359125,15880000,30359125,14479125,95239120000000,1,1,1
1,3462,95239130000000,95239140619250,95239155818500,15199250,25818500,10619250,95239140000000,1,1,1
1,3463,95239150000000,95239156042500,95239171864875,15822375,21864875,6042500,95239160000000,1,1,0
1,3465,95239160000000,95239172071625,95239187849625,15778000,27849625,12071625,95239170000000,1,1,1
1,3466,95239180000000,95239188050125,95239203933125,15883000,23933125,8050125,95239190000000,1,1,0
1,3468,95239190000000,95239204109250,95239219452875,15343625,29452875,14109250,95239200000000,1,1,1
1,3469,95239210000000,95239219650500,95239235517875,15867375,25517875,9650500,95239220000000,1,1,0
1,3471,95239220000000,95239235696125,95239250252875,14556750,30252875,15696125,95239230000000,1,1,1
1,3473,95239240000000,95239250401750,95239265137500,14735750,25137500,10401750,95239250000000,1,1,1
1,3474,95239260000000,95239265292125,95239280559125,15267000,20559125,5292125,95239270000000,1,1,0
1,3476,95239270000000,95239280714250,95239296491250,15777000,26491250,10714250,95239280000000,1,1,1
1,3477,95239290000000,95239296654250,95239312583500,15929250,22583500,6654250,95239300000000,1,1,0
1,3479,95239300000000,95239312751375,95239328664000,15912625,28664000,12751375,95239310000000,1,1,1
1,3480,95239320000000,95239328829375,95239343997000,15167625,23997000,8829375,95239330000000,1,1,0
1,3482,95239330000000,95239344280000,95239360249750,15969750,30249750,14280000,95239340000000,1,1,1
1,3484,95239350000000,95239360436125,95239375189750,14753625,25189750,10436125,95239360000000,1,1,1
1,3485,95239370000000,95239375394750,95239391289375,15894625,21289375,5394750,95239380000000,1,1,0
1,3487,95239380000000,95239391483625,95239407362500,15878875,27362500,11483625,95239390000000,1,1,1
1,3488,95239400000000,95239407553375,95239423438250,15884875,23438250,7553375,95239410000000,1,1,0
1,3490,95239410000000,95239423624500,95239439474875,15850375,29474875,13624500,95239420000000,1,1,1
1,3491,95239430000000,95239439661625,95239454839000,15177375,24839000,9661625,95239440000000,1,1,0
1,3493,95239440000000,95239455011250,95239470069875,15058625,30069875,15011250,95239450000000,1,1,1
1,3495,95239460000000,95239470255375,95239486056250,15800875,26056250,10255375,95239470000000,1,1,1
1,3496,95239480000000,95239486223000,95239501609750,15386750,21609750,6223000,95239490000000,1,1,0
1,3498,95239490000000,95239501868375,95239517757500,15889125,27757500,11868375,95239500000000,1,1,1
1,3499,95239510000000,95239517946500,95239533842875,15896375,23842875,7946500,95239520000000,1,1,0
1,3501,95239520000000,95239534011750,95239549189125,15177375,29189125,14011750,95239530000000,1,1,1
1,3503,95239540000000,95239550164625,95239565813625,15649000,25813625,10164625,95239550000000,1,1,1
1,3504,95239560000000,95239566142125,95239581374000,15231875,21374000,6142125,95239570000000,1,1,0
1,3506,95239570000000,95239581564875,95239596754750,15189875,26754750,11564875,95239580000000,1,1,1
1,3507,95239590000000,95239596927375,95239612280375,15353000,22280375,6927375,95239600000000,1,1,0
1,3509,95239600000000,95239612473625,95239628429250,15955625,28429250,12473625,95239610000000,1,1,1
1,3510,95239620000000,95239628694250,95239643845625,15151375,23845625,8694250,95239630000000,1,1,0
1,3512,95239630000000,95239644135500,95239659953500,15818000,29953500,14135500,95239640000000,1,1,1
1,3514,95239650000000,95239660240250,95239676202750,15962500,26202750,10240250,95239660000000,1,1,1
1,3515,95239670000000,95239676382875,95239692254500,15871625,22254500,6382875,95239680000000,1,1,0
1,3517,95239680000000,95239692415625,95239708277000,15861375,28277000,12415625,95239690000000,1,1,1
1,3518,95239700000000,95239708537000,95239724448250,15911250,24448250,8537000,95239710000000,1,1,0
1,3520,95239710000000,95239724632250,95239739559625,14927375,29559625,14632250,95239720000000,1,1,1
1,3521,95239730000000,95239739757875,95239754320125,14562250,24320125,9757875,95239740000000,1,1,0
1,3523,95239740000000,95239754487000,95239770435875,15948875,30435875,14487000,95239750000000,1,1,1
1,3525,95239760000000,95239770723625,95239786091250,15367625,26091250,10723625,95239770000000,1,1,1
1,3526,95239780000000,95239786273250,95239801866250,15593000,21866250,6273250,95239790000000,1,1,0
1,3528,95239790000000,95239802054625,95239818239625,16185000,28239625,12054625,95239800000000,1,1,1
1,3529,95239810000000,95239818447500,95239834387875,15940375,24387875,8447500,95239820000000,1,1,0
1,3531,95239820000000,95239834569875,95239849219250,14649375,29219250,14569875,95239830000000,1,1,1
1,3532,95239840000000,95239849473000,95239865261125,15788125,25261125,9473000,95239850000000,1,1,0
1,3534,95239850000000,95239865465625,95239881399250,15933625,31399250,15465625,95239860000000,1,1,1
1,3536,95239870000000,95239881571000,95239897480250,15909250,27480250,11571000,95239880000000,1,1,1
1,3537,95239890000000,95239897634000,95239913555375,15921375,23555375,7634000,95239900000000,1,1,0
1,3539,95239900000000,95239913719375,95239929585125,15865750,29585125,13719375,95239910000000,1,1,1
1,3540,95239920000000,95239929759375,95239945668750,15909375,25668750,9759375,95239930000000,1,1,0
1,3542,95239930000000,95239945845250,95239961113375,15268125,31113375,15845250,95239940000000,1,1,1
1,3544,95239950000000,95239961281625,95239977152375,15870750,27152375,11281625,95239960000000,1,1,1
1,3545,95239970000000,95239977302125,95239993125125,15823000,23125125,7302125,95239980000000,1,1,0
1,3547,95239980000000,95239993279250,95240009212875,15933625,29212875,13279250,95239990000000,1,1,1
1,3548,95240000000000,95240009374375,95240024212000,14837625,24212000,9374375,95240010000000,1,1,0
1,3550,95240010000000,95240024371000,95240040150000,15779000,30150000,14371000,95240020000000,1,1,1
1,3552,95240030000000,95240040448625,95240055656125,15207500,25656125,10448625,95240040000000,1,1,1
1,3553,95240050000000,95240055874250,95240070575375,14701125,20575375,5874250,95240060000000,1,1,0
1,3555,95240060000000,95240070756375,95240086629375,15873000,26629375,10756375,95240070000000,1,1,1
1,3556,95240080000000,95240086812500,95240102665500,15853000,22665500,6812500,95240090000000,1,1,0
1,3558,95240090000000,95240102950625,95240118544500,15593875,28544500,12950625,95240100000000,1,1,1
1,3559,95240110000000,95240118749500,95240134374125,15624625,24374125,8749500,95240120000000,1,1,0
1,3561,95240120000000,95240134552875,95240149783750,15230875,29783750,14552875,95240130000000,1,1,1
1,3563,95240140000000,95240150067625,95240165336250,15268625,25336250,10067625,95240150000000,1,1,1
1,3564,95240160000000,95240165520625,95240181426500,15905875,21426500,5520625,95240170000000,1,1,0
1,3566,95240170000000,95240181722250,95240197630000,15907750,27630000,11722250,95240180000000,1,1,1
1,3567,95240190000000,95240198535750,95240213890125,15354375,23890125,8535750,95240200000000,1,1,0
1,3569,95240200000000,95240214210375,95240230124750,15914375,30124750,14210375,95240210000000,1,1,1
1,3571,95240220000000,95240230316625,95240246296750,15980125,26296750,10316625,95240230000000,1,1,1
1,3572,95240240000000,95240246446500,95240261574375,15127875,21574375,6446500,95240250000000,1,1,0
1,3574,95240250000000,95240261706000,95240277072250,15366250,27072250,11706000,95240260000000,1,1,1
1,3575,95240270000000,95240277241125,95240293094625,15853500,23094625,7241125,95240280000000,1,1,0
1,3577,95240280000000,95240293260625,95240309040500,15779875,29040500,13260625,95240290000000,1,1,1
1,3578,95240300000000,95240309211875,95240325059000,15847125,25059000,9211875,95240310000000,1,1,0
1,3580,95240310000000,95240325227000,95240339996750,14769750,29996750,15227000,95240320000000,1,1,1
1,3582,95240330000000,95240340247500,95240355414000,15166500,25414000,10247500,95240340000000,1,1,1
1,3583,95240350000000,95240355605750,95240371503000,15897250,21503000,5605750,95240360000000,1,1,0
1,3585,95240360000000,95240371695625,95240387656500,15960875,27656500,11695625,95240370000000,1,1,1
1,3586,95240380000000,95240387870250,95240402474125,14603875,22474125,7870250,95240390000000,1,1,0
1,3588,95240390000000,95240402652750,95240418556250,15903500,28556250,12652750,95240400000000,1,1,1
1,3589,95240410000000,95240418739750,95240433791625,15051875,23791625,8739750,95240420000000,1,1,0
1,3591,95240420000000,95240433957000,95240448562250,14605250,28562250,13957000,95240430000000,1,1,1
1,3592,95240440000000,95240448718375,95240464513000,15794625,24513000,8718375,95240450000000,1,1,0
1,3594,95240450000000,95240464675500,95240480641750,15966250,30641750,14675500,95240460000000,1,1,1
1,3596,95240470000000,95240480811125,95240496749625,15938500,26749625,10811125,95240480000000,1,1,1
1,3597,95240490000000,95240497009125,95240512768625,15759500,22768625,7009125,95240500000000,1,1,0
1,3599,95240500000000,95240512955500,95240527221750,14266250,27221750,12955500,95240510000000,1,1,1
1,3600,95240520000000,95240527423250,95240542674250,15251000,22674250,7423250,95240530000000,1,1,0
1,3602,95240530000000,95240542843500,95240558674750,15831250,28674750,12843500,95240540000000,1,1,1
1,3603,95240550000000,95240558848375,95240574379500,15531125,24379500,8848375,95240560000000,1,1,0
1,3605,95240560000000,95240574563000,95240590492125,15929125,30492125,14563000,95240570000000,1,1,1
1,3607,95240580000000,95240590668250,95240606214500,15546250,26214500,10668250,95240590000000,1,1,1
1,3608,95240600000000,95240606580500,95240622438625,15858125,22438625,6580500,95240610000000,1,1,0
1,3610,95240610000000,95240622628250,95240637900250,15272000,27900250,12628250,95240620000000,1,1,1
1,3611,95240630000000,95240638071000,95240654008625,15937625,24008625,8071000,95240640000000,1,1,0
1,3613,95240640000000,95240654185750,95240669509875,15324125,29509875,14185750,95240650000000,1,1,1
1,3614,95240660000000,95240669638125,95240685458125,15820000,25458125,9638125,95240670000000,1,1,0
1,3616,95240670000000,95240685604500,95240701550375,15945875,31550375,15604500,95240680000000,1,1,1
1,3618,95240690000000,95240701715750,95240716985750,15270000,26985750,11715750,95240700000000,1,1,1
1,3619,95240710000000,95240717259000,95240733136000,15877000,23136000,7259000,95240720000000,1,1,0
1,3621,95240720000000,95240733305750,95240747855000,14549250,27855000,13305750,95240730000000,1,1,1
1,3622,95240740000000,95240748041250,95240763423125,15381875,23423125,8041250,95240750000000,1,1,0
1,3624,95240750000000,95240763609625,95240779410000,15800375,29410000,13609625,95240760000000,1,1,1
1,3625,95240770000000,95240779624250,95240795488125,15863875,25488125,9624250,95240780000000,1,1,0
1,3627,95240780000000,95240795675000,95240811630625,15955625,31630625,15675000,95240790000000,1,1,1
1,3629,95240800000000,95240811834500,95240827768625,15934125,27768625,11834500,95240810000000,1,1,1
1,3630,95240820000000,95240827955500,95240843462625,15507125,23462625,7955500,95240830000000,1,1,0
1,3632,95240830000000,95240843698875,95240859522375,15823500,29522375,13698875,95240840000000,1,1,1
1,3634,95240850000000,95240860550000,95240876421625,15871625,26421625,10550000,95240860000000,1,1,1
1,3635,95240870000000,95240876598250,95240891991250,15393000,21991250,6598250,95240880000000,1,1,0
1,3637,95240880000000,95240892215250,95240908122875,15907625,28122875,12215250,95240890000000,1,1,1
1,3638,95240900000000,95240908290750,95240924082500,15791750,24082500,8290750,95240910000000,1,1,0
1,3640,95240910000000,95240924242375,95240940204375,15962000,30204375,14242375,95240920000000,1,1,1
1,3642,95240930000000,95240940370375,95240955530875,15160500,25530875,10370375,95240940000000,1,1,1
1,3643,95240950000000,95240955749125,95240971513000,15763875,21513000,5749125,95240960000000,1,1,0
1,3645,95240960000000,95240971705625,95240986633000,14927375,26633000,11705625,95240970000000,1,1,1
1,3646,95240980000000,95240986823750,95241002752125,15928375,22752125,6823750,95240990000000,1,1,0
1,3648,95240990000000,95241002937500,95241018797125,15859625,28797125,12937500,95241000000000,1,1,1
1,3649,95241010000000,95241018965500,95241034771250,15805750,24771250,8965500,95241020000000,1,1,0
1,3651,95241020000000,95241034935125,95241049595125,14660000,29595125,14935125,95241030000000,1,1,1
1,3652,95241040000000,95241049773250,95241065474250,15701000,25474250,9773250,95241050000000,1,1,0
1,3654,95241050000000,95241065650250,95241081542000,15891750,31542000,15650250,95241060000000,1,1,1
1,3656,95241070000000,95241081704375,95241097399375,15695000,27399375,11704375,95241080000000,1,1,1
1,3657,95241090000000,95241097682375,95241113639625,15957250,23639625,7682375,95241100000000,1,1,0
1,3659,95241100000000,95241113828750,95241128492250,14663500,28492250,13828750,95241110000000,1,1,1
1,3660,95241120000000,95241128647375,95241143831125,15183750,23831125,8647375,95241130000000,1,1,0
1,3662,95241130000000,95241144070625,95241159932125,15861500,29932125,14070625,95241140000000,1,1,1
1,3664,95241150000000,95241160115000,95241175388000,15273000,25388000,10115000,95241160000000,1,1,1
1,3665,95241170000000,95241175588500,95241190900375,15311875,20900375,5588500,95241180000000,1,1,0
1,3667,95241180000000,95241191092250,95241206302750,15210500,26302750,11092250,95241190000000,1,1,1
1,3668,95241200000000,95241206462750,95241222394875,15932125,22394875,6462750,95241210000000,1,1,0
1,3670,95241210000000,95241222681000,95241237902125,15221125,27902125,12681000,95241220000000,1,1,1
1,3671,95241230000000,95241238100125,95241253711250,15611125,23711250,8100125,95241240000000,1,1,0
1,3673,95241240000000,95241253893375,95241269749750,15856375,29749750,13893375,95241250000000,1,1,1
1,3674,95241260000000,95241269928375,95241285781000,15852625,25781000,9928375,95241270000000,1,1,0
1,3676,95241270000000,95241285945000,95241301168125,15223125,31168125,15945000,95241280000000,1,1,1
1,3678,95241290000000,95241301319875,95241315955375,14635500,25955375,11319875,95241300000000,1,1,1
1,3679,95241310000000,95241316304875,95241330192750,13887875,20192750,6304875,95241320000000,1,1,0
1,3681,95241320000000,95241330355375,95241345992250,15636875,25992250,10355375,95241330000000,1,1,1
1,3682,95241340000000,95241346161625,95241362082625,15921000,22082625,6161625,95241350000000,1,1,0
1,3684,95241350000000,95241362255375,95241378081125,15825750,28081125,12255375,95241360000000,1,1,1
1,3685,95241370000000,95241378250375,95241393908375,15658000,23908375,8250375,95241380000000,1,1,0
1,3687,95241380000000,95241394082000,95241410090875,16008875,30090875,14082000,95241390000000,1,1,1
1,3689,95241400000000,95241410384625,95241424937250,14552625,24937250,10384625,95241410000000,1,1,1
1,3690,95241420000000,95241425120750,95241440357625,15236875,20357625,5120750,95241430000000,1,1,0
1,3692,95241430000000,95241440507375,95241456420000,15912625,26420000,10507375,95241440000000,1,1,1
1,3693,95241450000000,95241456587750,95241471925500,15337750,21925500,6587750,95241460000000,1,1,0
1,3695,95241460000000,95241472192625,95241488152500,15959875,28152500,12192625,95241470000000,1,1,1
1,3696,95241480000000,95241488320375,95241504205750,15885375,24205750,8320375,95241490000000,1,1,0
1,3698,95241490000000,95241505102250,95241521067500,15965250,31067500,15102250,95241500000000,1,1,1
1,3700,95241510000000,95241521233500,95241536487375,15253875,26487375,11233500,95241520000000,1,1,1
1,3701,95241530000000,95241536653750,95241552546875,15893125,22546875,6653750,95241540000000,1,1,0
1,3703,95241540000000,95241552694625,95241568538625,15844000,28538625,12694625,95241550000000,1,1,1
1,3704,95241560000000,95241568801000,95241584190125,15389125,24190125,8801000,95241570000000,1,1,0
1,3706,95241570000000,95241584365750,95241599047375,14681625,29047375,14365750,95241580000000,1,1,1
1,3707,95241590000000,95241599249750,95241615088250,15838500,25088250,9249750,95241600000000,1,1,0
1,3709,95241600000000,95241615265375,95241629822875,14557500,29822875,15265375,95241610000000,1,1,1
1,3710,95241620000000,95241629999500,95241645606250,15606750,25606250,9999500,95241630000000,1,1,0
1,3712,95241630000000,95241645772000,95241661690625,15918625,31690625,15772000,95241640000000,1,1,1
1,3714,95241650000000,95241661876000,95241677525750,15649750,27525750,11876000,95241660000000,1,1,1
1,3715,95241670000000,95241677703375,95241693037625,15334250,23037625,7703375,95241680000000,1,1,0
1,3717,95241680000000,95241693232375,95241705982000,12749625,25982000,13232375,95241690000000,1,1,1
1,3718,95241700000000,95241706123000,95241721324625,15201625,21324625,6123000,95241710000000,1,1,0
1,3720,95241710000000,95241721504125,95241737326625,15822500,27326625,11504125,95241720000000,1,1,1
1,3721,95241730000000,95241737567125,95241753422625,15855500,23422625,7567125,95241740000000,1,1,0
1,3723,95241740000000,95241753582750,95241769466625,15883875,29466625,13582750,95241750000000,1,1,1
1,3724,95241760000000,95241769646625,95241784999625,15353000,24999625,9646625,95241770000000,1,1,0
1,3726,95241770000000,95241785163500,95241799772875,14609375,29772875,15163500,95241780000000,1,1,1
1,3728,95241790000000,95241800071500,95241815282000,15210500,25282000,10071500,95241800000000,1,1,1
1,3729,95241810000000,95241815486875,95241831224750,15737875,21224750,5486875,95241820000000,1,1,0
1,3731,95241820000000,95241831416125,95241847325375,15909250,27325375,11416125,95241830000000,1,1,1
1,3732,95241840000000,95241847501875,95241862947125,15445250,22947125,7501875,95241850000000,1,1,0
1,3734,95241850000000,95241863104750,95241878954000,15849250,28954000,13104750,95241860000000,1,1,1
1,3735,95241870000000,95241879240875,95241894188750,14947875,24188750,9240875,95241880000000,1,1,0
1,3737,95241880000000,95241894353250,95241910328375,15975125,30328375,14353250,95241890000000,1,1,1
1,3739,95241900000000,95241910513250,95241926401125,15887875,26401125,10513250,95241910000000,1,1,1
1,3740,95241920000000,95241926586000,95241942453375,15867375,22453375,6586000,95241930000000,1,1,0
1,3742,95241930000000,95241942636250,95241958490875,15854625,28490875,12636250,95241940000000,1,1,1
1,3743,95241950000000,95241958648000,95241974608000,15960000,24608000,8648000,95241960000000,1,1,0
1,3745,95241960000000,95241974780250,95241990673250,15893000,30673250,14780250,95241970000000,1,1,1
1,3747,95241980000000,95241990977375,95242004802875,13825500,24802875,10977375,95241990000000,1,1,1
1,3748,95242000000000,95242004980000,95242020726250,15746250,20726250,4980000,95242010000000,1,0,0
1,3750,95242010000000,95242020883375,95242036832625,15949250,26832625,10883375,95242020000000,1,1,1
1,3751,95242030000000,95242037103000,95242052420750,15317750,22420750,7103000,95242040000000,1,1,0
1,3753,95242040000000,95242052597375,95242068327625,15730250,28327625,12597375,95242050000000,1,1,1
1,3754,95242060000000,95242068530125,95242083766375,15236250,23766375,8530125,95242070000000,1,1,0
1,3756,95242070000000,95242083967000,95242099180000,15213000,29180000,13967000,95242080000000,1,1,1
1,3757,95242090000000,95242099340375,95242114630375,15290000,24630375,9340375,95242100000000,1,1,0
1,3759,95242100000000,95242114795000,95242130706500,15911500,30706500,14795000,95242110000000,1,1,1
1,3761,95242120000000,95242130889625,95242146789875,15900250,26789875,10889625,95242130000000,1,1,1
1,3763,95242140000000,95242152947250,95242168903875,15956625,28903875,12947250,95242150000000,1,1,1
1,3764,95242160000000,95242169073125,95242184813500,15740375,24813500,9073125,95242170000000,1,1,0
1,3766,95242170000000,95242184978125,95242199198875,14220750,29198875,14978125,95242180000000,1,1,1
1,3767,95242190000000,95242199401750,95242215303750,15902000,25303750,9401750,95242200000000,1,1,0
1,3769,95242200000000,95242215469250,95242230071125,14601875,30071125,15469250,95242210000000,1,1,1
1,3771,95242220000000,95242230233625,95242246072000,15838375,26072000,10233625,95242230000000,1,1,1
1,3772,95242240000000,95242246241875,95242262146750,15904875,22146750,6241875,95242250000000,1,1,0
1,3774,95242250000000,95242262428875,95242278058000,15629125,28058000,12428875,95242260000000,1,1,1
1,3775,95242270000000,95242278342375,95242294287750,15945375,24287750,8342375,95242280000000,1,1,0
1,3777,95242280000000,95242294482625,95242309654375,15171750,29654375,14482625,95242290000000,1,1,1
1,3778,95242300000000,95242309931500,95242325220500,15289000,25220500,9931500,95242310000000,1,1,0
1,3780,95242310000000,95242325403625,95242341272750,15869125,31272750,15403625,95242320000000,1,1,1
1,3782,95242330000000,95242341438125,95242357350250,15912125,27350250,11438125,95242340000000,1,1,1
1,3783,95242350000000,95242357512000,95242373379125,15867125,23379125,7512000,95242360000000,1,1,0
1,3785,95242360000000,95242373536750,95242389415250,15878500,29415250,13536750,95242370000000,1,1,1
1,3786,95242380000000,95242389575250,95242405445500,15870250,25445500,9575250,95242390000000,1,1,0
1,3788,95242390000000,95242405615250,95242421501000,15885750,31501000,15615250,95242400000000,1,1,1
1,3790,95242410000000,95242421666000,95242436889250,15223250,26889250,11666000,95242420000000,1,1,1
1,3791,95242430000000,95242437053625,95242451662000,14608375,21662000,7053625,95242440000000,1,1,0
1,3793,95242440000000,95242451852250,95242467663750,15811500,27663750,11852250,95242450000000,1,1,1
1,3794,95242460000000,95242467855500,95242481740625,13885125,21740625,7855500,95242470000000,1,1,0
1,3796,95242470000000,95242481908250,95242497382000,15473750,27382000,11908250,95242480000000,1,1,1
1,3797,95242490000000,95242497546000,95242511935125,14389125,21935125,7546000,95242500000000,1,1,0
1,3799,95242500000000,95242512153500,95242527984875,15831375,27984875,12153500,95242510000000,1,1,1
1,3800,95242520000000,95242528283000,95242544186875,15903875,24186875,8283000,95242530000000,1,1,0
1,3802,95242530000000,95242544365000,95242560335750,15970750,30335750,14365000,95242540000000,1,1,1
1,3804,95242550000000,95242560615000,95242576478250,15863250,26478250,10615000,95242560000000,1,1,1
1,3805,95242570000000,95242576644125,95242591889250,15245125,21889250,6644125,95242580000000,1,1,0
1,3807,95242580000000,95242592053625,95242607966875,15913250,27966875,12053625,95242590000000,1,1,1
1,3808,95242600000000,95242608131250,95242623302750,15171500,23302750,8131250,95242610000000,1,1,0
1,3810,95242610000000,95242623481125,95242638778125,15297000,28778125,13481125,95242620000000,1,1,1
1,3811,95242630000000,95242638939125,95242654364250,15425125,24364250,8939125,95242640000000,1,1,0
1,3813,95242640000000,95242654528750,95242669444500,14915750,29444500,14528750,95242650000000,1,1,1
1,3814,95242660000000,95242669618625,95242685449750,15831125,25449750,9618625,95242670000000,1,1,0
1,3816,95242670000000,95242685785625,95242701650875,15865250,31650875,15785625,95242680000000,1,1,1
1,3818,95242690000000,95242701846625,95242717061875,15215250,27061875,11846625,95242700000000,1,1,1
1,3819,95242710000000,95242717231750,95242732470000,15238250,22470000,7231750,95242720000000,1,1,0
1,3821,95242720000000,95242732632375,95242747813625,15181250,27813625,12632375,95242730000000,1,1,1
1,3822,95242740000000,95242748033000,95242763399250,15366250,23399250,8033000,95242750000000,1,1,0
1,3824,95242750000000,95242763595875,95242779455000,15859125,29455000,13595875,95242760000000,1,1,1
1,3825,95242770000000,95242779631500,95242794378375,14746875,24378375,9631500,95242780000000,1,1,0
1,3827,95242780000000,95242795982125,95242811247500,15265375,31247500,15982125,95242790000000,1,1,1
1,3829,95242800000000,95242811459750,95242826578000,15118250,26578000,11459750,95242810000000,1,1,1
1,3830,95242820000000,95242826784375,95242842199875,15415500,22199875,6784375,95242830000000,1,1,0
1,3832,95242830000000,95242842387250,95242856929625,14542375,26929625,12387250,95242840000000,1,1,1
1,3833,95242850000000,95242857087875,95242871989750,14901875,21989750,7087875,95242860000000,1,1,0
1,3835,95242860000000,95242872156625,95242887319750,15163125,27319750,12156625,95242870000000,1,1,1
1,3836,95242880000000,95242887497250,95242902777000,15279750,22777000,7497250,95242890000000,1,1,0
1,3838,95242890000000,95242902956625,95242918906375,15949750,28906375,12956625,95242900000000,1,1,1
1,3839,95242910000000,95242919086500,95242934985375,15898875,24985375,9086500,95242920000000,1,1,0
1,3841,95242920000000,95242935172875,95242950439375,15266500,30439375,15172875,95242930000000,1,1,1
1,3843,95242940000000,95242950730375,95242965814750,15084375,25814750,10730375,95242950000000,1,1,1
1,3844,95242960000000,95242966017250,95242980634750,14617500,20634750,6017250,95242970000000,1,1,0
1,3846,95242970000000,95242980807125,95242996669500,15862375,26669500,10807125,95242980000000,1,1,1
1,3847,95242990000000,95242996924125,95243012822625,15898500,22822625,6924125,95243000000000,1,1,0
1,3849,95243000000000,95243013014875,95243028736375,15721500,28736375,13014875,95243010000000,1,1,1
1,3850,95243020000000,95243028897750,95243044222875,15325125,24222875,8897750,95243030000000,1,1,0
1,3852,95243030000000,95243044394250,95243060266750,15872500,30266750,14394250,95243040000000,1,1,1
1,3854,95243050000000,95243060517250,95243075747625,15230375,25747625,10517250,95243060000000,1,1,1
1,3855,95243070000000,95243076614250,95243091869625,15255375,21869625,6614250,95243080000000,1,1,0
1,3857,95243080000000,95243092050000,95243106385500,14335500,26385500,12050000,95243090000000,1,1,1
1,3858,95243100000000,95243106562750,95243122490625,15927875,22490625,6562750,95243110000000,1,1,0
1,3860,95243110000000,95243122677375,95243138547625,15870250,28547625,12677375,95243120000000,1,1,1
1,3861,95243130000000,95243138731625,95243154629625,15898000,24629625,8731625,95243140000000,1,1,0
1,3863,95243140000000,95243154968750,95243170877500,15908750,30877500,14968750,95243150000000,1,1,1
1,3865,95243160000000,95243171073125,95243186358750,15285625,26358750,11073125,95243170000000,1,1,1
1,3866,95243180000000,95243186542750,95243202458375,15915625,22458375,6542750,95243190000000,1,1,0
1,3868,95243190000000,95243202649000,95243218506125,15857125,28506125,12649000,95243200000000,1,1,1
1,3869,95243210000000,95243218836125,95243233620000,14783875,23620000,8836125,95243220000000,1,1,0
1,3871,95243220000000,95243233793750,95243249025000,15231250,29025000,13793750,95243230000000,1,1,1
1,3872,95243240000000,95243249195875,95243265110000,15914125,25110000,9195875,95243250000000,1,1,0
1,3874,95243250000000,95243265276500,95243279771375,14494875,29771375,15276500,95243260000000,1,1,1
1,3875,95243270000000,95243279943625,95243294758375,14814750,24758375,9943625,95243280000000,1,1,0
1,3877,95243280000000,95243294912625,95243310145875,15233250,30145875,14912625,95243290000000,1,1,1
1,3879,95243300000000,95243310333875,95243326184500,15850625,26184500,10333875,95243310000000,1,1,1
1,3880,95243320000000,95243326353375,95243342255750,15902375,22255750,6353375,95243330000000,1,1,0
1,3882,95243330000000,95243342437375,95243358355750,15918375,28355750,12437375,95243340000000,1,1,1
1,3883,95243350000000,95243358470000,95243372967500,14497500,22967500,8470000,95243360000000,1,1,0
1,3885,95243360000000,95243373138750,95243388953875,15815125,28953875,13138750,95243370000000,1,1,1
1,3886,95243380000000,95243389122625,95243405014750,15892125,25014750,9122625,95243390000000,1,1,0
1,3888,95243390000000,95243405165250,95243420909375,15744125,30909375,15165250,95243400000000,1,1,1
1,3890,95243410000000,95243421070875,95243436880625,15809750,26880625,11070875,95243420000000,1,1,1
1,3891,95243430000000,95243437771375,95243453698000,15926625,23698000,7771375,95243440000000,1,1,0
1,3893,95243440000000,95243453901500,95243467798750,13897250,27798750,13901500,95243450000000,1,1,1
1,3894,95243460000000,95243467990875,95243482580250,14589375,22580250,7990875,95243470000000,1,1,0
1,3896,95243470000000,95243482745250,95243498668625,15923375,28668625,12745250,95243480000000,1,1,1
1,3897,95243490000000,95243498968250,95243514902250,15934000,24902250,8968250,95243500000000,1,1,0
1,3899,95243500000000,95243515097000,95243530346500,15249500,30346500,15097000,95243510000000,1,1,1
1,3901,95243520000000,95243530620750,95243546013625,15392875,26013625,10620750,95243530000000,1,1,1
1,3902,95243540000000,95243546191750,95243561426750,15235000,21426750,6191750,95243550000000,1,1,0
1,3904,95243550000000,95243561583750,95243577415875,15832125,27415875,11583750,95243560000000,1,1,1
1,3905,95243570000000,95243577736875,95243593637875,15901000,23637875,7736875,95243580000000,1,1,0
1,3907,95243580000000,95243593821375,95243609800875,15979500,29800875,13821375,95243590000000,1,1,1
1,3908,95243600000000,95243609971375,95243625833125,15861750,25833125,9971375,95243610000000,1,1,0
1,3910,95243610000000,95243625992625,95243640789375,14796750,30789375,15992625,95243620000000,1,1,1
1,3912,95243630000000,95243640940625,95243654881250,13940625,24881250,10940625,95243640000000,1,1,1
1,3913,95243650000000,95243655059750,95243670609500,15549750,20609500,5059750,95243660000000,1,1,0
1,3915,95243660000000,95243670803625,95243684707250,13903625,24707250,10803625,95243670000000,1,1,1
1,3916,95243680000000,95243684872625,95243700827875,15955250,20827875,4872625,95243690000000,1,0,0
1,3918,95243690000000,95243701113750,95243715423000,14309250,25423000,11113750,95243700000000,1,1,1
1,3919,95243710000000,95243715632250,95243730810500,15178250,20810500,5632250,95243720000000,1,1,0
1,3921,95243720000000,95243730970125,95243745275250,14305125,25275250,10970125,95243730000000,1,1,1
1,3922,95243740000000,95243745443125,95243761380125,15937000,21380125,5443125,95243750000000,1,1,0
1,3924,95243750000000,95243761540250,95243777405125,15864875,27405125,11540250,95243760000000,1,1,1
1,3925,95243770000000,95243777566500,95243793372875,15806375,23372875,7566500,95243780000000,1,1,0
1,3927,95243780000000,95243793527125,95243809773500,16246375,29773500,13527125,95243790000000,1,1,1
1,3929,95243800000000,95243810033500,95243825130375,15096875,25130375,10033500,95243810000000,1,1,1
1,3930,95243820000000,95243825309500,95243841205875,15896375,21205875,5309500,95243830000000,1,1,0
1,3932,95243830000000,95243841517250,95243857402750,15885500,27402750,11517250,95243840000000,1,1,1
1,3933,95243850000000,95243857589000,95243873530875,15941875,23530875,7589000,95243860000000,1,1,0
1,3935,95243860000000,95243873700750,95243888927750,15227000,28927750,13700750,95243870000000,1,1,1
1,3936,95243880000000,95243889179500,95243904421750,15242250,24421750,9179500,95243890000000,1,1,0
1,3938,95243890000000,95243904594000,95243919161250,14567250,29161250,14594000,95243900000000,1,1,1
1,3939,95243910000000,95243919352000,95243934583500,15231500,24583500,9352000,95243920000000,1,1,0
1,3941,95243920000000,95243934804125,95243948915500,14111375,28915500,14804125,95243930000000,1,1,1
1,3942,95243940000000,95243949099500,95243964989250,15889750,24989250,9099500,95243950000000,1,1,0
1,3944,95243950000000,95243965156125,95243981066875,15910750,31066875,15156125,95243960000000,1,1,1
1,3946,95243970000000,95243981234250,95243997111250,15877000,27111250,11234250,95243980000000,1,1,1
1,3947,95243990000000,95243997270875,95244012491500,15220625,22491500,7270875,95244000000000,1,1,0
1,3949,95244000000000,95244012664875,95244027929375,15264500,27929375,12664875,95244010000000,1,1,1
1,3950,95244020000000,95244028109500,95244043414500,15305000,23414500,8109500,95244030000000,1,1,0
1,3952,95244030000000,95244043614125,95244058910375,15296250,28910375,13614125,95244040000000,1,1,1
1,3953,95244050000000,95244059080250,95244073038250,13958000,23038250,9080250,95244060000000,1,1,0
1,3955,95244060000000,95244073897875,95244089899375,16001500,29899375,13897875,95244070000000,1,1,1
1,3957,95244080000000,95244090200875,95244105459625,15258750,25459625,10200875,95244090000000,1,1,1
1,3958,95244100000000,95244105630875,95244121510250,15879375,21510250,5630875,95244110000000,1,1,0
1,3960,95244110000000,95244121664500,95244137004375,15339875,27004375,11664500,95244120000000,1,1,1
1,3961,95244130000000,95244137158500,95244152413375,15254875,22413375,7158500,95244140000000,1,1,0
1,3963,95244140000000,95244152588625,95244167400750,14812125,27400750,12588625,95244150000000,1,1,1
1,3964,95244160000000,95244167579500,95244181888125,14308625,21888125,7579500,95244170000000,1,1,0
1,3966,95244170000000,95244182536250,95244197938875,15402625,27938875,12536250,95244180000000,1,1,1
1,3967,95244190000000,95244198102875,95244213513250,15410375,23513250,8102875,95244200000000,1,1,0
1,3969,95244200000000,95244213664000,95244228931250,15267250,28931250,13664000,95244210000000,1,1,1
1,3970,95244220000000,95244229102375,95244244992125,15889750,24992125,9102375,95244230000000,1,1,0
1,3972,95244230000000,95244245255625,95244261236125,15980500,31236125,15255625,95244240000000,1,1,1
1,3974,95244250000000,95244261409875,95244276662250,15252375,26662250,11409875,95244260000000,1,1,1
1,3975,95244270000000,95244276920375,95244292158625,15238250,22158625,6920375,95244280000000,1,1,0
1,3977,95244280000000,95244292341125,95244308250875,15909750,28250875,12341125,95244290000000,1,1,1
1,3978,95244300000000,95244308503625,95244324447125,15943500,24447125,8503625,95244310000000,1,1,0
1,3980,95244310000000,95244324623250,95244340486500,15863250,30486500,14623250,95244320000000,1,1,1
1,3982,95244330000000,95244340638750,95244355490625,14851875,25490625,10638750,95244340000000,1,1,1
1,3983,95244350000000,95244355701875,95244371618500,15916625,21618500,5701875,95244360000000,1,1,0
1,3985,95244360000000,95244371918000,95244387066625,15148625,27066625,11918000,95244370000000,1,1,1
1,3986,95244380000000,95244387267500,95244403162625,15895125,23162625,7267500,95244390000000,1,1,0
1,3988,95244390000000,95244403462250,95244419394875,15932625,29394875,13462250,95244400000000,1,1,1
1,3989,95244410000000,95244419602375,95244435500375,15898000,25500375,9602375,95244420000000,1,1,0
1,3991,95244420000000,95244435707875,95244451059750,15351875,31059750,15707875,95244430000000,1,1,1
1,3993,95244440000000,95244451253875,95244467199250,15945375,27199250,11253875,95244450000000,1,1,1
1,3994,95244460000000,95244467414875,95244483345625,15930750,23345625,7414875,95244470000000,1,1,0
1,3996,95244470000000,95244483643250,95244497014000,13370750,27014000,13643250,95244480000000,1,1,1
1,3997,95244490000000,95244497192125,95244512544000,15351875,22544000,7192125,95244500000000,1,1,0
1,3999,95244500000000,95244512712000,95244528567000,15855000,28567000,12712000,95244510000000,1,1,1
1,4000,95244520000000,95244528726625,95244543869625,15143000,23869625,8726625,95244530000000,1,1,0
1,4002,95244530000000,95244544107500,95244559914125,15806625,29914125,14107500,95244540000000,1,1,1
1,4004,95244550000000,95244560091750,95244574646375,14554625,24646375,10091750,95244560000000,1,1,1
1,4005,95244570000000,95244574823500,95244590649750,15826250,20649750,4823500,95244580000000,1,0,0
1,4007,95244580000000,95244590835250,95244605910500,15075250,25910500,10835250,95244590000000,1,1,1
1,4008,95244600000000,95244606194000,95244622100250,15906250,22100250,6194000,95244610000000,1,1,0
1,4010,95244610000000,95244622300750,95244637692375,15391625,27692375,12300750,95244620000000,1,1,1
1,4011,95244630000000,95244637850875,95244653745125,15894250,23745125,7850875,95244640000000,1,1,0
1,4013,95244640000000,95244654024125,95244669294125,15270000,29294125,14024125,95244650000000,1,1,1
1,4014,95244660000000,95244669483500,95244685417500,15934000,25417500,9483500,95244670000000,1,1,0
1,4016,95244670000000,95244685585500,95244701462000,15876500,31462000,15585500,95244680000000,1,1,1
1,4018,95244690000000,95244701617625,95244717593750,15976125,27593750,11617625,95244700000000,1,1,1
1,4019,95244710000000,95244718497000,95244733666875,15169875,23666875,8497000,95244720000000,1,1,0
1,4021,95244720000000,95244733886875,95244749783125,15896250,29783125,13886875,95244730000000,1,1,1
1,4022,95244740000000,95244749920625,95244765523500,15602875,25523500,9920625,95244750000000,1,1,0
1,4024,95244750000000,95244765690250,95244780314625,14624375,30314625,15690250,95244760000000,1,1,1
1,4026,95244770000000,95244780468875,95244796658750,16189875,26658750,10468875,95244780000000,1,1,1
1,4027,95244790000000,95244796865125,95244813075875,16210750,23075875,6865125,95244800000000,1,1,0
1,4029,95244800000000,95244813258000,95244828725000,15467000,28725000,13258000,95244810000000,1,1,1
1,4030,95244820000000,95244828899625,95244844853375,15953750,24853375,8899625,95244830000000,1,1,0
1,4032,95244830000000,95244845040250,95244860249250,15209000,30249250,15040250,95244840000000,1,1,1
1,4034,95244850000000,95244860380000,95244875071250,14691250,25071250,10380000,95244860000000,1,1,1
1,4035,95244870000000,95244875271750,95244891204500,15932750,21204500,5271750,95244880000000,1,1,0
1,4037,95244880000000,95244891392250,95244907214750,15822500,27214750,11392250,95244890000000,1,1,1
1,4038,95244900000000,95244907384000,95244923305875,15921875,23305875,7384000,95244910000000,1,1,0
1,4040,95244910000000,95244923602625,95244939545125,15942500,29545125,13602625,95244920000000,1,1,1
1,4041,95244930000000,95244939747625,95244955660750,15913125,25660750,9747625,95244940000000,1,1,0
1,4043,95244940000000,95244955863750,95244971713000,15849250,31713000,15863750,95244950000000,1,1,1
1,4045,95244960000000,95244971901750,95244986496375,14594625,26496375,11901750,95244970000000,1,1,1
1,4046,95244980000000,95244986673000,95245002573500,15900500,22573500,6673000,95244990000000,1,1,0
1,4048,95244990000000,95245002874000,95245017164750,14290750,27164750,12874000,95245000000000,1,1,1
1,4049,95245010000000,95245017352500,95245032204375,14851875,22204375,7352500,95245020000000,1,1,0
1,4051,95245020000000,95245032366875,95245047608000,15241125,27608000,12366875,95245030000000,1,1,1
1,4052,95245040000000,95245047779750,95245062032250,14252500,22032250,7779750,95245050000000,1,1,0
1,4054,95245050000000,95245062212375,95245077978625,15766250,27978625,12212375,95245060000000,1,1,1
1,4055,95245070000000,95245078144000,95245094034750,15890750,24034750,8144000,95245080000000,1,1,0
1,4057,95245080000000,95245094207500,95245110152875,15945375,30152875,14207500,95245090000000,1,1,1
1,4059,95245100000000,95245110325125,95245126157750,15832625,26157750,10325125,95245110000000,1,1,1
1,4060,95245120000000,95245126336750,95245142241500,15904750,22241500,6336750,95245130000000,1,1,0
1,4062,95245130000000,95245142419750,95245157027500,14607750,27027500,12419750,95245140000000,1,1,1
1,4063,95245150000000,95245157880875,95245173140250,15259375,23140250,7880875,95245160000000,1,1,0
1,4065,95245160000000,95245173412000,95245189246125,15834125,29246125,13412000,95245170000000,1,1,1
1,4066,95245180000000,95245189421750,95245205199250,15777500,25199250,9421750,95245190000000,1,1,0
1,4068,95245190000000,95245205371500,95245221286125,15914625,31286125,15371500,95245200000000,1,1,1
1,4070,95245210000000,95245221441375,95245237393500,15952125,27393500,11441375,95245220000000,1,1,1
1,4071,95245230000000,95245237732375,95245253619000,15886625,23619000,7732375,95245240000000,1,1,0
1,4073,95245240000000,95245253796000,95245268353125,14557125,28353125,13796000,95245250000000,1,1,1
1,4074,95245260000000,95245268614125,95245284590750,15976625,24590750,8614125,95245270000000,1,1,0
1,4076,95245270000000,95245284770750,95245300502875,15732125,30502875,14770750,95245280000000,1,1,1
1,4078,95245290000000,95245300757625,95245316688250,15930625,26688250,10757625,95245300000000,1,1,1
1,4079,95245310000000,95245316872250,95245332760000,15887750,22760000,6872250,95245320000000,1,1,0
1,4081,95245320000000,95245332926500,95245348848375,15921875,28848375,12926500,95245330000000,1,1,1
1,4082,95245340000000,95245349010750,95245364387750,15377000,24387750,9010750,95245350000000,1,1,0
1,4084,95245350000000,95245364543375,95245379720625,15177250,29720625,14543375,95245360000000,1,1,1
1,4086,95245370000000,95245380643000,95245396588000,15945000,26588000,10643000,95245380000000,1,1,1
1,4087,95245390000000,95245396753250,95245411538625,14785375,21538625,6753250,95245400000000,1,1,0
1,4089,95245400000000,95245411759125,95245427098500,15339375,27098500,11759125,95245410000000,1,1,1
1,4090,95245420000000,95245427302500,95245442533375,15230875,22533375,7302500,95245430000000,1,1,0
1,4092,95245430000000,95245442706625,95245458642250,15935625,28642250,12706625,95245440000000,1,1,1
1,4093,95245450000000,95245458813500,95245473976375,15162875,23976375,8813500,95245460000000,1,1,0
1,4095,95245460000000,95245474144500,95245489464125,15319625,29464125,14144500,95245470000000,1,1,1
1,4096,95245480000000,95245489632000,95245505606125,15974125,25606125,9632000,95245490000000,1,1,0
1,4098,95245490000000,95245505903375,95245520820500,14917125,30820500,15903375,95245500000000,1,1,1
1,4100,95245510000000,95245520988375,95245536868375,15880000,26868375,10988375,95245520000000,1,1,1
1,4101,95245530000000,95245537026375,95245552796625,15770250,22796625,7026375,95245540000000,1,1,0
1,4103,95245540000000,95245552971250,95245568239250,15268000,28239250,12971250,95245550000000,1,1,1
1,4104,95245560000000,95245568483375,95245583734250,15250875,23734250,8483375,95245570000000,1,1,0
1,4106,95245570000000,95245583960625,95245599860125,15899500,29860125,13960625,95245580000000,1,1,1
1,4108,95245590000000,95245600070875,95245615927000,15856125,25927000,10070875,95245600000000,1,1,1
1,4109,95245610000000,95245616202625,95245631543000,15340375,21543000,6202625,95245620000000,1,1,0
1,4111,95245620000000,95245631763000,95245647713750,15950750,27713750,11763000,95245630000000,1,1,1
1,4112,95245640000000,95245647909500,95245663115000,15205500,23115000,7909500,95245650000000,1,1,0
1,4114,95245650000000,95245663308250,95245678812375,15504125,28812375,13308250,95245660000000,1,1,1
1,4115,95245670000000,95245679008500,95245694218125,15209625,24218125,9008500,95245680000000,1,1,0
1,4117,95245680000000,95245694405875,95245710285750,15879875,30285750,14405875,95245690000000,1,1,1
1,4119,95245700000000,95245710467000,95245725816500,15349500,25816500,10467000,95245710000000,1,1,1
1,4120,95245720000000,95245725974500,95245740593000,14618500,20593000,5974500,95245730000000,1,1,0
1,4122,95245730000000,95245740767250,95245755921625,15154375,25921625,10767250,95245740000000,1,1,1
1,4123,95245750000000,95245756111500,95245772035750,15924250,22035750,6111500,95245760000000,1,1,0
1,4125,95245760000000,95245772175375,95245786941750,14766375,26941750,12175375,95245770000000,1,1,1
1,4126,95245780000000,95245787150125,95245802983250,15833125,22983250,7150125,95245790000000,1,1,0
1,4128,95245790000000,95245803171000,95245819116375,15945375,29116375,13171000,95245800000000,1,1,1
1,4129,95245810000000,95245819298875,95245835447750,16148875,25447750,9298875,95245820000000,1,1,0
1,4131,95245820000000,95245835662875,95245850442000,14779125,30442000,15662875,95245830000000,1,1,1
1,4133,95245840000000,95245850639625,95245865918875,15279250,25918875,10639625,95245850000000,1,1,1
1,4134,95245860000000,95245866089125,95245882067625,15978500,22067625,6089125,95245870000000,1,1,0
1,4136,95245870000000,95245882249250,95245898155125,15905875,28155125,12249250,95245880000000,1,1,1
1,4137,95245890000000,95245898330250,95245914203875,15873625,24203875,8330250,95245900000000,1,1,0
1,4139,95245900000000,95245914383000,95245930318625,15935625,30318625,14383000,95245910000000,1,1,1
1,4141,95245920000000,95245930486000,95245946416625,15930625,26416625,10486000,95245930000000,1,1,1
1,4142,95245940000000,95245946590750,95245961753375,15162625,21753375,6590750,95245950000000,1,1,0
1,4144,95245950000000,95245961898000,95245976934125,15036125,26934125,11898000,95245960000000,1,1,1
1,4145,95245970000000,95245977092250,95245992993125,15900875,22993125,7092250,95245980000000,1,1,0
1,4147,95245980000000,95245993164000,95246008465125,15301125,28465125,13164000,95245990000000,1,1,1
1,4148,95246000000000,95246008638875,95246024457250,15818375,24457250,8638875,95246010000000,1,1,0
1,4150,95246010000000,95246025352750,95246041360000,16007250,31360000,15352750,95246020000000,1,1,1
1,4152,95246030000000,95246041541125,95246056797500,15256375,26797500,11541125,95246040000000,1,1,1
1,4153,95246050000000,95246057067375,95246072449500,15382125,22449500,7067375,95246060000000,1,1,0
1,4155,95246060000000,95246072632500,95246087885875,15253375,27885875,12632500,95246070000000,1,1,1
1,4156,95246080000000,95246088052375,95246103428625,15376250,23428625,8052375,95246090000000,1,1,0
1,4158,95246090000000,95246103750250,95246119673125,15922875,29673125,13750250,95246100000000,1,1,1
1,4159,95246110000000,95246119901000,95246134311125,14410125,24311125,9901000,95246120000000,1,1,0
1,4161,95246120000000,95246134496750,95246149742125,15245375,29742125,14496750,95246130000000,1,1,1
1,4162,95246140000000,95246149926625,95246165836375,15909750,25836375,9926625,95246150000000,1,1,0
1,4164,95246150000000,95246166124375,95246182044250,15919875,32044250,16124375,95246160000000,1,1,1
1,4166,95246170000000,95246182223250,95246196762375,14539125,26762375,12223250,95246180000000,1,1,1
1,4167,95246190000000,95246196930625,95246211585750,14655125,21585750,6930625,95246200000000,1,1,0
1,4169,95246200000000,95246211793625,95246227711250,15917625,27711250,11793625,95246210000000,1,1,1
1,4170,95246220000000,95246227885375,95246243032875,15147500,23032875,7885375,95246230000000,1,1,0
1,4172,95246230000000,95246243208500,95246259220750,16012250,29220750,13208500,95246240000000,1,1,1
1,4173,95246250000000,95246259427250,95246275310500,15883250,25310500,9427250,95246260000000,1,1,0
1,4175,95246260000000,95246275492625,95246290699625,15207000,30699625,15492625,95246270000000,1,1,1
1,4177,95246280000000,95246290874250,95246306770250,15896000,26770250,10874250,95246290000000,1,1,1
1,4178,95246300000000,95246306945000,95246322809375,15864375,22809375,6945000,95246310000000,1,1,0
1,4180,95246310000000,95246322997250,95246338230125,15232875,28230125,12997250,95246320000000,1,1,1
1,4181,95246330000000,95246338554625,95246353418625,14864000,23418625,8554625,95246340000000,1,1,0
1,4183,95246340000000,95246353579250,95246369547375,15968125,29547375,13579250,95246350000000,1,1,1
1,4184,95246360000000,95246369714250,95246385365875,15651625,25365875,9714250,95246370000000,1,1,0
1,4186,95246370000000,95246385636625,95246401490875,15854250,31490875,15636625,95246380000000,1,1,1
1,4188,95246390000000,95246401662125,95246417610375,15948250,27610375,11662125,95246400000000,1,1,1
1,4189,95246410000000,95246417775375,95246431698875,13923500,21698875,7775375,95246420000000,1,1,0
1,4191,95246420000000,95246431877500,95246447243125,15365625,27243125,11877500,95246430000000,1,1,1
1,4192,95246440000000,95246447393875,95246462889250,15495375,22889250,7393875,95246450000000,1,1,0
1,4194,95246450000000,95246463079625,95246477591250,14511625,27591250,13079625,95246460000000,1,1,1
1,4195,95246470000000,95246477772750,95246493695250,15922500,23695250,7772750,95246480000000,1,1,0
1,4197,95246480000000,95246493863125,95246509730750,15867625,29730750,13863125,95246490000000,1,1,1
1,4198,95246500000000,95246509905625,95246524587500,14681875,24587500,9905625,95246510000000,1,1,0
1,4200,95246510000000,95246524758750,95246540658250,15899500,30658250,14758750,95246520000000,1,1,1
1,4202,95246530000000,95246540815375,95246556761750,15946375,26761750,10815375,95246540000000,1,1,1
1,4203,95246550000000,95246556912500,95246572678750,15766250,22678750,6912500,95246560000000,1,1,0
1,4205,95246560000000,95246572834875,95246588648500,15813625,28648500,12834875,95246570000000,1,1,1
1,4206,95246580000000,95246588806625,95246604249250,15442625,24249250,8806625,95246590000000,1,1,0
1,4208,95246590000000,95246604404500,95246619585125,15180625,29585125,14404500,95246600000000,1,1,1
1,4210,95246610000000,95246620486500,95246635610000,15123500,25610000,10486500,95246620000000,1,1,1
1,4211,95246630000000,95246635799375,95246651726250,15926875,21726250,5799375,95246640000000,1,1,0
1,4213,95246640000000,95246651919000,95246667840375,15921375,27840375,11919000,95246650000000,1,1,1
1,4214,95246660000000,95246668800750,95246684762750,15962000,24762750,8800750,95246670000000,1,1,0
1,4216,95246670000000,95246684959750,95246700807000,15847250,30807000,14959750,95246680000000,1,1,1
1,4218,95246690000000,95246700971000,95246716844250,15873250,26844250,10971000,95246700000000,1,1,1
1,4219,95246710000000,95246717013375,95246731569500,14556125,21569500,7013375,95246720000000,1,1,0
1,4221,95246720000000,95246731772125,95246747558375,15786250,27558375,11772125,95246730000000,1,1,1
1,4222,95246740000000,95246747742250,95246763162125,15419875,23162125,7742250,95246750000000,1,1,0
1,4224,95246750000000,95246763468375,95246779440625,15972250,29440625,13468375,95246760000000,1,1,1
1,4225,95246770000000,95246779644125,95246795530500,15886375,25530500,9644125,95246780000000,1,1,0
1,4227,95246780000000,95246795731000,95246811580250,15849250,31580250,15731000,95246790000000,1,1,1
1,4229,95246800000000,95246811773375,95246828131750,16358375,28131750,11773375,95246810000000,1,1,1
1,4230,95246820000000,95246828298000,95246843534875,15236875,23534875,8298000,95246830000000,1,1,0
1,4232,95246830000000,95246843741250,95246859555750,15814500,29555750,13741250,95246840000000,1,1,1
1,4233,95246850000000,95246859710500,95246874954500,15244000,24954500,9710500,95246860000000,1,1,0
1,4235,95246860000000,95246875105500,95246891049375,15943875,31049375,15105500,95246870000000,1,1,1
1,4237,95246880000000,95246891228375,95246907100000,15871625,27100000,11228375,95246890000000,1,1,1
1,4238,95246900000000,95246907291750,95246923065375,15773625,23065375,7291750,95246910000000,1,1,0
1,4240,95246910000000,95246923230375,95246937242750,14012375,27242750,13230375,95246920000000,1,1,1
1,4241,95246930000000,95246937401375,95246953148500,15747125,23148500,7401375,95246940000000,1,1,0
1,4243,95246940000000,95246953324750,95246969255375,15930625,29255375,13324750,95246950000000,1,1,1
1,4244,95246960000000,95246969426625,95246983523625,14097000,23523625,9426625,95246970000000,1,1,0
1,4246,95246970000000,95246983735875,95246999681625,15945750,29681625,13735875,95246980000000,1,1,1
1,4247,95246990000000,95246999980375,95247014571000,14590625,24571000,9980375,95247000000000,1,1,0
1,4249,95247000000000,95247014757875,95247029369625,14611750,29369625,14757875,95247010000000,1,1,1
1,4250,95247020000000,95247029539000,95247044844500,15305500,24844500,9539000,95247030000000,1,1,0
1,4252,95247030000000,95247045017375,95247060934750,15917375,30934750,15017375,95247040000000,1,1,1
1,4254,95247050000000,95247061104125,95247075898375,14794250,25898375,11104125,95247060000000,1,1,1
1,4255,95247070000000,95247076137375,95247091385375,15248000,21385375,6137375,95247080000000,1,1,0
1,4257,95247080000000,95247091674375,95247106040125,14365750,26040125,11674375,95247090000000,1,1,1
1,4258,95247100000000,95247106259125,95247122087000,15827875,22087000,6259125,95247110000000,1,1,0
1,4260,95247110000000,95247122257750,95247138184000,15926250,28184000,12257750,95247120000000,1,1,1
1,4261,95247130000000,95247138462125,95247154430500,15968375,24430500,8462125,95247140000000,1,1,0
1,4263,95247140000000,95247154621875,95247170467500,15845625,30467500,14621875,95247150000000,1,1,1
1,4265,95247160000000,95247170663250,95247186499625,15836375,26499625,10663250,95247170000000,1,1,1
1,4266,95247180000000,95247186680375,95247202615875,15935500,22615875,6680375,95247190000000,1,1,0
1,4268,95247190000000,95247202792500,95247218009250,15216750,28009250,12792500,95247200000000,1,1,1
1,4269,95247210000000,95247218176625,95247232772250,14595625,22772250,8176625,95247220000000,1,1,0
1,4271,95247220000000,95247233082625,95247248956750,15874125,28956750,13082625,95247230000000,1,1,1
1,4272,95247240000000,95247249133375,95247263972000,14838625,23972000,9133375,95247250000000,1,1,0
1,4274,95247250000000,95247264177875,95247279630375,15452500,29630375,14177875,95247260000000,1,1,1
1,4275,95247270000000,95247279841125,95247295743625,15902500,25743625,9841125,95247280000000,1,1,0
1,4277,95247280000000,95247295918250,95247311150750,15232500,31150750,15918250,95247290000000,1,1,1
1,4279,95247300000000,95247317548250,95247333567125,16018875,33567125,17548250,95247310000000,1,1,1
1,4281,95247320000000,95247333756875,95247348402875,14646000,28402875,13756875,95247330000000,1,1,1
1,4282,95247340000000,95247348576000,95247364417000,15841000,24417000,8576000,95247350000000,1,1,0
1,4284,95247350000000,95247364547375,95247380429625,15882250,30429625,14547375,95247360000000,1,1,1
1,4286,95247370000000,95247380577500,95247396462875,15885375,26462875,10577500,95247380000000,1,1,1
1,4287,95247390000000,95247396603125,95247412485750,15882625,22485750,6603125,95247400000000,1,1,0
1,4289,95247400000000,95247412635000,95247428541375,15906375,28541375,12635000,95247410000000,1,1,1
1,4290,95247420000000,95247428697500,95247443899625,15202125,23899625,8697500,95247430000000,1,1,0
1,4292,95247430000000,95247444177875,95247460139750,15961875,30139750,14177875,95247440000000,1,1,1
1,4294,95247450000000,95247460318750,95247476124625,15805875,26124625,10318750,95247460000000,1,1,1
1,4295,95247470000000,95247476386250,95247491716750,15330500,21716750,6386250,95247480000000,1,1,0
1,4297,95247480000000,95247491952875,95247507347500,15394625,27347500,11952875,95247490000000,1,1,1
1,4298,95247500000000,95247507550250,95247523363375,15813125,23363375,7550250,95247510000000,1,1,0
1,4300,95247510000000,95247523539625,95247539424375,15884750,29424375,13539625,95247520000000,1,1,1
1,4301,95247530000000,95247539588875,95247554831000,15242125,24831000,9588875,95247540000000,1,1,0
1,4303,95247540000000,95247555114000,95247571019000,15905000,31019000,15114000,95247550000000,1,1,1
1,4305,95247560000000,95247571230625,95247587067250,15836625,27067250,11230625,95247570000000,1,1,1
1,4306,95247580000000,95247587249250,95247603196000,15946750,23196000,7249250,95247590000000,1,1,0
1,4308,95247590000000,95247603396000,95247619314125,15918125,29314125,13396000,95247600000000,1,1,1
1,4309,95247610000000,95247619502375,95247635324875,15822500,25324875,9502375,95247620000000,1,1,0
1,4311,95247620000000,95247635494250,95247650712750,15218500,30712750,15494250,95247630000000,1,1,1
1,4313,95247640000000,95247650882750,95247666461500,15578750,26461500,10882750,95247650000000,1,1,1
1,4314,95247660000000,95247666653875,95247682515250,15861375,22515250,6653875,95247670000000,1,1,0
1,4316,95247670000000,95247682688875,95247698592875,15904000,28592875,12688875,95247680000000,1,1,1
1,4317,95247690000000,95247698770000,95247714753875,15983875,24753875,8770000,95247700000000,1,1,0
1,4319,95247700000000,95247714946125,95247729583625,14637500,29583625,14946125,95247710000000,1,1,1
1,4320,95247720000000,95247729769125,95247745627000,15857875,25627000,9769125,95247730000000,1,1,0
1,4322,95247730000000,95247745774000,95247759868875,14094875,29868875,15774000,95247740000000,1,1,1
1,4324,95247750000000,95247760069000,95247775932375,15863375,25932375,10069000,95247760000000,1,1,1
1,4325,95247770000000,95247776130375,95247791945000,15814625,21945000,6130375,95247780000000,1,1,0
1,4327,95247780000000,95247792179625,95247807762875,15583250,27762875,12179625,95247790000000,1,1,1
1,4328,95247800000000,95247807996375,95247822722625,14726250,22722625,7996375,95247810000000,1,1,0
1,4330,95247810000000,95247822905625,95247837479750,14574125,27479750,12905625,95247820000000,1,1,1
1,4331,95247830000000,95247837597750,95247853475250,15877500,23475250,7597750,95247840000000,1,1,0
1,4333,95247840000000,95247853745000,95247869657250,15912250,29657250,13745000,95247850000000,1,1,1
1,4334,95247860000000,95247869844125,95247885755875,15911750,25755875,9844125,95247870000000,1,1,0
1,4336,95247870000000,95247885932625,95247901582125,15649500,31582125,15932625,95247880000000,1,1,1
1,4338,95247890000000,95247901744125,95247917660625,15916500,27660625,11744125,95247900000000,1,1,1
1,4339,95247910000000,95247917831875,95247933785125,15953250,23785125,7831875,95247920000000,1,1,0
1,4341,95247920000000,95247933933500,95247949149250,15215750,29149250,13933500,95247930000000,1,1,1
1,4342,95247940000000,95247949316125,95247965262500,15946375,25262500,9316125,95247950000000,1,1,0
1,4344,95247950000000,95247966129750,95247981454250,15324500,31454250,16129750,95247960000000,1,1,1
1,4346,95247970000000,95247981636375,95247996864750,15228375,26864750,11636375,95247980000000,1,1,1
1,4347,95247990000000,95247997033625,95248012973625,15940000,22973625,7033625,95248000000000,1,1,0
1,4349,95248000000000,95248013143875,95248029045750,15901875,29045750,13143875,95248010000000,1,1,1
1,4350,95248020000000,95248029231250,95248044440750,15209500,24440750,9231250,95248030000000,1,1,0
1,4352,95248030000000,95248044599875,95248060483125,15883250,30483125,14599875,95248040000000,1,1,1
1,4354,95248050000000,95248060639375,95248076458250,15818875,26458250,10639375,95248060000000,1,1,1
1,4355,95248070000000,95248076724125,95248092589000,15864875,22589000,6724125,95248080000000,1,1,0
1,4357,95248080000000,95248092759875,95248108591000,15831125,28591000,12759875,95248090000000,1,1,1
1,4358,95248100000000,95248108838875,95248124786750,15947875,24786750,8838875,95248110000000,1,1,0
1,4360,95248110000000,95248125062875,95248140930125,15867250,30930125,15062875,95248120000000,1,1,1
1,4362,95248130000000,95248141102000,95248156345125,15243125,26345125,11102000,95248140000000,1,1,1
1,4363,95248150000000,95248156510000,95248172422125,15912125,22422125,6510000,95248160000000,1,1,0
1,4365,95248160000000,95248172595875,95248187796125,15200250,27796125,12595875,95248170000000,1,1,1
1,4366,95248180000000,95248187987875,95248203267500,15279625,23267500,7987875,95248190000000,1,1,0
1,4368,95248190000000,95248203427750,95248219399250,15971500,29399250,13427750,95248200000000,1,1,1
1,4369,95248210000000,95248219580875,95248235442875,15862000,25442875,9580875,95248220000000,1,1,0
1,4371,95248220000000,95248235707625,95248250912250,15204625,30912250,15707625,95248230000000,1,1,1
1,4373,95248240000000,95248251900500,95248267146500,15246000,27146500,11900500,95248250000000,1,1,1
1,4374,95248260000000,95248267345625,95248282724000,15378375,22724000,7345625,95248270000000,1,1,0
1,4376,95248270000000,95248282906875,95248298750250,15843375,28750250,12906875,95248280000000,1,1,1
1,4377,95248290000000,95248299098125,95248314999125,15901000,24999125,9098125,95248300000000,1,1,0
1,4379,95248300000000,95248315216375,95248330021250,14804875,30021250,15216375,95248310000000,1,1,1
1,4381,95248320000000,95248330294000,95248346198375,15904375,26198375,10294000,95248330000000,1,1,1
1,4382,95248340000000,95248346472625,95248361682500,15209875,21682500,6472625,95248350000000,1,1,0
1,4384,95248350000000,95248361868000,95248377495625,15627625,27495625,11868000,95248360000000,1,1,1
1,4385,95248370000000,95248377670375,95248393549750,15879375,23549750,7670375,95248380000000,1,1,0
1,4387,95248380000000,95248393716250,95248409651250,15935000,29651250,13716250,95248390000000,1,1,1
1,4388,95248400000000,95248409806000,95248425630750,15824750,25630750,9806000,95248410000000,1,1,0
1,4390,95248410000000,95248425786000,95248441706375,15920375,31706375,15786000,95248420000000,1,1,1
1,4392,95248430000000,95248441985125,95248457293750,15308625,27293750,11985125,95248440000000,1,1,1
1,4393,95248450000000,95248458091875,95248472734875,14643000,22734875,8091875,95248460000000,1,1,0
1,4395,95248460000000,95248472912000,95248488740250,15828250,28740250,12912000,95248470000000,1,1,1
1,4396,95248480000000,95248488889500,95248504794875,15905375,24794875,8889500,95248490000000,1,1,0
1,4398,95248490000000,95248504958875,95248520881750,15922875,30881750,14958875,95248500000000,1,1,1
1,4400,95248510000000,95248521141750,95248537061750,15920000,27061750,11141750,95248520000000,1,1,1
1,4401,95248530000000,95248537231125,95248553020250,15789125,23020250,7231125,95248540000000,1,1,0
1,4403,95248540000000,95248553282375,95248568547000,15264625,28547000,13282375,95248550000000,1,1,1
1,4404,95248560000000,95248568718750,95248584610125,15891375,24610125,8718750,95248570000000,1,1,0
1,4406,95248570000000,95248584761750,95248600098500,15336750,30098500,14761750,95248580000000,1,1,1
1,4408,95248590000000,95248600338500,95248616251750,15913250,26251750,10338500,95248600000000,1,1,1
1,4409,95248610000000,95248617165250,95248632393750,15228500,22393750,7165250,95248620000000,1,1,0
1,4411,95248620000000,95248632568875,95248648443000,15874125,28443000,12568875,95248630000000,1,1,1
1,4412,95248640000000,95248648593250,95248664481000,15887750,24481000,8593250,95248650000000,1,1,0
1,4414,95248650000000,95248664640125,95248679789625,15149500,29789625,14640125,95248660000000,1,1,1
1,4415,95248670000000,95248679962750,95248695878875,15916125,25878875,9962750,95248680000000,1,1,0
1,4417,95248680000000,95248696056500,95248711931500,15875000,31931500,16056500,95248690000000,1,1,1
1,4419,95248700000000,95248712132625,95248727963750,15831125,27963750,12132625,95248710000000,1,1,1
1,4420,95248720000000,95248728220875,95248744080375,15859500,24080375,8220875,95248730000000,1,1,0
1,4422,95248730000000,95248744241375,95248759672000,15430625,29672000,14241375,95248740000000,1,1,1
1,4423,95248750000000,95248759865625,95248774456375,14590750,24456375,9865625,95248760000000,1,1,0
1,4425,95248760000000,95248774635000,95248789334500,14699500,29334500,14635000,95248770000000,1,1,1
1,4426,95248780000000,95248789497875,95248805456500,15958625,25456500,9497875,95248790000000,1,1,0
1,4428,95248790000000,95248805624375,95248819818375,14194000,29818375,15624375,95248800000000,1,1,1
1,4430,95248810000000,95248820045750,95248836169125,16123375,26169125,10045750,95248820000000,1,1,1
1,4431,95248830000000,95248836358000,95248850330000,13972000,20330000,6358000,95248840000000,1,1,0
1,4433,95248840000000,95248850538250,95248866466625,15928375,26466625,10538250,95248850000000,1,1,1
1,4434,95248860000000,95248866657000,95248881631625,14974625,21631625,6657000,95248870000000,1,1,0
1,4436,95248870000000,95248881794125,95248897762000,15967875,27762000,11794125,95248880000000,1,1,1
1,4437,95248890000000,95248897933250,95248913547250,15614000,23547250,7933250,95248900000000,1,1,0
1,4439,95248900000000,95248913729750,95248929410625,15680875,29410625,13729750,95248910000000,1,1,1
1,4440,95248920000000,95248929582250,95248943433750,13851500,23433750,9582250,95248930000000,1,1,0
1,4442,95248930000000,95248943630125,95248959566500,15936375,29566500,13630125,95248940000000,1,1,1
1,4443,95248950000000,95248959771125,95248975547875,15776750,25547875,9771125,95248960000000,1,1,0
1,4445,95248960000000,95248975731375,95248991176125,15444750,31176125,15731375,95248970000000,1,1,1
1,4447,95248980000000,95248991374750,95249007332750,15958000,27332750,11374750,95248990000000,1,1,1
1,4448,95249000000000,95249007527875,95249023338125,15810250,23338125,7527875,95249010000000,1,1,0
1,4450,95249010000000,95249023718750,95249039595750,15877000,29595750,13718750,95249020000000,1,1,1
1,4451,95249030000000,95249039811000,95249055042875,15231875,25042875,9811000,95249040000000,1,1,0
1,4453,95249040000000,95249055235125,95249071180000,15944875,31180000,15235125,95249050000000,1,1,1
1,4455,95249060000000,95249071481000,95249086729625,15248625,26729625,11481000,95249070000000,1,1,1
1,4456,95249080000000,95249086933500,95249101954625,15021125,21954625,6933500,95249090000000,1,1,0
1,4458,95249090000000,95249102119000,95249118041500,15922500,28041500,12119000,95249100000000,1,1,1
1,4459,95249110000000,95249118308375,95249134294250,15985875,24294250,8308375,95249120000000,1,1,0
1,4461,95249120000000,95249134488000,95249148410625,13922625,28410625,14488000,95249130000000,1,1,1
1,4462,95249140000000,95249148571250,95249164422875,15851625,24422875,8571250,95249150000000,1,1,0
1,4464,95249150000000,95249164594625,95249180498500,15903875,30498500,14594625,95249160000000,1,1,1
1,4466,95249170000000,95249180659000,95249195881750,15222750,25881750,10659000,95249180000000,1,1,1
1,4467,95249190000000,95249196065125,95249210465000,14399875,20465000,6065125,95249200000000,1,1,0
1,4469,95249200000000,95249210759375,95249224814625,14055250,24814625,10759375,95249210000000,1,1,1
1,4470,95249220000000,95249224987000,95249240262875,15275875,20262875,4987000,95249230000000,1,0,0
1,4472,95249230000000,95249240423750,95249255263875,14840125,25263875,10423750,95249240000000,1,1,1
1,4473,95249250000000,95249256206750,95249272142250,15935500,22142250,6206750,95249260000000,1,1,0
1,4475,95249260000000,95249272315000,95249288191125,15876125,28191125,12315000,95249270000000,1,1,1
1,4476,95249280000000,95249288475000,95249304380875,15905875,24380875,8475000,95249290000000,1,1,0
1,4478,95249290000000,95249304563875,95249320425875,15862000,30425875,14563875,95249300000000,1,1,1
1,4480,95249310000000,95249320624000,95249335823125,15199125,25823125,10624000,95249320000000,1,1,1
1,4481,95249330000000,95249336113000,95249351930875,15817875,21930875,6113000,95249340000000,1,1,0
1,4483,95249340000000,95249352139000,95249368041625,15902625,28041625,12139000,95249350000000,1,1,1
1,4484,95249360000000,95249368205375,95249384088500,15883125,24088500,8205375,95249370000000,1,1,0
1,4486,95249370000000,95249384241250,95249399008625,14767375,29008625,14241250,95249380000000,1,1,1
1,4487,95249390000000,95249399186250,95249415110000,15923750,25110000,9186250,95249400000000,1,1,0
1,4489,95249400000000,95249415303250,95249429850625,14547375,29850625,15303250,95249410000000,1,1,1
1,4491,95249420000000,95249430028250,95249446038000,16009750,26038000,10028250,95249430000000,1,1,1
1,4492,95249440000000,95249446232375,95249462096500,15864125,22096500,6232375,95249450000000,1,1,0
1,4494,95249450000000,95249462454250,95249477710625,15256375,27710625,12454250,95249460000000,1,1,1
1,4495,95249470000000,95249477897125,95249493206500,15309375,23206500,7897125,95249480000000,1,1,0
1,4497,95249480000000,95249493381625,95249509305625,15924000,29305625,13381625,95249490000000,1,1,1
1,4498,95249500000000,95249509471000,95249523895750,14424750,23895750,9471000,95249510000000,1,1,0
1,4500,95249510000000,95249524058125,95249539915750,15857625,29915750,14058125,95249520000000,1,1,1
1,4502,95249530000000,95249540106000,95249555939250,15833250,25939250,10106000,95249540000000,1,1,1
1,4503,95249550000000,95249556278250,95249572131000,15852750,22131000,6278250,95249560000000,1,1,0
1,4505,95249560000000,95249572304125,95249588231375,15927250,28231375,12304125,95249570000000,1,1,1
1,4506,95249580000000,95249588412875,95249604341750,15928875,24341750,8412875,95249590000000,1,1,0
1,4508,95249590000000,95249604505625,95249619154000,14648375,29154000,14505625,95249600000000,1,1,1
1,4509,95249610000000,95249619347250,95249634591375,15244125,24591375,9347250,95249620000000,1,1,0
1,4511,95249620000000,95249634754250,95249650613250,15859000,30613250,14754250,95249630000000,1,1,1
1,4513,95249640000000,95249650781625,95249666043875,15262250,26043875,10781625,95249650000000,1,1,1
1,4514,95249660000000,95249666308750,95249682152625,15843875,22152625,6308750,95249670000000,1,1,0
1,4516,95249670000000,95249682421375,95249697667625,15246250,27667625,12421375,95249680000000,1,1,1
1,4517,95249690000000,95249697939875,95249712917125,14977250,22917125,7939875,95249700000000,1,1,0
1,4519,95249700000000,95249713066375,95249728912125,15845750,28912125,13066375,95249710000000,1,1,1
1,4520,95249720000000,95249729032250,95249744946875,15914625,24946875,9032250,95249730000000,1,1,0
1,4522,95249730000000,95249745205875,95249761140500,15934625,31140500,15205875,95249740000000,1,1,1
1,4524,95249750000000,95249761416625,95249777137625,15721000,27137625,11416625,95249760000000,1,1,1
1,4525,95249770000000,95249777314250,95249792488625,15174375,22488625,7314250,95249780000000,1,1,0
1,4527,95249780000000,95249792640250,95249808597875,15957625,28597875,12640250,95249790000000,1,1,1
1,4528,95249800000000,95249808851625,95249823048000,14196375,23048000,8851625,95249810000000,1,1,0
1,4530,95249810000000,95249823267125,95249839096875,15829750,29096875,13267125,95249820000000,1,1,1
1,4531,95249830000000,95249839281250,95249855213500,15932250,25213500,9281250,95249840000000,1,1,0
1,4533,95249840000000,95249855409625,95249870403875,14994250,30403875,15409625,95249850000000,1,1,1
1,4535,95249860000000,95249870587375,95249885122375,14535000,25122375,10587375,95249870000000,1,1,1
1,4536,95249880000000,95249885262875,95249900477250,15214375,20477250,5262875,95249890000000,1,1,0
1,4538,95249890000000,95249900632500,95249915937625,15305125,25937625,10632500,95249900000000,1,1,1
1,4539,95249910000000,95249916832250,95249932683250,15851000,22683250,6832250,95249920000000,1,1,0
1,4541,95249920000000,95249932862375,95249948785625,15923250,28785625,12862375,95249930000000,1,1,1
1,4542,95249940000000,95249948947125,95249964857875,15910750,24857875,8947125,95249950000000,1,1,0
1,4544,95249950000000,95249965014125,95249980839875,15825750,30839875,15014125,95249960000000,1,1,1
1,4546,95249970000000,95249981113125,95249995723375,14610250,25723375,11113125,95249980000000,1,1,1
1,4547,95249990000000,95249995919125,95250011231500,15312375,21231500,5919125,95250000000000,1,1,0
1,4549,95250000000000,95250011426625,95250026856750,15430125,26856750,11426625,95250010000000,1,1,1
1,4550,95250020000000,95250027155875,95250043059750,15903875,23059750,7155875,95250030000000,1,1,0
1,4552,95250030000000,95250043261625,95250059165125,15903500,29165125,13261625,95250040000000,1,1,1
1,4553,95250050000000,95250059343125,95250075283125,15940000,25283125,9343125,95250060000000,1,1,0
1,4555,95250060000000,95250075479500,95250091353875,15874375,31353875,15479500,95250070000000,1,1,1
1,4557,95250080000000,95250091547250,95250106786875,15239625,26786875,11547250,95250090000000,1,1,1
1,4558,95250100000000,95250106968000,95250122888500,15920500,22888500,6968000,95250110000000,1,1,0
1,4560,95250110000000,95250123178250,95250139139750,15961500,29139750,13178250,95250120000000,1,1,1
1,4561,95250130000000,95250139353375,95250155237750,15884375,25237750,9353375,95250140000000,1,1,0
1,4563,95250140000000,95250155429000,95250171304125,15875125,31304125,15429000,95250150000000,1,1,1
1,4565,95250160000000,95250171497875,95250187423250,15925375,27423250,11497875,95250170000000,1,1,1
1,4566,95250180000000,95250187607625,95250202796000,15188375,22796000,7607625,95250190000000,1,1,0
1,4568,95250190000000,95250203062250,95250218263250,15201000,28263250,13062250,95250200000000,1,1,1
1,4569,95250210000000,95250218433000,95250234320875,15887875,24320875,8433000,95250220000000,1,1,0
1,4571,95250220000000,95250234506750,95250249832875,15326125,29832875,14506750,95250230000000,1,1,1
1,4573,95250240000000,95250250000250,95250265614125,15613875,25614125,10000250,95250250000000,1,1,1
1,4574,95250260000000,95250265965000,95250281826625,15861625,21826625,5965000,95250270000000,1,1,0
1,4576,95250270000000,95250282014250,95250297264750,15250500,27264750,12014250,95250280000000,1,1,1
1,4577,95250290000000,95250297449750,95250311960375,14510625,21960375,7449750,95250300000000,1,1,0
1,4579,95250300000000,95250312193750,95250326721375,14527625,26721375,12193750,95250310000000,1,1,1
1,4580,95250320000000,95250326894750,95250342801500,15906750,22801500,6894750,95250330000000,1,1,0
1,4582,95250330000000,95250343091750,95250359014625,15922875,29014625,13091750,95250340000000,1,1,1
1,4583,95250350000000,95250359213750,95250374339750,15126000,24339750,9213750,95250360000000,1,1,0
1,4585,95250360000000,95250374608125,95250390576500,15968375,30576500,14608125,95250370000000,1,1,1
1,4587,95250380000000,95250390766750,95250405966500,15199750,25966500,10766750,95250390000000,1,1,1
1,4588,95250400000000,95250406143125,95250421284750,15141625,21284750,6143125,95250410000000,1,1,0
1,4590,95250410000000,95250421614625,95250437466250,15851625,27466250,11614625,95250420000000,1,1,1
1,4591,95250430000000,95250437655125,95250453574625,15919500,23574625,7655125,95250440000000,1,1,0
1,4593,95250440000000,95250453744000,95250468855375,15111375,28855375,13744000,95250450000000,1,1,1
1,4594,95250460000000,95250469022250,95250484424500,15402250,24424500,9022250,95250470000000,1,1,0
1,4596,95250470000000,95250484566000,95250499788625,15222625,29788625,14566000,95250480000000,1,1,1
1,4597,95250490000000,95250499988625,95250514541250,14552625,24541250,9988625,95250500000000,1,1,0
1,4599,95250500000000,95250514724750,95250530596000,15871250,30596000,14724750,95250510000000,1,1,1
1,4601,95250520000000,95250530780875,95250546717500,15936625,26717500,10780875,95250530000000,1,1,1
1,4602,95250540000000,95250546899000,95250562099625,15200625,22099625,6899000,95250550000000,1,1,0
1,4604,95250550000000,95250563009750,95250578955625,15945875,28955625,13009750,95250560000000,1,1,1
1,4605,95250570000000,95250579117625,95250593626750,14509125,23626750,9117625,95250580000000,1,1,0
1,4607,95250580000000,95250593788250,95250609729750,15941500,29729750,13788250,95250590000000,1,1,1
1,4608,95250600000000,95250609883000,95250625762500,15879500,25762500,9883000,95250610000000,1,1,0
1,4610,95250610000000,95250625926500,95250641797750,15871250,31797750,15926500,95250620000000,1,1,1
1,4612,95250630000000,95250641958125,95250657879625,15921500,27879625,11958125,95250640000000,1,1,1
1,4613,95250650000000,95250658035750,95250672867000,14831250,22867000,8035750,95250660000000,1,1,0
1,4615,95250660000000,95250673034875,95250688205750,15170875,28205750,13034875,95250670000000,1,1,1
1,4616,95250680000000,95250688360875,95250704267750,15906875,24267750,8360875,95250690000000,1,1,0
1,4618,95250690000000,95250704432750,95250719195625,14762875,29195625,14432750,95250700000000,1,1,1
1,4619,95250710000000,95250719538125,95250735421125,15883000,25421125,9538125,95250720000000,1,1,0
1,4621,95250720000000,95250735624125,95250751554000,15929875,31554000,15624125,95250730000000,1,1,1
1,4623,95250740000000,95250751753375,95250767663125,15909750,27663125,11753375,95250750000000,1,1,1
1,4624,95250760000000,95250767872875,95250783306875,15434000,23306875,7872875,95250770000000,1,1,0
1,4626,95250770000000,95250783509375,95250796846000,13336625,26846000,13509375,95250780000000,1,1,1
1,4627,95250790000000,95250797009500,95250811863625,14854125,21863625,7009500,95250800000000,1,1,0
1,4629,95250800000000,95250812287625,95250828205250,15917625,28205250,12287625,95250810000000,1,1,1
1,4630,95250820000000,95250828402375,95250843732500,15330125,23732500,8402375,95250830000000,1,1,0
1,4632,95250830000000,95250843936875,95250860304250,16367375,30304250,13936875,95250840000000,1,1,1
1,4634,95250850000000,95250860480500,95250874687125,14206625,24687125,10480500,95250860000000,1,1,1
1,4635,95250870000000,95250874886750,95250889559375,14672625,19559375,4886750,95250880000000,1,0,0
1,4636,95250880000000,95250889728750,95250905660750,15932000,25660750,9728750,95250890000000,1,1,0
1,4638,95250890000000,95250905816000,95250921723125,15907125,31723125,15816000,95250900000000,1,1,1
1,4640,95250910000000,95250921884875,95250937099125,15214250,27099125,11884875,95250920000000,1,1,1
1,4641,95250930000000,95250937260250,95250952660625,15400375,22660625,7260250,95250940000000,1,1,0
1,4643,95250940000000,95250952825875,95250968049375,15223500,28049375,12825875,95250950000000,1,1,1
1,4644,95250960000000,95250968201375,95250984122250,15920875,24122250,8201375,95250970000000,1,1,0
1,4646,95250970000000,95250984295000,95251000182250,15887250,30182250,14295000,95250980000000,1,1,1
1,4648,95250990000000,95251000331250,95251015637750,15306500,25637750,10331250,95251000000000,1,1,1
1,4649,95251010000000,95251015828000,95251031835875,16007875,21835875,5828000,95251020000000,1,1,0
1,4651,95251020000000,95251032056500,95251047890500,15834000,27890500,12056500,95251030000000,1,1,1
1,4652,95251040000000,95251048109750,95251063265375,15155625,23265375,8109750,95251050000000,1,1,0
1,4654,95251050000000,95251063459000,95251079361000,15902000,29361000,13459000,95251060000000,1,1,1
1,4655,95251070000000,95251079554625,95251094907625,15353000,24907625,9554625,95251080000000,1,1,0
1,4657,95251080000000,95251095092500,95251110947625,15855125,30947625,15092500,95251090000000,1,1,1
1,4659,95251100000000,95251111112500,95251126982250,15869750,26982250,11112500,95251110000000,1,1,1
1,4660,95251120000000,95251127294625,95251142826125,15531500,22826125,7294625,95251130000000,1,1,0
1,4662,95251130000000,95251143045250,95251158927625,15882375,28927625,13045250,95251140000000,1,1,1
1,4663,95251150000000,95251159096000,95251173766250,14670250,23766250,9096000,95251160000000,1,1,0
1,4665,95251160000000,95251173937500,95251189879875,15942375,29879875,13937500,95251170000000,1,1,1
1,4667,95251180000000,95251190028750,95251205119125,15090375,25119125,10028750,95251190000000,1,1,1
1,4668,95251200000000,95251206035125,95251221928250,15893125,21928250,6035125,95251210000000,1,1,0
1,4670,95251210000000,95251222116500,95251237390000,15273500,27390000,12116500,95251220000000,1,1,1
1,4671,95251230000000,95251237539375,95251252896500,15357125,22896500,7539375,95251240000000,1,1,0
1,4673,95251240000000,95251253069875,95251268261250,15191375,28261250,13069875,95251250000000,1,1,1
1,4674,95251260000000,95251268546625,95251283874250,15327625,23874250,8546625,95251270000000,1,1,0
1,4676,95251270000000,95251284135750,95251300061125,15925375,30061125,14135750,95251280000000,1,1,1
1,4678,95251290000000,95251300336875,95251316224125,15887250,26224125,10336875,95251300000000,1,1,1
1,4679,95251310000000,95251316406125,95251332296875,15890750,22296875,6406125,95251320000000,1,1,0
1,4681,95251320000000,95251332460875,95251348367125,15906250,28367125,12460875,95251330000000,1,1,1
1,4682,95251340000000,95251348523250,95251363096875,14573625,23096875,8523250,95251350000000,1,1,0
1,4684,95251350000000,95251363370625,95251379292625,15922000,29292625,13370625,95251360000000,1,1,1
1,4685,95251370000000,95251379500500,95251394353625,14853125,24353625,9500500,95251380000000,1,1,0
1,4687,95251380000000,95251394536750,95251410401000,15864250,30401000,14536750,95251390000000,1,1,1
1,4689,95251400000000,95251410571875,95251426404500,15832625,26404500,10571875,95251410000000,1,1,1
1,4690,95251420000000,95251426585500,95251442480125,15894625,22480125,6585500,95251430000000,1,1,0
1,4692,95251430000000,95251442649375,95251456561750,13912375,26561750,12649375,95251440000000,1,1,1
1,4693,95251450000000,95251456728750,95251472042125,15313375,22042125,6728750,95251460000000,1,1,0
1,4695,95251460000000,95251472191500,95251487527250,15335750,27527250,12191500,95251470000000,1,1,1
1,4696,95251480000000,95251487702375,95251503115875,15413500,23115875,7702375,95251490000000,1,1,0
1,4698,95251490000000,95251503304750,95251519171500,15866750,29171500,13304750,95251500000000,1,1,1
1,4699,95251510000000,95251519479875,95251535436000,15956125,25436000,9479875,95251520000000,1,1,0
1,4701,95251520000000,95251535652125,95251550952000,15299875,30952000,15652125,95251530000000,1,1,1
1,4703,95251540000000,95251551925375,95251566710875,14785500,26710875,11925375,95251550000000,1,1,1
1,4704,95251560000000,95251566918625,95251582498625,15580000,22498625,6918625,95251570000000,1,1,0
1,4706,95251570000000,95251582683125,95251597451875,14768750,27451875,12683125,95251580000000,1,1,1
1,4707,95251590000000,95251597625625,95251612505125,14879500,22505125,7625625,95251600000000,1,1,0
1,4709,95251600000000,95251612677000,95251628070375,15393375,28070375,12677000,95251610000000,1,1,1
1,4710,95251620000000,95251628222875,95251643444750,15221875,23444750,8222875,95251630000000,1,1,0
1,4712,95251630000000,95251643626750,95251658985625,15358875,28985625,13626750,95251640000000,1,1,1
1,4713,95251650000000,95251659177375,95251674965500,15788125,24965500,9177375,95251660000000,1,1,0
1,4715,95251660000000,95251675139250,95251691030000,15890750,31030000,15139250,95251670000000,1,1,1
1,4717,95251680000000,95251691206125,95251707135375,15929250,27135375,11206125,95251690000000,1,1,1
1,4718,95251700000000,95251707319375,95251722419000,15099625,22419000,7319375,95251710000000,1,1,0
1,4720,95251710000000,95251722580500,95251737773875,15193375,27773875,12580500,95251720000000,1,1,1
1,4721,95251730000000,95251737950500,95251753879375,15928875,23879375,7950500,95251740000000,1,1,0
1,4723,95251740000000,95251754049125,95251769309750,15260625,29309750,14049125,95251750000000,1,1,1
1,4724,95251760000000,95251769468375,95251785315625,15847250,25315625,9468375,95251770000000,1,1,0
1,4726,95251770000000,95251785478250,95251801460125,15981875,31460125,15478250,95251780000000,1,1,1
1,4728,95251790000000,95251801626000,95251817209750,15583750,27209750,11626000,95251800000000,1,1,1
1,4729,95251810000000,95251817404500,95251833254625,15850125,23254625,7404500,95251820000000,1,1,0
1,4731,95251820000000,95251833408875,95251847952250,14543375,27952250,13408875,95251830000000,1,1,1
1,4732,95251840000000,95251848869625,95251864847750,15978125,24847750,8869625,95251850000000,1,1,0
1,4734,95251850000000,95251865037500,95251880894500,15857000,30894500,15037500,95251860000000,1,1,1
1,4736,95251870000000,95251881061875,95251896271375,15209500,26271375,11061875,95251880000000,1,1,1
1,4737,95251890000000,95251896441250,95251910825875,14384625,20825875,6441250,95251900000000,1,1,0
1,4739,95251900000000,95251911030000,95251926868875,15838875,26868875,11030000,95251910000000,1,1,1
1,4740,95251920000000,95251927022500,95251942238875,15216375,22238875,7022500,95251930000000,1,1,0
1,4742,95251930000000,95251942417625,95251957764500,15346875,27764500,12417625,95251940000000,1,1,1
1,4743,95251950000000,95251957919375,95251973689875,15770500,23689875,7919375,95251960000000,1,1,0
1,4745,95251960000000,95251973853375,95251989711875,15858500,29711875,13853375,95251970000000,1,1,1
1,4746,95251980000000,95251989878625,95252005806625,15928000,25806625,9878625,95251990000000,1,1,0
1,4748,95251990000000,95252005991375,95252021823250,15831875,31823250,15991375,95252000000000,1,1,1
1,4750,95252010000000,95252022002125,95252035927250,13925125,25927250,12002125,95252020000000,1,1,1
1,4751,95252030000000,95252036189375,95252052163125,15973750,22163125,6189375,95252040000000,1,1,0
1,4753,95252040000000,95252052356625,95252068248375,15891750,28248375,12356625,95252050000000,1,1,1
1,4754,95252060000000,95252068514500,95252083686250,15171750,23686250,8514500,95252070000000,1,1,0
1,4756,95252070000000,95252083897500,95252099249875,15352375,29249875,13897500,95252080000000,1,1,1
1,4757,95252090000000,95252099447125,95252114675125,15228000,24675125,9447125,95252100000000,1,1,0
1,4759,95252100000000,95252114856250,95252129388875,14532625,29388875,14856250,95252110000000,1,1,1
1,4760,95252120000000,95252129545875,95252145452250,15906375,25452250,9545875,95252130000000,1,1,0
1,4762,95252130000000,95252145621500,95252161512375,15890875,31512375,15621500,95252140000000,1,1,1
1,4764,95252150000000,95252161767500,95252177197500,15430000,27197500,11767500,95252160000000,1,1,1
1,4765,95252170000000,95252177372625,95252193269250,15896625,23269250,7372625,95252180000000,1,1,0
1,4767,95252180000000,95252193423000,95252209305250,15882250,29305250,13423000,95252190000000,1,1,1
1,4768,95252200000000,95252209471625,95252224690000,15218375,24690000,9471625,95252210000000,1,1,0
1,4770,95252210000000,95252224843625,95252240646500,15802875,30646500,14843625,95252220000000,1,1,1
1,4772,95252230000000,95252240793875,95252256658250,15864375,26658250,10793875,95252240000000,1,1,1
1,4773,95252250000000,95252256818750,95252271550500,14731750,21550500,6818750,95252260000000,1,1,0
1,4775,95252260000000,95252271770125,95252286901000,15130875,26901000,11770125,95252270000000,1,1,1
1,4776,95252280000000,95252287068375,95252302663875,15595500,22663875,7068375,95252290000000,1,1,0
1,4778,95252290000000,95252302845000,95252317571250,14726250,27571250,12845000,95252300000000,1,1,1
1,4779,95252310000000,95252317751875,95252333345250,15593375,23345250,7751875,95252320000000,1,1,0
1,4781,95252320000000,95252333526375,95252348335625,14809250,28335625,13526375,95252330000000,1,1,1
1,4782,95252340000000,95252348500500,95252364393750,15893250,24393750,8500500,95252350000000,1,1,0
1,4784,95252350000000,95252364557250,95252380528375,15971125,30528375,14557250,95252360000000,1,1,1
1,4786,95252370000000,95252380698625,95252395862375,15163750,25862375,10698625,95252380000000,1,1,1
1,4787,95252390000000,95252396052000,95252411289375,15237375,21289375,6052000,95252400000000,1,1,0
1,4789,95252400000000,95252411488500,95252427387000,15898500,27387000,11488500,95252410000000,1,1,1
1,4790,95252420000000,95252427693875,95252443544625,15850750,23544625,7693875,95252430000000,1,1,0
1,4792,95252430000000,95252443755375,95252459731000,15975625,29731000,13755375,95252440000000,1,1,1
1,4793,95252450000000,95252459953500,95252475888625,15935125,25888625,9953500,95252460000000,1,1,0
1,4795,95252460000000,95252476172625,95252491666625,15494000,31666625,16172625,95252470000000,1,1,1
1,4797,95252480000000,95252497723000,95252513449125,15726125,33449125,17723000,95252490000000,1,1,1
1,4799,95252500000000,95252513734625,95252528311125,14576500,28311125,13734625,95252510000000,1,1,1
1,4800,95252520000000,95252528510375,95252543748625,15238250,23748625,8510375,95252530000000,1,1,0
1,4802,95252530000000,95252543949125,95252559262000,15312875,29262000,13949125,95252540000000,1,1,1
1,4803,95252550000000,95252559456250,95252574300250,14844000,24300250,9456250,95252560000000,1,1,0
1,4805,95252560000000,95252574531625,95252590435375,15903750,30435375,14531625,95252570000000,1,1,1
1,4807,95252580000000,95252590621375,95252606536875,15915500,26536875,10621375,95252590000000,1,1,1
1,4808,95252600000000,95252606710000,95252622266500,15556500,22266500,6710000,95252610000000,1,1,0
1,4810,95252610000000,95252622436875,95252637698000,15261125,27698000,12436875,95252620000000,1,1,1
1,4811,95252630000000,95252637877125,95252653055375,15178250,23055375,7877125,95252640000000,1,1,0
1,4813,95252640000000,95252653212500,95252669099250,15886750,29099250,13212500,95252650000000,1,1,1
1,4814,95252660000000,95252669361750,95252685241750,15880000,25241750,9361750,95252670000000,1,1,0
1,4816,95252670000000,95252685509125,95252700547750,15038625,30547750,15509125,95252680000000,1,1,1
1,4818,95252690000000,95252700729375,95252716658125,15928750,26658125,10729375,95252700000000,1,1,1
1,4819,95252710000000,95252716823000,95252731945250,15122250,21945250,6823000,95252720000000,1,1,0
1,4821,95252720000000,95252732186750,95252747534250,15347500,27534250,12186750,95252730000000,1,1,1
1,4822,95252740000000,95252747748000,95252763666500,15918500,23666500,7748000,95252750000000,1,1,0
1,4824,95252750000000,95252763865625,95252778820375,14954750,28820375,13865625,95252760000000,1,1,1
1,4825,95252770000000,95252779014250,95252794171375,15157125,24171375,9014250,95252780000000,1,1,0
1,4827,95252780000000,95252794333375,95252810225875,15892500,30225875,14333375,95252790000000,1,1,1
1,4829,95252800000000,95252810400625,95252825383625,14983000,25383625,10400625,95252810000000,1,1,1
1,4830,95252820000000,95252825558875,95252841749250,16190375,21749250,5558875,95252830000000,1,1,0
1,4832,95252830000000,95252841934625,95252857819000,15884375,27819000,11934625,95252840000000,1,1,1
1,4833,95252850000000,95252857973250,95252874291375,16318125,24291375,7973250,95252860000000,1,1,0
1,4835,95252860000000,95252874498750,95252890462750,15964000,30462750,14498750,95252870000000,1,1,1
1,4837,95252880000000,95252890639750,95252906543125,15903375,26543125,10639750,95252890000000,1,1,1
1,4838,95252900000000,95252906722750,95252922586125,15863375,22586125,6722750,95252910000000,1,1,0
1,4840,95252910000000,95252922763875,95252938009250,15245375,28009250,12763875,95252920000000,1,1,1
1,4841,95252930000000,95252938171750,95252954090750,15919000,24090750,8171750,95252940000000,1,1,0
1,4843,95252940000000,95252954265000,95252969897500,15632500,29897500,14265000,95252950000000,1,1,1
1,4845,95252960000000,95252970065750,95252985987750,15922000,25987750,10065750,95252970000000,1,1,1
1,4846,95252980000000,95252986159000,95253002031750,15872750,22031750,6159000,95252990000000,1,1,0
1,4848,95252990000000,95253002207250,95253018110250,15903000,28110250,12207250,95253000000000,1,1,1
1,4849,95253010000000,95253018287500,95253033591375,15303875,23591375,8287500,95253020000000,1,1,0
1,4851,95253020000000,95253033756500,95253048916625,15160125,28916625,13756500,95253030000000,1,1,1
1,4852,95253040000000,95253049070375,95253064841125,15770750,24841125,9070375,95253050000000,1,1,0
1,4854,95253050000000,95253065115875,95253081076750,15960875,31076750,15115875,95253060000000,1,1,1
1,4856,95253070000000,95253081262125,95253097088500,15826375,27088500,11262125,95253080000000,1,1,1
1,4857,95253090000000,95253097238625,95253112536000,15297375,22536000,7238625,95253100000000,1,1,0
1,4859,95253100000000,95253112699000,95253128619000,15920000,28619000,12699000,95253110000000,1,1,1
1,4860,95253120000000,95253128792125,95253143460500,14668375,23460500,8792125,95253130000000,1,1,0
1,4862,95253130000000,95253144511625,95253159680500,15168875,29680500,14511625,95253140000000,1,1,1
1,4864,95253150000000,95253160059250,95253175357000,15297750,25357000,10059250,95253160000000,1,1,1
1,4865,95253170000000,95253175553625,95253191408750,15855125,21408750,5553625,95253180000000,1,1,0
1,4867,95253180000000,95253191602000,95253206643125,15041125,26643125,11602000,95253190000000,1,1,1
1,4868,95253200000000,95253206836375,95253222710875,15874500,22710875,6836375,95253210000000,1,1,0
1,4870,95253210000000,95253222880250,95253236934250,14054000,26934250,12880250,95253220000000,1,1,1
1,4871,95253230000000,95253237201125,95253253093250,15892125,23093250,7201125,95253240000000,1,1,0
1,4873,95253240000000,95253253274500,95253269140125,15865625,29140125,13274500,95253250000000,1,1,1
1,4874,95253260000000,95253269312375,95253285219125,15906750,25219125,9312375,95253270000000,1,1,0
1,4876,95253270000000,95253285386500,95253301318625,15932125,31318625,15386500,95253280000000,1,1,1
1,4878,95253290000000,95253301480250,95253317345500,15865250,27345500,11480250,95253300000000,1,1,1
1,4879,95253310000000,95253317474750,95253333380625,15905875,23380625,7474750,95253320000000,1,1,0
1,4881,95253320000000,95253333535250,95253348810750,15275500,28810750,13535250,95253330000000,1,1,1
1,4882,95253340000000,95253348971625,95253364820500,15848875,24820500,8971625,95253350000000,1,1,0
1,4884,95253350000000,95253365130875,95253381022500,15891625,31022500,15130875,95253360000000,1,1,1
1,4886,95253370000000,95253381195125,95253397176125,15981000,27176125,11195125,95253380000000,1,1,1
1,4887,95253390000000,95253397343500,95253413264875,15921375,23264875,7343500,95253400000000,1,1,0
1,4889,95253400000000,95253413441625,95253429283500,15841875,29283500,13441625,95253410000000,1,1,1
1,4890,95253420000000,95253429544625,95253444164625,14620000,24164625,9544625,95253430000000,1,1,0
1,4892,95253430000000,95253444339750,95253460280750,15941000,30280750,14339750,95253440000000,1,1,1
1,4894,95253450000000,95253460451500,95253476713000,16261500,26713000,10451500,95253460000000,1,1,1
1,4895,95253470000000,95253476869250,95253492693125,15823875,22693125,6869250,95253480000000,1,1,0
1,4897,95253480000000,95253492834500,95253508747125,15912625,28747125,12834500,95253490000000,1,1,1
1,4898,95253500000000,95253508916000,95253524746625,15830625,24746625,8916000,95253510000000,1,1,0
1,4900,95253510000000,95253524911750,95253538491250,13579500,28491250,14911750,95253520000000,1,1,1
1,4901,95253530000000,95253538662000,95253554566000,15904000,24566000,8662000,95253540000000,1,1,0
1,4903,95253540000000,95253554743625,95253570076000,15332375,30076000,14743625,95253550000000,1,1,1
1,4905,95253560000000,95253570358000,95253585728000,15370000,25728000,10358000,95253570000000,1,1,1
1,4906,95253580000000,95253585922375,95253601833500,15911125,21833500,5922375,95253590000000,1,1,0
1,4908,95253590000000,95253602010500,95253617894375,15883875,27894375,12010500,95253600000000,1,1,1
1,4909,95253610000000,95253618171125,95253634118500,15947375,24118500,8171125,95253620000000,1,1,0
1,4911,95253620000000,95253634380875,95253649628500,15247625,29628500,14380875,95253630000000,1,1,1
1,4912,95253640000000,95253649808625,95253665740125,15931500,25740125,9808625,95253650000000,1,1,0
1,4914,95253650000000,95253665931500,95253681606500,15675000,31606500,15931500,95253660000000,1,1,1
1,4916,95253670000000,95253681773375,95253697621125,15847750,27621125,11773375,95253680000000,1,1,1
1,4917,95253690000000,95253697782125,95253713703125,15921000,23703125,7782125,95253700000000,1,1,0
1,4919,95253700000000,95253713992000,95253729155625,15163625,29155625,13992000,95253710000000,1,1,1
1,4920,95253720000000,95253729418125,95253744656875,15238750,24656875,9418125,95253730000000,1,1,0
1,4922,95253730000000,95253744843750,95253760714500,15870750,30714500,14843750,95253740000000,1,1,1
1,4924,95253750000000,95253760882750,95253776616750,15734000,26616750,10882750,95253760000000,1,1,1
1,4925,95253770000000,95253776780375,95253792659750,15879375,22659750,6780375,95253780000000,1,1,0
1,4927,95253780000000,95253793524125,95253808414375,14890250,28414375,13524125,95253790000000,1,1,1
1,4928,95253800000000,95253808596375,95253823270500,14674125,23270500,8596375,95253810000000,1,1,0
1,4930,95253810000000,95253823452500,95253837820625,14368125,27820625,13452500,95253820000000,1,1,1
1,4931,95253830000000,95253838118250,95253853952250,15834000,23952250,8118250,95253840000000,1,1,0
1,4933,95253840000000,95253854137375,95253870070500,15933125,30070500,14137375,95253850000000,1,1,1
1,4935,95253860000000,95253870257375,95253886124125,15866750,26124125,10257375,95253870000000,1,1,1
1,4936,95253880000000,95253886300875,95253902168500,15867625,22168500,6300875,95253890000000,1,1,0
1,4938,95253890000000,95253902453000,95253918391125,15938125,28391125,12453000,95253900000000,1,1,1
1,4939,95253910000000,95253918585250,95253933277500,14692250,23277500,8585250,95253920000000,1,1,0
1,4941,95253920000000,95253933451750,95253948616750,15165000,28616750,13451750,95253930000000,1,1,1
1,4942,95253940000000,95253948772875,95253964722625,15949750,24722625,8772875,95253950000000,1,1,0
1,4944,95253950000000,95253964888750,95253980756250,15867500,30756250,14888750,95253960000000,1,1,1
1,4946,95253970000000,95253980894875,95253995666625,14771750,25666625,10894875,95253980000000,1,1,1
1,4947,95253990000000,95253995860875,95254011666125,15805250,21666125,5860875,95254000000000,1,1,0
1,4949,95254000000000,95254011847625,95254027109000,15261375,27109000,11847625,95254010000000,1,1,1
1,4950,95254020000000,95254027307000,95254042513500,15206500,22513500,7307000,95254030000000,1,1,0
1,4952,95254030000000,95254042689250,95254058568250,15879000,28568250,12689250,95254040000000,1,1,1
1,4953,95254050000000,95254058867750,95254074754125,15886375,24754125,8867750,95254060000000,1,1,0
1,4955,95254060000000,95254074939125,95254090799000,15859875,30799000,14939125,95254070000000,1,1,1
1,4957,95254080000000,95254090990875,95254106391500,15400625,26391500,10990875,95254090000000,1,1,1
1,4958,95254100000000,95254106575000,95254122396875,15821875,22396875,6575000,95254110000000,1,1,0
1,4960,95254110000000,95254122548250,95254137766875,15218625,27766875,12548250,95254120000000,1,1,1
1,4961,95254130000000,95254137943125,95254153835750,15892625,23835750,7943125,95254140000000,1,1,0
1,4963,95254140000000,95254154016750,95254169717625,15700875,29717625,14016750,95254150000000,1,1,1
1,4964,95254160000000,95254169896250,95254185779125,15882875,25779125,9896250,95254170000000,1,1,0
1,4966,95254170000000,95254185942625,95254201329625,15387000,31329625,15942625,95254180000000,1,1,1
1,4968,95254190000000,95254201494625,95254216864125,15369500,26864125,11494625,95254200000000,1,1,1
1,4969,95254210000000,95254217011625,95254232198000,15186375,22198000,7011625,95254220000000,1,1,0
1,4971,95254220000000,95254232349750,95254247664125,15314375,27664125,12349750,95254230000000,1,1,1
1,4972,95254240000000,95254247869125,95254263761375,15892250,23761375,7869125,95254250000000,1,1,0
1,4974,95254250000000,95254263955000,95254278720000,14765000,28720000,13955000,95254260000000,1,1,1
1,4975,95254270000000,95254278907250,95254294446125,15538875,24446125,8907250,95254280000000,1,1,0
1,4977,95254280000000,95254294750125,95254310632250,15882125,30632250,14750125,95254290000000,1,1,1
1,4979,95254300000000,95254310825250,95254326023500,15198250,26023500,10825250,95254310000000,1,1,1
1,4980,95254320000000,95254326186500,95254342057125,15870625,22057125,6186500,95254330000000,1,1,0
1,4982,95254330000000,95254342228875,95254358089375,15860500,28089375,12228875,95254340000000,1,1,1
1,4983,95254350000000,95254358254875,95254373530625,15275750,23530625,8254875,95254360000000,1,1,0
1,4985,95254360000000,95254373706875,95254389551625,15844750,29551625,13706875,95254370000000,1,1,1
1,4986,95254380000000,95254389696125,95254405622375,15926250,25622375,9696125,95254390000000,1,1,0
1,4988,95254390000000,95254405892250,95254421838625,15946375,31838625,15892250,95254400000000,1,1,1
1,4990,95254410000000,95254422019625,95254437061250,15041625,27061250,12019625,95254420000000,1,1,1
1,4991,95254430000000,95254437976250,95254453864000,15887750,23864000,7976250,95254440000000,1,1,0
1,4993,95254440000000,95254454061125,95254469761375,15700250,29761375,14061125,95254450000000,1,1,1
1,4994,95254460000000,95254469949875,95254485864875,15915000,25864875,9949875,95254470000000,1,1,0
1,4996,95254470000000,95254486007875,95254500847375,14839500,30847375,16007875,95254480000000,1,1,1
1,4998,95254490000000,95254501015250,95254516360000,15344750,26360000,11015250,95254500000000,1,1,1
1,4999,95254510000000,95254516527875,95254531716750,15188875,21716750,6527875,95254520000000,1,1,0
1,5001,95254520000000,95254531922250,95254547773875,15851625,27773875,11922250,95254530000000,1,1,1
1,5002,95254540000000,95254548102250,95254563454250,15352000,23454250,8102250,95254550000000,1,1,0
1,5004,95254550000000,95254563664500,95254579596250,15931750,29596250,13664500,95254560000000,1,1,1
1,5005,95254570000000,95254579793375,95254595693375,15900000,25693375,9793375,95254580000000,1,1,0
1,5007,95254580000000,95254595878750,95254611758750,15880000,31758750,15878750,95254590000000,1,1,1
1,5009,95254600000000,95254611954375,95254627867625,15913250,27867625,11954375,95254610000000,1,1,1
1,5010,95254620000000,95254628064750,95254643245875,15181125,23245875,8064750,95254630000000,1,1,0
1,5012,95254630000000,95254643442500,95254659307750,15865250,29307750,13442500,95254640000000,1,1,1
1,5013,95254650000000,95254659610375,95254674865250,15254875,24865250,9610375,95254660000000,1,1,0
1,5015,95254660000000,95254675080000,95254690985375,15905375,30985375,15080000,95254670000000,1,1,1
1,5017,95254680000000,95254691175125,95254706681750,15506625,26681750,11175125,95254690000000,1,1,1
1,5018,95254700000000,95254706869125,95254722674375,15805250,22674375,6869125,95254710000000,1,1,0
1,5020,95254710000000,95254722840375,95254736889875,14049500,26889875,12840375,95254720000000,1,1,1
1,5021,95254730000000,95254737154375,95254752913750,15759375,22913750,7154375,95254740000000,1,1,0
1,5023,95254740000000,95254753099250,95254769006500,15907250,29006500,13099250,95254750000000,1,1,1
1,5024,95254760000000,95254769156875,95254784363250,15206375,24363250,9156875,95254770000000,1,1,0
1,5026,95254770000000,95254784513750,95254800409625,15895875,30409625,14513750,95254780000000,1,1,1
1,5028,95254790000000,95254800566250,95254816724875,16158625,26724875,10566250,95254800000000,1,1,1
1,5029,95254810000000,95254816903000,95254832136375,15233375,22136375,6903000,95254820000000,1,1,0
1,5031,95254820000000,95254832280250,95254847596750,15316500,27596750,12280250,95254830000000,1,1,1
1,5032,95254840000000,95254847796375,95254863717250,15920875,23717250,7796375,95254850000000,1,1,0
1,5034,95254850000000,95254863921125,95254878821125,14900000,28821125,13921125,95254860000000,1,1,1
1,5035,95254870000000,95254879009000,95254894417250,15408250,24417250,9009000,95254880000000,1,1,0
1,5037,95254880000000,95254894599625,95254910519750,15920125,30519750,14599625,95254890000000,1,1,1
1,5039,95254900000000,95254910693875,95254925917500,15223625,25917500,10693875,95254910000000,1,1,1
1,5040,95254920000000,95254926089375,95254940844000,14754625,20844000,6089375,95254930000000,1,1,0
1,5042,95254930000000,95254941015250,95254956260250,15245000,26260250,11015250,95254940000000,1,1,1
1,5043,95254950000000,95254956414000,95254972300875,15886875,22300875,6414000,95254960000000,1,1,0
1,5045,95254960000000,95254972479875,95254988342750,15862875,28342750,12479875,95254970000000,1,1,1
1,5046,95254980000000,95254988509625,95255004354000,15844375,24354000,8509625,95254990000000,1,1,0
1,5048,95254990000000,95255004515875,95255019037375,14521500,29037375,14515875,95255000000000,1,1,1
1,5049,95255010000000,95255019227375,95255034454375,15227000,24454375,9227375,95255020000000,1,1,0
1,5051,95255020000000,95255034631875,95255050455750,15823875,30455750,14631875,95255030000000,1,1,1
1,5053,95255040000000,95255050637250,95255066315125,15677875,26315125,10637250,95255050000000,1,1,1
1,5054,95255060000000,95255066501500,95255082418125,15916625,22418125,6501500,95255070000000,1,1,0
1,5056,95255070000000,95255082616750,95255097973500,15356750,27973500,12616750,95255080000000,1,1,1
1,5057,95255090000000,95255098880750,95255114808500,15927750,24808500,8880750,95255100000000,1,1,0
1,5059,95255100000000,95255114972000,95255129001000,14029000,29001000,14972000,95255110000000,1,1,1
1,5060,95255120000000,95255129172250,95255145046875,15874625,25046875,9172250,95255130000000,1,1,0
1,5062,95255130000000,95255145203500,95255160567125,15363625,30567125,15203500,95255140000000,1,1,1
1,5064,95255150000000,95255160728750,95255176636000,15907250,26636000,10728750,95255160000000,1,1,1
1,5065,95255170000000,95255176803875,95255192780500,15976625,22780500,6803875,95255180000000,1,1,0
1,5067,95255180000000,95255192955625,95255208762375,15806750,28762375,12955625,95255190000000,1,1,1
1,5068,95255200000000,95255208923250,95255224163125,15239875,24163125,8923250,95255210000000,1,1,0
1,5070,95255210000000,95255224320250,95255240290000,15969750,30290000,14320250,95255220000000,1,1,1
1,5072,95255230000000,95255240457875,95255256354875,15897000,26354875,10457875,95255240000000,1,1,1
1,5073,95255250000000,95255256524750,95255272266000,15741250,22266000,6524750,95255260000000,1,1,0
1,5075,95255260000000,95255272416750,95255288334875,15918125,28334875,12416750,95255270000000,1,1,1
1,5076,95255280000000,95255288504125,95255304354875,15850750,24354875,8504125,95255290000000,1,1,0
1,5078,95255290000000,95255304518625,95255319685375,15166750,29685375,14518625,95255300000000,1,1,1
1,5079,95255310000000,95255319869750,95255335750125,15880375,25750125,9869750,95255320000000,1,1,0
1,5081,95255320000000,95255335926375,95255351282375,15356000,31282375,15926375,95255330000000,1,1,1
1,5083,95255340000000,95255351468125,95255367393000,15924875,27393000,11468125,95255350000000,1,1,1
1,5084,95255360000000,95255367582375,95255383416500,15834125,23416500,7582375,95255370000000,1,1,0
1,5086,95255370000000,95255383562250,95255399516500,15954250,29516500,13562250,95255380000000,1,1,1
1,5087,95255390000000,95255399707875,95255415627750,15919875,25627750,9707875,95255400000000,1,1,0
1,5089,95255400000000,95255415813625,95255429755375,13941750,29755375,15813625,95255410000000,1,1,1
1,5090,95255420000000,95255429932500,95255445813000,15880500,25813000,9932500,95255430000000,1,1,0
1,5092,95255430000000,95255445964875,95255461892000,15927125,31892000,15964875,95255440000000,1,1,1
1,5094,95255450000000,95255462055500,95255477987125,15931625,27987125,12055500,95255460000000,1,1,1
1,5095,95255470000000,95255478181750,95255493784625,15602875,23784625,8181750,95255480000000,1,1,0
1,5097,95255480000000,95255493956375,95255508589000,14632625,28589000,13956375,95255490000000,1,1,1
1,5098,95255500000000,95255508759500,95255523943500,15184000,23943500,8759500,95255510000000,1,1,0
1,5100,95255510000000,95255524127375,95255539421375,15294000,29421375,14127375,95255520000000,1,1,1
1,5101,95255530000000,95255539733125,95255554621000,14887875,24621000,9733125,95255540000000,1,1,0
1,5103,95255540000000,95255554826875,95255570677125,15850250,30677125,14826875,95255550000000,1,1,1
1,5105,95255560000000,95255570975500,95255586866500,15891000,26866500,10975500,95255570000000,1,1,1
1,5106,95255580000000,95255587032875,95255602980250,15947375,22980250,7032875,95255590000000,1,1,0
1,5108,95255590000000,95255603156250,95255616541625,13385375,26541625,13156250,95255600000000,1,1,1
1,5109,95255610000000,95255616713375,95255632526500,15813125,22526500,6713375,95255620000000,1,1,0
1,5111,95255620000000,95255632785625,95255648082500,15296875,28082500,12785625,95255630000000,1,1,1
1,5112,95255640000000,95255648258125,95255664164000,15905875,24164000,8258125,95255650000000,1,1,0
1,5114,95255650000000,95255664411875,95255679883875,15472000,29883875,14411875,95255660000000,1,1,1
1,5116,95255670000000,95255680083875,95255695909250,15825375,25909250,10083875,95255680000000,1,1,1
1,5117,95255690000000,95255696217750,95255710859125,14641375,20859125,6217750,95255700000000,1,1,0
1,5119,95255700000000,95255711045500,95255726575125,15529625,26575125,11045500,95255710000000,1,1,1
1,5120,95255720000000,95255726767875,95255742632625,15864750,22632625,6767875,95255730000000,1,1,0
1,5122,95255730000000,95255743563250,95255758916250,15353000,28916250,13563250,95255740000000,1,1,1
1,5123,95255750000000,95255759087000,95255774545000,15458000,24545000,9087000,95255760000000,1,1,0
1,5125,95255760000000,95255774737125,95255789889000,15151875,29889000,14737125,95255770000000,1,1,1
1,5127,95255780000000,95255790051500,95255805526000,15474500,25526000,10051500,95255790000000,1,1,1
1,5128,95255800000000,95255805700125,95255819834125,14134000,19834125,5700125,95255810000000,1,1,0
1,5130,95255810000000,95255820122875,95255836082000,15959125,26082000,10122875,95255820000000,1,1,1
1,5131,95255830000000,95255836240500,95255852157625,15917125,22157625,6240500,95255840000000,1,1,0
1,5133,95255840000000,95255852330250,95255868141000,15810750,28141000,12330250,95255850000000,1,1,1
1,5134,95255860000000,95255868306000,95255883546625,15240625,23546625,8306000,95255870000000,1,1,0
1,5136,95255870000000,95255883847750,95255899140125,15292375,29140125,13847750,95255880000000,1,1,1
1,5137,95255890000000,95255899357250,95255915222500,15865250,25222500,9357250,95255900000000,1,1,0
1,5139,95255900000000,95255915422625,95255930190125,14767500,30190125,15422625,95255910000000,1,1,1
1,5141,95255920000000,95255930367125,95255945617625,15250500,25617625,10367125,95255930000000,1,1,1
1,5142,95255940000000,95255945797750,95255961555125,15757375,21555125,5797750,95255950000000,1,1,0
1,5144,95255950000000,95255961745500,95255977589250,15843750,27589250,11745500,95255960000000,1,1,1
1,5145,95255970000000,95255977738625,95255991736375,13997750,21736375,7738625,95255980000000,1,1,0
1,5147,95255980000000,95255991931250,95256007351750,15420500,27351750,11931250,95255990000000,1,1,1
1,5148,95256000000000,95256007479250,95256022673125,15193875,22673125,7479250,95256010000000,1,1,0
1,5150,95256010000000,95256022841500,95256036989625,14148125,26989625,12841500,95256020000000,1,1,1
1,5151,95256030000000,95256037262875,95256053206500,15943625,23206500,7262875,95256040000000,1,1,0
1,5153,95256040000000,95256053382375,95256068455125,15072750,28455125,13382375,95256050000000,1,1,1
1,5154,95256060000000,95256068617750,95256084404500,15786750,24404500,8617750,95256070000000,1,1,0
1,5156,95256070000000,95256084567000,95256100495250,15928250,30495250,14567000,95256080000000,1,1,1
1,5158,95256090000000,95256100647000,95256116566875,15919875,26566875,10647000,95256100000000,1,1,1
1,5159,95256110000000,95256116729375,95256132601125,15871750,22601125,6729375,95256120000000,1,1,0
1,5161,95256120000000,95256132739125,95256148668875,15929750,28668875,12739125,95256130000000,1,1,1
1,5162,95256140000000,95256148836750,95256164751375,15914625,24751375,8836750,95256150000000,1,1,0
1,5164,95256150000000,95256164910875,95256179470500,14559625,29470500,14910875,95256160000000,1,1,1
1,5165,95256170000000,95256179664625,95256195584625,15920000,25584625,9664625,95256180000000,1,1,0
1,5167,95256180000000,95256195776875,95256210763250,14986375,30763250,15776875,95256190000000,1,1,1
1,5169,95256200000000,95256210970750,95256226850250,15879500,26850250,10970750,95256210000000,1,1,1
1,5170,95256220000000,95256227021875,95256242957125,15935250,22957125,7021875,95256230000000,1,1,0
1,5172,95256230000000,95256243152750,95256258737875,15585125,28737875,13152750,95256240000000,1,1,1
1,5173,95256250000000,95256258922375,95256274154875,15232500,24154875,8922375,95256260000000,1,1,0
1,5175,95256260000000,95256274332875,95256290173875,15841000,30173875,14332875,95256270000000,1,1,1
1,5177,95256280000000,95256290437750,95256306388500,15950750,26388500,10437750,95256290000000,1,1,1
1,5178,95256300000000,95256306595000,95256321955125,15360125,21955125,6595000,95256310000000,1,1,0
1,5180,95256310000000,95256322237250,95256338209875,15972625,28209875,12237250,95256320000000,1,1,1
1,5181,95256330000000,95256338404625,95256354285125,15880500,24285125,8404625,95256340000000,1,1,0
1,5183,95256340000000,95256354455875,95256369007000,14551125,29007000,14455875,95256350000000,1,1,1
1,5184,95256360000000,95256369169750,95256384939625,15769875,24939625,9169750,95256370000000,1,1,0
1,5186,95256370000000,95256385831250,95256401720000,15888750,31720000,15831250,95256380000000,1,1,1
1,5188,95256390000000,95256401893250,95256417544750,15651500,27544750,11893250,95256400000000,1,1,1
1,5189,95256410000000,95256417726375,95256433408125,15681750,23408125,7726375,95256420000000,1,1,0
1,5191,95256420000000,95256433581375,95256449483750,15902375,29483750,13581375,95256430000000,1,1,1
1,5192,95256440000000,95256449803875,95256465726750,15922875,25726750,9803875,95256450000000,1,1,0
1,5194,95256450000000,95256465915500,95256481150500,15235000,31150500,15915500,95256460000000,1,1,1
1,5196,95256470000000,95256481317875,95256496548875,15231000,26548875,11317875,95256480000000,1,1,1
1,5197,95256490000000,95256496723875,95256512551750,15827875,22551750,6723875,95256500000000,1,1,0
1,5199,95256500000000,95256512714250,95256528613750,15899500,28613750,12714250,95256510000000,1,1,1
1,5200,95256520000000,95256528771750,95256544697500,15925750,24697500,8771750,95256530000000,1,1,0
1,5202,95256530000000,95256544860125,95256560740500,15880375,30740500,14860125,95256540000000,1,1,1
1,5204,95256550000000,95256560897625,95256575526000,14628375,25526000,10897625,95256560000000,1,1,1
1,5205,95256570000000,95256575741625,95256591620125,15878500,21620125,5741625,95256580000000,1,1,0
1,5207,95256580000000,95256591809375,95256606722125,14912750,26722125,11809375,95256590000000,1,1,1
1,5208,95256600000000,95256606857375,95256622722250,15864875,22722250,6857375,95256610000000,1,1,0
1,5210,95256610000000,95256622863750,95256638762750,15899000,28762750,12863750,95256620000000,1,1,1
1,5211,95256630000000,95256638939375,95256654809125,15869750,24809125,8939375,95256640000000,1,1,0
1,5213,95256640000000,95256654992625,95256670915875,15923250,30915875,14992625,95256650000000,1,1,1
1,5215,95256660000000,95256671058375,95256684244750,13186375,24244750,11058375,95256670000000,1,1,1
1,5216,95256680000000,95256684417375,95256699667875,15250500,19667875,4417375,95256690000000,1,0,0
1,5218,95256690000000,95256700076875,95256715910000,15833125,25910000,10076875,95256700000000,1,1,1
1,5219,95256710000000,95256716122875,95256732090000,15967125,22090000,6122875,95256720000000,1,1,0
1,5221,95256720000000,95256732267625,95256748190500,15922875,28190500,12267625,95256730000000,1,1,1
1,5222,95256740000000,95256748354500,95256763503000,15148500,23503000,8354500,95256750000000,1,1,0
1,5224,95256750000000,95256763800625,95256779750375,15949750,29750375,13800625,95256760000000,1,1,1
1,5225,95256770000000,95256779972875,95256795886000,15913125,25886000,9972875,95256780000000,1,1,0
1,5227,95256780000000,95256796066750,95256810873875,14807125,30873875,16066750,95256790000000,1,1,1
1,5229,95256800000000,95256811077000,95256827046750,15969750,27046750,11077000,95256810000000,1,1,1
1,5230,95256820000000,95256827233000,95256843374625,16141625,23374625,7233000,95256830000000,1,1,0
1,5232,95256830000000,95256843608250,95256858828500,15220250,28828500,13608250,95256840000000,1,1,1
1,5233,95256850000000,95256859013500,95256874172750,15159250,24172750,9013500,95256860000000,1,1,0
1,5235,95256860000000,95256874444375,95256890103375,15659000,30103375,14444375,95256870000000,1,1,1
1,5237,95256880000000,95256890314125,95256906040500,15726375,26040500,10314125,95256890000000,1,1,1
1,5238,95256900000000,95256906282875,95256921406000,15123125,21406000,6282875,95256910000000,1,1,0
1,5240,95256910000000,95256921610500,95256937478250,15867750,27478250,11610500,95256920000000,1,1,1
1,5241,95256930000000,95256937642750,95256952861000,15218250,22861000,7642750,95256940000000,1,1,0
1,5243,95256940000000,95256953024875,95256968195750,15170875,28195750,13024875,95256950000000,1,1,1
1,5244,95256960000000,95256968356375,95256984250500,15894125,24250500,8356375,95256970000000,1,1,0
1,5246,95256970000000,95256984528125,95257000485250,15957125,30485250,14528125,95256980000000,1,1,1
1,5248,95256990000000,95257000658375,95257015901500,15243125,25901500,10658375,95257000000000,1,1,1
1,5249,95257010000000,95257016064125,95257031875250,15811125,21875250,6064125,95257020000000,1,1,0
1,5251,95257020000000,95257032828250,95257048135750,15307500,28135750,12828250,95257030000000,1,1,1
1,5252,95257040000000,95257048292000,95257063531750,15239750,23531750,8292000,95257050000000,1,1,0
1,5254,95257050000000,95257063732250,95257078924125,15191875,28924125,13732250,95257060000000,1,1,1
1,5255,95257070000000,95257079113875,95257094910375,15796500,24910375,9113875,95257080000000,1,1,0
1,5257,95257080000000,95257095073500,95257110983250,15909750,30983250,15073500,95257090000000,1,1,1
1,5259,95257100000000,95257111168125,95257126662625,15494500,26662625,11168125,95257110000000,1,1,1
1,5260,95257120000000,95257126855375,95257141775875,14920500,21775875,6855375,95257130000000,1,1,0
1,5262,95257130000000,95257141963750,95257156546125,14582375,26546125,11963750,95257140000000,1,1,1
1,5263,95257150000000,95257156713500,95257172626625,15913125,22626625,6713500,95257160000000,1,1,0
1,5265,95257160000000,95257172784750,95257188674500,15889750,28674500,12784750,95257170000000,1,1,1
1,5266,95257180000000,95257188834000,95257204725750,15891750,24725750,8834000,95257190000000,1,1,0
1,5268,95257190000000,95257205001500,95257220937000,15935500,30937000,15001500,95257200000000,1,1,1
1,5270,95257210000000,95257221118625,95257236467625,15349000,26467625,11118625,95257220000000,1,1,1
1,5271,95257230000000,95257236641375,95257252506125,15864750,22506125,6641375,95257240000000,1,1,0
1,5273,95257240000000,95257252671500,95257267338875,14667375,27338875,12671500,95257250000000,1,1,1
1,5274,95257260000000,95257267538875,95257283431625,15892750,23431625,7538875,95257270000000,1,1,0
1,5276,95257270000000,95257283623875,95257299512000,15888125,29512000,13623875,95257280000000,1,1,1
1,5277,95257290000000,95257299723375,95257315530625,15807250,25530625,9723375,95257300000000,1,1,0
1,5279,95257300000000,95257315852250,95257331769750,15917500,31769750,15852250,95257310000000,1,1,1
1,5281,95257320000000,95257331985500,95257347283250,15297750,27283250,11985500,95257330000000,1,1,1
1,5282,95257340000000,95257347462375,95257362600500,15138125,22600500,7462375,95257350000000,1,1,0
1,5284,95257350000000,95257362778625,95257378661500,15882875,28661500,12778625,95257360000000,1,1,1
1,5285,95257370000000,95257378829875,95257394706875,15877000,24706875,8829875,95257380000000,1,1,0
1,5287,95257380000000,95257394883000,95257410695625,15812625,30695625,14883000,95257390000000,1,1,1
1,5289,95257400000000,95257411039750,95257426938750,15899000,26938750,11039750,95257410000000,1,1,1
1,5290,95257420000000,95257427138250,95257443032875,15894625,23032875,7138250,95257430000000,1,1,0
1,5292,95257430000000,95257443226250,95257458473625,15247375,28473625,13226250,95257440000000,1,1,1
1,5293,95257450000000,95257458643375,95257473825750,15182375,23825750,8643375,95257460000000,1,1,0
1,5295,95257460000000,95257473999250,95257489950500,15951250,29950500,13999250,95257470000000,1,1,1
1,5297,95257480000000,95257490143250,95257506040250,15897000,26040250,10143250,95257490000000,1,1,1
1,5298,95257500000000,95257506214500,95257522029125,15814625,22029125,6214500,95257510000000,1,1,0
1,5300,95257510000000,95257522194125,95257537792375,15598250,27792375,12194125,95257520000000,1,1,1
1,5301,95257530000000,95257537966125,95257553847125,15881000,23847125,7966125,95257540000000,1,1,0
1,5303,95257540000000,95257554024125,95257568608125,14584000,28608125,14024125,95257550000000,1,1,1
1,5304,95257560000000,95257568753000,95257584628000,15875000,24628000,8753000,95257570000000,1,1,0
1,5306,95257570000000,95257584889625,95257600833000,15943375,30833000,14889625,95257580000000,1,1,1
1,5308,95257590000000,95257601004250,95257616843750,15839500,26843750,11004250,95257600000000,1,1,1
1,5309,95257610000000,95257617021875,95257632892000,15870125,22892000,7021875,95257620000000,1,1,0
1,5311,95257620000000,95257633050125,95257648935375,15885250,28935375,13050125,95257630000000,1,1,1
1,5312,95257640000000,95257649089375,95257664946125,15856750,24946125,9089375,95257650000000,1,1,0
1,5314,95257650000000,95257665110625,95257680273250,15162625,30273250,15110625,95257660000000,1,1,1
1,5316,95257670000000,95257686604375,95257702211625,15607250,32211625,16604375,95257680000000,1,1,1
1,5318,95257690000000,95257702411250,95257715805750,13394500,25805750,12411250,95257700000000,1,1,1
1,5319,95257710000000,95257716046250,95257731345500,15299250,21345500,6046250,95257720000000,1,1,0
1,5321,95257720000000,95257731544625,95257746232375,14687750,26232375,11544625,95257730000000,1,1,1
1,5322,95257740000000,95257746408250,95257762330125,15921875,22330125,6408250,95257750000000,1,1,0
1,5324,95257750000000,95257762512125,95257778437375,15925250,28437375,12512125,95257760000000,1,1,1
1,5325,95257770000000,95257778598875,95257793819125,15220250,23819125,8598875,95257780000000,1,1,0
1,5327,95257780000000,95257793981625,95257809886000,15904375,29886000,13981625,95257790000000,1,1,1
1,5329,95257800000000,95257810050875,95257826234250,16183375,26234250,10050875,95257810000000,1,1,1
1,5330,95257820000000,95257826414000,95257842318375,15904375,22318375,6414000,95257830000000,1,1,0
1,5332,95257830000000,95257842603875,95257858517500,15913625,28517500,12603875,95257840000000,1,1,1
1,5333,95257850000000,95257858812250,95257873593125,14780875,23593125,8812250,95257860000000,1,1,0
1,5335,95257860000000,95257873785000,95257889712750,15927750,29712750,13785000,95257870000000,1,1,1
1,5336,95257880000000,95257889979125,95257905035875,15056750,25035875,9979125,95257890000000,1,1,0
1,5338,95257890000000,95257905209125,95257919780750,14571625,29780750,15209125,95257900000000,1,1,1
1,5339,95257910000000,95257919978000,95257935237625,15259625,25237625,9978000,95257920000000,1,1,0
1,5341,95257920000000,95257935433375,95257951351375,15918000,31351375,15433375,95257930000000,1,1,1
1,5343,95257940000000,95257951561750,95257967429000,15867250,27429000,11561750,95257950000000,1,1,1
1,5344,95257960000000,95257967618750,95257982217250,14598500,22217250,7618750,95257970000000,1,1,0
1,5346,95257970000000,95257982393500,95257998299250,15905750,28299250,12393500,95257980000000,1,1,1
1,5347,95257990000000,95257998470000,95258014118625,15648625,24118625,8470000,95258000000000,1,1,0
1,5349,95258000000000,95258014300750,95258030189000,15888250,30189000,14300750,95258010000000,1,1,1
1,5351,95258020000000,95258030534000,95258046404750,15870750,26404750,10534000,95258030000000,1,1,1
1,5352,95258040000000,95258046604250,95258062503750,15899500,22503750,6604250,95258050000000,1,1,0
1,5354,95258050000000,95258062685750,95258078635500,15949750,28635500,12685750,95258060000000,1,1,1
1,5355,95258070000000,95258078807375,95258093705375,14898000,23705375,8807375,95258080000000,1,1,0
1,5357,95258080000000,95258093887375,95258109114875,15227500,29114875,13887375,95258090000000,1,1,1
1,5358,95258100000000,95258109270625,95258125148125,15877500,25148125,9270625,95258110000000,1,1,0
1,5360,95258110000000,95258125307125,95258139965250,14658125,29965250,15307125,95258120000000,1,1,1
1,5362,95258130000000,95258140260000,95258156169125,15909125,26169125,10260000,95258140000000,1,1,1
1,5363,95258150000000,95258156447000,95258172445875,15998875,22445875,6447000,95258160000000,1,1,0
1,5365,95258160000000,95258172629375,95258187184875,14555500,27184875,12629375,95258170000000,1,1,1
1,5366,95258180000000,95258187364000,95258202896500,15532500,22896500,7364000,95258190000000,1,1,0
1,5368,95258190000000,95258203128750,95258219005375,15876625,29005375,13128750,95258200000000,1,1,1
1,5369,95258210000000,95258219201000,95258234159125,14958125,24159125,9201000,95258220000000,1,1,0
1,5371,95258220000000,95258234340750,95258250145125,15804375,30145125,14340750,95258230000000,1,1,1
1,5373,95258240000000,95258250315375,95258265947375,15632000,25947375,10315375,95258250000000,1,1,1
1,5374,95258260000000,95258266118625,95258281352125,15233500,21352125,6118625,95258270000000,1,1,0
1,5376,95258270000000,95258281525750,95258297413500,15887750,27413500,11525750,95258280000000,1,1,1
1,5377,95258290000000,95258297574625,95258313458375,15883750,23458375,7574625,95258300000000,1,1,0
1,5379,95258300000000,95258313621375,95258328381875,14760500,28381875,13621375,95258310000000,1,1,1
1,5380,95258320000000,95258329267250,95258345217375,15950125,25217375,9267250,95258330000000,1,1,0
1,5382,95258330000000,95258345398500,95258359982625,14584125,29982625,15398500,95258340000000,1,1,1
1,5384,95258350000000,95258360176500,95258374431375,14254875,24431375,10176500,95258360000000,1,1,1
1,5385,95258370000000,95258374622750,95258390463125,15840375,20463125,4622750,95258380000000,1,0,0
1,5387,95258380000000,95258390645750,95258405844375,15198625,25844375,10645750,95258390000000,1,1,1
1,5388,95258400000000,95258406006375,95258421926000,15919625,21926000,6006375,95258410000000,1,1,0
1,5390,95258410000000,95258422206875,95258437836125,15629250,27836125,12206875,95258420000000,1,1,1
1,5391,95258430000000,95258438026375,95258453820000,15793625,23820000,8026375,95258440000000,1,1,0
1,5393,95258440000000,95258454000000,95258469097375,15097375,29097375,14000000,95258450000000,1,1,1
1,5394,95258460000000,95258469280250,95258483958750,14678500,23958750,9280250,95258470000000,1,1,0
1,5396,95258470000000,95258484161250,95258499969500,15808250,29969500,14161250,95258480000000,1,1,1
1,5398,95258490000000,95258500230625,95258516039250,15808625,26039250,10230625,95258500000000,1,1,1
1,5399,95258510000000,95258516288500,95258531721125,15432625,21721125,6288500,95258520000000,1,1,0
1,5401,95258520000000,95258531962250,95258547882125,15919875,27882125,11962250,95258530000000,1,1,1
1,5402,95258540000000,95258548070500,95258563222875,15152375,23222875,8070500,95258550000000,1,1,0
1,5404,95258550000000,95258563393875,95258579247375,15853500,29247375,13393875,95258560000000,1,1,1
1,5405,95258570000000,95258579429750,95258594849125,15419375,24849125,9429750,95258580000000,1,1,0
1,5407,95258580000000,95258595135625,95258611003250,15867625,31003250,15135625,95258590000000,1,1,1
1,5409,95258600000000,95258611208250,95258626052125,14843875,26052125,11208250,95258610000000,1,1,1
1,5410,95258620000000,95258626227375,95258642145000,15917625,22145000,6227375,95258630000000,1,1,0
1,5412,95258630000000,95258642429500,95258657044000,14614500,27044000,12429500,95258640000000,1,1,1
1,5413,95258650000000,95258657221625,95258673158125,15936500,23158125,7221625,95258660000000,1,1,0
1,5415,95258660000000,95258673346125,95258688105125,14759000,28105125,13346125,95258670000000,1,1,1
1,5416,95258680000000,95258688355875,95258704284250,15928375,24284250,8355875,95258690000000,1,1,0
1,5418,95258690000000,95258704471125,95258719808000,15336875,29808000,14471125,95258700000000,1,1,1
1,5420,95258710000000,95258720050000,95258735905500,15855500,25905500,10050000,95258720000000,1,1,1
1,5421,95258730000000,95258736161250,95258751352625,15191375,21352625,6161250,95258740000000,1,1,0
1,5423,95258740000000,95258752297000,95258767417125,15120125,27417125,12297000,95258750000000,1,1,1
1,5424,95258760000000,95258767580000,95258783502875,15922875,23502875,7580000,95258770000000,1,1,0
1,5426,95258770000000,95258783704000,95258799192000,15488000,29192000,13704000,95258780000000,1,1,1
1,5427,95258790000000,95258799397250,95258815252500,15855250,25252500,9397250,95258800000000,1,1,0
1,5429,95258800000000,95258815569875,95258831485250,15915375,31485250,15569875,95258810000000,1,1,1
1,5431,95258820000000,95258831690875,95258846979750,15288875,26979750,11690875,95258830000000,1,1,1
1,5432,95258840000000,95258847273500,95258862533750,15260250,22533750,7273500,95258850000000,1,1,0
1,5434,95258850000000,95258862739625,95258878023750,15284125,28023750,12739625,95258860000000,1,1,1
1,5435,95258870000000,95258878194625,95258894058875,15864250,24058875,8194625,95258880000000,1,1,0
1,5437,95258880000000,95258894226750,95258910130750,15904000,30130750,14226750,95258890000000,1,1,1
1,5439,95258900000000,95258910317125,95258926522000,16204875,26522000,10317125,95258910000000,1,1,1
1,5440,95258920000000,95258926744000,95258942614250,15870250,22614250,6744000,95258930000000,1,1,0
1,5442,95258930000000,95258942801125,95258958743625,15942500,28743625,12801125,95258940000000,1,1,1
1,5443,95258950000000,95258958924625,95258974208750,15284125,24208750,8924625,95258960000000,1,1,0
1,5445,95258960000000,95258975108125,95258990985625,15877500,30985625,15108125,95258970000000,1,1,1
1,5447,95258980000000,95258991189625,95259007142250,15952625,27142250,11189625,95258990000000,1,1,1
1,5448,95259000000000,95259007298000,95259022154125,14856125,22154125,7298000,95259010000000,1,1,0
1,5450,95259010000000,95259022340000,95259038204875,15864875,28204875,12340000,95259020000000,1,1,1
1,5451,95259030000000,95259038376625,95259054229250,15852625,24229250,8376625,95259040000000,1,1,0
1,5453,95259040000000,95259054394250,95259069609000,15214750,29609000,14394250,95259050000000,1,1,1
1,5454,95259060000000,95259069790000,95259085709000,15919000,25709000,9790000,95259070000000,1,1,0
1,5456,95259070000000,95259086003875,95259101275625,15271750,31275625,16003875,95259080000000,1,1,1
1,5458,95259090000000,95259101459250,95259116784750,15325500,26784750,11459250,95259100000000,1,1,1
1,5459,95259110000000,95259116954625,95259132839000,15884375,22839000,6954625,95259120000000,1,1,0
1,5461,95259120000000,95259133106875,95259148916125,15809250,28916125,13106875,95259130000000,1,1,1
1,5462,95259140000000,95259149194625,95259163813750,14619125,23813750,9194625,95259150000000,1,1,0
1,5464,95259150000000,95259164665750,95259179876125,15210375,29876125,14665750,95259160000000,1,1,1
1,5466,95259170000000,95259180159000,95259196063125,15904125,26063125,10159000,95259180000000,1,1,1
1,5467,95259190000000,95259196336750,95259212266500,15929750,22266500,6336750,95259200000000,1,1,0
1,5469,95259200000000,95259212447625,95259228378250,15930625,28378250,12447625,95259210000000,1,1,1
1,5470,95259220000000,95259228551625,95259244407500,15855875,24407500,8551625,95259230000000,1,1,0
1,5472,95259230000000,95259244564125,95259259444250,14880125,29444250,14564125,95259240000000,1,1,1
1,5473,95259250000000,95259259625250,95259274856750,15231500,24856750,9625250,95259260000000,1,1,0
1,5475,95259260000000,95259275031000,95259290910375,15879375,30910375,15031000,95259270000000,1,1,1
1,5477,95259280000000,95259291082125,95259306974250,15892125,26974250,11082125,95259290000000,1,1,1
1,5478,95259300000000,95259307154750,95259322951750,15797000,22951750,7154750,95259310000000,1,1,0
1,5480,95259310000000,95259323132375,95259339010875,15878500,29010875,13132375,95259320000000,1,1,1
1,5481,95259330000000,95259339196750,95259354693625,15496875,24693625,9196750,95259340000000,1,1,0
1,5483,95259340000000,95259354888000,95259370104125,15216125,30104125,14888000,95259350000000,1,1,1
1,5485,95259360000000,95259370964625,95259386157500,15192875,26157500,10964625,95259370000000,1,1,1
1,5486,95259380000000,95259386323875,95259402193000,15869125,22193000,6323875,95259390000000,1,1,0
1,5488,95259390000000,95259402457000,95259418394125,15937125,28394125,12457000,95259400000000,1,1,1
1,5489,95259410000000,95259418585875,95259434414125,15828250,24414125,8585875,95259420000000,1,1,0
1,5491,95259420000000,95259434680000,95259449973000,15293000,29973000,14680000,95259430000000,1,1,1
1,5493,95259440000000,95259450164750,95259465261375,15096625,25261375,10164750,95259450000000,1,1,1
1,5494,95259460000000,95259465429250,95259479431500,14002250,19431500,5429250,95259470000000,1,1,0
1,5495,95259470000000,95259479634625,95259495597375,15962750,25597375,9634625,95259480000000,1,1,0
1,5497,95259480000000,95259495808750,95259511705250,15896500,31705250,15808750,95259490000000,1,1,1
1,5499,95259500000000,95259511910125,95259527852500,15942375,27852500,11910125,95259510000000,1,1,1
1,5500,95259520000000,95259528060500,95259543869750,15809250,23869750,8060500,95259530000000,1,1,0
1,5502,95259530000000,95259544103000,95259559904250,15801250,29904250,14103000,95259540000000,1,1,1
1,5504,95259550000000,95259560164375,95259575398250,15233875,25398250,10164375,95259560000000,1,1,1
1,5505,95259570000000,95259575708125,95259591633000,15924875,21633000,5708125,95259580000000,1,1,0
1,5507,95259580000000,95259591846250,95259607690125,15843875,27690125,11846250,95259590000000,1,1,1
1,5508,95259600000000,95259607888375,95259623270000,15381625,23270000,7888375,95259610000000,1,1,0
1,5510,95259610000000,95259623469625,95259638967875,15498250,28967875,13469625,95259620000000,1,1,1
1,5512,95259630000000,95259640061125,95259655919000,15857875,25919000,10061125,95259640000000,1,1,1
1,5513,95259650000000,95259656220500,95259671697500,15477000,21697500,6220500,95259660000000,1,1,0
1,5515,95259660000000,95259671929625,95259685368250,13438625,25368250,11929625,95259670000000,1,1,1
1,5516,95259680000000,95259685566500,95259701525500,15959000,21525500,5566500,95259690000000,1,1,0
1,5518,95259690000000,95259701702500,95259716384500,14682000,26384500,11702500,95259700000000,1,1,1
1,5519,95259710000000,95259716558750,95259732360625,15801875,22360625,6558750,95259720000000,1,1,0
1,5521,95259720000000,95259732625000,95259748606500,15981500,28606500,12625000,95259730000000,1,1,1
1,5522,95259740000000,95259748793875,95259764674875,15881000,24674875,8793875,95259750000000,1,1,0
1,5524,95259750000000,95259764833500,95259778990750,14157250,28990750,14833500,95259760000000,1,1,1
1,5525,95259770000000,95259779189500,95259795139625,15950125,25139625,9189500,95259780000000,1,1,0
1,5527,95259780000000,95259795338250,95259811248875,15910625,31248875,15338250,95259790000000,1,1,1
1,5529,95259800000000,95259811448875,95259827333375,15884500,27333375,11448875,95259810000000,1,1,1
1,5530,95259820000000,95259827645125,95259843105375,15460250,23105375,7645125,95259830000000,1,1,0
1,5532,95259830000000,95259843335875,95259859238125,15902250,29238125,13335875,95259840000000,1,1,1
1,5533,95259850000000,95259859414375,95259874091875,14677500,24091875,9414375,95259860000000,1,1,0
1,5535,95259860000000,95259874267000,95259890207625,15940625,30207625,14267000,95259870000000,1,1,1
1,5537,95259880000000,95259890475000,95259906029500,15554500,26029500,10475000,95259890000000,1,1,1
1,5538,95259900000000,95259906315875,95259921610750,15294875,21610750,6315875,95259910000000,1,1,0
1,5540,95259910000000,95259921795750,95259937728875,15933125,27728875,11795750,95259920000000,1,1,1
1,5541,95259930000000,95259937900125,95259953776875,15876750,23776875,7900125,95259940000000,1,1,0
1,5543,95259940000000,95259953948375,95259967914000,13965625,27914000,13948375,95259950000000,1,1,1
1,5544,95259960000000,95259968110750,95259983982375,15871625,23982375,8110750,95259970000000,1,1,0
1,5546,95259970000000,95259984180375,95259999599750,15419375,29599750,14180375,95259980000000,1,1,1
1,5547,95259990000000,95259999819375,95260015188875,15369500,25188875,9819375,95260000000000,1,1,0
1,5549,95260000000000,95260015375750,95260031234750,15859000,31234750,15375750,95260010000000,1,1,1
1,5551,95260020000000,95260031420125,95260047330500,15910375,27330500,11420125,95260030000000,1,1,1
1,5552,95260040000000,95260047507000,95260062689625,15182625,22689625,7507000,95260050000000,1,1,0
1,5554,95260050000000,95260062878875,95260078689625,15810750,28689625,12878875,95260060000000,1,1,1
1,5555,95260070000000,95260078859875,95260094747625,15887750,24747625,8859875,95260080000000,1,1,0
1,5557,95260080000000,95260094937500,95260110272250,15334750,30272250,14937500,95260090000000,1,1,1
1,5559,95260100000000,95260110432875,95260126362625,15929750,26362625,10432875,95260110000000,1,1,1
1,5560,95260120000000,95260126643375,95260141853750,15210375,21853750,6643375,95260130000000,1,1,0
1,5562,95260130000000,95260142050375,95260157275875,15225500,27275875,12050375,95260140000000,1,1,1
1,5563,95260150000000,95260157444750,95260173335500,15890750,23335500,7444750,95260160000000,1,1,0
1,5565,95260160000000,95260173511125,95260189187625,15676500,29187625,13511125,95260170000000,1,1,1
1,5566,95260180000000,95260189356375,95260205221750,15865375,25221750,9356375,95260190000000,1,1,0
1,5568,95260190000000,95260205378875,95260221285125,15906250,31285125,15378875,95260200000000,1,1,1
1,5570,95260210000000,95260221554125,95260237506625,15952500,27506625,11554125,95260220000000,1,1,1
1,5571,95260230000000,95260237685250,95260253145500,15460250,23145500,7685250,95260240000000,1,1,0
1,5573,95260240000000,95260253267125,95260268440375,15173250,28440375,13267125,95260250000000,1,1,1
1,5574,95260260000000,95260268704875,95260284669250,15964375,24669250,8704875,95260270000000,1,1,0
1,5576,95260270000000,95260285547625,95260301519875,15972250,31519875,15547625,95260280000000,1,1,1
1,5578,95260290000000,95260301703875,95260316963125,15259250,26963125,11703875,95260300000000,1,1,1
1,5579,95260310000000,95260317130000,95260332394250,15264250,22394250,7130000,95260320000000,1,1,0
1,5581,95260320000000,95260332547250,95260348471125,15923875,28471125,12547250,95260330000000,1,1,1
1,5582,95260340000000,95260348748375,95260363920750,15172375,23920750,8748375,95260350000000,1,1,0
1,5584,95260350000000,95260364784000,95260379998750,15214750,29998750,14784000,95260360000000,1,1,1
1,5586,95260370000000,95260380209125,95260396130000,15920875,26130000,10209125,95260380000000,1,1,1
1,5587,95260390000000,95260396284750,95260411579125,15294375,21579125,6284750,95260400000000,1,1,0
1,5589,95260400000000,95260411775250,95260427627875,15852625,27627875,11775250,95260410000000,1,1,1
1,5590,95260420000000,95260427822625,95260443108750,15286125,23108750,7822625,95260430000000,1,1,0
1,5592,95260430000000,95260443292750,95260459184375,15891625,29184375,13292750,95260440000000,1,1,1
1,5593,95260450000000,95260459354125,95260474528000,15173875,24528000,9354125,95260460000000,1,1,0
1,5595,95260460000000,95260474697250,95260490584125,15886875,30584125,14697250,95260470000000,1,1,1
1,5597,95260480000000,95260490862375,95260505409500,14547125,25409500,10862375,95260490000000,1,1,1
1,5598,95260500000000,95260505606250,95260521456375,15850125,21456375,5606250,95260510000000,1,1,0
1,5600,95260510000000,95260521802375,95260536964500,15162125,26964500,11802375,95260520000000,1,1,1
1,5601,95260530000000,95260537136750,95260553059125,15922375,23059125,7136750,95260540000000,1,1,0
1,5603,95260540000000,95260553228125,95260568435500,15207375,28435500,13228125,95260550000000,1,1,1
1,5604,95260560000000,95260568592125,95260583799625,15207500,23799625,8592125,95260570000000,1,1,0
1,5606,95260570000000,95260583999250,95260598867500,14868250,28867500,13999250,95260580000000,1,1,1
1,5607,95260590000000,95260599042750,95260614912000,15869250,24912000,9042750,95260600000000,1,1,0
1,5609,95260600000000,95260615091625,95260631000750,15909125,31000750,15091625,95260610000000,1,1,1
1,5611,95260620000000,95260631180875,95260647047250,15866375,27047250,11180875,95260630000000,1,1,1
1,5612,95260640000000,95260647219375,95260662464375,15245000,22464375,7219375,95260650000000,1,1,0
1,5614,95260650000000,95260662695500,95260678588875,15893375,28588875,12695500,95260660000000,1,1,1
1,5615,95260670000000,95260678778375,95260693461750,14683375,23461750,8778375,95260680000000,1,1,0
1,5617,95260680000000,95260693620000,95260709457750,15837750,29457750,13620000,95260690000000,1,1,1
1,5618,95260700000000,95260709621250,95260725545125,15923875,25545125,9621250,95260710000000,1,1,0
1,5620,95260710000000,95260725818875,95260741756375,15937500,31756375,15818875,95260720000000,1,1,1
1,5622,95260730000000,95260741944375,95260757110250,15165875,27110250,11944375,95260740000000,1,1,1
1,5623,95260750000000,95260757279125,95260773267000,15987875,23267000,7279125,95260760000000,1,1,0
1,5625,95260760000000,95260773444250,95260789331375,15887125,29331375,13444250,95260770000000,1,1,1
1,5626,95260780000000,95260789588500,95260805460250,15871750,25460250,9588500,95260790000000,1,1,0
1,5628,95260790000000,95260805646125,95260821136625,15490500,31136625,15646125,95260800000000,1,1,1
1,5630,95260810000000,95260821301125,95260837511375,16210250,27511375,11301125,95260820000000,1,1,1
1,5631,95260830000000,95260837714375,95260852897125,15182750,22897125,7714375,95260840000000,1,1,0
1,5633,95260840000000,95260853221500,95260868435375,15213875,28435375,13221500,95260850000000,1,1,1
1,5634,95260860000000,95260868617000,95260884491500,15874500,24491500,8617000,95260870000000,1,1,0
1,5636,95260870000000,95260884667750,95260899962625,15294875,29962625,14667750,95260880000000,1,1,1
1,5638,95260890000000,95260900256250,95260916158625,15902375,26158625,10256250,95260900000000,1,1,1
1,5639,95260910000000,95260916340750,95260931880500,15539750,21880500,6340750,95260920000000,1,1,0
1,5641,95260920000000,95260932821000,95260948523125,15702125,28523125,12821000,95260930000000,1,1,1
1,5642,95260940000000,95260948729250,95260963948750,15219500,23948750,8729250,95260950000000,1,1,0
1,5644,95260950000000,95260964744750,95260979402750,14658000,29402750,14744750,95260960000000,1,1,1
1,5645,95260970000000,95260979608250,95260994533750,14925500,24533750,9608250,95260980000000,1,1,0
1,5647,95260980000000,95260994712750,95261010621000,15908250,30621000,14712750,95260990000000,1,1,1
1,5649,95261000000000,95261010912000,95261026278500,15366500,26278500,10912000,95261010000000,1,1,1
1,5650,95261020000000,95261026475625,95261041951000,15475375,21951000,6475625,95261030000000,1,1,0
1,5652,95261030000000,95261042122000,95261057134125,15012125,27134125,12122000,95261040000000,1,1,1
1,5653,95261050000000,95261057292250,95261071972250,14680000,21972250,7292250,95261060000000,1,1,0
1,5655,95261060000000,95261072142000,95261088105000,15963000,28105000,12142000,95261070000000,1,1,1
1,5656,95261080000000,95261088262125,95261104099125,15837000,24099125,8262125,95261090000000,1,1,0
1,5658,95261090000000,95261104349000,95261118750750,14401750,28750750,14349000,95261100000000,1,1,1
1,5659,95261110000000,95261118962125,95261133707000,14744875,23707000,8962125,95261120000000,1,1,0
1,5661,95261120000000,95261133873000,95261149031625,15158625,29031625,13873000,95261130000000,1,1,1
1,5662,95261140000000,95261149295250,95261165179000,15883750,25179000,9295250,95261150000000,1,1,0
1,5664,95261150000000,95261165363500,95261180661750,15298250,30661750,15363500,95261160000000,1,1,1
1,5666,95261170000000,95261180829125,95261196086875,15257750,26086875,10829125,95261180000000,1,1,1
1,5667,95261190000000,95261196239250,95261212133750,15894500,22133750,6239250,95261200000000,1,1,0
1,5669,95261200000000,95261212300125,95261228237625,15937500,28237625,12300125,95261210000000,1,1,1
1,5670,95261220000000,95261228394750,95261242902000,14507250,22902000,8394750,95261230000000,1,1,0
1,5672,95261230000000,95261243067000,95261258968375,15901375,28968375,13067000,95261240000000,1,1,1
1,5673,95261250000000,95261259139250,95261275092750,15953500,25092750,9139250,95261260000000,1,1,0
1,5675,95261260000000,95261275285625,95261291149000,15863375,31149000,15285625,95261270000000,1,1,1
1,5677,95261280000000,95261291447625,95261306821500,15373875,26821500,11447625,95261290000000,1,1,1
1,5678,95261300000000,95261307019125,95261322973250,15954125,22973250,7019125,95261310000000,1,1,0
1,5680,95261310000000,95261323270000,95261337864125,14594125,27864125,13270000,95261320000000,1,1,1
1,5681,95261330000000,95261338048500,95261353943625,15895125,23943625,8048500,95261340000000,1,1,0
1,5683,95261340000000,95261354123625,95261369964125,15840500,29964125,14123625,95261350000000,1,1,1
1,5685,95261360000000,95261370131000,95261386066625,15935625,26066625,10131000,95261370000000,1,1,1
1,5686,95261380000000,95261386248625,95261402160250,15911625,22160250,6248625,95261390000000,1,1,0
1,5688,95261390000000,95261402327625,95261416971500,14643875,26971500,12327625,95261400000000,1,1,1
1,5689,95261410000000,95261417130625,95261431170875,14040250,21170875,7130625,95261420000000,1,1,0
1,5691,95261420000000,95261431378375,95261447341750,15963375,27341750,11378375,95261430000000,1,1,1
1,5692,95261440000000,95261447520250,95261463330500,15810250,23330500,7520250,95261450000000,1,1,0
1,5694,95261450000000,95261463639375,95261478955625,15316250,28955625,13639375,95261460000000,1,1,1
1,5695,95261470000000,95261479142125,95261494531125,15389000,24531125,9142125,95261480000000,1,1,0
1,5697,95261480000000,95261494710250,95261509956250,15246000,29956250,14710250,95261490000000,1,1,1
1,5699,95261500000000,95261510124750,95261524629375,14504625,24629375,10124750,95261510000000,1,1,1
1,5700,95261520000000,95261524790500,95261540733875,15943375,20733875,4790500,95261530000000,1,0,0
1,5702,95261530000000,95261540899875,95261556794875,15895000,26794875,10899875,95261540000000,1,1,1
1,5703,95261550000000,95261556966125,95261572247750,15281625,22247750,6966125,95261560000000,1,1,0
1,5705,95261560000000,95261573149625,95261588568875,15419250,28568875,13149625,95261570000000,1,1,1
1,5706,95261580000000,95261588759250,95261603506625,14747375,23506625,8759250,95261590000000,1,1,0
1,5708,95261590000000,95261603835000,95261617055375,13220375,27055375,13835000,95261600000000,1,1,1
1,5709,95261610000000,95261617234000,95261633018875,15784875,23018875,7234000,95261620000000,1,1,0
1,5711,95261620000000,95261633187625,95261649043250,15855625,29043250,13187625,95261630000000,1,1,1
1,5712,95261640000000,95261649199000,95261665099750,15900750,25099750,9199000,95261650000000,1,1,0
1,5714,95261650000000,95261665267125,95261681145250,15878125,31145250,15267125,95261660000000,1,1,1
1,5716,95261670000000,95261681308625,95261697236500,15927875,27236500,11308625,95261680000000,1,1,1
1,5717,95261690000000,95261697414750,95261712624500,15209750,22624500,7414750,95261700000000,1,1,0
1,5719,95261700000000,95261712893000,95261728097500,15204500,28097500,12893000,95261710000000,1,1,1
1,5720,95261720000000,95261728245875,95261744157000,15911125,24157000,8245875,95261730000000,1,1,0
1,5722,95261730000000,95261744329250,95261760153125,15823875,30153125,14329250,95261740000000,1,1,1
1,5724,95261750000000,95261760390250,95261776301500,15911250,26301500,10390250,95261760000000,1,1,1
1,5725,95261770000000,95261776475125,95261792446375,15971250,22446375,6475125,95261780000000,1,1,0
1,5727,95261780000000,95261792617125,95261808533250,15916125,28533250,12617125,95261790000000,1,1,1
1,5728,95261800000000,95261808789875,95261824261000,15471125,24261000,8789875,95261810000000,1,1,0
1,5730,95261810000000,95261824436625,95261839697375,15260750,29697375,14436625,95261820000000,1,1,1
1,5731,95261830000000,95261839904250,95261855747625,15843375,25747625,9904250,95261840000000,1,1,0
1,5733,95261840000000,95261855941750,95261871197625,15255875,31197625,15941750,95261850000000,1,1,1
1,5735,95261860000000,95261871383000,95261886773625,15390625,26773625,11383000,95261870000000,1,1,1
1,5736,95261880000000,95261886909750,95261902825750,15916000,22825750,6909750,95261890000000,1,1,0
1,5738,95261890000000,95261903009250,95261918183625,15174375,28183625,13009250,95261900000000,1,1,1
1,5739,95261910000000,95261918310000,95261933733125,15423125,23733125,8310000,95261920000000,1,1,0
1,5741,95261920000000,95261934017625,95261949940000,15922375,29940000,14017625,95261930000000,1,1,1
1,5743,95261940000000,95261950102625,95261965992875,15890250,25992875,10102625,95261950000000,1,1,1
1,5744,95261960000000,95261966152875,95261982020625,15867750,22020625,6152875,95261970000000,1,1,0
1,5746,95261970000000,95261982198625,95261996762500,14563875,26762500,12198625,95261980000000,1,1,1
1,5747,95261990000000,95261996924500,95262012168750,15244250,22168750,6924500,95262000000000,1,1,0
1,5749,95262000000000,95262012341375,95262028212500,15871125,28212500,12341375,95262010000000,1,1,1
1,5750,95262020000000,95262028372125,95262044250750,15878625,24250750,8372125,95262030000000,1,1,0
1,5752,95262030000000,95262044426750,95262060275500,15848750,30275500,14426750,95262040000000,1,1,1
1,5754,95262050000000,95262060444375,95262076378000,15933625,26378000,10444375,95262060000000,1,1,1
1,5755,95262070000000,95262076523375,95262091114125,14590750,21114125,6523375,95262080000000,1,1,0
1,5757,95262080000000,95262091293750,95262106554875,15261125,26554875,11293750,95262090000000,1,1,1
1,5758,95262100000000,95262106751500,95262122582625,15831125,22582625,6751500,95262110000000,1,1,0
1,5760,95262110000000,95262122779375,95262138614000,15834625,28614000,12779375,95262120000000,1,1,1
1,5761,95262130000000,95262138784250,95262154635500,15851250,24635500,8784250,95262140000000,1,1,0
1,5763,95262140000000,95262154821750,95262170733375,15911625,30733375,14821750,95262150000000,1,1,1
1,5765,95262160000000,95262170902750,95262186341125,15438375,26341125,10902750,95262170000000,1,1,1
1,5766,95262180000000,95262186527000,95262202404000,15877000,22404000,6527000,95262190000000,1,1,0
1,5768,95262190000000,95262202565625,95262217769125,15203500,27769125,12565625,95262200000000,1,1,1
1,5769,95262210000000,95262218635875,95262233290875,14655000,23290875,8635875,95262220000000,1,1,0
1,5771,95262220000000,95262233484250,95262248705375,15221125,28705375,13484250,95262230000000,1,1,1
1,5772,95262240000000,95262248874750,95262264696125,15821375,24696125,8874750,95262250000000,1,1,0
1,5774,95262250000000,95262264839500,95262280757625,15918125,30757625,14839500,95262260000000,1,1,1
1,5776,95262270000000,95262280924625,95262294517250,13592625,24517250,10924625,95262280000000,1,1,1
1,5777,95262290000000,95262294677875,95262310541250,15863375,20541250,4677875,95262300000000,1,0,0
1,5779,95262300000000,95262310723250,95262326144000,15420750,26144000,10723250,95262310000000,1,1,1
1,5780,95262320000000,95262326314250,95262341073750,14759500,21073750,6314250,95262330000000,1,1,0
1,5782,95262330000000,95262341245125,95262357044000,15798875,27044000,11245125,95262340000000,1,1,1
1,5783,95262350000000,95262357208000,95262372046125,14838125,22046125,7208000,95262360000000,1,1,0
1,5785,95262360000000,95262372208000,95262387387375,15179375,27387375,12208000,95262370000000,1,1,1
1,5786,95262380000000,95262387710500,95262403614625,15904125,23614625,7710500,95262390000000,1,1,0
1,5788,95262390000000,95262403819625,95262419672750,15853125,29672750,13819625,95262400000000,1,1,1
1,5789,95262410000000,95262419883000,95262435730375,15847375,25730375,9883000,95262420000000,1,1,0
1,5791,95262420000000,95262435932375,95262451757250,15824875,31757250,15932375,95262430000000,1,1,1
1,5793,95262440000000,95262451962500,95262467208125,15245625,27208125,11962500,95262450000000,1,1,1
1,5794,95262460000000,95262467395625,95262482586000,15190375,22586000,7395625,95262470000000,1,1,0
1,5796,95262470000000,95262482755875,95262497204125,14448250,27204125,12755875,95262480000000,1,1,1
1,5797,95262490000000,95262497332875,95262513217250,15884375,23217250,7332875,95262500000000,1,1,0
1,5799,95262500000000,95262513375875,95262529073250,15697375,29073250,13375875,95262510000000,1,1,1
1,5800,95262520000000,95262529325625,95262544768250,15442625,24768250,9325625,95262530000000,1,1,0
1,5802,95262530000000,95262544941375,95262560407625,15466250,30407625,14941375,95262540000000,1,1,1
1,5804,95262550000000,95262560585750,95262575749375,15163625,25749375,10585750,95262560000000,1,1,1
1,5805,95262570000000,95262575939750,95262591847000,15907250,21847000,5939750,95262580000000,1,1,0
1,5807,95262580000000,95262592063125,95262607897250,15834125,27897250,12063125,95262590000000,1,1,1
1,5808,95262600000000,95262608077250,95262622872375,14795125,22872375,8077250,95262610000000,1,1,0
1,5810,95262610000000,95262623184625,95262639142250,15957625,29142250,13184625,95262620000000,1,1,1
1,5811,95262630000000,95262639345750,95262654031125,14685375,24031125,9345750,95262640000000,1,1,0
1,5813,95262640000000,95262654174000,95262669437750,15263750,29437750,14174000,95262650000000,1,1,1
1,5814,95262660000000,95262669596375,95262685437750,15841375,25437750,9596375,95262670000000,1,1,0
1,5816,95262670000000,95262685628500,95262700542375,14913875,30542375,15628500,95262680000000,1,1,1
1,5818,95262690000000,95262700690625,95262716572000,15881375,26572000,10690625,95262700000000,1,1,1
1,5819,95262710000000,95262716759500,95262731386250,14626750,21386250,6759500,95262720000000,1,1,0
1,5821,95262720000000,95262731678625,95262747614625,15936000,27614625,11678625,95262730000000,1,1,1
1,5822,95262740000000,95262747796625,95262762964625,15168000,22964625,7796625,95262750000000,1,1,0
1,5824,95262750000000,95262763135375,95262778651875,15516500,28651875,13135375,95262760000000,1,1,1
1,5825,95262770000000,95262778831000,95262794667875,15836875,24667875,8831000,95262780000000,1,1,0
1,5827,95262780000000,95262794821625,95262810762625,15941000,30762625,14821625,95262790000000,1,1,1
1,5829,95262800000000,95262811057000,95262827193000,16136000,27193000,11057000,95262810000000,1,1,1
1,5830,95262820000000,95262827417000,95262843332500,15915500,23332500,7417000,95262830000000,1,1,0
1,5832,95262830000000,95262843525250,95262859026500,15501250,29026500,13525250,95262840000000,1,1,1
1,5834,95262850000000,95262860176750,95262875360750,15184000,25360750,10176750,95262860000000,1,1,1
1,5835,95262870000000,95262875574125,95262891452625,15878500,21452625,5574125,95262880000000,1,1,0
1,5837,95262880000000,95262891645375,95262907549250,15903875,27549250,11645375,95262890000000,1,1,1
1,5838,95262900000000,95262907726250,95262923551125,15824875,23551125,7726250,95262910000000,1,1,0
1,5840,95262910000000,95262923700500,95262938934750,15234250,28934750,13700500,95262920000000,1,1,1
1,5841,95262930000000,95262939245625,95262954853250,15607625,24853250,9245625,95262940000000,1,1,0
1,5843,95262940000000,95262955060750,95262970263375,15202625,30263375,15060750,95262950000000,1,1,1
1,5845,95262960000000,95262971124500,95262986359500,15235000,26359500,11124500,95262970000000,1,1,1
1,5846,95262980000000,95262986525375,95263002422000,15896625,22422000,6525375,95262990000000,1,1,0
1,5848,95262990000000,95263002598500,95263018501500,15903000,28501500,12598500,95263000000000,1,1,1
1,5849,95263010000000,95263018684375,95263034559125,15874750,24559125,8684375,95263020000000,1,1,0
1,5851,95263020000000,95263034731250,95263050645375,15914125,30645375,14731250,95263030000000,1,1,1
1,5853,95263040000000,95263050820625,95263066544375,15723750,26544375,10820625,95263050000000,1,1,1
1,5854,95263060000000,95263066743500,95263081947000,15203500,21947000,6743500,95263070000000,1,1,0
1,5856,95263070000000,95263082123250,95263097245375,15122125,27245375,12123250,95263080000000,1,1,1
1,5857,95263090000000,95263097409375,95263113350250,15940875,23350250,7409375,95263100000000,1,1,0
1,5859,95263100000000,95263113512750,95263128244500,14731750,28244500,13512750,95263110000000,1,1,1
1,5860,95263120000000,95263128507000,95263144370375,15863375,24370375,8507000,95263130000000,1,1,0
1,5862,95263130000000,95263144546125,95263160494875,15948750,30494875,14546125,95263140000000,1,1,1
1,5864,95263150000000,95263160660625,95263175782750,15122125,25782750,10660625,95263160000000,1,1,1
1,5865,95263170000000,95263175969750,95263191895625,15925875,21895625,5969750,95263180000000,1,1,0
1,5867,95263180000000,95263192046000,95263207897875,15851875,27897875,12046000,95263190000000,1,1,1
1,5868,95263200000000,95263208173250,95263224059500,15886250,24059500,8173250,95263210000000,1,1,0
1,5870,95263210000000,95263224218125,95263240037125,15819000,30037125,14218125,95263220000000,1,1,1
1,5872,95263230000000,95263240167875,95263256049875,15882000,26049875,10167875,95263240000000,1,1,1
1,5873,95263250000000,95263256192250,95263271685250,15493000,21685250,6192250,95263260000000,1,1,0
1,5875,95263260000000,95263271889625,95263287079750,15190125,27079750,11889625,95263270000000,1,1,1
1,5876,95263280000000,95263287264625,95263302676500,15411875,22676500,7264625,95263290000000,1,1,0
1,5878,95263290000000,95263302972750,95263318881500,15908750,28881500,12972750,95263300000000,1,1,1
1,5879,95263310000000,95263319081625,95263335011375,15929750,25011375,9081625,95263320000000,1,1,0
1,5881,95263320000000,95263335222625,95263351119625,15897000,31119625,15222625,95263330000000,1,1,1
1,5883,95263340000000,95263351307500,95263367244625,15937125,27244625,11307500,95263350000000,1,1,1
1,5884,95263360000000,95263367427625,95263382646750,15219125,22646750,7427625,95263370000000,1,1,0
1,5886,95263370000000,95263382899250,95263398710125,15810875,28710125,12899250,95263380000000,1,1,1
1,5887,95263390000000,95263398897125,95263414744500,15847375,24744500,8897125,95263400000000,1,1,0
1,5889,95263400000000,95263414918500,95263430831750,15913250,30831750,14918500,95263410000000,1,1,1
1,5891,95263420000000,95263431004000,95263446882500,15878500,26882500,11004000,95263430000000,1,1,1
1,5892,95263440000000,95263447070250,95263462916625,15846375,22916625,7070250,95263450000000,1,1,0
1,5894,95263450000000,95263463109875,95263477261375,14151500,27261375,13109875,95263460000000,1,1,1
1,5895,95263470000000,95263477355250,95263483314250,5959000,13314250,7355250,95263480000000,1,1,0
1,5896,95263480000000,95263483410875,95263489177625,5766750,9177625,3410875,95263490000000,0,0,0
1,5897,95263490000000,95263490065250,95263495792625,5727375,5792625,65250,95263500000000,0,0,0
1,5898,95263500000000,95263500064750,95263505818875,5754125,5818875,64750,95263510000000,0,0,0
1,5899,95263510000000,95263510101750,95263515844875,5743125,5844875,101750,95263520000000,0,0,0
1,5900,95263520000000,95263520064875,95263525768000,5703125,5768000,64875,95263530000000,0,0,0
1,5901,95263530000000,95263530090375,95263535846125,5755750,5846125,90375,95263540000000,0,0,0
1,5902,95263540000000,95263540105250,95263545654750,5549500,5654750,105250,95263550000000,0,0,0
1,5903,95263550000000,95263550123500,95263555846000,5722500,5846000,123500,95263560000000,0,0,0
1,5904,95263560000000,95263560108250,95263565749000,5640750,5749000,108250,95263570000000,0,0,0
1,5905,95263570000000,95263570148000,95263575874625,5726625,5874625,148000,95263580000000,0,0,0
1,5906,95263580000000,95263580109000,95263585533375,5424375,5533375,109000,95263590000000,0,0,0
1,5907,95263590000000,95263590092875,95263595868375,5775500,5868375,92875,95263600000000,0,0,0
1,5908,95263600000000,95263600107250,95263605527375,5420125,5527375,107250,95263610000000,0,0,0
1,5909,95263610000000,95263610100000,95263615864000,5764000,5864000,100000,95263620000000,0,0,0
1,5910,95263620000000,95263620104750,95263625774875,5670125,5774875,104750,95263630000000,0,0,0
1,5911,95263630000000,95263630102750,95263635757125,5654375,5757125,102750,95263640000000,0,0,0
1,5912,95263640000000,95263640092250,95263645608500,5516250,5608500,92250,95263650000000,0,0,0
1,5913,95263650000000,95263650100500,95263655722000,5621500,5722000,100500,95263660000000,0,0,0
1,5914,95263660000000,95263660132250,95263665680625,5548375,5680625,132250,95263670000000,0,0,0
1,5915,95263670000000,95263670101750,95263675756750,5655000,5756750,101750,95263680000000,0,0,0
1,5916,95263680000000,95263680101625,95263685588000,5486375,5588000,101625,95263690000000,0,0,0
1,5917,95263690000000,95263690098625,95263695395625,5297000,5395625,98625,95263700000000,0,0,0
1,5918,95263700000000,95263700105000,95263705727000,5622000,5727000,105000,95263710000000,0,0,0
1,5919,95263710000000,95263710090000,95263715885875,5795875,5885875,90000,95263720000000,0,0,0
1,5920,95263720000000,95263720088250,95263725616250,5528000,5616250,88250,95263730000000,0,0,0
1,5921,95263730000000,95263730081000,95263735786625,5705625,5786625,81000,95263740000000,0,0,0
1,5922,95263740000000,95263740112625,95263745651125,5538500,5651125,112625,95263750000000,0,0,0
1,5923,95263750000000,95263750114250,95263755901375,5787125,5901375,114250,95263760000000,0,0,0
1,5924,95263760000000,95263760114125,95263765675000,5560875,5675000,114125,95263770000000,0,0,0
1,5925,95263770000000,95263770123000,95263775792250,5669250,5792250,123000,95263780000000,0,0,0
1,5926,95263780000000,95263780110250,95263785731125,5620875,5731125,110250,95263790000000,0,0,0
1,5927,95263790000000,95263790084750,95263796093125,6008375,6093125,84750,95263800000000,0,0,0
1,5928,95263800000000,95263800091500,95263805736625,5645125,5736625,91500,95263810000000,0,0,0
1,5929,95263810000000,95263810103250,95263815761000,5657750,5761000,103250,95263820000000,0,0,0
1,5930,95263820000000,95263820107500,95263825867375,5759875,5867375,107500,95263830000000,0,0,0
1,5931,95263830000000,95263830110375,95263835885125,5774750,5885125,110375,95263840000000,0,0,0
1,5932,95263840000000,95263840068875,95263845737000,5668125,5737000,68875,95263850000000,0,0,0
1,5933,95263850000000,95263850105125,95263855841250,5736125,5841250,105125,95263860000000,0,0,0
1,5934,95263860000000,95263860124375,95263865770750,5646375,5770750,124375,95263870000000,0,0,0
1,5935,95263870000000,95263870101500,95263875921875,5820375,5921875,101500,95263880000000,0,0,0
1,5936,95263880000000,95263880130625,95263885715625,5585000,5715625,130625,95263890000000,0,0,0
1,5937,95263890000000,95263890108500,95263895906875,5798375,5906875,108500,95263900000000,0,0,0
1,5938,95263900000000,95263900109875,95263905656250,5546375,5656250,109875,95263910000000,0,0,0
1,5939,95263910000000,95263910109250,95263915775875,5666625,5775875,109250,95263920000000,0,0,0
1,5940,95263920000000,95263920086750,95263925745125,5658375,5745125,86750,95263930000000,0,0,0
1,5941,95263930000000,95263930106250,95263935937250,5831000,5937250,106250,95263940000000,0,0,0
1,5942,95263940000000,95263940092250,95263945714000,5621750,5714000,92250,95263950000000,0,0,0
1,5943,95263950000000,95263950100500,95263955946625,5846125,5946625,100500,95263960000000,0,0,0
1,5944,95263960000000,95263960093000,95263965541125,5448125,5541125,93000,95263970000000,0,0,0
1,5945,95263970000000,95263970097375,95263975891250,5793875,5891250,97375,95263980000000,0,0,0
1,5946,95263980000000,95263980112375,95263985812000,5699625,5812000,112375,95263990000000,0,0,0
1,5947,95263990000000,95263990104625,95263995956500,5851875,5956500,104625,95264000000000,0,0,0
1,5948,95264000000000,95264000092250,95264005885750,5793500,5885750,92250,95264010000000,0,0,0
1,5949,95264010000000,95264010091250,95264015908875,5817625,5908875,91250,95264020000000,0,0,0
1,5950,95264020000000,95264020110375,95264025613500,5503125,5613500,110375,95264030000000,0,0,0
1,5951,95264030000000,95264030120500,95264035930375,5809875,5930375,120500,95264040000000,0,0,0
1,5952,95264040000000,95264040109125,95264045861875,5752750,5861875,109125,95264050000000,0,0,0
1,5953,95264050000000,95264050125375,95264055928250,5802875,5928250,125375,95264060000000,0,0,0
1,5954,95264060000000,95264060111375,95264065608125,5496750,5608125,111375,95264070000000,0,0,0
1,5955,95264070000000,95264070107375,95264075909000,5801625,5909000,107375,95264080000000,0,0,0
1,5956,95264080000000,95264080110750,95264085791000,5680250,5791000,110750,95264090000000,0,0,0
1,5957,95264090000000,95264090106000,95264095853750,5747750,5853750,106000,95264100000000,0,0,0
1,5958,95264100000000,95264100108875,95264105857500,5748625,5857500,108875,95264110000000,0,0,0
1,5959,95264110000000,95264110105250,95264115772250,5667000,5772250,105250,95264120000000,0,0,0
1,5960,95264120000000,95264120126375,95264125923250,5796875,5923250,126375,95264130000000,0,0,0
1,5961,95264130000000,95264130068875,95264135797250,5728375,5797250,68875,95264140000000,0,0,0
1,5962,95264140000000,95264140111625,95264145641500,5529875,5641500,111625,95264150000000,0,0,0
1,5963,95264150000000,95264150101500,95264155856000,5754500,5856000,101500,95264160000000,0,0,0
1,5964,95264160000000,95264160112875,95264165736500,5623625,5736500,112875,95264170000000,0,0,0
1,5965,95264170000000,95264170102375,95264175735750,5633375,5735750,102375,95264180000000,0,0,0
1,5966,95264180000000,95264180109125,95264185845000,5735875,5845000,109125,95264190000000,0,0,0
1,5967,95264190000000,95264190101250,95264196134000,6032750,6134000,101250,95264200000000,0,0,0
1,5968,95264200000000,95264200093375,95264205631375,5538000,5631375,93375,95264210000000,0,0,0
1,5969,95264210000000,95264210122875,95264215782375,5659500,5782375,122875,95264220000000,0,0,0
1,5970,95264220000000,95264220111375,95264225573375,5462000,5573375,111375,95264230000000,0,0,0
1,5971,95264230000000,95264230119750,95264235774375,5654625,5774375,119750,95264240000000,0,0,0
1,5972,95264240000000,95264240111250,95264245760375,5649125,5760375,111250,95264250000000,0,0,0
1,5973,95264250000000,95264250101000,95264255927625,5826625,5927625,101000,95264260000000,0,0,0
1,5974,95264260000000,95264260108125,95264265738500,5630375,5738500,108125,95264270000000,0,0,0
1,5975,95264270000000,95264270105125,95264275780250,5675125,5780250,105125,95264280000000,0,0,0
1,5976,95264280000000,95264280111250,95264286003125,5891875,6003125,111250,95264290000000,0,0,0
1,5977,95264290000000,95264290106875,95264295973250,5866375,5973250,106875,95264300000000,0,0,0
1,5978,95264300000000,95264300092000,95264305688875,5596875,5688875,92000,95264310000000,0,0,0
1,5979,95264310000000,95264310106250,95264315829625,5723375,5829625,106250,95264320000000,0,0,0
1,5980,95264320000000,95264320073125,95264325798875,5725750,5798875,73125,95264330000000,0,0,0
1,5981,95264330000000,95264330104500,95264335950750,5846250,5950750,104500,95264340000000,0,0,0
1,5982,95264340000000,95264340092500,95264345854125,5761625,5854125,92500,95264350000000,0,0,0
1,5983,95264350000000,95264350113250,95264355882500,5769250,5882500,113250,95264360000000,0,0,0
1,5984,95264360000000,95264360128375,95264365923625,5795250,5923625,128375,95264370000000,0,0,0
1,5985,95264370000000,95264370105500,95264375795625,5690125,5795625,105500,95264380000000,0,0,0
1,5986,95264380000000,95264380111000,95264385783750,5672750,5783750,111000,95264390000000,0,0,0
1,5987,95264390000000,95264390102250,95264395967125,5864875,5967125,102250,95264400000000,0,0,0
1,5988,95264400000000,95264400089875,95264405708000,5618125,5708000,89875,95264410000000,0,0,0
1,5989,95264410000000,95264410101375,95264415852125,5750750,5852125,101375,95264420000000,0,0,0
1,5990,95264420000000,95264420105375,95264425801750,5696375,5801750,105375,95264430000000,0,0,0
1,5991,95264430000000,95264430103750,95264435949250,5845500,5949250,103750,95264440000000,0,0,0
1,5992,95264440000000,95264440090375,95264445745000,5654625,5745000,90375,95264450000000,0,0,0
1,5993,95264450000000,95264450123625,95264455813250,5689625,5813250,123625,95264460000000,0,0,0
1,5994,95264460000000,95264460107750,95264465820000,5712250,5820000,107750,95264470000000,0,0,0
1,5995,95264470000000,95264470103375,95264475987125,5883750,5987125,103375,95264480000000,0,0,0
1,5996,95264480000000,95264480092875,95264485768875,5676000,5768875,92875,95264490000000,0,0,0
1,5997,95264490000000,95264490098000,95264495956125,5858125,5956125,98000,95264500000000,0,0,0
1,5998,95264500000000,95264500088125,95264505878875,5790750,5878875,88125,95264510000000,0,0,0
1,5999,95264510000000,95264510101000,95264515882000,5781000,5882000,101000,95264520000000,0,0,0
