run_id,job_id,planned_release_ns,actual_start_ns,finish_ns,execution_time_ns,response_time_ns,release_jitter_ns,deadline_ns,deadline_miss,overrun,skipped_release
1,0,239883170000000,239883170077125,239883185940875,15863750,15940875,77125,239883180000000,1,0,0
1,1,239883180000000,239883186348875,239883201792500,15443625,21792500,6348875,239883190000000,1,1,0
1,3,239883190000000,239883201991500,239883217055625,15064125,27055625,11991500,239883200000000,1,1,1
1,4,239883210000000,239883217238625,239883233914000,16675375,23914000,7238625,239883220000000,1,1,0
1,6,239883220000000,239883234070625,239883248700875,14630250,28700875,14070625,239883230000000,1,1,1
1,7,239883240000000,239883248839500,239883264697375,15857875,24697375,8839500,239883250000000,1,1,0
1,9,239883250000000,239883264882375,239883280907875,16025500,30907875,14882375,239883260000000,1,1,1
1,11,239883270000000,239883281088875,239883296932625,15843750,26932625,11088875,239883280000000,1,1,1
1,12,239883290000000,239883297160375,239883312359250,15198875,22359250,7160375,239883300000000,1,1,0
1,14,239883300000000,239883312550500,239883327932750,15382250,27932750,12550500,239883310000000,1,1,1
1,15,239883320000000,239883328220250,239883342433125,14212875,22433125,8220250,239883330000000,1,1,0
1,17,239883330000000,239883342654250,239883358342000,15687750,28342000,12654250,239883340000000,1,1,1
1,18,239883350000000,239883358498625,239883373818875,15320250,23818875,8498625,239883360000000,1,1,0
1,20,239883360000000,239883373995500,239883389901250,15905750,29901250,13995500,239883370000000,1,1,1
1,22,239883380000000,239883390073500,239883405926125,15852625,25926125,10073500,239883390000000,1,1,1
1,23,239883400000000,239883406093125,239883421978750,15885625,21978750,6093125,239883410000000,1,1,0
1,25,239883410000000,239883422158875,239883436812625,14653750,26812625,12158875,239883420000000,1,1,1
1,26,239883430000000,239883436982000,239883452813500,15831500,22813500,6982000,239883440000000,1,1,0
1,28,239883440000000,239883452981375,239883468786625,15805250,28786625,12981375,239883450000000,1,1,1
1,29,239883460000000,239883468951625,239883484811000,15859375,24811000,8951625,239883470000000,1,1,0
1,31,239883470000000,239883484971625,239883500855500,15883875,30855500,14971625,239883480000000,1,1,1
1,33,239883490000000,239883501024375,239883515801000,14776625,25801000,11024375,239883500000000,1,1,1
1,34,239883510000000,239883515990750,239883529812875,13822125,19812875,5990750,239883520000000,1,1,0
1,35,239883520000000,239883529983125,239883545329750,15346625,25329750,9983125,239883530000000,1,1,0
1,37,239883530000000,239883545512375,239883561430375,15918000,31430375,15512375,239883540000000,1,1,1
1,39,239883550000000,239883561593750,239883576843750,15250000,26843750,11593750,239883560000000,1,1,1
1,40,239883570000000,239883577021625,239883592906125,15884500,22906125,7021625,239883580000000,1,1,0
1,42,239883580000000,239883593067250,239883608966250,15899000,28966250,13067250,239883590000000,1,1,1
1,43,239883600000000,239883609151625,239883623765375,14613750,23765375,9151625,239883610000000,1,1,0
1,45,239883610000000,239883623924500,239883639817000,15892500,29817000,13924500,239883620000000,1,1,1
1,46,239883630000000,239883639991250,239883655841875,15850625,25841875,9991250,239883640000000,1,1,0
1,48,239883640000000,239883656029750,239883671254875,15225125,31254875,16029750,239883650000000,1,1,1
1,50,239883660000000,239883671452000,239883687258750,15806750,27258750,11452000,239883670000000,1,1,1
1,51,239883680000000,239883687421750,239883702983000,15561250,22983000,7421750,239883690000000,1,1,0
1,53,239883690000000,239883703157875,239883718391625,15233750,28391625,13157875,239883700000000,1,1,1
1,54,239883710000000,239883718560500,239883734380500,15820000,24380500,8560500,239883720000000,1,1,0
1,56,239883720000000,239883734550125,239883750106125,15556000,30106125,14550125,239883730000000,1,1,1
1,58,239883740000000,239883750272125,239883765935875,15663750,25935875,10272125,239883750000000,1,1,1
1,59,239883760000000,239883766132125,239883781985125,15853000,21985125,6132125,239883770000000,1,1,0
1,61,239883770000000,239883783009875,239883797692750,14682875,27692750,13009875,239883780000000,1,1,1
1,62,239883790000000,239883797878375,239883812980250,15101875,22980250,7878375,239883800000000,1,1,0
1,64,239883800000000,239883813162875,239883829061375,15898500,29061375,13162875,239883810000000,1,1,1
1,65,239883820000000,239883829240000,239883843449500,14209500,23449500,9240000,239883830000000,1,1,0
1,67,239883830000000,239883843664250,239883858185125,14520875,28185125,13664250,239883840000000,1,1,1
1,68,239883850000000,239883858334500,239883874288500,15954000,24288500,8334500,239883860000000,1,1,0
1,70,239883860000000,239883874466250,239883890356375,15890125,30356375,14466250,239883870000000,1,1,1
1,72,239883880000000,239883890526250,239883905732250,15206000,25732250,10526250,239883890000000,1,1,1
1,73,239883900000000,239883905903000,239883920401500,14498500,20401500,5903000,239883910000000,1,1,0
1,75,239883910000000,239883920559250,239883936397125,15837875,26397125,10559250,239883920000000,1,1,1
1,76,239883930000000,239883936568375,239883952479625,15911250,22479625,6568375,239883940000000,1,1,0
1,78,239883940000000,239883952630500,239883968545500,15915000,28545500,12630500,239883950000000,1,1,1
1,79,239883960000000,239883968722750,239883984054125,15331375,24054125,8722750,239883970000000,1,1,0
1,81,239883970000000,239883984231750,239883999455750,15224000,29455750,14231750,239883980000000,1,1,1
1,82,239883990000000,239883999648625,239884014945375,15296750,24945375,9648625,239884000000000,1,1,0
1,84,239884000000000,239884015134750,239884030963500,15828750,30963500,15134750,239884010000000,1,1,1
1,86,239884020000000,239884031142000,239884045882625,14740625,25882625,11142000,239884030000000,1,1,1
1,87,239884040000000,239884046069000,239884061885500,15816500,21885500,6069000,239884050000000,1,1,0
1,89,239884050000000,239884062030000,239884077164625,15134625,27164625,12030000,239884060000000,1,1,1
1,90,239884070000000,239884077330250,239884091914125,14583875,21914125,7330250,239884080000000,1,1,0
1,92,239884080000000,239884092102375,239884107981875,15879500,27981875,12102375,239884090000000,1,1,1
1,93,239884100000000,239884108178000,239884124067750,15889750,24067750,8178000,239884110000000,1,1,0
1,95,239884110000000,239884124223125,239884140091625,15868500,30091625,14223125,239884120000000,1,1,1
1,97,239884130000000,239884140265875,239884156193625,15927750,26193625,10265875,239884140000000,1,1,1
1,98,239884150000000,239884156369750,239884172283375,15913625,22283375,6369750,239884160000000,1,1,0
1,100,239884160000000,239884172442000,239884187626625,15184625,27626625,12442000,239884170000000,1,1,1
1,101,239884180000000,239884187807625,239884203700750,15893125,23700750,7807625,239884190000000,1,1,0
1,103,239884190000000,239884203891125,239884219037625,15146500,29037625,13891125,239884200000000,1,1,1
1,104,239884210000000,239884219222625,239884235106875,15884250,25106875,9222625,239884220000000,1,1,0
1,106,239884220000000,239884235289875,239884250459750,15169875,30459750,15289875,239884230000000,1,1,1
1,108,239884240000000,239884250637375,239884265657125,15019750,25657125,10637375,239884250000000,1,1,1
1,109,239884260000000,239884265822000,239884281023625,15201625,21023625,5822000,239884270000000,1,1,0
1,111,239884270000000,239884281178500,239884296372625,15194125,26372625,11178500,239884280000000,1,1,1
1,112,239884290000000,239884296534250,239884312456625,15922375,22456625,6534250,239884300000000,1,1,0
1,114,239884300000000,239884312630375,239884327841750,15211375,27841750,12630375,239884310000000,1,1,1
1,115,239884320000000,239884328046875,239884343878750,15831875,23878750,8046875,239884330000000,1,1,0
1,117,239884330000000,239884344101250,239884359953375,15852125,29953375,14101250,239884340000000,1,1,1
1,119,239884350000000,239884360135125,239884374634000,14498875,24634000,10135125,239884360000000,1,1,1
1,120,239884370000000,239884374824250,239884390501250,15677000,20501250,4824250,239884380000000,1,0,0
1,122,239884380000000,239884390675000,239884406583625,15908625,26583625,10675000,239884390000000,1,1,1
1,123,239884400000000,239884406773250,239884422323625,15550375,22323625,6773250,239884410000000,1,1,0
1,125,239884410000000,239884423254125,239884439242000,15987875,29242000,13254125,239884420000000,1,1,1
1,126,239884430000000,239884439444000,239884455310875,15866875,25310875,9444000,239884440000000,1,1,0
1,128,239884440000000,239884455490875,239884471346875,15856000,31346875,15490875,239884450000000,1,1,1
1,130,239884460000000,239884471524500,239884486685750,15161250,26685750,11524500,239884470000000,1,1,1
1,131,239884480000000,239884486873000,239884502374375,15501375,22374375,6873000,239884490000000,1,1,0
1,133,239884490000000,239884502555875,239884517439375,14883500,27439375,12555875,239884500000000,1,1,1
1,134,239884510000000,239884517599500,239884533522750,15923250,23522750,7599500,239884520000000,1,1,0
1,136,239884520000000,239884533698125,239884549608625,15910500,29608625,13698125,239884530000000,1,1,1
1,137,239884540000000,239884549779375,239884564962500,15183125,24962500,9779375,239884550000000,1,1,0
1,139,239884550000000,239884565121625,239884579740625,14619000,29740625,15121625,239884560000000,1,1,1
1,140,239884570000000,239884579944750,239884595358125,15413375,25358125,9944750,239884580000000,1,1,0
1,142,239884580000000,239884595542125,239884611408250,15866125,31408250,15542125,239884590000000,1,1,1
1,144,239884600000000,239884611587875,239884627498125,15910250,27498125,11587875,239884610000000,1,1,1
1,145,239884620000000,239884627690625,239884643598125,15907500,23598125,7690625,239884630000000,1,1,0
1,147,239884630000000,239884643802625,239884659661125,15858500,29661125,13802625,239884640000000,1,1,1
1,148,239884650000000,239884659834500,239884674973500,15139000,24973500,9834500,239884660000000,1,1,0
1,150,239884660000000,239884675123875,239884691015000,15891125,31015000,15123875,239884670000000,1,1,1
1,152,239884680000000,239884691190125,239884706444625,15254500,26444625,11190125,239884690000000,1,1,1
1,153,239884700000000,239884706619250,239884722466500,15847250,22466500,6619250,239884710000000,1,1,0
1,155,239884710000000,239884722637250,239884737963375,15326125,27963375,12637250,239884720000000,1,1,1
1,156,239884730000000,239884738136125,239884754056625,15920500,24056625,8136125,239884740000000,1,1,0
1,158,239884740000000,239884754228250,239884769429500,15201250,29429500,14228250,239884750000000,1,1,1
1,159,239884760000000,239884769610125,239884785531500,15921375,25531500,9610125,239884770000000,1,1,0
1,161,239884770000000,239884785694000,239884801567125,15873125,31567125,15694000,239884780000000,1,1,1
1,163,239884790000000,239884801734500,239884817438250,15703750,27438250,11734500,239884800000000,1,1,1
1,164,239884810000000,239884817612000,239884833473375,15861375,23473375,7612000,239884820000000,1,1,0
1,166,239884820000000,239884833640375,239884849502250,15861875,29502250,13640375,239884830000000,1,1,1
1,167,239884840000000,239884849665625,239884865570500,15904875,25570500,9665625,239884850000000,1,1,0
1,169,239884850000000,239884865742750,239884880894625,15151875,30894625,15742750,239884860000000,1,1,1
1,171,239884870000000,239884881065000,239884896753250,15688250,26753250,11065000,239884880000000,1,1,1
1,172,239884890000000,239884896903875,239884912703375,15799500,22703375,6903875,239884900000000,1,1,0
1,174,239884900000000,239884912868250,239884928119750,15251500,28119750,12868250,239884910000000,1,1,1
1,175,239884920000000,239884928293000,239884944174875,15881875,24174875,8293000,239884930000000,1,1,0
1,177,239884930000000,239884944349000,239884960202625,15853625,30202625,14349000,239884940000000,1,1,1
1,179,239884950000000,239884960364250,239884975583875,15219625,25583875,10364250,239884960000000,1,1,1
1,180,239884970000000,239884975764000,239884991135500,15371500,21135500,5764000,239884980000000,1,1,0
1,182,239884980000000,239884991322250,239885007156875,15834625,27156875,11322250,239884990000000,1,1,1
1,183,239885000000000,239885007325375,239885022783625,15458250,22783625,7325375,239885010000000,1,1,0
1,185,239885010000000,239885022970625,239885038115625,15145000,28115625,12970625,239885020000000,1,1,1
1,186,239885030000000,239885039000750,239885054995875,15995125,24995875,9000750,239885040000000,1,1,0
1,188,239885040000000,239885055194500,239885071023250,15828750,31023250,15194500,239885050000000,1,1,1
1,190,239885060000000,239885071199000,239885086389250,15190250,26389250,11199000,239885070000000,1,1,1
1,191,239885080000000,239885086539125,239885102405375,15866250,22405375,6539125,239885090000000,1,1,0
1,193,239885090000000,239885102583500,239885118461000,15877500,28461000,12583500,239885100000000,1,1,1
1,194,239885110000000,239885118630000,239885134481000,15851000,24481000,8630000,239885120000000,1,1,0
1,196,239885120000000,239885134659625,239885150082375,15422750,30082375,14659625,239885130000000,1,1,1
1,198,239885140000000,239885150257500,239885166118875,15861375,26118875,10257500,239885150000000,1,1,1
1,199,239885160000000,239885166291625,239885180835500,14543875,20835500,6291625,239885170000000,1,1,0
1,201,239885170000000,239885181008750,239885196866875,15858125,26866875,11008750,239885180000000,1,1,1
1,202,239885190000000,239885197031625,239885212404625,15373000,22404625,7031625,239885200000000,1,1,0
1,204,239885200000000,239885212577875,239885227789750,15211875,27789750,12577875,239885210000000,1,1,1
1,205,239885220000000,239885228027375,239885243886875,15859500,23886875,8027375,239885230000000,1,1,0
1,207,239885230000000,239885244062125,239885259903875,15841750,29903875,14062125,239885240000000,1,1,1
1,209,239885250000000,239885260094750,239885275253500,15158750,25253500,10094750,239885260000000,1,1,1
1,210,239885270000000,239885275442750,239885291199375,15756625,21199375,5442750,239885280000000,1,1,0
1,212,239885280000000,239885291372125,239885306704500,15332375,26704500,11372125,239885290000000,1,1,1
1,213,239885300000000,239885306894750,239885322405875,15511125,22405875,6894750,239885310000000,1,1,0
1,215,239885310000000,239885322703500,239885338267250,15563750,28267250,12703500,239885320000000,1,1,1
1,216,239885330000000,239885338469750,239885353821750,15352000,23821750,8469750,239885340000000,1,1,0
1,218,239885340000000,239885354022750,239885369191250,15168500,29191250,14022750,239885350000000,1,1,1
1,219,239885360000000,239885369374750,239885385256625,15881875,25256625,9374750,239885370000000,1,1,0
1,221,239885370000000,239885385421625,239885399978500,14556875,29978500,15421625,239885380000000,1,1,1
1,223,239885390000000,239885400210875,239885415402625,15191750,25402625,10210875,239885400000000,1,1,1
1,224,239885410000000,239885415604375,239885430582875,14978500,20582875,5604375,239885420000000,1,1,0
1,226,239885420000000,239885430743875,239885446625875,15882000,26625875,10743875,239885430000000,1,1,1
1,227,239885440000000,239885446797750,239885461309750,14512000,21309750,6797750,239885450000000,1,1,0
1,229,239885450000000,239885461493250,239885477347875,15854625,27347875,11493250,239885460000000,1,1,1
1,230,239885470000000,239885477520125,239885493143875,15623750,23143875,7520125,239885480000000,1,1,0
1,232,239885480000000,239885493319125,239885509194125,15875000,29194125,13319125,239885490000000,1,1,1
1,233,239885500000000,239885509361625,239885524026875,14665250,24026875,9361625,239885510000000,1,1,0
1,235,239885510000000,239885524206125,239885540316250,16110125,30316250,14206125,239885520000000,1,1,1
1,237,239885530000000,239885540492875,239885555953125,15460250,25953125,10492875,239885540000000,1,1,1
1,238,239885550000000,239885556147875,239885572123000,15975125,22123000,6147875,239885560000000,1,1,0
1,240,239885560000000,239885572301125,239885588130750,15829625,28130750,12301125,239885570000000,1,1,1
1,241,239885580000000,239885588272000,239885604094625,15822625,24094625,8272000,239885590000000,1,1,0
1,243,239885590000000,239885604224875,239885620060000,15835125,30060000,14224875,239885600000000,1,1,1
1,245,239885610000000,239885620213250,239885636085875,15872625,26085875,10213250,239885620000000,1,1,1
1,246,239885630000000,239885636262125,239885650767375,14505250,20767375,6262125,239885640000000,1,1,0
1,248,239885640000000,239885651732000,239885666457875,14725875,26457875,11732000,239885650000000,1,1,1
1,249,239885660000000,239885667371625,239885682843500,15471875,22843500,7371625,239885670000000,1,1,0
1,251,239885670000000,239885683045875,239885698861000,15815125,28861000,13045875,239885680000000,1,1,1
1,252,239885690000000,239885699053750,239885713737250,14683500,23737250,9053750,239885700000000,1,1,0
1,254,239885700000000,239885713904625,239885729777125,15872500,29777125,13904625,239885710000000,1,1,1
1,255,239885720000000,239885729916250,239885745782500,15866250,25782500,9916250,239885730000000,1,1,0
1,257,239885730000000,239885745936000,239885759383125,13447125,29383125,15936000,239885740000000,1,1,1
1,258,239885750000000,239885759578500,239885773667375,14088875,23667375,9578500,239885760000000,1,1,0
1,260,239885760000000,239885773846000,239885789720500,15874500,29720500,13846000,239885770000000,1,1,1
1,261,239885780000000,239885789886000,239885805767875,15881875,25767875,9886000,239885790000000,1,1,0
1,263,239885790000000,239885805942125,239885820487375,14545250,30487375,15942125,239885800000000,1,1,1
1,265,239885810000000,239885820630500,239885834705750,14075250,24705750,10630500,239885820000000,1,1,1
1,266,239885830000000,239885834865375,239885850778625,15913250,20778625,4865375,239885840000000,1,0,0
1,268,239885840000000,239885850954750,239885866800500,15845750,26800500,10954750,239885850000000,1,1,1
1,269,239885860000000,239885866962000,239885882794625,15832625,22794625,6962000,239885870000000,1,1,0
1,271,239885870000000,239885882962500,239885898378250,15415750,28378250,12962500,239885880000000,1,1,1
1,272,239885890000000,239885898550125,239885914252875,15702750,24252875,8550125,239885900000000,1,1,0
1,274,239885900000000,239885914432500,239885929400875,14968375,29400875,14432500,239885910000000,1,1,1
1,275,239885920000000,239885929568250,239885943728125,14159875,23728125,9568250,239885930000000,1,1,0
1,277,239885930000000,239885943946250,239885959854000,15907750,29854000,13946250,239885940000000,1,1,1
1,279,239885950000000,239885960048250,239885975979375,15931125,25979375,10048250,239885960000000,1,1,1
1,280,239885970000000,239885976181875,239885992072000,15890125,22072000,6181875,239885980000000,1,1,0
1,282,239885980000000,239885992241000,239886006845750,14604750,26845750,12241000,239885990000000,1,1,1
1,283,239886000000000,239886007021000,239886022906750,15885750,22906750,7021000,239886010000000,1,1,0
1,285,239886010000000,239886023081000,239886038978500,15897500,28978500,13081000,239886020000000,1,1,1
1,286,239886030000000,239886039155750,239886054371875,15216125,24371875,9155750,239886040000000,1,1,0
1,288,239886040000000,239886054569125,239886070418250,15849125,30418250,14569125,239886050000000,1,1,1
1,290,239886060000000,239886070593125,239886085924875,15331750,25924875,10593125,239886070000000,1,1,1
1,291,239886080000000,239886086104125,239886101926875,15822750,21926875,6104125,239886090000000,1,1,0
1,293,239886090000000,239886102098250,239886117214500,15116250,27214500,12098250,239886100000000,1,1,1
1,294,239886110000000,239886117380875,239886133055375,15674500,23055375,7380875,239886120000000,1,1,0
1,296,239886120000000,239886133238875,239886148555750,15316875,28555750,13238875,239886130000000,1,1,1
1,297,239886140000000,239886148735250,239886164550250,15815000,24550250,8735250,239886150000000,1,1,0
1,299,239886150000000,239886164724500,239886180611750,15887250,30611750,14724500,239886160000000,1,1,1
1,301,239886170000000,239886180780250,239886195152500,14372250,25152500,10780250,239886180000000,1,1,1
1,302,239886190000000,239886195568375,239886210117125,14548750,20117125,5568375,239886200000000,1,1,0
1,304,239886200000000,239886210273750,239886226195250,15921500,26195250,10273750,239886210000000,1,1,1
1,305,239886220000000,239886226381750,239886241680375,15298625,21680375,6381750,239886230000000,1,1,0
1,307,239886230000000,239886241856625,239886257693625,15837000,27693625,11856625,239886240000000,1,1,1
1,308,239886250000000,239886257869750,239886272975750,15106000,22975750,7869750,239886260000000,1,1,0
1,310,239886260000000,239886273151000,239886288414125,15263125,28414125,13151000,239886270000000,1,1,1
1,312,239886280000000,239886290004875,239886303193125,13188250,23193125,10004875,239886290000000,1,1,1
1,313,239886300000000,239886303388500,239886319324375,15935875,19324375,3388500,239886310000000,1,0,0
1,314,239886310000000,239886319515125,239886335393750,15878625,25393750,9515125,239886320000000,1,1,0
1,316,239886320000000,239886335577250,239886351454625,15877375,31454625,15577250,239886330000000,1,1,1
1,318,239886340000000,239886351637000,239886367546000,15909000,27546000,11637000,239886350000000,1,1,1
1,319,239886360000000,239886367672375,239886383610375,15938000,23610375,7672375,239886370000000,1,1,0
1,321,239886370000000,239886383801625,239886398392875,14591250,28392875,13801625,239886380000000,1,1,1
1,322,239886390000000,239886398573000,239886414438250,15865250,24438250,8573000,239886400000000,1,1,0
1,324,239886400000000,239886414611875,239886430316750,15704875,30316750,14611875,239886410000000,1,1,1
1,326,239886420000000,239886430469875,239886446359250,15889375,26359250,10469875,239886430000000,1,1,1
1,327,239886440000000,239886446534375,239886462403500,15869125,22403500,6534375,239886450000000,1,1,0
1,329,239886450000000,239886462590000,239886477133875,14543875,27133875,12590000,239886460000000,1,1,1
1,330,239886470000000,239886477312375,239886492559375,15247000,22559375,7312375,239886480000000,1,1,0
1,332,239886480000000,239886492733625,239886507906125,15172500,27906125,12733625,239886490000000,1,1,1
1,333,239886500000000,239886508082250,239886523380875,15298625,23380875,8082250,239886510000000,1,1,0
1,335,239886510000000,239886523565875,239886539495250,15929375,29495250,13565875,239886520000000,1,1,1
1,336,239886530000000,239886539680625,239886554582625,14902000,24582625,9680625,239886540000000,1,1,0
1,338,239886540000000,239886554766125,239886570658250,15892125,30658250,14766125,239886550000000,1,1,1
1,340,239886560000000,239886570836000,239886586015500,15179500,26015500,10836000,239886570000000,1,1,1
1,341,239886580000000,239886586185875,239886601557875,15372000,21557875,6185875,239886590000000,1,1,0
1,343,239886590000000,239886601737000,239886617073750,15336750,27073750,11737000,239886600000000,1,1,1
1,344,239886610000000,239886617201125,239886633026500,15825375,23026500,7201125,239886620000000,1,1,0
1,346,239886620000000,239886633188000,239886649072750,15884750,29072750,13188000,239886630000000,1,1,1
1,347,239886640000000,239886649230875,239886664977625,15746750,24977625,9230875,239886650000000,1,1,0
1,349,239886650000000,239886665160750,239886680339375,15178625,30339375,15160750,239886660000000,1,1,1
1,351,239886670000000,239886680489125,239886695640000,15150875,25640000,10489125,239886680000000,1,1,1
1,352,239886690000000,239886695822625,239886711576250,15753625,21576250,5822625,239886700000000,1,1,0
1,354,239886700000000,239886711746375,239886726464500,14718125,26464500,11746375,239886710000000,1,1,1
1,355,239886720000000,239886726637250,239886742504000,15866750,22504000,6637250,239886730000000,1,1,0
1,357,239886730000000,239886742868000,239886758685625,15817625,28685625,12868000,239886740000000,1,1,1
1,358,239886750000000,239886758870500,239886774141875,15271375,24141875,8870500,239886760000000,1,1,0
1,360,239886760000000,239886774316125,239886790213625,15897500,30213625,14316125,239886770000000,1,1,1
1,362,239886780000000,239886790386875,239886805563125,15176250,25563125,10386875,239886790000000,1,1,1
1,363,239886800000000,239886805714500,239886821877875,16163375,21877875,5714500,239886810000000,1,1,0
1,365,239886810000000,239886822078375,239886837708625,15630250,27708625,12078375,239886820000000,1,1,1
1,366,239886830000000,239886837862750,239886853740375,15877625,23740375,7862750,239886840000000,1,1,0
1,368,239886840000000,239886853923750,239886869124000,15200250,29124000,13923750,239886850000000,1,1,1
1,369,239886860000000,239886869294250,239886885083500,15789250,25083500,9294250,239886870000000,1,1,0
1,371,239886870000000,239886885220125,239886901100000,15879875,31100000,15220125,239886880000000,1,1,1
1,373,239886890000000,239886901263625,239886917062375,15798750,27062375,11263625,239886900000000,1,1,1
1,374,239886910000000,239886917933000,239886933857375,15924375,23857375,7933000,239886920000000,1,1,0
1,376,239886920000000,239886934035125,239886949610875,15575750,29610875,14035125,239886930000000,1,1,1
1,377,239886940000000,239886949770625,239886965663250,15892625,25663250,9770625,239886950000000,1,1,0
1,379,239886950000000,239886965841750,239886979787875,13946125,29787875,15841750,239886960000000,1,1,1
1,381,239886970000000,239886980032875,239886995867375,15834500,25867375,10032875,239886980000000,1,1,1
1,382,239886990000000,239886996062750,239887011864000,15801250,21864000,6062750,239887000000000,1,1,0
1,384,239887000000000,239887012059750,239887027873750,15814000,27873750,12059750,239887010000000,1,1,1
1,385,239887020000000,239887028034375,239887043844875,15810500,23844875,8034375,239887030000000,1,1,0
1,387,239887030000000,239887044043500,239887059251500,15208000,29251500,14043500,239887040000000,1,1,1
1,388,239887050000000,239887059432125,239887073222500,13790375,23222500,9432125,239887060000000,1,1,0
1,390,239887060000000,239887073400625,239887089187250,15786625,29187250,13400625,239887070000000,1,1,1
1,391,239887080000000,239887089346500,239887104747750,15401250,24747750,9346500,239887090000000,1,1,0
1,393,239887090000000,239887104915625,239887119155375,14239750,29155375,14915625,239887100000000,1,1,1
1,394,239887110000000,239887119313500,239887135154875,15841375,25154875,9313500,239887120000000,1,1,0
1,396,239887120000000,239887135327125,239887150497625,15170500,30497625,15327125,239887130000000,1,1,1
1,398,239887140000000,239887150662500,239887165938375,15275875,25938375,10662500,239887150000000,1,1,1
1,399,239887160000000,239887166121750,239887182020250,15898500,22020250,6121750,239887170000000,1,1,0
1,401,239887170000000,239887182200125,239887198093500,15893375,28093500,12200125,239887180000000,1,1,1
1,402,239887190000000,239887198265250,239887214178875,15913625,24178875,8265250,239887200000000,1,1,0
1,404,239887200000000,239887214362875,239887230210625,15847750,30210625,14362875,239887210000000,1,1,1
1,406,239887220000000,239887230386750,239887245611875,15225125,25611875,10386750,239887230000000,1,1,1
1,407,239887240000000,239887245753500,239887260976125,15222625,20976125,5753500,239887250000000,1,1,0
1,409,239887250000000,239887261138000,239887276348000,15210000,26348000,11138000,239887260000000,1,1,1
1,410,239887270000000,239887276514875,239887291750625,15235750,21750625,6514875,239887280000000,1,1,0
1,412,239887280000000,239887291953625,239887307855625,15902000,27855625,11953625,239887290000000,1,1,1
1,413,239887300000000,239887308054250,239887323407125,15352875,23407125,8054250,239887310000000,1,1,0
1,415,239887310000000,239887323576000,239887339412000,15836000,29412000,13576000,239887320000000,1,1,1
1,416,239887330000000,239887339582250,239887354811250,15229000,24811250,9582250,239887340000000,1,1,0
1,418,239887340000000,239887354995375,239887369410250,14414875,29410250,14995375,239887350000000,1,1,1
1,419,239887360000000,239887369580625,239887384915500,15334875,24915500,9580625,239887370000000,1,1,0
1,421,239887370000000,239887385075125,239887400288500,15213375,30288500,15075125,239887380000000,1,1,1
1,423,239887390000000,239887400450875,239887415853125,15402250,25853125,10450875,239887400000000,1,1,1
1,424,239887410000000,239887416048375,239887430880125,14831750,20880125,6048375,239887420000000,1,1,0
1,426,239887420000000,239887431069500,239887446278375,15208875,26278375,11069500,239887430000000,1,1,1
1,427,239887440000000,239887446443500,239887461877250,15433750,21877250,6443500,239887450000000,1,1,0
1,429,239887450000000,239887462062250,239887477935375,15873125,27935375,12062250,239887460000000,1,1,1
1,430,239887470000000,239887478090500,239887493352125,15261625,23352125,8090500,239887480000000,1,1,0
1,432,239887480000000,239887493520500,239887508260125,14739625,28260125,13520500,239887490000000,1,1,1
1,433,239887500000000,239887508430375,239887523646750,15216375,23646750,8430375,239887510000000,1,1,0
1,435,239887510000000,239887523823250,239887537897250,14074000,27897250,13823250,239887520000000,1,1,1
1,437,239887530000000,239887544425500,239887560656250,16230750,30656250,14425500,239887540000000,1,1,1
1,439,239887550000000,239887560835000,239887576626500,15791500,26626500,10835000,239887560000000,1,1,1
1,440,239887570000000,239887576791375,239887592699250,15907875,22699250,6791375,239887580000000,1,1,0
1,442,239887580000000,239887592875375,239887608199000,15323625,28199000,12875375,239887590000000,1,1,1
1,443,239887600000000,239887608375250,239887623662250,15287000,23662250,8375250,239887610000000,1,1,0
1,445,239887610000000,239887623963500,239887639928750,15965250,29928750,13963500,239887620000000,1,1,1
1,447,239887630000000,239887640114125,239887655270875,15156750,25270875,10114125,239887640000000,1,1,1
1,448,239887650000000,239887655464625,239887671292875,15828250,21292875,5464625,239887660000000,1,1,0
1,450,239887660000000,239887671473000,239887687353875,15880875,27353875,11473000,239887670000000,1,1,1
1,451,239887680000000,239887687552875,239887702156250,14603375,22156250,7552875,239887690000000,1,1,0
1,453,239887690000000,239887702333500,239887718164125,15830625,28164125,12333500,239887700000000,1,1,1
1,454,239887710000000,239887718327125,239887734143625,15816500,24143625,8327125,239887720000000,1,1,0
1,456,239887720000000,239887734298375,239887748877875,14579500,28877875,14298375,239887730000000,1,1,1
1,457,239887740000000,239887749054500,239887764951500,15897000,24951500,9054500,239887750000000,1,1,0
1,459,239887750000000,239887765129625,239887780846625,15717000,30846625,15129625,239887760000000,1,1,1
1,461,239887770000000,239887781009500,239887796292125,15282625,26292125,11009500,239887780000000,1,1,1
1,462,239887790000000,239887796462500,239887812634250,16171750,22634250,6462500,239887800000000,1,1,0
1,464,239887800000000,239887812850375,239887828175625,15325250,28175625,12850375,239887810000000,1,1,1
1,465,239887820000000,239887828357625,239887843543125,15185500,23543125,8357625,239887830000000,1,1,0
1,467,239887830000000,239887843730000,239887859090250,15360250,29090250,13730000,239887840000000,1,1,1
1,468,239887850000000,239887859264625,239887874452500,15187875,24452500,9264625,239887860000000,1,1,0
1,470,239887860000000,239887874643000,239887890475375,15832375,30475375,14643000,239887870000000,1,1,1
1,472,239887880000000,239887890651125,239887906533000,15881875,26533000,10651125,239887890000000,1,1,1
1,473,239887900000000,239887906717375,239887922004000,15286625,22004000,6717375,239887910000000,1,1,0
1,475,239887910000000,239887922186625,239887937259750,15073125,27259750,12186625,239887920000000,1,1,1
1,476,239887930000000,239887937414500,239887953256375,15841875,23256375,7414500,239887940000000,1,1,0
1,478,239887940000000,239887953425750,239887969319875,15894125,29319875,13425750,239887950000000,1,1,1
1,479,239887960000000,239887969502875,239887984672750,15169875,24672750,9502875,239887970000000,1,1,0
1,481,239887970000000,239887984837750,239888000640500,15802750,30640500,14837750,239887980000000,1,1,1
1,483,239887990000000,239888000799250,239888016619000,15819750,26619000,10799250,239888000000000,1,1,1
1,484,239888010000000,239888016775375,239888031971000,15195625,21971000,6775375,239888020000000,1,1,0
1,486,239888020000000,239888032156500,239888047348000,15191500,27348000,12156500,239888030000000,1,1,1
1,487,239888040000000,239888047542625,239888062821875,15279250,22821875,7542625,239888050000000,1,1,0
1,489,239888050000000,239888063008875,239888078893625,15884750,28893625,13008875,239888060000000,1,1,1
1,490,239888070000000,239888079068375,239888093570125,14501750,23570125,9068375,239888080000000,1,1,0
1,492,239888080000000,239888093728875,239888108964625,15235750,28964625,13728875,239888090000000,1,1,1
1,493,239888100000000,239888109120250,239888124286250,15166000,24286250,9120250,239888110000000,1,1,0
1,495,239888110000000,239888124452250,239888140346750,15894500,30346750,14452250,239888120000000,1,1,1
1,497,239888130000000,239888140501500,239888156254000,15752500,26254000,10501500,239888140000000,1,1,1
1,498,239888150000000,239888156409625,239888172254500,15844875,22254500,6409625,239888160000000,1,1,0
1,500,239888160000000,239888173128125,239888187948625,14820500,27948625,13128125,239888170000000,1,1,1
1,501,239888180000000,239888188128125,239888203986125,15858000,23986125,8128125,239888190000000,1,1,0
1,503,239888190000000,239888204235500,239888219373750,15138250,29373750,14235500,239888200000000,1,1,1
1,504,239888210000000,239888219544000,239888235464000,15920000,25464000,9544000,239888220000000,1,1,0
1,506,239888220000000,239888235654750,239888251572750,15918000,31572750,15654750,239888230000000,1,1,1
1,508,239888240000000,239888251724625,239888267158000,15433375,27158000,11724625,239888250000000,1,1,1
1,509,239888260000000,239888267354125,239888283163875,15809750,23163875,7354125,239888270000000,1,1,0
1,511,239888270000000,239888283338125,239888299222875,15884750,29222875,13338125,239888280000000,1,1,1
1,512,239888290000000,239888299411250,239888315325375,15914125,25325375,9411250,239888300000000,1,1,0
1,514,239888300000000,239888315509875,239888328841500,13331625,28841500,15509875,239888310000000,1,1,1
1,515,239888320000000,239888329033375,239888344790750,15757375,24790750,9033375,239888330000000,1,1,0
1,517,239888330000000,239888344940625,239888360317000,15376375,30317000,14940625,239888340000000,1,1,1
1,519,239888350000000,239888360487125,239888376319375,15832250,26319375,10487125,239888360000000,1,1,1
1,520,239888370000000,239888376478000,239888392341750,15863750,22341750,6478000,239888380000000,1,1,0
1,522,239888380000000,239888392505750,239888406673875,14168125,26673875,12505750,239888390000000,1,1,1
1,523,239888400000000,239888406857875,239888421373500,14515625,21373500,6857875,239888410000000,1,1,0
1,525,239888410000000,239888421538750,239888437199625,15660875,27199625,11538750,239888420000000,1,1,1
1,526,239888430000000,239888437370000,239888453096625,15726625,23096625,7370000,239888440000000,1,1,0
1,528,239888440000000,239888453264000,239888468558000,15294000,28558000,13264000,239888450000000,1,1,1
1,529,239888460000000,239888468729250,239888484379375,15650125,24379375,8729250,239888470000000,1,1,0
1,531,239888470000000,239888484536500,239888499673375,15136875,29673375,14536500,239888480000000,1,1,1
1,532,239888490000000,239888499836250,239888515786875,15950625,25786875,9836250,239888500000000,1,1,0
1,534,239888500000000,239888515992375,239888531777625,15785250,31777625,15992375,239888510000000,1,1,1
1,536,239888520000000,239888531971000,239888547809375,15838375,27809375,11971000,239888530000000,1,1,1
1,537,239888540000000,239888547989000,239888563886000,15897000,23886000,7989000,239888550000000,1,1,0
1,539,239888550000000,239888564193500,239888580129125,15935625,30129125,14193500,239888560000000,1,1,1
1,541,239888570000000,239888580317000,239888596195375,15878375,26195375,10317000,239888580000000,1,1,1
1,542,239888590000000,239888596349500,239888611549250,15199750,21549250,6349500,239888600000000,1,1,0
1,544,239888600000000,239888611728375,239888627160750,15432375,27160750,11728375,239888610000000,1,1,1
1,545,239888620000000,239888627358000,239888643188625,15830625,23188625,7358000,239888630000000,1,1,0
1,547,239888630000000,239888643361375,239888659218375,15857000,29218375,13361375,239888640000000,1,1,1
1,548,239888650000000,239888659396375,239888675296000,15899625,25296000,9396375,239888660000000,1,1,0
1,550,239888660000000,239888675483375,239888691399500,15916125,31399500,15483375,239888670000000,1,1,1
1,552,239888680000000,239888691576625,239888706384500,14807875,26384500,11576625,239888690000000,1,1,1
1,553,239888700000000,239888706561625,239888721725250,15163625,21725250,6561625,239888710000000,1,1,0
1,555,239888710000000,239888721881875,239888737830125,15948250,27830125,11881875,239888720000000,1,1,1
1,556,239888730000000,239888737994500,239888753792250,15797750,23792250,7994500,239888740000000,1,1,0
1,558,239888740000000,239888753968625,239888769759750,15791125,29759750,13968625,239888750000000,1,1,1
1,559,239888760000000,239888769926750,239888785852000,15925250,25852000,9926750,239888770000000,1,1,0
1,561,239888770000000,239888786129250,239888800679875,14550625,30679875,16129250,239888780000000,1,1,1
1,563,239888790000000,239888802249750,239888817277000,15027250,27277000,12249750,239888800000000,1,1,1
1,564,239888810000000,239888817447500,239888833474750,16027250,23474750,7447500,239888820000000,1,1,0
1,566,239888820000000,239888833654375,239888849563625,15909250,29563625,13654375,239888830000000,1,1,1
1,567,239888840000000,239888849727625,239888865581125,15853500,25581125,9727625,239888850000000,1,1,0
1,569,239888850000000,239888865758500,239888881661625,15903125,31661625,15758500,239888860000000,1,1,1
1,571,239888870000000,239888881829000,239888897758250,15929250,27758250,11829000,239888880000000,1,1,1
1,572,239888890000000,239888897931000,239888912961000,15030000,22961000,7931000,239888900000000,1,1,0
1,574,239888900000000,239888913127875,239888928984375,15856500,28984375,13127875,239888910000000,1,1,1
1,575,239888920000000,239888929128375,239888943444750,14316375,23444750,9128375,239888930000000,1,1,0
1,577,239888930000000,239888943629250,239888958189125,14559875,28189125,13629250,239888940000000,1,1,1
1,578,239888950000000,239888958366375,239888974226750,15860375,24226750,8366375,239888960000000,1,1,0
1,580,239888960000000,239888974400500,239888990322000,15921500,30322000,14400500,239888970000000,1,1,1
1,582,239888980000000,239888990503875,239889005691000,15187125,25691000,10503875,239888990000000,1,1,1
1,583,239889000000000,239889005843625,239889020414875,14571250,20414875,5843625,239889010000000,1,1,0
1,585,239889010000000,239889020585125,239889035421375,14836250,25421375,10585125,239889020000000,1,1,1
1,586,239889030000000,239889035613625,239889051110875,15497250,21110875,5613625,239889040000000,1,1,0
1,588,239889040000000,239889051307125,239889067215875,15908750,27215875,11307125,239889050000000,1,1,1
1,589,239889060000000,239889067383250,239889083278250,15895000,23278250,7383250,239889070000000,1,1,0
1,591,239889070000000,239889083451125,239889098700500,15249375,28700500,13451125,239889080000000,1,1,1
1,592,239889090000000,239889098874000,239889114776125,15902125,24776125,8874000,239889100000000,1,1,0
1,594,239889100000000,239889114971875,239889130839125,15867250,30839125,14971875,239889110000000,1,1,1
1,596,239889120000000,239889131002875,239889146874250,15871375,26874250,11002875,239889130000000,1,1,1
1,597,239889140000000,239889147053375,239889162434625,15381250,22434625,7053375,239889150000000,1,1,0
1,599,239889150000000,239889162595250,239889177915375,15320125,27915375,12595250,239889160000000,1,1,1
1,600,239889170000000,239889178093375,239889191973750,13880375,21973750,8093375,239889180000000,1,1,0
1,602,239889180000000,239889192168875,239889206475000,14306125,26475000,12168875,239889190000000,1,1,1
1,603,239889200000000,239889206791750,239889222670250,15878500,22670250,6791750,239889210000000,1,1,0
1,605,239889210000000,239889222886000,239889238767375,15881375,28767375,12886000,239889220000000,1,1,1
1,606,239889230000000,239889238949875,239889254791750,15841875,24791750,8949875,239889240000000,1,1,0
1,608,239889240000000,239889254969500,239889270868875,15899375,30868875,14969500,239889250000000,1,1,1
1,610,239889260000000,239889271039250,239889284356250,13317000,24356250,11039250,239889270000000,1,1,1
1,611,239889280000000,239889284527000,239889300315750,15788750,20315750,4527000,239889290000000,1,0,0
1,613,239889290000000,239889300470875,239889316389375,15918500,26389375,10470875,239889300000000,1,1,1
1,614,239889310000000,239889316560625,239889331852625,15292000,21852625,6560625,239889320000000,1,1,0
1,616,239889320000000,239889332054125,239889347942875,15888750,27942875,12054125,239889330000000,1,1,1
1,617,239889340000000,239889348169000,239889362613125,14444125,22613125,8169000,239889350000000,1,1,0
1,619,239889350000000,239889362748750,239889377377625,14628875,27377625,12748750,239889360000000,1,1,1
1,620,239889370000000,239889377536250,239889393408750,15872500,23408750,7536250,239889380000000,1,1,0
1,622,239889380000000,239889393572750,239889409409250,15836500,29409250,13572750,239889390000000,1,1,1
1,623,239889400000000,239889409581625,239889425467375,15885750,25467375,9581625,239889410000000,1,1,0
1,625,239889410000000,239889426352500,239889442446250,16093750,32446250,16352500,239889420000000,1,1,1
1,627,239889430000000,239889442645375,239889457207750,14562375,27207750,12645375,239889440000000,1,1,1
1,628,239889450000000,239889458063625,239889473279875,15216250,23279875,8063625,239889460000000,1,1,0
1,630,239889460000000,239889473440500,239889489308250,15867750,29308250,13440500,239889470000000,1,1,1
1,631,239889480000000,239889489479000,239889504592375,15113375,24592375,9479000,239889490000000,1,1,0
1,633,239889490000000,239889504750875,239889520608500,15857625,30608500,14750875,239889500000000,1,1,1
1,635,239889510000000,239889520776375,239889536683125,15906750,26683125,10776375,239889520000000,1,1,1
1,636,239889530000000,239889536854375,239889550391500,13537125,20391500,6854375,239889540000000,1,1,0
1,638,239889540000000,239889550570625,239889565706000,15135375,25706000,10570625,239889550000000,1,1,1
1,639,239889560000000,239889565849875,239889581495500,15645625,21495500,5849875,239889570000000,1,1,0
1,641,239889570000000,239889581684000,239889597412125,15728125,27412125,11684000,239889580000000,1,1,1
1,642,239889590000000,239889597613750,239889612297125,14683375,22297125,7613750,239889600000000,1,1,0
1,644,239889600000000,239889612477625,239889628350750,15873125,28350750,12477625,239889610000000,1,1,1
1,645,239889620000000,239889628519125,239889643697375,15178250,23697375,8519125,239889630000000,1,1,0
1,647,239889630000000,239889643879375,239889659201500,15322125,29201500,13879375,239889640000000,1,1,1
1,648,239889650000000,239889659385500,239889675268000,15882500,25268000,9385500,239889660000000,1,1,0
1,650,239889660000000,239889675456250,239889691295250,15839000,31295250,15456250,239889670000000,1,1,1
1,652,239889680000000,239889691485625,239889706828750,15343125,26828750,11485625,239889690000000,1,1,1
1,653,239889700000000,239889707016625,239889721438375,14421750,21438375,7016625,239889710000000,1,1,0
1,655,239889710000000,239889721592250,239889736827500,15235250,26827500,11592250,239889720000000,1,1,1
1,656,239889730000000,239889736998750,239889751602625,14603875,21602625,6998750,239889740000000,1,1,0
1,658,239889740000000,239889751804125,239889766990750,15186625,26990750,11804125,239889750000000,1,1,1
1,659,239889760000000,239889767168500,239889782970625,15802125,22970625,7168500,239889770000000,1,1,0
1,661,239889770000000,239889783153375,239889799030250,15876875,29030250,13153375,239889780000000,1,1,1
1,662,239889790000000,239889799206375,239889815010750,15804375,25010750,9206375,239889800000000,1,1,0
1,664,239889800000000,239889815179500,239889830420250,15240750,30420250,15179500,239889810000000,1,1,1
1,666,239889820000000,239889830599875,239889845879625,15279750,25879625,10599875,239889830000000,1,1,1
1,667,239889840000000,239889846035750,239889861987875,15952125,21987875,6035750,239889850000000,1,1,0
1,669,239889850000000,239889862183625,239889877386750,15203125,27386750,12183625,239889860000000,1,1,1
1,670,239889870000000,239889877545875,239889893459500,15913625,23459500,7545875,239889880000000,1,1,0
1,672,239889880000000,239889893628250,239889908990375,15362125,28990375,13628250,239889890000000,1,1,1
1,673,239889900000000,239889909142125,239889923161500,14019375,23161500,9142125,239889910000000,1,1,0
1,675,239889910000000,239889923345375,239889939211250,15865875,29211250,13345375,239889920000000,1,1,1
1,676,239889930000000,239889939393250,239889955249250,15856000,25249250,9393250,239889940000000,1,1,0
1,678,239889940000000,239889955432250,239889970606625,15174375,30606625,15432250,239889950000000,1,1,1
1,680,239889960000000,239889970786125,239889986268375,15482250,26268375,10786125,239889970000000,1,1,1
1,681,239889980000000,239889986441625,239890002328000,15886375,22328000,6441625,239889990000000,1,1,0
1,683,239889990000000,239890002496375,239890017694625,15198250,27694625,12496375,239890000000000,1,1,1
1,684,239890010000000,239890017862000,239890033761375,15899375,23761375,7862000,239890020000000,1,1,0
1,686,239890020000000,239890033918000,239890049796000,15878000,29796000,13918000,239890030000000,1,1,1
1,688,239890040000000,239890050694500,239890066667125,15972625,26667125,10694500,239890050000000,1,1,1
1,689,239890060000000,239890066854625,239890082780375,15925750,22780375,6854625,239890070000000,1,1,0
1,691,239890070000000,239890082959500,239890098087875,15128375,28087875,12959500,239890080000000,1,1,1
1,692,239890090000000,239890098263000,239890112189625,13926625,22189625,8263000,239890100000000,1,1,0
1,694,239890100000000,239890112337000,239890127602500,15265500,27602500,12337000,239890110000000,1,1,1
1,695,239890120000000,239890127796875,239890141875125,14078250,21875125,7796875,239890130000000,1,1,0
1,697,239890130000000,239890142050875,239890157910750,15859875,27910750,12050875,239890140000000,1,1,1
1,698,239890150000000,239890158085375,239890173944375,15859000,23944375,8085375,239890160000000,1,1,0
1,700,239890160000000,239890174115125,239890189961000,15845875,29961000,14115125,239890170000000,1,1,1
1,702,239890180000000,239890190128375,239890205314875,15186500,25314875,10128375,239890190000000,1,1,1
1,703,239890200000000,239890205484250,239890221262625,15778375,21262625,5484250,239890210000000,1,1,0
1,705,239890210000000,239890221445750,239890236608750,15163000,26608750,11445750,239890220000000,1,1,1
1,706,239890230000000,239890236779625,239890252685375,15905750,22685375,6779625,239890240000000,1,1,0
1,708,239890240000000,239890252858000,239890268701500,15843500,28701500,12858000,239890250000000,1,1,1
1,709,239890260000000,239890268868375,239890284179875,15311500,24179875,8868375,239890270000000,1,1,0
1,711,239890270000000,239890284345250,239890299528750,15183500,29528750,14345250,239890280000000,1,1,1
1,712,239890290000000,239890299718250,239890315642500,15924250,25642500,9718250,239890300000000,1,1,0
1,714,239890300000000,239890315824375,239890331652750,15828375,31652750,15824375,239890310000000,1,1,1
1,716,239890320000000,239890331766000,239890347583500,15817500,27583500,11766000,239890330000000,1,1,1
1,717,239890340000000,239890347781625,239890363703500,15921875,23703500,7781625,239890350000000,1,1,0
1,719,239890350000000,239890363888000,239890379816750,15928750,29816750,13888000,239890360000000,1,1,1
1,721,239890370000000,239890380029500,239890395798625,15769125,25798625,10029500,239890380000000,1,1,1
1,722,239890390000000,239890395977750,239890411147750,15170000,21147750,5977750,239890400000000,1,1,0
1,724,239890400000000,239890411346250,239890426221000,14874750,26221000,11346250,239890410000000,1,1,1
1,725,239890420000000,239890426394250,239890441610625,15216375,21610625,6394250,239890430000000,1,1,0
1,727,239890430000000,239890441773000,239890457695375,15922375,27695375,11773000,239890440000000,1,1,1
1,728,239890450000000,239890457874125,239890473753500,15879375,23753500,7874125,239890460000000,1,1,0
1,730,239890460000000,239890473919375,239890488680125,14760750,28680125,13919375,239890470000000,1,1,1
1,731,239890480000000,239890489476875,239890504608625,15131750,24608625,9476875,239890490000000,1,1,0
1,733,239890490000000,239890504762625,239890519993375,15230750,29993375,14762625,239890500000000,1,1,1
1,735,239890510000000,239890520164625,239890535945000,15780375,25945000,10164625,239890520000000,1,1,1
1,736,239890530000000,239890536124125,239890551413125,15289000,21413125,6124125,239890540000000,1,1,0
1,738,239890540000000,239890551618000,239890567459875,15841875,27459875,11618000,239890550000000,1,1,1
1,739,239890560000000,239890567642375,239890582228250,14585875,22228250,7642375,239890570000000,1,1,0
1,741,239890570000000,239890583110125,239890597553500,14443375,27553500,13110125,239890580000000,1,1,1
1,742,239890590000000,239890597715375,239890613583125,15867750,23583125,7715375,239890600000000,1,1,0
1,744,239890600000000,239890613773500,239890629733500,15960000,29733500,13773500,239890610000000,1,1,1
1,745,239890620000000,239890629921375,239890645766250,15844875,25766250,9921375,239890630000000,1,1,0
1,747,239890630000000,239890645944250,239890661610000,15665750,31610000,15944250,239890640000000,1,1,1
1,749,239890650000000,239890661792500,239890677047250,15254750,27047250,11792500,239890660000000,1,1,1
1,750,239890670000000,239890677924250,239890693132750,15208500,23132750,7924250,239890680000000,1,1,0
1,752,239890680000000,239890693318625,239890709244000,15925375,29244000,13318625,239890690000000,1,1,1
1,753,239890700000000,239890709429000,239890725309375,15880375,25309375,9429000,239890710000000,1,1,0
1,755,239890710000000,239890725470875,239890741406000,15935125,31406000,15470875,239890720000000,1,1,1
1,757,239890730000000,239890741585500,239890757382125,15796625,27382125,11585500,239890740000000,1,1,1
1,758,239890750000000,239890757539625,239890773418625,15879000,23418625,7539625,239890760000000,1,1,0
1,760,239890760000000,239890773584750,239890789440125,15855375,29440125,13584750,239890770000000,1,1,1
1,761,239890780000000,239890789642125,239890804818000,15175875,24818000,9642125,239890790000000,1,1,0
1,763,239890790000000,239890805011750,239890821182000,16170250,31182000,15011750,239890800000000,1,1,1
1,765,239890810000000,239890821369875,239890837270250,15900375,27270250,11369875,239890820000000,1,1,1
1,766,239890830000000,239890837443000,239890853383500,15940500,23383500,7443000,239890840000000,1,1,0
1,768,239890840000000,239890853565625,239890869224875,15659250,29224875,13565625,239890850000000,1,1,1
1,769,239890860000000,239890869397625,239890885377125,15979500,25377125,9397625,239890870000000,1,1,0
1,771,239890870000000,239890885549000,239890899452000,13903000,29452000,15549000,239890880000000,1,1,1
1,772,239890890000000,239890899644750,239890915457375,15812625,25457375,9644750,239890900000000,1,1,0
1,774,239890900000000,239890915639500,239890931512625,15873125,31512625,15639500,239890910000000,1,1,1
1,776,239890920000000,239890931713750,239890945858250,14144500,25858250,11713750,239890930000000,1,1,1
1,777,239890940000000,239890946039250,239890961938875,15899625,21938875,6039250,239890950000000,1,1,0
1,779,239890950000000,239890962108125,239890977923250,15815125,27923250,12108125,239890960000000,1,1,1
1,780,239890970000000,239890978086125,239890993199625,15113500,23199625,8086125,239890980000000,1,1,0
1,782,239890980000000,239890993390375,239891009320500,15930125,29320500,13390375,239890990000000,1,1,1
1,783,239891000000000,239891009502625,239891025346375,15843750,25346375,9502625,239891010000000,1,1,0
1,785,239891010000000,239891025511875,239891041417625,15905750,31417625,15511875,239891020000000,1,1,1
1,787,239891030000000,239891041584500,239891056773500,15189000,26773500,11584500,239891040000000,1,1,1
1,788,239891050000000,239891056943750,239891072842750,15899000,22842750,6943750,239891060000000,1,1,0
1,790,239891060000000,239891073005750,239891088136625,15130875,28136625,13005750,239891070000000,1,1,1
1,791,239891080000000,239891088292750,239891104131375,15838625,24131375,8292750,239891090000000,1,1,0
1,793,239891090000000,239891104301125,239891119524125,15223000,29524125,14301125,239891100000000,1,1,1
1,794,239891110000000,239891119716500,239891134883500,15167000,24883500,9716500,239891120000000,1,1,0
1,796,239891120000000,239891135074375,239891150964000,15889625,30964000,15074375,239891130000000,1,1,1
1,798,239891140000000,239891151138250,239891167023125,15884875,27023125,11138250,239891150000000,1,1,1
1,799,239891160000000,239891167211875,239891182464625,15252750,22464625,7211875,239891170000000,1,1,0
1,801,239891170000000,239891183246000,239891198339375,15093375,28339375,13246000,239891180000000,1,1,1
1,802,239891190000000,239891198476500,239891214359000,15882500,24359000,8476500,239891200000000,1,1,0
1,804,239891200000000,239891214541750,239891229786500,15244750,29786500,14541750,239891210000000,1,1,1
1,805,239891220000000,239891229960250,239891245833875,15873625,25833875,9960250,239891230000000,1,1,0
1,807,239891230000000,239891245983625,239891261819125,15835500,31819125,15983625,239891240000000,1,1,1
1,809,239891250000000,239891261984750,239891277861125,15876375,27861125,11984750,239891260000000,1,1,1
1,810,239891270000000,239891278126250,239891293376500,15250250,23376500,8126250,239891280000000,1,1,0
1,812,239891280000000,239891293567000,239891309438625,15871625,29438625,13567000,239891290000000,1,1,1
1,814,239891300000000,239891310420875,239891325716250,15295375,25716250,10420875,239891310000000,1,1,1
1,815,239891320000000,239891325904125,239891341840625,15936500,21840625,5904125,239891330000000,1,1,0
1,817,239891330000000,239891342020750,239891357949375,15928625,27949375,12020750,239891340000000,1,1,1
1,818,239891350000000,239891358124250,239891373976750,15852500,23976750,8124250,239891360000000,1,1,0
1,820,239891360000000,239891374142750,239891390043625,15900875,30043625,14142750,239891370000000,1,1,1
1,822,239891380000000,239891390213875,239891404691875,14478000,24691875,10213875,239891390000000,1,1,1
1,823,239891400000000,239891404854375,239891420153125,15298750,20153125,4854375,239891410000000,1,0,0
1,825,239891410000000,239891420324500,239891436169250,15844750,26169250,10324500,239891420000000,1,1,1
1,826,239891430000000,239891436341125,239891452236125,15895000,22236125,6341125,239891440000000,1,1,0
1,828,239891440000000,239891452411250,239891467576875,15165625,27576875,12411250,239891450000000,1,1,1
1,829,239891460000000,239891467768625,239891482313375,14544750,22313375,7768625,239891470000000,1,1,0
1,831,239891470000000,239891483196625,239891498049875,14853250,28049875,13196625,239891480000000,1,1,1
1,832,239891490000000,239891498233375,239891514110875,15877500,24110875,8233375,239891500000000,1,1,0
1,834,239891500000000,239891514277375,239891529536500,15259125,29536500,14277375,239891510000000,1,1,1
1,835,239891520000000,239891529706375,239891545052000,15345625,25052000,9706375,239891530000000,1,1,0
1,837,239891530000000,239891545224750,239891560419125,15194375,30419125,15224750,239891540000000,1,1,1
1,839,239891550000000,239891560576250,239891575144875,14568625,25144875,10576250,239891560000000,1,1,1
1,840,239891570000000,239891575324000,239891591431375,16107375,21431375,5324000,239891580000000,1,1,0
1,842,239891580000000,239891591634000,239891607671500,16037500,27671500,11634000,239891590000000,1,1,1
1,843,239891600000000,239891607875875,239891623722750,15846875,23722750,7875875,239891610000000,1,1,0
1,845,239891610000000,239891623927625,239891639767125,15839500,29767125,13927625,239891620000000,1,1,1
1,846,239891630000000,239891639925750,239891655372250,15446500,25372250,9925750,239891640000000,1,1,0
1,848,239891640000000,239891655576500,239891671469000,15892500,31469000,15576500,239891650000000,1,1,1
1,850,239891660000000,239891671651000,239891686823875,15172875,26823875,11651000,239891670000000,1,1,1
1,851,239891680000000,239891687005500,239891702214250,15208750,22214250,7005500,239891690000000,1,1,0
1,853,239891690000000,239891702365125,239891717013375,14648250,27013375,12365125,239891700000000,1,1,1
1,854,239891710000000,239891717184625,239891733045125,15860500,23045125,7184625,239891720000000,1,1,0
1,856,239891720000000,239891733223750,239891748444875,15221125,28444875,13223750,239891730000000,1,1,1
1,857,239891740000000,239891748611250,239891764371750,15760500,24371750,8611250,239891750000000,1,1,0
1,859,239891750000000,239891764530750,239891779734375,15203625,29734375,14530750,239891760000000,1,1,1
1,860,239891770000000,239891779929000,239891795081000,15152000,25081000,9929000,239891780000000,1,1,0
1,862,239891780000000,239891795270750,239891810209500,14938750,30209500,15270750,239891790000000,1,1,1
1,864,239891800000000,239891810377250,239891826279125,15901875,26279125,10377250,239891810000000,1,1,1
1,865,239891820000000,239891826475375,239891842056625,15581250,22056625,6475375,239891830000000,1,1,0
1,867,239891830000000,239891842225000,239891857392125,15167125,27392125,12225000,239891840000000,1,1,1
1,868,239891850000000,239891858238750,239891871617750,13379000,21617750,8238750,239891860000000,1,1,0
1,870,239891860000000,239891871823250,239891887689000,15865750,27689000,11823250,239891870000000,1,1,1
1,871,239891880000000,239891887872500,239891903745000,15872500,23745000,7872500,239891890000000,1,1,0
1,873,239891890000000,239891903941750,239891919859750,15918000,29859750,13941750,239891900000000,1,1,1
1,875,239891910000000,239891920056875,239891935929625,15872750,25929625,10056875,239891920000000,1,1,1
1,876,239891930000000,239891936788000,239891952745500,15957500,22745500,6788000,239891940000000,1,1,0
1,878,239891940000000,239891952939250,239891968100750,15161500,28100750,12939250,239891950000000,1,1,1
1,879,239891960000000,239891968247625,239891984218875,15971250,24218875,8247625,239891970000000,1,1,0
1,881,239891970000000,239891984400000,239891999088250,14688250,29088250,14400000,239891980000000,1,1,1
1,882,239891990000000,239891999271250,239892014987625,15716375,24987625,9271250,239892000000000,1,1,0
1,884,239892000000000,239892015263500,239892030713375,15449875,30713375,15263500,239892010000000,1,1,1
1,886,239892020000000,239892030924250,239892046814000,15889750,26814000,10924250,239892030000000,1,1,1
1,887,239892040000000,239892046994125,239892062204500,15210375,22204500,6994125,239892050000000,1,1,0
1,889,239892050000000,239892062382125,239892078230875,15848750,28230875,12382125,239892060000000,1,1,1
1,890,239892070000000,239892078395250,239892093963875,15568625,23963875,8395250,239892080000000,1,1,0
1,892,239892080000000,239892094138500,239892110051750,15913250,30051750,14138500,239892090000000,1,1,1
1,894,239892100000000,239892110229000,239892126171250,15942250,26171250,10229000,239892110000000,1,1,1
1,895,239892120000000,239892126328875,239892142149375,15820500,22149375,6328875,239892130000000,1,1,0
1,897,239892130000000,239892142308875,239892158264000,15955125,28264000,12308875,239892140000000,1,1,1
1,898,239892150000000,239892158445000,239892172308625,13863625,22308625,8445000,239892160000000,1,1,0
1,900,239892160000000,239892172483250,239892187769375,15286125,27769375,12483250,239892170000000,1,1,1
1,901,239892180000000,239892187965000,239892203177500,15212500,23177500,7965000,239892190000000,1,1,0
1,903,239892190000000,239892203355625,239892218651000,15295375,28651000,13355625,239892200000000,1,1,1
1,904,239892210000000,239892218804750,239892234093125,15288375,24093125,8804750,239892220000000,1,1,0
1,906,239892220000000,239892234254125,239892248799500,14545375,28799500,14254125,239892230000000,1,1,1
1,907,239892240000000,239892248978250,239892264786875,15808625,24786875,8978250,239892250000000,1,1,0
1,909,239892250000000,239892264952750,239892280812125,15859375,30812125,14952750,239892260000000,1,1,1
1,911,239892270000000,239892280951750,239892296842000,15890250,26842000,10951750,239892280000000,1,1,1
1,912,239892290000000,239892296996250,239892312229500,15233250,22229500,6996250,239892300000000,1,1,0
1,914,239892300000000,239892312401750,239892327777625,15375875,27777625,12401750,239892310000000,1,1,1
1,915,239892320000000,239892327969000,239892343226250,15257250,23226250,7969000,239892330000000,1,1,0
1,917,239892330000000,239892343408750,239892359224750,15816000,29224750,13408750,239892340000000,1,1,1
1,918,239892350000000,239892359392625,239892375281875,15889250,25281875,9392625,239892360000000,1,1,0
1,920,239892360000000,239892375463500,239892390650875,15187375,30650875,15463500,239892370000000,1,1,1
1,922,239892380000000,239892390826625,239892406766000,15939375,26766000,10826625,239892390000000,1,1,1
1,923,239892400000000,239892406949500,239892422714875,15765375,22714875,6949500,239892410000000,1,1,0
1,925,239892410000000,239892422857875,239892438014625,15156750,28014625,12857875,239892420000000,1,1,1
1,926,239892430000000,239892438200000,239892453781875,15581875,23781875,8200000,239892440000000,1,1,0
1,928,239892440000000,239892453960375,239892469837375,15877000,29837375,13960375,239892450000000,1,1,1
1,930,239892460000000,239892470007250,239892485899375,15892125,25899375,10007250,239892470000000,1,1,1
1,931,239892480000000,239892486069750,239892501947250,15877500,21947250,6069750,239892490000000,1,1,0
1,933,239892490000000,239892502118250,239892517998500,15880250,27998500,12118250,239892500000000,1,1,1
1,934,239892510000000,239892518171250,239892533989125,15817875,23989125,8171250,239892520000000,1,1,0
1,936,239892520000000,239892534162875,239892549358250,15195375,29358250,14162875,239892530000000,1,1,1
1,937,239892540000000,239892549539875,239892565391875,15852000,25391875,9539875,239892550000000,1,1,0
1,940,239892550000000,239892571921250,239892587093000,15171750,37093000,21921250,239892560000000,1,1,2
1,941,239892580000000,239892587303250,239892603182250,15879000,23182250,7303250,239892590000000,1,1,0
1,943,239892590000000,239892603374625,239892619237500,15862875,29237500,13374625,239892600000000,1,1,1
1,944,239892610000000,239892619429125,239892635248625,15819500,25248625,9429125,239892620000000,1,1,0
1,946,239892620000000,239892635429625,239892651310625,15881000,31310625,15429625,239892630000000,1,1,1
1,948,239892640000000,239892651486750,239892666742625,15255875,26742625,11486750,239892650000000,1,1,1
1,949,239892660000000,239892666915875,239892681510875,14595000,21510875,6915875,239892670000000,1,1,0
1,951,239892670000000,239892681667000,239892696936000,15269000,26936000,11667000,239892680000000,1,1,1
1,952,239892690000000,239892697115250,239892712977625,15862375,22977625,7115250,239892700000000,1,1,0
1,954,239892700000000,239892713152250,239892728314875,15162625,28314875,13152250,239892710000000,1,1,1
1,955,239892720000000,239892728482250,239892744357750,15875500,24357750,8482250,239892730000000,1,1,0
1,957,239892730000000,239892744512500,239892760364000,15851500,30364000,14512500,239892740000000,1,1,1
1,959,239892750000000,239892760525750,239892775236875,14711125,25236875,10525750,239892760000000,1,1,1
1,960,239892770000000,239892775421250,239892789634250,14213000,19634250,5421250,239892780000000,1,1,0
1,961,239892780000000,239892789817750,239892805605000,15787250,25605000,9817750,239892790000000,1,1,0
1,963,239892790000000,239892805767625,239892821681125,15913500,31681125,15767625,239892800000000,1,1,1
1,965,239892810000000,239892821852500,239892837936375,16083875,27936375,11852500,239892820000000,1,1,1
1,966,239892830000000,239892838111000,239892852165500,14054500,22165500,8111000,239892840000000,1,1,0
1,968,239892840000000,239892852334875,239892866930375,14595500,26930375,12334875,239892850000000,1,1,1
1,969,239892860000000,239892867084625,239892882362750,15278125,22362750,7084625,239892870000000,1,1,0
1,971,239892870000000,239892882531625,239892898341375,15809750,28341375,12531625,239892880000000,1,1,1
1,972,239892890000000,239892898521500,239892914395250,15873750,24395250,8521500,239892900000000,1,1,0
1,974,239892900000000,239892914571750,239892930446250,15874500,30446250,14571750,239892910000000,1,1,1
1,976,239892920000000,239892930626625,239892946465375,15838750,26465375,10626625,239892930000000,1,1,1
1,977,239892940000000,239892946626375,239892961263875,14637500,21263875,6626375,239892950000000,1,1,0
1,979,239892950000000,239892961451750,239892977349750,15898000,27349750,11451750,239892960000000,1,1,1
1,980,239892970000000,239892977521625,239892993404000,15882375,23404000,7521625,239892980000000,1,1,0
1,982,239892980000000,239892993568000,239893009188250,15620250,29188250,13568000,239892990000000,1,1,1
1,983,239893000000000,239893009353250,239893025237500,15884250,25237500,9353250,239893010000000,1,1,0
1,985,239893010000000,239893025402500,239893041227375,15824875,31227375,15402500,239893020000000,1,1,1
1,987,239893030000000,239893041394125,239893055880000,14485875,25880000,11394125,239893040000000,1,1,1
1,988,239893050000000,239893056115125,239893071989250,15874125,21989250,6115125,239893060000000,1,1,0
1,990,239893060000000,239893072143000,239893087999500,15856500,27999500,12143000,239893070000000,1,1,1
1,991,239893080000000,239893088194625,239893104059500,15864875,24059500,8194625,239893090000000,1,1,0
1,993,239893090000000,239893104239625,239893120057625,15818000,30057625,14239625,239893100000000,1,1,1
1,995,239893110000000,239893120216125,239893136134625,15918500,26134625,10216125,239893120000000,1,1,1
1,996,239893130000000,239893136295750,239893152155250,15859500,22155250,6295750,239893140000000,1,1,0
1,998,239893140000000,239893152318125,239893166796000,14477875,26796000,12318125,239893150000000,1,1,1
1,999,239893160000000,239893166972875,239893182242250,15269375,22242250,6972875,239893170000000,1,1,0
1,1001,239893170000000,239893182425750,239893198005625,15579875,28005625,12425750,239893180000000,1,1,1
1,1002,239893190000000,239893198917625,239893214896625,15979000,24896625,8917625,239893200000000,1,1,0
1,1004,239893200000000,239893215101625,239893230173000,15071375,30173000,15101625,239893210000000,1,1,1
1,1006,239893220000000,239893230332625,239893246156875,15824250,26156875,10332625,239893230000000,1,1,1
1,1007,239893240000000,239893246324875,239893261504875,15180000,21504875,6324875,239893250000000,1,1,0
1,1009,239893250000000,239893261678625,239893276871000,15192375,26871000,11678625,239893260000000,1,1,1
1,1010,239893270000000,239893277026750,239893292908125,15881375,22908125,7026750,239893280000000,1,1,0
1,1012,239893280000000,239893293077500,239893308382375,15304875,28382375,13077500,239893290000000,1,1,1
1,1013,239893300000000,239893308541250,239893323677875,15136625,23677875,8541250,239893310000000,1,1,0
1,1015,239893310000000,239893323856000,239893338093375,14237375,28093375,13856000,239893320000000,1,1,1
1,1016,239893330000000,239893338236875,239893354145125,15908250,24145125,8236875,239893340000000,1,1,0
1,1018,239893340000000,239893354318625,239893369897625,15579000,29897625,14318625,239893350000000,1,1,1
1,1020,239893360000000,239893370067000,239893385928375,15861375,25928375,10067000,239893370000000,1,1,1
1,1021,239893380000000,239893386097875,239893400758250,14660375,20758250,6097875,239893390000000,1,1,0
1,1023,239893390000000,239893400937875,239893416837750,15899875,26837750,10937875,239893400000000,1,1,1
1,1024,239893410000000,239893416992000,239893432137000,15145000,22137000,6992000,239893420000000,1,1,0
1,1026,239893420000000,239893432304875,239893448134125,15829250,28134125,12304875,239893430000000,1,1,1
1,1027,239893440000000,239893448284375,239893463562125,15277750,23562125,8284375,239893450000000,1,1,0
1,1029,239893450000000,239893463765750,239893479695375,15929625,29695375,13765750,239893460000000,1,1,1
1,1030,239893470000000,239893479879250,239893494358250,14479000,24358250,9879250,239893480000000,1,1,0
1,1032,239893480000000,239893494540875,239893510417875,15877000,30417875,14540875,239893490000000,1,1,1
1,1034,239893500000000,239893510583375,239893525762875,15179500,25762875,10583375,239893510000000,1,1,1
1,1035,239893520000000,239893525943500,239893541197375,15253875,21197375,5943500,239893530000000,1,1,0
1,1037,239893530000000,239893541394500,239893557285250,15890750,27285250,11394500,239893540000000,1,1,1
1,1038,239893550000000,239893557467750,239893573318000,15850250,23318000,7467750,239893560000000,1,1,0
1,1040,239893560000000,239893573486375,239893589347125,15860750,29347125,13486375,239893570000000,1,1,1
1,1041,239893580000000,239893589519500,239893605429625,15910125,25429625,9519500,239893590000000,1,1,0
1,1043,239893590000000,239893605595625,239893621707750,16112125,31707750,15595625,239893600000000,1,1,1
1,1045,239893610000000,239893621915625,239893637119750,15204125,27119750,11915625,239893620000000,1,1,1
1,1046,239893630000000,239893637301250,239893653131500,15830250,23131500,7301250,239893640000000,1,1,0
1,1048,239893640000000,239893653305625,239893669160750,15855125,29160750,13305625,239893650000000,1,1,1
1,1049,239893660000000,239893669335500,239893685247625,15912125,25247625,9335500,239893670000000,1,1,0
1,1051,239893670000000,239893685418375,239893701297375,15879000,31297375,15418375,239893680000000,1,1,1
1,1053,239893690000000,239893701465750,239893717196375,15730625,27196375,11465750,239893700000000,1,1,1
1,1054,239893710000000,239893717359875,239893733241125,15881250,23241125,7359875,239893720000000,1,1,0
1,1056,239893720000000,239893733415875,239893747897250,14481375,27897250,13415875,239893730000000,1,1,1
1,1057,239893740000000,239893748181875,239893764114500,15932625,24114500,8181875,239893750000000,1,1,0
1,1059,239893750000000,239893764307875,239893780206125,15898250,30206125,14307875,239893760000000,1,1,1
1,1061,239893770000000,239893780381500,239893796168125,15786625,26168125,10381500,239893780000000,1,1,1
1,1062,239893790000000,239893796320000,239893812185250,15865250,22185250,6320000,239893800000000,1,1,0
1,1064,239893800000000,239893813073875,239893829072875,15999000,29072875,13073875,239893810000000,1,1,1
1,1065,239893820000000,239893829264625,239893843790000,14525375,23790000,9264625,239893830000000,1,1,0
1,1067,239893830000000,239893843985125,239893859751875,15766750,29751875,13985125,239893840000000,1,1,1
1,1068,239893850000000,239893859956500,239893875853375,15896875,25853375,9956500,239893860000000,1,1,0
1,1070,239893860000000,239893876049000,239893891901125,15852125,31901125,16049000,239893870000000,1,1,1
1,1072,239893880000000,239893892213500,239893908102250,15888750,28102250,12213500,239893890000000,1,1,1
1,1073,239893900000000,239893908287625,239893924081750,15794125,24081750,8287625,239893910000000,1,1,0
1,1075,239893910000000,239893924242750,239893939544500,15301750,29544500,14242750,239893920000000,1,1,1
1,1076,239893930000000,239893939710000,239893954866125,15156125,24866125,9710000,239893940000000,1,1,0
1,1078,239893940000000,239893955033000,239893970220000,15187000,30220000,15033000,239893950000000,1,1,1
1,1080,239893960000000,239893970396375,239893986385000,15988625,26385000,10396375,239893970000000,1,1,1
1,1081,239893980000000,239893986577000,239894002367500,15790500,22367500,6577000,239893990000000,1,1,0
1,1083,239893990000000,239894002536750,239894018398125,15861375,28398125,12536750,239894000000000,1,1,1
1,1084,239894010000000,239894018580375,239894031961625,13381250,21961625,8580375,239894020000000,1,1,0
1,1086,239894020000000,239894032133500,239894047465875,15332375,27465875,12133500,239894030000000,1,1,1
1,1087,239894040000000,239894047643000,239894063439500,15796500,23439500,7643000,239894050000000,1,1,0
1,1089,239894050000000,239894063625500,239894078910125,15284625,28910125,13625500,239894060000000,1,1,1
1,1090,239894070000000,239894079096000,239894094912500,15816500,24912500,9096000,239894080000000,1,1,0
1,1092,239894080000000,239894095089125,239894110035000,14945875,30035000,15089125,239894090000000,1,1,1
1,1094,239894100000000,239894110202000,239894125372375,15170375,25372375,10202000,239894110000000,1,1,1
1,1095,239894120000000,239894125545125,239894139557000,14011875,19557000,5545125,239894130000000,1,1,0
1,1096,239894130000000,239894139745000,239894155134500,15389500,25134500,9745000,239894140000000,1,1,0
1,1098,239894140000000,239894155327750,239894171185250,15857500,31185250,15327750,239894150000000,1,1,1
1,1100,239894160000000,239894171361375,239894187217500,15856125,27217500,11361375,239894170000000,1,1,1
1,1101,239894180000000,239894187400875,239894203292625,15891750,23292625,7400875,239894190000000,1,1,0
1,1103,239894190000000,239894203478625,239894218663500,15184875,28663500,13478625,239894200000000,1,1,1
1,1104,239894210000000,239894218842625,239894234731500,15888875,24731500,8842625,239894220000000,1,1,0
1,1106,239894220000000,239894234909125,239894250821250,15912125,30821250,14909125,239894230000000,1,1,1
1,1108,239894240000000,239894251013625,239894266424000,15410375,26424000,11013625,239894250000000,1,1,1
1,1109,239894260000000,239894266609375,239894280646250,14036875,20646250,6609375,239894270000000,1,1,0
1,1111,239894270000000,239894280814375,239894296717000,15902625,26717000,10814375,239894280000000,1,1,1
1,1112,239894290000000,239894296868875,239894311998250,15129375,21998250,6868875,239894300000000,1,1,0
1,1114,239894300000000,239894312190875,239894328051875,15861000,28051875,12190875,239894310000000,1,1,1
1,1115,239894320000000,239894328223125,239894343367625,15144500,23367625,8223125,239894330000000,1,1,0
1,1117,239894330000000,239894343548750,239894359472625,15923875,29472625,13548750,239894340000000,1,1,1
1,1118,239894350000000,239894359650375,239894375042250,15391875,25042250,9650375,239894360000000,1,1,0
1,1120,239894360000000,239894375231125,239894391125625,15894500,31125625,15231125,239894370000000,1,1,1
1,1122,239894380000000,239894391304750,239894406468875,15164125,26468875,11304750,239894390000000,1,1,1
1,1123,239894400000000,239894406645625,239894422531250,15885625,22531250,6645625,239894410000000,1,1,0
1,1125,239894410000000,239894422706000,239894436785250,14079250,26785250,12706000,239894420000000,1,1,1
1,1126,239894430000000,239894437665125,239894453577750,15912625,23577750,7665125,239894440000000,1,1,0
1,1128,239894440000000,239894453739750,239894468881500,15141750,28881500,13739750,239894450000000,1,1,1
1,1129,239894460000000,239894469065125,239894484959000,15893875,24959000,9065125,239894470000000,1,1,0
1,1131,239894470000000,239894485130250,239894500371500,15241250,30371500,15130250,239894480000000,1,1,1
1,1133,239894490000000,239894500538875,239894516415375,15876500,26415375,10538875,239894500000000,1,1,1
1,1134,239894510000000,239894516552500,239894532455375,15902875,22455375,6552500,239894520000000,1,1,0
1,1136,239894520000000,239894532614500,239894548440375,15825875,28440375,12614500,239894530000000,1,1,1
1,1137,239894540000000,239894548606375,239894563692625,15086250,23692625,8606375,239894550000000,1,1,0
1,1139,239894550000000,239894563875625,239894579801500,15925875,29801500,13875625,239894560000000,1,1,1
1,1140,239894570000000,239894579972875,239894595858500,15885625,25858500,9972875,239894580000000,1,1,0
1,1142,239894580000000,239894596055750,239894610627375,14571625,30627375,16055750,239894590000000,1,1,1
1,1144,239894600000000,239894610810375,239894626474625,15664250,26474625,10810375,239894610000000,1,1,1
1,1145,239894620000000,239894626634375,239894642517000,15882625,22517000,6634375,239894630000000,1,1,0
1,1147,239894630000000,239894642697750,239894657441125,14743375,27441125,12697750,239894640000000,1,1,1
1,1148,239894650000000,239894657602750,239894673457625,15854875,23457625,7602750,239894660000000,1,1,0
1,1150,239894660000000,239894673628500,239894687579375,13950875,27579375,13628500,239894670000000,1,1,1
1,1151,239894680000000,239894687750750,239894703655125,15904375,23655125,7750750,239894690000000,1,1,0
1,1153,239894690000000,239894703842000,239894718661000,14819000,28661000,13842000,239894700000000,1,1,1
1,1154,239894710000000,239894718852875,239894734338000,15485125,24338000,8852875,239894720000000,1,1,0
1,1156,239894720000000,239894734506500,239894750113500,15607000,30113500,14506500,239894730000000,1,1,1
1,1158,239894740000000,239894750294500,239894766190625,15896125,26190625,10294500,239894750000000,1,1,1
1,1159,239894760000000,239894766369625,239894781531875,15162250,21531875,6369625,239894770000000,1,1,0
1,1161,239894770000000,239894781692750,239894796973500,15280750,26973500,11692750,239894780000000,1,1,1
1,1162,239894790000000,239894797141125,239894812685625,15544500,22685625,7141125,239894800000000,1,1,0
1,1164,239894800000000,239894812975625,239894828268375,15292750,28268375,12975625,239894810000000,1,1,1
1,1165,239894820000000,239894828457375,239894844328875,15871500,24328875,8457375,239894830000000,1,1,0
1,1167,239894830000000,239894844496750,239894860334250,15837500,30334250,14496750,239894840000000,1,1,1
1,1169,239894850000000,239894860498250,239894875642875,15144625,25642875,10498250,239894860000000,1,1,1
1,1170,239894870000000,239894875842375,239894891705750,15863375,21705750,5842375,239894880000000,1,1,0
1,1172,239894880000000,239894891893625,239894907348500,15454875,27348500,11893625,239894890000000,1,1,1
1,1173,239894900000000,239894907556375,239894923474875,15918500,23474875,7556375,239894910000000,1,1,0
1,1175,239894910000000,239894923671625,239894938699000,15027375,28699000,13671625,239894920000000,1,1,1
1,1176,239894930000000,239894938884000,239894954774250,15890250,24774250,8884000,239894940000000,1,1,0
1,1178,239894940000000,239894954943500,239894970827375,15883875,30827375,14943500,239894950000000,1,1,1
1,1180,239894960000000,239894970996250,239894985912875,14916625,25912875,10996250,239894970000000,1,1,1
1,1181,239894980000000,239894986090125,239895001448375,15358250,21448375,6090125,239894990000000,1,1,0
1,1183,239894990000000,239895001611750,239895017424000,15812250,27424000,11611750,239895000000000,1,1,1
1,1184,239895010000000,239895017579625,239895032885625,15306000,22885625,7579625,239895020000000,1,1,0
1,1186,239895020000000,239895033063250,239895048984250,15921000,28984250,13063250,239895030000000,1,1,1
1,1187,239895040000000,239895049967000,239895064687625,14720625,24687625,9967000,239895050000000,1,1,0
1,1189,239895050000000,239895064890625,239895079893625,15003000,29893625,14890625,239895060000000,1,1,1
1,1191,239895070000000,239895080060000,239895095966250,15906250,25966250,10060000,239895080000000,1,1,1
1,1192,239895090000000,239895096155125,239895110823375,14668250,20823375,6155125,239895100000000,1,1,0
1,1194,239895100000000,239895111012250,239895126806750,15794500,26806750,11012250,239895110000000,1,1,1
1,1195,239895120000000,239895126984000,239895142268125,15284125,22268125,6984000,239895130000000,1,1,0
1,1197,239895130000000,239895142440375,239895158373000,15932625,28373000,12440375,239895140000000,1,1,1
1,1198,239895150000000,239895158551125,239895173664875,15113750,23664875,8551125,239895160000000,1,1,0
1,1200,239895160000000,239895173831750,239895189711750,15880000,29711750,13831750,239895170000000,1,1,1
1,1201,239895180000000,239895189892375,239895205774125,15881750,25774125,9892375,239895190000000,1,1,0
1,1203,239895190000000,239895205943125,239895221137375,15194250,31137375,15943125,239895200000000,1,1,1
1,1205,239895210000000,239895221311625,239895237106125,15794500,27106125,11311625,239895220000000,1,1,1
1,1206,239895230000000,239895237274500,239895253168125,15893625,23168125,7274500,239895240000000,1,1,0
1,1208,239895240000000,239895253343875,239895268546000,15202125,28546000,13343875,239895250000000,1,1,1
1,1209,239895260000000,239895268715875,239895283881375,15165500,23881375,8715875,239895270000000,1,1,0
1,1211,239895270000000,239895284121500,239895299925625,15804125,29925625,14121500,239895280000000,1,1,1
1,1213,239895290000000,239895300106375,239895315994500,15888125,25994500,10106375,239895300000000,1,1,1
1,1214,239895310000000,239895316160500,239895330774500,14614000,20774500,6160500,239895320000000,1,1,0
1,1216,239895320000000,239895330967375,239895346239250,15271875,26239250,10967375,239895330000000,1,1,1
1,1217,239895340000000,239895346413375,239895361650250,15236875,21650250,6413375,239895350000000,1,1,0
1,1219,239895350000000,239895361818125,239895377692250,15874125,27692250,11818125,239895360000000,1,1,1
1,1220,239895370000000,239895377867000,239895393208500,15341500,23208500,7867000,239895380000000,1,1,0
1,1222,239895380000000,239895393394000,239895409095875,15701875,29095875,13394000,239895390000000,1,1,1
1,1223,239895400000000,239895409269625,239895425177375,15907750,25177375,9269625,239895410000000,1,1,0
1,1225,239895410000000,239895425346625,239895441320875,15974250,31320875,15346625,239895420000000,1,1,1
1,1227,239895430000000,239895441494500,239895456582000,15087500,26582000,11494500,239895440000000,1,1,1
1,1228,239895450000000,239895456744250,239895471552875,14808625,21552875,6744250,239895460000000,1,1,0
1,1230,239895460000000,239895471764125,239895487610875,15846750,27610875,11764125,239895470000000,1,1,1
1,1231,239895480000000,239895487797875,239895503045875,15248000,23045875,7797875,239895490000000,1,1,0
1,1233,239895490000000,239895503229000,239895517907875,14678875,27907875,13229000,239895500000000,1,1,1
1,1234,239895510000000,239895518071375,239895533942500,15871125,23942500,8071375,239895520000000,1,1,0
1,1236,239895520000000,239895534103000,239895549306250,15203250,29306250,14103000,239895530000000,1,1,1
1,1237,239895540000000,239895549479000,239895564628750,15149750,24628750,9479000,239895550000000,1,1,0
1,1239,239895550000000,239895564796250,239895580128750,15332500,30128750,14796250,239895560000000,1,1,1
1,1241,239895570000000,239895580264750,239895596142375,15877625,26142375,10264750,239895580000000,1,1,1
1,1242,239895590000000,239895596290250,239895612366875,16076625,22366875,6290250,239895600000000,1,1,0
1,1244,239895600000000,239895612516000,239895627989125,15473125,27989125,12516000,239895610000000,1,1,1
1,1245,239895620000000,239895628315125,239895643601625,15286500,23601625,8315125,239895630000000,1,1,0
1,1247,239895630000000,239895643824625,239895658388000,14563375,28388000,13824625,239895640000000,1,1,1
1,1248,239895650000000,239895658574500,239895673492000,14917500,23492000,8574500,239895660000000,1,1,0
1,1250,239895660000000,239895674400125,239895689082125,14682000,29082125,14400125,239895670000000,1,1,1
1,1251,239895680000000,239895689259625,239895705193875,15934250,25193875,9259625,239895690000000,1,1,0
1,1253,239895690000000,239895705371000,239895721237375,15866375,31237375,15371000,239895700000000,1,1,1
1,1255,239895710000000,239895721403750,239895736631250,15227500,26631250,11403750,239895720000000,1,1,1
1,1256,239895730000000,239895736792250,239895751552250,14760000,21552250,6792250,239895740000000,1,1,0
1,1258,239895740000000,239895751763625,239895766981375,15217750,26981375,11763625,239895750000000,1,1,1
1,1259,239895760000000,239895767144375,239895781876625,14732250,21876625,7144375,239895770000000,1,1,0
1,1261,239895770000000,239895782052125,239895797746750,15694625,27746750,12052125,239895780000000,1,1,1
1,1262,239895790000000,239895797931125,239895813390500,15459375,23390500,7931125,239895800000000,1,1,0
1,1264,239895800000000,239895813587625,239895829520875,15933250,29520875,13587625,239895810000000,1,1,1
1,1265,239895820000000,239895829707250,239895845554500,15847250,25554500,9707250,239895830000000,1,1,0
1,1267,239895830000000,239895845714125,239895861626750,15912625,31626750,15714125,239895840000000,1,1,1
1,1269,239895850000000,239895861809750,239895877624750,15815000,27624750,11809750,239895860000000,1,1,1
1,1270,239895870000000,239895877792750,239895893452000,15659250,23452000,7792750,239895880000000,1,1,0
1,1272,239895880000000,239895893622250,239895909554375,15932125,29554375,13622250,239895890000000,1,1,1
1,1273,239895900000000,239895909739875,239895924266750,14526875,24266750,9739875,239895910000000,1,1,0
1,1275,239895910000000,239895924438000,239895940328625,15890625,30328625,14438000,239895920000000,1,1,1
1,1277,239895930000000,239895940497500,239895955201875,14704375,25201875,10497500,239895940000000,1,1,1
1,1278,239895950000000,239895955400125,239895971209750,15809625,21209750,5400125,239895960000000,1,1,0
1,1280,239895960000000,239895971382875,239895987298500,15915625,27298500,11382875,239895970000000,1,1,1
1,1281,239895980000000,239895987491250,239896001294375,13803125,21294375,7491250,239895990000000,1,1,0
1,1283,239895990000000,239896002169000,239896016182625,14013625,26182625,12169000,239896000000000,1,1,1
1,1284,239896010000000,239896016365750,239896031083250,14717500,21083250,6365750,239896020000000,1,1,0
1,1286,239896020000000,239896031312125,239896047320375,16008250,27320375,11312125,239896030000000,1,1,1
1,1287,239896040000000,239896047521000,239896063354000,15833000,23354000,7521000,239896050000000,1,1,0
1,1289,239896050000000,239896063534125,239896079442375,15908250,29442375,13534125,239896060000000,1,1,1
1,1290,239896070000000,239896079640500,239896094784125,15143625,24784125,9640500,239896080000000,1,1,0
1,1292,239896080000000,239896094942625,239896110716750,15774125,30716750,14942625,239896090000000,1,1,1
1,1294,239896100000000,239896110891500,239896125423625,14532125,25423625,10891500,239896110000000,1,1,1
1,1295,239896120000000,239896125599250,239896141515750,15916500,21515750,5599250,239896130000000,1,1,0
1,1297,239896130000000,239896141693000,239896157623750,15930750,27623750,11693000,239896140000000,1,1,1
1,1298,239896150000000,239896157886250,239896172923875,15037625,22923875,7886250,239896160000000,1,1,0
1,1300,239896160000000,239896173108375,239896188322250,15213875,28322250,13108375,239896170000000,1,1,1
1,1301,239896180000000,239896188495125,239896203284750,14789625,23284750,8495125,239896190000000,1,1,0
1,1303,239896190000000,239896203483875,239896219267750,15783875,29267750,13483875,239896200000000,1,1,1
1,1304,239896210000000,239896219452125,239896234245375,14793250,24245375,9452125,239896220000000,1,1,0
1,1306,239896220000000,239896234416250,239896249665125,15248875,29665125,14416250,239896230000000,1,1,1
1,1307,239896240000000,239896249835500,239896265673875,15838375,25673875,9835500,239896250000000,1,1,0
1,1309,239896250000000,239896265822375,239896281042500,15220125,31042500,15822375,239896260000000,1,1,1
1,1311,239896270000000,239896281978500,239896297649500,15671000,27649500,11978500,239896280000000,1,1,1
1,1312,239896290000000,239896297811125,239896313622125,15811000,23622125,7811125,239896300000000,1,1,0
1,1314,239896300000000,239896313800875,239896329710500,15909625,29710500,13800875,239896310000000,1,1,1
1,1315,239896320000000,239896329885750,239896345785125,15899375,25785125,9885750,239896330000000,1,1,0
1,1317,239896330000000,239896345953625,239896361858375,15904750,31858375,15953625,239896340000000,1,1,1
1,1319,239896350000000,239896362027875,239896377854000,15826125,27854000,12027875,239896360000000,1,1,1
1,1320,239896370000000,239896378024750,239896393078625,15053875,23078625,8024750,239896380000000,1,1,0
1,1322,239896380000000,239896393248875,239896407399375,14150500,27399375,13248875,239896390000000,1,1,1
1,1323,239896400000000,239896407606250,239896423431125,15824875,23431125,7606250,239896410000000,1,1,0
1,1325,239896410000000,239896423617500,239896439494125,15876625,29494125,13617500,239896420000000,1,1,1
1,1326,239896430000000,239896439679000,239896454909000,15230000,24909000,9679000,239896440000000,1,1,0
1,1328,239896440000000,239896455083250,239896469981750,14898500,29981750,15083250,239896450000000,1,1,1
1,1330,239896460000000,239896470820625,239896484766750,13946125,24766750,10820625,239896470000000,1,1,1
1,1331,239896480000000,239896484930125,239896500801375,15871250,20801375,4930125,239896490000000,1,0,0
1,1333,239896490000000,239896501001500,239896516939375,15937875,26939375,11001500,239896500000000,1,1,1
1,1334,239896510000000,239896517121875,239896532399250,15277375,22399250,7121875,239896520000000,1,1,0
1,1336,239896520000000,239896532573500,239896548394375,15820875,28394375,12573500,239896530000000,1,1,1
1,1337,239896540000000,239896548565125,239896563789250,15224125,23789250,8565125,239896550000000,1,1,0
1,1339,239896550000000,239896564639750,239896579767250,15127500,29767250,14639750,239896560000000,1,1,1
1,1340,239896570000000,239896579953875,239896595860000,15906125,25860000,9953875,239896580000000,1,1,0
1,1342,239896580000000,239896596053750,239896611391625,15337875,31391625,16053750,239896590000000,1,1,1
1,1344,239896600000000,239896611572500,239896627483750,15911250,27483750,11572500,239896610000000,1,1,1
1,1345,239896620000000,239896627653625,239896643460375,15806750,23460375,7653625,239896630000000,1,1,0
1,1347,239896630000000,239896643612250,239896659593625,15981375,29593625,13612250,239896640000000,1,1,1
1,1348,239896650000000,239896659781500,239896674841000,15059500,24841000,9781500,239896660000000,1,1,0
1,1350,239896660000000,239896675013875,239896690206250,15192375,30206250,15013875,239896670000000,1,1,1
1,1352,239896680000000,239896690388750,239896706185250,15796500,26185250,10388750,239896690000000,1,1,1
1,1353,239896700000000,239896706376500,239896721520125,15143625,21520125,6376500,239896710000000,1,1,0
1,1355,239896710000000,239896721712000,239896737600125,15888125,27600125,11712000,239896720000000,1,1,1
1,1356,239896730000000,239896737765625,239896752967125,15201500,22967125,7765625,239896740000000,1,1,0
1,1358,239896740000000,239896753151875,239896768351375,15199500,28351375,13151875,239896750000000,1,1,1
1,1359,239896760000000,239896768516875,239896784387500,15870625,24387500,8516875,239896770000000,1,1,0
1,1361,239896770000000,239896784560125,239896800474375,15914250,30474375,14560125,239896780000000,1,1,1
1,1363,239896790000000,239896800629625,239896816371750,15742125,26371750,10629625,239896800000000,1,1,1
1,1364,239896810000000,239896816525500,239896832772000,16246500,22772000,6525500,239896820000000,1,1,0
1,1366,239896820000000,239896832984250,239896848391750,15407500,28391750,12984250,239896830000000,1,1,1
1,1367,239896840000000,239896848585000,239896863756000,15171000,23756000,8585000,239896850000000,1,1,0
1,1369,239896850000000,239896864606625,239896879119125,14512500,29119125,14606625,239896860000000,1,1,1
1,1370,239896870000000,239896879309000,239896894616000,15307000,24616000,9309000,239896880000000,1,1,0
1,1372,239896880000000,239896894805875,239896910633125,15827250,30633125,14805875,239896890000000,1,1,1
1,1374,239896900000000,239896911556875,239896926887875,15331000,26887875,11556875,239896910000000,1,1,1
1,1375,239896920000000,239896927095250,239896941744625,14649375,21744625,7095250,239896930000000,1,1,0
1,1377,239896930000000,239896941939250,239896956449875,14510625,26449875,11939250,239896940000000,1,1,1
1,1378,239896950000000,239896956595375,239896972464000,15868625,22464000,6595375,239896960000000,1,1,0
1,1380,239896960000000,239896972605125,239896988442000,15836875,28442000,12605125,239896970000000,1,1,1
1,1381,239896980000000,239896988610500,239897002714500,14104000,22714500,8610500,239896990000000,1,1,0
1,1383,239896990000000,239897002868375,239897018838500,15970125,28838500,12868375,239897000000000,1,1,1
1,1384,239897010000000,239897019020000,239897034932750,15912750,24932750,9020000,239897020000000,1,1,0
1,1386,239897020000000,239897035131875,239897050326625,15194750,30326625,15131875,239897030000000,1,1,1
1,1388,239897040000000,239897050508625,239897065054875,14546250,25054875,10508625,239897050000000,1,1,1
1,1389,239897060000000,239897065221875,239897079829625,14607750,19829625,5221875,239897070000000,1,1,0
1,1391,239897070000000,239897080039500,239897095407500,15368000,25407500,10039500,239897080000000,1,1,1
1,1392,239897090000000,239897095610000,239897111463750,15853750,21463750,5610000,239897100000000,1,1,0
1,1394,239897100000000,239897111644625,239897127450375,15805750,27450375,11644625,239897110000000,1,1,1
1,1395,239897120000000,239897127615875,239897142184125,14568250,22184125,7615875,239897130000000,1,1,0
1,1397,239897130000000,239897142358500,239897158287125,15928625,28287125,12358500,239897140000000,1,1,1
1,1398,239897150000000,239897158463250,239897173476625,15013375,23476625,8463250,239897160000000,1,1,0
1,1400,239897160000000,239897173652625,239897189553125,15900500,29553125,13652625,239897170000000,1,1,1
1,1401,239897180000000,239897189718500,239897204531250,14812750,24531250,9718500,239897190000000,1,1,0
1,1403,239897190000000,239897204700750,239897219843250,15142500,29843250,14700750,239897200000000,1,1,1
1,1405,239897210000000,239897220290500,239897236043000,15752500,26043000,10290500,239897220000000,1,1,1
1,1406,239897230000000,239897236227750,239897252145250,15917500,22145250,6227750,239897240000000,1,1,0
1,1408,239897240000000,239897252307750,239897268160875,15853125,28160875,12307750,239897250000000,1,1,1
1,1409,239897260000000,239897268310750,239897283542625,15231875,23542625,8310750,239897270000000,1,1,0
1,1411,239897270000000,239897283727125,239897299671500,15944375,29671500,13727125,239897280000000,1,1,1
1,1412,239897290000000,239897299859375,239897315709500,15850125,25709500,9859375,239897300000000,1,1,0
1,1414,239897300000000,239897315859750,239897330660375,14800625,30660375,15859750,239897310000000,1,1,1
1,1416,239897320000000,239897330859625,239897346777000,15917375,26777000,10859625,239897330000000,1,1,1
1,1417,239897340000000,239897346949250,239897362204500,15255250,22204500,6949250,239897350000000,1,1,0
1,1419,239897350000000,239897362385625,239897377116875,14731250,27116875,12385625,239897360000000,1,1,1
1,1420,239897370000000,239897377276375,239897391498625,14222250,21498625,7276375,239897380000000,1,1,0
1,1422,239897380000000,239897391692500,239897406508625,14816125,26508625,11692500,239897390000000,1,1,1
1,1423,239897400000000,239897406692500,239897422501750,15809250,22501750,6692500,239897410000000,1,1,0
1,1425,239897410000000,239897422670125,239897437444750,14774625,27444750,12670125,239897420000000,1,1,1
1,1426,239897430000000,239897437631750,239897453568250,15936500,23568250,7631750,239897440000000,1,1,0
1,1428,239897440000000,239897453737625,239897469605250,15867625,29605250,13737625,239897450000000,1,1,1
1,1429,239897460000000,239897469766750,239897485041125,15274375,25041125,9766750,239897470000000,1,1,0
1,1431,239897470000000,239897485213000,239897500401375,15188375,30401375,15213000,239897480000000,1,1,1
1,1433,239897490000000,239897500557250,239897515689000,15131750,25689000,10557250,239897500000000,1,1,1
1,1434,239897510000000,239897516672750,239897532486875,15814125,22486875,6672750,239897520000000,1,1,0
1,1436,239897520000000,239897532652750,239897548621500,15968750,28621500,12652750,239897530000000,1,1,1
1,1437,239897540000000,239897548794250,239897564084875,15290625,24084875,8794250,239897550000000,1,1,0
1,1439,239897550000000,239897564199875,239897580024125,15824250,30024125,14199875,239897560000000,1,1,1
1,1441,239897570000000,239897580205750,239897594725625,14519875,24725625,10205750,239897580000000,1,1,1
1,1442,239897590000000,239897594909625,239897610435750,15526125,20435750,4909625,239897600000000,1,0,0
1,1444,239897600000000,239897610618375,239897626468000,15849625,26468000,10618375,239897610000000,1,1,1
1,1445,239897620000000,239897626636625,239897642969125,16332500,22969125,6636625,239897630000000,1,1,0
1,1447,239897630000000,239897643152125,239897659056500,15904375,29056500,13152125,239897640000000,1,1,1
1,1448,239897650000000,239897659241000,239897675150250,15909250,25150250,9241000,239897660000000,1,1,0
1,1450,239897660000000,239897675332750,239897691269750,15937000,31269750,15332750,239897670000000,1,1,1
1,1452,239897680000000,239897691445875,239897706544125,15098250,26544125,11445875,239897690000000,1,1,1
1,1453,239897700000000,239897706721375,239897722048875,15327500,22048875,6721375,239897710000000,1,1,0
1,1455,239897710000000,239897722222000,239897737432875,15210875,27432875,12222000,239897720000000,1,1,1
1,1456,239897730000000,239897737606750,239897753433625,15826875,23433625,7606750,239897740000000,1,1,0
1,1458,239897740000000,239897753584250,239897769248000,15663750,29248000,13584250,239897750000000,1,1,1
1,1459,239897760000000,239897769424625,239897784722000,15297375,24722000,9424625,239897770000000,1,1,0
1,1461,239897770000000,239897784873250,239897800021000,15147750,30021000,14873250,239897780000000,1,1,1
1,1463,239897790000000,239897800178375,239897816097875,15919500,26097875,10178375,239897800000000,1,1,1
1,1464,239897810000000,239897816270500,239897831714250,15443750,21714250,6270500,239897820000000,1,1,0
1,1466,239897820000000,239897831894750,239897847788375,15893625,27788375,11894750,239897830000000,1,1,1
1,1467,239897840000000,239897847969000,239897863879625,15910625,23879625,7969000,239897850000000,1,1,0
1,1469,239897850000000,239897864075625,239897879949875,15874250,29949875,14075625,239897860000000,1,1,1
1,1471,239897870000000,239897880121250,239897894746000,14624750,24746000,10121250,239897880000000,1,1,1
1,1472,239897890000000,239897894929125,239897909461750,14532625,19461750,4929125,239897900000000,1,0,0
1,1473,239897900000000,239897909633500,239897925545625,15912125,25545625,9633500,239897910000000,1,1,0
1,1475,239897910000000,239897925723750,239897941668125,15944375,31668125,15723750,239897920000000,1,1,1
1,1477,239897930000000,239897941849625,239897956997625,15148000,26997625,11849625,239897940000000,1,1,1
1,1478,239897950000000,239897957167500,239897973022500,15855000,23022500,7167500,239897960000000,1,1,0
1,1480,239897960000000,239897973184625,239897987793750,14609125,27793750,13184625,239897970000000,1,1,1
1,1481,239897980000000,239897987998750,239898002830500,14831750,22830500,7998750,239897990000000,1,1,0
1,1483,239897990000000,239898003025125,239898018896750,15871625,28896750,13025125,239898000000000,1,1,1
1,1484,239898010000000,239898019077875,239898034957750,15879875,24957750,9077875,239898020000000,1,1,0
1,1486,239898020000000,239898035142000,239898051039375,15897375,31039375,15142000,239898030000000,1,1,1
1,1488,239898040000000,239898051214500,239898065782750,14568250,25782750,11214500,239898050000000,1,1,1
1,1489,239898060000000,239898065952000,239898081182125,15230125,21182125,5952000,239898070000000,1,1,0
1,1491,239898070000000,239898081360125,239898096671125,15311000,26671125,11360125,239898080000000,1,1,1
1,1492,239898090000000,239898096835125,239898112198250,15363125,22198250,6835125,239898100000000,1,1,0
1,1494,239898100000000,239898112375500,239898128183625,15808125,28183625,12375500,239898110000000,1,1,1
1,1495,239898120000000,239898128346000,239898144178250,15832250,24178250,8346000,239898130000000,1,1,0
1,1497,239898130000000,239898145121500,239898161099125,15977625,31099125,15121500,239898140000000,1,1,1
1,1499,239898150000000,239898161267500,239898176337375,15069875,26337375,11267500,239898160000000,1,1,1
1,1500,239898170000000,239898177180000,239898191814125,14634125,21814125,7180000,239898180000000,1,1,0
1,1502,239898180000000,239898192090875,239898208033250,15942375,28033250,12090875,239898190000000,1,1,1
1,1503,239898200000000,239898208196250,239898224032250,15836000,24032250,8196250,239898210000000,1,1,0
1,1505,239898210000000,239898224304625,239898239758500,15453875,29758500,14304625,239898220000000,1,1,1
1,1506,239898230000000,239898239941125,239898254829375,14888250,24829375,9941125,239898240000000,1,1,0
1,1508,239898240000000,239898255016375,239898270905625,15889250,30905625,15016375,239898250000000,1,1,1
1,1510,239898260000000,239898271078375,239898286313125,15234750,26313125,11078375,239898270000000,1,1,1
1,1511,239898280000000,239898286498000,239898302401000,15903000,22401000,6498000,239898290000000,1,1,0
1,1513,239898290000000,239898302589750,239898318434125,15844375,28434125,12589750,239898300000000,1,1,1
1,1514,239898310000000,239898318605500,239898334485375,15879875,24485375,8605500,239898320000000,1,1,0
1,1516,239898320000000,239898334668000,239898350149125,15481125,30149125,14668000,239898330000000,1,1,1
1,1518,239898340000000,239898350332250,239898366186250,15854000,26186250,10332250,239898350000000,1,1,1
1,1519,239898360000000,239898366367875,239898381554250,15186375,21554250,6367875,239898370000000,1,1,0
1,1521,239898370000000,239898381723250,239898397079500,15356250,27079500,11723250,239898380000000,1,1,1
1,1522,239898390000000,239898397252625,239898413101375,15848750,23101375,7252625,239898400000000,1,1,0
1,1524,239898400000000,239898413270750,239898429146875,15876125,29146875,13270750,239898410000000,1,1,1
1,1525,239898420000000,239898429303500,239898445224375,15920875,25224375,9303500,239898430000000,1,1,0
1,1527,239898430000000,239898445401625,239898461368875,15967250,31368875,15401625,239898440000000,1,1,1
1,1529,239898450000000,239898461540500,239898477492250,15951750,27492250,11540500,239898460000000,1,1,1
1,1530,239898470000000,239898477665500,239898492811500,15146000,22811500,7665500,239898480000000,1,1,0
1,1532,239898480000000,239898492973500,239898507683875,14710375,27683875,12973500,239898490000000,1,1,1
1,1533,239898500000000,239898507883000,239898523750625,15867625,23750625,7883000,239898510000000,1,1,0
1,1535,239898510000000,239898523944625,239898539250000,15305375,29250000,13944625,239898520000000,1,1,1
1,1536,239898530000000,239898539425625,239898555221625,15796000,25221625,9425625,239898540000000,1,1,0
1,1538,239898540000000,239898555420875,239898571349500,15928625,31349500,15420875,239898550000000,1,1,1
1,1540,239898560000000,239898571518375,239898586366250,14847875,26366250,11518375,239898570000000,1,1,1
1,1541,239898580000000,239898586540125,239898602393500,15853375,22393500,6540125,239898590000000,1,1,0
1,1543,239898590000000,239898602573125,239898617898250,15325125,27898250,12573125,239898600000000,1,1,1
1,1544,239898610000000,239898618069125,239898633990500,15921375,23990500,8069125,239898620000000,1,1,0
1,1546,239898620000000,239898634171000,239898649372625,15201625,29372625,14171000,239898630000000,1,1,1
1,1547,239898640000000,239898649650000,239898665481500,15831500,25481500,9650000,239898650000000,1,1,0
1,1549,239898650000000,239898665673250,239898679651000,13977750,29651000,15673250,239898660000000,1,1,1
1,1550,239898670000000,239898679845375,239898695719375,15874000,25719375,9845375,239898680000000,1,1,0
1,1552,239898680000000,239898695932750,239898711830125,15897375,31830125,15932750,239898690000000,1,1,1
1,1554,239898700000000,239898712095625,239898727746125,15650500,27746125,12095625,239898710000000,1,1,1
1,1555,239898720000000,239898727941500,239898743876500,15935000,23876500,7941500,239898730000000,1,1,0
1,1557,239898730000000,239898744038125,239898759853625,15815500,29853625,14038125,239898740000000,1,1,1
1,1559,239898750000000,239898760047000,239898775172375,15125375,25172375,10047000,239898760000000,1,1,1
1,1560,239898770000000,239898776144500,239898792039125,15894625,22039125,6144500,239898780000000,1,1,0
1,1562,239898780000000,239898792206375,239898808127750,15921375,28127750,12206375,239898790000000,1,1,1
1,1563,239898800000000,239898808305500,239898824542000,16236500,24542000,8305500,239898810000000,1,1,0
1,1565,239898810000000,239898824752875,239898840588000,15835125,30588000,14752875,239898820000000,1,1,1
1,1567,239898830000000,239898840748000,239898856094125,15346125,26094125,10748000,239898840000000,1,1,1
1,1568,239898850000000,239898856262125,239898872191750,15929625,22191750,6262125,239898860000000,1,1,0
1,1570,239898860000000,239898872357250,239898887525125,15167875,27525125,12357250,239898870000000,1,1,1
1,1571,239898880000000,239898887698875,239898902384250,14685375,22384250,7698875,239898890000000,1,1,0
1,1573,239898890000000,239898902551250,239898918119750,15568500,28119750,12551250,239898900000000,1,1,1
1,1574,239898910000000,239898918307125,239898934193000,15885875,24193000,8307125,239898920000000,1,1,0
1,1576,239898920000000,239898934351625,239898950120250,15768625,30120250,14351625,239898930000000,1,1,1
1,1578,239898940000000,239898950326625,239898965625375,15298750,25625375,10326625,239898950000000,1,1,1
1,1579,239898960000000,239898965815375,239898981045125,15229750,21045125,5815375,239898970000000,1,1,0
1,1581,239898970000000,239898981222875,239898996425375,15202500,26425375,11222875,239898980000000,1,1,1
1,1582,239898990000000,239898996588500,239899012429875,15841375,22429875,6588500,239899000000000,1,1,0
1,1584,239899000000000,239899012595750,239899028517750,15922000,28517750,12595750,239899010000000,1,1,1
1,1585,239899020000000,239899028677125,239899044561125,15884000,24561125,8677125,239899030000000,1,1,0
1,1587,239899030000000,239899044735375,239899060464375,15729000,30464375,14735375,239899040000000,1,1,1
1,1589,239899050000000,239899060613250,239899075844500,15231250,25844500,10613250,239899060000000,1,1,1
1,1590,239899070000000,239899076051125,239899091893500,15842375,21893500,6051125,239899080000000,1,1,0
1,1592,239899080000000,239899092068750,239899106328000,14259250,26328000,12068750,239899090000000,1,1,1
1,1593,239899100000000,239899106504375,239899122418750,15914375,22418750,6504375,239899110000000,1,1,0
1,1595,239899110000000,239899122595000,239899138135250,15540250,28135250,12595000,239899120000000,1,1,1
1,1596,239899130000000,239899138325000,239899153730750,15405750,23730750,8325000,239899140000000,1,1,0
1,1598,239899140000000,239899153972875,239899169118250,15145375,29118250,13972875,239899150000000,1,1,1
1,1599,239899160000000,239899169297000,239899185214500,15917500,25214500,9297000,239899170000000,1,1,0
1,1601,239899170000000,239899185397000,239899200668875,15271875,30668875,15397000,239899180000000,1,1,1
1,1603,239899190000000,239899200840625,239899216728000,15887375,26728000,10840625,239899200000000,1,1,1
1,1604,239899210000000,239899216902625,239899232660125,15757500,22660125,6902625,239899220000000,1,1,0
1,1606,239899220000000,239899232829875,239899248745000,15915125,28745000,12829875,239899230000000,1,1,1
1,1607,239899240000000,239899248908500,239899264810875,15902375,24810875,8908500,239899250000000,1,1,0
1,1609,239899250000000,239899264981250,239899280137875,15156625,30137875,14981250,239899260000000,1,1,1
1,1611,239899270000000,239899280288250,239899296250625,15962375,26250625,10288250,239899280000000,1,1,1
1,1612,239899290000000,239899296418625,239899312323375,15904750,22323375,6418625,239899300000000,1,1,0
1,1614,239899300000000,239899312486875,239899328310125,15823250,28310125,12486875,239899310000000,1,1,1
1,1615,239899320000000,239899328464000,239899344374625,15910625,24374625,8464000,239899330000000,1,1,0
1,1617,239899330000000,239899344456375,239899359791500,15335125,29791500,14456375,239899340000000,1,1,1
1,1619,239899350000000,239899360055500,239899375191625,15136125,25191625,10055500,239899360000000,1,1,1
1,1620,239899370000000,239899375384500,239899391303500,15919000,21303500,5384500,239899380000000,1,1,0
1,1622,239899380000000,239899392206750,239899407619625,15412875,27619625,12206750,239899390000000,1,1,1
1,1623,239899400000000,239899407832500,239899423727000,15894500,23727000,7832500,239899410000000,1,1,0
1,1625,239899410000000,239899423931625,239899438469500,14537875,28469500,13931625,239899420000000,1,1,1
1,1626,239899430000000,239899438632875,239899454235750,15602875,24235750,8632875,239899440000000,1,1,0
1,1628,239899440000000,239899454413750,239899468813750,14400000,28813750,14413750,239899450000000,1,1,1
1,1629,239899460000000,239899468987500,239899484339000,15351500,24339000,8987500,239899470000000,1,1,0
1,1631,239899470000000,239899484531000,239899500397500,15866500,30397500,14531000,239899480000000,1,1,1
1,1633,239899490000000,239899500560000,239899516358000,15798000,26358000,10560000,239899500000000,1,1,1
1,1634,239899510000000,239899516528375,239899532398875,15870500,22398875,6528375,239899520000000,1,1,0
1,1636,239899520000000,239899532565375,239899547332625,14767250,27332625,12565375,239899530000000,1,1,1
1,1637,239899540000000,239899547524000,239899561367125,13843125,21367125,7524000,239899550000000,1,1,0
1,1639,239899550000000,239899561560500,239899577266625,15706125,27266625,11560500,239899560000000,1,1,1
1,1640,239899570000000,239899577457875,239899593342750,15884875,23342750,7457875,239899580000000,1,1,0
1,1642,239899580000000,239899593505625,239899608835125,15329500,28835125,13505625,239899590000000,1,1,1
1,1643,239899600000000,239899609008000,239899624915250,15907250,24915250,9008000,239899610000000,1,1,0
1,1645,239899610000000,239899625066875,239899638620625,13553750,28620625,15066875,239899620000000,1,1,1
1,1646,239899630000000,239899638792500,239899653662250,14869750,23662250,8792500,239899640000000,1,1,0
1,1648,239899640000000,239899653860375,239899670049250,16188875,30049250,13860375,239899650000000,1,1,1
1,1650,239899660000000,239899670249875,239899685485625,15235750,25485625,10249875,239899670000000,1,1,1
1,1651,239899680000000,239899685656375,239899701511500,15855125,21511500,5656375,239899690000000,1,1,0
1,1653,239899690000000,239899701695500,239899717553500,15858000,27553500,11695500,239899700000000,1,1,1
1,1654,239899710000000,239899717714125,239899733660250,15946125,23660250,7714125,239899720000000,1,1,0
1,1656,239899720000000,239899733848750,239899747075000,13226250,27075000,13848750,239899730000000,1,1,1
1,1657,239899740000000,239899747261500,239899763125250,15863750,23125250,7261500,239899750000000,1,1,0
1,1659,239899750000000,239899763310125,239899779114000,15803875,29114000,13310125,239899760000000,1,1,1
1,1660,239899770000000,239899779294500,239899794722125,15427625,24722125,9294500,239899780000000,1,1,0
1,1662,239899780000000,239899794898750,239899811035500,16136750,31035500,14898750,239899790000000,1,1,1
1,1664,239899800000000,239899811217250,239899826427875,15210625,26427875,11217250,239899810000000,1,1,1
1,1665,239899820000000,239899827303250,239899842165750,14862500,22165750,7303250,239899830000000,1,1,0
1,1667,239899830000000,239899842354750,239899857022500,14667750,27022500,12354750,239899840000000,1,1,1
1,1668,239899850000000,239899857200625,239899872359750,15159125,22359750,7200625,239899860000000,1,1,0
1,1670,239899860000000,239899872532500,239899888379375,15846875,28379375,12532500,239899870000000,1,1,1
1,1671,239899880000000,239899888548250,239899903701125,15152875,23701125,8548250,239899890000000,1,1,0
1,1673,239899890000000,239899903877125,239899919088625,15211500,29088625,13877125,239899900000000,1,1,1
1,1674,239899910000000,239899919261500,239899935146250,15884750,25146250,9261500,239899920000000,1,1,0
1,1676,239899920000000,239899935325250,239899950532750,15207500,30532750,15325250,239899930000000,1,1,1
1,1678,239899940000000,239899950707875,239899966610375,15902500,26610375,10707875,239899950000000,1,1,1
1,1679,239899960000000,239899966791375,239899982595750,15804375,22595750,6791375,239899970000000,1,1,0
1,1681,239899970000000,239899982869500,239899998857750,15988250,28857750,12869500,239899980000000,1,1,1
1,1682,239899990000000,239899999071000,239900013281500,14210500,23281500,9071000,239900000000000,1,1,0
1,1684,239900000000000,239900014882250,239900029569000,14686750,29569000,14882250,239900010000000,1,1,1
1,1685,239900020000000,239900029768625,239900045636250,15867625,25636250,9768625,239900030000000,1,1,0
1,1687,239900030000000,239900045770500,239900060952250,15181750,30952250,15770500,239900040000000,1,1,1
1,1689,239900050000000,239900061121000,239900076973625,15852625,26973625,11121000,239900060000000,1,1,1
1,1690,239900070000000,239900077137125,239900093007750,15870625,23007750,7137125,239900080000000,1,1,0
1,1692,239900080000000,239900093176125,239900109006250,15830125,29006250,13176125,239900090000000,1,1,1
1,1693,239900100000000,239900109184500,239900123692125,14507625,23692125,9184500,239900110000000,1,1,0
1,1695,239900110000000,239900123874750,239900139766875,15892125,29766875,13874750,239900120000000,1,1,1
1,1696,239900130000000,239900139963000,239900155903375,15940375,25903375,9963000,239900140000000,1,1,0
1,1698,239900140000000,239900156046375,239900170336500,14290125,30336500,16046375,239900150000000,1,1,1
1,1700,239900160000000,239900170513250,239900186381875,15868625,26381875,10513250,239900170000000,1,1,1
1,1701,239900180000000,239900186528250,239900202388750,15860500,22388750,6528250,239900190000000,1,1,0
1,1703,239900190000000,239900202551625,239900216471875,13920250,26471875,12551625,239900200000000,1,1,1
1,1704,239900210000000,239900216642375,239900232503125,15860750,22503125,6642375,239900220000000,1,1,0
1,1706,239900220000000,239900232666125,239900248651500,15985375,28651500,12666125,239900230000000,1,1,1
1,1707,239900240000000,239900248827750,239900264779875,15952125,24779875,8827750,239900250000000,1,1,0
1,1709,239900250000000,239900264945375,239900280762750,15817375,30762750,14945375,239900260000000,1,1,1
1,1711,239900270000000,239900280908750,239900296765125,15856375,26765125,10908750,239900280000000,1,1,1
1,1712,239900290000000,239900296919875,239900312164000,15244125,22164000,6919875,239900300000000,1,1,0
1,1714,239900300000000,239900312326125,239900328242125,15916000,28242125,12326125,239900310000000,1,1,1
1,1715,239900320000000,239900328407625,239900344255250,15847625,24255250,8407625,239900330000000,1,1,0
1,1717,239900330000000,239900344410000,239900359785250,15375250,29785250,14410000,239900340000000,1,1,1
1,1718,239900350000000,239900359978625,239900375860500,15881875,25860500,9978625,239900360000000,1,1,0
1,1720,239900360000000,239900376031125,239900391835000,15803875,31835000,16031125,239900370000000,1,1,1
1,1722,239900380000000,239900392085125,239900407239750,15154625,27239750,12085125,239900390000000,1,1,1
1,1723,239900400000000,239900407432000,239900423252500,15820500,23252500,7432000,239900410000000,1,1,0
1,1725,239900410000000,239900423435875,239900439294000,15858125,29294000,13435875,239900420000000,1,1,1
1,1726,239900430000000,239900439472000,239900454712250,15240250,24712250,9472000,239900440000000,1,1,0
1,1728,239900440000000,239900454880500,239900470732250,15851750,30732250,14880500,239900450000000,1,1,1
1,1730,239900460000000,239900470906000,239900486789750,15883750,26789750,10906000,239900470000000,1,1,1
1,1731,239900480000000,239900486957250,239900502856125,15898875,22856125,6957250,239900490000000,1,1,0
1,1733,239900490000000,239900503026875,239900518243750,15216875,28243750,13026875,239900500000000,1,1,1
1,1734,239900510000000,239900518431750,239900534297375,15865625,24297375,8431750,239900520000000,1,1,0
1,1736,239900520000000,239900534483000,239900550414000,15931000,30414000,14483000,239900530000000,1,1,1
1,1738,239900540000000,239900550599500,239900566109125,15509625,26109125,10599500,239900550000000,1,1,1
1,1739,239900560000000,239900566284250,239900582141750,15857500,22141750,6284250,239900570000000,1,1,0
1,1741,239900570000000,239900582358500,239900596308375,13949875,26308375,12358500,239900580000000,1,1,1
1,1742,239900590000000,239900596519625,239900611630625,15111000,21630625,6519625,239900600000000,1,1,0
1,1744,239900600000000,239900611821875,239900627729625,15907750,27729625,11821875,239900610000000,1,1,1
1,1745,239900620000000,239900628639375,239900644034125,15394750,24034125,8639375,239900630000000,1,1,0
1,1747,239900630000000,239900644199500,239900660131250,15931750,30131250,14199500,239900640000000,1,1,1
1,1749,239900650000000,239900660292625,239900676192250,15899625,26192250,10292625,239900660000000,1,1,1
1,1750,239900670000000,239900676359125,239900692166875,15807750,22166875,6359125,239900680000000,1,1,0
1,1752,239900680000000,239900692315625,239900707501250,15185625,27501250,12315625,239900690000000,1,1,1
1,1753,239900700000000,239900707684625,239900723463125,15778500,23463125,7684625,239900710000000,1,1,0
1,1755,239900710000000,239900723667625,239900739562750,15895125,29562750,13667625,239900720000000,1,1,1
1,1756,239900730000000,239900739751625,239900754621375,14869750,24621375,9751625,239900740000000,1,1,0
1,1758,239900740000000,239900754815125,239900769957750,15142625,29957750,14815125,239900750000000,1,1,1
1,1760,239900760000000,239900770132875,239900785610250,15477375,25610250,10132875,239900770000000,1,1,1
1,1761,239900780000000,239900785792375,239900800866125,15073750,20866125,5792375,239900790000000,1,1,0
1,1763,239900790000000,239900801058375,239900815719250,14660875,25719250,11058375,239900800000000,1,1,1
1,1764,239900810000000,239900815920000,239900831554375,15634375,21554375,5920000,239900820000000,1,1,0
1,1766,239900820000000,239900831916500,239900847176625,15260125,27176625,11916500,239900830000000,1,1,1
1,1767,239900840000000,239900847384125,239900863313375,15929250,23313375,7384125,239900850000000,1,1,0
1,1769,239900850000000,239900863507500,239900879386875,15879375,29386875,13507500,239900860000000,1,1,1
1,1770,239900870000000,239900879551000,239900894113875,14562875,24113875,9551000,239900880000000,1,1,0
1,1772,239900880000000,239900894243125,239900910118750,15875625,30118750,14243125,239900890000000,1,1,1
1,1774,239900900000000,239900910297375,239900925885375,15588000,25885375,10297375,239900910000000,1,1,1
1,1775,239900920000000,239900926058125,239900941977625,15919500,21977625,6058125,239900930000000,1,1,0
1,1777,239900930000000,239900942153875,239900958015750,15861875,28015750,12153875,239900940000000,1,1,1
1,1778,239900950000000,239900958194000,239900974079625,15885625,24079625,8194000,239900960000000,1,1,0
1,1780,239900960000000,239900974270875,239900988733750,14462875,28733750,14270875,239900970000000,1,1,1
1,1781,239900980000000,239900988877250,239901004721125,15843875,24721125,8877250,239900990000000,1,1,0
1,1783,239900990000000,239901004892625,239901020797625,15905000,30797625,14892625,239901000000000,1,1,1
1,1785,239901010000000,239901020991000,239901036731875,15740875,26731875,10991000,239901020000000,1,1,1
1,1786,239901030000000,239901036901625,239901052727375,15825750,22727375,6901625,239901040000000,1,1,0
1,1788,239901040000000,239901052894375,239901067519750,14625375,27519750,12894375,239901050000000,1,1,1
1,1789,239901060000000,239901067715000,239901083557750,15842750,23557750,7715000,239901070000000,1,1,0
1,1791,239901070000000,239901083733375,239901098886250,15152875,28886250,13733375,239901080000000,1,1,1
1,1792,239901090000000,239901099070250,239901114991125,15920875,24991125,9070250,239901100000000,1,1,0
1,1794,239901100000000,239901115182125,239901131057000,15874875,31057000,15182125,239901110000000,1,1,1
1,1796,239901120000000,239901131232750,239901147109250,15876500,27109250,11232750,239901130000000,1,1,1
1,1797,239901140000000,239901147294750,239901163087750,15793000,23087750,7294750,239901150000000,1,1,0
1,1799,239901150000000,239901163261500,239901179194125,15932625,29194125,13261500,239901160000000,1,1,1
1,1800,239901170000000,239901179378625,239901194166500,14787875,24166500,9378625,239901180000000,1,1,0
1,1802,239901180000000,239901194380250,239901210282750,15902500,30282750,14380250,239901190000000,1,1,1
1,1804,239901200000000,239901210475750,239901225755000,15279250,25755000,10475750,239901210000000,1,1,1
1,1805,239901220000000,239901225931750,239901241338250,15406500,21338250,5931750,239901230000000,1,1,0
1,1807,239901230000000,239901241512625,239901257380875,15868250,27380875,11512625,239901240000000,1,1,1
1,1808,239901250000000,239901258298250,239901273617875,15319625,23617875,8298250,239901260000000,1,1,0
1,1810,239901260000000,239901273823375,239901288908875,15085500,28908875,13823375,239901270000000,1,1,1
1,1811,239901280000000,239901289773750,239901305004000,15230250,25004000,9773750,239901290000000,1,1,0
1,1813,239901290000000,239901305173500,239901321011375,15837875,31011375,15173500,239901300000000,1,1,1
1,1815,239901310000000,239901321189125,239901335785000,14595875,25785000,11189125,239901320000000,1,1,1
1,1816,239901330000000,239901335992625,239901351399125,15406500,21399125,5992625,239901340000000,1,1,0
1,1818,239901340000000,239901351597250,239901367478625,15881375,27478625,11597250,239901350000000,1,1,1
1,1819,239901360000000,239901367651000,239901380771750,13120750,20771750,7651000,239901370000000,1,1,0
1,1821,239901370000000,239901380936250,239901395539625,14603375,25539625,10936250,239901380000000,1,1,1
1,1822,239901390000000,239901395729875,239901410399625,14669750,20399625,5729875,239901400000000,1,1,0
1,1824,239901400000000,239901410575875,239901426402125,15826250,26402125,10575875,239901410000000,1,1,1
1,1825,239901420000000,239901426569375,239901441889250,15319875,21889250,6569375,239901430000000,1,1,0
1,1827,239901430000000,239901442079000,239901457291875,15212875,27291875,12079000,239901440000000,1,1,1
1,1828,239901450000000,239901457459250,239901473272500,15813250,23272500,7459250,239901460000000,1,1,0
1,1830,239901460000000,239901473429625,239901488735625,15306000,28735625,13429625,239901470000000,1,1,1
1,1831,239901480000000,239901488910375,239901504829875,15919500,24829875,8910375,239901490000000,1,1,0
1,1833,239901490000000,239901504992875,239901520865000,15872125,30865000,14992875,239901500000000,1,1,1
1,1835,239901510000000,239901521029875,239901536944000,15914125,26944000,11029875,239901520000000,1,1,1
1,1836,239901530000000,239901537111500,239901551200000,14088500,21200000,7111500,239901540000000,1,1,0
1,1838,239901540000000,239901551402875,239901566832000,15429125,26832000,11402875,239901550000000,1,1,1
1,1839,239901560000000,239901567015500,239901582891000,15875500,22891000,7015500,239901570000000,1,1,0
1,1841,239901570000000,239901583045250,239901598982250,15937000,28982250,13045250,239901580000000,1,1,1
1,1842,239901590000000,239901599159875,239901614385000,15225125,24385000,9159875,239901600000000,1,1,0
1,1844,239901600000000,239901614578625,239901630406375,15827750,30406375,14578625,239901610000000,1,1,1
1,1846,239901620000000,239901630581625,239901646497625,15916000,26497625,10581625,239901630000000,1,1,1
1,1847,239901640000000,239901646674375,239901662078500,15404125,22078500,6674375,239901650000000,1,1,0
1,1849,239901650000000,239901662239125,239901677973625,15734500,27973625,12239125,239901660000000,1,1,1
1,1850,239901670000000,239901678166750,239901694069750,15903000,24069750,8166750,239901680000000,1,1,0
1,1852,239901680000000,239901694256625,239901709560750,15304125,29560750,14256625,239901690000000,1,1,1
1,1853,239901700000000,239901709734500,239901725390375,15655875,25390375,9734500,239901710000000,1,1,0
1,1855,239901710000000,239901725513000,239901741283500,15770500,31283500,15513000,239901720000000,1,1,1
1,1857,239901730000000,239901741550000,239901756829750,15279750,26829750,11550000,239901740000000,1,1,1
1,1858,239901750000000,239901756992250,239901772904000,15911750,22904000,6992250,239901760000000,1,1,0
1,1860,239901760000000,239901773071875,239901788854625,15782750,28854625,13071875,239901770000000,1,1,1
1,1861,239901780000000,239901789123625,239901804226125,15102500,24226125,9123625,239901790000000,1,1,0
1,1863,239901790000000,239901804381750,239901820561375,16179625,30561375,14381750,239901800000000,1,1,1
1,1865,239901810000000,239901820693625,239901836600375,15906750,26600375,10693625,239901820000000,1,1,1
1,1866,239901830000000,239901836762250,239901852537375,15775125,22537375,6762250,239901840000000,1,1,0
1,1868,239901840000000,239901852702875,239901867938625,15235750,27938625,12702875,239901850000000,1,1,1
1,1869,239901860000000,239901868869750,239901884833125,15963375,24833125,8869750,239901870000000,1,1,0
1,1871,239901870000000,239901885005500,239901900893625,15888125,30893625,15005500,239901880000000,1,1,1
1,1873,239901890000000,239901901055125,239901916872625,15817500,26872625,11055125,239901900000000,1,1,1
1,1874,239901910000000,239901917027000,239901932257250,15230250,22257250,7027000,239901920000000,1,1,0
1,1876,239901920000000,239901932461875,239901948301750,15839875,28301750,12461875,239901930000000,1,1,1
1,1877,239901940000000,239901948466625,239901963593625,15127000,23593625,8466625,239901950000000,1,1,0
1,1879,239901950000000,239901963761000,239901978120375,14359375,28120375,13761000,239901960000000,1,1,1
1,1880,239901970000000,239901978312750,239901993997875,15685125,23997875,8312750,239901980000000,1,1,0
1,1882,239901980000000,239901994172000,239902009191250,15019250,29191250,14172000,239901990000000,1,1,1
1,1883,239902000000000,239902009332250,239902025137625,15805375,25137625,9332250,239902010000000,1,1,0
1,1885,239902010000000,239902025281125,239902039885875,14604750,29885875,15281125,239902020000000,1,1,1
1,1887,239902030000000,239902040207500,239902054963625,14756125,24963625,10207500,239902040000000,1,1,1
1,1888,239902050000000,239902055183375,239902069315625,14132250,19315625,5183375,239902060000000,1,1,0
1,1889,239902060000000,239902069486500,239902085439625,15953125,25439625,9486500,239902070000000,1,1,0
1,1891,239902070000000,239902085615750,239902101486500,15870750,31486500,15615750,239902080000000,1,1,1
1,1893,239902090000000,239902101660250,239902117558125,15897875,27558125,11660250,239902100000000,1,1,1
1,1894,239902110000000,239902117738750,239902133584625,15845875,23584625,7738750,239902120000000,1,1,0
1,1896,239902120000000,239902133758875,239902148967250,15208375,28967250,13758875,239902130000000,1,1,1
1,1897,239902140000000,239902149134125,239902164866250,15732125,24866250,9134125,239902150000000,1,1,0
1,1899,239902150000000,239902165037000,239902180918500,15881500,30918500,15037000,239902160000000,1,1,1
1,1901,239902170000000,239902181096000,239902196339625,15243625,26339625,11096000,239902180000000,1,1,1
1,1902,239902190000000,239902196503625,239902211831625,15328000,21831625,6503625,239902200000000,1,1,0
1,1904,239902200000000,239902212033750,239902227441250,15407500,27441250,12033750,239902210000000,1,1,1
1,1905,239902220000000,239902227627750,239902241511750,13884000,21511750,7627750,239902230000000,1,1,0
1,1907,239902230000000,239902241680375,239902257593875,15913500,27593875,11680375,239902240000000,1,1,1
1,1908,239902250000000,239902257771375,239902273650000,15878625,23650000,7771375,239902260000000,1,1,0
1,1910,239902260000000,239902273819875,239902289737250,15917375,29737250,13819875,239902270000000,1,1,1
1,1911,239902280000000,239902289928000,239902305129750,15201750,25129750,9928000,239902290000000,1,1,0
1,1913,239902290000000,239902305293125,239902321148250,15855125,31148250,15293125,239902300000000,1,1,1
1,1915,239902310000000,239902321317125,239902336521625,15204500,26521625,11317125,239902320000000,1,1,1
1,1916,239902330000000,239902336690000,239902351891625,15201625,21891625,6690000,239902340000000,1,1,0
1,1918,239902340000000,239902352127000,239902367440250,15313250,27440250,12127000,239902350000000,1,1,1
1,1919,239902360000000,239902367637375,239902383030375,15393000,23030375,7637375,239902370000000,1,1,0
1,1921,239902370000000,239902383208500,239902399103500,15895000,29103500,13208500,239902380000000,1,1,1
1,1922,239902390000000,239902399294875,239902413797750,14502875,23797750,9294875,239902400000000,1,1,0
1,1924,239902400000000,239902413968000,239902429846000,15878000,29846000,13968000,239902410000000,1,1,1
1,1926,239902420000000,239902430021125,239902445110125,15089000,25110125,10021125,239902430000000,1,1,1
1,1927,239902440000000,239902445278500,239902459358250,14079750,19358250,5278500,239902450000000,1,1,0
1,1928,239902450000000,239902459549125,239902474371125,14822000,24371125,9549125,239902460000000,1,1,0
1,1930,239902460000000,239902474556000,239902490471625,15915625,30471625,14556000,239902470000000,1,1,1
1,1932,239902480000000,239902491347000,239902505692750,14345750,25692750,11347000,239902490000000,1,1,1
1,1933,239902500000000,239902505887500,239902521706875,15819375,21706875,5887500,239902510000000,1,1,0
1,1935,239902510000000,239902521872375,239902537018875,15146500,27018875,11872375,239902520000000,1,1,1
1,1936,239902530000000,239902537190250,239902553135000,15944750,23135000,7190250,239902540000000,1,1,0
1,1938,239902540000000,239902553311625,239902569171500,15859875,29171500,13311625,239902550000000,1,1,1
1,1939,239902560000000,239902569336500,239902585258500,15922000,25258500,9336500,239902570000000,1,1,0
1,1941,239902570000000,239902585430375,239902600628500,15198125,30628500,15430375,239902580000000,1,1,1
1,1943,239902590000000,239902600783250,239902615985250,15202000,25985250,10783250,239902600000000,1,1,1
1,1944,239902610000000,239902616216000,239902632047750,15831750,22047750,6216000,239902620000000,1,1,0
1,1946,239902620000000,239902632197125,239902648074625,15877500,28074625,12197125,239902630000000,1,1,1
1,1947,239902640000000,239902648244875,239902664128250,15883375,24128250,8244875,239902650000000,1,1,0
1,1949,239902650000000,239902664285875,239902678893125,14607250,28893125,14285875,239902660000000,1,1,1
1,1950,239902670000000,239902679057625,239902694242250,15184625,24242250,9057625,239902680000000,1,1,0
1,1952,239902680000000,239902694423750,239902710300750,15877000,30300750,14423750,239902690000000,1,1,1
1,1954,239902700000000,239902710470625,239902724564000,14093375,24564000,10470625,239902710000000,1,1,1
1,1955,239902720000000,239902724736750,239902740587500,15850750,20587500,4736750,239902730000000,1,0,0
1,1957,239902730000000,239902740753875,239902755910125,15156250,25910125,10753875,239902740000000,1,1,1
1,1958,239902750000000,239902756165375,239902772132125,15966750,22132125,6165375,239902760000000,1,1,0
1,1960,239902760000000,239902772333750,239902786811750,14478000,26811750,12333750,239902770000000,1,1,1
1,1961,239902780000000,239902786988750,239902802972125,15983375,22972125,6988750,239902790000000,1,1,0
1,1963,239902790000000,239902803177250,239902819097500,15920250,29097500,13177250,239902800000000,1,1,1
1,1964,239902810000000,239902819297750,239902834554875,15257125,24554875,9297750,239902820000000,1,1,0
1,1966,239902820000000,239902834734125,239902850629625,15895500,30629625,14734125,239902830000000,1,1,1
1,1968,239902840000000,239902850796750,239902866044000,15247250,26044000,10796750,239902850000000,1,1,1
1,1969,239902860000000,239902866215375,239902881423750,15208375,21423750,6215375,239902870000000,1,1,0
1,1971,239902870000000,239902881591750,239902897488750,15897000,27488750,11591750,239902880000000,1,1,1
1,1972,239902890000000,239902897659500,239902912939250,15279750,22939250,7659500,239902900000000,1,1,0
1,1974,239902900000000,239902913114875,239902928298500,15183625,28298500,13114875,239902910000000,1,1,1
1,1975,239902920000000,239902928468875,239902944316000,15847125,24316000,8468875,239902930000000,1,1,0
1,1977,239902930000000,239902944472375,239902960390250,15917875,30390250,14472375,239902940000000,1,1,1
1,1979,239902950000000,239902960557625,239902975760250,15202625,25760250,10557625,239902960000000,1,1,1
1,1980,239902970000000,239902975951125,239902991829500,15878375,21829500,5951125,239902980000000,1,1,0
1,1982,239902980000000,239902992032125,239903007856875,15824750,27856875,12032125,239902990000000,1,1,1
1,1983,239903000000000,239903008031875,239903022851125,14819250,22851125,8031875,239903010000000,1,1,0
1,1985,239903010000000,239903023039000,239903038868750,15829750,28868750,13039000,239903020000000,1,1,1
1,1986,239903030000000,239903039032875,239903054228000,15195125,24228000,9032875,239903040000000,1,1,0
1,1988,239903040000000,239903054414375,239903069666750,15252375,29666750,14414375,239903050000000,1,1,1
1,1989,239903060000000,239903069852125,239903085703875,15851750,25703875,9852125,239903070000000,1,1,0
1,1991,239903070000000,239903085869250,239903101786875,15917625,31786875,15869250,239903080000000,1,1,1
1,1993,239903090000000,239903102731500,239903117317375,14585875,27317375,12731500,239903100000000,1,1,1
1,1994,239903110000000,239903117513625,239903133387625,15874000,23387625,7513625,239903120000000,1,1,0
1,1996,239903120000000,239903133556000,239903149450125,15894125,29450125,13556000,239903130000000,1,1,1
1,1997,239903140000000,239903149625875,239903165380250,15754375,25380250,9625875,239903150000000,1,1,0
1,1999,239903150000000,239903165556000,239903180744875,15188875,30744875,15556000,239903160000000,1,1,1
1,2001,239903170000000,239903180913375,239903196777625,15864250,26777625,10913375,239903180000000,1,1,1
1,2002,239903190000000,239903196960250,239903212850375,15890125,22850375,6960250,239903200000000,1,1,0
1,2004,239903200000000,239903213026500,239903228871375,15844875,28871375,13026500,239903210000000,1,1,1
1,2005,239903220000000,239903229012750,239903244310625,15297875,24310625,9012750,239903230000000,1,1,0
1,2007,239903230000000,239903244487250,239903260314625,15827375,30314625,14487250,239903240000000,1,1,1
1,2009,239903250000000,239903260482375,239903275670875,15188500,25670875,10482375,239903260000000,1,1,1
1,2010,239903270000000,239903275851500,239903291137000,15285500,21137000,5851500,239903280000000,1,1,0
1,2012,239903280000000,239903291328250,239903306594375,15266125,26594375,11328250,239903290000000,1,1,1
1,2013,239903300000000,239903306778875,239903322748125,15969250,22748125,6778875,239903310000000,1,1,0
1,2015,239903310000000,239903322939000,239903338109750,15170750,28109750,12939000,239903320000000,1,1,1
1,2016,239903330000000,239903338414375,239903354271750,15857375,24271750,8414375,239903340000000,1,1,0
1,2018,239903340000000,239903354458125,239903369660375,15202250,29660375,14458125,239903350000000,1,1,1
1,2019,239903360000000,239903369808250,239903385696000,15887750,25696000,9808250,239903370000000,1,1,0
1,2021,239903370000000,239903385866750,239903401114750,15248000,31114750,15866750,239903380000000,1,1,1
1,2023,239903390000000,239903401295375,239903417144500,15849125,27144500,11295375,239903400000000,1,1,1
1,2024,239903410000000,239903417310625,239903433177250,15866625,23177250,7310625,239903420000000,1,1,0
1,2026,239903420000000,239903433356500,239903448516500,15160000,28516500,13356500,239903430000000,1,1,1
1,2027,239903440000000,239903448679000,239903463843000,15164000,23843000,8679000,239903450000000,1,1,0
1,2029,239903450000000,239903464099875,239903479929500,15829625,29929500,14099875,239903460000000,1,1,1
1,2031,239903470000000,239903480113625,239903495987500,15873875,25987500,10113625,239903480000000,1,1,1
1,2032,239903490000000,239903496182625,239903512061125,15878500,22061125,6182625,239903500000000,1,1,0
1,2034,239903500000000,239903512225750,239903528069500,15843750,28069500,12225750,239903510000000,1,1,1
1,2035,239903520000000,239903528231500,239903543556625,15325125,23556625,8231500,239903530000000,1,1,0
1,2037,239903530000000,239903543740625,239903559667375,15926750,29667375,13740625,239903540000000,1,1,1
1,2038,239903550000000,239903559851250,239903574673875,14822625,24673875,9851250,239903560000000,1,1,0
1,2040,239903560000000,239903574860250,239903590742125,15881875,30742125,14860250,239903570000000,1,1,1
1,2042,239903580000000,239903590915750,239903606818750,15903000,26818750,10915750,239903590000000,1,1,1
1,2043,239903600000000,239903607002250,239903622916875,15914625,22916875,7002250,239903610000000,1,1,0
1,2045,239903610000000,239903623068125,239903638903125,15835000,28903125,13068125,239903620000000,1,1,1
1,2046,239903630000000,239903639076875,239903653575375,14498500,23575375,9076875,239903640000000,1,1,0
1,2048,239903640000000,239903653759875,239903668965375,15205500,28965375,13759875,239903650000000,1,1,1
1,2049,239903660000000,239903669130750,239903684692625,15561875,24692625,9130750,239903670000000,1,1,0
1,2051,239903670000000,239903684888250,239903700390500,15502250,30390500,14888250,239903680000000,1,1,1
1,2053,239903690000000,239903700589625,239903716504750,15915125,26504750,10589625,239903700000000,1,1,1
1,2054,239903710000000,239903716665250,239903732544125,15878875,22544125,6665250,239903720000000,1,1,0
1,2056,239903720000000,239903738367000,239903753649000,15282000,33649000,18367000,239903730000000,1,1,1
1,2058,239903740000000,239903753853000,239903768061500,14208500,28061500,13853000,239903750000000,1,1,1
1,2059,239903760000000,239903768231375,239903784109000,15877625,24109000,8231375,239903770000000,1,1,0
1,2061,239903770000000,239903784261250,239903799037375,14776125,29037375,14261250,239903780000000,1,1,1
1,2062,239903790000000,239903799218625,239903815362500,16143875,25362500,9218625,239903800000000,1,1,0
1,2064,239903800000000,239903815567750,239903830419125,14851375,30419125,15567750,239903810000000,1,1,1
1,2066,239903820000000,239903830618750,239903846330250,15711500,26330250,10618750,239903830000000,1,1,1
1,2067,239903840000000,239903846524500,239903862490750,15966250,22490750,6524500,239903850000000,1,1,0
1,2069,239903850000000,239903862692250,239903878569875,15877625,28569875,12692250,239903860000000,1,1,1
1,2070,239903870000000,239903878754375,239903893337250,14582875,23337250,8754375,239903880000000,1,1,0
1,2072,239903880000000,239903893524000,239903909409750,15885750,29409750,13524000,239903890000000,1,1,1
1,2073,239903900000000,239903909579250,239903925447500,15868250,25447500,9579250,239903910000000,1,1,0
1,2075,239903910000000,239903925619750,239903941490750,15871000,31490750,15619750,239903920000000,1,1,1
1,2077,239903930000000,239903941664125,239903957524500,15860375,27524500,11664125,239903940000000,1,1,1
1,2078,239903950000000,239903957700375,239903973544500,15844125,23544500,7700375,239903960000000,1,1,0
1,2080,239903960000000,239903973724625,239903988926750,15202125,28926750,13724625,239903970000000,1,1,1
1,2081,239903980000000,239903989103875,239904005009250,15905375,25009250,9103875,239903990000000,1,1,0
1,2083,239903990000000,239904005140625,239904020928250,15787625,30928250,15140625,239904000000000,1,1,1
1,2085,239904010000000,239904021091250,239904036955000,15863750,26955000,11091250,239904020000000,1,1,1
1,2086,239904030000000,239904037136000,239904051685375,14549375,21685375,7136000,239904040000000,1,1,0
1,2088,239904040000000,239904051867000,239904067717500,15850500,27717500,11867000,239904050000000,1,1,1
1,2089,239904060000000,239904067892125,239904082656625,14764500,22656625,7892125,239904070000000,1,1,0
1,2091,239904070000000,239904082842500,239904098119875,15277375,28119875,12842500,239904080000000,1,1,1
1,2092,239904090000000,239904098302750,239904114194500,15891750,24194500,8302750,239904100000000,1,1,0
1,2094,239904100000000,239904114371125,239904130305750,15934625,30305750,14371125,239904110000000,1,1,1
1,2096,239904120000000,239904130484250,239904146058750,15574500,26058750,10484250,239904130000000,1,1,1
1,2097,239904140000000,239904146240375,239904160276750,14036375,20276750,6240375,239904150000000,1,1,0
1,2099,239904150000000,239904160438250,239904175628250,15190000,25628250,10438250,239904160000000,1,1,1
1,2100,239904170000000,239904175816625,239904191059750,15243125,21059750,5816625,239904180000000,1,1,0
1,2102,239904180000000,239904191243625,239904206202750,14959125,26202750,11243625,239904190000000,1,1,1
1,2103,239904200000000,239904206383375,239904222276000,15892625,22276000,6383375,239904210000000,1,1,0
1,2105,239904210000000,239904222432625,239904237073625,14641000,27073625,12432625,239904220000000,1,1,1
1,2106,239904230000000,239904237232625,239904252450875,15218250,22450875,7232625,239904240000000,1,1,0
1,2108,239904240000000,239904252641125,239904267312875,14671750,27312875,12641125,239904250000000,1,1,1
1,2109,239904260000000,239904267537875,239904283376375,15838500,23376375,7537875,239904270000000,1,1,0
1,2111,239904270000000,239904283562250,239904298768375,15206125,28768375,13562250,239904280000000,1,1,1
1,2112,239904290000000,239904298948500,239904313882125,14933625,23882125,8948500,239904300000000,1,1,0
1,2114,239904300000000,239904314053500,239904329972375,15918875,29972375,14053500,239904310000000,1,1,1
1,2116,239904320000000,239904330142875,239904345295625,15152750,25295625,10142875,239904330000000,1,1,1
1,2117,239904340000000,239904346869875,239904361443875,14574000,21443875,6869875,239904350000000,1,1,0
1,2119,239904350000000,239904361635625,239904377590750,15955125,27590750,11635625,239904360000000,1,1,1
1,2120,239904370000000,239904377781500,239904393721125,15939625,23721125,7781500,239904380000000,1,1,0
1,2122,239904380000000,239904393898250,239904409740625,15842375,29740625,13898250,239904390000000,1,1,1
1,2123,239904400000000,239904409903625,239904425292125,15388500,25292125,9903625,239904410000000,1,1,0
1,2125,239904410000000,239904425465375,239904440062375,14597000,30062375,15465375,239904420000000,1,1,1
1,2127,239904430000000,239904440237625,239904455380750,15143125,25380750,10237625,239904440000000,1,1,1
1,2128,239904450000000,239904455551250,239904471412375,15861125,21412375,5551250,239904460000000,1,1,0
1,2130,239904460000000,239904471599875,239904487517875,15918000,27517875,11599875,239904470000000,1,1,1
1,2131,239904480000000,239904487701375,239904503485625,15784250,23485625,7701375,239904490000000,1,1,0
1,2133,239904490000000,239904503659250,239904519535375,15876125,29535375,13659250,239904500000000,1,1,1
1,2134,239904510000000,239904519731625,239904534927375,15195750,24927375,9731625,239904520000000,1,1,0
1,2136,239904520000000,239904535108375,239904550217375,15109000,30217375,15108375,239904530000000,1,1,1
1,2138,239904540000000,239904550387500,239904566248000,15860500,26248000,10387500,239904550000000,1,1,1
1,2139,239904560000000,239904566426625,239904581984000,15557375,21984000,6426625,239904570000000,1,1,0
1,2141,239904570000000,239904582168500,239904597437000,15268500,27437000,12168500,239904580000000,1,1,1
1,2142,239904590000000,239904597606875,239904613235875,15629000,23235875,7606875,239904600000000,1,1,0
1,2144,239904600000000,239904613399500,239904628652875,15253375,28652875,13399500,239904610000000,1,1,1
1,2145,239904620000000,239904628814375,239904643541625,14727250,23541625,8814375,239904630000000,1,1,0
1,2147,239904630000000,239904643760250,239904658990750,15230500,28990750,13760250,239904640000000,1,1,1
1,2148,239904650000000,239904659189500,239904675007250,15817750,25007250,9189500,239904660000000,1,1,0
1,2150,239904660000000,239904675184000,239904691065375,15881375,31065375,15184000,239904670000000,1,1,1
1,2152,239904680000000,239904691272750,239904706506125,15233375,26506125,11272750,239904690000000,1,1,1
1,2153,239904700000000,239904706681375,239904721870875,15189500,21870875,6681375,239904710000000,1,1,0
1,2155,239904710000000,239904722049500,239904735941875,13892375,25941875,12049500,239904720000000,1,1,1
1,2156,239904730000000,239904736121375,239904752058500,15937125,22058500,6121375,239904740000000,1,1,0
1,2158,239904740000000,239904752228750,239904768057000,15828250,28057000,12228750,239904750000000,1,1,1
1,2159,239904760000000,239904768211750,239904783559125,15347375,23559125,8211750,239904770000000,1,1,0
1,2161,239904770000000,239904783756875,239904798539875,14783000,28539875,13756875,239904780000000,1,1,1
1,2162,239904790000000,239904798709625,239904813887000,15177375,23887000,8709625,239904800000000,1,1,0
1,2164,239904800000000,239904814093375,239904829337875,15244500,29337875,14093375,239904810000000,1,1,1
1,2165,239904820000000,239904829526250,239904845390125,15863875,25390125,9526250,239904830000000,1,1,0
1,2167,239904830000000,239904845575500,239904861244750,15669250,31244750,15575500,239904840000000,1,1,1
1,2169,239904850000000,239904861448250,239904876140875,14692625,26140875,11448250,239904860000000,1,1,1
1,2170,239904870000000,239904876333625,239904892285750,15952125,22285750,6333625,239904880000000,1,1,0
1,2172,239904880000000,239904892458500,239904907620750,15162250,27620750,12458500,239904890000000,1,1,1
1,2173,239904900000000,239904907806125,239904923657750,15851625,23657750,7806125,239904910000000,1,1,0
1,2175,239904910000000,239904923856375,239904939774875,15918500,29774875,13856375,239904920000000,1,1,1
1,2176,239904930000000,239904939970000,239904955750500,15780500,25750500,9970000,239904940000000,1,1,0
1,2178,239904940000000,239904955918375,239904971818250,15899875,31818250,15918375,239904950000000,1,1,1
1,2180,239904960000000,239904972791375,239904988700125,15908750,28700125,12791375,239904970000000,1,1,1
1,2181,239904980000000,239904988894250,239905003538250,14644000,23538250,8894250,239904990000000,1,1,0
1,2183,239904990000000,239905003723750,239905018902750,15179000,28902750,13723750,239905000000000,1,1,1
1,2184,239905010000000,239905019092125,239905034349375,15257250,24349375,9092125,239905020000000,1,1,0
1,2186,239905020000000,239905034545625,239905050431875,15886250,30431875,14545625,239905030000000,1,1,1
1,2188,239905040000000,239905050598250,239905065239250,14641000,25239250,10598250,239905050000000,1,1,1
1,2189,239905060000000,239905065413500,239905081176375,15762875,21176375,5413500,239905070000000,1,1,0
1,2191,239905070000000,239905081334875,239905097227125,15892250,27227125,11334875,239905080000000,1,1,1
1,2192,239905090000000,239905097406125,239905112591250,15185125,22591250,7406125,239905100000000,1,1,0
1,2194,239905100000000,239905112752250,239905128624375,15872125,28624375,12752250,239905110000000,1,1,1
1,2195,239905120000000,239905128793375,239905144693250,15899875,24693250,8793375,239905130000000,1,1,0
1,2197,239905130000000,239905144869375,239905160725875,15856500,30725875,14869375,239905140000000,1,1,1
1,2199,239905150000000,239905160908000,239905176808375,15900375,26808375,10908000,239905160000000,1,1,1
1,2200,239905170000000,239905176985500,239905192864875,15879375,22864875,6985500,239905180000000,1,1,0
1,2202,239905180000000,239905193021625,239905208809750,15788125,28809750,13021625,239905190000000,1,1,1
1,2203,239905200000000,239905208972250,239905223543875,14571625,23543875,8972250,239905210000000,1,1,0
1,2205,239905210000000,239905223735250,239905239600625,15865375,29600625,13735250,239905220000000,1,1,1
1,2206,239905230000000,239905239786500,239905255657125,15870625,25657125,9786500,239905240000000,1,1,0
1,2208,239905240000000,239905255855250,239905271743000,15887750,31743000,15855250,239905250000000,1,1,1
1,2210,239905260000000,239905271944000,239905287807000,15863000,27807000,11944000,239905270000000,1,1,1
1,2211,239905280000000,239905288024000,239905303837250,15813250,23837250,8024000,239905290000000,1,1,0
1,2213,239905290000000,239905304096250,239905319204375,15108125,29204375,14096250,239905300000000,1,1,1
1,2214,239905310000000,239905319395125,239905334346875,14951750,24346875,9395125,239905320000000,1,1,0
1,2216,239905320000000,239905334532375,239905350384000,15851625,30384000,14532375,239905330000000,1,1,1
1,2218,239905340000000,239905350556250,239905366427875,15871625,26427875,10556250,239905350000000,1,1,1
1,2219,239905360000000,239905366601125,239905382495250,15894125,22495250,6601125,239905370000000,1,1,0
1,2221,239905370000000,239905382678250,239905398225875,15547625,28225875,12678250,239905380000000,1,1,1
1,2222,239905390000000,239905398393875,239905413350125,14956250,23350125,8393875,239905400000000,1,1,0
1,2224,239905400000000,239905413531375,239905428832750,15301375,28832750,13531375,239905410000000,1,1,1
1,2225,239905420000000,239905429005000,239905444845875,15840875,24845875,9005000,239905430000000,1,1,0
1,2227,239905430000000,239905445022625,239905460851625,15829000,30851625,15022625,239905440000000,1,1,1
1,2229,239905450000000,239905461017250,239905476698000,15680750,26698000,11017250,239905460000000,1,1,1
1,2230,239905470000000,239905476893750,239905492125500,15231750,22125500,6893750,239905480000000,1,1,0
1,2232,239905480000000,239905492313375,239905507056375,14743000,27056375,12313375,239905490000000,1,1,1
1,2233,239905500000000,239905507258000,239905522199500,14941500,22199500,7258000,239905510000000,1,1,0
1,2235,239905510000000,239905522378625,239905538275125,15896500,28275125,12378625,239905520000000,1,1,1
1,2236,239905530000000,239905538464500,239905553694875,15230375,23694875,8464500,239905540000000,1,1,0
1,2238,239905540000000,239905553851625,239905569734375,15882750,29734375,13851625,239905550000000,1,1,1
1,2239,239905560000000,239905569915125,239905585740750,15825625,25740750,9915125,239905570000000,1,1,0
1,2241,239905570000000,239905585894500,239905600973750,15079250,30973750,15894500,239905580000000,1,1,1
1,2243,239905590000000,239905602557750,239905617830625,15272875,27830625,12557750,239905600000000,1,1,1
1,2244,239905610000000,239905618019375,239905633977750,15958375,23977750,8019375,239905620000000,1,1,0
1,2246,239905620000000,239905634168125,239905650003750,15835625,30003750,14168125,239905630000000,1,1,1
1,2248,239905640000000,239905650149250,239905666131125,15981875,26131125,10149250,239905650000000,1,1,1
1,2249,239905660000000,239905666324375,239905681282500,14958125,21282500,6324375,239905670000000,1,1,0
1,2251,239905670000000,239905681433750,239905697049875,15616125,27049875,11433750,239905680000000,1,1,1
1,2252,239905690000000,239905697222000,239905712576875,15354875,22576875,7222000,239905700000000,1,1,0
1,2254,239905700000000,239905712778875,239905728667250,15888375,28667250,12778875,239905710000000,1,1,1
1,2255,239905720000000,239905728859500,239905744210375,15350875,24210375,8859500,239905730000000,1,1,0
1,2257,239905730000000,239905744377250,239905758643500,14266250,28643500,14377250,239905740000000,1,1,1
1,2258,239905750000000,239905758775375,239905774644875,15869500,24644875,8775375,239905760000000,1,1,0
1,2260,239905760000000,239905774827000,239905790692750,15865750,30692750,14827000,239905770000000,1,1,1
1,2262,239905780000000,239905790863125,239905806086250,15223125,26086250,10863125,239905790000000,1,1,1
1,2263,239905800000000,239905806257125,239905821510000,15252875,21510000,6257125,239905810000000,1,1,0
1,2265,239905810000000,239905821661125,239905837302000,15640875,27302000,11661125,239905820000000,1,1,1
1,2266,239905830000000,239905837494250,239905853422000,15927750,23422000,7494250,239905840000000,1,1,0
1,2268,239905840000000,239905853601125,239905869505500,15904375,29505500,13601125,239905850000000,1,1,1
1,2269,239905860000000,239905869671000,239905885127250,15456250,25127250,9671000,239905870000000,1,1,0
1,2271,239905870000000,239905885306375,239905900408500,15102125,30408500,15306375,239905880000000,1,1,1
1,2273,239905890000000,239905900604125,239905915493500,14889375,25493500,10604125,239905900000000,1,1,1
1,2274,239905910000000,239905915716500,239905931561750,15845250,21561750,5716500,239905920000000,1,1,0
1,2276,239905920000000,239905931736125,239905947642375,15906250,27642375,11736125,239905930000000,1,1,1
1,2277,239905940000000,239905947801500,239905963236500,15435000,23236500,7801500,239905950000000,1,1,0
1,2279,239905950000000,239905963435000,239905979289500,15854500,29289500,13435000,239905960000000,1,1,1
1,2280,239905970000000,239905979457000,239905994603000,15146000,24603000,9457000,239905980000000,1,1,0
1,2282,239905980000000,239905994788875,239906010094500,15305625,30094500,14788875,239905990000000,1,1,1
1,2284,239906000000000,239906010263375,239906026164250,15900875,26164250,10263375,239906010000000,1,1,1
1,2285,239906020000000,239906026343250,239906042154375,15811125,22154375,6343250,239906030000000,1,1,0
1,2287,239906030000000,239906042333625,239906057530875,15197250,27530875,12333625,239906040000000,1,1,1
1,2288,239906050000000,239906057697750,239906073652375,15954625,23652375,7697750,239906060000000,1,1,0
1,2290,239906060000000,239906073820250,239906088923750,15103500,28923750,13820250,239906070000000,1,1,1
1,2291,239906080000000,239906089049625,239906104759750,15710125,24759750,9049625,239906090000000,1,1,0
1,2293,239906090000000,239906104922875,239906120139500,15216625,30139500,14922875,239906100000000,1,1,1
1,2295,239906110000000,239906120304125,239906136220500,15916375,26220500,10304125,239906120000000,1,1,1
1,2296,239906130000000,239906136380625,239906152195125,15814500,22195125,6380625,239906140000000,1,1,0
1,2298,239906140000000,239906152354250,239906167815000,15460750,27815000,12354250,239906150000000,1,1,1
1,2299,239906160000000,239906167996125,239906181551750,13555625,21551750,7996125,239906170000000,1,1,0
1,2301,239906170000000,239906181737375,239906197585875,15848500,27585875,11737375,239906180000000,1,1,1
1,2302,239906190000000,239906197748500,239906213636625,15888125,23636625,7748500,239906200000000,1,1,0
1,2304,239906200000000,239906214549125,239906230490625,15941500,30490625,14549125,239906210000000,1,1,1
1,2306,239906220000000,239906230687875,239906246007500,15319625,26007500,10687875,239906230000000,1,1,1
1,2307,239906240000000,239906246188125,239906261722125,15534000,21722125,6188125,239906250000000,1,1,0
1,2309,239906250000000,239906261904125,239906277829375,15925250,27829375,11904125,239906260000000,1,1,1
1,2310,239906270000000,239906278000375,239906293129125,15128750,23129125,8000375,239906280000000,1,1,0
1,2312,239906280000000,239906293270750,239906308408375,15137625,28408375,13270750,239906290000000,1,1,1
1,2313,239906300000000,239906308571875,239906323381125,14809250,23381125,8571875,239906310000000,1,1,0
1,2315,239906310000000,239906323559375,239906339431000,15871625,29431000,13559375,239906320000000,1,1,1
1,2316,239906330000000,239906339621750,239906355420750,15799000,25420750,9621750,239906340000000,1,1,0
1,2318,239906340000000,239906355607125,239906371523250,15916125,31523250,15607125,239906350000000,1,1,1
1,2320,239906360000000,239906371697500,239906386486625,14789125,26486625,11697500,239906370000000,1,1,1
1,2321,239906380000000,239906386674500,239906402550125,15875625,22550125,6674500,239906390000000,1,1,0
1,2323,239906390000000,239906402719875,239906417377000,14657125,27377000,12719875,239906400000000,1,1,1
1,2324,239906410000000,239906417556625,239906433495125,15938500,23495125,7556625,239906420000000,1,1,0
1,2326,239906420000000,239906433678125,239906449543875,15865750,29543875,13678125,239906430000000,1,1,1
1,2327,239906440000000,239906449725500,239906464330500,14605000,24330500,9725500,239906450000000,1,1,0
1,2329,239906450000000,239906465115000,239906480326375,15211375,30326375,15115000,239906460000000,1,1,1
1,2331,239906470000000,239906480492875,239906495753000,15260125,25753000,10492875,239906480000000,1,1,1
1,2332,239906490000000,239906496054375,239906511935500,15881125,21935500,6054375,239906500000000,1,1,0
1,2334,239906500000000,239906512148375,239906527435750,15287375,27435750,12148375,239906510000000,1,1,1
1,2335,239906520000000,239906527636875,239906543494875,15858000,23494875,7636875,239906530000000,1,1,0
1,2337,239906530000000,239906543681250,239906559603625,15922375,29603625,13681250,239906540000000,1,1,1
1,2338,239906550000000,239906559787625,239906574964875,15177250,24964875,9787625,239906560000000,1,1,0
1,2340,239906560000000,239906575255250,239906591129875,15874625,31129875,15255250,239906570000000,1,1,1
1,2342,239906580000000,239906591327875,239906606015750,14687875,26015750,11327875,239906590000000,1,1,1
1,2343,239906600000000,239906606187500,239906620938250,14750750,20938250,6187500,239906610000000,1,1,0
1,2345,239906610000000,239906621109500,239906636361375,15251875,26361375,11109500,239906620000000,1,1,1
1,2346,239906630000000,239906636530875,239906651686000,15155125,21686000,6530875,239906640000000,1,1,0
1,2348,239906640000000,239906652514250,239906667749000,15234750,27749000,12514250,239906650000000,1,1,1
1,2349,239906660000000,239906667939375,239906683855375,15916000,23855375,7939375,239906670000000,1,1,0
1,2351,239906670000000,239906684064250,239906699883750,15819500,29883750,14064250,239906680000000,1,1,1
1,2353,239906690000000,239906700066250,239906715861750,15795500,25861750,10066250,239906700000000,1,1,1
1,2354,239906710000000,239906716050500,239906731948125,15897625,21948125,6050500,239906720000000,1,1,0
1,2356,239906720000000,239906732098375,239906748044750,15946375,28044750,12098375,239906730000000,1,1,1
1,2357,239906740000000,239906748214500,239906763358125,15143625,23358125,8214500,239906750000000,1,1,0
1,2359,239906750000000,239906763548000,239906779491750,15943750,29491750,13548000,239906760000000,1,1,1
1,2360,239906770000000,239906779686500,239906795575375,15888875,25575375,9686500,239906780000000,1,1,0
1,2362,239906780000000,239906795749375,239906811612375,15863000,31612375,15749375,239906790000000,1,1,1
1,2364,239906800000000,239906811798875,239906827953500,16154625,27953500,11798875,239906810000000,1,1,1
1,2365,239906820000000,239906828129125,239906844038375,15909250,24038375,8129125,239906830000000,1,1,0
1,2367,239906830000000,239906844850875,239906860782125,15931250,30782125,14850875,239906840000000,1,1,1
1,2369,239906850000000,239906860967500,239906876115875,15148375,26115875,10967500,239906860000000,1,1,1
1,2370,239906870000000,239906876286250,239906892184750,15898500,22184750,6286250,239906880000000,1,1,0
1,2372,239906880000000,239906892447250,239906908181875,15734625,28181875,12447250,239906890000000,1,1,1
1,2373,239906900000000,239906908340375,239906924155500,15815125,24155500,8340375,239906910000000,1,1,0
1,2375,239906910000000,239906924315625,239906939727500,15411875,29727500,14315625,239906920000000,1,1,1
1,2376,239906930000000,239906939932500,239906955787500,15855000,25787500,9932500,239906940000000,1,1,0
1,2378,239906940000000,239906955984750,239906971819250,15834500,31819250,15984750,239906950000000,1,1,1
1,2380,239906960000000,239906971996375,239906987205875,15209500,27205875,11996375,239906970000000,1,1,1
1,2381,239906980000000,239906987398125,239907003293625,15895500,23293625,7398125,239906990000000,1,1,0
1,2383,239906990000000,239907003479500,239907019290250,15810750,29290250,13479500,239907000000000,1,1,1
1,2384,239907010000000,239907019459000,239907035364000,15905000,25364000,9459000,239907020000000,1,1,0
1,2386,239907020000000,239907035642625,239907050841750,15199125,30841750,15642625,239907030000000,1,1,1
1,2388,239907040000000,239907051039875,239907066126375,15086500,26126375,11039875,239907050000000,1,1,1
1,2389,239907060000000,239907066409375,239907081557375,15148000,21557375,6409375,239907070000000,1,1,0
1,2391,239907070000000,239907081738500,239907097675875,15937375,27675875,11738500,239907080000000,1,1,1
1,2392,239907090000000,239907097853125,239907113657875,15804750,23657875,7853125,239907100000000,1,1,0
1,2394,239907100000000,239907113826250,239907129127000,15300750,29127000,13826250,239907110000000,1,1,1
1,2395,239907120000000,239907129288500,239907145203625,15915125,25203625,9288500,239907130000000,1,1,0
1,2397,239907130000000,239907145372500,239907160583875,15211375,30583875,15372500,239907140000000,1,1,1
1,2399,239907150000000,239907160752750,239907175396000,14643250,25396000,10752750,239907160000000,1,1,1
1,2400,239907170000000,239907175571750,239907191498125,15926375,21498125,5571750,239907180000000,1,1,0
1,2402,239907180000000,239907191669250,239907207595250,15926000,27595250,11669250,239907190000000,1,1,1
1,2403,239907200000000,239907207791375,239907223614750,15823375,23614750,7791375,239907210000000,1,1,0
1,2405,239907210000000,239907223790000,239907239245250,15455250,29245250,13790000,239907220000000,1,1,1
1,2406,239907230000000,239907239413125,239907254615250,15202125,24615250,9413125,239907240000000,1,1,0
1,2408,239907240000000,239907254805125,239907269996500,15191375,29996500,14805125,239907250000000,1,1,1
1,2410,239907260000000,239907270279000,239907284942375,14663375,24942375,10279000,239907270000000,1,1,1
1,2411,239907280000000,239907285136250,239907301022500,15886250,21022500,5136250,239907290000000,1,1,0
1,2413,239907290000000,239907301203125,239907317060625,15857500,27060625,11203125,239907300000000,1,1,1
1,2414,239907310000000,239907317202125,239907332373500,15171375,22373500,7202125,239907320000000,1,1,0
1,2416,239907320000000,239907332543875,239907347768875,15225000,27768875,12543875,239907330000000,1,1,1
1,2417,239907340000000,239907347948500,239907363127125,15178625,23127125,7948500,239907350000000,1,1,0
1,2419,239907350000000,239907363293625,239907379254500,15960875,29254500,13293625,239907360000000,1,1,1
1,2420,239907370000000,239907379445875,239907395301375,15855500,25301375,9445875,239907380000000,1,1,0
1,2422,239907380000000,239907395477000,239907410826625,15349625,30826625,15477000,239907390000000,1,1,1
1,2424,239907400000000,239907411002125,239907426919750,15917625,26919750,11002125,239907410000000,1,1,1
1,2425,239907420000000,239907427085250,239907442554750,15469500,22554750,7085250,239907430000000,1,1,0
1,2427,239907430000000,239907442732250,239907458021375,15289125,28021375,12732250,239907440000000,1,1,1
1,2428,239907450000000,239907459620000,239907474910000,15290000,24910000,9620000,239907460000000,1,1,0
1,2430,239907460000000,239907475115000,239907491016375,15901375,31016375,15115000,239907470000000,1,1,1
1,2432,239907480000000,239907491318500,239907506002750,14684250,26002750,11318500,239907490000000,1,1,1
1,2433,239907500000000,239907506194625,239907520837500,14642875,20837500,6194625,239907510000000,1,1,0
1,2435,239907510000000,239907521009375,239907536938500,15929125,26938500,11009375,239907520000000,1,1,1
1,2436,239907530000000,239907537091750,239907552943375,15851625,22943375,7091750,239907540000000,1,1,0
1,2438,239907540000000,239907553097500,239907568319750,15222250,28319750,13097500,239907550000000,1,1,1
1,2439,239907560000000,239907568496750,239907583657625,15160875,23657625,8496750,239907570000000,1,1,0
1,2441,239907570000000,239907583858625,239907599172500,15313875,29172500,13858625,239907580000000,1,1,1
1,2442,239907590000000,239907599369125,239907614402875,15033750,24402875,9369125,239907600000000,1,1,0
1,2444,239907600000000,239907614593875,239907630436500,15842625,30436500,14593875,239907610000000,1,1,1
1,2446,239907620000000,239907630611375,239907646429250,15817875,26429250,10611375,239907630000000,1,1,1
1,2447,239907640000000,239907646584500,239907659967875,13383375,19967875,6584500,239907650000000,1,1,0
1,2449,239907650000000,239907660164625,239907676089375,15924750,26089375,10164625,239907660000000,1,1,1
1,2450,239907670000000,239907676241750,239907692119625,15877875,22119625,6241750,239907680000000,1,1,0
1,2452,239907680000000,239907692289875,239907708383500,16093625,28383500,12289875,239907690000000,1,1,1
1,2453,239907700000000,239907708531000,239907724679875,16148875,24679875,8531000,239907710000000,1,1,0
1,2455,239907710000000,239907724888750,239907740767625,15878875,30767625,14888750,239907720000000,1,1,1
1,2457,239907730000000,239907740955000,239907756186375,15231375,26186375,10955000,239907740000000,1,1,1
1,2458,239907750000000,239907756352375,239907772249375,15897000,22249375,6352375,239907760000000,1,1,0
1,2460,239907760000000,239907772424625,239907788343625,15919000,28343625,12424625,239907770000000,1,1,1
1,2461,239907780000000,239907788518000,239907802732250,14214250,22732250,8518000,239907790000000,1,1,0
1,2463,239907790000000,239907802927875,239907818165250,15237375,28165250,12927875,239907800000000,1,1,1
1,2464,239907810000000,239907818359000,239907834020250,15661250,24020250,8359000,239907820000000,1,1,0
1,2466,239907820000000,239907834202000,239907849428875,15226875,29428875,14202000,239907830000000,1,1,1
1,2467,239907840000000,239907849596250,239907865475750,15879500,25475750,9596250,239907850000000,1,1,0
1,2469,239907850000000,239907865639625,239907881469375,15829750,31469375,15639625,239907860000000,1,1,1
1,2471,239907870000000,239907881647000,239907897503000,15856000,27503000,11647000,239907880000000,1,1,1
1,2472,239907890000000,239907897668000,239907913559125,15891125,23559125,7668000,239907900000000,1,1,0
1,2474,239907900000000,239907913720750,239907929485875,15765125,29485875,13720750,239907910000000,1,1,1
1,2475,239907920000000,239907929639250,239907944091750,14452500,24091750,9639250,239907930000000,1,1,0
1,2477,239907930000000,239907944261000,239907960182000,15921000,30182000,14261000,239907940000000,1,1,1
1,2479,239907950000000,239907960358250,239907976252250,15894000,26252250,10358250,239907960000000,1,1,1
1,2480,239907970000000,239907976414375,239907992304000,15889625,22304000,6414375,239907980000000,1,1,0
1,2482,239907980000000,239907992467625,239908008372375,15904750,28372375,12467625,239907990000000,1,1,1
1,2483,239908000000000,239908008502250,239908023705250,15203000,23705250,8502250,239908010000000,1,1,0
1,2485,239908010000000,239908023874500,239908038493125,14618625,28493125,13874500,239908020000000,1,1,1
1,2486,239908030000000,239908038675125,239908053927500,15252375,23927500,8675125,239908040000000,1,1,0
1,2488,239908040000000,239908054067625,239908069952875,15885250,29952875,14067625,239908050000000,1,1,1
1,2490,239908060000000,239908070119250,239908085450250,15331000,25450250,10119250,239908070000000,1,1,1
1,2491,239908080000000,239908086327250,239908102272000,15944750,22272000,6327250,239908090000000,1,1,0
1,2493,239908090000000,239908102466750,239908118358875,15892125,28358875,12466750,239908100000000,1,1,1
1,2494,239908110000000,239908118552000,239908134096875,15544875,24096875,8552000,239908120000000,1,1,0
1,2496,239908120000000,239908134268500,239908149253125,14984625,29253125,14268500,239908130000000,1,1,1
1,2497,239908140000000,239908149427000,239908165301875,15874875,25301875,9427000,239908150000000,1,1,0
1,2499,239908150000000,239908165466875,239908181374625,15907750,31374625,15466875,239908160000000,1,1,1
1,2501,239908170000000,239908181543125,239908197351750,15808625,27351750,11543125,239908180000000,1,1,1
1,2502,239908190000000,239908197650000,239908213086750,15436750,23086750,7650000,239908200000000,1,1,0
1,2504,239908200000000,239908213273625,239908227940375,14666750,27940375,13273625,239908210000000,1,1,1
1,2505,239908220000000,239908228139125,239908243226875,15087750,23226875,8139125,239908230000000,1,1,0
1,2507,239908230000000,239908243402250,239908259287875,15885625,29287875,13402250,239908240000000,1,1,1
1,2508,239908250000000,239908259482125,239908274405250,14923125,24405250,9482125,239908260000000,1,1,0
1,2510,239908260000000,239908274589625,239908290488125,15898500,30488125,14589625,239908270000000,1,1,1
1,2512,239908280000000,239908290686250,239908306168500,15482250,26168500,10686250,239908290000000,1,1,1
1,2513,239908300000000,239908306338250,239908321592750,15254500,21592750,6338250,239908310000000,1,1,0
1,2515,239908310000000,239908321759625,239908336930000,15170375,26930000,11759625,239908320000000,1,1,1
1,2516,239908330000000,239908337079250,239908352886000,15806750,22886000,7079250,239908340000000,1,1,0
1,2518,239908340000000,239908353045250,239908368924125,15878875,28924125,13045250,239908350000000,1,1,1
1,2519,239908360000000,239908369090500,239908384972500,15882000,24972500,9090500,239908370000000,1,1,0
1,2521,239908370000000,239908385139250,239908399851500,14712250,29851500,15139250,239908380000000,1,1,1
1,2523,239908390000000,239908400101375,239908415901250,15799875,25901250,10101375,239908400000000,1,1,1
1,2524,239908410000000,239908416073500,239908430675875,14602375,20675875,6073500,239908420000000,1,1,0
1,2526,239908420000000,239908430847875,239908446425625,15577750,26425625,10847875,239908430000000,1,1,1
1,2527,239908440000000,239908446609500,239908461763000,15153500,21763000,6609500,239908450000000,1,1,0
1,2529,239908450000000,239908461935625,239908477881125,15945500,27881125,11935625,239908460000000,1,1,1
1,2530,239908470000000,239908478069375,239908493319375,15250000,23319375,8069375,239908480000000,1,1,0
1,2532,239908480000000,239908493495500,239908509337875,15842375,29337875,13495500,239908490000000,1,1,1
1,2533,239908500000000,239908509511625,239908523992500,14480875,23992500,9511625,239908510000000,1,1,0
1,2535,239908510000000,239908524171125,239908540034750,15863625,30034750,14171125,239908520000000,1,1,1
1,2537,239908530000000,239908540167250,239908555998875,15831625,25998875,10167250,239908540000000,1,1,1
1,2538,239908550000000,239908556169375,239908571393750,15224375,21393750,6169375,239908560000000,1,1,0
1,2540,239908560000000,239908571578250,239908587524000,15945750,27524000,11578250,239908570000000,1,1,1
1,2541,239908580000000,239908587715375,239908603545000,15829625,23545000,7715375,239908590000000,1,1,0
1,2543,239908590000000,239908603704125,239908618931625,15227500,28931625,13704125,239908600000000,1,1,1
1,2544,239908610000000,239908619126375,239908634541250,15414875,24541250,9126375,239908620000000,1,1,0
1,2546,239908620000000,239908634728125,239908650517750,15789625,30517750,14728125,239908630000000,1,1,1
1,2548,239908640000000,239908650682375,239908665917125,15234750,25917125,10682375,239908650000000,1,1,1
1,2549,239908660000000,239908666085000,239908681993625,15908625,21993625,6085000,239908670000000,1,1,0
1,2551,239908670000000,239908682178625,239908698013625,15835000,28013625,12178625,239908680000000,1,1,1
1,2552,239908690000000,239908698890625,239908714098125,15207500,24098125,8890625,239908700000000,1,1,0
1,2554,239908700000000,239908714294750,239908729682750,15388000,29682750,14294750,239908710000000,1,1,1
1,2555,239908720000000,239908729881875,239908745726875,15845000,25726875,9881875,239908730000000,1,1,0
1,2557,239908730000000,239908745893375,239908761790625,15897250,31790625,15893375,239908740000000,1,1,1
1,2559,239908750000000,239908761963875,239908776524375,14560500,26524375,11963875,239908760000000,1,1,1
1,2560,239908770000000,239908776694125,239908791956875,15262750,21956875,6694125,239908780000000,1,1,0
1,2562,239908780000000,239908792113625,239908807304375,15190750,27304375,12113625,239908790000000,1,1,1
1,2563,239908800000000,239908807496875,239908823322875,15826000,23322875,7496875,239908810000000,1,1,0
1,2565,239908810000000,239908823494750,239908839740125,16245375,29740125,13494750,239908820000000,1,1,1
1,2566,239908830000000,239908839929000,239908855894375,15965375,25894375,9929000,239908840000000,1,1,0
1,2568,239908840000000,239908856191500,239908871462000,15270500,31462000,16191500,239908850000000,1,1,1
1,2570,239908860000000,239908871666000,239908887088250,15422250,27088250,11666000,239908870000000,1,1,1
1,2571,239908880000000,239908887284375,239908903158000,15873625,23158000,7284375,239908890000000,1,1,0
1,2573,239908890000000,239908903332250,239908918196625,14864375,28196625,13332250,239908900000000,1,1,1
1,2574,239908910000000,239908918375250,239908933528625,15153375,23528625,8375250,239908920000000,1,1,0
1,2576,239908920000000,239908933691125,239908949526125,15835000,29526125,13691125,239908930000000,1,1,1
1,2577,239908940000000,239908949801000,239908965583875,15782875,25583875,9801000,239908950000000,1,1,0
1,2579,239908950000000,239908965780500,239908981661875,15881375,31661875,15780500,239908960000000,1,1,1
1,2581,239908970000000,239908981825250,239908996409125,14583875,26409125,11825250,239908980000000,1,1,1
1,2582,239908990000000,239908996586750,239909011806000,15219250,21806000,6586750,239909000000000,1,1,0
1,2584,239909000000000,239909011997875,239909026240000,14242125,26240000,11997875,239909010000000,1,1,1
1,2585,239909020000000,239909026414250,239909042209875,15795625,22209875,6414250,239909030000000,1,1,0
1,2587,239909030000000,239909042371375,239909057089375,14718000,27089375,12371375,239909040000000,1,1,1
1,2588,239909050000000,239909057257750,239909073177250,15919500,23177250,7257750,239909060000000,1,1,0
1,2590,239909060000000,239909073343750,239909088546250,15202500,28546250,13343750,239909070000000,1,1,1
1,2591,239909080000000,239909088707250,239909104539500,15832250,24539500,8707250,239909090000000,1,1,0
1,2593,239909090000000,239909104695500,239909120609750,15914250,30609750,14695500,239909100000000,1,1,1
1,2595,239909110000000,239909120775500,239909136530625,15755125,26530625,10775500,239909120000000,1,1,1
1,2596,239909130000000,239909136692125,239909152487125,15795000,22487125,6692125,239909140000000,1,1,0
1,2598,239909140000000,239909152639000,239909168472125,15833125,28472125,12639000,239909150000000,1,1,1
1,2599,239909160000000,239909168631125,239909184546250,15915125,24546250,8631125,239909170000000,1,1,0
1,2601,239909170000000,239909184698000,239909198601125,13903125,28601125,14698000,239909180000000,1,1,1
1,2602,239909190000000,239909198790500,239909214669875,15879375,24669875,8790500,239909200000000,1,1,0
1,2604,239909200000000,239909214854750,239909230743625,15888875,30743625,14854750,239909210000000,1,1,1
1,2606,239909220000000,239909230925750,239909246489500,15563750,26489500,10925750,239909230000000,1,1,1
1,2607,239909240000000,239909246691875,239909262539625,15847750,22539625,6691875,239909250000000,1,1,0
1,2609,239909250000000,239909262708125,239909277970625,15262500,27970625,12708125,239909260000000,1,1,1
1,2610,239909270000000,239909278148750,239909293362125,15213375,23362125,8148750,239909280000000,1,1,0
1,2612,239909280000000,239909293538250,239909308854625,15316375,28854625,13538250,239909290000000,1,1,1
1,2613,239909300000000,239909309033250,239909324285125,15251875,24285125,9033250,239909310000000,1,1,0
1,2615,239909310000000,239909325264875,239909341114625,15849750,31114625,15264875,239909320000000,1,1,1
1,2617,239909330000000,239909341310750,239909355655625,14344875,25655625,11310750,239909340000000,1,1,1
1,2618,239909350000000,239909355818000,239909371721375,15903375,21721375,5818000,239909360000000,1,1,0
1,2620,239909360000000,239909371888375,239909387057375,15169000,27057375,11888375,239909370000000,1,1,1
1,2621,239909380000000,239909387230125,239909403134000,15903875,23134000,7230125,239909390000000,1,1,0
1,2623,239909390000000,239909403318000,239909419131500,15813500,29131500,13318000,239909400000000,1,1,1
1,2624,239909410000000,239909419327625,239909433180000,13852375,23180000,9327625,239909420000000,1,1,0
1,2626,239909420000000,239909433346500,239909449249875,15903375,29249875,13346500,239909430000000,1,1,1
1,2627,239909440000000,239909449411000,239909465358125,15947125,25358125,9411000,239909450000000,1,1,0
1,2629,239909450000000,239909465525125,239909480720250,15195125,30720250,15525125,239909460000000,1,1,1
1,2631,239909470000000,239909480888750,239909496786250,15897500,26786250,10888750,239909480000000,1,1,1
1,2632,239909490000000,239909496975625,239909512870125,15894500,22870125,6975625,239909500000000,1,1,0
1,2634,239909500000000,239909513045000,239909528940000,15895000,28940000,13045000,239909510000000,1,1,1
1,2635,239909520000000,239909529114125,239909545024750,15910625,25024750,9114125,239909530000000,1,1,0
1,2637,239909530000000,239909545198125,239909559826250,14628125,29826250,15198125,239909540000000,1,1,1
1,2638,239909550000000,239909559993750,239909574615125,14621375,24615125,9993750,239909560000000,1,1,0
1,2640,239909560000000,239909574799125,239909590727500,15928375,30727500,14799125,239909570000000,1,1,1
1,2642,239909580000000,239909590879125,239909606304375,15425250,26304375,10879125,239909590000000,1,1,1
1,2643,239909600000000,239909606478625,239909621067750,14589125,21067750,6478625,239909610000000,1,1,0
1,2645,239909610000000,239909621248875,239909636668500,15419625,26668500,11248875,239909620000000,1,1,1
1,2646,239909630000000,239909636828125,239909652681375,15853250,22681375,6828125,239909640000000,1,1,0
1,2648,239909640000000,239909652842875,239909667984375,15141500,27984375,12842875,239909650000000,1,1,1
1,2649,239909660000000,239909668166375,239909684068875,15902500,24068875,8166375,239909670000000,1,1,0
1,2651,239909670000000,239909684230750,239909700143625,15912875,30143625,14230750,239909680000000,1,1,1
1,2653,239909690000000,239909700313875,239909716167875,15854000,26167875,10313875,239909700000000,1,1,1
1,2654,239909710000000,239909716325500,239909732470875,16145375,22470875,6325500,239909720000000,1,1,0
1,2656,239909720000000,239909732655375,239909748868250,16212875,28868250,12655375,239909730000000,1,1,1
1,2657,239909740000000,239909749058875,239909764221625,15162750,24221625,9058875,239909750000000,1,1,0
1,2659,239909750000000,239909764459250,239909780276125,15816875,30276125,14459250,239909760000000,1,1,1
1,2661,239909770000000,239909780448375,239909796283000,15834625,26283000,10448375,239909780000000,1,1,1
1,2662,239909790000000,239909796437250,239909811644750,15207500,21644750,6437250,239909800000000,1,1,0
1,2664,239909800000000,239909811829250,239909826667375,14838125,26667375,11829250,239909810000000,1,1,1
1,2665,239909820000000,239909826862000,239909841566875,14704875,21566875,6862000,239909830000000,1,1,0
1,2667,239909830000000,239909841744125,239909856906625,15162500,26906625,11744125,239909840000000,1,1,1
1,2668,239909850000000,239909857057500,239909872967625,15910125,22967625,7057500,239909860000000,1,1,0
1,2670,239909860000000,239909873140875,239909889025250,15884375,29025250,13140875,239909870000000,1,1,1
1,2671,239909880000000,239909889298000,239909905164250,15866250,25164250,9298000,239909890000000,1,1,0
1,2673,239909890000000,239909905360500,239909921203375,15842875,31203375,15360500,239909900000000,1,1,1
1,2675,239909910000000,239909921348000,239909937243375,15895375,27243375,11348000,239909920000000,1,1,1
1,2676,239909930000000,239909938114375,239909954054875,15940500,24054875,8114375,239909940000000,1,1,0
1,2678,239909940000000,239909954241875,239909969390750,15148875,29390750,14241875,239909950000000,1,1,1
1,2679,239909960000000,239909969550000,239909984035625,14485625,24035625,9550000,239909970000000,1,1,0
1,2681,239909970000000,239909984128250,239910000058500,15930250,30058500,14128250,239909980000000,1,1,1
1,2683,239909990000000,239910000235125,239910016169375,15934250,26169375,10235125,239910000000000,1,1,1
1,2684,239910010000000,239910016341000,239910032142000,15801000,22142000,6341000,239910020000000,1,1,0
1,2686,239910020000000,239910032308000,239910047513375,15205375,27513375,12308000,239910030000000,1,1,1
1,2687,239910040000000,239910047710125,239910062510125,14800000,22510125,7710125,239910050000000,1,1,0
1,2689,239910050000000,239910062683500,239910077155000,14471500,27155000,12683500,239910060000000,1,1,1
1,2690,239910070000000,239910077285750,239910092551875,15266125,22551875,7285750,239910080000000,1,1,0
1,2692,239910080000000,239910092716625,239910107027875,14311250,27027875,12716625,239910090000000,1,1,1
1,2693,239910100000000,239910107216625,239910121774750,14558125,21774750,7216625,239910110000000,1,1,0
1,2695,239910110000000,239910121929000,239910137142375,15213375,27142375,11929000,239910120000000,1,1,1
1,2696,239910130000000,239910137311250,239910153161875,15850625,23161875,7311250,239910140000000,1,1,0
1,2698,239910140000000,239910153330625,239910169161250,15830625,29161250,13330625,239910150000000,1,1,1
1,2699,239910160000000,239910169330625,239910185178375,15847750,25178375,9330625,239910170000000,1,1,0
1,2701,239910170000000,239910185369250,239910201243250,15874000,31243250,15369250,239910180000000,1,1,1
1,2703,239910190000000,239910201419000,239910217285250,15866250,27285250,11419000,239910200000000,1,1,1
1,2704,239910210000000,239910217446750,239910232645500,15198750,22645500,7446750,239910220000000,1,1,0
1,2706,239910220000000,239910232813875,239910248684625,15870750,28684625,12813875,239910230000000,1,1,1
1,2707,239910240000000,239910248835250,239910264157500,15322250,24157500,8835250,239910250000000,1,1,0
1,2709,239910250000000,239910264337125,239910279579750,15242625,29579750,14337125,239910260000000,1,1,1
1,2710,239910270000000,239910279763750,239910295614875,15851125,25614875,9763750,239910280000000,1,1,0
1,2712,239910280000000,239910295804625,239910311098125,15293500,31098125,15804625,239910290000000,1,1,1
1,2714,239910300000000,239910311279625,239910325175000,13895375,25175000,11279625,239910310000000,1,1,1
1,2715,239910320000000,239910325344750,239910340573250,15228500,20573250,5344750,239910330000000,1,1,0
1,2717,239910330000000,239910340722250,239910355934500,15212250,25934500,10722250,239910340000000,1,1,1
1,2718,239910350000000,239910356118375,239910371966125,15847750,21966125,6118375,239910360000000,1,1,0
1,2720,239910360000000,239910372158000,239910388084250,15926250,28084250,12158000,239910370000000,1,1,1
1,2721,239910380000000,239910388278125,239910404124375,15846250,24124375,8278125,239910390000000,1,1,0
1,2723,239910390000000,239910404286750,239910419513250,15226500,29513250,14286750,239910400000000,1,1,1
1,2724,239910410000000,239910419696375,239910435575750,15879375,25575750,9696375,239910420000000,1,1,0
1,2726,239910420000000,239910435774500,239910451591875,15817375,31591875,15774500,239910430000000,1,1,1
1,2728,239910440000000,239910451769000,239910467657375,15888375,27657375,11769000,239910450000000,1,1,1
1,2729,239910460000000,239910467843625,239910483734375,15890750,23734375,7843625,239910470000000,1,1,0
1,2731,239910470000000,239910483933125,239910498325000,14391875,28325000,13933125,239910480000000,1,1,1
1,2732,239910490000000,239910498494375,239910513677500,15183125,23677500,8494375,239910500000000,1,1,0
1,2734,239910500000000,239910513834625,239910529129000,15294375,29129000,13834625,239910510000000,1,1,1
1,2735,239910520000000,239910529308625,239910545273500,15964875,25273500,9308625,239910530000000,1,1,0
1,2737,239910530000000,239910545445750,239910561250500,15804750,31250500,15445750,239910540000000,1,1,1
1,2739,239910550000000,239910562102500,239910578039000,15936500,28039000,12102500,239910560000000,1,1,1
1,2740,239910570000000,239910578183000,239910594087375,15904375,24087375,8183000,239910580000000,1,1,0
1,2742,239910580000000,239910594272750,239910610193250,15920500,30193250,14272750,239910590000000,1,1,1
1,2744,239910600000000,239910610370875,239910625525250,15154375,25525250,10370875,239910610000000,1,1,1
1,2745,239910620000000,239910625686375,239910641593625,15907250,21593625,5686375,239910630000000,1,1,0
1,2747,239910630000000,239910641766375,239910657693125,15926750,27693125,11766375,239910640000000,1,1,1
1,2748,239910650000000,239910657862000,239910673781500,15919500,23781500,7862000,239910660000000,1,1,0
1,2750,239910660000000,239910673952750,239910689760875,15808125,29760875,13952750,239910670000000,1,1,1
1,2751,239910680000000,239910689931625,239910705808750,15877125,25808750,9931625,239910690000000,1,1,0
1,2753,239910690000000,239910705968500,239910720636125,14667625,30636125,15968500,239910700000000,1,1,1
1,2755,239910710000000,239910721496500,239910736596625,15100125,26596625,11496500,239910720000000,1,1,1
1,2756,239910730000000,239910736758625,239910752666375,15907750,22666375,6758625,239910740000000,1,1,0
1,2758,239910740000000,239910752831000,239910768613125,15782125,28613125,12831000,239910750000000,1,1,1
1,2759,239910760000000,239910768769375,239910784080750,15311375,24080750,8769375,239910770000000,1,1,0
1,2761,239910770000000,239910784253000,239910800102250,15849250,30102250,14253000,239910780000000,1,1,1
1,2763,239910790000000,239910800263250,239910816479500,16216250,26479500,10263250,239910800000000,1,1,1
1,2764,239910810000000,239910816656125,239910831768000,15111875,21768000,6656125,239910820000000,1,1,0
1,2766,239910820000000,239910831967500,239910847875875,15908375,27875875,11967500,239910830000000,1,1,1
1,2767,239910840000000,239910848034500,239910863842125,15807625,23842125,8034500,239910850000000,1,1,0
1,2769,239910850000000,239910864050125,239910879890000,15839875,29890000,14050125,239910860000000,1,1,1
1,2771,239910870000000,239910880054625,239910895847500,15792875,25847500,10054625,239910880000000,1,1,1
1,2772,239910890000000,239910896078875,239910911267250,15188375,21267250,6078875,239910900000000,1,1,0
1,2774,239910900000000,239910911424375,239910926013125,14588750,26013125,11424375,239910910000000,1,1,1
1,2775,239910920000000,239910926181500,239910942081500,15900000,22081500,6181500,239910930000000,1,1,0
1,2777,239910930000000,239910942215125,239910957186000,14970875,27186000,12215125,239910940000000,1,1,1
1,2778,239910950000000,239910957354375,239910973291875,15937500,23291875,7354375,239910960000000,1,1,0
1,2780,239910960000000,239910973426125,239910989248375,15822250,29248375,13426125,239910970000000,1,1,1
1,2781,239910980000000,239910989405625,239911005135250,15729625,25135250,9405625,239910990000000,1,1,0
1,2783,239910990000000,239911005275750,239911019838125,14562375,29838125,15275750,239911000000000,1,1,1
1,2785,239911010000000,239911020034750,239911035962125,15927375,25962125,10034750,239911020000000,1,1,1
1,2786,239911030000000,239911036162375,239911051496000,15333625,21496000,6162375,239911040000000,1,1,0
1,2788,239911040000000,239911051812375,239911066165375,14353000,26165375,11812375,239911050000000,1,1,1
1,2789,239911060000000,239911066376625,239911082293250,15916625,22293250,6376625,239911070000000,1,1,0
1,2791,239911070000000,239911082458625,239911097578750,15120125,27578750,12458625,239911080000000,1,1,1
1,2792,239911090000000,239911097741375,239911112949250,15207875,22949250,7741375,239911100000000,1,1,0
1,2794,239911100000000,239911113110250,239911128980500,15870250,28980500,13110250,239911110000000,1,1,1
1,2795,239911120000000,239911129141625,239911143844000,14702375,23844000,9141625,239911130000000,1,1,0
1,2797,239911130000000,239911144050000,239911158705500,14655500,28705500,14050000,239911140000000,1,1,1
1,2798,239911150000000,239911158884250,239911174084750,15200500,24084750,8884250,239911160000000,1,1,0
1,2800,239911160000000,239911174254125,239911189385500,15131375,29385500,14254125,239911170000000,1,1,1
1,2802,239911180000000,239911190970000,239911205634375,14664375,25634375,10970000,239911190000000,1,1,1
1,2803,239911200000000,239911205845750,239911221104875,15259125,21104875,5845750,239911210000000,1,1,0
1,2805,239911210000000,239911221303125,239911237115625,15812500,27115625,11303125,239911220000000,1,1,1
1,2806,239911230000000,239911237282000,239911253164875,15882875,23164875,7282000,239911240000000,1,1,0
1,2808,239911240000000,239911253334250,239911268642750,15308500,28642750,13334250,239911250000000,1,1,1
1,2809,239911260000000,239911268800875,239911282685000,13884125,22685000,8800875,239911270000000,1,1,0
1,2811,239911270000000,239911282854750,239911298834750,15980000,28834750,12854750,239911280000000,1,1,1
1,2812,239911290000000,239911299033375,239911313939000,14905625,23939000,9033375,239911300000000,1,1,0
1,2814,239911300000000,239911314089625,239911329152250,15062625,29152250,14089625,239911310000000,1,1,1
1,2815,239911320000000,239911329310375,239911344479750,15169375,24479750,9310375,239911330000000,1,1,0
1,2817,239911330000000,239911344633000,239911360470500,15837500,30470500,14633000,239911340000000,1,1,1
1,2819,239911350000000,239911360643250,239911375855625,15212375,25855625,10643250,239911360000000,1,1,1
1,2820,239911370000000,239911376030375,239911391865875,15835500,21865875,6030375,239911380000000,1,1,0
1,2822,239911380000000,239911392054250,239911406626375,14572125,26626375,12054250,239911390000000,1,1,1
1,2823,239911400000000,239911406809875,239911422645875,15836000,22645875,6809875,239911410000000,1,1,0
1,2825,239911410000000,239911422812750,239911437327875,14515125,27327875,12812750,239911420000000,1,1,1
1,2826,239911430000000,239911437497750,239911451469125,13971375,21469125,7497750,239911440000000,1,1,0
1,2828,239911440000000,239911451798625,239911467677500,15878875,27677500,11798625,239911450000000,1,1,1
1,2829,239911460000000,239911467876125,239911483705375,15829250,23705375,7876125,239911470000000,1,1,0
1,2831,239911470000000,239911483864875,239911499143125,15278250,29143125,13864875,239911480000000,1,1,1
1,2832,239911490000000,239911499320750,239911514645375,15324625,24645375,9320750,239911500000000,1,1,0
1,2834,239911500000000,239911514827375,239911530679625,15852250,30679625,14827375,239911510000000,1,1,1
1,2836,239911520000000,239911530848875,239911545493750,14644875,25493750,10848875,239911530000000,1,1,1
1,2837,239911540000000,239911545685500,239911560996000,15310500,20996000,5685500,239911550000000,1,1,0
1,2839,239911550000000,239911561170250,239911577022875,15852625,27022875,11170250,239911560000000,1,1,1
1,2840,239911570000000,239911577182000,239911592540750,15358750,22540750,7182000,239911580000000,1,1,0
1,2842,239911580000000,239911592712500,239911608565125,15852625,28565125,12712500,239911590000000,1,1,1
1,2843,239911600000000,239911608718375,239911624088875,15370500,24088875,8718375,239911610000000,1,1,0
1,2845,239911610000000,239911624246000,239911638987500,14741500,28987500,14246000,239911620000000,1,1,1
1,2846,239911630000000,239911639172000,239911655055750,15883750,25055750,9172000,239911640000000,1,1,0
1,2848,239911640000000,239911655237250,239911669757750,14520500,29757750,15237250,239911650000000,1,1,1
1,2849,239911660000000,239911669928500,239911685229875,15301375,25229875,9928500,239911670000000,1,1,0
1,2851,239911670000000,239911685404000,239911700652875,15248875,30652875,15404000,239911680000000,1,1,1
1,2853,239911690000000,239911700815125,239911716580750,15765625,26580750,10815125,239911700000000,1,1,1
1,2854,239911710000000,239911716735000,239911731934625,15199625,21934625,6735000,239911720000000,1,1,0
1,2856,239911720000000,239911732117625,239911747657000,15539375,27657000,12117625,239911730000000,1,1,1
1,2857,239911740000000,239911747872625,239911762648250,14775625,22648250,7872625,239911750000000,1,1,0
1,2859,239911750000000,239911762855625,239911778165750,15310125,28165750,12855625,239911760000000,1,1,1
1,2860,239911770000000,239911778335500,239911793578125,15242625,23578125,8335500,239911780000000,1,1,0
1,2862,239911780000000,239911794461250,239911808181000,13719750,28181000,14461250,239911790000000,1,1,1
1,2863,239911800000000,239911809051500,239911824219625,15168125,24219625,9051500,239911810000000,1,1,0
1,2865,239911810000000,239911824402125,239911840338125,15936000,30338125,14402125,239911820000000,1,1,1
1,2867,239911830000000,239911840493000,239911855220125,14727125,25220125,10493000,239911840000000,1,1,1
1,2868,239911850000000,239911855396750,239911871248000,15851250,21248000,5396750,239911860000000,1,1,0
1,2870,239911860000000,239911871418250,239911887301250,15883000,27301250,11418250,239911870000000,1,1,1
1,2871,239911880000000,239911887494000,239911903059125,15565125,23059125,7494000,239911890000000,1,1,0
1,2873,239911890000000,239911903252875,239911918410000,15157125,28410000,13252875,239911900000000,1,1,1
1,2874,239911910000000,239911918606250,239911934518875,15912625,24518875,8606250,239911920000000,1,1,0
1,2876,239911920000000,239911934700500,239911950525250,15824750,30525250,14700500,239911930000000,1,1,1
1,2878,239911940000000,239911950709750,239911966585250,15875500,26585250,10709750,239911950000000,1,1,1
1,2879,239911960000000,239911966741000,239911982628750,15887750,22628750,6741000,239911970000000,1,1,0
1,2881,239911970000000,239911982829250,239911998682875,15853625,28682875,12829250,239911980000000,1,1,1
1,2882,239911990000000,239911998836125,239912013976250,15140125,23976250,8836125,239912000000000,1,1,0
1,2884,239912000000000,239912014158875,239912029264750,15105875,29264750,14158875,239912010000000,1,1,1
1,2885,239912020000000,239912029417125,239912045240875,15823750,25240875,9417125,239912030000000,1,1,0
1,2887,239912030000000,239912045412625,239912061317500,15904875,31317500,15412625,239912040000000,1,1,1
1,2889,239912050000000,239912061498500,239912077250625,15752125,27250625,11498500,239912060000000,1,1,1
1,2890,239912070000000,239912077424250,239912093264750,15840500,23264750,7424250,239912080000000,1,1,0
1,2892,239912080000000,239912093422875,239912109331625,15908750,29331625,13422875,239912090000000,1,1,1
1,2893,239912100000000,239912109516500,239912124727500,15211000,24727500,9516500,239912110000000,1,1,0
1,2895,239912110000000,239912124884625,239912140820125,15935500,30820125,14884625,239912120000000,1,1,1
1,2897,239912130000000,239912140991375,239912156826500,15835125,26826500,10991375,239912140000000,1,1,1
1,2898,239912150000000,239912156947125,239912171671375,14724250,21671375,6947125,239912160000000,1,1,0
1,2900,239912160000000,239912171884500,239912186494000,14609500,26494000,11884500,239912170000000,1,1,1
1,2901,239912180000000,239912186677125,239912201810250,15133125,21810250,6677125,239912190000000,1,1,0
1,2903,239912190000000,239912202424125,239912217824000,15399875,27824000,12424125,239912200000000,1,1,1
1,2904,239912210000000,239912217986000,239912233905375,15919375,23905375,7986000,239912220000000,1,1,0
1,2906,239912220000000,239912234100125,239912249948000,15847875,29948000,14100125,239912230000000,1,1,1
1,2908,239912240000000,239912250110375,239912264716250,14605875,24716250,10110375,239912250000000,1,1,1
1,2909,239912260000000,239912264894375,239912280184250,15289875,20184250,4894375,239912270000000,1,0,0
1,2911,239912270000000,239912280356125,239912294965875,14609750,24965875,10356125,239912280000000,1,1,1
1,2912,239912290000000,239912295149000,239912310960875,15811875,20960875,5149000,239912300000000,1,1,0
1,2914,239912300000000,239912311133250,239912327106750,15973500,27106750,11133250,239912310000000,1,1,1
1,2915,239912320000000,239912327311750,239912342586625,15274875,22586625,7311750,239912330000000,1,1,0
1,2917,239912330000000,239912342773000,239912358590500,15817500,28590500,12773000,239912340000000,1,1,1
1,2918,239912350000000,239912358762750,239912374265500,15502750,24265500,8762750,239912360000000,1,1,0
1,2920,239912360000000,239912374440875,239912390347500,15906625,30347500,14440875,239912370000000,1,1,1
1,2922,239912380000000,239912390510875,239912405673125,15162250,25673125,10510875,239912390000000,1,1,1
1,2923,239912400000000,239912405834125,239912421676625,15842500,21676625,5834125,239912410000000,1,1,0
1,2925,239912410000000,239912422537375,239912438394750,15857375,28394750,12537375,239912420000000,1,1,1
1,2926,239912430000000,239912438579875,239912453816250,15236375,23816250,8579875,239912440000000,1,1,0
1,2928,239912440000000,239912453986875,239912469821000,15834125,29821000,13986875,239912450000000,1,1,1
1,2929,239912460000000,239912469978625,239912485830750,15852125,25830750,9978625,239912470000000,1,1,0
1,2931,239912470000000,239912485996625,239912501230500,15233875,31230500,15996625,239912480000000,1,1,1
1,2933,239912490000000,239912501406750,239912517291000,15884250,27291000,11406750,239912500000000,1,1,1
1,2934,239912510000000,239912517463750,239912532759125,15295375,22759125,7463750,239912520000000,1,1,0
1,2936,239912520000000,239912532919125,239912548726375,15807250,28726375,12919125,239912530000000,1,1,1
1,2937,239912540000000,239912548892250,239912564798625,15906375,24798625,8892250,239912550000000,1,1,0
1,2939,239912550000000,239912564961625,239912580153000,15191375,30153000,14961625,239912560000000,1,1,1
1,2941,239912570000000,239912580329750,239912594920375,14590625,24920375,10329750,239912580000000,1,1,1
1,2942,239912590000000,239912595093625,239912610954500,15860875,20954500,5093625,239912600000000,1,1,0
1,2944,239912600000000,239912611140875,239912626869125,15728250,26869125,11140875,239912610000000,1,1,1
1,2945,239912620000000,239912627044875,239912642943750,15898875,22943750,7044875,239912630000000,1,1,0
1,2947,239912630000000,239912643127250,239912657936625,14809375,27936625,13127250,239912640000000,1,1,1
1,2948,239912650000000,239912658102500,239912673958125,15855625,23958125,8102500,239912660000000,1,1,0
1,2950,239912660000000,239912674136500,239912689325250,15188750,29325250,14136500,239912670000000,1,1,1
1,2951,239912680000000,239912689494875,239912705389500,15894625,25389500,9494875,239912690000000,1,1,0
1,2953,239912690000000,239912705557875,239912721444125,15886250,31444125,15557875,239912700000000,1,1,1
1,2955,239912710000000,239912721629125,239912736851750,15222625,26851750,11629125,239912720000000,1,1,1
1,2956,239912730000000,239912737022125,239912752969375,15947250,22969375,7022125,239912740000000,1,1,0
1,2958,239912740000000,239912753150000,239912769047375,15897375,29047375,13150000,239912750000000,1,1,1
1,2959,239912760000000,239912769212375,239912785048875,15836500,25048875,9212375,239912770000000,1,1,0
1,2961,239912770000000,239912785201625,239912799854250,14652625,29854250,15201625,239912780000000,1,1,1
1,2963,239912790000000,239912800038500,239912815933250,15894750,25933250,10038500,239912800000000,1,1,1
1,2964,239912810000000,239912816118625,239912832293875,16175250,22293875,6118625,239912820000000,1,1,0
1,2966,239912820000000,239912832476000,239912847699625,15223625,27699625,12476000,239912830000000,1,1,1
1,2967,239912840000000,239912847903000,239912863816750,15913750,23816750,7903000,239912850000000,1,1,0
1,2969,239912850000000,239912864030125,239912879423375,15393250,29423375,14030125,239912860000000,1,1,1
1,2970,239912870000000,239912879603250,239912893521250,13918000,23521250,9603250,239912880000000,1,1,0
1,2972,239912880000000,239912893695375,239912909598250,15902875,29598250,13695375,239912890000000,1,1,1
1,2973,239912900000000,239912909763875,239912925348875,15585000,25348875,9763875,239912910000000,1,1,0
1,2975,239912910000000,239912925516375,239912940784875,15268500,30784875,15516375,239912920000000,1,1,1
1,2977,239912930000000,239912940949250,239912956174375,15225125,26174375,10949250,239912940000000,1,1,1
1,2978,239912950000000,239912956339875,239912972236875,15897000,22236875,6339875,239912960000000,1,1,0
1,2980,239912960000000,239912972393875,239912987002250,14608375,27002250,12393875,239912970000000,1,1,1
1,2981,239912980000000,239912987189625,239913002993875,15804250,22993875,7189625,239912990000000,1,1,0
1,2983,239912990000000,239913003167250,239913018702625,15535375,28702625,13167250,239913000000000,1,1,1
1,2984,239913010000000,239913018891500,239913034051875,15160375,24051875,8891500,239913020000000,1,1,0
1,2986,239913020000000,239913034954375,239913050830000,15875625,30830000,14954375,239913030000000,1,1,1
1,2988,239913040000000,239913050997375,239913066780125,15782750,26780125,10997375,239913050000000,1,1,1
1,2989,239913060000000,239913066966000,239913080757500,13791500,20757500,6966000,239913070000000,1,1,0
1,2991,239913070000000,239913080944500,239913096810125,15865625,26810125,10944500,239913080000000,1,1,1
1,2992,239913090000000,239913096978125,239913112890625,15912500,22890625,6978125,239913100000000,1,1,0
1,2994,239913100000000,239913113067750,239913128459875,15392125,28459875,13067750,239913110000000,1,1,1
1,2995,239913120000000,239913128630250,239913144405125,15774875,24405125,8630250,239913130000000,1,1,0
1,2997,239913130000000,239913144558000,239913160479375,15921375,30479375,14558000,239913140000000,1,1,1
1,2999,239913150000000,239913160651625,239913175871750,15220125,25871750,10651625,239913160000000,1,1,1
1,3000,239913170000000,239913176067500,239913191854250,15786750,21854250,6067500,239913180000000,1,1,0
1,3002,239913180000000,239913192046500,239913207892750,15846250,27892750,12046500,239913190000000,1,1,1
1,3003,239913200000000,239913208183500,239913224059125,15875625,24059125,8183500,239913210000000,1,1,0
1,3005,239913210000000,239913224248000,239913239297875,15049875,29297875,14248000,239913220000000,1,1,1
1,3006,239913230000000,239913239468875,239913254734250,15265375,24734250,9468875,239913240000000,1,1,0
1,3008,239913240000000,239913254907125,239913269502500,14595375,29502500,14907125,239913250000000,1,1,1
1,3009,239913260000000,239913269669500,239913285495750,15826250,25495750,9669500,239913270000000,1,1,0
1,3011,239913270000000,239913285666000,239913301506000,15840000,31506000,15666000,239913280000000,1,1,1
1,3013,239913290000000,239913301675875,239913317563000,15887125,27563000,11675875,239913300000000,1,1,1
1,3014,239913310000000,239913317726625,239913333072625,15346000,23072625,7726625,239913320000000,1,1,0
1,3016,239913320000000,239913333238000,239913348625125,15387125,28625125,13238000,239913330000000,1,1,1
1,3017,239913340000000,239913348809250,239913363971750,15162500,23971750,8809250,239913350000000,1,1,0
1,3019,239913350000000,239913364142625,239913379967375,15824750,29967375,14142625,239913360000000,1,1,1
1,3021,239913370000000,239913380144500,239913394796750,14652250,24796750,10144500,239913380000000,1,1,1
1,3022,239913390000000,239913394981625,239913410792750,15811125,20792750,4981625,239913400000000,1,0,0
1,3024,239913400000000,239913410971875,239913426329625,15357750,26329625,10971875,239913410000000,1,1,1
1,3025,239913420000000,239913426508750,239913441506875,14998125,21506875,6508750,239913430000000,1,1,0
1,3027,239913430000000,239913441669500,239913456835500,15166000,26835500,11669500,239913440000000,1,1,1
1,3028,239913450000000,239913457001375,239913472888625,15887250,22888625,7001375,239913460000000,1,1,0
1,3030,239913460000000,239913473148750,239913489030125,15881375,29030125,13148750,239913470000000,1,1,1
1,3031,239913480000000,239913489225375,239913505060000,15834625,25060000,9225375,239913490000000,1,1,0
1,3033,239913490000000,239913505323000,239913520499750,15176750,30499750,15323000,239913500000000,1,1,1
1,3035,239913510000000,239913520687625,239913536030250,15342625,26030250,10687625,239913520000000,1,1,1
1,3036,239913530000000,239913536199625,239913551417875,15218250,21417875,6199625,239913540000000,1,1,0
1,3038,239913540000000,239913551608625,239913567431500,15822875,27431500,11608625,239913550000000,1,1,1
1,3039,239913560000000,239913567609625,239913583505250,15895625,23505250,7609625,239913570000000,1,1,0
1,3041,239913570000000,239913583689250,239913599625250,15936000,29625250,13689250,239913580000000,1,1,1
1,3042,239913590000000,239913599822000,239913615757500,15935500,25757500,9822000,239913600000000,1,1,0
1,3044,239913600000000,239913615948750,239913631777500,15828750,31777500,15948750,239913610000000,1,1,1
1,3046,239913620000000,239913631959500,239913647773500,15814000,27773500,11959500,239913630000000,1,1,1
1,3047,239913640000000,239913647959500,239913663163125,15203625,23163125,7959500,239913650000000,1,1,0
1,3049,239913650000000,239913664092125,239913680049250,15957125,30049250,14092125,239913660000000,1,1,1
1,3051,239913670000000,239913680229375,239913696160000,15930625,26160000,10229375,239913680000000,1,1,1
1,3052,239913690000000,239913696334250,239913712168375,15834125,22168375,6334250,239913700000000,1,1,0
1,3054,239913700000000,239913712331875,239913727741750,15409875,27741750,12331875,239913710000000,1,1,1
1,3055,239913720000000,239913727938875,239913743807625,15868750,23807625,7938875,239913730000000,1,1,0
1,3057,239913730000000,239913744023875,239913760118500,16094625,30118500,14023875,239913740000000,1,1,1
1,3059,239913750000000,239913760270250,239913775689625,15419375,25689625,10270250,239913760000000,1,1,1
1,3060,239913770000000,239913775907750,239913790802375,14894625,20802375,5907750,239913780000000,1,1,0
1,3062,239913780000000,239913790997625,239913806747750,15750125,26747750,10997625,239913790000000,1,1,1
1,3063,239913800000000,239913806919000,239913822438875,15519875,22438875,6919000,239913810000000,1,1,0
1,3065,239913810000000,239913822575000,239913838672125,16097125,28672125,12575000,239913820000000,1,1,1
1,3066,239913830000000,239913838885375,239913854442250,15556875,24442250,8885375,239913840000000,1,1,0
1,3068,239913840000000,239913854644875,239913869115375,14470500,29115375,14644875,239913850000000,1,1,1
1,3069,239913860000000,239913869274125,239913885204250,15930125,25204250,9274125,239913870000000,1,1,0
1,3071,239913870000000,239913885382375,239913901221875,15839500,31221875,15382375,239913880000000,1,1,1
1,3073,239913890000000,239913901397875,239913917245750,15847875,27245750,11397875,239913900000000,1,1,1
1,3074,239913910000000,239913917418000,239913932653875,15235875,22653875,7418000,239913920000000,1,1,0
1,3076,239913920000000,239913932819750,239913947699250,14879500,27699250,12819750,239913930000000,1,1,1
1,3077,239913940000000,239913947896000,239913963066000,15170000,23066000,7896000,239913950000000,1,1,0
1,3079,239913950000000,239913963262500,239913979087375,15824875,29087375,13262500,239913960000000,1,1,1
1,3080,239913970000000,239913979267000,239913993933375,14666375,23933375,9267000,239913980000000,1,1,0
1,3082,239913980000000,239913994110875,239914009969375,15858500,29969375,14110875,239913990000000,1,1,1
1,3084,239914000000000,239914010142750,239914025957625,15814875,25957625,10142750,239914010000000,1,1,1
1,3085,239914020000000,239914026123500,239914041147625,15024125,21147625,6123500,239914030000000,1,1,0
1,3087,239914030000000,239914041311125,239914056446375,15135250,26446375,11311125,239914040000000,1,1,1
1,3088,239914050000000,239914056608625,239914071904250,15295625,21904250,6608625,239914060000000,1,1,0
1,3090,239914060000000,239914072069125,239914087739250,15670125,27739250,12069125,239914070000000,1,1,1
1,3091,239914080000000,239914087909125,239914103745625,15836500,23745625,7909125,239914090000000,1,1,0
1,3093,239914090000000,239914103927625,239914119841750,15914125,29841750,13927625,239914100000000,1,1,1
1,3095,239914110000000,239914120048125,239914135966250,15918125,25966250,10048125,239914120000000,1,1,1
1,3096,239914130000000,239914136152625,239914151263000,15110375,21263000,6152625,239914140000000,1,1,0
1,3098,239914140000000,239914151450875,239914166310500,14859625,26310500,11450875,239914150000000,1,1,1
1,3099,239914160000000,239914166493500,239914182396875,15903375,22396875,6493500,239914170000000,1,1,0
1,3101,239914170000000,239914182578375,239914198155250,15576875,28155250,12578375,239914180000000,1,1,1
1,3102,239914190000000,239914198349125,239914214200125,15851000,24200125,8349125,239914200000000,1,1,0
1,3104,239914200000000,239914214373375,239914230263625,15890250,30263625,14373375,239914210000000,1,1,1
1,3106,239914220000000,239914230448125,239914245017250,14569125,25017250,10448125,239914230000000,1,1,1
1,3107,239914240000000,239914245176875,239914260931875,15755000,20931875,5176875,239914250000000,1,1,0
1,3109,239914250000000,239914261090500,239914276900625,15810125,26900625,11090500,239914260000000,1,1,1
1,3110,239914270000000,239914277786250,239914293741375,15955125,23741375,7786250,239914280000000,1,1,0
1,3112,239914280000000,239914293939000,239914309568625,15629625,29568625,13939000,239914290000000,1,1,1
1,3113,239914300000000,239914309752750,239914325568125,15815375,25568125,9752750,239914310000000,1,1,0
1,3115,239914310000000,239914325731125,239914341018750,15287625,31018750,15731125,239914320000000,1,1,1
1,3117,239914330000000,239914341181750,239914356424375,15242625,26424375,11181750,239914340000000,1,1,1
1,3118,239914350000000,239914356605000,239914371798750,15193750,21798750,6605000,239914360000000,1,1,0
1,3120,239914360000000,239914371991500,239914387910500,15919000,27910500,11991500,239914370000000,1,1,1
1,3121,239914380000000,239914388083000,239914403455625,15372625,23455625,8083000,239914390000000,1,1,0
1,3123,239914390000000,239914403647875,239914418330875,14683000,28330875,13647875,239914400000000,1,1,1
1,3124,239914410000000,239914418508000,239914434337750,15829750,24337750,8508000,239914420000000,1,1,0
1,3126,239914420000000,239914434498750,239914449722000,15223250,29722000,14498750,239914430000000,1,1,1
1,3127,239914440000000,239914449902500,239914465700875,15798375,25700875,9902500,239914450000000,1,1,0
1,3129,239914450000000,239914465879125,239914481787750,15908625,31787750,15879125,239914460000000,1,1,1
1,3131,239914470000000,239914481967875,239914497845375,15877500,27845375,11967875,239914480000000,1,1,1
1,3132,239914490000000,239914498016125,239914513267000,15250875,23267000,8016125,239914500000000,1,1,0
1,3134,239914500000000,239914513445125,239914528636000,15190875,28636000,13445125,239914510000000,1,1,1
1,3135,239914520000000,239914528802000,239914543321000,14519000,23321000,8802000,239914530000000,1,1,0
1,3137,239914530000000,239914543504000,239914558871500,15367500,28871500,13504000,239914540000000,1,1,1
1,3138,239914550000000,239914559058625,239914574045375,14986750,24045375,9058625,239914560000000,1,1,0
1,3140,239914560000000,239914574215625,239914590117625,15902000,30117625,14215625,239914570000000,1,1,1
1,3142,239914580000000,239914590298125,239914605850750,15552625,25850750,10298125,239914590000000,1,1,1
1,3143,239914600000000,239914606024000,239914620114875,14090875,20114875,6024000,239914610000000,1,1,0
1,3145,239914610000000,239914620289250,239914635660500,15371250,25660500,10289250,239914620000000,1,1,1
1,3146,239914630000000,239914635861125,239914651205750,15344625,21205750,5861125,239914640000000,1,1,0
1,3148,239914640000000,239914651509750,239914666178125,14668375,26178125,11509750,239914650000000,1,1,1
1,3149,239914660000000,239914666373250,239914682301000,15927750,22301000,6373250,239914670000000,1,1,0
1,3151,239914670000000,239914682483625,239914698320125,15836500,28320125,12483625,239914680000000,1,1,1
1,3152,239914690000000,239914698479875,239914713695375,15215500,23695375,8479875,239914700000000,1,1,0
1,3154,239914700000000,239914713874125,239914729774500,15900375,29774500,13874125,239914710000000,1,1,1
1,3155,239914720000000,239914729946375,239914745847625,15901250,25847625,9946375,239914730000000,1,1,0
1,3157,239914730000000,239914746024375,239914761844250,15819875,31844250,16024375,239914740000000,1,1,1
1,3159,239914750000000,239914762012250,239914777903875,15891625,27903875,12012250,239914760000000,1,1,1
1,3160,239914770000000,239914778070125,239914793181125,15111000,23181125,8070125,239914780000000,1,1,0
1,3162,239914780000000,239914793349500,239914809226500,15877000,29226500,13349500,239914790000000,1,1,1
1,3163,239914800000000,239914809384000,239914824911750,15527750,24911750,9384000,239914810000000,1,1,0
1,3165,239914810000000,239914825119125,239914840369500,15250375,30369500,15119125,239914820000000,1,1,1
1,3167,239914830000000,239914840555000,239914855224750,14669750,25224750,10555000,239914840000000,1,1,1
1,3168,239914850000000,239914855405750,239914870771375,15365625,20771375,5405750,239914860000000,1,1,0
1,3170,239914860000000,239914870927000,239914886173125,15246125,26173125,10927000,239914870000000,1,1,1
1,3171,239914880000000,239914886356250,239914901525000,15168750,21525000,6356250,239914890000000,1,1,0
1,3173,239914890000000,239914908249500,239914924166500,15917000,34166500,18249500,239914900000000,1,1,1
1,3175,239914910000000,239914924373875,239914938869500,14495625,28869500,14373875,239914920000000,1,1,1
1,3176,239914930000000,239914939055375,239914954901125,15845750,24901125,9055375,239914940000000,1,1,0
1,3178,239914940000000,239914955076375,239914969701250,14624875,29701250,15076375,239914950000000,1,1,1
1,3179,239914960000000,239914969864750,239914985733500,15868750,25733500,9864750,239914970000000,1,1,0
1,3181,239914970000000,239914985907750,239915001777750,15870000,31777750,15907750,239914980000000,1,1,1
1,3183,239914990000000,239915001952125,239915017835875,15883750,27835875,11952125,239915000000000,1,1,1
1,3184,239915010000000,239915018019375,239915033186000,15166625,23186000,8019375,239915020000000,1,1,0
1,3186,239915020000000,239915033343125,239915048583250,15240125,28583250,13343125,239915030000000,1,1,1
1,3187,239915040000000,239915048752625,239915064552000,15799375,24552000,8752625,239915050000000,1,1,0
1,3189,239915050000000,239915064695500,239915080583250,15887750,30583250,14695500,239915060000000,1,1,1
1,3191,239915070000000,239915080760500,239915096557375,15796875,26557375,10760500,239915080000000,1,1,1
1,3192,239915090000000,239915096724375,239915112454875,15730500,22454875,6724375,239915100000000,1,1,0
1,3194,239915100000000,239915112643750,239915127922875,15279125,27922875,12643750,239915110000000,1,1,1
1,3195,239915120000000,239915128098250,239915143263625,15165375,23263625,8098250,239915130000000,1,1,0
1,3197,239915130000000,239915143458375,239915157927375,14469000,27927375,13458375,239915140000000,1,1,1
1,3198,239915150000000,239915158095000,239915173924125,15829125,23924125,8095000,239915160000000,1,1,0
1,3200,239915160000000,239915174097375,239915189211250,15113875,29211250,14097375,239915170000000,1,1,1
1,3201,239915180000000,239915189387375,239915203564750,14177375,23564750,9387375,239915190000000,1,1,0
1,3203,239915190000000,239915203744375,239915218967000,15222625,28967000,13744375,239915200000000,1,1,1
1,3204,239915210000000,239915219142375,239915233683625,14541250,23683625,9142375,239915220000000,1,1,0
1,3206,239915220000000,239915233868500,239915249703625,15835125,29703625,13868500,239915230000000,1,1,1
1,3207,239915240000000,239915249873125,239915265773375,15900250,25773375,9873125,239915250000000,1,1,0
1,3209,239915250000000,239915265947625,239915281771000,15823375,31771000,15947625,239915260000000,1,1,1
1,3211,239915270000000,239915281938625,239915297810000,15871375,27810000,11938625,239915280000000,1,1,1
1,3212,239915290000000,239915297987750,239915312559250,14571500,22559250,7987750,239915300000000,1,1,0
1,3214,239915300000000,239915312840500,239915328682750,15842250,28682750,12840500,239915310000000,1,1,1
1,3215,239915320000000,239915328879375,239915344736875,15857500,24736875,8879375,239915330000000,1,1,0
1,3217,239915330000000,239915344905250,239915360764750,15859500,30764750,14905250,239915340000000,1,1,1
1,3219,239915350000000,239915360937000,239915376827125,15890125,26827125,10937000,239915360000000,1,1,1
1,3220,239915370000000,239915376990125,239915392848125,15858000,22848125,6990125,239915380000000,1,1,0
1,3222,239915380000000,239915393007250,239915408137000,15129750,28137000,13007250,239915390000000,1,1,1
1,3223,239915400000000,239915408286000,239915424206000,15920000,24206000,8286000,239915410000000,1,1,0
1,3225,239915410000000,239915424382625,239915439129875,14747250,29129875,14382625,239915420000000,1,1,1
1,3226,239915430000000,239915439325625,239915454516500,15190875,24516500,9325625,239915440000000,1,1,0
1,3228,239915440000000,239915454697625,239915470611250,15913625,30611250,14697625,239915450000000,1,1,1
1,3230,239915460000000,239915470763000,239915486494500,15731500,26494500,10763000,239915470000000,1,1,1
1,3231,239915480000000,239915486670750,239915501827500,15156750,21827500,6670750,239915490000000,1,1,0
1,3233,239915490000000,239915501998250,239915517918250,15920000,27918250,11998250,239915500000000,1,1,1
1,3234,239915510000000,239915518826875,239915534416000,15589125,24416000,8826875,239915520000000,1,1,0
1,3236,239915520000000,239915534628250,239915549961125,15332875,29961125,14628250,239915530000000,1,1,1
1,3238,239915540000000,239915550166625,239915565739625,15573000,25739625,10166625,239915550000000,1,1,1
1,3239,239915560000000,239915565913875,239915580989625,15075750,20989625,5913875,239915570000000,1,1,0
1,3241,239915570000000,239915581160375,239915596995000,15834625,26995000,11160375,239915580000000,1,1,1
1,3242,239915590000000,239915597156000,239915611654500,14498500,21654500,7156000,239915600000000,1,1,0
1,3244,239915600000000,239915611839000,239915627074250,15235250,27074250,11839000,239915610000000,1,1,1
1,3245,239915620000000,239915627256250,239915643159625,15903375,23159625,7256250,239915630000000,1,1,0
1,3247,239915630000000,239915643345125,239915659235250,15890125,29235250,13345125,239915640000000,1,1,1
1,3248,239915650000000,239915659422750,239915675315250,15892500,25315250,9422750,239915660000000,1,1,0
1,3250,239915660000000,239915675499750,239915690724375,15224625,30724375,15499750,239915670000000,1,1,1
1,3252,239915680000000,239915690904000,239915706078750,15174750,26078750,10904000,239915690000000,1,1,1
1,3253,239915700000000,239915706245625,239915720255250,14009625,20255250,6245625,239915710000000,1,1,0
1,3255,239915710000000,239915720431750,239915736326875,15895125,26326875,10431750,239915720000000,1,1,1
1,3256,239915730000000,239915736499125,239915751732125,15233000,21732125,6499125,239915740000000,1,1,0
1,3258,239915740000000,239915751917625,239915767824750,15907125,27824750,11917625,239915750000000,1,1,1
1,3259,239915760000000,239915767980875,239915784091125,16110250,24091125,7980875,239915770000000,1,1,0
1,3261,239915770000000,239915784270250,239915799761250,15491000,29761250,14270250,239915780000000,1,1,1
1,3262,239915790000000,239915799980375,239915815601250,15620875,25601250,9980375,239915800000000,1,1,0
1,3264,239915800000000,239915815819875,239915831745625,15925750,31745625,15819875,239915810000000,1,1,1
1,3266,239915820000000,239915831948750,239915847809125,15860375,27809125,11948750,239915830000000,1,1,1
1,3267,239915840000000,239915848029625,239915863801750,15772125,23801750,8029625,239915850000000,1,1,0
1,3269,239915850000000,239915863982875,239915879239625,15256750,29239625,13982875,239915860000000,1,1,1
1,3270,239915870000000,239915879419125,239915894231875,14812750,24231875,9419125,239915880000000,1,1,0
1,3272,239915880000000,239915894404250,239915910290375,15886125,30290375,14404250,239915890000000,1,1,1
1,3274,239915900000000,239915910465750,239915925983500,15517750,25983500,10465750,239915910000000,1,1,1
1,3275,239915920000000,239915926162125,239915942061125,15899000,22061125,6162125,239915930000000,1,1,0
1,3277,239915930000000,239915942239375,239915958118250,15878875,28118250,12239375,239915940000000,1,1,1
1,3278,239915950000000,239915958297375,239915972444375,14147000,22444375,8297375,239915960000000,1,1,0
1,3280,239915960000000,239915972617875,239915987747625,15129750,27747625,12617875,239915970000000,1,1,1
1,3281,239915980000000,239915987923250,239916003847125,15923875,23847125,7923250,239915990000000,1,1,0
1,3283,239915990000000,239916004034750,239916019412750,15378000,29412750,14034750,239916000000000,1,1,1
1,3284,239916010000000,239916019607125,239916035422625,15815500,25422625,9607125,239916020000000,1,1,0
1,3286,239916020000000,239916035594500,239916051449875,15855375,31449875,15594500,239916030000000,1,1,1
1,3288,239916040000000,239916051636375,239916067221000,15584625,27221000,11636375,239916050000000,1,1,1
1,3289,239916060000000,239916067412875,239916081411000,13998125,21411000,7412875,239916070000000,1,1,0
1,3291,239916070000000,239916081587250,239916097200250,15613000,27200250,11587250,239916080000000,1,1,1
1,3292,239916090000000,239916097360250,239916112590250,15230000,22590250,7360250,239916100000000,1,1,0
1,3294,239916100000000,239916112762125,239916128514625,15752500,28514625,12762125,239916110000000,1,1,1
1,3295,239916120000000,239916128776125,239916142921875,14145750,22921875,8776125,239916130000000,1,1,0
1,3297,239916130000000,239916143844625,239916157921000,14076375,27921000,13844625,239916140000000,1,1,1
1,3298,239916150000000,239916158086875,239916173742375,15655500,23742375,8086875,239916160000000,1,1,0
1,3300,239916160000000,239916173926875,239916189768625,15841750,29768625,13926875,239916170000000,1,1,1
1,3301,239916180000000,239916189946875,239916205822000,15875125,25822000,9946875,239916190000000,1,1,0
1,3303,239916190000000,239916205989750,239916221860500,15870750,31860500,15989750,239916200000000,1,1,1
1,3305,239916210000000,239916222004500,239916236745375,14740875,26745375,12004500,239916220000000,1,1,1
1,3306,239916230000000,239916236915750,239916252128625,15212875,22128625,6915750,239916240000000,1,1,0
1,3308,239916240000000,239916252984000,239916268164750,15180750,28164750,12984000,239916250000000,1,1,1
1,3309,239916260000000,239916268334500,239916282891625,14557125,22891625,8334500,239916270000000,1,1,0
1,3311,239916270000000,239916283061000,239916298852125,15791125,28852125,13061000,239916280000000,1,1,1
1,3312,239916290000000,239916299011250,239916314953000,15941750,24953000,9011250,239916300000000,1,1,0
1,3314,239916300000000,239916315149625,239916330427000,15277375,30427000,15149625,239916310000000,1,1,1
1,3316,239916320000000,239916330623625,239916345148000,14524375,25148000,10623625,239916330000000,1,1,1
1,3317,239916340000000,239916345299750,239916360482375,15182625,20482375,5299750,239916350000000,1,1,0
1,3319,239916350000000,239916360660000,239916375901125,15241125,25901125,10660000,239916360000000,1,1,1
1,3320,239916370000000,239916376099875,239916391903625,15803750,21903625,6099875,239916380000000,1,1,0
1,3322,239916380000000,239916392112000,239916406877875,14765875,26877875,12112000,239916390000000,1,1,1
1,3323,239916400000000,239916407055625,239916422961875,15906250,22961875,7055625,239916410000000,1,1,0
1,3325,239916410000000,239916423147250,239916438295750,15148500,28295750,13147250,239916420000000,1,1,1
1,3326,239916430000000,239916438482625,239916453026000,14543375,23026000,8482625,239916440000000,1,1,0
1,3328,239916440000000,239916453196750,239916469138750,15942000,29138750,13196750,239916450000000,1,1,1
1,3329,239916460000000,239916469302625,239916485206000,15903375,25206000,9302625,239916470000000,1,1,0
1,3331,239916470000000,239916485377750,239916501159125,15781375,31159125,15377750,239916480000000,1,1,1
1,3333,239916490000000,239916501319750,239916516049500,14729750,26049500,11319750,239916500000000,1,1,1
1,3334,239916510000000,239916516210000,239916530210250,14000250,20210250,6210000,239916520000000,1,1,0
1,3336,239916520000000,239916530399250,239916546260500,15861250,26260500,10399250,239916530000000,1,1,1
1,3337,239916540000000,239916546440125,239916560949750,14509625,20949750,6440125,239916550000000,1,1,0
1,3339,239916550000000,239916561118250,239916577063000,15944750,27063000,11118250,239916560000000,1,1,1
1,3340,239916570000000,239916577246500,239916592995125,15748625,22995125,7246500,239916580000000,1,1,0
1,3342,239916580000000,239916593163500,239916608325125,15161625,28325125,13163500,239916590000000,1,1,1
1,3343,239916600000000,239916609186000,239916622657750,13471750,22657750,9186000,239916610000000,1,1,0
1,3345,239916610000000,239916622859250,239916638421625,15562375,28421625,12859250,239916620000000,1,1,1
1,3346,239916630000000,239916638616500,239916654451375,15834875,24451375,8616500,239916640000000,1,1,0
1,3348,239916640000000,239916654635875,239916669813500,15177625,29813500,14635875,239916650000000,1,1,1
1,3349,239916660000000,239916669990875,239916685876500,15885625,25876500,9990875,239916670000000,1,1,0
1,3351,239916670000000,239916686061875,239916701196625,15134750,31196625,16061875,239916680000000,1,1,1
1,3353,239916690000000,239916701365125,239916717172250,15807125,27172250,11365125,239916700000000,1,1,1
1,3354,239916710000000,239916717341125,239916732692125,15351000,22692125,7341125,239916720000000,1,1,0
1,3356,239916720000000,239916732868250,239916747679000,14810750,27679000,12868250,239916730000000,1,1,1
1,3357,239916740000000,239916748596500,239916764460375,15863875,24460375,8596500,239916750000000,1,1,0
1,3359,239916750000000,239916764640375,239916780559500,15919125,30559500,14640375,239916760000000,1,1,1
1,3361,239916770000000,239916780746750,239916796117250,15370500,26117250,10746750,239916780000000,1,1,1
1,3362,239916790000000,239916796784375,239916811381875,14597500,21381875,6784375,239916800000000,1,1,0
1,3364,239916800000000,239916811717750,239916827231500,15513750,27231500,11717750,239916810000000,1,1,1
1,3365,239916820000000,239916827449750,239916843147625,15697875,23147625,7449750,239916830000000,1,1,0
1,3367,239916830000000,239916843343750,239916859191000,15847250,29191000,13343750,239916840000000,1,1,1
1,3368,239916850000000,239916859340875,239916874583500,15242625,24583500,9340875,239916860000000,1,1,0
1,3370,239916860000000,239916874759125,239916890672375,15913250,30672375,14759125,239916870000000,1,1,1
1,3372,239916880000000,239916890856375,239916905976875,15120500,25976875,10856375,239916890000000,1,1,1
1,3373,239916900000000,239916906144875,239916921934000,15789125,21934000,6144875,239916910000000,1,1,0
1,3375,239916910000000,239916922095500,239916937991625,15896125,27991625,12095500,239916920000000,1,1,1
1,3376,239916930000000,239916938168125,239916954089125,15921000,24089125,8168125,239916940000000,1,1,0
1,3378,239916940000000,239916954260375,239916969004375,14744000,29004375,14260375,239916950000000,1,1,1
1,3379,239916960000000,239916969188875,239916984997500,15808625,24997500,9188875,239916970000000,1,1,0
1,3381,239916970000000,239916985154125,239917000338250,15184125,30338250,15154125,239916980000000,1,1,1
1,3383,239916990000000,239917000506625,239917016400750,15894125,26400750,10506625,239917000000000,1,1,1
1,3384,239917010000000,239917016577000,239917032427250,15850250,22427250,6577000,239917020000000,1,1,0
1,3386,239917020000000,239917032575125,239917048420750,15845625,28420750,12575125,239917030000000,1,1,1
1,3387,239917040000000,239917048591000,239917064420750,15829750,24420750,8591000,239917050000000,1,1,0
1,3389,239917050000000,239917064578375,239917080555375,15977000,30555375,14578375,239917060000000,1,1,1
1,3391,239917070000000,239917080734875,239917095871750,15136875,25871750,10734875,239917080000000,1,1,1
1,3392,239917090000000,239917096725125,239917111866750,15141625,21866750,6725125,239917100000000,1,1,0
1,3394,239917100000000,239917112048000,239917127927750,15879750,27927750,12048000,239917110000000,1,1,1
1,3395,239917120000000,239917128193750,239917144152750,15959000,24152750,8193750,239917130000000,1,1,0
1,3397,239917130000000,239917144345125,239917160099125,15754000,30099125,14345125,239917140000000,1,1,1
1,3399,239917150000000,239917160264000,239917176092750,15828750,26092750,10264000,239917160000000,1,1,1
1,3400,239917170000000,239917176256250,239917192142000,15885750,22142000,6256250,239917180000000,1,1,0
1,3402,239917180000000,239917192302125,239917207070000,14767875,27070000,12302125,239917190000000,1,1,1
1,3403,239917200000000,239917207273375,239917222381000,15107625,22381000,7273375,239917210000000,1,1,0
1,3405,239917210000000,239917222565625,239917237871375,15305750,27871375,12565625,239917220000000,1,1,1
1,3406,239917230000000,239917238055000,239917252726625,14671625,22726625,8055000,239917240000000,1,1,0
1,3408,239917240000000,239917252883750,239917268638250,15754500,28638250,12883750,239917250000000,1,1,1
1,3409,239917260000000,239917268799375,239917283359250,14559875,23359250,8799375,239917270000000,1,1,0
1,3411,239917270000000,239917284211750,239917299406625,15194875,29406625,14211750,239917280000000,1,1,1
1,3412,239917290000000,239917299613000,239917314705375,15092375,24705375,9613000,239917300000000,1,1,0
1,3414,239917300000000,239917314885375,239917329853375,14968000,29853375,14885375,239917310000000,1,1,1
1,3416,239917320000000,239917330020750,239917345927500,15906750,25927500,10020750,239917330000000,1,1,1
1,3417,239917340000000,239917346116375,239917361937750,15821375,21937750,6116375,239917350000000,1,1,0
1,3419,239917350000000,239917362105125,239917376028625,13923500,26028625,12105125,239917360000000,1,1,1
1,3420,239917370000000,239917376942750,239917392231250,15288500,22231250,6942750,239917380000000,1,1,0
1,3422,239917380000000,239917392427625,239917407653500,15225875,27653500,12427625,239917390000000,1,1,1
1,3423,239917400000000,239917407841875,239917423167500,15325625,23167500,7841875,239917410000000,1,1,0
1,3425,239917410000000,239917423357375,239917438791750,15434375,28791750,13357375,239917420000000,1,1,1
1,3426,239917430000000,239917438972375,239917454176875,15204500,24176875,8972375,239917440000000,1,1,0
1,3428,239917440000000,239917454340750,239917468909125,14568375,28909125,14340750,239917450000000,1,1,1
1,3429,239917460000000,239917469085375,239917483691500,14606125,23691500,9085375,239917470000000,1,1,0
1,3431,239917470000000,239917483914125,239917499756000,15841875,29756000,13914125,239917480000000,1,1,1
1,3432,239917490000000,239917499939500,239917515766125,15826625,25766125,9939500,239917500000000,1,1,0
1,3434,239917500000000,239917515934500,239917531866250,15931750,31866250,15934500,239917510000000,1,1,1
1,3436,239917520000000,239917532033500,239917547853625,15820125,27853625,12033500,239917530000000,1,1,1
1,3437,239917540000000,239917548097125,239917563212750,15115625,23212750,8097125,239917550000000,1,1,0
1,3439,239917550000000,239917563397875,239917579297250,15899375,29297250,13397875,239917560000000,1,1,1
1,3440,239917570000000,239917579475875,239917594824375,15348500,24824375,9475875,239917580000000,1,1,0
1,3442,239917580000000,239917595019625,239917610835000,15815375,30835000,15019625,239917590000000,1,1,1
1,3444,239917600000000,239917611023000,239917625577000,14554000,25577000,11023000,239917610000000,1,1,1
1,3445,239917620000000,239917625754750,239917640418125,14663375,20418125,5754750,239917630000000,1,1,0
1,3447,239917630000000,239917640581500,239917655767625,15186125,25767625,10581500,239917640000000,1,1,1
1,3448,239917650000000,239917655965750,239917671885625,15919875,21885625,5965750,239917660000000,1,1,0
1,3450,239917660000000,239917672188250,239917688058875,15870625,28058875,12188250,239917670000000,1,1,1
1,3451,239917680000000,239917688254625,239917704175125,15920500,24175125,8254625,239917690000000,1,1,0
1,3453,239917690000000,239917704340000,239917719430875,15090875,29430875,14340000,239917700000000,1,1,1
1,3454,239917710000000,239917719589000,239917735475250,15886250,25475250,9589000,239917720000000,1,1,0
1,3456,239917720000000,239917735648500,239917750775625,15127125,30775625,15648500,239917730000000,1,1,1
1,3458,239917740000000,239917750945875,239917766344625,15398750,26344625,10945875,239917750000000,1,1,1
1,3459,239917760000000,239917766527125,239917782371500,15844375,22371500,6527125,239917770000000,1,1,0
1,3461,239917770000000,239917782554500,239917798383750,15829250,28383750,12554500,239917780000000,1,1,1
1,3462,239917790000000,239917798549625,239917814459375,15909750,24459375,8549625,239917800000000,1,1,0
1,3464,239917800000000,239917814629125,239917830295750,15666625,30295750,14629125,239917810000000,1,1,1
1,3466,239917820000000,239917830506625,239917845208625,14702000,25208625,10506625,239917830000000,1,1,1
1,3467,239917840000000,239917845404750,239917861370125,15965375,21370125,5404750,239917850000000,1,1,0
1,3469,239917850000000,239917861555000,239917876805500,15250500,26805500,11555000,239917860000000,1,1,1
1,3470,239917870000000,239917876992500,239917892797625,15805125,22797625,6992500,239917880000000,1,1,0
1,3472,239917880000000,239917892955250,239917908301375,15346125,28301375,12955250,239917890000000,1,1,1
1,3473,239917900000000,239917908475625,239917924304875,15829250,24304875,8475625,239917910000000,1,1,0
1,3475,239917910000000,239917924447750,239917939086375,14638625,29086375,14447750,239917920000000,1,1,1
1,3476,239917930000000,239917939276625,239917955154125,15877500,25154125,9276625,239917940000000,1,1,0
1,3478,239917940000000,239917955345500,239917971257625,15912125,31257625,15345500,239917950000000,1,1,1
1,3480,239917960000000,239917971440500,239917987287875,15847375,27287875,11440500,239917970000000,1,1,1
1,3481,239917980000000,239917987458625,239918002866250,15407625,22866250,7458625,239917990000000,1,1,0
1,3483,239917990000000,239918003775000,239918018795500,15020500,28795500,13775000,239918000000000,1,1,1
1,3484,239918010000000,239918019001375,239918034956000,15954625,24956000,9001375,239918020000000,1,1,0
1,3486,239918020000000,239918035146375,239918050307500,15161125,30307500,15146375,239918030000000,1,1,1
1,3488,239918040000000,239918050486125,239918066371375,15885250,26371375,10486125,239918050000000,1,1,1
1,3489,239918060000000,239918066550000,239918082440750,15890750,22440750,6550000,239918070000000,1,1,0
1,3491,239918070000000,239918082588500,239918097853125,15264625,27853125,12588500,239918080000000,1,1,1
1,3492,239918090000000,239918098034625,239918113892625,15858000,23892625,8034625,239918100000000,1,1,0
1,3494,239918100000000,239918114055625,239918129909250,15853625,29909250,14055625,239918110000000,1,1,1
1,3496,239918120000000,239918130076625,239918144069125,13992500,24069125,10076625,239918130000000,1,1,1
1,3497,239918140000000,239918144232500,239918159403875,15171375,19403875,4232500,239918150000000,1,0,0
1,3498,239918150000000,239918159567000,239918175351750,15784750,25351750,9567000,239918160000000,1,1,0
1,3500,239918160000000,239918175641125,239918191514625,15873500,31514625,15641125,239918170000000,1,1,1
1,3502,239918180000000,239918191731375,239918207546875,15815500,27546875,11731375,239918190000000,1,1,1
1,3503,239918200000000,239918207716250,239918223630875,15914625,23630875,7716250,239918210000000,1,1,0
1,3505,239918210000000,239918223817250,239918238992125,15174875,28992125,13817250,239918220000000,1,1,1
1,3506,239918230000000,239918239177625,239918255067625,15890000,25067625,9177625,239918240000000,1,1,0
1,3508,239918240000000,239918255238000,239918270430875,15192875,30430875,15238000,239918250000000,1,1,1
1,3510,239918260000000,239918270608000,239918286516500,15908500,26516500,10608000,239918270000000,1,1,1
1,3511,239918280000000,239918286698750,239918302566625,15867875,22566625,6698750,239918290000000,1,1,0
1,3513,239918290000000,239918302754875,239918318537750,15782875,28537750,12754875,239918300000000,1,1,1
1,3514,239918310000000,239918318679250,239918333110875,14431625,23110875,8679250,239918320000000,1,1,0
1,3516,239918320000000,239918333250875,239918347941625,14690750,27941625,13250875,239918330000000,1,1,1
1,3517,239918340000000,239918348124625,239918362559625,14435000,22559625,8124625,239918350000000,1,1,0
1,3519,239918350000000,239918362761125,239918377972625,15211500,27972625,12761125,239918360000000,1,1,1
1,3520,239918370000000,239918378150750,239918394034625,15883875,24034625,8150750,239918380000000,1,1,0
1,3522,239918380000000,239918394219125,239918409371375,15152250,29371375,14219125,239918390000000,1,1,1
1,3523,239918400000000,239918409533875,239918424659875,15126000,24659875,9533875,239918410000000,1,1,0
1,3525,239918410000000,239918424824875,239918440707250,15882375,30707250,14824875,239918420000000,1,1,1
1,3527,239918430000000,239918440871750,239918456774250,15902500,26774250,10871750,239918440000000,1,1,1
1,3528,239918450000000,239918456948375,239918472817000,15868625,22817000,6948375,239918460000000,1,1,0
1,3530,239918460000000,239918472988500,239918488234000,15245500,28234000,12988500,239918470000000,1,1,1
1,3531,239918480000000,239918488406250,239918504281250,15875000,24281250,8406250,239918490000000,1,1,0
1,3533,239918490000000,239918504447750,239918519637125,15189375,29637125,14447750,239918500000000,1,1,1
1,3534,239918510000000,239918519825125,239918535153000,15327875,25153000,9825125,239918520000000,1,1,0
1,3536,239918520000000,239918535316125,239918551183750,15867625,31183750,15316125,239918530000000,1,1,1
1,3538,239918540000000,239918551367375,239918567199375,15832000,27199375,11367375,239918550000000,1,1,1
1,3539,239918560000000,239918567382875,239918581770000,14387125,21770000,7382875,239918570000000,1,1,0
1,3541,239918570000000,239918581950125,239918597781875,15831750,27781875,11950125,239918580000000,1,1,1
1,3542,239918590000000,239918597945250,239918612953625,15008375,22953625,7945250,239918600000000,1,1,0
1,3544,239918600000000,239918613848625,239918629197625,15349000,29197625,13848625,239918610000000,1,1,1
1,3545,239918620000000,239918629386000,239918644685250,15299250,24685250,9386000,239918630000000,1,1,0
1,3547,239918630000000,239918644847875,239918660692625,15844750,30692625,14847875,239918640000000,1,1,1
1,3549,239918650000000,239918660857125,239918676156250,15299125,26156250,10857125,239918660000000,1,1,1
1,3550,239918670000000,239918676312000,239918692203625,15891625,22203625,6312000,239918680000000,1,1,0
1,3552,239918680000000,239918692384750,239918706945625,14560875,26945625,12384750,239918690000000,1,1,1
1,3553,239918700000000,239918707116000,239918722564000,15448000,22564000,7116000,239918710000000,1,1,0
1,3555,239918710000000,239918722747625,239918738582500,15834875,28582500,12747625,239918720000000,1,1,1
1,3556,239918730000000,239918738733375,239918754559125,15825750,24559125,8733375,239918740000000,1,1,0
1,3558,239918740000000,239918754734875,239918770594250,15859375,30594250,14734875,239918750000000,1,1,1
1,3560,239918760000000,239918770779625,239918785913000,15133375,25913000,10779625,239918770000000,1,1,1
1,3561,239918780000000,239918786072125,239918801265000,15192875,21265000,6072125,239918790000000,1,1,0
1,3563,239918790000000,239918801441625,239918817632875,16191250,27632875,11441625,239918800000000,1,1,1
1,3564,239918810000000,239918817812375,239918833095625,15283250,23095625,7812375,239918820000000,1,1,0
1,3566,239918820000000,239918833270375,239918849105375,15835000,29105375,13270375,239918830000000,1,1,1
1,3567,239918840000000,239918849269500,239918864681250,15411750,24681250,9269500,239918850000000,1,1,0
1,3569,239918850000000,239918864848875,239918880061125,15212250,30061125,14848875,239918860000000,1,1,1
1,3571,239918870000000,239918880240125,239918895365250,15125125,25365250,10240125,239918880000000,1,1,1
1,3572,239918890000000,239918895539375,239918911426625,15887250,21426625,5539375,239918900000000,1,1,0
1,3574,239918900000000,239918911611125,239918927002125,15391000,27002125,11611125,239918910000000,1,1,1
1,3575,239918920000000,239918927189500,239918942002750,14813250,22002750,7189500,239918930000000,1,1,0
1,3577,239918930000000,239918942146625,239918957379125,15232500,27379125,12146625,239918940000000,1,1,1
1,3578,239918950000000,239918957563500,239918972802250,15238750,22802250,7563500,239918960000000,1,1,0
1,3580,239918960000000,239918972980875,239918987645750,14664875,27645750,12980875,239918970000000,1,1,1
1,3581,239918980000000,239918987856125,239919002599500,14743375,22599500,7856125,239918990000000,1,1,0
1,3583,239918990000000,239919002777125,239919018642000,15864875,28642000,12777125,239919000000000,1,1,1
1,3584,239919010000000,239919018832750,239919034724000,15891250,24724000,8832750,239919020000000,1,1,0
1,3586,239919020000000,239919034899625,239919050778500,15878875,30778500,14899625,239919030000000,1,1,1
1,3588,239919040000000,239919050962625,239919066201250,15238625,26201250,10962625,239919050000000,1,1,1
1,3589,239919060000000,239919066370125,239919079740500,13370375,19740500,6370125,239919070000000,1,1,0
1,3590,239919070000000,239919079942375,239919095862375,15920000,25862375,9942375,239919080000000,1,1,0
1,3592,239919080000000,239919096058125,239919111838000,15779875,31838000,16058125,239919090000000,1,1,1
1,3594,239919100000000,239919112094625,239919127918500,15823875,27918500,12094625,239919110000000,1,1,1
1,3595,239919120000000,239919128161625,239919143988750,15827125,23988750,8161625,239919130000000,1,1,0
1,3597,239919130000000,239919144160125,239919159502750,15342625,29502750,14160125,239919140000000,1,1,1
1,3598,239919150000000,239919159711250,239919174860000,15148750,24860000,9711250,239919160000000,1,1,0
1,3600,239919160000000,239919175045500,239919190927500,15882000,30927500,15045500,239919170000000,1,1,1
1,3602,239919180000000,239919191117750,239919206753625,15635875,26753625,11117750,239919190000000,1,1,1
1,3603,239919200000000,239919206928375,239919221819250,14890875,21819250,6928375,239919210000000,1,1,0
1,3605,239919210000000,239919222003125,239919237883625,15880500,27883625,12003125,239919220000000,1,1,1
1,3606,239919230000000,239919238792750,239919254123125,15330375,24123125,8792750,239919240000000,1,1,0
1,3608,239919240000000,239919254316500,239919269450250,15133750,29450250,14316500,239919250000000,1,1,1
1,3609,239919260000000,239919269612875,239919285519625,15906750,25519625,9612875,239919270000000,1,1,0
1,3611,239919270000000,239919285695750,239919301598125,15902375,31598125,15695750,239919280000000,1,1,1
1,3613,239919290000000,239919301762750,239919316626000,14863250,26626000,11762750,239919300000000,1,1,1
1,3614,239919310000000,239919316804875,239919332558250,15753375,22558250,6804875,239919320000000,1,1,0
1,3616,239919320000000,239919332712875,239919348478125,15765250,28478125,12712875,239919330000000,1,1,1
1,3617,239919340000000,239919348618250,239919363283125,14664875,23283125,8618250,239919350000000,1,1,0
1,3619,239919350000000,239919363490500,239919379332375,15841875,29332375,13490500,239919360000000,1,1,1
1,3620,239919370000000,239919379519750,239919394901000,15381250,24901000,9519750,239919380000000,1,1,0
1,3622,239919380000000,239919395097625,239919411003500,15905875,31003500,15097625,239919390000000,1,1,1
1,3624,239919400000000,239919411187500,239919425824000,14636500,25824000,11187500,239919410000000,1,1,1
1,3625,239919420000000,239919426000625,239919441118375,15117750,21118375,6000625,239919430000000,1,1,0
1,3627,239919430000000,239919441287875,239919456486000,15198125,26486000,11287875,239919440000000,1,1,1
1,3628,239919450000000,239919456645000,239919472477625,15832625,22477625,6645000,239919460000000,1,1,0
1,3630,239919460000000,239919472641250,239919488478625,15837375,28478625,12641250,239919470000000,1,1,1
1,3631,239919480000000,239919488640125,239919504531250,15891125,24531250,8640125,239919490000000,1,1,0
1,3633,239919490000000,239919504698250,239919519972500,15274250,29972500,14698250,239919500000000,1,1,1
1,3635,239919510000000,239919520172625,239919535991125,15818500,25991125,10172625,239919520000000,1,1,1
1,3636,239919530000000,239919536175125,239919551419125,15244000,21419125,6175125,239919540000000,1,1,0
1,3638,239919540000000,239919551606750,239919566992250,15385500,26992250,11606750,239919550000000,1,1,1
1,3639,239919560000000,239919567197625,239919583025375,15827750,23025375,7197625,239919570000000,1,1,0
1,3641,239919570000000,239919583196750,239919599105875,15909125,29105875,13196750,239919580000000,1,1,1
1,3642,239919590000000,239919599291750,239919615189375,15897625,25189375,9291750,239919600000000,1,1,0
1,3644,239919600000000,239919615389000,239919630756500,15367500,30756500,15389000,239919610000000,1,1,1
1,3646,239919620000000,239919630942000,239919645886500,14944500,25886500,10942000,239919630000000,1,1,1
1,3647,239919640000000,239919646748250,239919661942500,15194250,21942500,6748250,239919650000000,1,1,0
1,3649,239919650000000,239919662123125,239919678029875,15906750,28029875,12123125,239919660000000,1,1,1
1,3650,239919670000000,239919678330375,239919692961625,14631250,22961625,8330375,239919680000000,1,1,0
1,3652,239919680000000,239919693164750,239919709077250,15912500,29077250,13164750,239919690000000,1,1,1
1,3653,239919700000000,239919709256875,239919725001125,15744250,25001125,9256875,239919710000000,1,1,0
1,3655,239919710000000,239919725185125,239919741069500,15884375,31069500,15185125,239919720000000,1,1,1
1,3657,239919730000000,239919741252250,239919756336125,15083875,26336125,11252250,239919740000000,1,1,1
1,3658,239919750000000,239919756470875,239919772342000,15871125,22342000,6470875,239919760000000,1,1,0
1,3660,239919760000000,239919772516375,239919788342000,15825625,28342000,12516375,239919770000000,1,1,1
1,3661,239919780000000,239919788498500,239919803195625,14697125,23195625,8498500,239919790000000,1,1,0
1,3663,239919790000000,239919803386500,239919819551875,16165375,29551875,13386500,239919800000000,1,1,1
1,3664,239919810000000,239919819765750,239919835638625,15872875,25638625,9765750,239919820000000,1,1,0
1,3666,239919820000000,239919835831000,239919851245875,15414875,31245875,15831000,239919830000000,1,1,1
1,3668,239919840000000,239919853162250,239919867286375,14124125,27286375,13162250,239919850000000,1,1,1
1,3669,239919860000000,239919867501625,239919882287500,14785875,22287500,7501625,239919870000000,1,1,0
1,3671,239919870000000,239919882487500,239919898397750,15910250,28397750,12487500,239919880000000,1,1,1
1,3672,239919890000000,239919898589125,239919913691750,15102625,23691750,8589125,239919900000000,1,1,0
1,3674,239919900000000,239919913878500,239919929743375,15864875,29743375,13878500,239919910000000,1,1,1
1,3675,239919920000000,239919929922500,239919944400500,14478000,24400500,9922500,239919930000000,1,1,0
1,3677,239919930000000,239919944574250,239919960352125,15777875,30352125,14574250,239919940000000,1,1,1
1,3679,239919950000000,239919960536500,239919976499000,15962500,26499000,10536500,239919960000000,1,1,1
1,3680,239919970000000,239919976684500,239919991853875,15169375,21853875,6684500,239919980000000,1,1,0
1,3682,239919980000000,239919992052000,239920007240000,15188000,27240000,12052000,239919990000000,1,1,1
1,3683,239920000000000,239920007386625,239920023318625,15932000,23318625,7386625,239920010000000,1,1,0
1,3685,239920010000000,239920023502625,239920038641250,15138625,28641250,13502625,239920020000000,1,1,1
1,3686,239920030000000,239920038829250,239920054698875,15869625,24698875,8829250,239920040000000,1,1,0
1,3688,239920040000000,239920054885125,239920070769125,15884000,30769125,14885125,239920050000000,1,1,1
1,3690,239920060000000,239920070932500,239920086878375,15945875,26878375,10932500,239920070000000,1,1,1
1,3691,239920080000000,239920087071250,239920102553375,15482125,22553375,7071250,239920090000000,1,1,0
1,3693,239920090000000,239920102723750,239920118617750,15894000,28617750,12723750,239920100000000,1,1,1
1,3694,239920110000000,239920118792000,239920134672875,15880875,24672875,8792000,239920120000000,1,1,0
1,3696,239920120000000,239920134852000,239920149782875,14930875,29782875,14852000,239920130000000,1,1,1
1,3697,239920140000000,239920149968375,239920165778875,15810500,25778875,9968375,239920150000000,1,1,0
1,3699,239920150000000,239920165929875,239920181801500,15871625,31801500,15929875,239920160000000,1,1,1
1,3701,239920170000000,239920181991250,239920197143625,15152375,27143625,11991250,239920180000000,1,1,1
1,3702,239920190000000,239920197317875,239920213190875,15873000,23190875,7317875,239920200000000,1,1,0
1,3704,239920200000000,239920213348500,239920229079875,15731375,29079875,13348500,239920210000000,1,1,1
1,3705,239920220000000,239920229239250,239920243049125,13809875,23049125,9239250,239920230000000,1,1,0
1,3707,239920230000000,239920243228125,239920257882500,14654375,27882500,13228125,239920240000000,1,1,1
1,3708,239920250000000,239920258054125,239920273627125,15573000,23627125,8054125,239920260000000,1,1,0
1,3710,239920260000000,239920273797375,239920289689125,15891750,29689125,13797375,239920270000000,1,1,1
1,3711,239920280000000,239920289858375,239920305156125,15297750,25156125,9858375,239920290000000,1,1,0
1,3713,239920290000000,239920305325000,239920320426125,15101125,30426125,15325000,239920300000000,1,1,1
1,3715,239920310000000,239920320594125,239920335850375,15256250,25850375,10594125,239920320000000,1,1,1
1,3716,239920330000000,239920336028250,239920351841500,15813250,21841500,6028250,239920340000000,1,1,0
1,3718,239920340000000,239920352096750,239920367899625,15802875,27899625,12096750,239920350000000,1,1,1
1,3719,239920360000000,239920368111500,239920383959625,15848125,23959625,8111500,239920370000000,1,1,0
1,3721,239920370000000,239920384176875,239920399618500,15441625,29618500,14176875,239920380000000,1,1,1
1,3722,239920390000000,239920399821125,239920415706375,15885250,25706375,9821125,239920400000000,1,1,0
1,3724,239920400000000,239920415886500,239920430391750,14505250,30391750,15886500,239920410000000,1,1,1
1,3726,239920420000000,239920430575750,239920446446000,15870250,26446000,10575750,239920430000000,1,1,1
1,3727,239920440000000,239920446637250,239920462498250,15861000,22498250,6637250,239920450000000,1,1,0
1,3729,239920450000000,239920462674250,239920477715375,15041125,27715375,12674250,239920460000000,1,1,1
1,3731,239920470000000,239920483494125,239920499362375,15868250,29362375,13494125,239920480000000,1,1,1
1,3732,239920490000000,239920499580000,239920515477000,15897000,25477000,9580000,239920500000000,1,1,0
1,3734,239920500000000,239920515668750,239920530941125,15272375,30941125,15668750,239920510000000,1,1,1
1,3736,239920520000000,239920531213000,239920546801625,15588625,26801625,11213000,239920530000000,1,1,1
1,3737,239920540000000,239920546999250,239920561624125,14624875,21624125,6999250,239920550000000,1,1,0
1,3739,239920550000000,239920561803625,239920577610500,15806875,27610500,11803625,239920560000000,1,1,1
1,3740,239920570000000,239920577765750,239920593626625,15860875,23626625,7765750,239920580000000,1,1,0
1,3742,239920580000000,239920593799875,239920609721250,15921375,29721250,13799875,239920590000000,1,1,1
1,3743,239920600000000,239920609903750,239920625541125,15637375,25541125,9903750,239920610000000,1,1,0
1,3745,239920610000000,239920625707375,239920641606125,15898750,31606125,15707375,239920620000000,1,1,1
1,3747,239920630000000,239920641783250,239920656317750,14534500,26317750,11783250,239920640000000,1,1,1
1,3748,239920650000000,239920656476875,239920672303125,15826250,22303125,6476875,239920660000000,1,1,0
1,3750,239920660000000,239920672474375,239920688335250,15860875,28335250,12474375,239920670000000,1,1,1
1,3751,239920680000000,239920688512000,239920704335750,15823750,24335750,8512000,239920690000000,1,1,0
1,3753,239920690000000,239920704503750,239920720423125,15919375,30423125,14503750,239920700000000,1,1,1
1,3755,239920710000000,239920720587250,239920736509625,15922375,26509625,10587250,239920720000000,1,1,1
1,3756,239920730000000,239920736670000,239920751813250,15143250,21813250,6670000,239920740000000,1,1,0
1,3758,239920740000000,239920751996250,239920767295000,15298750,27295000,11996250,239920750000000,1,1,1
1,3759,239920760000000,239920767472500,239920781552250,14079750,21552250,7472500,239920770000000,1,1,0
1,3761,239920770000000,239920781729500,239920797026750,15297250,27026750,11729500,239920780000000,1,1,1
1,3762,239920790000000,239920797187750,239920812352375,15164625,22352375,7187750,239920800000000,1,1,0
1,3764,239920800000000,239920812524250,239920827170000,14645750,27170000,12524250,239920810000000,1,1,1
1,3765,239920820000000,239920828301125,239920843520875,15219750,23520875,8301125,239920830000000,1,1,0
1,3767,239920830000000,239920843742500,239920859588250,15845750,29588250,13742500,239920840000000,1,1,1
1,3768,239920850000000,239920859767250,239920875680375,15913125,25680375,9767250,239920860000000,1,1,0
1,3770,239920860000000,239920875897625,239920891092875,15195250,31092875,15897625,239920870000000,1,1,1
1,3772,239920880000000,239920891281750,239920907163125,15881375,27163125,11281750,239920890000000,1,1,1
1,3773,239920900000000,239920907351625,239920921946125,14594500,21946125,7351625,239920910000000,1,1,0
1,3775,239920910000000,239920922115875,239920937297625,15181750,27297625,12115875,239920920000000,1,1,1
1,3776,239920930000000,239920937469375,239920953255000,15785625,23255000,7469375,239920940000000,1,1,0
1,3778,239920940000000,239920953418125,239920968518750,15100625,28518750,13418125,239920950000000,1,1,1
1,3779,239920960000000,239920968688000,239920984495375,15807375,24495375,8688000,239920970000000,1,1,0
1,3781,239920970000000,239920984650875,239920999868625,15217750,29868625,14650875,239920980000000,1,1,1
1,3783,239920990000000,239921000048875,239921015958000,15909125,25958000,10048875,239921000000000,1,1,1
1,3784,239921010000000,239921016115625,239921031341125,15225500,21341125,6115625,239921020000000,1,1,0
1,3786,239921020000000,239921031532125,239921047401750,15869625,27401750,11532125,239921030000000,1,1,1
1,3787,239921040000000,239921047584625,239921062862000,15277375,22862000,7584625,239921050000000,1,1,0
1,3789,239921050000000,239921063039250,239921078955250,15916000,28955250,13039250,239921060000000,1,1,1
1,3790,239921070000000,239921079141625,239921094980500,15838875,24980500,9141625,239921080000000,1,1,0
1,3792,239921080000000,239921095907750,239921111378750,15471000,31378750,15907750,239921090000000,1,1,1
1,3794,239921100000000,239921111593500,239921126323750,14730250,26323750,11593500,239921110000000,1,1,1
1,3795,239921120000000,239921126523875,239921142371125,15847250,22371125,6523875,239921130000000,1,1,0
1,3797,239921130000000,239921142542875,239921158049500,15506625,28049500,12542875,239921140000000,1,1,1
1,3798,239921150000000,239921158223250,239921173546375,15323125,23546375,8223250,239921160000000,1,1,0
1,3800,239921160000000,239921173730375,239921189366875,15636500,29366875,13730375,239921170000000,1,1,1
1,3801,239921180000000,239921189634250,239921205532125,15897875,25532125,9634250,239921190000000,1,1,0
1,3803,239921190000000,239921205723625,239921220844625,15121000,30844625,15723625,239921200000000,1,1,1
1,3805,239921210000000,239921221010000,239921236921250,15911250,26921250,11010000,239921220000000,1,1,1
1,3806,239921230000000,239921237086375,239921252771000,15684625,22771000,7086375,239921240000000,1,1,0
1,3808,239921240000000,239921252935875,239921268219625,15283750,28219625,12935875,239921250000000,1,1,1
1,3809,239921260000000,239921268388875,239921284225875,15837000,24225875,8388875,239921270000000,1,1,0
1,3811,239921270000000,239921284390875,239921300280625,15889750,30280625,14390875,239921280000000,1,1,1
1,3813,239921290000000,239921300446000,239921316368250,15922250,26368250,10446000,239921300000000,1,1,1
1,3814,239921310000000,239921316544000,239921330653625,14109625,20653625,6544000,239921320000000,1,1,0
1,3816,239921320000000,239921330828875,239921346749250,15920375,26749250,10828875,239921330000000,1,1,1
1,3817,239921340000000,239921346939125,239921362812125,15873000,22812125,6939125,239921350000000,1,1,0
1,3819,239921350000000,239921362988000,239921377695125,14707125,27695125,12988000,239921360000000,1,1,1
1,3820,239921370000000,239921377832750,239921393379875,15547125,23379875,7832750,239921380000000,1,1,0
1,3822,239921380000000,239921393546250,239921409466250,15920000,29466250,13546250,239921390000000,1,1,1
1,3823,239921400000000,239921409637625,239921424806000,15168375,24806000,9637625,239921410000000,1,1,0
1,3825,239921410000000,239921424970500,239921440837250,15866750,30837250,14970500,239921420000000,1,1,1
1,3827,239921430000000,239921441018875,239921456853375,15834500,26853375,11018875,239921440000000,1,1,1
1,3828,239921450000000,239921457011625,239921472906000,15894375,22906000,7011625,239921460000000,1,1,0
1,3830,239921460000000,239921473081750,239921488326875,15245125,28326875,13081750,239921470000000,1,1,1
1,3831,239921480000000,239921488497625,239921504410250,15912625,24410250,8497625,239921490000000,1,1,0
1,3833,239921490000000,239921504576125,239921519711000,15134875,29711000,14576125,239921500000000,1,1,1
1,3834,239921510000000,239921519892500,239921533999125,14106625,23999125,9892500,239921520000000,1,1,0
1,3836,239921520000000,239921534180750,239921550008375,15827625,30008375,14180750,239921530000000,1,1,1
1,3838,239921540000000,239921550187000,239921566069875,15882875,26069875,10187000,239921550000000,1,1,1
1,3839,239921560000000,239921566244125,239921582201625,15957500,22201625,6244125,239921570000000,1,1,0
1,3841,239921570000000,239921582383625,239921597439375,15055750,27439375,12383625,239921580000000,1,1,1
1,3842,239921590000000,239921597594125,239921612720125,15126000,22720125,7594125,239921600000000,1,1,0
1,3844,239921600000000,239921612882125,239921628816250,15934125,28816250,12882125,239921610000000,1,1,1
1,3845,239921620000000,239921628993500,239921644324375,15330875,24324375,8993500,239921630000000,1,1,0
1,3847,239921630000000,239921644494625,239921659733000,15238375,29733000,14494625,239921640000000,1,1,1
1,3848,239921650000000,239921659921250,239921674698750,14777500,24698750,9921250,239921660000000,1,1,0
1,3850,239921660000000,239921674880000,239921690722375,15842375,30722375,14880000,239921670000000,1,1,1
1,3852,239921680000000,239921690891125,239921705216375,14325250,25216375,10891125,239921690000000,1,1,1
1,3853,239921700000000,239921705396625,239921721228500,15831875,21228500,5396625,239921710000000,1,1,0
1,3855,239921710000000,239921722141625,239921737577500,15435875,27577500,12141625,239921720000000,1,1,1
1,3856,239921730000000,239921737781125,239921752955375,15174250,22955375,7781125,239921740000000,1,1,0
1,3858,239921740000000,239921753140625,239921769036875,15896250,29036875,13140625,239921750000000,1,1,1
1,3859,239921760000000,239921769200375,239921785077250,15876875,25077250,9200375,239921770000000,1,1,0
1,3861,239921770000000,239921785244750,239921800381500,15136750,30381500,15244750,239921780000000,1,1,1
1,3863,239921790000000,239921800537125,239921816366750,15829625,26366750,10537125,239921800000000,1,1,1
1,3864,239921810000000,239921816538125,239921832509750,15971625,22509750,6538125,239921820000000,1,1,0
1,3866,239921820000000,239921832704750,239921847429250,14724500,27429250,12704750,239921830000000,1,1,1
1,3867,239921840000000,239921847626500,239921862567125,14940625,22567125,7626500,239921850000000,1,1,0
1,3869,239921850000000,239921862764250,239921878654375,15890125,28654375,12764250,239921860000000,1,1,1
1,3870,239921870000000,239921878825250,239921894369375,15544125,24369375,8825250,239921880000000,1,1,0
1,3872,239921880000000,239921894567500,239921910019000,15451500,30019000,14567500,239921890000000,1,1,1
1,3874,239921900000000,239921910227375,239921926123000,15895625,26123000,10227375,239921910000000,1,1,1
1,3875,239921920000000,239921926290125,239921941348125,15058000,21348125,6290125,239921930000000,1,1,0
1,3877,239921930000000,239921941533125,239921956835125,15302000,26835125,11533125,239921940000000,1,1,1
1,3878,239921950000000,239921957006125,239921972824500,15818375,22824500,7006125,239921960000000,1,1,0
1,3880,239921960000000,239921972981500,239921987529375,14547875,27529375,12981500,239921970000000,1,1,1
1,3881,239921980000000,239921987725500,239922002530875,14805375,22530875,7725500,239921990000000,1,1,0
1,3883,239921990000000,239922002695000,239922018501250,15806250,28501250,12695000,239922000000000,1,1,1
1,3884,239922010000000,239922018671000,239922034197125,15526125,24197125,8671000,239922020000000,1,1,0
1,3886,239922020000000,239922034365000,239922050255750,15890750,30255750,14365000,239922030000000,1,1,1
1,3888,239922040000000,239922050420500,239922066306375,15885875,26306375,10420500,239922050000000,1,1,1
1,3889,239922060000000,239922066468875,239922081459375,14990500,21459375,6468875,239922070000000,1,1,0
1,3891,239922070000000,239922081630625,239922096802875,15172250,26802875,11630625,239922080000000,1,1,1
1,3892,239922090000000,239922096973250,239922111643625,14670375,21643625,6973250,239922100000000,1,1,0
1,3894,239922100000000,239922111837250,239922127783000,15945750,27783000,11837250,239922110000000,1,1,1
1,3895,239922120000000,239922127977750,239922143860125,15882375,23860125,7977750,239922130000000,1,1,0
1,3897,239922130000000,239922144094375,239922159580000,15485625,29580000,14094375,239922140000000,1,1,1
1,3898,239922150000000,239922159748375,239922174929125,15180750,24929125,9748375,239922160000000,1,1,0
1,3900,239922160000000,239922175101375,239922190994500,15893125,30994500,15101375,239922170000000,1,1,1
1,3902,239922180000000,239922191170625,239922206999875,15829250,26999875,11170625,239922190000000,1,1,1
1,3903,239922200000000,239922207154125,239922221592875,14438750,21592875,7154125,239922210000000,1,1,0
1,3905,239922210000000,239922221801875,239922237425125,15623250,27425125,11801875,239922220000000,1,1,1
1,3906,239922230000000,239922237592625,239922252171875,14579250,22171875,7592625,239922240000000,1,1,0
1,3908,239922240000000,239922252343250,239922268127750,15784500,28127750,12343250,239922250000000,1,1,1
1,3909,239922260000000,239922268260375,239922284104500,15844125,24104500,8260375,239922270000000,1,1,0
1,3911,239922270000000,239922284265250,239922300160250,15895000,30160250,14265250,239922280000000,1,1,1
1,3913,239922290000000,239922300330000,239922316205125,15875125,26205125,10330000,239922300000000,1,1,1
1,3914,239922310000000,239922316375375,239922332218250,15842875,22218250,6375375,239922320000000,1,1,0
1,3916,239922320000000,239922333166375,239922349085875,15919500,29085875,13166375,239922330000000,1,1,1
1,3917,239922340000000,239922349276250,239922363873750,14597500,23873750,9276250,239922350000000,1,1,0
1,3919,239922350000000,239922364093875,239922379956250,15862375,29956250,14093875,239922360000000,1,1,1
1,3921,239922370000000,239922380127125,239922394843750,14716625,24843750,10127125,239922380000000,1,1,1
1,3922,239922390000000,239922395033000,239922410980375,15947375,20980375,5033000,239922400000000,1,1,0
1,3924,239922400000000,239922411146625,239922426953375,15806750,26953375,11146625,239922410000000,1,1,1
1,3925,239922420000000,239922427132875,239922443016375,15883500,23016375,7132875,239922430000000,1,1,0
1,3927,239922430000000,239922443171125,239922458361000,15189875,28361000,13171125,239922440000000,1,1,1
1,3928,239922450000000,239922458503500,239922474257500,15754000,24257500,8503500,239922460000000,1,1,0
1,3930,239922460000000,239922474422500,239922489695375,15272875,29695375,14422500,239922470000000,1,1,1
1,3931,239922480000000,239922489881750,239922505077125,15195375,25077125,9881750,239922490000000,1,1,0
1,3933,239922490000000,239922505245000,239922521132750,15887750,31132750,15245000,239922500000000,1,1,1
1,3935,239922510000000,239922521306500,239922537171250,15864750,27171250,11306500,239922520000000,1,1,1
1,3936,239922530000000,239922537336250,239922553278625,15942375,23278625,7336250,239922540000000,1,1,0
1,3938,239922540000000,239922553459750,239922568644625,15184875,28644625,13459750,239922550000000,1,1,1
1,3939,239922560000000,239922568816625,239922584650500,15833875,24650500,8816625,239922570000000,1,1,0
1,3941,239922570000000,239922584806375,239922600713500,15907125,30713500,14806375,239922580000000,1,1,1
1,3943,239922590000000,239922600885875,239922616134250,15248375,26134250,10885875,239922600000000,1,1,1
1,3944,239922610000000,239922616280625,239922632155250,15874625,22155250,6280625,239922620000000,1,1,0
1,3946,239922620000000,239922632320250,239922647130500,14810250,27130500,12320250,239922630000000,1,1,1
1,3947,239922640000000,239922647302750,239922662227250,14924500,22227250,7302750,239922650000000,1,1,0
1,3949,239922650000000,239922662401500,239922676441250,14039750,26441250,12401500,239922660000000,1,1,1
1,3950,239922670000000,239922676617875,239922691362250,14744375,21362250,6617875,239922680000000,1,1,0
1,3952,239922680000000,239922691547625,239922707480875,15933250,27480875,11547625,239922690000000,1,1,1
1,3953,239922700000000,239922707677125,239922722217125,14540000,22217125,7677125,239922710000000,1,1,0
1,3955,239922710000000,239922722394625,239922737540125,15145500,27540125,12394625,239922720000000,1,1,1
1,3956,239922730000000,239922737824125,239922753712875,15888750,23712875,7824125,239922740000000,1,1,0
1,3958,239922740000000,239922753903625,239922768169750,14266125,28169750,13903625,239922750000000,1,1,1
1,3959,239922760000000,239922768348125,239922783161750,14813625,23161750,8348125,239922770000000,1,1,0
1,3961,239922770000000,239922783351000,239922799325625,15974625,29325625,13351000,239922780000000,1,1,1
1,3962,239922790000000,239922799510125,239922815711625,16201500,25711625,9510125,239922800000000,1,1,0
1,3964,239922800000000,239922815909250,239922831101125,15191875,31101125,15909250,239922810000000,1,1,1
1,3966,239922820000000,239922831294875,239922847159750,15864875,27159750,11294875,239922830000000,1,1,1
1,3967,239922840000000,239922847331000,239922863246125,15915125,23246125,7331000,239922850000000,1,1,0
1,3969,239922850000000,239922863420375,239922879322125,15901750,29322125,13420375,239922860000000,1,1,1
1,3970,239922870000000,239922879498875,239922894555500,15056625,24555500,9498875,239922880000000,1,1,0
1,3972,239922880000000,239922894751750,239922910612125,15860375,30612125,14751750,239922890000000,1,1,1
1,3974,239922900000000,239922910730875,239922925943125,15212250,25943125,10730875,239922910000000,1,1,1
1,3975,239922920000000,239922926109625,239922942000750,15891125,22000750,6109625,239922930000000,1,1,0
1,3977,239922930000000,239922942182250,239922956635875,14453625,26635875,12182250,239922940000000,1,1,1
1,3978,239922950000000,239922957537250,239922973519125,15981875,23519125,7537250,239922960000000,1,1,0
1,3980,239922960000000,239922973715750,239922989586375,15870625,29586375,13715750,239922970000000,1,1,1
1,3981,239922980000000,239922989767000,239923005682625,15915625,25682625,9767000,239922990000000,1,1,0
1,3983,239922990000000,239923005851375,239923020936375,15085000,30936375,15851375,239923000000000,1,1,1
1,3985,239923010000000,239923021123875,239923037002750,15878875,27002750,11123875,239923020000000,1,1,1
1,3986,239923030000000,239923037188125,239923051409500,14221375,21409500,7188125,239923040000000,1,1,0
1,3988,239923040000000,239923051631250,239923066878125,15246875,26878125,11631250,239923050000000,1,1,1
1,3989,239923060000000,239923067063625,239923082938625,15875000,22938625,7063625,239923070000000,1,1,0
1,3991,239923070000000,239923083104625,239923098980625,15876000,28980625,13104625,239923080000000,1,1,1
1,3992,239923090000000,239923099147000,239923113033125,13886125,23033125,9147000,239923100000000,1,1,0
1,3994,239923100000000,239923113199875,239923129039375,15839500,29039375,13199875,239923110000000,1,1,1
1,3995,239923120000000,239923129194000,239923144339125,15145125,24339125,9194000,239923130000000,1,1,0
1,3997,239923130000000,239923144508000,239923159855000,15347000,29855000,14508000,239923140000000,1,1,1
1,3999,239923150000000,239923160051750,239923175845750,15794000,25845750,10051750,239923160000000,1,1,1
1,4000,239923170000000,239923176089750,239923191931125,15841375,21931125,6089750,239923180000000,1,1,0
1,4002,239923180000000,239923192111750,239923206679500,14567750,26679500,12111750,239923190000000,1,1,1
1,4003,239923200000000,239923206858625,239923222346125,15487500,22346125,6858625,239923210000000,1,1,0
1,4005,239923210000000,239923222532500,239923236964625,14432125,26964625,12532500,239923220000000,1,1,1
1,4006,239923230000000,239923237124625,239923253042750,15918125,23042750,7124625,239923240000000,1,1,0
1,4008,239923240000000,239923253207250,239923269104625,15897375,29104625,13207250,239923250000000,1,1,1
1,4009,239923260000000,239923269283375,239923284535250,15251875,24535250,9283375,239923270000000,1,1,0
1,4011,239923270000000,239923284705625,239923299777375,15071750,29777375,14705625,239923280000000,1,1,1
1,4012,239923290000000,239923299966750,239923315871500,15904750,25871500,9966750,239923300000000,1,1,0
1,4014,239923300000000,239923316197625,239923331443625,15246000,31443625,16197625,239923310000000,1,1,1
1,4016,239923320000000,239923331675375,239923347537750,15862375,27537750,11675375,239923330000000,1,1,1
1,4017,239923340000000,239923347727125,239923363643250,15916125,23643250,7727125,239923350000000,1,1,0
1,4019,239923350000000,239923363847625,239923379655375,15807750,29655375,13847625,239923360000000,1,1,1
1,4020,239923370000000,239923379842750,239923394426625,14583875,24426625,9842750,239923380000000,1,1,0
1,4022,239923380000000,239923394596500,239923410501250,15904750,30501250,14596500,239923390000000,1,1,1
1,4024,239923400000000,239923410682375,239923426580375,15898000,26580375,10682375,239923410000000,1,1,1
1,4025,239923420000000,239923426773375,239923442539875,15766500,22539875,6773375,239923430000000,1,1,0
1,4027,239923430000000,239923442718500,239923458011750,15293250,28011750,12718500,239923440000000,1,1,1
1,4028,239923450000000,239923458187125,239923474090875,15903750,24090875,8187125,239923460000000,1,1,0
1,4030,239923460000000,239923474266500,239923489404250,15137750,29404250,14266500,239923470000000,1,1,1
1,4031,239923480000000,239923489567750,239923505445250,15877500,25445250,9567750,239923490000000,1,1,0
1,4033,239923490000000,239923505627375,239923521519875,15892500,31519875,15627375,239923500000000,1,1,1
1,4035,239923510000000,239923521662000,239923537538500,15876500,27538500,11662000,239923520000000,1,1,1
1,4036,239923530000000,239923537711125,239923553592125,15881000,23592125,7711125,239923540000000,1,1,0
1,4038,239923540000000,239923553748750,239923569684250,15935500,29684250,13748750,239923550000000,1,1,1
1,4040,239923560000000,239923570574375,239923586488625,15914250,26488625,10574375,239923570000000,1,1,1
1,4041,239923580000000,239923586680375,239923601908250,15227875,21908250,6680375,239923590000000,1,1,0
1,4043,239923590000000,239923602082500,239923617160750,15078250,27160750,12082500,239923600000000,1,1,1
1,4044,239923610000000,239923617325625,239923633146125,15820500,23146125,7325625,239923620000000,1,1,0
1,4046,239923620000000,239923633348375,239923649273375,15925000,29273375,13348375,239923630000000,1,1,1
1,4047,239923640000000,239923649463750,239923664217000,14753250,24217000,9463750,239923650000000,1,1,0
1,4049,239923650000000,239923664395125,239923680254125,15859000,30254125,14395125,239923660000000,1,1,1
1,4051,239923670000000,239923680410750,239923695618625,15207875,25618625,10410750,239923680000000,1,1,1
1,4052,239923690000000,239923695800250,239923711066750,15266500,21066750,5800250,239923700000000,1,1,0
1,4054,239923700000000,239923711263500,239923726376250,15112750,26376250,11263500,239923710000000,1,1,1
1,4055,239923720000000,239923726551500,239923742144000,15592500,22144000,6551500,239923730000000,1,1,0
1,4057,239923730000000,239923742330875,239923758198125,15867250,28198125,12330875,239923740000000,1,1,1
1,4058,239923750000000,239923758372375,239923774209375,15837000,24209375,8372375,239923760000000,1,1,0
1,4060,239923760000000,239923774380750,239923789356375,14975625,29356375,14380750,239923770000000,1,1,1
1,4061,239923780000000,239923789527250,239923805683250,16156000,25683250,9527250,239923790000000,1,1,0
1,4063,239923790000000,239923805906375,239923820671625,14765250,30671625,15906375,239923800000000,1,1,1
1,4065,239923810000000,239923820864500,239923836052125,15187625,26052125,10864500,239923820000000,1,1,1
1,4066,239923830000000,239923836163750,239923851464875,15301125,21464875,6163750,239923840000000,1,1,0
1,4068,239923840000000,239923851667500,239923866902250,15234750,26902250,11667500,239923850000000,1,1,1
1,4069,239923860000000,239923867071625,239923881575000,14503375,21575000,7071625,239923870000000,1,1,0
1,4071,239923870000000,239923881750250,239923897600750,15850500,27600750,11750250,239923880000000,1,1,1
1,4072,239923890000000,239923897772125,239923913463750,15691625,23463750,7772125,239923900000000,1,1,0
1,4074,239923900000000,239923913634500,239923929529625,15895125,29529625,13634500,239923910000000,1,1,1
1,4075,239923920000000,239923929808625,239923946096125,16287500,26096125,9808625,239923930000000,1,1,0
1,4077,239923930000000,239923946295125,239923962197125,15902000,32197125,16295125,239923940000000,1,1,1
1,4079,239923950000000,239923962385500,239923978281000,15895500,28281000,12385500,239923960000000,1,1,1
1,4080,239923970000000,239923978465500,239923993035750,14570250,23035750,8465500,239923980000000,1,1,0
1,4082,239923980000000,239923993210375,239924007768000,14557625,27768000,13210375,239923990000000,1,1,1
1,4083,239924000000000,239924007919250,239924023811875,15892625,23811875,7919250,239924010000000,1,1,0
1,4085,239924010000000,239924024029375,239924039442375,15413000,29442375,14029375,239924020000000,1,1,1
1,4086,239924030000000,239924039641000,239924054608500,14967500,24608500,9641000,239924040000000,1,1,0
1,4088,239924040000000,239924054792500,239924069436375,14643875,29436375,14792500,239924050000000,1,1,1
1,4089,239924060000000,239924069621250,239924085527625,15906375,25527625,9621250,239924070000000,1,1,0
1,4091,239924070000000,239924085688125,239924101355750,15667625,31355750,15688125,239924080000000,1,1,1
1,4093,239924090000000,239924101517375,239924117425625,15908250,27425625,11517375,239924100000000,1,1,1
1,4094,239924110000000,239924117590125,239924131663500,14073375,21663500,7590125,239924120000000,1,1,0
1,4096,239924120000000,239924131875250,239924147116875,15241625,27116875,11875250,239924130000000,1,1,1
1,4097,239924140000000,239924147298125,239924162506500,15208375,22506500,7298125,239924150000000,1,1,0
1,4099,239924150000000,239924162685500,239924178551750,15866250,28551750,12685500,239924160000000,1,1,1
1,4100,239924170000000,239924178728125,239924192850250,14122125,22850250,8728125,239924180000000,1,1,0
1,4102,239924180000000,239924193735375,239924209597375,15862000,29597375,13735375,239924190000000,1,1,1
1,4103,239924200000000,239924209795875,239924225731000,15935125,25731000,9795875,239924210000000,1,1,0
1,4105,239924210000000,239924225901750,239924241797375,15895625,31797375,15901750,239924220000000,1,1,1
1,4107,239924230000000,239924241978125,239924257092750,15114625,27092750,11978125,239924240000000,1,1,1
1,4108,239924250000000,239924257313750,239924273164500,15850750,23164500,7313750,239924260000000,1,1,0
1,4110,239924260000000,239924273354750,239924288765250,15410500,28765250,13354750,239924270000000,1,1,1
1,4111,239924280000000,239924288926875,239924304859500,15932625,24859500,8926875,239924290000000,1,1,0
1,4113,239924290000000,239924305024875,239924320681875,15657000,30681875,15024875,239924300000000,1,1,1
1,4115,239924310000000,239924320842375,239924336764750,15922375,26764750,10842375,239924320000000,1,1,1
1,4116,239924330000000,239924336931250,239924352164125,15232875,22164125,6931250,239924340000000,1,1,0
1,4118,239924340000000,239924352344125,239924366613750,14269625,26613750,12344125,239924350000000,1,1,1
1,4119,239924360000000,239924366787125,239924381450000,14662875,21450000,6787125,239924370000000,1,1,0
1,4121,239924370000000,239924381600250,239924397511375,15911125,27511375,11600250,239924380000000,1,1,1
1,4122,239924390000000,239924397681750,239924412427625,14745875,22427625,7681750,239924400000000,1,1,0
1,4124,239924400000000,239924412604125,239924428460750,15856625,28460750,12604125,239924410000000,1,1,1
1,4125,239924420000000,239924428629125,239924443224625,14595500,23224625,8629125,239924430000000,1,1,0
1,4127,239924430000000,239924443407750,239924459207500,15799750,29207500,13407750,239924440000000,1,1,1
1,4128,239924450000000,239924459415000,239924475249125,15834125,25249125,9415000,239924460000000,1,1,0
1,4130,239924460000000,239924475436500,239924490754250,15317750,30754250,15436500,239924470000000,1,1,1
1,4132,239924480000000,239924490942750,239924506789875,15847125,26789875,10942750,239924490000000,1,1,1
1,4133,239924500000000,239924506961250,239924522738625,15777375,22738625,6961250,239924510000000,1,1,0
1,4135,239924510000000,239924522906000,239924538122750,15216750,28122750,12906000,239924520000000,1,1,1
1,4136,239924530000000,239924538305750,239924554175375,15869625,24175375,8305750,239924540000000,1,1,0
1,4138,239924540000000,239924554453125,239924568491000,14037875,28491000,14453125,239924550000000,1,1,1
1,4139,239924560000000,239924568694125,239924583974125,15280000,23974125,8694125,239924570000000,1,1,0
1,4141,239924570000000,239924584145500,239924599657000,15511500,29657000,14145500,239924580000000,1,1,1
1,4142,239924590000000,239924599849250,239924615704750,15855500,25704750,9849250,239924600000000,1,1,0
1,4144,239924600000000,239924615885375,239924630403875,14518500,30403875,15885375,239924610000000,1,1,1
1,4146,239924620000000,239924630566750,239924645769500,15202750,25769500,10566750,239924630000000,1,1,1
1,4147,239924640000000,239924645946125,239924661111250,15165125,21111250,5946125,239924650000000,1,1,0
1,4149,239924650000000,239924661288750,239924677174125,15885375,27174125,11288750,239924660000000,1,1,1
1,4150,239924670000000,239924677347875,239924693201875,15854000,23201875,7347875,239924680000000,1,1,0
1,4152,239924680000000,239924693365875,239924708585125,15219250,28585125,13365875,239924690000000,1,1,1
1,4153,239924700000000,239924709451750,239924724639375,15187625,24639375,9451750,239924710000000,1,1,0
1,4155,239924710000000,239924724811125,239924740673000,15861875,30673000,14811125,239924720000000,1,1,1
1,4157,239924730000000,239924740850125,239924755600375,14750250,25600375,10850125,239924740000000,1,1,1
1,4158,239924750000000,239924755785750,239924771619375,15833625,21619375,5785750,239924760000000,1,1,0
1,4160,239924760000000,239924771775000,239924787554000,15779000,27554000,11775000,239924770000000,1,1,1
1,4161,239924780000000,239924787711750,239924803644250,15932500,23644250,7711750,239924790000000,1,1,0
1,4163,239924790000000,239924803819000,239924818970875,15151875,28970875,13819000,239924800000000,1,1,1
1,4164,239924810000000,239924819872750,239924836165875,16293125,26165875,9872750,239924820000000,1,1,0
1,4166,239924820000000,239924836356625,239924851674500,15317875,31674500,16356625,239924830000000,1,1,1
1,4168,239924840000000,239924851876125,239924866692125,14816000,26692125,11876125,239924850000000,1,1,1
1,4169,239924860000000,239924866892250,239924882795625,15903375,22795625,6892250,239924870000000,1,1,0
1,4171,239924870000000,239924882966375,239924898007625,15041250,28007625,12966375,239924880000000,1,1,1
1,4172,239924890000000,239924898186125,239924913423375,15237250,23423375,8186125,239924900000000,1,1,0
1,4174,239924900000000,239924913597125,239924929481000,15883875,29481000,13597125,239924910000000,1,1,1
1,4175,239924920000000,239924929649875,239924944773875,15124000,24773875,9649875,239924930000000,1,1,0
1,4177,239924930000000,239924944933500,239924960833000,15899500,30833000,14933500,239924940000000,1,1,1
1,4179,239924950000000,239924961002750,239924975225500,14222750,25225500,11002750,239924960000000,1,1,1
1,4180,239924970000000,239924975419000,239924989983625,14564625,19983625,5419000,239924980000000,1,1,0
1,4182,239924980000000,239924990857625,239925006039250,15181625,26039250,10857625,239924990000000,1,1,1
1,4183,239925000000000,239925006195875,239925021234000,15038125,21234000,6195875,239925010000000,1,1,0
1,4185,239925010000000,239925021402500,239925036077000,14674500,26077000,11402500,239925020000000,1,1,1
1,4186,239925030000000,239925036249250,239925052075625,15826375,22075625,6249250,239925040000000,1,1,0
1,4188,239925040000000,239925052230875,239925067031875,14801000,27031875,12230875,239925050000000,1,1,1
1,4189,239925060000000,239925067208000,239925082467125,15259125,22467125,7208000,239925070000000,1,1,0
1,4191,239925070000000,239925082643500,239925097094500,14451000,27094500,12643500,239925080000000,1,1,1
1,4192,239925090000000,239925097265750,239925112534375,15268625,22534375,7265750,239925100000000,1,1,0
1,4194,239925100000000,239925112706000,239925128037125,15331125,28037125,12706000,239925110000000,1,1,1
1,4195,239925120000000,239925128170750,239925142989250,14818500,22989250,8170750,239925130000000,1,1,0
1,4197,239925130000000,239925143167875,239925157786000,14618125,27786000,13167875,239925140000000,1,1,1
1,4198,239925150000000,239925157942125,239925173236375,15294250,23236375,7942125,239925160000000,1,1,0
1,4200,239925160000000,239925173402375,239925188659625,15257250,28659625,13402375,239925170000000,1,1,1
1,4201,239925180000000,239925188830500,239925204168750,15338250,24168750,8830500,239925190000000,1,1,0
1,4203,239925190000000,239925204332750,239925220218000,15885250,30218000,14332750,239925200000000,1,1,1
1,4205,239925210000000,239925220384375,239925236217500,15833125,26217500,10384375,239925220000000,1,1,1
1,4206,239925230000000,239925236379500,239925251516750,15137250,21516750,6379500,239925240000000,1,1,0
1,4208,239925240000000,239925251694875,239925267511875,15817000,27511875,11694875,239925250000000,1,1,1
1,4209,239925260000000,239925267792375,239925282658375,14866000,22658375,7792375,239925270000000,1,1,0
1,4211,239925270000000,239925282863375,239925298702250,15838875,28702250,12863375,239925280000000,1,1,1
1,4212,239925290000000,239925298887250,239925314142625,15255375,24142625,8887250,239925300000000,1,1,0
1,4214,239925300000000,239925314322125,239925330213375,15891250,30213375,14322125,239925310000000,1,1,1
1,4216,239925320000000,239925330384250,239925344841250,14457000,24841250,10384250,239925330000000,1,1,1
1,4217,239925340000000,239925345016250,239925360933375,15917125,20933375,5016250,239925350000000,1,1,0
1,4219,239925350000000,239925361116875,239925376501000,15384125,26501000,11116875,239925360000000,1,1,1
1,4220,239925370000000,239925376659125,239925391898250,15239125,21898250,6659125,239925380000000,1,1,0
1,4222,239925380000000,239925392194000,239925408092500,15898500,28092500,12194000,239925390000000,1,1,1
1,4223,239925400000000,239925408277875,239925424183750,15905875,24183750,8277875,239925410000000,1,1,0
1,4225,239925410000000,239925425087000,239925440933000,15846000,30933000,15087000,239925420000000,1,1,1
1,4227,239925430000000,239925441115875,239925456330250,15214375,26330250,11115875,239925440000000,1,1,1
1,4228,239925450000000,239925456472125,239925472280875,15808750,22280875,6472125,239925460000000,1,1,0
1,4230,239925460000000,239925472434125,239925488314125,15880000,28314125,12434125,239925470000000,1,1,1
1,4231,239925480000000,239925488597125,239925504500500,15903375,24500500,8597125,239925490000000,1,1,0
1,4233,239925490000000,239925504700000,239925520612625,15912625,30612625,14700000,239925500000000,1,1,1
1,4235,239925510000000,239925520780125,239925535980750,15200625,25980750,10780125,239925520000000,1,1,1
1,4236,239925530000000,239925536199875,239925550728125,14528250,20728125,6199875,239925540000000,1,1,0
1,4238,239925540000000,239925550911125,239925566782250,15871125,26782250,10911125,239925550000000,1,1,1
1,4239,239925560000000,239925566948250,239925582270875,15322625,22270875,6948250,239925570000000,1,1,0
1,4241,239925570000000,239925582459750,239925597659875,15200125,27659875,12459750,239925580000000,1,1,1
1,4242,239925590000000,239925597832625,239925613769250,15936625,23769250,7832625,239925600000000,1,1,0
1,4244,239925600000000,239925613955125,239925629140250,15185125,29140250,13955125,239925610000000,1,1,1
1,4245,239925620000000,239925629315125,239925644380875,15065750,24380875,9315125,239925630000000,1,1,0
1,4247,239925630000000,239925644538000,239925660448250,15910250,30448250,14538000,239925640000000,1,1,1
1,4249,239925650000000,239925660614125,239925675903625,15289500,25903625,10614125,239925660000000,1,1,1
1,4250,239925670000000,239925676193500,239925691970875,15777375,21970875,6193500,239925680000000,1,1,0
1,4252,239925680000000,239925692241375,239925708076375,15835000,28076375,12241375,239925690000000,1,1,1
1,4253,239925700000000,239925708244750,239925724153375,15908625,24153375,8244750,239925710000000,1,1,0
1,4255,239925710000000,239925724332125,239925737971750,13639625,27971750,14332125,239925720000000,1,1,1
1,4256,239925730000000,239925738160125,239925754027250,15867125,24027250,8160125,239925740000000,1,1,0
1,4258,239925740000000,239925754193250,239925770065375,15872125,30065375,14193250,239925750000000,1,1,1
1,4260,239925760000000,239925770251250,239925786103875,15852625,26103875,10251250,239925770000000,1,1,1
1,4261,239925780000000,239925786278500,239925800974750,14696250,20974750,6278500,239925790000000,1,1,0
1,4263,239925790000000,239925801148500,239925817010750,15862250,27010750,11148500,239925800000000,1,1,1
1,4264,239925810000000,239925817169875,239925831419500,14249625,21419500,7169875,239925820000000,1,1,0
1,4266,239925820000000,239925831649375,239925847446375,15797000,27446375,11649375,239925830000000,1,1,1
1,4267,239925840000000,239925847633250,239925863595250,15962000,23595250,7633250,239925850000000,1,1,0
1,4269,239925850000000,239925863793375,239925879570375,15777000,29570375,13793375,239925860000000,1,1,1
1,4270,239925870000000,239925879754875,239925895635125,15880250,25635125,9754875,239925880000000,1,1,0
1,4272,239925880000000,239925895837750,239925911704375,15866625,31704375,15837750,239925890000000,1,1,1
1,4274,239925900000000,239925911886875,239925926759750,14872875,26759750,11886875,239925910000000,1,1,1
1,4275,239925920000000,239925926953125,239925942845625,15892500,22845625,6953125,239925930000000,1,1,0
1,4277,239925930000000,239925943021750,239925959189125,16167375,29189125,13021750,239925940000000,1,1,1
1,4278,239925950000000,239925959374125,239925974845125,15471000,24845125,9374125,239925960000000,1,1,0
1,4280,239925960000000,239925975074375,239925990344500,15270125,30344500,15074375,239925970000000,1,1,1
1,4282,239925980000000,239925990490875,239926006414250,15923375,26414250,10490875,239925990000000,1,1,1
1,4283,239926000000000,239926006587000,239926020410625,13823625,20410625,6587000,239926010000000,1,1,0
1,4285,239926010000000,239926020578375,239926035831375,15253000,25831375,10578375,239926020000000,1,1,1
1,4286,239926030000000,239926036032875,239926051864500,15831625,21864500,6032875,239926040000000,1,1,0
1,4288,239926040000000,239926052829000,239926068682375,15853375,28682375,12829000,239926050000000,1,1,1
1,4289,239926060000000,239926068860625,239926084711125,15850500,24711125,8860625,239926070000000,1,1,0
1,4291,239926070000000,239926084876500,239926100067500,15191000,30067500,14876500,239926080000000,1,1,1
1,4293,239926090000000,239926100231375,239926114740625,14509250,24740625,10231375,239926100000000,1,1,1
1,4294,239926110000000,239926114913875,239926130827875,15914000,20827875,4913875,239926120000000,1,0,0
1,4296,239926120000000,239926131016375,239926146866125,15849750,26866125,11016375,239926130000000,1,1,1
1,4297,239926140000000,239926147042125,239926162469250,15427125,22469250,7042125,239926150000000,1,1,0
1,4299,239926150000000,239926162656250,239926178160875,15504625,28160875,12656250,239926160000000,1,1,1
1,4300,239926170000000,239926178326375,239926194261875,15935500,24261875,8326375,239926180000000,1,1,0
1,4302,239926180000000,239926194438000,239926209727125,15289125,29727125,14438000,239926190000000,1,1,1
1,4303,239926200000000,239926209896875,239926225086875,15190000,25086875,9896875,239926210000000,1,1,0
1,4305,239926210000000,239926225240000,239926241078000,15838000,31078000,15240000,239926220000000,1,1,1
1,4307,239926230000000,239926241236125,239926257190250,15954125,27190250,11236125,239926240000000,1,1,1
1,4308,239926250000000,239926257348875,239926273230750,15881875,23230750,7348875,239926260000000,1,1,0
1,4310,239926260000000,239926273403000,239926287374000,13971000,27374000,13403000,239926270000000,1,1,1
1,4311,239926280000000,239926287634125,239926303570750,15936625,23570750,7634125,239926290000000,1,1,0
1,4313,239926290000000,239926303735125,239926318881125,15146000,28881125,13735125,239926300000000,1,1,1
1,4314,239926310000000,239926319076875,239926333989875,14913000,23989875,9076875,239926320000000,1,1,0
1,4316,239926320000000,239926334173125,239926350036875,15863750,30036875,14173125,239926330000000,1,1,1
1,4318,239926340000000,239926350195500,239926365930500,15735000,25930500,10195500,239926350000000,1,1,1
1,4319,239926360000000,239926366080375,239926382007125,15926750,22007125,6080375,239926370000000,1,1,0
1,4321,239926370000000,239926382193125,239926398105125,15912000,28105125,12193125,239926380000000,1,1,1
1,4322,239926390000000,239926398257000,239926413415625,15158625,23415625,8257000,239926400000000,1,1,0
1,4324,239926400000000,239926413582625,239926429471875,15889250,29471875,13582625,239926410000000,1,1,1
1,4325,239926420000000,239926429643500,239926444842375,15198875,24842375,9643500,239926430000000,1,1,0
1,4327,239926430000000,239926444998500,239926460922750,15924250,30922750,14998500,239926440000000,1,1,1
1,4329,239926450000000,239926461091625,239926476237250,15145625,26237250,11091625,239926460000000,1,1,1
1,4330,239926470000000,239926476390000,239926491581375,15191375,21581375,6390000,239926480000000,1,1,0
1,4332,239926480000000,239926491801375,239926507062125,15260750,27062125,11801375,239926490000000,1,1,1
1,4333,239926500000000,239926507268500,239926522512625,15244125,22512625,7268500,239926510000000,1,1,0
1,4335,239926510000000,239926522670750,239926538168625,15497875,28168625,12670750,239926520000000,1,1,1
1,4336,239926530000000,239926538350875,239926554238375,15887500,24238375,8350875,239926540000000,1,1,0
1,4338,239926540000000,239926554413625,239926569676750,15263125,29676750,14413625,239926550000000,1,1,1
1,4339,239926560000000,239926569840875,239926585577250,15736375,25577250,9840875,239926570000000,1,1,0
1,4341,239926570000000,239926585750875,239926600820750,15069875,30820750,15750875,239926580000000,1,1,1
1,4343,239926590000000,239926600987250,239926616881250,15894000,26881250,10987250,239926600000000,1,1,1
1,4344,239926610000000,239926617150750,239926633104750,15954000,23104750,7150750,239926620000000,1,1,0
1,4346,239926620000000,239926633297000,239926649039875,15742875,29039875,13297000,239926630000000,1,1,1
1,4347,239926640000000,239926649220500,239926665151625,15931125,25151625,9220500,239926650000000,1,1,0
1,4349,239926650000000,239926666032500,239926682007125,15974625,32007125,16032500,239926660000000,1,1,1
1,4351,239926670000000,239926682186625,239926697968500,15781875,27968500,12186625,239926680000000,1,1,1
1,4352,239926690000000,239926698123375,239926713313250,15189875,23313250,8123375,239926700000000,1,1,0
1,4354,239926700000000,239926713482500,239926728102875,14620375,28102875,13482500,239926710000000,1,1,1
1,4355,239926720000000,239926728261000,239926743568125,15307125,23568125,8261000,239926730000000,1,1,0
1,4357,239926730000000,239926743750125,239926758470125,14720000,28470125,13750125,239926740000000,1,1,1
1,4358,239926750000000,239926758658000,239926774559500,15901500,24559500,8658000,239926760000000,1,1,0
1,4360,239926760000000,239926774733625,239926789861625,15128000,29861625,14733625,239926770000000,1,1,1
1,4362,239926780000000,239926790029000,239926805202375,15173375,25202375,10029000,239926790000000,1,1,1
1,4363,239926800000000,239926805380375,239926820610125,15229750,20610125,5380375,239926810000000,1,1,0
1,4365,239926810000000,239926820788000,239926836629000,15841000,26629000,10788000,239926820000000,1,1,1
1,4366,239926830000000,239926836794000,239926852671500,15877500,22671500,6794000,239926840000000,1,1,0
1,4368,239926840000000,239926852825625,239926868711375,15885750,28711375,12825625,239926850000000,1,1,1
1,4369,239926860000000,239926868880250,239926884761125,15880875,24761125,8880250,239926870000000,1,1,0
1,4371,239926870000000,239926884940000,239926898806375,13866375,28806375,14940000,239926880000000,1,1,1
1,4372,239926890000000,239926899019125,239926914897125,15878000,24897125,9019125,239926900000000,1,1,0
1,4374,239926900000000,239926915093250,239926930928875,15835625,30928875,15093250,239926910000000,1,1,1
1,4376,239926920000000,239926931115625,239926947035625,15920000,27035625,11115625,239926930000000,1,1,1
1,4377,239926940000000,239926947212250,239926963075250,15863000,23075250,7212250,239926950000000,1,1,0
1,4379,239926950000000,239926963264125,239926978203250,14939125,28203250,13264125,239926960000000,1,1,1
1,4380,239926970000000,239926978459750,239926993596625,15136875,23596625,8459750,239926980000000,1,1,0
1,4382,239926980000000,239926993748875,239927009659000,15910125,29659000,13748875,239926990000000,1,1,1
1,4383,239927000000000,239927009827375,239927025686875,15859500,25686875,9827375,239927010000000,1,1,0
1,4385,239927010000000,239927025847875,239927040562500,14714625,30562500,15847875,239927020000000,1,1,1
1,4387,239927030000000,239927040724625,239927055872500,15147875,25872500,10724625,239927040000000,1,1,1
1,4388,239927050000000,239927056052125,239927071237125,15185000,21237125,6052125,239927060000000,1,1,0
1,4390,239927060000000,239927072035375,239927085994250,13958875,25994250,12035375,239927070000000,1,1,1
1,4391,239927080000000,239927086266500,239927101545250,15278750,21545250,6266500,239927090000000,1,1,0
1,4393,239927090000000,239927101738500,239927115939250,14200750,25939250,11738500,239927100000000,1,1,1
1,4394,239927110000000,239927116153250,239927131909625,15756375,21909625,6153250,239927120000000,1,1,0
1,4396,239927120000000,239927132143375,239927148040875,15897500,28040875,12143375,239927130000000,1,1,1
1,4397,239927140000000,239927148212625,239927162779875,14567250,22779875,8212625,239927150000000,1,1,0
1,4399,239927150000000,239927162958500,239927178375875,15417375,28375875,12958500,239927160000000,1,1,1
1,4400,239927170000000,239927178556000,239927194483125,15927125,24483125,8556000,239927180000000,1,1,0
1,4402,239927180000000,239927194673125,239927210557875,15884750,30557875,14673125,239927190000000,1,1,1
1,4404,239927200000000,239927210733125,239927226525125,15792000,26525125,10733125,239927210000000,1,1,1
1,4405,239927220000000,239927226698875,239927241783500,15084625,21783500,6698875,239927230000000,1,1,0
1,4407,239927230000000,239927241957625,239927257222250,15264625,27222250,11957625,239927240000000,1,1,1
1,4408,239927250000000,239927257393625,239927273228125,15834500,23228125,7393625,239927260000000,1,1,0
1,4410,239927260000000,239927273390500,239927287924250,14533750,27924250,13390500,239927270000000,1,1,1
1,4411,239927280000000,239927288838625,239927304785625,15947000,24785625,8838625,239927290000000,1,1,0
1,4413,239927290000000,239927304987000,239927319831500,14844500,29831500,14987000,239927300000000,1,1,1
1,4415,239927310000000,239927320058875,239927335879250,15820375,25879250,10058875,239927320000000,1,1,1
1,4416,239927330000000,239927336081375,239927351273750,15192375,21273750,6081375,239927340000000,1,1,0
1,4418,239927340000000,239927351464500,239927366277750,14813250,26277750,11464500,239927350000000,1,1,1
1,4419,239927360000000,239927366456750,239927381748750,15292000,21748750,6456750,239927370000000,1,1,0
1,4421,239927370000000,239927381901500,239927397707750,15806250,27707750,11901500,239927380000000,1,1,1
1,4422,239927390000000,239927397863875,239927413791750,15927875,23791750,7863875,239927400000000,1,1,0
1,4424,239927400000000,239927413964500,239927429759500,15795000,29759500,13964500,239927410000000,1,1,1
1,4425,239927420000000,239927429926375,239927445143125,15216750,25143125,9926375,239927430000000,1,1,0
1,4427,239927430000000,239927445301750,239927460497125,15195375,30497125,15301750,239927440000000,1,1,1
1,4429,239927450000000,239927460658000,239927475827500,15169500,25827500,10658000,239927460000000,1,1,1
1,4430,239927470000000,239927476094000,239927491840750,15746750,21840750,6094000,239927480000000,1,1,0
1,4432,239927480000000,239927492045250,239927507943250,15898000,27943250,12045250,239927490000000,1,1,1
1,4433,239927500000000,239927508093125,239927524025125,15932000,24025125,8093125,239927510000000,1,1,0
1,4435,239927510000000,239927524204750,239927539359625,15154875,29359625,14204750,239927520000000,1,1,1
1,4436,239927530000000,239927539539500,239927555445875,15906375,25445875,9539500,239927540000000,1,1,0
1,4438,239927540000000,239927555644000,239927571536125,15892125,31536125,15644000,239927550000000,1,1,1
1,4440,239927560000000,239927571690750,239927586928625,15237875,26928625,11690750,239927570000000,1,1,1
1,4441,239927580000000,239927587122875,239927602984750,15861875,22984750,7122875,239927590000000,1,1,0
1,4443,239927590000000,239927603167375,239927619081750,15914375,29081750,13167375,239927600000000,1,1,1
1,4444,239927610000000,239927619263375,239927635179000,15915625,25179000,9263375,239927620000000,1,1,0
1,4446,239927620000000,239927635352750,239927650528000,15175250,30528000,15352750,239927630000000,1,1,1
1,4448,239927640000000,239927650712875,239927666636875,15924000,26636875,10712875,239927650000000,1,1,1
1,4449,239927660000000,239927666813000,239927681385625,14572625,21385625,6813000,239927670000000,1,1,0
1,4451,239927670000000,239927681562750,239927696857125,15294375,26857125,11562750,239927680000000,1,1,1
1,4452,239927690000000,239927697028875,239927712780500,15751625,22780500,7028875,239927700000000,1,1,0
1,4454,239927700000000,239927712901000,239927727445875,14544875,27445875,12901000,239927710000000,1,1,1
1,4455,239927720000000,239927728324750,239927743342875,15018125,23342875,8324750,239927730000000,1,1,0
1,4457,239927730000000,239927743523500,239927758723625,15200125,28723625,13523500,239927740000000,1,1,1
1,4458,239927750000000,239927758911000,239927774783625,15872625,24783625,8911000,239927760000000,1,1,0
1,4460,239927760000000,239927774960375,239927790196625,15236250,30196625,14960375,239927770000000,1,1,1
1,4462,239927780000000,239927790392375,239927806237625,15845250,26237625,10392375,239927790000000,1,1,1
1,4463,239927800000000,239927806421500,239927822369750,15948250,22369750,6421500,239927810000000,1,1,0
1,4465,239927810000000,239927822566875,239927835849375,13282500,25849375,12566875,239927820000000,1,1,1
1,4466,239927830000000,239927836073375,239927851899750,15826375,21899750,6073375,239927840000000,1,1,0
1,4468,239927840000000,239927852051750,239927867886000,15834250,27886000,12051750,239927850000000,1,1,1
1,4469,239927860000000,239927868058000,239927883915750,15857750,23915750,8058000,239927870000000,1,1,0
1,4471,239927870000000,239927884112375,239927900024750,15912375,30024750,14112375,239927880000000,1,1,1
1,4473,239927890000000,239927900873750,239927916064000,15190250,26064000,10873750,239927900000000,1,1,1
1,4474,239927910000000,239927916285125,239927931472125,15187000,21472125,6285125,239927920000000,1,1,0
1,4476,239927920000000,239927931689750,239927947583875,15894125,27583875,11689750,239927930000000,1,1,1
1,4477,239927940000000,239927947772750,239927962654750,14882000,22654750,7772750,239927950000000,1,1,0
1,4479,239927950000000,239927962843750,239927979162250,16318500,29162250,12843750,239927960000000,1,1,1
1,4480,239927970000000,239927979371125,239927995258375,15887250,25258375,9371125,239927980000000,1,1,0
1,4482,239927980000000,239927995456500,239928011403750,15947250,31403750,15456500,239927990000000,1,1,1
1,4484,239928000000000,239928011598625,239928026129750,14531125,26129750,11598625,239928010000000,1,1,1
1,4485,239928020000000,239928026281000,239928041854000,15573000,21854000,6281000,239928030000000,1,1,0
1,4487,239928030000000,239928042029625,239928057912500,15882875,27912500,12029625,239928040000000,1,1,1
1,4488,239928050000000,239928058068250,239928072722750,14654500,22722750,8068250,239928060000000,1,1,0
1,4490,239928060000000,239928072906875,239928088765250,15858375,28765250,12906875,239928070000000,1,1,1
1,4491,239928080000000,239928088927250,239928104288500,15361250,24288500,8927250,239928090000000,1,1,0
1,4493,239928090000000,239928104448500,239928119618000,15169500,29618000,14448500,239928100000000,1,1,1
1,4494,239928110000000,239928119800000,239928135067625,15267625,25067625,9800000,239928120000000,1,1,0
1,4496,239928120000000,239928135248375,239928150698625,15450250,30698625,15248375,239928130000000,1,1,1
1,4498,239928140000000,239928150880250,239928166861125,15980875,26861125,10880250,239928150000000,1,1,1
1,4499,239928160000000,239928167057250,239928182193125,15135875,22193125,7057250,239928170000000,1,1,0
1,4501,239928170000000,239928182362375,239928198020250,15657875,28020250,12362375,239928180000000,1,1,1
1,4502,239928190000000,239928198188750,239928213428875,15240125,23428875,8188750,239928200000000,1,1,0
1,4504,239928200000000,239928213596875,239928228788125,15191250,28788125,13596875,239928210000000,1,1,1
1,4505,239928220000000,239928228948375,239928244803250,15854875,24803250,8948375,239928230000000,1,1,0
1,4507,239928230000000,239928244976500,239928260877000,15900500,30877000,14976500,239928240000000,1,1,1
1,4509,239928250000000,239928261052625,239928276373375,15320750,26373375,11052625,239928260000000,1,1,1
1,4510,239928270000000,239928276550000,239928292413375,15863375,22413375,6550000,239928280000000,1,1,0
1,4512,239928280000000,239928292565125,239928307294000,14728875,27294000,12565125,239928290000000,1,1,1
1,4513,239928300000000,239928307494125,239928321799250,14305125,21799250,7494125,239928310000000,1,1,0
1,4515,239928310000000,239928321974875,239928337758750,15783875,27758750,11974875,239928320000000,1,1,1
1,4516,239928330000000,239928337928625,239928353813375,15884750,23813375,7928625,239928340000000,1,1,0
1,4518,239928340000000,239928353981250,239928369896875,15915625,29896875,13981250,239928350000000,1,1,1
1,4520,239928360000000,239928370070125,239928385910000,15839875,25910000,10070125,239928370000000,1,1,1
1,4521,239928380000000,239928386087125,239928401271750,15184625,21271750,6087125,239928390000000,1,1,0
1,4523,239928390000000,239928401440625,239928415945875,14505250,25945875,11440625,239928400000000,1,1,1
1,4524,239928410000000,239928416146000,239928432082500,15936500,22082500,6146000,239928420000000,1,1,0
1,4526,239928420000000,239928432249000,239928448172750,15923750,28172750,12249000,239928430000000,1,1,1
1,4527,239928440000000,239928448341250,239928464169875,15828625,24169875,8341250,239928450000000,1,1,0
1,4529,239928450000000,239928464320125,239928480216125,15896000,30216125,14320125,239928460000000,1,1,1
1,4531,239928470000000,239928480377750,239928495600250,15222500,25600250,10377750,239928480000000,1,1,1
1,4532,239928490000000,239928495810125,239928510435125,14625000,20435125,5810125,239928500000000,1,1,0
1,4534,239928500000000,239928510606375,239928526532125,15925750,26532125,10606375,239928510000000,1,1,1
1,4535,239928520000000,239928527450500,239928543317750,15867250,23317750,7450500,239928530000000,1,1,0
1,4537,239928530000000,239928543525125,239928558984000,15458875,28984000,13525125,239928540000000,1,1,1
1,4538,239928550000000,239928559193375,239928573532625,14339250,23532625,9193375,239928560000000,1,1,0
1,4540,239928560000000,239928573710375,239928587730625,14020250,27730625,13710375,239928570000000,1,1,1
1,4541,239928580000000,239928587937500,239928603865500,15928000,23865500,7937500,239928590000000,1,1,0
1,4543,239928590000000,239928604057000,239928619806750,15749750,29806750,14057000,239928600000000,1,1,1
1,4544,239928610000000,239928619987750,239928635850625,15862875,25850625,9987750,239928620000000,1,1,0
1,4546,239928620000000,239928636050250,239928651951625,15901375,31951625,16050250,239928630000000,1,1,1
1,4548,239928640000000,239928652127375,239928667984375,15857000,27984375,12127375,239928650000000,1,1,1
1,4549,239928660000000,239928668234875,239928681929375,13694500,21929375,8234875,239928670000000,1,1,0
1,4551,239928670000000,239928682115875,239928697369750,15253875,27369750,12115875,239928680000000,1,1,1
1,4552,239928690000000,239928697547875,239928713406375,15858500,23406375,7547875,239928700000000,1,1,0
1,4554,239928700000000,239928713582625,239928729415625,15833000,29415625,13582625,239928710000000,1,1,1
1,4555,239928720000000,239928729578125,239928745452250,15874125,25452250,9578125,239928730000000,1,1,0
1,4557,239928730000000,239928745621625,239928761561000,15939375,31561000,15621625,239928740000000,1,1,1
1,4559,239928750000000,239928761730250,239928776956375,15226125,26956375,11730250,239928760000000,1,1,1
1,4560,239928770000000,239928777135000,239928792333250,15198250,22333250,7135000,239928780000000,1,1,0
1,4562,239928780000000,239928792499125,239928808399625,15900500,28399625,12499125,239928790000000,1,1,1
1,4563,239928800000000,239928808562000,239928823396750,14834750,23396750,8562000,239928810000000,1,1,0
1,4565,239928810000000,239928823616375,239928839254250,15637875,29254250,13616375,239928820000000,1,1,1
1,4566,239928830000000,239928839490375,239928853516500,14026125,23516500,9490375,239928840000000,1,1,0
1,4568,239928840000000,239928853702875,239928868900250,15197375,28900250,13702875,239928850000000,1,1,1
1,4569,239928860000000,239928869183250,239928883797375,14614125,23797375,9183250,239928870000000,1,1,0
1,4571,239928870000000,239928884036000,239928899935000,15899000,29935000,14036000,239928880000000,1,1,1
1,4573,239928890000000,239928900122750,239928915567000,15444250,25567000,10122750,239928900000000,1,1,1
1,4574,239928910000000,239928915759750,239928931669000,15909250,21669000,5759750,239928920000000,1,1,0
1,4576,239928920000000,239928931870625,239928946483875,14613250,26483875,11870625,239928930000000,1,1,1
1,4577,239928940000000,239928947256750,239928962467625,15210875,22467625,7256750,239928950000000,1,1,0
1,4579,239928950000000,239928962652500,239928978553125,15900625,28553125,12652500,239928960000000,1,1,1
1,4580,239928970000000,239928978739875,239928994635000,15895125,24635000,8739875,239928980000000,1,1,0
1,4582,239928980000000,239928994824750,239929010643750,15819000,30643750,14824750,239928990000000,1,1,1
1,4584,239929000000000,239929010827750,239929026202125,15374375,26202125,10827750,239929010000000,1,1,1
1,4585,239929020000000,239929026388625,239929042266500,15877875,22266500,6388625,239929030000000,1,1,0
1,4587,239929030000000,239929042442125,239929057447750,15005625,27447750,12442125,239929040000000,1,1,1
1,4588,239929050000000,239929057621000,239929073444875,15823875,23444875,7621000,239929060000000,1,1,0
1,4590,239929060000000,239929073609000,239929089525250,15916250,29525250,13609000,239929070000000,1,1,1
1,4591,239929080000000,239929089694625,239929105612125,15917500,25612125,9694625,239929090000000,1,1,0
1,4593,239929090000000,239929105789750,239929121592125,15802375,31592125,15789750,239929100000000,1,1,1
1,4595,239929110000000,239929121756500,239929137056250,15299750,27056250,11756500,239929120000000,1,1,1
1,4596,239929130000000,239929137950750,239929153715125,15764375,23715125,7950750,239929140000000,1,1,0
1,4598,239929140000000,239929153898500,239929169100625,15202125,29100625,13898500,239929150000000,1,1,1
1,4599,239929160000000,239929169270000,239929185174375,15904375,25174375,9270000,239929170000000,1,1,0
1,4601,239929170000000,239929185354625,239929200733250,15378625,30733250,15354625,239929180000000,1,1,1
1,4603,239929190000000,239929200896250,239929216715625,15819375,26715625,10896250,239929200000000,1,1,1
1,4604,239929210000000,239929216884500,239929231916375,15031875,21916375,6884500,239929220000000,1,1,0
1,4606,239929220000000,239929232153625,239929247384875,15231250,27384875,12153625,239929230000000,1,1,1
1,4607,239929240000000,239929247567500,239929262768125,15200625,22768125,7567500,239929250000000,1,1,0
1,4609,239929250000000,239929262948375,239929277928875,14980500,27928875,12948375,239929260000000,1,1,1
1,4610,239929270000000,239929278107375,239929293934125,15826750,23934125,8107375,239929280000000,1,1,0
1,4612,239929280000000,239929294105875,239929310028250,15922375,30028250,14105875,239929290000000,1,1,1
1,4614,239929300000000,239929310202250,239929326091250,15889000,26091250,10202250,239929310000000,1,1,1
1,4615,239929320000000,239929326273875,239929342088375,15814500,22088375,6273875,239929330000000,1,1,0
1,4617,239929330000000,239929342257250,239929357372375,15115125,27372375,12257250,239929340000000,1,1,1
1,4618,239929350000000,239929357544750,239929372793250,15248500,22793250,7544750,239929360000000,1,1,0
1,4620,239929360000000,239929372908375,239929388716125,15807750,28716125,12908375,239929370000000,1,1,1
1,4621,239929380000000,239929388872375,239929404740625,15868250,24740625,8872375,239929390000000,1,1,0
1,4623,239929390000000,239929404911750,239929420157500,15245750,30157500,14911750,239929400000000,1,1,1
1,4625,239929410000000,239929420322375,239929436133000,15810625,26133000,10322375,239929420000000,1,1,1
1,4626,239929430000000,239929436276000,239929451462125,15186125,21462125,6276000,239929440000000,1,1,0
1,4628,239929440000000,239929451654750,239929467565875,15911125,27565875,11654750,239929450000000,1,1,1
1,4629,239929460000000,239929467762125,239929483621625,15859500,23621625,7762125,239929470000000,1,1,0
1,4631,239929470000000,239929483813875,239929499736750,15922875,29736750,13813875,239929480000000,1,1,1
1,4632,239929490000000,239929499926625,239929515835375,15908750,25835375,9926625,239929500000000,1,1,0
1,4634,239929500000000,239929516046125,239929531944625,15898500,31944625,16046125,239929510000000,1,1,1
1,4636,239929520000000,239929532128125,239929547242375,15114250,27242375,12128125,239929530000000,1,1,1
1,4637,239929540000000,239929547420625,239929562596250,15175625,22596250,7420625,239929550000000,1,1,0
1,4639,239929550000000,239929562763250,239929577275875,14512625,27275875,12763250,239929560000000,1,1,1
1,4640,239929570000000,239929577441375,239929593358750,15917375,23358750,7441375,239929580000000,1,1,0
1,4642,239929580000000,239929593654500,239929609188500,15534000,29188500,13654500,239929590000000,1,1,1
1,4643,239929600000000,239929609372000,239929625267000,15895000,25267000,9372000,239929610000000,1,1,0
1,4645,239929610000000,239929625435875,239929641339750,15903875,31339750,15435875,239929620000000,1,1,1
1,4647,239929630000000,239929641509500,239929656660875,15151375,26660875,11509500,239929640000000,1,1,1
1,4648,239929650000000,239929656826875,239929672745875,15919000,22745875,6826875,239929660000000,1,1,0
1,4650,239929660000000,239929672911375,239929688720500,15809125,28720500,12911375,239929670000000,1,1,1
1,4651,239929680000000,239929688893250,239929704869750,15976500,24869750,8893250,239929690000000,1,1,0
1,4653,239929690000000,239929705050750,239929720183625,15132875,30183625,15050750,239929700000000,1,1,1
1,4655,239929710000000,239929720354375,239929735000875,14646500,25000875,10354375,239929720000000,1,1,1
1,4656,239929730000000,239929735185750,239929749136250,13950500,19136250,5185750,239929740000000,1,1,0
1,4657,239929740000000,239929749302625,239929765096625,15794000,25096625,9302625,239929750000000,1,1,0
1,4659,239929750000000,239929765989625,239929781945250,15955625,31945250,15989625,239929760000000,1,1,1
1,4661,239929770000000,239929782151750,239929798032125,15880375,28032125,12151750,239929780000000,1,1,1
1,4662,239929790000000,239929798213750,239929814064375,15850625,24064375,8213750,239929800000000,1,1,0
1,4664,239929800000000,239929814225750,239929829109750,14884000,29109750,14225750,239929810000000,1,1,1
1,4665,239929820000000,239929829307000,239929843327250,14020250,23327250,9307000,239929830000000,1,1,0
1,4667,239929830000000,239929843538125,239929859379375,15841250,29379375,13538125,239929840000000,1,1,1
1,4668,239929850000000,239929859571875,239929875456000,15884125,25456000,9571875,239929860000000,1,1,0
1,4670,239929860000000,239929875647875,239929891450125,15802250,31450125,15647875,239929870000000,1,1,1
1,4672,239929880000000,239929891629750,239929907454500,15824750,27454500,11629750,239929890000000,1,1,1
1,4673,239929900000000,239929907644000,239929923542875,15898875,23542875,7644000,239929910000000,1,1,0
1,4675,239929910000000,239929923736250,239929938962625,15226375,28962625,13736250,239929920000000,1,1,1
1,4676,239929930000000,239929939153000,239929953537250,14384250,23537250,9153000,239929940000000,1,1,0
1,4678,239929940000000,239929953724625,239929969575375,15850750,29575375,13724625,239929950000000,1,1,1
1,4679,239929960000000,239929969759750,239929985289375,15529625,25289375,9759750,239929970000000,1,1,0
1,4681,239929970000000,239929985470875,239930001629500,16158625,31629500,15470875,239929980000000,1,1,1
1,4683,239929990000000,239930001825125,239930017631500,15806375,27631500,11825125,239930000000000,1,1,1
1,4684,239930010000000,239930017800250,239930033026375,15226125,23026375,7800250,239930020000000,1,1,0
1,4686,239930020000000,239930033209375,239930049120000,15910625,29120000,13209375,239930030000000,1,1,1
1,4687,239930040000000,239930049281125,239930064480250,15199125,24480250,9281125,239930050000000,1,1,0
1,4689,239930050000000,239930064659375,239930080469000,15809625,30469000,14659375,239930060000000,1,1,1
1,4691,239930070000000,239930080621000,239930095979500,15358500,25979500,10621000,239930080000000,1,1,1
1,4692,239930090000000,239930096164125,239930111032875,14868750,21032875,6164125,239930100000000,1,1,0
1,4694,239930100000000,239930111207000,239930126358000,15151000,26358000,11207000,239930110000000,1,1,1
1,4695,239930120000000,239930126526000,239930142427750,15901750,22427750,6526000,239930130000000,1,1,0
1,4697,239930130000000,239930142603500,239930158128125,15524625,28128125,12603500,239930140000000,1,1,1
1,4698,239930150000000,239930158311125,239930174067125,15756000,24067125,8311125,239930160000000,1,1,0
1,4700,239930160000000,239930174223250,239930190139875,15916625,30139875,14223250,239930170000000,1,1,1
1,4702,239930180000000,239930190325875,239930206190125,15864250,26190125,10325875,239930190000000,1,1,1
1,4703,239930200000000,239930206361000,239930222261750,15900750,22261750,6361000,239930210000000,1,1,0
1,4705,239930210000000,239930222437000,239930236985250,14548250,26985250,12437000,239930220000000,1,1,1
1,4706,239930230000000,239930237263500,239930253212625,15949125,23212625,7263500,239930240000000,1,1,0
1,4708,239930240000000,239930253413750,239930269293750,15880000,29293750,13413750,239930250000000,1,1,1
1,4709,239930260000000,239930269470375,239930285285875,15815500,25285875,9470375,239930270000000,1,1,0
1,4711,239930270000000,239930285452250,239930301360500,15908250,31360500,15452250,239930280000000,1,1,1
1,4713,239930290000000,239930301536250,239930316665125,15128875,26665125,11536250,239930300000000,1,1,1
1,4714,239930310000000,239930316827250,239930331343625,14516375,21343625,6827250,239930320000000,1,1,0
1,4716,239930320000000,239930331525750,239930347528125,16002375,27528125,11525750,239930330000000,1,1,1
1,4717,239930340000000,239930347729250,239930363140750,15411500,23140750,7729250,239930350000000,1,1,0
1,4719,239930350000000,239930363336375,239930378439000,15102625,28439000,13336375,239930360000000,1,1,1
1,4720,239930370000000,239930378607250,239930393880625,15273375,23880625,8607250,239930380000000,1,1,0
1,4722,239930380000000,239930394758500,239930410714625,15956125,30714625,14758500,239930390000000,1,1,1
1,4724,239930400000000,239930410909625,239930425456625,14547000,25456625,10909625,239930410000000,1,1,1
1,4725,239930420000000,239930425639250,239930440748750,15109500,20748750,5639250,239930430000000,1,1,0
1,4727,239930430000000,239930440908125,239930455227500,14319375,25227500,10908125,239930440000000,1,1,1
1,4728,239930450000000,239930455421875,239930471213375,15791500,21213375,5421875,239930460000000,1,1,0
1,4730,239930460000000,239930471391500,239930487161625,15770125,27161625,11391500,239930470000000,1,1,1
1,4731,239930480000000,239930487338750,239930502549250,15210500,22549250,7338750,239930490000000,1,1,0
1,4733,239930490000000,239930502702375,239930518595500,15893125,28595500,12702375,239930500000000,1,1,1
1,4734,239930510000000,239930518764125,239930534615500,15851375,24615500,8764125,239930520000000,1,1,0
1,4736,239930520000000,239930534776125,239930550648750,15872625,30648750,14776125,239930530000000,1,1,1
1,4738,239930540000000,239930550833625,239930566163125,15329500,26163125,10833625,239930550000000,1,1,1
1,4739,239930560000000,239930566338875,239930581385875,15047000,21385875,6338875,239930570000000,1,1,0
1,4741,239930570000000,239930581543500,239930597444000,15900500,27444000,11543500,239930580000000,1,1,1
1,4742,239930590000000,239930597615750,239930612831000,15215250,22831000,7615750,239930600000000,1,1,0
1,4744,239930600000000,239930612999875,239930628135500,15135625,28135500,12999875,239930610000000,1,1,1
1,4745,239930620000000,239930628298250,239930644172250,15874000,24172250,8298250,239930630000000,1,1,0
1,4747,239930630000000,239930644328000,239930660217000,15889000,30217000,14328000,239930640000000,1,1,1
1,4749,239930650000000,239930660391875,239930675614375,15222500,25614375,10391875,239930660000000,1,1,1
1,4750,239930670000000,239930675795625,239930691694500,15898875,21694500,5795625,239930680000000,1,1,0
1,4752,239930680000000,239930691874500,239930707077625,15203125,27077625,11874500,239930690000000,1,1,1
1,4753,239930700000000,239930707249875,239930723123375,15873500,23123375,7249875,239930710000000,1,1,0
1,4755,239930710000000,239930723304000,239930739162000,15858000,29162000,13304000,239930720000000,1,1,1
1,4756,239930730000000,239930739350375,239930754811625,15461250,24811625,9350375,239930740000000,1,1,0
1,4758,239930740000000,239930755007875,239930770560875,15553000,30560875,15007875,239930750000000,1,1,1
1,4760,239930760000000,239930770739000,239930786242250,15503250,26242250,10739000,239930770000000,1,1,1
1,4761,239930780000000,239930786390000,239930801609750,15219750,21609750,6390000,239930790000000,1,1,0
1,4763,239930790000000,239930801780500,239930817728875,15948375,27728875,11780500,239930800000000,1,1,1
1,4764,239930810000000,239930817906375,239930833796125,15889750,23796125,7906375,239930820000000,1,1,0
1,4766,239930820000000,239930833962500,239930849553625,15591125,29553625,13962500,239930830000000,1,1,1
1,4767,239930840000000,239930849729750,239930865661500,15931750,25661500,9729750,239930850000000,1,1,0
1,4769,239930850000000,239930865836625,239930881772750,15936125,31772750,15836625,239930860000000,1,1,1
1,4771,239930870000000,239930881950875,239930897810250,15859375,27810250,11950875,239930880000000,1,1,1
1,4772,239930890000000,239930897981125,239930912408375,14427250,22408375,7981125,239930900000000,1,1,0
1,4774,239930900000000,239930912571250,239930928479625,15908375,28479625,12571250,239930910000000,1,1,1
1,4775,239930920000000,239930928638125,239930943882250,15244125,23882250,8638125,239930930000000,1,1,0
1,4777,239930930000000,239930944062250,239930958852125,14789875,28852125,14062250,239930940000000,1,1,1
1,4778,239930950000000,239930959045000,239930974971625,15926625,24971625,9045000,239930960000000,1,1,0
1,4780,239930960000000,239930975138125,239930989402750,14264625,29402750,15138125,239930970000000,1,1,1
1,4781,239930980000000,239930989588750,239931005492625,15903875,25492625,9588750,239930990000000,1,1,0
1,4783,239930990000000,239931006437375,239931022322125,15884750,32322125,16437375,239931000000000,1,1,1
1,4785,239931010000000,239931022495875,239931038394375,15898500,28394375,12495875,239931020000000,1,1,1
1,4786,239931030000000,239931038580250,239931054474375,15894125,24474375,8580250,239931040000000,1,1,0
1,4788,239931040000000,239931054651625,239931070586625,15935000,30586625,14651625,239931050000000,1,1,1
1,4790,239931060000000,239931070775500,239931086592500,15817000,26592500,10775500,239931070000000,1,1,1
1,4791,239931080000000,239931086757375,239931100574750,13817375,20574750,6757375,239931090000000,1,1,0
1,4793,239931090000000,239931100757125,239931116642000,15884875,26642000,10757125,239931100000000,1,1,1
1,4794,239931110000000,239931116814250,239931132712750,15898500,22712750,6814250,239931120000000,1,1,0
1,4796,239931120000000,239931132890875,239931148717125,15826250,28717125,12890875,239931130000000,1,1,1
1,4797,239931140000000,239931148872375,239931164784000,15911625,24784000,8872375,239931150000000,1,1,0
1,4799,239931150000000,239931164954750,239931180745875,15791125,30745875,14954750,239931160000000,1,1,1
1,4801,239931170000000,239931180934750,239931196183750,15249000,26183750,10934750,239931180000000,1,1,1
1,4802,239931190000000,239931196372625,239931211585000,15212375,21585000,6372625,239931200000000,1,1,0
1,4804,239931200000000,239931211768375,239931226724250,14955875,26724250,11768375,239931210000000,1,1,1
1,4805,239931220000000,239931226918375,239931242514375,15596000,22514375,6918375,239931230000000,1,1,0
1,4807,239931230000000,239931242717875,239931258583125,15865250,28583125,12717875,239931240000000,1,1,1
1,4808,239931250000000,239931258760375,239931274638375,15878000,24638375,8760375,239931260000000,1,1,0
1,4810,239931260000000,239931274826625,239931289238250,14411625,29238250,14826625,239931270000000,1,1,1
1,4811,239931280000000,239931289426125,239931305257750,15831625,25257750,9426125,239931290000000,1,1,0
1,4813,239931290000000,239931305417875,239931321344625,15926750,31344625,15417875,239931300000000,1,1,1
1,4815,239931310000000,239931321523875,239931336167625,14643750,26167625,11523875,239931320000000,1,1,1
1,4816,239931330000000,239931336328375,239931352209625,15881250,22209625,6328375,239931340000000,1,1,0
1,4818,239931340000000,239931352376500,239931368180750,15804250,28180750,12376500,239931350000000,1,1,1
1,4819,239931360000000,239931368337375,239931382957375,14620000,22957375,8337375,239931370000000,1,1,0
1,4821,239931370000000,239931383141875,239931398889125,15747250,28889125,13141875,239931380000000,1,1,1
1,4822,239931390000000,239931399076500,239931414929125,15852625,24929125,9076500,239931400000000,1,1,0
1,4824,239931400000000,239931415123375,239931431041375,15918000,31041375,15123375,239931410000000,1,1,1
1,4826,239931420000000,239931431214125,239931447076875,15862750,27076875,11214125,239931430000000,1,1,1
1,4827,239931440000000,239931447250125,239931462687500,15437375,22687500,7250125,239931450000000,1,1,0
1,4829,239931450000000,239931462855375,239931478783625,15928250,28783625,12855375,239931460000000,1,1,1
1,4830,239931470000000,239931478973000,239931493308000,14335000,23308000,8973000,239931480000000,1,1,0
1,4832,239931480000000,239931493478750,239931509355875,15877125,29355875,13478750,239931490000000,1,1,1
1,4833,239931500000000,239931509506125,239931525137625,15631500,25137625,9506125,239931510000000,1,1,0
1,4835,239931510000000,239931525304750,239931540430125,15125375,30430125,15304750,239931520000000,1,1,1
1,4837,239931530000000,239931540601375,239931556568250,15966875,26568250,10601375,239931540000000,1,1,1
1,4838,239931550000000,239931556732625,239931572619875,15887250,22619875,6732625,239931560000000,1,1,0
1,4840,239931560000000,239931572908750,239931588061500,15152750,28061500,12908750,239931570000000,1,1,1
1,4841,239931580000000,239931588187125,239931604045750,15858625,24045750,8187125,239931590000000,1,1,0
1,4843,239931590000000,239931604202125,239931620097250,15895125,30097250,14202125,239931600000000,1,1,1
1,4845,239931610000000,239931620259875,239931636074750,15814875,26074750,10259875,239931620000000,1,1,1
1,4847,239931630000000,239931641758000,239931657594375,15836375,27594375,11758000,239931640000000,1,1,1
1,4848,239931650000000,239931657805625,239931673732500,15926875,23732500,7805625,239931660000000,1,1,0
1,4850,239931660000000,239931673928250,239931689113250,15185000,29113250,13928250,239931670000000,1,1,1
1,4851,239931680000000,239931689285875,239931705183000,15897125,25183000,9285875,239931690000000,1,1,0
1,4853,239931690000000,239931705358625,239931719356500,13997875,29356500,15358625,239931700000000,1,1,1
1,4854,239931710000000,239931719551625,239931734223375,14671750,24223375,9551625,239931720000000,1,1,0
1,4856,239931720000000,239931734401000,239931750231625,15830625,30231625,14401000,239931730000000,1,1,1
1,4858,239931740000000,239931750406875,239931765753500,15346625,25753500,10406875,239931750000000,1,1,1
1,4859,239931760000000,239931766030625,239931781742250,15711625,21742250,6030625,239931770000000,1,1,0
1,4861,239931770000000,239931781947125,239931797711500,15764375,27711500,11947125,239931780000000,1,1,1
1,4862,239931790000000,239931797865125,239931813359625,15494500,23359625,7865125,239931800000000,1,1,0
1,4864,239931800000000,239931813557250,239931828829250,15272000,28829250,13557250,239931810000000,1,1,1
1,4865,239931820000000,239931829001500,239931843627750,14626250,23627750,9001500,239931830000000,1,1,0
1,4867,239931830000000,239931843815625,239931859750750,15935125,29750750,13815625,239931840000000,1,1,1
1,4868,239931850000000,239931859972750,239931875841000,15868250,25841000,9972750,239931860000000,1,1,0
1,4870,239931860000000,239931876054750,239931891856125,15801375,31856125,16054750,239931870000000,1,1,1
1,4872,239931880000000,239931892103625,239931907249500,15145875,27249500,12103625,239931890000000,1,1,1
1,4873,239931900000000,239931907436750,239931921313250,13876500,21313250,7436750,239931910000000,1,1,0
1,4875,239931910000000,239931921484500,239931937315625,15831125,27315625,11484500,239931920000000,1,1,1
1,4876,239931930000000,239931937483625,239931953302500,15818875,23302500,7483625,239931940000000,1,1,0
1,4878,239931940000000,239931953453875,239931969371375,15917500,29371375,13453875,239931950000000,1,1,1
1,4879,239931960000000,239931969549875,239931984760375,15210500,24760375,9549875,239931970000000,1,1,0
1,4881,239931970000000,239931984916125,239932000279625,15363500,30279625,14916125,239931980000000,1,1,1
1,4883,239931990000000,239932000429000,239932015871750,15442750,25871750,10429000,239932000000000,1,1,1
1,4884,239932010000000,239932016086875,239932031447750,15360875,21447750,6086875,239932020000000,1,1,0
1,4886,239932020000000,239932031658125,239932046794625,15136500,26794625,11658125,239932030000000,1,1,1
1,4887,239932040000000,239932046961250,239932062541000,15579750,22541000,6961250,239932050000000,1,1,0
1,4889,239932050000000,239932062723000,239932078594125,15871125,28594125,12723000,239932060000000,1,1,1
1,4890,239932070000000,239932078764375,239932093340000,14575625,23340000,8764375,239932080000000,1,1,0
1,4892,239932080000000,239932093511250,239932108771125,15259875,28771125,13511250,239932090000000,1,1,1
1,4893,239932100000000,239932108939125,239932124738875,15799750,24738875,8939125,239932110000000,1,1,0
1,4895,239932110000000,239932124898500,239932140154250,15255750,30154250,14898500,239932120000000,1,1,1
1,4897,239932130000000,239932140318750,239932155758000,15439250,25758000,10318750,239932140000000,1,1,1
1,4898,239932150000000,239932155938500,239932170516625,14578125,20516625,5938500,239932160000000,1,1,0
1,4900,239932160000000,239932170698625,239932186535625,15837000,26535625,10698625,239932170000000,1,1,1
1,4901,239932180000000,239932186716250,239932201883125,15166875,21883125,6716250,239932190000000,1,1,0
1,4903,239932190000000,239932202084750,239932217987000,15902250,27987000,12084750,239932200000000,1,1,1
1,4904,239932210000000,239932218171000,239932233365875,15194875,23365875,8171000,239932220000000,1,1,0
1,4906,239932220000000,239932233534250,239932249212125,15677875,29212125,13534250,239932230000000,1,1,1
1,4908,239932240000000,239932250104625,239932264658750,14554125,24658750,10104625,239932250000000,1,1,1
1,4909,239932260000000,239932264851125,239932280816875,15965750,20816875,4851125,239932270000000,1,0,0
1,4911,239932270000000,239932281010125,239932296918875,15908750,26918875,11010125,239932280000000,1,1,1
1,4912,239932290000000,239932297087375,239932312907625,15820250,22907625,7087375,239932300000000,1,1,0
1,4914,239932300000000,239932313067250,239932328982875,15915625,28982875,13067250,239932310000000,1,1,1
1,4915,239932320000000,239932329155125,239932343769250,14614125,23769250,9155125,239932330000000,1,1,0
1,4917,239932330000000,239932343931625,239932359048375,15116750,29048375,13931625,239932340000000,1,1,1
1,4918,239932350000000,239932359896875,239932374485250,14588375,24485250,9896875,239932360000000,1,1,0
1,4920,239932360000000,239932374656500,239932389994375,15337875,29994375,14656500,239932370000000,1,1,1
1,4922,239932380000000,239932390132500,239932405868875,15736375,25868875,10132500,239932390000000,1,1,1
1,4923,239932400000000,239932406085500,239932421908875,15823375,21908875,6085500,239932410000000,1,1,0
1,4925,239932410000000,239932422099250,239932437279375,15180125,27279375,12099250,239932420000000,1,1,1
1,4926,239932430000000,239932437452250,239932452637250,15185000,22637250,7452250,239932440000000,1,1,0
1,4928,239932440000000,239932452878750,239932467448500,14569750,27448500,12878750,239932450000000,1,1,1
1,4929,239932460000000,239932467639500,239932481766500,14127000,21766500,7639500,239932470000000,1,1,0
1,4931,239932470000000,239932481941625,239932497829375,15887750,27829375,11941625,239932480000000,1,1,1
1,4932,239932490000000,239932498007750,239932513705000,15697250,23705000,8007750,239932500000000,1,1,0
1,4934,239932500000000,239932513861125,239932529665000,15803875,29665000,13861125,239932510000000,1,1,1
1,4935,239932520000000,239932529826000,239932544464000,14638000,24464000,9826000,239932530000000,1,1,0
1,4937,239932530000000,239932544646000,239932559922375,15276375,29922375,14646000,239932540000000,1,1,1
1,4939,239932550000000,239932560114000,239932575963250,15849250,25963250,10114000,239932560000000,1,1,1
1,4940,239932570000000,239932576222125,239932591111375,14889250,21111375,6222125,239932580000000,1,1,0
1,4942,239932580000000,239932591288375,239932606516500,15228125,26516500,11288375,239932590000000,1,1,1
1,4943,239932600000000,239932606686750,239932621164750,14478000,21164750,6686750,239932610000000,1,1,0
1,4945,239932610000000,239932621323875,239932637208625,15884750,27208625,11323875,239932620000000,1,1,1
1,4946,239932630000000,239932637416500,239932652615250,15198750,22615250,7416500,239932640000000,1,1,0
1,4948,239932640000000,239932652814875,239932667032750,14217875,27032750,12814875,239932650000000,1,1,1
1,4949,239932660000000,239932667233000,239932683095625,15862625,23095625,7233000,239932670000000,1,1,0
1,4951,239932670000000,239932683264500,239932699160500,15896000,29160500,13264500,239932680000000,1,1,1
1,4952,239932690000000,239932699337625,239932714507125,15169500,24507125,9337625,239932700000000,1,1,0
1,4954,239932700000000,239932714677375,239932730557375,15880000,30557375,14677375,239932710000000,1,1,1
1,4956,239932720000000,239932730745750,239932745782875,15037125,25782875,10745750,239932730000000,1,1,1
1,4957,239932740000000,239932745961500,239932761850375,15888875,21850375,5961500,239932750000000,1,1,0
1,4959,239932750000000,239932762024500,239932777126625,15102125,27126625,12024500,239932760000000,1,1,1
1,4960,239932770000000,239932777304750,239932792121375,14816625,22121375,7304750,239932780000000,1,1,0
1,4962,239932780000000,239932792291125,239932807411250,15120125,27411250,12291125,239932790000000,1,1,1
1,4963,239932800000000,239932807586625,239932822197750,14611125,22197750,7586625,239932810000000,1,1,0
1,4965,239932810000000,239932822375875,239932838258250,15882375,28258250,12375875,239932820000000,1,1,1
1,4966,239932830000000,239932838436875,239932853692250,15255375,23692250,8436875,239932840000000,1,1,0
1,4968,239932840000000,239932853870250,239932868920125,15049875,28920125,13870250,239932850000000,1,1,1
1,4969,239932860000000,239932869797125,239932885809250,16012125,25809250,9797125,239932870000000,1,1,0
1,4971,239932870000000,239932885999625,239932900510750,14511125,30510750,15999625,239932880000000,1,1,1
1,4973,239932890000000,239932900673875,239932916595250,15921375,26595250,10673875,239932900000000,1,1,1
1,4974,239932910000000,239932916782625,239932932671875,15889250,22671875,6782625,239932920000000,1,1,0
1,4976,239932920000000,239932932841125,239932948694750,15853625,28694750,12841125,239932930000000,1,1,1
1,4977,239932940000000,239932948864125,239932964101375,15237250,24101375,8864125,239932950000000,1,1,0
1,4979,239932950000000,239932964266250,239932980111000,15844750,30111000,14266250,239932960000000,1,1,1
1,4981,239932970000000,239932980257875,239932995436625,15178750,25436625,10257875,239932980000000,1,1,1
1,4982,239932990000000,239932995593250,239933011463000,15869750,21463000,5593250,239933000000000,1,1,0
1,4984,239933000000000,239933011644500,239933026823250,15178750,26823250,11644500,239933010000000,1,1,1
1,4985,239933020000000,239933026997500,239933042928625,15931125,22928625,6997500,239933030000000,1,1,0
1,4987,239933030000000,239933043109250,239933059017500,15908250,29017500,13109250,239933040000000,1,1,1
1,4988,239933050000000,239933059213625,239933075072625,15859000,25072625,9213625,239933060000000,1,1,0
1,4990,239933060000000,239933075250750,239933091157500,15906750,31157500,15250750,239933070000000,1,1,1
1,4992,239933080000000,239933091337625,239933105857625,14520000,25857625,11337625,239933090000000,1,1,1
1,4993,239933100000000,239933106038125,239933121868750,15830625,21868750,6038125,239933110000000,1,1,0
1,4995,239933110000000,239933122036625,239933137293875,15257250,27293875,12036625,239933120000000,1,1,1
1,4996,239933130000000,239933137468250,239933153394000,15925750,23394000,7468250,239933140000000,1,1,0
1,4998,239933140000000,239933153567625,239933169450000,15882375,29450000,13567625,239933150000000,1,1,1
1,4999,239933160000000,239933169619375,239933185467625,15848250,25467625,9619375,239933170000000,1,1,0
1,5001,239933170000000,239933185605750,239933200795125,15189375,30795125,15605750,239933180000000,1,1,1
1,5003,239933190000000,239933200959625,239933216868750,15909125,26868750,10959625,239933200000000,1,1,1
1,5004,239933210000000,239933217038750,239933232783500,15744750,22783500,7038750,239933220000000,1,1,0
1,5006,239933220000000,239933232957125,239933248822500,15865375,28822500,12957125,239933230000000,1,1,1
1,5007,239933240000000,239933248988375,239933264854250,15865875,24854250,8988375,239933250000000,1,1,0
1,5009,239933250000000,239933265021125,239933280391625,15370500,30391625,15021125,239933260000000,1,1,1
1,5011,239933270000000,239933280560000,239933295082375,14522375,25082375,10560000,239933280000000,1,1,1
1,5012,239933290000000,239933295269750,239933311172625,15902875,21172625,5269750,239933300000000,1,1,0
1,5014,239933300000000,239933311358000,239933327201875,15843875,27201875,11358000,239933310000000,1,1,1
1,5015,239933320000000,239933327363875,239933343239375,15875500,23239375,7363875,239933330000000,1,1,0
1,5017,239933330000000,239933343379500,239933359275500,15896000,29275500,13379500,239933340000000,1,1,1
1,5018,239933350000000,239933359435000,239933375336000,15901000,25336000,9435000,239933360000000,1,1,0
1,5020,239933360000000,239933375530750,239933391370625,15839875,31370625,15530750,239933370000000,1,1,1
1,5022,239933380000000,239933391542875,239933406753875,15211000,26753875,11542875,239933390000000,1,1,1
1,5023,239933400000000,239933406933500,239933421606125,14672625,21606125,6933500,239933410000000,1,1,0
1,5025,239933410000000,239933421779375,239933436927375,15148000,26927375,11779375,239933420000000,1,1,1
1,5026,239933430000000,239933437102000,239933452830750,15728750,22830750,7102000,239933440000000,1,1,0
1,5028,239933440000000,239933452999625,239933467658625,14659000,27658625,12999625,239933450000000,1,1,1
1,5029,239933460000000,239933467834250,239933483082250,15248000,23082250,7834250,239933470000000,1,1,0
1,5031,239933470000000,239933483973875,239933499378875,15405000,29378875,13973875,239933480000000,1,1,1
1,5032,239933490000000,239933499594750,239933515483375,15888625,25483375,9594750,239933500000000,1,1,0
1,5034,239933500000000,239933515674250,239933531526750,15852500,31526750,15674250,239933510000000,1,1,1
1,5036,239933520000000,239933531708875,239933547472625,15763750,27472625,11708875,239933530000000,1,1,1
1,5037,239933540000000,239933547655125,239933563579500,15924375,23579500,7655125,239933550000000,1,1,0
1,5039,239933550000000,239933563792875,239933578692875,14900000,28692875,13792875,239933560000000,1,1,1
1,5040,239933570000000,239933578861625,239933593992625,15131000,23992625,8861625,239933580000000,1,1,0
1,5042,239933580000000,239933594170250,239933609741250,15571000,29741250,14170250,239933590000000,1,1,1
1,5043,239933600000000,239933609895875,239933625714000,15818125,25714000,9895875,239933610000000,1,1,0
1,5045,239933610000000,239933625888125,239933641627000,15738875,31627000,15888125,239933620000000,1,1,1
1,5047,239933630000000,239933641949625,239933657805125,15855500,27805125,11949625,239933640000000,1,1,1
1,5048,239933650000000,239933657988625,239933672756500,14767875,22756500,7988625,239933660000000,1,1,0
1,5050,239933660000000,239933672936125,239933687006125,14070000,27006125,12936125,239933670000000,1,1,1
1,5051,239933680000000,239933687196875,239933702662000,15465125,22662000,7196875,239933690000000,1,1,0
1,5053,239933690000000,239933702839625,239933718740125,15900500,28740125,12839625,239933700000000,1,1,1
1,5054,239933710000000,239933718921625,239933734742125,15820500,24742125,8921625,239933720000000,1,1,0
1,5056,239933720000000,239933734920250,239933750794750,15874500,30794750,14920250,239933730000000,1,1,1
1,5058,239933740000000,239933750972000,239933764180625,13208625,24180625,10972000,239933750000000,1,1,1
1,5059,239933760000000,239933764343125,239933779576000,15232875,19576000,4343125,239933770000000,1,0,0
1,5060,239933770000000,239933779759625,239933794064250,14304625,24064250,9759625,239933780000000,1,1,0
1,5062,239933780000000,239933794249750,239933809274750,15025000,29274750,14249750,239933790000000,1,1,1
1,5063,239933800000000,239933809443500,239933825433375,15989875,25433375,9443500,239933810000000,1,1,0
1,5065,239933810000000,239933825607000,239933841279500,15672500,31279500,15607000,239933820000000,1,1,1
1,5067,239933830000000,239933841446000,239933856543625,15097625,26543625,11446000,239933840000000,1,1,1
1,5068,239933850000000,239933856718375,239933870892375,14174000,20892375,6718375,239933860000000,1,1,0
1,5070,239933860000000,239933871040625,239933886939750,15899125,26939750,11040625,239933870000000,1,1,1
1,5071,239933880000000,239933887109625,239933902942125,15832500,22942125,7109625,239933890000000,1,1,0
1,5073,239933890000000,239933903103125,239933918946500,15843375,28946500,13103125,239933900000000,1,1,1
1,5074,239933910000000,239933919106625,239933934985500,15878875,24985500,9106625,239933920000000,1,1,0
1,5076,239933920000000,239933935165625,239933949770000,14604375,29770000,15165625,239933930000000,1,1,1
1,5077,239933940000000,239933949952125,239933965230750,15278625,25230750,9952125,239933950000000,1,1,0
1,5079,239933950000000,239933965398125,239933981257125,15859000,31257125,15398125,239933960000000,1,1,1
1,5081,239933970000000,239933981426000,239933996672000,15246000,26672000,11426000,239933980000000,1,1,1
1,5082,239933990000000,239933996965250,239934012554875,15589625,22554875,6965250,239934000000000,1,1,0
1,5084,239934000000000,239934012772625,239934028908125,16135500,28908125,12772625,239934010000000,1,1,1
1,5085,239934020000000,239934029093500,239934044245000,15151500,24245000,9093500,239934030000000,1,1,0
1,5087,239934030000000,239934044423625,239934059154375,14730750,29154375,14423625,239934040000000,1,1,1
1,5088,239934050000000,239934059331750,239934075272375,15940625,25272375,9331750,239934060000000,1,1,0
1,5090,239934060000000,239934075486625,239934091401750,15915125,31401750,15486625,239934070000000,1,1,1
1,5092,239934080000000,239934091590500,239934107455375,15864875,27455375,11590500,239934090000000,1,1,1
1,5093,239934100000000,239934108392875,239934124234250,15841375,24234250,8392875,239934110000000,1,1,0
1,5095,239934110000000,239934124403625,239934138881000,14477375,28881000,14403625,239934120000000,1,1,1
1,5096,239934130000000,239934139070000,239934154959625,15889625,24959625,9070000,239934140000000,1,1,0
1,5098,239934140000000,239934155151375,239934170967875,15816500,30967875,15151375,239934150000000,1,1,1
1,5100,239934160000000,239934171136250,239934187048875,15912625,27048875,11136250,239934170000000,1,1,1
1,5101,239934180000000,239934187227500,239934203130375,15902875,23130375,7227500,239934190000000,1,1,0
1,5103,239934190000000,239934203320750,239934219119625,15798875,29119625,13320750,239934200000000,1,1,1
1,5104,239934210000000,239934219293875,239934235109375,15815500,25109375,9293875,239934220000000,1,1,0
1,5106,239934220000000,239934235266000,239934249449250,14183250,29449250,15266000,239934230000000,1,1,1
1,5107,239934240000000,239934249610875,239934265335625,15724750,25335625,9610875,239934250000000,1,1,0
1,5109,239934250000000,239934265511750,239934280636250,15124500,30636250,15511750,239934260000000,1,1,1
1,5111,239934270000000,239934280808500,239934296078500,15270000,26078500,10808500,239934280000000,1,1,1
1,5112,239934290000000,239934296249750,239934312148750,15899000,22148750,6249750,239934300000000,1,1,0
1,5114,239934300000000,239934312304125,239934327437250,15133125,27437250,12304125,239934310000000,1,1,1
1,5115,239934320000000,239934327609000,239934343559750,15950750,23559750,7609000,239934330000000,1,1,0
1,5117,239934330000000,239934343771000,239934359673500,15902500,29673500,13771000,239934340000000,1,1,1
1,5118,239934350000000,239934359861375,239934375725625,15864250,25725625,9861375,239934360000000,1,1,0
1,5120,239934360000000,239934375910125,239934391757875,15847750,31757875,15910125,239934370000000,1,1,1
1,5122,239934380000000,239934391938875,239934407221125,15282250,27221125,11938875,239934390000000,1,1,1
1,5123,239934400000000,239934407405125,239934423307500,15902375,23307500,7405125,239934410000000,1,1,0
1,5125,239934410000000,239934423459250,239934438576500,15117250,28576500,13459250,239934420000000,1,1,1
1,5126,239934430000000,239934438746250,239934453979125,15232875,23979125,8746250,239934440000000,1,1,0
1,5128,239934440000000,239934454151000,239934470092875,15941875,30092875,14151000,239934450000000,1,1,1
1,5130,239934460000000,239934470268000,239934485505375,15237375,25505375,10268000,239934470000000,1,1,1
1,5131,239934480000000,239934485678000,239934501440500,15762500,21440500,5678000,239934490000000,1,1,0
1,5133,239934490000000,239934501588250,239934517480375,15892125,27480375,11588250,239934500000000,1,1,1
1,5134,239934510000000,239934517660500,239934532715750,15055250,22715750,7660500,239934520000000,1,1,0
1,5136,239934520000000,239934532884250,239934548761125,15876875,28761125,12884250,239934530000000,1,1,1
1,5137,239934540000000,239934548933500,239934564563000,15629500,24563000,8933500,239934550000000,1,1,0
1,5139,239934550000000,239934564715250,239934580620125,15904875,30620125,14715250,239934560000000,1,1,1
1,5141,239934570000000,239934580795750,239934596141375,15345625,26141375,10795750,239934580000000,1,1,1
1,5142,239934590000000,239934596328250,239934612209750,15881500,22209750,6328250,239934600000000,1,1,0
1,5144,239934600000000,239934612371750,239934627522125,15150375,27522125,12371750,239934610000000,1,1,1
1,5145,239934620000000,239934627708125,239934642889125,15181000,22889125,7708125,239934630000000,1,1,0
1,5147,239934630000000,239934643094750,239934658833625,15738875,28833625,13094750,239934640000000,1,1,1
1,5148,239934650000000,239934659000500,239934674906250,15905750,24906250,9000500,239934660000000,1,1,0
1,5150,239934660000000,239934675084125,239934690993625,15909500,30993625,15084125,239934670000000,1,1,1
1,5152,239934680000000,239934691167000,239934706947250,15780250,26947250,11167000,239934690000000,1,1,1
1,5153,239934700000000,239934707117625,239934723040000,15922375,23040000,7117625,239934710000000,1,1,0
1,5155,239934710000000,239934723932000,239934738795000,14863000,28795000,13932000,239934720000000,1,1,1
1,5156,239934730000000,239934738998500,239934754833625,15835125,24833625,8998500,239934740000000,1,1,0
1,5158,239934740000000,239934755012625,239934770801375,15788750,30801375,15012625,239934750000000,1,1,1
1,5160,239934760000000,239934770972625,239934784977250,14004625,24977250,10972625,239934770000000,1,1,1
1,5161,239934780000000,239934785150500,239934801091875,15941375,21091875,5150500,239934790000000,1,1,0
1,5163,239934790000000,239934801269000,239934817485250,16216250,27485250,11269000,239934800000000,1,1,1
1,5164,239934810000000,239934817667250,239934832228250,14561000,22228250,7667250,239934820000000,1,1,0
1,5166,239934820000000,239934832401875,239934847774250,15372375,27774250,12401875,239934830000000,1,1,1
1,5167,239934840000000,239934847985625,239934863768875,15783250,23768875,7985625,239934850000000,1,1,0
1,5169,239934850000000,239934863966625,239934879131125,15164500,29131125,13966625,239934860000000,1,1,1
1,5170,239934870000000,239934879305375,239934895136000,15830625,25136000,9305375,239934880000000,1,1,0
1,5172,239934880000000,239934895331875,239934911283000,15951125,31283000,15331875,239934890000000,1,1,1
1,5174,239934900000000,239934911456250,239934926573375,15117125,26573375,11456250,239934910000000,1,1,1
1,5175,239934920000000,239934926750000,239934942618750,15868750,22618750,6750000,239934930000000,1,1,0
1,5177,239934930000000,239934942758375,239934958626125,15867750,28626125,12758375,239934940000000,1,1,1
1,5178,239934950000000,239934958810125,239934974730000,15919875,24730000,8810125,239934960000000,1,1,0
1,5180,239934960000000,239934974922250,239934990219625,15297375,30219625,14922250,239934970000000,1,1,1
1,5182,239934980000000,239934990393250,239935006272750,15879500,26272750,10393250,239934990000000,1,1,1
1,5183,239935000000000,239935006454875,239935021654500,15199625,21654500,6454875,239935010000000,1,1,0
1,5185,239935010000000,239935022524625,239935037698875,15174250,27698875,12524625,239935020000000,1,1,1
1,5186,239935030000000,239935037874625,239935053123625,15249000,23123625,7874625,239935040000000,1,1,0
1,5188,239935040000000,239935053299750,239935069154750,15855000,29154750,13299750,239935050000000,1,1,1
1,5189,239935060000000,239935069317750,239935083951375,14633625,23951375,9317750,239935070000000,1,1,0
1,5191,239935070000000,239935084126750,239935100070500,15943750,30070500,14126750,239935080000000,1,1,1
1,5193,239935090000000,239935100210000,239935115400000,15190000,25400000,10210000,239935100000000,1,1,1
1,5194,239935110000000,239935116236375,239935131433750,15197375,21433750,6236375,239935120000000,1,1,0
1,5196,239935120000000,239935131613625,239935147479000,15865375,27479000,11613625,239935130000000,1,1,1
1,5197,239935140000000,239935147657750,239935162048250,14390500,22048250,7657750,239935150000000,1,1,0
1,5199,239935150000000,239935162231375,239935178108750,15877375,28108750,12231375,239935160000000,1,1,1
1,5200,239935170000000,239935178293375,239935194196125,15902750,24196125,8293375,239935180000000,1,1,0
1,5202,239935180000000,239935194367875,239935208867750,14499875,28867750,14367875,239935190000000,1,1,1
1,5203,239935200000000,239935209029000,239935224784375,15755375,24784375,9029000,239935210000000,1,1,0
1,5205,239935210000000,239935224951750,239935240807250,15855500,30807250,14951750,239935220000000,1,1,1
1,5207,239935230000000,239935240970375,239935256712625,15742250,26712625,10970375,239935240000000,1,1,1
1,5208,239935250000000,239935256865375,239935272631625,15766250,22631625,6865375,239935260000000,1,1,0
1,5210,239935260000000,239935272794125,239935288681375,15887250,28681375,12794125,239935270000000,1,1,1
1,5211,239935280000000,239935288848375,239935302702125,13853750,22702125,8848375,239935290000000,1,1,0
1,5213,239935290000000,239935302875875,239935318760750,15884875,28760750,12875875,239935300000000,1,1,1
1,5214,239935310000000,239935318905125,239935334754375,15849250,24754375,8905125,239935320000000,1,1,0
1,5216,239935320000000,239935334915750,239935350149250,15233500,30149250,14915750,239935330000000,1,1,1
1,5218,239935340000000,239935351047250,239935365816875,14769625,25816875,11047250,239935350000000,1,1,1
1,5219,239935360000000,239935366016500,239935381895875,15879375,21895875,6016500,239935370000000,1,1,0
1,5221,239935370000000,239935382074500,239935395371125,13296625,25371125,12074500,239935380000000,1,1,1
1,5222,239935390000000,239935395495500,239935410863125,15367625,20863125,5495500,239935400000000,1,1,0
1,5224,239935400000000,239935411041750,239935426948000,15906250,26948000,11041750,239935410000000,1,1,1
1,5225,239935420000000,239935427134000,239935442587875,15453875,22587875,7134000,239935430000000,1,1,0
1,5227,239935430000000,239935442758375,239935458363000,15604625,28363000,12758375,239935440000000,1,1,1
1,5228,239935450000000,239935458542500,239935474335625,15793125,24335625,8542500,239935460000000,1,1,0
1,5230,239935460000000,239935474511250,239935488987375,14476125,28987375,14511250,239935470000000,1,1,1
1,5231,239935480000000,239935489161000,239935504413000,15252000,24413000,9161000,239935490000000,1,1,0
1,5233,239935490000000,239935504571625,239935519897125,15325500,29897125,14571625,239935500000000,1,1,1
1,5235,239935510000000,239935520085500,239935535895125,15809625,25895125,10085500,239935520000000,1,1,1
1,5236,239935530000000,239935536106625,239935550975875,14869250,20975875,6106625,239935540000000,1,1,0
1,5238,239935540000000,239935551164750,239935566409250,15244500,26409250,11164750,239935550000000,1,1,1
1,5239,239935560000000,239935566583000,239935581675375,15092375,21675375,6583000,239935570000000,1,1,0
1,5241,239935570000000,239935581884625,239935597743625,15859000,27743625,11884625,239935580000000,1,1,1
1,5242,239935590000000,239935597935000,239935613877375,15942375,23877375,7935000,239935600000000,1,1,0
1,5244,239935600000000,239935614057500,239935629999875,15942375,29999875,14057500,239935610000000,1,1,1
1,5246,239935620000000,239935630193125,239935644871125,14678000,24871125,10193125,239935630000000,1,1,1
1,5247,239935640000000,239935645041875,239935660777875,15736000,20777875,5041875,239935650000000,1,1,0
1,5249,239935650000000,239935660927250,239935675442750,14515500,25442750,10927250,239935660000000,1,1,1
1,5250,239935670000000,239935675625750,239935691526750,15901000,21526750,5625750,239935680000000,1,1,0
1,5252,239935680000000,239935691723625,239935707581875,15858250,27581875,11723625,239935690000000,1,1,1
1,5253,239935700000000,239935707765375,239935723677000,15911625,23677000,7765375,239935710000000,1,1,0
1,5255,239935710000000,239935723879625,239935739782000,15902375,29782000,13879625,239935720000000,1,1,1
1,5256,239935730000000,239935739959125,239935755899125,15940000,25899125,9959125,239935740000000,1,1,0
1,5258,239935740000000,239935756199250,239935770929000,14729750,30929000,16199250,239935750000000,1,1,1
1,5260,239935760000000,239935771133875,239935786962125,15828250,26962125,11133875,239935770000000,1,1,1
1,5261,239935780000000,239935787144250,239935801801625,14657375,21801625,7144250,239935790000000,1,1,0
1,5263,239935790000000,239935801979250,239935816836500,14857250,26836500,11979250,239935800000000,1,1,1
1,5264,239935810000000,239935817022375,239935832783250,15760875,22783250,7022375,239935820000000,1,1,0
1,5266,239935820000000,239935832945750,239935848197625,15251875,28197625,12945750,239935830000000,1,1,1
1,5267,239935840000000,239935848352375,239935863586125,15233750,23586125,8352375,239935850000000,1,1,0
1,5269,239935850000000,239935863780000,239935878606375,14826375,28606375,13780000,239935860000000,1,1,1
1,5270,239935870000000,239935878791375,239935893579125,14787750,23579125,8791375,239935880000000,1,1,0
1,5272,239935880000000,239935893763125,239935909663000,15899875,29663000,13763125,239935890000000,1,1,1
1,5273,239935900000000,239935909846000,239935925776750,15930750,25776750,9846000,239935910000000,1,1,0
1,5275,239935910000000,239935925953375,239935939914625,13961250,29914625,15953375,239935920000000,1,1,1
1,5277,239935930000000,239935940101500,239935955983375,15881875,25983375,10101500,239935940000000,1,1,1
1,5278,239935950000000,239935956902250,239935972922250,16020000,22922250,6902250,239935960000000,1,1,0
1,5280,239935960000000,239935973118000,239935989008125,15890125,29008125,13118000,239935970000000,1,1,1
1,5281,239935980000000,239935989182375,239936004433750,15251375,24433750,9182375,239935990000000,1,1,0
1,5283,239935990000000,239936004596750,239936020460250,15863500,30460250,14596750,239936000000000,1,1,1
1,5285,239936010000000,239936020637750,239936035619375,14981625,25619375,10637750,239936020000000,1,1,1
1,5286,239936030000000,239936035819500,239936050689750,14870250,20689750,5819500,239936040000000,1,1,0
1,5288,239936040000000,239936050900125,239936065605500,14705375,25605500,10900125,239936050000000,1,1,1
1,5289,239936060000000,239936065809500,239936080895375,15085875,20895375,5809500,239936070000000,1,1,0
1,5291,239936070000000,239936081046750,239936096952000,15905250,26952000,11046750,239936080000000,1,1,1
1,5292,239936090000000,239936097119500,239936112881250,15761750,22881250,7119500,239936100000000,1,1,0
1,5294,239936100000000,239936113045750,239936128971000,15925250,28971000,13045750,239936110000000,1,1,1
1,5295,239936120000000,239936129149625,239936143092750,13943125,23092750,9149625,239936130000000,1,1,0
1,5297,239936130000000,239936143273750,239936158117250,14843500,28117250,13273750,239936140000000,1,1,1
1,5298,239936150000000,239936158277000,239936173906625,15629625,23906625,8277000,239936160000000,1,1,0
1,5300,239936160000000,239936174079250,239936189977250,15898000,29977250,14079250,239936170000000,1,1,1
1,5302,239936180000000,239936190165250,239936206045625,15880375,26045625,10165250,239936190000000,1,1,1
1,5303,239936200000000,239936206221750,239936220723125,14501375,20723125,6221750,239936210000000,1,1,0
1,5305,239936210000000,239936220899750,239936236165875,15266125,26165875,10899750,239936220000000,1,1,1
1,5306,239936230000000,239936236344000,239936252284375,15940375,22284375,6344000,239936240000000,1,1,0
1,5308,239936240000000,239936252452875,239936268296125,15843250,28296125,12452875,239936250000000,1,1,1
1,5309,239936260000000,239936268452750,239936284295625,15842875,24295625,8452750,239936270000000,1,1,0
1,5311,239936270000000,239936284456750,239936300322500,15865750,30322500,14456750,239936280000000,1,1,1
1,5313,239936290000000,239936300487625,239936316358125,15870500,26358125,10487625,239936300000000,1,1,1
1,5314,239936310000000,239936316516750,239936331700375,15183625,21700375,6516750,239936320000000,1,1,0
1,5316,239936320000000,239936331894500,239936347759375,15864875,27759375,11894500,239936330000000,1,1,1
1,5317,239936340000000,239936347945375,239936363812000,15866625,23812000,7945375,239936350000000,1,1,0
1,5319,239936350000000,239936363992625,239936379875500,15882875,29875500,13992625,239936360000000,1,1,1
1,5321,239936370000000,239936380079500,239936395928000,15848500,25928000,10079500,239936380000000,1,1,1
1,5322,239936390000000,239936396123875,239936411362000,15238125,21362000,6123875,239936400000000,1,1,0
1,5324,239936400000000,239936411539250,239936426072375,14533125,26072375,11539250,239936410000000,1,1,1
1,5325,239936420000000,239936426238250,239936442116250,15878000,22116250,6238250,239936430000000,1,1,0
1,5327,239936430000000,239936442294875,239936458194875,15900000,28194875,12294875,239936440000000,1,1,1
1,5328,239936450000000,239936458357375,239936473683875,15326500,23683875,8357375,239936460000000,1,1,0
1,5330,239936460000000,239936473868375,239936488942625,15074250,28942625,13868375,239936470000000,1,1,1
1,5331,239936480000000,239936489079375,239936504962625,15883250,24962625,9079375,239936490000000,1,1,0
1,5333,239936490000000,239936505114000,239936519090000,13976000,29090000,15114000,239936500000000,1,1,1
1,5334,239936510000000,239936519270000,239936535086875,15816875,25086875,9270000,239936520000000,1,1,0
1,5336,239936520000000,239936535259500,239936549906375,14646875,29906375,15259500,239936530000000,1,1,1
1,5338,239936540000000,239936550085000,239936566005000,15920000,26005000,10085000,239936550000000,1,1,1
1,5339,239936560000000,239936566179625,239936582083500,15903875,22083500,6179625,239936570000000,1,1,0
1,5341,239936570000000,239936583022375,239936597641875,14619500,27641875,13022375,239936580000000,1,1,1
1,5342,239936590000000,239936597822000,239936612239000,14417000,22239000,7822000,239936600000000,1,1,0
1,5344,239936600000000,239936612394625,239936628313625,15919000,28313625,12394625,239936610000000,1,1,1
1,5345,239936620000000,239936628480500,239936643169375,14688875,23169375,8480500,239936630000000,1,1,0
1,5347,239936630000000,239936643355250,239936658698375,15343125,28698375,13355250,239936640000000,1,1,1
1,5348,239936650000000,239936658883750,239936674763250,15879500,24763250,8883750,239936660000000,1,1,0
1,5350,239936660000000,239936674941000,239936690034625,15093625,30034625,14941000,239936670000000,1,1,1
1,5352,239936680000000,239936690180750,239936704757125,14576375,24757125,10180750,239936690000000,1,1,1
1,5353,239936700000000,239936704930375,239936720838125,15907750,20838125,4930375,239936710000000,1,0,0
1,5355,239936710000000,239936721008125,239936736749750,15741625,26749750,11008125,239936720000000,1,1,1
1,5356,239936730000000,239936736920125,239936752150625,15230500,22150625,6920125,239936740000000,1,1,0
1,5358,239936740000000,239936752281375,239936768133000,15851625,28133000,12281375,239936750000000,1,1,1
1,5359,239936760000000,239936768299000,239936782502625,14203625,22502625,8299000,239936770000000,1,1,0
1,5361,239936770000000,239936782690250,239936798563625,15873375,28563625,12690250,239936780000000,1,1,1
1,5362,239936790000000,239936798717375,239936813371500,14654125,23371500,8717375,239936800000000,1,1,0
1,5364,239936800000000,239936813529625,239936829763375,16233750,29763375,13529625,239936810000000,1,1,1
1,5365,239936820000000,239936829955125,239936845828625,15873500,25828625,9955125,239936830000000,1,1,0
1,5367,239936830000000,239936845998500,239936861843375,15844875,31843375,15998500,239936840000000,1,1,1
1,5369,239936850000000,239936862005500,239936876586375,14580875,26586375,12005500,239936860000000,1,1,1
1,5370,239936870000000,239936876759125,239936892698500,15939375,22698500,6759125,239936880000000,1,1,0
1,5372,239936880000000,239936892845000,239936908582875,15737875,28582875,12845000,239936890000000,1,1,1
1,5373,239936900000000,239936908737250,239936924662500,15925250,24662500,8737250,239936910000000,1,1,0
1,5375,239936910000000,239936924842125,239936940656125,15814000,30656125,14842125,239936920000000,1,1,1
1,5377,239936930000000,239936940813625,239936956275875,15462250,26275875,10813625,239936940000000,1,1,1
1,5378,239936950000000,239936956558500,239936971896750,15338250,21896750,6558500,239936960000000,1,1,0
1,5380,239936960000000,239936972613625,239936987836250,15222625,27836250,12613625,239936970000000,1,1,1
1,5381,239936980000000,239936988171000,239937004028000,15857000,24028000,8171000,239936990000000,1,1,0
1,5383,239936990000000,239937004167500,239937020086500,15919000,30086500,14167500,239937000000000,1,1,1
1,5385,239937010000000,239937020258000,239937036075875,15817875,26075875,10258000,239937020000000,1,1,1
1,5386,239937030000000,239937036237375,239937051587875,15350500,21587875,6237375,239937040000000,1,1,0
1,5388,239937040000000,239937051745125,239937067201375,15456250,27201375,11745125,239937050000000,1,1,1
1,5389,239937060000000,239937067391750,239937082556250,15164500,22556250,7391750,239937070000000,1,1,0
1,5391,239937070000000,239937082726500,239937098575250,15848750,28575250,12726500,239937080000000,1,1,1
1,5392,239937090000000,239937098769000,239937113520250,14751250,23520250,8769000,239937100000000,1,1,0
1,5394,239937100000000,239937113721375,239937129082125,15360750,29082125,13721375,239937110000000,1,1,1
1,5395,239937120000000,239937129254875,239937145001500,15746625,25001500,9254875,239937130000000,1,1,0
1,5397,239937130000000,239937145184000,239937161107375,15923375,31107375,15184000,239937140000000,1,1,1
1,5399,239937150000000,239937161274250,239937176508125,15233875,26508125,11274250,239937160000000,1,1,1
1,5400,239937170000000,239937176675625,239937191189125,14513500,21189125,6675625,239937180000000,1,1,0
1,5402,239937180000000,239937191366750,239937207270625,15903875,27270625,11366750,239937190000000,1,1,1
1,5403,239937200000000,239937208291000,239937224197750,15906750,24197750,8291000,239937210000000,1,1,0
1,5405,239937210000000,239937224377875,239937240318250,15940375,30318250,14377875,239937220000000,1,1,1
1,5407,239937230000000,239937240482000,239937255684875,15202875,25684875,10482000,239937240000000,1,1,1
1,5408,239937250000000,239937255852750,239937270636750,14784000,20636750,5852750,239937260000000,1,1,0
1,5410,239937260000000,239937270819250,239937286677250,15858000,26677250,10819250,239937270000000,1,1,1
1,5411,239937280000000,239937286856375,239937302736250,15879875,22736250,6856375,239937290000000,1,1,0
1,5413,239937290000000,239937302959250,239937318787875,15828625,28787875,12959250,239937300000000,1,1,1
1,5414,239937310000000,239937318984125,239937334820625,15836500,24820625,8984125,239937320000000,1,1,0
1,5416,239937320000000,239937335008625,239937350510750,15502125,30510750,15008625,239937330000000,1,1,1
1,5418,239937340000000,239937350689500,239937366563500,15874000,26563500,10689500,239937350000000,1,1,1
1,5419,239937360000000,239937366750375,239937381903750,15153375,21903750,6750375,239937370000000,1,1,0
1,5421,239937370000000,239937382066875,239937397958875,15892000,27958875,12066875,239937380000000,1,1,1
1,5422,239937390000000,239937398132250,239937414138875,16006625,24138875,8132250,239937400000000,1,1,0
1,5424,239937400000000,239937414330875,239937430181000,15850125,30181000,14330875,239937410000000,1,1,1
1,5426,239937420000000,239937430367250,239937445972125,15604875,25972125,10367250,239937430000000,1,1,1
1,5427,239937440000000,239937446150625,239937462076000,15925375,22076000,6150625,239937450000000,1,1,0
1,5429,239937450000000,239937462250750,239937477468875,15218125,27468875,12250750,239937460000000,1,1,1
1,5430,239937470000000,239937477651875,239937493442500,15790625,23442500,7651875,239937480000000,1,1,0
1,5432,239937480000000,239937493591125,239937508157250,14566125,28157250,13591125,239937490000000,1,1,1
1,5433,239937500000000,239937508327625,239937523181250,14853625,23181250,8327625,239937510000000,1,1,0
1,5435,239937510000000,239937523376875,239937539225625,15848750,29225625,13376875,239937520000000,1,1,1
1,5436,239937530000000,239937539409625,239937555316875,15907250,25316875,9409625,239937540000000,1,1,0
1,5438,239937540000000,239937555506375,239937570693750,15187375,30693750,15506375,239937550000000,1,1,1
1,5440,239937560000000,239937570860250,239937586770875,15910625,26770875,10860250,239937570000000,1,1,1
1,5441,239937580000000,239937586959625,239937602783500,15823875,22783500,6959625,239937590000000,1,1,0
1,5443,239937590000000,239937602959125,239937617667500,14708375,27667500,12959125,239937600000000,1,1,1
1,5444,239937610000000,239937617844375,239937633328375,15484000,23328375,7844375,239937620000000,1,1,0
1,5446,239937620000000,239937633487500,239937649344000,15856500,29344000,13487500,239937630000000,1,1,1
1,5447,239937640000000,239937649517625,239937664123500,14605875,24123500,9517625,239937650000000,1,1,0
1,5449,239937650000000,239937664310375,239937679536375,15226000,29536375,14310375,239937660000000,1,1,1
1,5450,239937670000000,239937679719375,239937695609125,15889750,25609125,9719375,239937680000000,1,1,0
1,5452,239937680000000,239937695782500,239937711582250,15799750,31582250,15782500,239937690000000,1,1,1
1,5454,239937700000000,239937711743875,239937727652500,15908625,27652500,11743875,239937710000000,1,1,1
1,5455,239937720000000,239937727841875,239937743764875,15923000,23764875,7841875,239937730000000,1,1,0
1,5457,239937730000000,239937743923375,239937758452125,14528750,28452125,13923375,239937740000000,1,1,1
1,5458,239937750000000,239937758620625,239937773638750,15018125,23638750,8620625,239937760000000,1,1,0
1,5460,239937760000000,239937773827125,239937789710875,15883750,29710875,13827125,239937770000000,1,1,1
1,5461,239937780000000,239937789880750,239937805732375,15851625,25732375,9880750,239937790000000,1,1,0
1,5463,239937790000000,239937805891375,239937821419000,15527625,31419000,15891375,239937800000000,1,1,1
1,5465,239937810000000,239937822289625,239937836384000,14094375,26384000,12289625,239937820000000,1,1,1
1,5466,239937830000000,239937836585625,239937851760375,15174750,21760375,6585625,239937840000000,1,1,0
1,5468,239937840000000,239937851954125,239937867835500,15881375,27835500,11954125,239937850000000,1,1,1
1,5469,239937860000000,239937868051125,239937882807875,14756750,22807875,8051125,239937870000000,1,1,0
1,5471,239937870000000,239937882998750,239937898841000,15842250,28841000,12998750,239937880000000,1,1,1
1,5472,239937890000000,239937899012375,239937914937625,15925250,24937625,9012375,239937900000000,1,1,0
1,5474,239937900000000,239937915097250,239937930996625,15899375,30996625,15097250,239937910000000,1,1,1
1,5476,239937920000000,239937931171000,239937946344750,15173750,26344750,11171000,239937930000000,1,1,1
1,5477,239937940000000,239937946520875,239937962359875,15839000,22359875,6520875,239937950000000,1,1,0
1,5479,239937950000000,239937962529750,239937978418875,15889125,28418875,12529750,239937960000000,1,1,1
1,5480,239937970000000,239937978599875,239937994465750,15865875,24465750,8599875,239937980000000,1,1,0
1,5482,239937980000000,239937994647375,239938010520875,15873500,30520875,14647375,239937990000000,1,1,1
1,5484,239938000000000,239938010695625,239938026551625,15856000,26551625,10695625,239938010000000,1,1,1
1,5485,239938020000000,239938026718000,239938042595500,15877500,22595500,6718000,239938030000000,1,1,0
1,5487,239938030000000,239938042895625,239938058540875,15645250,28540875,12895625,239938040000000,1,1,1
1,5488,239938050000000,239938058740500,239938074568125,15827625,24568125,8740500,239938060000000,1,1,0
1,5490,239938060000000,239938074732125,239938089281375,14549250,29281375,14732125,239938070000000,1,1,1
1,5491,239938080000000,239938089461625,239938103602250,14140625,23602250,9461625,239938090000000,1,1,0
1,5493,239938090000000,239938103789625,239938118778500,14988875,28778500,13789625,239938100000000,1,1,1
1,5494,239938110000000,239938118934625,239938134110500,15175875,24110500,8934625,239938120000000,1,1,0
1,5496,239938120000000,239938134281750,239938149487375,15205625,29487375,14281750,239938130000000,1,1,1
1,5497,239938140000000,239938149657125,239938165551250,15894125,25551250,9657125,239938150000000,1,1,0
1,5499,239938150000000,239938165722125,239938179859375,14137250,29859375,15722125,239938160000000,1,1,1
1,5501,239938170000000,239938180067250,239938195950750,15883500,25950750,10067250,239938180000000,1,1,1
1,5502,239938190000000,239938196139375,239938211590500,15451125,21590500,6139375,239938200000000,1,1,0
1,5504,239938200000000,239938211775000,239938226943875,15168875,26943875,11775000,239938210000000,1,1,1
1,5505,239938220000000,239938227121250,239938243022875,15901625,23022875,7121250,239938230000000,1,1,0
1,5507,239938230000000,239938243203500,239938257921500,14718000,27921500,13203500,239938240000000,1,1,1
1,5508,239938250000000,239938258104125,239938273244250,15140125,23244250,8104125,239938260000000,1,1,0
1,5510,239938260000000,239938273399500,239938289334500,15935000,29334500,13399500,239938270000000,1,1,1
1,5511,239938280000000,239938289501875,239938304888500,15386625,24888500,9501875,239938290000000,1,1,0
1,5513,239938290000000,239938305048625,239938319680750,14632125,29680750,15048625,239938300000000,1,1,1
1,5514,239938310000000,239938319870125,239938333746375,13876250,23746375,9870125,239938320000000,1,1,0
1,5516,239938320000000,239938333904000,239938349061125,15157125,29061125,13904000,239938330000000,1,1,1
1,5517,239938340000000,239938349230500,239938365102250,15871750,25102250,9230500,239938350000000,1,1,0
1,5519,239938350000000,239938365274500,239938380968500,15694000,30968500,15274500,239938360000000,1,1,1
1,5521,239938370000000,239938381145250,239938396361875,15216625,26361875,11145250,239938380000000,1,1,1
1,5522,239938390000000,239938396522000,239938411096125,14574125,21096125,6522000,239938400000000,1,1,0
1,5524,239938400000000,239938411296125,239938427162000,15865875,27162000,11296125,239938410000000,1,1,1
1,5525,239938420000000,239938427351875,239938443261125,15909250,23261125,7351875,239938430000000,1,1,0
1,5527,239938430000000,239938444243250,239938460176000,15932750,30176000,14243250,239938440000000,1,1,1
1,5529,239938450000000,239938460343375,239938476224750,15881375,26224750,10343375,239938460000000,1,1,1
1,5530,239938470000000,239938476396125,239938491547000,15150875,21547000,6396125,239938480000000,1,1,0
1,5532,239938480000000,239938491727625,239938506932125,15204500,26932125,11727625,239938490000000,1,1,1
1,5533,239938500000000,239938507122125,239938523033125,15911000,23033125,7122125,239938510000000,1,1,0
1,5535,239938510000000,239938523214625,239938537826250,14611625,27826250,13214625,239938520000000,1,1,1
1,5536,239938530000000,239938537997625,239938553913625,15916000,23913625,7997625,239938540000000,1,1,0
1,5538,239938540000000,239938554058125,239938569247625,15189500,29247625,14058125,239938550000000,1,1,1
1,5539,239938560000000,239938569422250,239938585376875,15954625,25376875,9422250,239938570000000,1,1,0
1,5541,239938570000000,239938585550625,239938600709375,15158750,30709375,15550625,239938580000000,1,1,1
1,5543,239938590000000,239938600868000,239938616775125,15907125,26775125,10868000,239938600000000,1,1,1
1,5544,239938610000000,239938616930875,239938632879625,15948750,22879625,6930875,239938620000000,1,1,0
1,5546,239938620000000,239938633038250,239938647689000,14650750,27689000,13038250,239938630000000,1,1,1
1,5547,239938640000000,239938647880750,239938663562125,15681375,23562125,7880750,239938650000000,1,1,0
1,5549,239938650000000,239938663742625,239938679693375,15950750,29693375,13742625,239938660000000,1,1,1
1,5550,239938670000000,239938679874500,239938694734875,14860375,24734875,9874500,239938680000000,1,1,0
1,5552,239938680000000,239938694943250,239938710759750,15816500,30759750,14943250,239938690000000,1,1,1
1,5554,239938700000000,239938710943250,239938725645250,14702000,25645250,10943250,239938710000000,1,1,1
1,5555,239938720000000,239938725814000,239938741608625,15794625,21608625,5814000,239938730000000,1,1,0
1,5557,239938730000000,239938741779000,239938756961125,15182125,26961125,11779000,239938740000000,1,1,1
1,5558,239938750000000,239938757125625,239938772950375,15824750,22950375,7125625,239938760000000,1,1,0
1,5560,239938760000000,239938773109000,239938788290125,15181125,28290125,13109000,239938770000000,1,1,1
1,5561,239938780000000,239938788461000,239938803577125,15116125,23577125,8461000,239938790000000,1,1,0
1,5563,239938790000000,239938803770375,239938819969500,16199125,29969500,13770375,239938800000000,1,1,1
1,5565,239938810000000,239938820186250,239938836050125,15863875,26050125,10186250,239938820000000,1,1,1
1,5566,239938830000000,239938836221250,239938852068875,15847625,22068875,6221250,239938840000000,1,1,0
1,5568,239938840000000,239938852235000,239938866479750,14244750,26479750,12235000,239938850000000,1,1,1
1,5569,239938860000000,239938866662750,239938881887250,15224500,21887250,6662750,239938870000000,1,1,0
1,5571,239938870000000,239938882062375,239938897917500,15855125,27917500,12062375,239938880000000,1,1,1
1,5572,239938890000000,239938898093125,239938913149000,15055875,23149000,8093125,239938900000000,1,1,0
1,5574,239938900000000,239938913323625,239938929222125,15898500,29222125,13323625,239938910000000,1,1,1
1,5575,239938920000000,239938929395875,239938945278750,15882875,25278750,9395875,239938930000000,1,1,0
1,5577,239938930000000,239938945443125,239938961278750,15835625,31278750,15443125,239938940000000,1,1,1
1,5579,239938950000000,239938961446625,239938976634500,15187875,26634500,11446625,239938960000000,1,1,1
1,5580,239938970000000,239938976793750,239938992684875,15891125,22684875,6793750,239938980000000,1,1,0
1,5582,239938980000000,239938992851750,239939008675000,15823250,28675000,12851750,239938990000000,1,1,1
1,5583,239939000000000,239939008838625,239939024083625,15245000,24083625,8838625,239939010000000,1,1,0
1,5585,239939010000000,239939024236375,239939039544875,15308500,29544875,14236375,239939020000000,1,1,1
1,5586,239939030000000,239939039745000,239939055028625,15283625,25028625,9745000,239939040000000,1,1,0
1,5588,239939040000000,239939055898125,239939070448750,14550625,30448750,15898125,239939050000000,1,1,1
1,5590,239939060000000,239939070638250,239939086205875,15567625,26205875,10638250,239939070000000,1,1,1
1,5591,239939080000000,239939086372750,239939102274625,15901875,22274625,6372750,239939090000000,1,1,0
1,5593,239939090000000,239939102459000,239939118234250,15775250,28234250,12459000,239939100000000,1,1,1
1,5594,239939110000000,239939118412875,239939134364875,15952000,24364875,8412875,239939120000000,1,1,0
1,5596,239939120000000,239939134543625,239939149190875,14647250,29190875,14543625,239939130000000,1,1,1
1,5597,239939140000000,239939149355875,239939164509625,15153750,24509625,9355875,239939150000000,1,1,0
1,5599,239939150000000,239939164668250,239939180609750,15941500,30609750,14668250,239939160000000,1,1,1
1,5601,239939170000000,239939180776625,239939196635500,15858875,26635500,10776625,239939180000000,1,1,1
1,5602,239939190000000,239939196813625,239939212632125,15818500,22632125,6813625,239939200000000,1,1,0
1,5604,239939200000000,239939212793625,239939228062625,15269000,28062625,12793625,239939210000000,1,1,1
1,5605,239939220000000,239939228207625,239939244123625,15916000,24123625,8207625,239939230000000,1,1,0
1,5607,239939230000000,239939244282625,239939260167500,15884875,30167500,14282625,239939240000000,1,1,1
1,5609,239939250000000,239939260330000,239939275471625,15141625,25471625,10330000,239939260000000,1,1,1
1,5610,239939270000000,239939275643500,239939291585875,15942375,21585875,5643500,239939280000000,1,1,0
1,5612,239939280000000,239939291777625,239939307692250,15914625,27692250,11777625,239939290000000,1,1,1
1,5613,239939300000000,239939307895750,239939322461500,14565750,22461500,7895750,239939310000000,1,1,0
1,5615,239939310000000,239939322639625,239939338244875,15605250,28244875,12639625,239939320000000,1,1,1
1,5616,239939330000000,239939338416125,239939352866250,14450125,22866250,8416125,239939340000000,1,1,0
1,5618,239939340000000,239939353043875,239939368845250,15801375,28845250,13043875,239939350000000,1,1,1
1,5619,239939360000000,239939369005875,239939383641500,14635625,23641500,9005875,239939370000000,1,1,0
1,5621,239939370000000,239939383833625,239939399764875,15931250,29764875,13833625,239939380000000,1,1,1
1,5622,239939390000000,239939399957125,239939415843875,15886750,25843875,9957125,239939400000000,1,1,0
1,5624,239939400000000,239939416048000,239939431843375,15795375,31843375,16048000,239939410000000,1,1,1
1,5626,239939420000000,239939432081125,239939447895625,15814500,27895625,12081125,239939430000000,1,1,1
1,5627,239939440000000,239939448201625,239939463406625,15205000,23406625,8201625,239939450000000,1,1,0
1,5629,239939450000000,239939463627750,239939479444750,15817000,29444750,13627750,239939460000000,1,1,1
1,5630,239939470000000,239939479638875,239939495534625,15895750,25534625,9638875,239939480000000,1,1,0
1,5632,239939480000000,239939495727750,239939511629250,15901500,31629250,15727750,239939490000000,1,1,1
1,5634,239939500000000,239939511816125,239939527695000,15878875,27695000,11816125,239939510000000,1,1,1
1,5635,239939520000000,239939527872750,239939543710625,15837875,23710625,7872750,239939530000000,1,1,0
1,5637,239939530000000,239939543890250,239939558060250,14170000,28060250,13890250,239939540000000,1,1,1
1,5638,239939550000000,239939558241375,239939574091125,15849750,24091125,8241375,239939560000000,1,1,0
1,5640,239939560000000,239939574267125,239939590187125,15920000,30187125,14267125,239939570000000,1,1,1
1,5642,239939580000000,239939590353125,239939606221750,15868625,26221750,10353125,239939590000000,1,1,1
1,5643,239939600000000,239939606392625,239939622211125,15818500,22211125,6392625,239939610000000,1,1,0
1,5645,239939610000000,239939622381000,239939638287250,15906250,28287250,12381000,239939620000000,1,1,1
1,5646,239939630000000,239939638468250,239939654385375,15917125,24385375,8468250,239939640000000,1,1,0
1,5648,239939640000000,239939654555125,239939669060500,14505375,29060500,14555125,239939650000000,1,1,1
1,5649,239939660000000,239939669227375,239939684333750,15106375,24333750,9227375,239939670000000,1,1,0
1,5651,239939670000000,239939685310750,239939701293125,15982375,31293125,15310750,239939680000000,1,1,1
1,5653,239939690000000,239939701491750,239939715737500,14245750,25737500,11491750,239939700000000,1,1,1
1,5654,239939710000000,239939715960000,239939731401750,15441750,21401750,5960000,239939720000000,1,1,0
1,5656,239939720000000,239939731587250,239939746090500,14503250,26090500,11587250,239939730000000,1,1,1
1,5657,239939740000000,239939746260500,239939761450750,15190250,21450750,6260500,239939750000000,1,1,0
1,5659,239939750000000,239939761617125,239939776924250,15307125,26924250,11617125,239939760000000,1,1,1
1,5660,239939770000000,239939777100875,239939793006625,15905750,23006625,7100875,239939780000000,1,1,0
1,5662,239939780000000,239939793180375,239939809198875,16018500,29198875,13180375,239939790000000,1,1,1
1,5663,239939800000000,239939809384250,239939825253125,15868875,25253125,9384250,239939810000000,1,1,0
1,5665,239939810000000,239939825425500,239939839949125,14523625,29949125,15425500,239939820000000,1,1,1
1,5667,239939830000000,239939840140500,239939856037125,15896625,26037125,10140500,239939840000000,1,1,1
1,5668,239939850000000,239939856198375,239939872060875,15862500,22060875,6198375,239939860000000,1,1,0
1,5670,239939860000000,239939872227875,239939888094125,15866250,28094125,12227875,239939870000000,1,1,1
1,5671,239939880000000,239939888254750,239939904151750,15897000,24151750,8254750,239939890000000,1,1,0
1,5673,239939890000000,239939904320500,239939919024000,14703500,29024000,14320500,239939900000000,1,1,1
1,5674,239939910000000,239939919177750,239939934006125,14828375,24006125,9177750,239939920000000,1,1,0
1,5676,239939920000000,239939934167625,239939950083125,15915500,30083125,14167625,239939930000000,1,1,1
1,5678,239939940000000,239939950256875,239939966103750,15846875,26103750,10256875,239939950000000,1,1,1
1,5679,239939960000000,239939966272500,239939982098750,15826250,22098750,6272500,239939970000000,1,1,0
1,5681,239939970000000,239939982280250,239939998156875,15876625,28156875,12280250,239939980000000,1,1,1
1,5682,239939990000000,239939998338875,239940014232500,15893625,24232500,8338875,239940000000000,1,1,0
1,5684,239940000000000,239940014434000,239940030299250,15865250,30299250,14434000,239940010000000,1,1,1
1,5686,239940020000000,239940030480750,239940044920750,14440000,24920750,10480750,239940030000000,1,1,1
1,5687,239940040000000,239940045091500,239940060961250,15869750,20961250,5091500,239940050000000,1,1,0
1,5689,239940050000000,239940061125250,239940077294500,16169250,27294500,11125250,239940060000000,1,1,1
1,5690,239940070000000,239940077522375,239940093460500,15938125,23460500,7522375,239940080000000,1,1,0
1,5692,239940080000000,239940093648375,239940108922250,15273875,28922250,13648375,239940090000000,1,1,1
1,5693,239940100000000,239940109094500,239940124275125,15180625,24275125,9094500,239940110000000,1,1,0
1,5695,239940110000000,239940124448000,239940139010250,14562250,29010250,14448000,239940120000000,1,1,1
1,5696,239940130000000,239940139205625,239940155002000,15796375,25002000,9205625,239940140000000,1,1,0
1,5698,239940140000000,239940155176125,239940170976125,15800000,30976125,15176125,239940150000000,1,1,1
1,5700,239940160000000,239940171158125,239940187057125,15899000,27057125,11158125,239940170000000,1,1,1
1,5701,239940180000000,239940187235750,239940201791750,14556000,21791750,7235750,239940190000000,1,1,0
1,5703,239940190000000,239940202079750,239940217828000,15748250,27828000,12079750,239940200000000,1,1,1
1,5704,239940210000000,239940218031375,239940232621625,14590250,22621625,8031375,239940220000000,1,1,0
1,5706,239940220000000,239940232792375,239940248615250,15822875,28615250,12792375,239940230000000,1,1,1
1,5707,239940240000000,239940248930625,239940263589375,14658750,23589375,8930625,239940250000000,1,1,0
1,5709,239940250000000,239940263807000,239940279703125,15896125,29703125,13807000,239940260000000,1,1,1
1,5710,239940270000000,239940279902375,239940295765625,15863250,25765625,9902375,239940280000000,1,1,0
1,5712,239940280000000,239940296689500,239940312547375,15857875,32547375,16689500,239940290000000,1,1,1
1,5714,239940300000000,239940312731250,239940327391875,14660625,27391875,12731250,239940310000000,1,1,1
1,5715,239940320000000,239940327587125,239940343083000,15495875,23083000,7587125,239940330000000,1,1,0
1,5717,239940330000000,239940343281500,239940358540750,15259250,28540750,13281500,239940340000000,1,1,1
1,5718,239940350000000,239940358698875,239940374530500,15831625,24530500,8698875,239940360000000,1,1,0
1,5720,239940360000000,239940374708125,239940390624125,15916000,30624125,14708125,239940370000000,1,1,1
1,5722,239940380000000,239940390808750,239940406021500,15212750,26021500,10808750,239940390000000,1,1,1
1,5723,239940400000000,239940406195625,239940421345750,15150125,21345750,6195625,239940410000000,1,1,0
1,5725,239940410000000,239940421501375,239940437385125,15883750,27385125,11501375,239940420000000,1,1,1
1,5726,239940430000000,239940437554500,239940452729375,15174875,22729375,7554500,239940440000000,1,1,0
1,5728,239940440000000,239940452900625,239940468133000,15232375,28133000,12900625,239940450000000,1,1,1
1,5729,239940460000000,239940468293000,239940484225750,15932750,24225750,8293000,239940470000000,1,1,0
1,5731,239940470000000,239940484391750,239940500252625,15860875,30252625,14391750,239940480000000,1,1,1
1,5733,239940490000000,239940500421500,239940515604500,15183000,25604500,10421500,239940500000000,1,1,1
1,5734,239940510000000,239940516456125,239940531604500,15148375,21604500,6456125,239940520000000,1,1,0
1,5736,239940520000000,239940531788875,239940547661125,15872250,27661125,11788875,239940530000000,1,1,1
1,5737,239940540000000,239940547808000,239940562527500,14719500,22527500,7808000,239940550000000,1,1,0
1,5739,239940550000000,239940562697875,239940578475750,15777875,28475750,12697875,239940560000000,1,1,1
1,5740,239940570000000,239940578646500,239940594523125,15876625,24523125,8646500,239940580000000,1,1,0
1,5742,239940580000000,239940594685625,239940610553000,15867375,30553000,14685625,239940590000000,1,1,1
1,5744,239940600000000,239940610738250,239940625684750,14946500,25684750,10738250,239940610000000,1,1,1
1,5745,239940620000000,239940625845000,239940641666250,15821250,21666250,5845000,239940630000000,1,1,0
1,5747,239940630000000,239940641802875,239940657728750,15925875,27728750,11802875,239940640000000,1,1,1
1,5748,239940650000000,239940657914625,239940673751125,15836500,23751125,7914625,239940660000000,1,1,0
1,5750,239940660000000,239940673912125,239940689159250,15247125,29159250,13912125,239940670000000,1,1,1
1,5751,239940680000000,239940689330000,239940704967000,15637000,24967000,9330000,239940690000000,1,1,0
1,5753,239940690000000,239940705107500,239940720280875,15173375,30280875,15107500,239940700000000,1,1,1
1,5755,239940710000000,239940720441875,239940736435000,15993125,26435000,10441875,239940720000000,1,1,1
1,5756,239940730000000,239940736611625,239940751394125,14782500,21394125,6611625,239940740000000,1,1,0
1,5758,239940740000000,239940751549750,239940766130750,14581000,26130750,11549750,239940750000000,1,1,1
1,5759,239940760000000,239940766300125,239940782079500,15779375,22079500,6300125,239940770000000,1,1,0
1,5761,239940770000000,239940782242125,239940798093625,15851500,28093625,12242125,239940780000000,1,1,1
1,5762,239940790000000,239940798273750,239940813465125,15191375,23465125,8273750,239940800000000,1,1,0
1,5764,239940800000000,239940813630500,239940829804750,16174250,29804750,13630500,239940810000000,1,1,1
1,5766,239940820000000,239940830014750,239940845654000,15639250,25654000,10014750,239940830000000,1,1,1
1,5767,239940840000000,239940845852625,239940861716875,15864250,21716875,5852625,239940850000000,1,1,0
1,5769,239940850000000,239940861888250,239940876916625,15028375,26916625,11888250,239940860000000,1,1,1
1,5770,239940870000000,239940877087000,239940892465750,15378750,22465750,7087000,239940880000000,1,1,0
1,5772,239940880000000,239940892631625,239940907170625,14539000,27170625,12631625,239940890000000,1,1,1
1,5773,239940900000000,239940907342875,239940923245750,15902875,23245750,7342875,239940910000000,1,1,0
1,5775,239940910000000,239940924219250,239940940110500,15891250,30110500,14219250,239940920000000,1,1,1
1,5777,239940930000000,239940940292000,239940956179750,15887750,26179750,10292000,239940940000000,1,1,1
1,5778,239940950000000,239940956357500,239940972126500,15769000,22126500,6357500,239940960000000,1,1,0
1,5780,239940960000000,239940972332000,239940987733250,15401250,27733250,12332000,239940970000000,1,1,1
1,5781,239940980000000,239940987946875,239941003126750,15179875,23126750,7946875,239940990000000,1,1,0
1,5783,239940990000000,239941004032875,239941019236875,15204000,29236875,14032875,239941000000000,1,1,1
1,5784,239941010000000,239941019431625,239941035295000,15863375,25295000,9431625,239941020000000,1,1,0
1,5786,239941020000000,239941035482375,239941050780125,15297750,30780125,15482375,239941030000000,1,1,1
1,5788,239941040000000,239941050967500,239941066895375,15927875,26895375,10967500,239941050000000,1,1,1
1,5789,239941060000000,239941067077375,239941082505000,15427625,22505000,7077375,239941070000000,1,1,0
1,5791,239941070000000,239941082677250,239941097971625,15294375,27971625,12677250,239941080000000,1,1,1
1,5792,239941090000000,239941098140375,239941113352875,15212500,23352875,8140375,239941100000000,1,1,0
1,5794,239941100000000,239941113525125,239941128697500,15172375,28697500,13525125,239941110000000,1,1,1
1,5795,239941120000000,239941128868375,239941144727250,15858875,24727250,8868375,239941130000000,1,1,0
1,5797,239941130000000,239941144896500,239941160692500,15796000,30692500,14896500,239941140000000,1,1,1
1,5799,239941150000000,239941160862875,239941176587625,15724750,26587625,10862875,239941160000000,1,1,1
1,5800,239941170000000,239941176737000,239941191899125,15162125,21899125,6737000,239941180000000,1,1,0
1,5802,239941180000000,239941192189000,239941207361875,15172875,27361875,12189000,239941190000000,1,1,1
1,5803,239941200000000,239941207571750,239941222968625,15396875,22968625,7571750,239941210000000,1,1,0
1,5805,239941210000000,239941223170625,239941239017875,15847250,29017875,13170625,239941220000000,1,1,1
1,5806,239941230000000,239941239202750,239941255139750,15937000,25139750,9202750,239941240000000,1,1,0
1,5808,239941240000000,239941255352500,239941271197875,15845375,31197875,15352500,239941250000000,1,1,1
1,5810,239941260000000,239941271376875,239941287245750,15868875,27245750,11376875,239941270000000,1,1,1
1,5811,239941280000000,239941287422250,239941302586375,15164125,22586375,7422250,239941290000000,1,1,0
1,5813,239941290000000,239941302773250,239941317947125,15173875,27947125,12773250,239941300000000,1,1,1
1,5814,239941310000000,239941318100875,239941334002750,15901875,24002750,8100875,239941320000000,1,1,0
1,5816,239941320000000,239941334177875,239941350063250,15885375,30063250,14177875,239941330000000,1,1,1
1,5818,239941340000000,239941350240875,239941364838375,14597500,24838375,10240875,239941350000000,1,1,1
1,5819,239941360000000,239941365007875,239941379837125,14829250,19837125,5007875,239941370000000,1,1,0
1,5821,239941370000000,239941380027375,239941395121750,15094375,25121750,10027375,239941380000000,1,1,1
1,5822,239941390000000,239941395310625,239941411134375,15823750,21134375,5310625,239941400000000,1,1,0
1,5824,239941400000000,239941411310625,239941426551750,15241125,26551750,11310625,239941410000000,1,1,1
1,5825,239941420000000,239941426730250,239941441938750,15208500,21938750,6730250,239941430000000,1,1,0
1,5827,239941430000000,239941442105875,239941457777250,15671375,27777250,12105875,239941440000000,1,1,1
1,5828,239941450000000,239941457947625,239941473740250,15792625,23740250,7947625,239941460000000,1,1,0
1,5830,239941460000000,239941473898750,239941489118000,15219250,29118000,13898750,239941470000000,1,1,1
1,5831,239941480000000,239941489292750,239941505237500,15944750,25237500,9292750,239941490000000,1,1,0
1,5833,239941490000000,239941505411250,239941521236500,15825250,31236500,15411250,239941500000000,1,1,1
1,5835,239941510000000,239941521412250,239941537315125,15902875,27315125,11412250,239941520000000,1,1,1
1,5836,239941530000000,239941538246125,239941554222750,15976625,24222750,8246125,239941540000000,1,1,0
1,5838,239941540000000,239941554426750,239941570226125,15799375,30226125,14426750,239941550000000,1,1,1
1,5840,239941560000000,239941570360125,239941585985625,15625500,25985625,10360125,239941570000000,1,1,1
1,5841,239941580000000,239941586130000,239941601394250,15264250,21394250,6130000,239941590000000,1,1,0
1,5843,239941590000000,239941601569875,239941616568500,14998625,26568500,11569875,239941600000000,1,1,1
1,5844,239941610000000,239941616741250,239941631332375,14591125,21332375,6741250,239941620000000,1,1,0
1,5846,239941620000000,239941631504250,239941646122750,14618500,26122750,11504250,239941630000000,1,1,1
1,5847,239941640000000,239941646286750,239941662154875,15868125,22154875,6286750,239941650000000,1,1,0
1,5849,239941650000000,239941662283625,239941676735875,14452250,26735875,12283625,239941660000000,1,1,1
1,5850,239941670000000,239941676894500,239941692700250,15805750,22700250,6894500,239941680000000,1,1,0
1,5852,239941680000000,239941692864125,239941708260625,15396500,28260625,12864125,239941690000000,1,1,1
1,5853,239941700000000,239941708426500,239941724106750,15680250,24106750,8426500,239941710000000,1,1,0
1,5855,239941710000000,239941724223500,239941740099125,15875625,30099125,14223500,239941720000000,1,1,1
1,5857,239941730000000,239941740269875,239941756258625,15988750,26258625,10269875,239941740000000,1,1,1
1,5858,239941750000000,239941756424000,239941771105875,14681875,21105875,6424000,239941760000000,1,1,0
1,5860,239941760000000,239941771293875,239941787183625,15889750,27183625,11293875,239941770000000,1,1,1
1,5861,239941780000000,239941787367000,239941803160625,15793625,23160625,7367000,239941790000000,1,1,0
1,5863,239941790000000,239941803343250,239941818676125,15332875,28676125,13343250,239941800000000,1,1,1
1,5864,239941810000000,239941818850500,239941834972250,16121750,24972250,8850500,239941820000000,1,1,0
1,5866,239941820000000,239941835177625,239941851075750,15898125,31075750,15177625,239941830000000,1,1,1
1,5868,239941840000000,239941851253875,239941866468125,15214250,26468125,11253875,239941850000000,1,1,1
1,5869,239941860000000,239941866653250,239941881099000,14445750,21099000,6653250,239941870000000,1,1,0
1,5871,239941870000000,239941881282375,239941896978375,15696000,26978375,11282375,239941880000000,1,1,1
1,5872,239941890000000,239941897150625,239941911411875,14261250,21411875,7150625,239941900000000,1,1,0
1,5874,239941900000000,239941911598250,239941927405500,15807250,27405500,11598250,239941910000000,1,1,1
1,5875,239941920000000,239941927576875,239941941732750,14155875,21732750,7576875,239941930000000,1,1,0
1,5877,239941930000000,239941941874250,239941956926625,15052375,26926625,11874250,239941940000000,1,1,1
1,5878,239941950000000,239941957089000,239941972962750,15873750,22962750,7089000,239941960000000,1,1,0
1,5880,239941960000000,239941973148125,239941989012375,15864250,29012375,13148125,239941970000000,1,1,1
1,5881,239941980000000,239941989175125,239942003895000,14719875,23895000,9175125,239941990000000,1,1,0
1,5883,239941990000000,239942004090250,239942019042000,14951750,29042000,14090250,239942000000000,1,1,1
1,5884,239942010000000,239942019245500,239942034430625,15185125,24430625,9245500,239942020000000,1,1,0
1,5886,239942020000000,239942035301625,239942050557875,15256250,30557875,15301625,239942030000000,1,1,1
1,5888,239942040000000,239942050727375,239942068865125,18137750,28865125,10727375,239942050000000,1,1,1
1,5889,239942060000000,239942068976375,239942084801125,15824750,24801125,8976375,239942070000000,1,1,0
1,5891,239942070000000,239942084928500,239942100750375,15821875,30750375,14928500,239942080000000,1,1,1
1,5893,239942090000000,239942100875000,239942116876875,16001875,26876875,10875000,239942100000000,1,1,1
1,5894,239942110000000,239942117012000,239942133128500,16116500,23128500,7012000,239942120000000,1,1,0
1,5896,239942120000000,239942133274375,239942147261000,13986625,27261000,13274375,239942130000000,1,1,1
1,5897,239942140000000,239942147365125,239942153171125,5806000,13171125,7365125,239942150000000,1,1,0
1,5898,239942150000000,239942153416000,239942159372625,5956625,9372625,3416000,239942160000000,0,0,0
1,5899,239942160000000,239942160075375,239942166086875,6011500,6086875,75375,239942170000000,0,0,0
1,5900,239942170000000,239942170079250,239942176090750,6011500,6090750,79250,239942180000000,0,0,0
1,5901,239942180000000,239942180062625,239942186024000,5961375,6024000,62625,239942190000000,0,0,0
1,5902,239942190000000,239942190072500,239942196062875,5990375,6062875,72500,239942200000000,0,0,0
1,5903,239942200000000,239942200062750,239942205992375,5929625,5992375,62750,239942210000000,0,0,0
1,5904,239942210000000,239942210063125,239942216103250,6040125,6103250,63125,239942220000000,0,0,0
1,5905,239942220000000,239942220064625,239942225334500,5269875,5334500,64625,239942230000000,0,0,0
1,5906,239942230000000,239942230092250,239942235784875,5692625,5784875,92250,239942240000000,0,0,0
1,5907,239942240000000,239942240102625,239942245742375,5639750,5742375,102625,239942250000000,0,0,0
1,5908,239942250000000,239942250084625,239942255876000,5791375,5876000,84625,239942260000000,0,0,0
1,5909,239942260000000,239942260101000,239942265494875,5393875,5494875,101000,239942270000000,0,0,0
1,5910,239942270000000,239942270094625,239942275762000,5667375,5762000,94625,239942280000000,0,0,0
1,5911,239942280000000,239942280070875,239942285620750,5549875,5620750,70875,239942290000000,0,0,0
1,5912,239942290000000,239942290096625,239942295572000,5475375,5572000,96625,239942300000000,0,0,0
1,5913,239942300000000,239942300091500,239942305462250,5370750,5462250,91500,239942310000000,0,0,0
1,5914,239942310000000,239942310092625,239942315804500,5711875,5804500,92625,239942320000000,0,0,0
1,5915,239942320000000,239942320092125,239942325632125,5540000,5632125,92125,239942330000000,0,0,0
1,5916,239942330000000,239942330102000,239942335778250,5676250,5778250,102000,239942340000000,0,0,0
1,5917,239942340000000,239942340079750,239942345667375,5587625,5667375,79750,239942350000000,0,0,0
1,5918,239942350000000,239942350099875,239942355728250,5628375,5728250,99875,239942360000000,0,0,0
1,5919,239942360000000,239942360121250,239942365654875,5533625,5654875,121250,239942370000000,0,0,0
1,5920,239942370000000,239942370101875,239942375616000,5514125,5616000,101875,239942380000000,0,0,0
1,5921,239942380000000,239942380102500,239942385583125,5480625,5583125,102500,239942390000000,0,0,0
1,5922,239942390000000,239942390092250,239942395673875,5581625,5673875,92250,239942400000000,0,0,0
1,5923,239942400000000,239942400065125,239942405735375,5670250,5735375,65125,239942410000000,0,0,0
1,5924,239942410000000,239942410081875,239942415734750,5652875,5734750,81875,239942420000000,0,0,0
1,5925,239942420000000,239942420066625,239942425674125,5607500,5674125,66625,239942430000000,0,0,0
1,5926,239942430000000,239942430102875,239942435715250,5612375,5715250,102875,239942440000000,0,0,0
1,5927,239942440000000,239942440106250,239942445502250,5396000,5502250,106250,239942450000000,0,0,0
1,5928,239942450000000,239942450099125,239942455600750,5501625,5600750,99125,239942460000000,0,0,0
1,5929,239942460000000,239942460068500,239942465668125,5599625,5668125,68500,239942470000000,0,0,0
1,5930,239942470000000,239942470096000,239942475719000,5623000,5719000,96000,239942480000000,0,0,0
1,5931,239942480000000,239942480104125,239942485497375,5393250,5497375,104125,239942490000000,0,0,0
1,5932,239942490000000,239942490130250,239942495868625,5738375,5868625,130250,239942500000000,0,0,0
1,5933,239942500000000,239942500111875,239942505661375,5549500,5661375,111875,239942510000000,0,0,0
1,5934,239942510000000,239942510097500,239942515897375,5799875,5897375,97500,239942520000000,0,0,0
1,5935,239942520000000,239942520076625,239942525691375,5614750,5691375,76625,239942530000000,0,0,0
1,5936,239942530000000,239942530096250,239942535891500,5795250,5891500,96250,239942540000000,0,0,0
1,5937,239942540000000,239942540102625,239942545724125,5621500,5724125,102625,239942550000000,0,0,0
1,5938,239942550000000,239942550101375,239942555723000,5621625,5723000,101375,239942560000000,0,0,0
1,5939,239942560000000,239942560088000,239942565564000,5476000,5564000,88000,239942570000000,0,0,0
1,5940,239942570000000,239942570085125,239942575985000,5899875,5985000,85125,239942580000000,0,0,0
1,5941,239942580000000,239942580066125,239942586153000,6086875,6153000,66125,239942590000000,0,0,0
1,5942,239942590000000,239942590072625,239942595877750,5805125,5877750,72625,239942600000000,0,0,0
1,5943,239942600000000,239942600088875,239942605705625,5616750,5705625,88875,239942610000000,0,0,0
1,5944,239942610000000,239942610083375,239942615869750,5786375,5869750,83375,239942620000000,0,0,0
1,5945,239942620000000,239942620099375,239942625986000,5886625,5986000,99375,239942630000000,0,0,0
1,5946,239942630000000,239942630087500,239942635726625,5639125,5726625,87500,239942640000000,0,0,0
1,5947,239942640000000,239942640076875,239942645485125,5408250,5485125,76875,239942650000000,0,0,0
1,5948,239942650000000,239942650080500,239942655654750,5574250,5654750,80500,239942660000000,0,0,0
1,5949,239942660000000,239942660090500,239942665534500,5444000,5534500,90500,239942670000000,0,0,0
1,5950,239942670000000,239942670084625,239942675764500,5679875,5764500,84625,239942680000000,0,0,0
1,5951,239942680000000,239942680088750,239942685332500,5243750,5332500,88750,239942690000000,0,0,0
1,5952,239942690000000,239942690072375,239942695743375,5671000,5743375,72375,239942700000000,0,0,0
1,5953,239942700000000,239942700090625,239942705556750,5466125,5556750,90625,239942710000000,0,0,0
1,5954,239942710000000,239942710085250,239942715815375,5730125,5815375,85250,239942720000000,0,0,0
1,5955,239942720000000,239942720090500,239942725602875,5512375,5602875,90500,239942730000000,0,0,0
1,5956,239942730000000,239942730084250,239942735760375,5676125,5760375,84250,239942740000000,0,0,0
1,5957,239942740000000,239942740090375,239942745554500,5464125,5554500,90375,239942750000000,0,0,0
1,5958,239942750000000,239942750062750,239942755809625,5746875,5809625,62750,239942760000000,0,0,0
1,5959,239942760000000,239942760090500,239942765480500,5390000,5480500,90500,239942770000000,0,0,0
1,5960,239942770000000,239942770101875,239942775691000,5589125,5691000,101875,239942780000000,0,0,0
1,5961,239942780000000,239942780088875,239942785473375,5384500,5473375,88875,239942790000000,0,0,0
1,5962,239942790000000,239942790100125,239942796068125,5968000,6068125,100125,239942800000000,0,0,0
1,5963,239942800000000,239942800062375,239942806027000,5964625,6027000,62375,239942810000000,0,0,0
1,5964,239942810000000,239942810062625,239942815617500,5554875,5617500,62625,239942820000000,0,0,0
1,5965,239942820000000,239942820069750,239942825635375,5565625,5635375,69750,239942830000000,0,0,0
1,5966,239942830000000,239942830083125,239942835396375,5313250,5396375,83125,239942840000000,0,0,0
1,5967,239942840000000,239942840086125,239942845918125,5832000,5918125,86125,239942850000000,0,0,0
1,5968,239942850000000,239942850065250,239942856118625,6053375,6118625,65250,239942860000000,0,0,0
1,5969,239942860000000,239942860063500,239942866000000,5936500,6000000,63500,239942870000000,0,0,0
1,5970,239942870000000,239942870084875,239942875840625,5755750,5840625,84875,239942880000000,0,0,0
1,5971,239942880000000,239942880077750,239942885756125,5678375,5756125,77750,239942890000000,0,0,0
1,5972,239942890000000,239942890085250,239942895594875,5509625,5594875,85250,239942900000000,0,0,0
1,5973,239942900000000,239942900105875,239942905846375,5740500,5846375,105875,239942910000000,0,0,0
1,5974,239942910000000,239942910089125,239942915827625,5738500,5827625,89125,239942920000000,0,0,0
1,5975,239942920000000,239942920107875,239942925650250,5542375,5650250,107875,239942930000000,0,0,0
1,5976,239942930000000,239942930086875,239942935730625,5643750,5730625,86875,239942940000000,0,0,0
1,5977,239942940000000,239942940080000,239942945554375,5474375,5554375,80000,239942950000000,0,0,0
1,5978,239942950000000,239942950084875,239942955748250,5663375,5748250,84875,239942960000000,0,0,0
1,5979,239942960000000,239942960090750,239942965651375,5560625,5651375,90750,239942970000000,0,0,0
1,5980,239942970000000,239942970079625,239942975739000,5659375,5739000,79625,239942980000000,0,0,0
1,5981,239942980000000,239942980084000,239942985360375,5276375,5360375,84000,239942990000000,0,0,0
1,5982,239942990000000,239942990085750,239942995223625,5137875,5223625,85750,239943000000000,0,0,0
1,5983,239943000000000,239943000107500,239943005535000,5427500,5535000,107500,239943010000000,0,0,0
1,5984,239943010000000,239943010099375,239943015926125,5826750,5926125,99375,239943020000000,0,0,0
1,5985,239943020000000,239943020106875,239943025434625,5327750,5434625,106875,239943030000000,0,0,0
1,5986,239943030000000,239943030077875,239943036079625,6001750,6079625,77875,239943040000000,0,0,0
1,5987,239943040000000,239943040062750,239943046160750,6098000,6160750,62750,239943050000000,0,0,0
1,5988,239943050000000,239943050065625,239943056101750,6036125,6101750,65625,239943060000000,0,0,0
1,5989,239943060000000,239943060063500,239943066039250,5975750,6039250,63500,239943070000000,0,0,0
1,5990,239943070000000,239943070067125,239943076258625,6191500,6258625,67125,239943080000000,0,0,0
1,5991,239943080000000,239943080071750,239943085504500,5432750,5504500,71750,239943090000000,0,0,0
1,5992,239943090000000,239943090097875,239943095906625,5808750,5906625,97875,239943100000000,0,0,0
1,5993,239943100000000,239943100070000,239943105691750,5621750,5691750,70000,239943110000000,0,0,0
1,5994,239943110000000,239943110105750,239943115996250,5890500,5996250,105750,239943120000000,0,0,0
1,5995,239943120000000,239943120072500,239943125650875,5578375,5650875,72500,239943130000000,0,0,0
1,5996,239943130000000,239943130083250,239943135945500,5862250,5945500,83250,239943140000000,0,0,0
1,5997,239943140000000,239943140105125,239943145683875,5578750,5683875,105125,239943150000000,0,0,0
1,5998,239943150000000,239943150103875,239943155962625,5858750,5962625,103875,239943160000000,0,0,0
1,5999,239943160000000,239943160107000,239943165879375,5772375,5879375,107000,239943170000000,0,0,0
