run_id,job_id,planned_release_ns,actual_start_ns,finish_ns,execution_time_ns,response_time_ns,release_jitter_ns,deadline_ns,deadline_miss,overrun,skipped_release
1,0,240887320000000,240887320030625,240887335909125,15878500,15909125,30625,240887330000000,1,0,0
1,1,240887330000000,240887336379125,240887351723250,15344125,21723250,6379125,240887340000000,1,1,0
1,3,240887340000000,240887351956000,240887367912000,15956000,27912000,11956000,240887350000000,1,1,1
1,4,240887360000000,240887368106875,240887383963250,15856375,23963250,8106875,240887370000000,1,1,0
1,6,240887370000000,240887384223375,240887398456375,14233000,28456375,14223375,240887380000000,1,1,1
1,7,240887390000000,240887398748750,240887414720750,15972000,24720750,8748750,240887400000000,1,1,0
1,9,240887400000000,240887414922625,240887430877000,15954375,30877000,14922625,240887410000000,1,1,1
1,11,240887420000000,240887431066250,240887446278125,15211875,26278125,11066250,240887430000000,1,1,1
1,12,240887440000000,240887446418000,240887462358500,15940500,22358500,6418000,240887450000000,1,1,0
1,14,240887450000000,240887462502250,240887478108875,15606625,28108875,12502250,240887460000000,1,1,1
1,15,240887470000000,240887478301250,240887493054875,14753625,23054875,8301250,240887480000000,1,1,0
1,17,240887480000000,240887493216000,240887508367750,15151750,28367750,13216000,240887490000000,1,1,1
1,18,240887500000000,240887508515750,240887523383125,14867375,23383125,8515750,240887510000000,1,1,0
1,20,240887510000000,240887523629375,240887537920000,14290625,27920000,13629375,240887520000000,1,1,1
1,21,240887530000000,240887538123000,240887553898000,15775000,23898000,8123000,240887540000000,1,1,0
1,23,240887540000000,240887554076125,240887569276375,15200250,29276375,14076125,240887550000000,1,1,1
1,24,240887560000000,240887569442875,240887584160875,14718000,24160875,9442875,240887570000000,1,1,0
1,26,240887570000000,240887584276500,240887600172500,15896000,30172500,14276500,240887580000000,1,1,1
1,28,240887590000000,240887600293625,240887615003750,14710125,25003750,10293625,240887600000000,1,1,1
1,29,240887610000000,240887615178125,240887631090250,15912125,21090250,5178125,240887620000000,1,1,0
1,31,240887620000000,240887631261000,240887647156500,15895500,27156500,11261000,240887630000000,1,1,1
1,32,240887640000000,240887647338125,240887663218500,15880375,23218500,7338125,240887650000000,1,1,0
1,34,240887650000000,240887663411250,240887679315625,15904375,29315625,13411250,240887660000000,1,1,1
1,35,240887670000000,240887679494750,240887695364000,15869250,25364000,9494750,240887680000000,1,1,0
1,37,240887680000000,240887695555250,240887711552375,15997125,31552375,15555250,240887690000000,1,1,1
1,39,240887700000000,240887711727125,240887726926625,15199500,26926625,11727125,240887710000000,1,1,1
1,40,240887720000000,240887727115125,240887741683750,14568625,21683750,7115125,240887730000000,1,1,0
1,42,240887730000000,240887741846250,240887757548250,15702000,27548250,11846250,240887740000000,1,1,1
1,43,240887750000000,240887757705375,240887772986000,15280625,22986000,7705375,240887760000000,1,1,0
1,45,240887760000000,240887773172250,240887788645375,15473125,28645375,13172250,240887770000000,1,1,1
1,46,240887780000000,240887788829375,240887804719000,15889625,24719000,8829375,240887790000000,1,1,0
1,48,240887790000000,240887804884000,240887819515625,14631625,29515625,14884000,240887800000000,1,1,1
1,49,240887810000000,240887819761625,240887835171625,15410000,25171625,9761625,240887820000000,1,1,0
1,51,240887820000000,240887835385375,240887851272250,15886875,31272250,15385375,240887830000000,1,1,1
1,53,240887840000000,240887851472250,240887867400375,15928125,27400375,11472250,240887850000000,1,1,1
1,54,240887860000000,240887867573375,240887882167875,14594500,22167875,7573375,240887870000000,1,1,0
1,56,240887870000000,240887882286500,240887897487000,15200500,27487000,12286500,240887880000000,1,1,1
1,57,240887890000000,240887897624750,240887913349500,15724750,23349500,7624750,240887900000000,1,1,0
1,59,240887900000000,240887913600000,240887929520125,15920125,29520125,13600000,240887910000000,1,1,1
1,61,240887920000000,240887930533875,240887945398750,14864875,25398750,10533875,240887930000000,1,1,1
1,62,240887940000000,240887945724750,240887961357250,15632500,21357250,5724750,240887950000000,1,1,0
1,64,240887950000000,240887961542750,240887976714500,15171750,26714500,11542750,240887960000000,1,1,1
1,65,240887970000000,240887976879750,240887992753125,15873375,22753125,6879750,240887980000000,1,1,0
1,67,240887980000000,240887992923875,240888007594625,14670750,27594625,12923875,240887990000000,1,1,1
1,68,240888000000000,240888007716250,240888022858750,15142500,22858750,7716250,240888010000000,1,1,0
1,70,240888010000000,240888022990625,240888038895000,15904375,28895000,12990625,240888020000000,1,1,1
1,71,240888030000000,240888039109750,240888054051125,14941375,24051125,9109750,240888040000000,1,1,0
1,73,240888040000000,240888054221125,240888070085875,15864750,30085875,14221125,240888050000000,1,1,1
1,75,240888060000000,240888070256125,240888086203500,15947375,26203500,10256125,240888070000000,1,1,1
1,76,240888080000000,240888086375125,240888101661250,15286125,21661250,6375125,240888090000000,1,1,0
1,78,240888090000000,240888101841500,240888115877750,14036250,25877750,11841500,240888100000000,1,1,1
1,79,240888110000000,240888116125250,240888131989375,15864125,21989375,6125250,240888120000000,1,1,0
1,81,240888120000000,240888132288500,240888147617250,15328750,27617250,12288500,240888130000000,1,1,1
1,82,240888140000000,240888147804750,240888162869875,15065125,22869875,7804750,240888150000000,1,1,0
1,84,240888150000000,240888163056375,240888177467000,14410625,27467000,13056375,240888160000000,1,1,1
1,85,240888170000000,240888177625625,240888192379750,14754125,22379750,7625625,240888180000000,1,1,0
1,87,240888180000000,240888192539500,240888207277500,14738000,27277500,12539500,240888190000000,1,1,1
1,88,240888200000000,240888207479000,240888223442875,15963875,23442875,7479000,240888210000000,1,1,0
1,90,240888210000000,240888223632625,240888239631250,15998625,29631250,13632625,240888220000000,1,1,1
1,91,240888230000000,240888239822125,240888255760750,15938625,25760750,9822125,240888240000000,1,1,0
1,93,240888240000000,240888255938625,240888270077000,14138375,30077000,15938625,240888250000000,1,1,1
1,95,240888260000000,240888270251750,240888285856375,15604625,25856375,10251750,240888270000000,1,1,1
1,96,240888280000000,240888286019500,240888302062750,16043250,22062750,6019500,240888290000000,1,1,0
1,98,240888290000000,240888302255125,240888317884750,15629625,27884750,12255125,240888300000000,1,1,1
1,99,240888310000000,240888318058875,240888333760375,15701500,23760375,8058875,240888320000000,1,1,0
1,101,240888320000000,240888333925250,240888348492000,14566750,28492000,13925250,240888330000000,1,1,1
1,102,240888340000000,240888348657375,240888363330625,14673250,23330625,8657375,240888350000000,1,1,0
1,104,240888350000000,240888363524250,240888378161375,14637125,28161375,13524250,240888360000000,1,1,1
1,105,240888370000000,240888378337500,240888394280875,15943375,24280875,8337500,240888380000000,1,1,0
1,107,240888380000000,240888394444875,240888409712500,15267625,29712500,14444875,240888390000000,1,1,1
1,108,240888400000000,240888409937375,240888425858250,15920875,25858250,9937375,240888410000000,1,1,0
1,110,240888410000000,240888426044750,240888439932875,13888125,29932875,16044750,240888420000000,1,1,1
1,112,240888430000000,240888440205000,240888454847000,14642000,24847000,10205000,240888440000000,1,1,1
1,113,240888450000000,240888455056250,240888470005750,14949500,20005750,5056250,240888460000000,1,1,0
1,115,240888460000000,240888470293125,240888486292750,15999625,26292750,10293125,240888470000000,1,1,1
1,116,240888480000000,240888486480500,240888502418500,15938000,22418500,6480500,240888490000000,1,1,0
1,118,240888490000000,240888502553375,240888518518125,15964750,28518125,12553375,240888500000000,1,1,1
1,119,240888510000000,240888518680000,240888533942250,15262250,23942250,8680000,240888520000000,1,1,0
1,121,240888520000000,240888534103625,240888550116875,16013250,30116875,14103625,240888530000000,1,1,1
1,123,240888540000000,240888550295000,240888565916875,15621875,25916875,10295000,240888550000000,1,1,1
1,124,240888560000000,240888566945125,240888582880625,15935500,22880625,6945125,240888570000000,1,1,0
1,126,240888570000000,240888583099250,240888598958625,15859375,28958625,13099250,240888580000000,1,1,1
1,127,240888590000000,240888599149625,240888614662625,15513000,24662625,9149625,240888600000000,1,1,0
1,129,240888600000000,240888614840625,240888630335000,15494375,30335000,14840625,240888610000000,1,1,1
1,131,240888620000000,240888630520000,240888645731375,15211375,25731375,10520000,240888630000000,1,1,1
1,132,240888640000000,240888645892000,240888661779625,15887625,21779625,5892000,240888650000000,1,1,0
1,134,240888650000000,240888661968625,240888676667000,14698375,26667000,11968625,240888660000000,1,1,1
1,135,240888670000000,240888676819750,240888691948250,15128500,21948250,6819750,240888680000000,1,1,0
1,137,240888680000000,240888692139125,240888707371000,15231875,27371000,12139125,240888690000000,1,1,1
1,138,240888700000000,240888707554875,240888723518375,15963500,23518375,7554875,240888710000000,1,1,0
1,140,240888710000000,240888723692000,240888738971375,15279375,28971375,13692000,240888720000000,1,1,1
1,141,240888730000000,240888739209500,240888753918250,14708750,23918250,9209500,240888740000000,1,1,0
1,143,240888740000000,240888754099375,240888769423375,15324000,29423375,14099375,240888750000000,1,1,1
1,144,240888760000000,240888769598750,240888785468750,15870000,25468750,9598750,240888770000000,1,1,0
1,146,240888770000000,240888785635750,240888801578625,15942875,31578625,15635750,240888780000000,1,1,1
1,148,240888790000000,240888801747375,240888817984500,16237125,27984500,11747375,240888800000000,1,1,1
1,149,240888810000000,240888818179375,240888833504375,15325000,23504375,8179375,240888820000000,1,1,0
1,151,240888820000000,240888833684000,240888849692875,16008875,29692875,13684000,240888830000000,1,1,1
1,152,240888840000000,240888849845125,240888865410750,15565625,25410750,9845125,240888850000000,1,1,0
1,154,240888850000000,240888865554250,240888880470875,14916625,30470875,15554250,240888860000000,1,1,1
1,156,240888870000000,240888880637875,240888896564500,15926625,26564500,10637875,240888880000000,1,1,1
1,157,240888890000000,240888896720875,240888912609500,15888625,22609500,6720875,240888900000000,1,1,0
1,159,240888900000000,240888912854875,240888927366625,14511750,27366625,12854875,240888910000000,1,1,1
1,160,240888920000000,240888927567125,240888942753250,15186125,22753250,7567125,240888930000000,1,1,0
1,162,240888930000000,240888943052750,240888958423750,15371000,28423750,13052750,240888940000000,1,1,1
1,163,240888950000000,240888958594500,240888973869500,15275000,23869500,8594500,240888960000000,1,1,0
1,165,240888960000000,240888974052375,240888989329125,15276750,29329125,14052375,240888970000000,1,1,1
1,166,240888980000000,240888989507500,240889005375500,15868000,25375500,9507500,240888990000000,1,1,0
1,168,240888990000000,240889005552875,240889020670875,15118000,30670875,15552875,240889000000000,1,1,1
1,170,240889010000000,240889020828500,240889036805125,15976625,26805125,10828500,240889020000000,1,1,1
1,171,240889030000000,240889036971500,240889052725000,15753500,22725000,6971500,240889040000000,1,1,0
1,173,240889040000000,240889052843625,240889068727500,15883875,28727500,12843625,240889050000000,1,1,1
1,174,240889060000000,240889068870000,240889083589000,14719000,23589000,8870000,240889070000000,1,1,0
1,176,240889070000000,240889083774000,240889099145000,15371000,29145000,13774000,240889080000000,1,1,1
1,177,240889090000000,240889099328375,240889114182625,14854250,24182625,9328375,240889100000000,1,1,0
1,179,240889100000000,240889114337375,240889130271500,15934125,30271500,14337375,240889110000000,1,1,1
1,181,240889120000000,240889130547250,240889146191500,15644250,26191500,10547250,240889130000000,1,1,1
1,182,240889140000000,240889146396000,240889162311000,15915000,22311000,6396000,240889150000000,1,1,0
1,184,240889150000000,240889162493625,240889178374500,15880875,28374500,12493625,240889160000000,1,1,1
1,185,240889170000000,240889179206500,240889195145375,15938875,25145375,9206500,240889180000000,1,1,0
1,187,240889180000000,240889195327125,240889211281125,15954000,31281125,15327125,240889190000000,1,1,1
1,189,240889200000000,240889211482000,240889225775125,14293125,25775125,11482000,240889210000000,1,1,1
1,190,240889220000000,240889225943625,240889241874625,15931000,21874625,5943625,240889230000000,1,1,0
1,192,240889230000000,240889242024500,240889257938125,15913625,27938125,12024500,240889240000000,1,1,1
1,193,240889250000000,240889258120625,240889273773125,15652500,23773125,8120625,240889260000000,1,1,0
1,195,240889260000000,240889273969500,240889289879500,15910000,29879500,13969500,240889270000000,1,1,1
1,197,240889280000000,240889290013750,240889305177875,15164125,25177875,10013750,240889290000000,1,1,1
1,198,240889300000000,240889305348125,240889319978875,14630750,19978875,5348125,240889310000000,1,1,0
1,200,240889310000000,240889320185750,240889336147750,15962000,26147750,10185750,240889320000000,1,1,1
1,201,240889330000000,240889336324250,240889352204250,15880000,22204250,6324250,240889340000000,1,1,0
1,203,240889340000000,240889352360000,240889368360000,16000000,28360000,12360000,240889350000000,1,1,1
1,204,240889360000000,240889368519000,240889384409750,15890750,24409750,8519000,240889370000000,1,1,0
1,206,240889370000000,240889384544875,240889400429250,15884375,30429250,14544875,240889380000000,1,1,1
1,208,240889390000000,240889400552750,240889415658125,15105375,25658125,10552750,240889400000000,1,1,1
1,209,240889410000000,240889415819250,240889431759625,15940375,21759625,5819250,240889420000000,1,1,0
1,211,240889420000000,240889431939250,240889447839750,15900500,27839750,11939250,240889430000000,1,1,1
1,212,240889440000000,240889447997375,240889463906125,15908750,23906125,7997375,240889450000000,1,1,0
1,214,240889450000000,240889464177000,240889478893500,14716500,28893500,14177000,240889460000000,1,1,1
1,215,240889470000000,240889479093625,240889493451000,14357375,23451000,9093625,240889480000000,1,1,0
1,217,240889480000000,240889493621750,240889508961125,15339375,28961125,13621750,240889490000000,1,1,1
1,218,240889500000000,240889509135625,240889524936750,15801125,24936750,9135625,240889510000000,1,1,0
1,220,240889510000000,240889525098250,240889540924875,15826625,30924875,15098250,240889520000000,1,1,1
1,222,240889530000000,240889541025625,240889556260500,15234875,26260500,11025625,240889540000000,1,1,1
1,223,240889550000000,240889556373625,240889571933000,15559375,21933000,6373625,240889560000000,1,1,0
1,225,240889560000000,240889572114000,240889588251250,16137250,28251250,12114000,240889570000000,1,1,1
1,226,240889580000000,240889588387250,240889602605750,14218500,22605750,8387250,240889590000000,1,1,0
1,228,240889590000000,240889602747375,240889616531250,13783875,26531250,12747375,240889600000000,1,1,1
1,229,240889610000000,240889616636125,240889631809500,15173375,21809500,6636125,240889620000000,1,1,0
1,231,240889620000000,240889632069875,240889647778375,15708500,27778375,12069875,240889630000000,1,1,1
1,232,240889640000000,240889647985625,240889662050750,14065125,22050750,7985625,240889650000000,1,1,0
1,234,240889650000000,240889662207875,240889676426875,14219000,26426875,12207875,240889660000000,1,1,1
1,235,240889670000000,240889676578750,240889691578125,14999375,21578125,6578750,240889680000000,1,1,0
1,237,240889680000000,240889691752875,240889707004750,15251875,27004750,11752875,240889690000000,1,1,1
1,238,240889700000000,240889707161500,240889723024750,15863250,23024750,7161500,240889710000000,1,1,0
1,240,240889710000000,240889723191250,240889738975625,15784375,28975625,13191250,240889720000000,1,1,1
1,241,240889730000000,240889739168375,240889755035000,15866625,25035000,9168375,240889740000000,1,1,0
1,243,240889740000000,240889755237000,240889770340125,15103125,30340125,15237000,240889750000000,1,1,1
1,245,240889760000000,240889770580875,240889786435750,15854875,26435750,10580875,240889770000000,1,1,1
1,246,240889780000000,240889786589125,240889802186000,15596875,22186000,6589125,240889790000000,1,1,0
1,248,240889790000000,240889803121500,240889818913500,15792000,28913500,13121500,240889800000000,1,1,1
1,249,240889810000000,240889819077500,240889835160875,16083375,25160875,9077500,240889820000000,1,1,0
1,251,240889820000000,240889835336625,240889849591625,14255000,29591625,15336625,240889830000000,1,1,1
1,252,240889840000000,240889849735875,240889864938125,15202250,24938125,9735875,240889850000000,1,1,0
1,254,240889850000000,240889865066000,240889880957125,15891125,30957125,15066000,240889860000000,1,1,1
1,256,240889870000000,240889881123500,240889896045125,14921625,26045125,11123500,240889880000000,1,1,1
1,257,240889890000000,240889896201250,240889911501000,15299750,21501000,6201250,240889900000000,1,1,0
1,259,240889900000000,240889911707375,240889927563500,15856125,27563500,11707375,240889910000000,1,1,1
1,260,240889920000000,240889927754125,240889943573250,15819125,23573250,7754125,240889930000000,1,1,0
1,262,240889930000000,240889943777750,240889958873875,15096125,28873875,13777750,240889940000000,1,1,1
1,263,240889950000000,240889959053500,240889974956375,15902875,24956375,9053500,240889960000000,1,1,0
1,265,240889960000000,240889975145250,240889990994000,15848750,30994000,15145250,240889970000000,1,1,1
1,267,240889980000000,240889991163250,240890006964250,15801000,26964250,11163250,240889990000000,1,1,1
1,268,240890000000000,240890007161125,240890023055875,15894750,23055875,7161125,240890010000000,1,1,0
1,270,240890010000000,240890023222375,240890038514250,15291875,28514250,13222375,240890020000000,1,1,1
1,271,240890030000000,240890038672375,240890053858375,15186000,23858375,8672375,240890040000000,1,1,0
1,273,240890040000000,240890054723750,240890069967625,15243875,29967625,14723750,240890050000000,1,1,1
1,275,240890060000000,240890070133750,240890084753125,14619375,24753125,10133750,240890070000000,1,1,1
1,276,240890080000000,240890084933250,240890100801375,15868125,20801375,4933250,240890090000000,1,0,0
1,278,240890090000000,240890100959000,240890116129375,15170375,26129375,10959000,240890100000000,1,1,1
1,279,240890110000000,240890116284250,240890132198750,15914500,22198750,6284250,240890120000000,1,1,0
1,281,240890120000000,240890132449125,240890147058875,14609750,27058875,12449125,240890130000000,1,1,1
1,282,240890140000000,240890147272500,240890163168625,15896125,23168625,7272500,240890150000000,1,1,0
1,284,240890150000000,240890163365750,240890178276500,14910750,28276500,13365750,240890160000000,1,1,1
1,285,240890170000000,240890178458625,240890194402875,15944250,24402875,8458625,240890180000000,1,1,0
1,287,240890180000000,240890194683625,240890210417625,15734000,30417625,14683625,240890190000000,1,1,1
1,289,240890200000000,240890210596750,240890226467875,15871125,26467875,10596750,240890210000000,1,1,1
1,290,240890220000000,240890226639125,240890242595625,15956500,22595625,6639125,240890230000000,1,1,0
1,292,240890230000000,240890242764125,240890256696875,13932750,26696875,12764125,240890240000000,1,1,1
1,293,240890250000000,240890256845250,240890272792625,15947375,22792625,6845250,240890260000000,1,1,0
1,295,240890260000000,240890272953625,240890288225500,15271875,28225500,12953625,240890270000000,1,1,1
1,296,240890280000000,240890288391000,240890304273250,15882250,24273250,8391000,240890290000000,1,1,0
1,298,240890290000000,240890304540250,240890320063500,15523250,30063500,14540250,240890300000000,1,1,1
1,300,240890310000000,240890320238625,240890336171250,15932625,26171250,10238625,240890320000000,1,1,1
1,301,240890330000000,240890336336750,240890351500875,15164125,21500875,6336750,240890340000000,1,1,0
1,303,240890340000000,240890351695500,240890367639000,15943500,27639000,11695500,240890350000000,1,1,1
1,304,240890360000000,240890367841000,240890382397625,14556625,22397625,7841000,240890370000000,1,1,0
1,306,240890370000000,240890382573250,240890398535625,15962375,28535625,12573250,240890380000000,1,1,1
1,307,240890390000000,240890398714625,240890413615250,14900625,23615250,8714625,240890400000000,1,1,0
1,309,240890400000000,240890413792000,240890427822875,14030875,27822875,13792000,240890410000000,1,1,1
1,310,240890420000000,240890428777625,240890444757375,15979750,24757375,8777625,240890430000000,1,1,0
1,312,240890430000000,240890444952125,240890460854000,15901875,30854000,14952125,240890440000000,1,1,1
1,314,240890450000000,240890461024375,240890476872000,15847625,26872000,11024375,240890460000000,1,1,1
1,315,240890470000000,240890477022750,240890492952500,15929750,22952500,7022750,240890480000000,1,1,0
1,317,240890480000000,240890493122000,240890507878125,14756125,27878125,13122000,240890490000000,1,1,1
1,318,240890500000000,240890508065375,240890523936500,15871125,23936500,8065375,240890510000000,1,1,0
1,320,240890510000000,240890524134750,240890539318250,15183500,29318250,14134750,240890520000000,1,1,1
1,321,240890530000000,240890539508250,240890554979250,15471000,24979250,9508250,240890540000000,1,1,0
1,323,240890540000000,240890555175375,240890570558625,15383250,30558625,15175375,240890550000000,1,1,1
1,325,240890560000000,240890570742500,240890586640375,15897875,26640375,10742500,240890570000000,1,1,1
1,326,240890580000000,240890586820000,240890602730750,15910750,22730750,6820000,240890590000000,1,1,0
1,328,240890590000000,240890602893750,240890618727875,15834125,28727875,12893750,240890600000000,1,1,1
1,329,240890610000000,240890618891875,240890634076750,15184875,24076750,8891875,240890620000000,1,1,0
1,331,240890620000000,240890634247625,240890650215000,15967375,30215000,14247625,240890630000000,1,1,1
1,333,240890640000000,240890650401875,240890666321750,15919875,26321750,10401875,240890650000000,1,1,1
1,334,240890660000000,240890666503500,240890682423375,15919875,22423375,6503500,240890670000000,1,1,0
1,336,240890670000000,240890682584875,240890697805125,15220250,27805125,12584875,240890680000000,1,1,1
1,337,240890690000000,240890697970375,240890713875875,15905500,23875875,7970375,240890700000000,1,1,0
1,339,240890700000000,240890714023750,240890728595250,14571500,28595250,14023750,240890710000000,1,1,1
1,340,240890720000000,240890728758375,240890744664625,15906250,24664625,8758375,240890730000000,1,1,0
1,342,240890730000000,240890744799875,240890760567500,15767625,30567500,14799875,240890740000000,1,1,1
1,344,240890750000000,240890760732875,240890776657750,15924875,26657750,10732875,240890760000000,1,1,1
1,345,240890770000000,240890776819875,240890792654375,15834500,22654375,6819875,240890780000000,1,1,0
1,347,240890780000000,240890792808625,240890808674875,15866250,28674875,12808625,240890790000000,1,1,1
1,348,240890800000000,240890808826125,240890825121750,16295625,25121750,8826125,240890810000000,1,1,0
1,350,240890810000000,240890825301375,240890839924750,14623375,29924750,15301375,240890820000000,1,1,1
1,352,240890830000000,240890840138125,240890856113125,15975000,26113125,10138125,240890840000000,1,1,1
1,353,240890850000000,240890856247500,240890872159500,15912000,22159500,6247500,240890860000000,1,1,0
1,355,240890860000000,240890872318500,240890888257625,15939125,28257625,12318500,240890870000000,1,1,1
1,356,240890880000000,240890888414375,240890904404000,15989625,24404000,8414375,240890890000000,1,1,0
1,358,240890890000000,240890904570500,240890919962250,15391750,29962250,14570500,240890900000000,1,1,1
1,360,240890910000000,240890920159500,240890936098375,15938875,26098375,10159500,240890920000000,1,1,1
1,361,240890930000000,240890936376250,240890951593875,15217625,21593875,6376250,240890940000000,1,1,0
1,363,240890940000000,240890951812625,240890967665625,15853000,27665625,11812625,240890950000000,1,1,1
1,364,240890960000000,240890967861250,240890983659250,15798000,23659250,7861250,240890970000000,1,1,0
1,366,240890970000000,240890983977500,240890999865750,15888250,29865750,13977500,240890980000000,1,1,1
1,368,240890990000000,240891000064375,240891015936000,15871625,25936000,10064375,240891000000000,1,1,1
1,369,240891010000000,240891016158125,240891032056500,15898375,22056500,6158125,240891020000000,1,1,0
1,371,240891020000000,240891032230125,240891047055250,14825125,27055250,12230125,240891030000000,1,1,1
1,372,240891040000000,240891047260000,240891063173250,15913250,23173250,7260000,240891050000000,1,1,0
1,374,240891050000000,240891064204375,240891079577375,15373000,29577375,14204375,240891060000000,1,1,1
1,375,240891070000000,240891079792875,240891095732000,15939125,25732000,9792875,240891080000000,1,1,0
1,377,240891080000000,240891095943875,240891110700875,14757000,30700875,15943875,240891090000000,1,1,1
1,379,240891100000000,240891110878375,240891126373375,15495000,26373375,10878375,240891110000000,1,1,1
1,380,240891120000000,240891126549500,240891141617250,15067750,21617250,6549500,240891130000000,1,1,0
1,382,240891130000000,240891142408625,240891157683375,15274750,27683375,12408625,240891140000000,1,1,1
1,383,240891150000000,240891157849375,240891173582375,15733000,23582375,7849375,240891160000000,1,1,0
1,385,240891160000000,240891173764375,240891188852375,15088000,28852375,13764375,240891170000000,1,1,1
1,386,240891180000000,240891189012375,240891204365375,15353000,24365375,9012375,240891190000000,1,1,0
1,388,240891190000000,240891204662125,240891219489375,14827250,29489375,14662125,240891200000000,1,1,1
1,389,240891210000000,240891219681125,240891232978250,13297125,22978250,9681125,240891220000000,1,1,0
1,391,240891220000000,240891233134875,240891247853375,14718500,27853375,13134875,240891230000000,1,1,1
1,392,240891240000000,240891248054500,240891263948000,15893500,23948000,8054500,240891250000000,1,1,0
1,394,240891250000000,240891264252250,240891279532375,15280125,29532375,14252250,240891260000000,1,1,1
1,395,240891270000000,240891279751375,240891295689500,15938125,25689500,9751375,240891280000000,1,1,0
1,397,240891280000000,240891295883750,240891311834750,15951000,31834750,15883750,240891290000000,1,1,1
1,399,240891300000000,240891312049250,240891327197500,15148250,27197500,12049250,240891310000000,1,1,1
1,400,240891320000000,240891327364125,240891341907250,14543125,21907250,7364125,240891330000000,1,1,0
1,402,240891330000000,240891342049375,240891357973375,15924000,27973375,12049375,240891340000000,1,1,1
1,403,240891350000000,240891358122625,240891373974250,15851625,23974250,8122625,240891360000000,1,1,0
1,405,240891360000000,240891374135250,240891389524750,15389500,29524750,14135250,240891370000000,1,1,1
1,406,240891380000000,240891389681375,240891405442250,15760875,25442250,9681375,240891390000000,1,1,0
1,408,240891390000000,240891405610750,240891420359875,14749125,30359875,15610750,240891400000000,1,1,1
1,410,240891410000000,240891420518125,240891436312625,15794500,26312625,10518125,240891420000000,1,1,1
1,411,240891430000000,240891436495125,240891452415500,15920375,22415500,6495125,240891440000000,1,1,0
1,413,240891440000000,240891452579625,240891468457000,15877375,28457000,12579625,240891450000000,1,1,1
1,414,240891460000000,240891468631750,240891483890875,15259125,23890875,8631750,240891470000000,1,1,0
1,416,240891470000000,240891484192625,240891499407375,15214750,29407375,14192625,240891480000000,1,1,1
1,417,240891490000000,240891499596250,240891514849125,15252875,24849125,9596250,240891500000000,1,1,0
1,419,240891500000000,240891515018500,240891530911500,15893000,30911500,15018500,240891510000000,1,1,1
1,421,240891520000000,240891531104375,240891545886250,14781875,25886250,11104375,240891530000000,1,1,1
1,422,240891540000000,240891546057000,240891562013125,15956125,22013125,6057000,240891550000000,1,1,0
1,424,240891550000000,240891562172375,240891577322750,15150375,27322750,12172375,240891560000000,1,1,1
1,425,240891570000000,240891577480875,240891593313875,15833000,23313875,7480875,240891580000000,1,1,0
1,427,240891580000000,240891593484250,240891608724875,15240625,28724875,13484250,240891590000000,1,1,1
1,428,240891600000000,240891608997250,240891624976250,15979000,24976250,8997250,240891610000000,1,1,0
1,430,240891610000000,240891625168875,240891640527750,15358875,30527750,15168875,240891620000000,1,1,1
1,432,240891630000000,240891640689250,240891656061750,15372500,26061750,10689250,240891640000000,1,1,1
1,433,240891650000000,240891656222375,240891672188500,15966125,22188500,6222375,240891660000000,1,1,0
1,435,240891660000000,240891672351625,240891688319250,15967625,28319250,12351625,240891670000000,1,1,1
1,436,240891680000000,240891689241750,240891705168875,15927125,25168875,9241750,240891690000000,1,1,0
1,438,240891690000000,240891705345000,240891719823000,14478000,29823000,15345000,240891700000000,1,1,1
1,440,240891710000000,240891720060375,240891735444875,15384500,25444875,10060375,240891720000000,1,1,1
1,441,240891730000000,240891735654750,240891751517000,15862250,21517000,5654750,240891740000000,1,1,0
1,443,240891740000000,240891751702000,240891765855000,14153000,25855000,11702000,240891750000000,1,1,1
1,444,240891760000000,240891766023875,240891781995625,15971750,21995625,6023875,240891770000000,1,1,0
1,446,240891770000000,240891782168250,240891797425500,15257250,27425500,12168250,240891780000000,1,1,1
1,447,240891790000000,240891797592125,240891813783250,16191125,23783250,7592125,240891800000000,1,1,0
1,449,240891800000000,240891813982375,240891829677875,15695500,29677875,13982375,240891810000000,1,1,1
1,450,240891820000000,240891829866125,240891845709500,15843375,25709500,9866125,240891830000000,1,1,0
1,452,240891830000000,240891845877500,240891861783375,15905875,31783375,15877500,240891840000000,1,1,1
1,454,240891850000000,240891861958375,240891877358750,15400375,27358750,11958375,240891860000000,1,1,1
1,455,240891870000000,240891877654500,240891893597875,15943375,23597875,7654500,240891880000000,1,1,0
1,457,240891880000000,240891893783375,240891909051750,15268375,29051750,13783375,240891890000000,1,1,1
1,458,240891900000000,240891909227875,240891925096625,15868750,25096625,9227875,240891910000000,1,1,0
1,460,240891910000000,240891925379750,240891941204500,15824750,31204500,15379750,240891920000000,1,1,1
1,462,240891930000000,240891941387500,240891957350375,15962875,27350375,11387500,240891940000000,1,1,1
1,463,240891950000000,240891957525125,240891972291500,14766375,22291500,7525125,240891960000000,1,1,0
1,465,240891960000000,240891972460875,240891988344625,15883750,28344625,12460875,240891970000000,1,1,1
1,466,240891980000000,240891988481375,240892003556125,15074750,23556125,8481375,240891990000000,1,1,0
1,468,240891990000000,240892003742875,240892019616625,15873750,29616625,13742875,240892000000000,1,1,1
1,469,240892010000000,240892019801500,240892035736125,15934625,25736125,9801500,240892020000000,1,1,0
1,471,240892020000000,240892035938750,240892051799500,15860750,31799500,15938750,240892030000000,1,1,1
1,473,240892040000000,240892051997875,240892066697250,14699375,26697250,11997875,240892050000000,1,1,1
1,474,240892060000000,240892066873750,240892082776250,15902500,22776250,6873750,240892070000000,1,1,0
1,476,240892070000000,240892082957875,240892097520750,14562875,27520750,12957875,240892080000000,1,1,1
1,477,240892090000000,240892097692000,240892113589000,15897000,23589000,7692000,240892100000000,1,1,0
1,479,240892100000000,240892113752125,240892129610375,15858250,29610375,13752125,240892110000000,1,1,1
1,480,240892120000000,240892129787625,240892145707125,15919500,25707125,9787625,240892130000000,1,1,0
1,482,240892130000000,240892145879750,240892161572750,15693000,31572750,15879750,240892140000000,1,1,1
1,484,240892150000000,240892161744750,240892177667500,15922750,27667500,11744750,240892160000000,1,1,1
1,485,240892170000000,240892177833000,240892193773375,15940375,23773375,7833000,240892180000000,1,1,0
1,487,240892180000000,240892193952000,240892209194250,15242250,29194250,13952000,240892190000000,1,1,1
1,488,240892200000000,240892209364375,240892225080875,15716500,25080875,9364375,240892210000000,1,1,0
1,490,240892210000000,240892225242500,240892241071250,15828750,31071250,15242500,240892220000000,1,1,1
1,492,240892230000000,240892241294125,240892257182875,15888750,27182875,11294125,240892240000000,1,1,1
1,493,240892250000000,240892257365375,240892273228750,15863375,23228750,7365375,240892260000000,1,1,0
1,495,240892260000000,240892273408875,240892289356625,15947750,29356625,13408875,240892270000000,1,1,1
1,496,240892280000000,240892289514250,240892304578000,15063750,24578000,9514250,240892290000000,1,1,0
1,498,240892290000000,240892304959500,240892320129750,15170250,30129750,14959500,240892300000000,1,1,1
1,500,240892310000000,240892321017125,240892336994125,15977000,26994125,11017125,240892320000000,1,1,1
1,501,240892330000000,240892337173750,240892352947625,15773875,22947625,7173750,240892340000000,1,1,0
1,503,240892340000000,240892353119000,240892368382125,15263125,28382125,13119000,240892350000000,1,1,1
1,504,240892360000000,240892368542625,240892384120500,15577875,24120500,8542625,240892370000000,1,1,0
1,506,240892370000000,240892384285000,240892399308500,15023500,29308500,14285000,240892380000000,1,1,1
1,507,240892390000000,240892399487750,240892414375125,14887375,24375125,9487750,240892400000000,1,1,0
1,509,240892400000000,240892414547250,240892429339000,14791750,29339000,14547250,240892410000000,1,1,1
1,510,240892420000000,240892429513375,240892444225500,14712125,24225500,9513375,240892430000000,1,1,0
1,512,240892430000000,240892444354375,240892460250250,15895875,30250250,14354375,240892440000000,1,1,1
1,514,240892450000000,240892460404625,240892475651625,15247000,25651625,10404625,240892460000000,1,1,1
1,515,240892470000000,240892475827250,240892491025500,15198250,21025500,5827250,240892480000000,1,1,0
1,517,240892480000000,240892491224750,240892507066000,15841250,27066000,11224750,240892490000000,1,1,1
1,518,240892500000000,240892507252375,240892522489750,15237375,22489750,7252375,240892510000000,1,1,0
1,520,240892510000000,240892522666375,240892537191125,14524750,27191125,12666375,240892520000000,1,1,1
1,521,240892530000000,240892537374875,240892551981500,14606625,21981500,7374875,240892540000000,1,1,0
1,523,240892540000000,240892552138750,240892567495375,15356625,27495375,12138750,240892550000000,1,1,1
1,524,240892560000000,240892567666375,240892582287125,14620750,22287125,7666375,240892570000000,1,1,0
1,526,240892570000000,240892582450625,240892596619125,14168500,26619125,12450625,240892580000000,1,1,1
1,527,240892590000000,240892596773875,240892612672000,15898125,22672000,6773875,240892600000000,1,1,0
1,529,240892600000000,240892612836875,240892628767000,15930125,28767000,12836875,240892610000000,1,1,1
1,530,240892620000000,240892628926125,240892644833500,15907375,24833500,8926125,240892630000000,1,1,0
1,532,240892630000000,240892644988250,240892660126750,15138500,30126750,14988250,240892640000000,1,1,1
1,534,240892650000000,240892660288875,240892676203000,15914125,26203000,10288875,240892660000000,1,1,1
1,535,240892670000000,240892676359625,240892692283875,15924250,22283875,6359625,240892680000000,1,1,0
1,537,240892680000000,240892692437375,240892707747250,15309875,27747250,12437375,240892690000000,1,1,1
1,538,240892700000000,240892707977000,240892723882875,15905875,23882875,7977000,240892710000000,1,1,0
1,540,240892710000000,240892724063875,240892739894500,15830625,29894500,14063875,240892720000000,1,1,1
1,542,240892730000000,240892740061875,240892755926125,15864250,25926125,10061875,240892740000000,1,1,1
1,543,240892750000000,240892756149750,240892770882500,14732750,20882500,6149750,240892760000000,1,1,0
1,545,240892760000000,240892771076375,240892786486750,15410375,26486750,11076375,240892770000000,1,1,1
1,546,240892780000000,240892786662875,240892802595500,15932625,22595500,6662875,240892790000000,1,1,0
1,548,240892790000000,240892802783875,240892818086000,15302125,28086000,12783875,240892800000000,1,1,1
1,549,240892810000000,240892818371000,240892834745625,16374625,24745625,8371000,240892820000000,1,1,0
1,551,240892820000000,240892834956125,240892849889875,14933750,29889875,14956125,240892830000000,1,1,1
1,553,240892840000000,240892850076500,240892865205375,15128875,25205375,10076500,240892850000000,1,1,1
1,554,240892860000000,240892865372625,240892881289125,15916500,21289125,5372625,240892870000000,1,1,0
1,556,240892870000000,240892881436500,240892895568125,14131625,25568125,11436500,240892880000000,1,1,1
1,557,240892890000000,240892895745125,240892910421750,14676625,20421750,5745125,240892900000000,1,1,0
1,559,240892900000000,240892910595000,240892926480375,15885375,26480375,10595000,240892910000000,1,1,1
1,560,240892920000000,240892926651000,240892942590125,15939125,22590125,6651000,240892930000000,1,1,0
1,562,240892930000000,240892943527000,240892958545125,15018125,28545125,13527000,240892940000000,1,1,1
1,563,240892950000000,240892958739000,240892974635625,15896625,24635625,8739000,240892960000000,1,1,0
1,565,240892960000000,240892974836000,240892990706750,15870750,30706750,14836000,240892970000000,1,1,1
1,567,240892980000000,240892990892750,240893006809125,15916375,26809125,10892750,240892990000000,1,1,1
1,568,240893000000000,240893006992625,240893022729750,15737125,22729750,6992625,240893010000000,1,1,0
1,570,240893010000000,240893022909750,240893038754000,15844250,28754000,12909750,240893020000000,1,1,1
1,571,240893030000000,240893038932625,240893053878125,14945500,23878125,8932625,240893040000000,1,1,0
1,573,240893040000000,240893054069000,240893069311125,15242125,29311125,14069000,240893050000000,1,1,1
1,574,240893060000000,240893069482500,240893085395000,15912500,25395000,9482500,240893070000000,1,1,0
1,576,240893070000000,240893085556000,240893101448125,15892125,31448125,15556000,240893080000000,1,1,1
1,578,240893090000000,240893101612625,240893116373625,14761000,26373625,11612625,240893100000000,1,1,1
1,579,240893110000000,240893116528875,240893132456500,15927625,22456500,6528875,240893120000000,1,1,0
1,581,240893120000000,240893132594125,240893147802250,15208125,27802250,12594125,240893130000000,1,1,1
1,582,240893140000000,240893148693750,240893163311750,14618000,23311750,8693750,240893150000000,1,1,0
1,584,240893150000000,240893163515250,240893179478125,15962875,29478125,13515250,240893160000000,1,1,1
1,585,240893170000000,240893179687625,240893195647625,15960000,25647625,9687625,240893180000000,1,1,0
1,587,240893180000000,240893195860375,240893211775375,15915000,31775375,15860375,240893190000000,1,1,1
1,589,240893200000000,240893211978375,240893226791000,14812625,26791000,11978375,240893210000000,1,1,1
1,590,240893220000000,240893226975125,240893242630125,15655000,22630125,6975125,240893230000000,1,1,0
1,592,240893230000000,240893242802500,240893258052250,15249750,28052250,12802500,240893240000000,1,1,1
1,593,240893250000000,240893258227500,240893274051250,15823750,24051250,8227500,240893260000000,1,1,0
1,595,240893260000000,240893274222000,240893290129875,15907875,30129875,14222000,240893270000000,1,1,1
1,597,240893280000000,240893290407000,240893306389875,15982875,26389875,10407000,240893290000000,1,1,1
1,598,240893300000000,240893306597375,240893322098125,15500750,22098125,6597375,240893310000000,1,1,0
1,600,240893310000000,240893322288375,240893337589250,15300875,27589250,12288375,240893320000000,1,1,1
1,601,240893330000000,240893337751125,240893352979625,15228500,22979625,7751125,240893340000000,1,1,0
1,603,240893340000000,240893353139750,240893369118250,15978500,29118250,13139750,240893350000000,1,1,1
1,604,240893360000000,240893369273000,240893385128000,15855000,25128000,9273000,240893370000000,1,1,0
1,606,240893370000000,240893385279875,240893400994250,15714375,30994250,15279875,240893380000000,1,1,1
1,608,240893390000000,240893401274375,240893416596125,15321750,26596125,11274375,240893400000000,1,1,1
1,609,240893410000000,240893416769500,240893432657125,15887625,22657125,6769500,240893420000000,1,1,0
1,611,240893420000000,240893432820500,240893448723000,15902500,28723000,12820500,240893430000000,1,1,1
1,612,240893440000000,240893448984625,240893462932625,13948000,22932625,8984625,240893450000000,1,1,0
1,614,240893450000000,240893463145250,240893479017875,15872625,29017875,13145250,240893460000000,1,1,1
1,615,240893470000000,240893479214750,240893494544125,15329375,24544125,9214750,240893480000000,1,1,0
1,617,240893480000000,240893494716125,240893509286750,14570625,29286750,14716125,240893490000000,1,1,1
1,618,240893500000000,240893509462250,240893525419250,15957000,25419250,9462250,240893510000000,1,1,0
1,620,240893510000000,240893525597500,240893540779125,15181625,30779125,15597500,240893520000000,1,1,1
1,622,240893530000000,240893540938500,240893556853625,15915125,26853625,10938500,240893540000000,1,1,1
1,623,240893550000000,240893557007500,240893572954250,15946750,22954250,7007500,240893560000000,1,1,0
1,625,240893560000000,240893573810625,240893589827750,16017125,29827750,13810625,240893570000000,1,1,1
1,626,240893580000000,240893589994250,240893605893500,15899250,25893500,9994250,240893590000000,1,1,0
1,628,240893590000000,240893606077625,240893621571000,15493375,31571000,16077625,240893600000000,1,1,1
1,630,240893610000000,240893621735500,240893637628625,15893125,27628625,11735500,240893620000000,1,1,1
1,631,240893630000000,240893637803750,240893653028875,15225125,23028875,7803750,240893640000000,1,1,0
1,633,240893640000000,240893653185000,240893669075250,15890250,29075250,13185000,240893650000000,1,1,1
1,634,240893660000000,240893669207375,240893685127875,15920500,25127875,9207375,240893670000000,1,1,0
1,636,240893670000000,240893685277250,240893701198750,15921500,31198750,15277250,240893680000000,1,1,1
1,638,240893690000000,240893701368000,240893717232750,15864750,27232750,11368000,240893700000000,1,1,1
1,639,240893710000000,240893717394875,240893733342625,15947750,23342625,7394875,240893720000000,1,1,0
1,641,240893720000000,240893733523750,240893748820000,15296250,28820000,13523750,240893730000000,1,1,1
1,642,240893740000000,240893748994125,240893764231500,15237375,24231500,8994125,240893750000000,1,1,0
1,644,240893750000000,240893764395875,240893779582875,15187000,29582875,14395875,240893760000000,1,1,1
1,645,240893770000000,240893779785375,240893795743000,15957625,25743000,9785375,240893780000000,1,1,0
1,647,240893780000000,240893795929500,240893811827875,15898375,31827875,15929500,240893790000000,1,1,1
1,649,240893800000000,240893812038625,240893828222750,16184125,28222750,12038625,240893810000000,1,1,1
1,650,240893820000000,240893828410000,240893844268500,15858500,24268500,8410000,240893830000000,1,1,0
1,652,240893830000000,240893844427125,240893859680500,15253375,29680500,14427125,240893840000000,1,1,1
1,653,240893850000000,240893859892500,240893875280250,15387750,25280250,9892500,240893860000000,1,1,0
1,655,240893860000000,240893875465250,240893891324750,15859500,31324750,15465250,240893870000000,1,1,1
1,657,240893880000000,240893891509625,240893907431125,15921500,27431125,11509625,240893890000000,1,1,1
1,658,240893900000000,240893907627875,240893923572625,15944750,23572625,7627875,240893910000000,1,1,0
1,660,240893910000000,240893923784500,240893939638000,15853500,29638000,13784500,240893920000000,1,1,1
1,661,240893930000000,240893939821500,240893953750500,13929000,23750500,9821500,240893940000000,1,1,0
1,663,240893940000000,240893953929125,240893969658750,15729625,29658750,13929125,240893950000000,1,1,1
1,664,240893960000000,240893969828625,240893985796500,15967875,25796500,9828625,240893970000000,1,1,0
1,666,240893970000000,240893985981250,240894001124000,15142750,31124000,15981250,240893980000000,1,1,1
1,668,240893990000000,240894001292750,240894017263000,15970250,27263000,11292750,240894000000000,1,1,1
1,669,240894010000000,240894017427625,240894032065375,14637750,22065375,7427625,240894020000000,1,1,0
1,671,240894020000000,240894032230000,240894046734875,14504875,26734875,12230000,240894030000000,1,1,1
1,672,240894040000000,240894047096750,240894061214625,14117875,21214625,7096750,240894050000000,1,1,0
1,674,240894050000000,240894061409000,240894077264375,15855375,27264375,11409000,240894060000000,1,1,1
1,675,240894070000000,240894077376750,240894093251375,15874625,23251375,7376750,240894080000000,1,1,0
1,677,240894080000000,240894093412750,240894109287375,15874625,29287375,13412750,240894090000000,1,1,1
1,678,240894100000000,240894109443125,240894125331250,15888125,25331250,9443125,240894110000000,1,1,0
1,680,240894110000000,240894125501125,240894139561250,14060125,29561250,15501125,240894120000000,1,1,1
1,681,240894130000000,240894139781000,240894155705375,15924375,25705375,9781000,240894140000000,1,1,0
1,683,240894140000000,240894155915625,240894171803875,15888250,31803875,15915625,240894150000000,1,1,1
1,685,240894160000000,240894172081000,240894187956125,15875125,27956125,12081000,240894170000000,1,1,1
1,686,240894180000000,240894188171750,240894204065500,15893750,24065500,8171750,240894190000000,1,1,0
1,688,240894190000000,240894204971500,240894220933500,15962000,30933500,14971500,240894200000000,1,1,1
1,690,240894210000000,240894221118000,240894236917500,15799500,26917500,11118000,240894220000000,1,1,1
1,691,240894230000000,240894237089250,240894252337625,15248375,22337625,7089250,240894240000000,1,1,0
1,693,240894240000000,240894252625625,240894268568375,15942750,28568375,12625625,240894250000000,1,1,1
1,694,240894260000000,240894268747125,240894283906750,15159625,23906750,8747125,240894270000000,1,1,0
1,696,240894270000000,240894284135625,240894300054125,15918500,30054125,14135625,240894280000000,1,1,1
1,698,240894290000000,240894300232750,240894316135625,15902875,26135625,10232750,240894300000000,1,1,1
1,699,240894310000000,240894316297125,240894331659500,15362375,21659500,6297125,240894320000000,1,1,0
1,701,240894320000000,240894331866875,240894347133250,15266375,27133250,11866875,240894330000000,1,1,1
1,702,240894340000000,240894347317875,240894361696250,14378375,21696250,7317875,240894350000000,1,1,0
1,704,240894350000000,240894361880375,240894375945875,14065500,25945875,11880375,240894360000000,1,1,1
1,705,240894370000000,240894376195750,240894391443625,15247875,21443625,6195750,240894380000000,1,1,0
1,707,240894380000000,240894391630000,240894407536875,15906875,27536875,11630000,240894390000000,1,1,1
1,708,240894400000000,240894407720375,240894422316875,14596500,22316875,7720375,240894410000000,1,1,0
1,710,240894410000000,240894422491750,240894438357875,15866125,28357875,12491750,240894420000000,1,1,1
1,711,240894430000000,240894438522375,240894453638125,15115750,23638125,8522375,240894440000000,1,1,0
1,713,240894440000000,240894453815875,240894469067625,15251750,29067625,13815875,240894450000000,1,1,1
1,714,240894460000000,240894469226875,240894484320000,15093125,24320000,9226875,240894470000000,1,1,0
1,716,240894470000000,240894484459250,240894500438625,15979375,30438625,14459250,240894480000000,1,1,1
1,718,240894490000000,240894500621750,240894515823250,15201500,25823250,10621750,240894500000000,1,1,1
1,719,240894510000000,240894516045500,240894531871000,15825500,21871000,6045500,240894520000000,1,1,0
1,721,240894520000000,240894532113250,240894547310500,15197250,27310500,12113250,240894530000000,1,1,1
1,722,240894540000000,240894547510000,240894563391000,15881000,23391000,7510000,240894550000000,1,1,0
1,724,240894550000000,240894563580875,240894578792250,15211375,28792250,13580875,240894560000000,1,1,1
1,725,240894570000000,240894578980500,240894594210000,15229500,24210000,8980500,240894580000000,1,1,0
1,727,240894580000000,240894594372625,240894609577625,15205000,29577625,14372625,240894590000000,1,1,1
1,728,240894600000000,240894609850000,240894625783375,15933375,25783375,9850000,240894610000000,1,1,0
1,730,240894610000000,240894625962125,240894641868375,15906250,31868375,15962125,240894620000000,1,1,1
1,732,240894630000000,240894642028000,240894657353500,15325500,27353500,12028000,240894640000000,1,1,1
1,733,240894650000000,240894657522875,240894673436500,15913625,23436500,7522875,240894660000000,1,1,0
1,735,240894660000000,240894673607375,240894689469750,15862375,29469750,13607375,240894670000000,1,1,1
1,736,240894680000000,240894689665500,240894705566750,15901250,25566750,9665500,240894690000000,1,1,0
1,738,240894690000000,240894705729750,240894720953875,15224125,30953875,15729750,240894700000000,1,1,1
1,740,240894710000000,240894721120375,240894737055375,15935000,27055375,11120375,240894720000000,1,1,1
1,741,240894730000000,240894737206750,240894753038875,15832125,23038875,7206750,240894740000000,1,1,0
1,743,240894740000000,240894753220375,240894769101750,15881375,29101750,13220375,240894750000000,1,1,1
1,744,240894760000000,240894769263250,240894784481500,15218250,24481500,9263250,240894770000000,1,1,0
1,746,240894770000000,240894784645125,240894800621625,15976500,30621625,14645125,240894780000000,1,1,1
1,748,240894790000000,240894800776250,240894815503250,14727000,25503250,10776250,240894800000000,1,1,1
1,749,240894810000000,240894815715375,240894831615250,15899875,21615250,5715375,240894820000000,1,1,0
1,751,240894820000000,240894832540250,240894847641250,15101000,27641250,12540250,240894830000000,1,1,1
1,752,240894840000000,240894847865375,240894863580750,15715375,23580750,7865375,240894850000000,1,1,0
1,754,240894850000000,240894863920250,240894878523750,14603500,28523750,13920250,240894860000000,1,1,1
1,755,240894870000000,240894878718500,240894894533375,15814875,24533375,8718500,240894880000000,1,1,0
1,757,240894880000000,240894894696875,240894909955750,15258875,29955750,14696875,240894890000000,1,1,1
1,759,240894900000000,240894910120250,240894925369625,15249375,25369625,10120250,240894910000000,1,1,1
1,760,240894920000000,240894925535500,240894941426750,15891250,21426750,5535500,240894930000000,1,1,0
1,762,240894930000000,240894941593125,240894957531125,15938000,27531125,11593125,240894940000000,1,1,1
1,763,240894950000000,240894957710250,240894973640000,15929750,23640000,7710250,240894960000000,1,1,0
1,765,240894960000000,240894973821500,240894989677000,15855500,29677000,13821500,240894970000000,1,1,1
1,766,240894980000000,240894989849750,240895005820500,15970750,25820500,9849750,240894990000000,1,1,0
1,768,240894990000000,240895005952250,240895020566750,14614500,30566750,15952250,240895000000000,1,1,1
1,770,240895010000000,240895020741125,240895035907125,15166000,25907125,10741125,240895020000000,1,1,1
1,771,240895030000000,240895036274125,240895051629375,15355250,21629375,6274125,240895040000000,1,1,0
1,773,240895040000000,240895051841625,240895066635375,14793750,26635375,11841625,240895050000000,1,1,1
1,774,240895060000000,240895066828125,240895081240875,14412750,21240875,6828125,240895070000000,1,1,0
1,776,240895070000000,240895081403750,240895095887625,14483875,25887625,11403750,240895080000000,1,1,1
1,777,240895090000000,240895096043250,240895111893875,15850625,21893875,6043250,240895100000000,1,1,0
1,779,240895100000000,240895112064750,240895127993500,15928750,27993500,12064750,240895110000000,1,1,1
1,780,240895120000000,240895128183875,240895144050500,15866625,24050500,8183875,240895130000000,1,1,0
1,782,240895130000000,240895144204875,240895160161250,15956375,30161250,14204875,240895140000000,1,1,1
1,784,240895150000000,240895160303875,240895176197375,15893500,26197375,10303875,240895160000000,1,1,1
1,785,240895170000000,240895176349250,240895190531000,14181750,20531000,6349250,240895180000000,1,1,0
1,787,240895180000000,240895190834375,240895206784750,15950375,26784750,10834375,240895190000000,1,1,1
1,788,240895200000000,240895206978000,240895222041000,15063000,22041000,6978000,240895210000000,1,1,0
1,790,240895210000000,240895222218625,240895238122500,15903875,28122500,12218625,240895220000000,1,1,1
1,791,240895230000000,240895238285875,240895254184500,15898625,24184500,8285875,240895240000000,1,1,0
1,793,240895240000000,240895254352375,240895269128000,14775625,29128000,14352375,240895250000000,1,1,1
1,794,240895260000000,240895269272375,240895284528750,15256375,24528750,9272375,240895270000000,1,1,0
1,796,240895270000000,240895284688375,240895299329750,14641375,29329750,14688375,240895280000000,1,1,1
1,797,240895290000000,240895299525375,240895315397000,15871625,25397000,9525375,240895300000000,1,1,0
1,799,240895300000000,240895315586500,240895330917375,15330875,30917375,15586500,240895310000000,1,1,1
1,801,240895320000000,240895331099500,240895346565500,15466000,26565500,11099500,240895330000000,1,1,1
1,802,240895340000000,240895346752375,240895362042875,15290500,22042875,6752375,240895350000000,1,1,0
1,804,240895350000000,240895362212875,240895377482125,15269250,27482125,12212875,240895360000000,1,1,1
1,805,240895370000000,240895377643250,240895393627625,15984375,23627625,7643250,240895380000000,1,1,0
1,807,240895380000000,240895393815625,240895409082125,15266500,29082125,13815625,240895390000000,1,1,1
1,808,240895400000000,240895409343625,240895425319250,15975625,25319250,9343625,240895410000000,1,1,0
1,810,240895410000000,240895425504750,240895441431000,15926250,31431000,15504750,240895420000000,1,1,1
1,812,240895430000000,240895441594625,240895457557375,15962750,27557375,11594625,240895440000000,1,1,1
1,813,240895450000000,240895458461125,240895473780750,15319625,23780750,8461125,240895460000000,1,1,0
1,815,240895460000000,240895473963875,240895489218625,15254750,29218625,13963875,240895470000000,1,1,1
1,816,240895480000000,240895489381375,240895505279625,15898250,25279625,9381375,240895490000000,1,1,0
1,818,240895490000000,240895505496875,240895521512875,16016000,31512875,15496875,240895500000000,1,1,1
1,820,240895510000000,240895521695000,240895536911125,15216125,26911125,11695000,240895520000000,1,1,1
1,821,240895530000000,240895537078625,240895552288500,15209875,22288500,7078625,240895540000000,1,1,0
1,823,240895540000000,240895552455125,240895568408125,15953000,28408125,12455125,240895550000000,1,1,1
1,824,240895560000000,240895568667750,240895583863500,15195750,23863500,8667750,240895570000000,1,1,0
1,826,240895570000000,240895584121625,240895599909875,15788250,29909875,14121625,240895580000000,1,1,1
1,828,240895590000000,240895600197250,240895616142250,15945000,26142250,10197250,240895600000000,1,1,1
1,829,240895610000000,240895616316375,240895632240750,15924375,22240750,6316375,240895620000000,1,1,0
1,831,240895620000000,240895632406625,240895647644875,15238250,27644875,12406625,240895630000000,1,1,1
1,832,240895640000000,240895647840125,240895663770250,15930125,23770250,7840125,240895650000000,1,1,0
1,834,240895650000000,240895663961625,240895677702750,13741125,27702750,13961625,240895660000000,1,1,1
1,835,240895670000000,240895677881875,240895693788500,15906625,23788500,7881875,240895680000000,1,1,0
1,837,240895680000000,240895693963875,240895709757875,15794000,29757875,13963875,240895690000000,1,1,1
1,838,240895700000000,240895709964625,240895725910625,15946000,25910625,9964625,240895710000000,1,1,0
1,840,240895710000000,240895726089750,240895741968125,15878375,31968125,16089750,240895720000000,1,1,1
1,842,240895730000000,240895742144375,240895758053125,15908750,28053125,12144375,240895740000000,1,1,1
1,843,240895750000000,240895758218000,240895774147250,15929250,24147250,8218000,240895760000000,1,1,0
1,845,240895760000000,240895774318625,240895789577250,15258625,29577250,14318625,240895770000000,1,1,1
1,846,240895780000000,240895789738250,240895805931625,16193375,25931625,9738250,240895790000000,1,1,0
1,848,240895790000000,240895806121375,240895822004250,15882875,32004250,16121375,240895800000000,1,1,1
1,850,240895810000000,240895822191125,240895838154500,15963375,28154500,12191125,240895820000000,1,1,1
1,851,240895830000000,240895838364500,240895854250750,15886250,24250750,8364500,240895840000000,1,1,0
1,853,240895840000000,240895854442375,240895870271750,15829375,30271750,14442375,240895850000000,1,1,1
1,855,240895860000000,240895870448750,240895886365750,15917000,26365750,10448750,240895870000000,1,1,1
1,856,240895880000000,240895886531250,240895901816375,15285125,21816375,6531250,240895890000000,1,1,0
1,858,240895890000000,240895902096500,240895917707625,15611125,27707625,12096500,240895900000000,1,1,1
1,859,240895910000000,240895917906625,240895932425625,14519000,22425625,7906625,240895920000000,1,1,0
1,861,240895920000000,240895932573500,240895948532500,15959000,28532500,12573500,240895930000000,1,1,1
1,862,240895940000000,240895948701750,240895964617375,15915625,24617375,8701750,240895950000000,1,1,0
1,864,240895950000000,240895964782750,240895980639250,15856500,30639250,14782750,240895960000000,1,1,1
1,866,240895970000000,240895980770125,240895996045000,15274875,26045000,10770125,240895980000000,1,1,1
1,867,240895990000000,240895996192750,240896010960625,14767875,20960625,6192750,240896000000000,1,1,0
1,869,240896000000000,240896011139750,240896027053375,15913625,27053375,11139750,240896010000000,1,1,1
1,870,240896020000000,240896027256375,240896043135875,15879500,23135875,7256375,240896030000000,1,1,0
1,872,240896030000000,240896043319750,240896058641500,15321750,28641500,13319750,240896040000000,1,1,1
1,873,240896050000000,240896058812875,240896074665375,15852500,24665375,8812875,240896060000000,1,1,0
1,875,240896060000000,240896074823000,240896089513250,14690250,29513250,14823000,240896070000000,1,1,1
1,877,240896080000000,240896095932750,240896111803375,15870625,31803375,15932750,240896090000000,1,1,1
1,879,240896100000000,240896112037750,240896127177750,15140000,27177750,12037750,240896110000000,1,1,1
1,880,240896120000000,240896127377500,240896141939750,14562250,21939750,7377500,240896130000000,1,1,0
1,882,240896130000000,240896142101750,240896157780625,15678875,27780625,12101750,240896140000000,1,1,1
1,883,240896150000000,240896157962250,240896173257000,15294750,23257000,7962250,240896160000000,1,1,0
1,885,240896160000000,240896173398750,240896189302500,15903750,29302500,13398750,240896170000000,1,1,1
1,886,240896180000000,240896189457750,240896205351250,15893500,25351250,9457750,240896190000000,1,1,0
1,888,240896190000000,240896205511250,240896220767125,15255875,30767125,15511250,240896200000000,1,1,1
1,890,240896210000000,240896220926250,240896236849625,15923375,26849625,10926250,240896220000000,1,1,1
1,891,240896230000000,240896237112125,240896253045750,15933625,23045750,7112125,240896240000000,1,1,0
1,893,240896240000000,240896253218125,240896269116500,15898375,29116500,13218125,240896250000000,1,1,1
1,894,240896260000000,240896269272625,240896284557875,15285250,24557875,9272625,240896270000000,1,1,0
1,896,240896270000000,240896284726625,240896299306125,14579500,29306125,14726625,240896280000000,1,1,1
1,897,240896290000000,240896299481750,240896314701375,15219625,24701375,9481750,240896300000000,1,1,0
1,899,240896300000000,240896314873750,240896330725250,15851500,30725250,14873750,240896310000000,1,1,1
1,901,240896320000000,240896330907375,240896344855875,13948500,24855875,10907375,240896330000000,1,1,1
1,902,240896340000000,240896345020000,240896360937000,15917000,20937000,5020000,240896350000000,1,1,0
1,904,240896350000000,240896361097000,240896376337625,15240625,26337625,11097000,240896360000000,1,1,1
1,905,240896370000000,240896376490875,240896391716875,15226000,21716875,6490875,240896380000000,1,1,0
1,907,240896380000000,240896392569500,240896407767125,15197625,27767125,12569500,240896390000000,1,1,1
1,908,240896400000000,240896407956000,240896423915000,15959000,23915000,7956000,240896410000000,1,1,0
1,910,240896410000000,240896424125375,240896439517375,15392000,29517375,14125375,240896420000000,1,1,1
1,911,240896430000000,240896439729625,240896454624750,14895125,24624750,9729625,240896440000000,1,1,0
1,913,240896440000000,240896454816125,240896470668750,15852625,30668750,14816125,240896450000000,1,1,1
1,915,240896460000000,240896470835125,240896486794625,15959500,26794625,10835125,240896470000000,1,1,1
1,916,240896480000000,240896486965875,240896502192000,15226125,22192000,6965875,240896490000000,1,1,0
1,918,240896490000000,240896502365250,240896517932375,15567125,27932375,12365250,240896500000000,1,1,1
1,919,240896510000000,240896518111875,240896533900625,15788750,23900625,8111875,240896520000000,1,1,0
1,921,240896520000000,240896534055250,240896548891500,14836250,28891500,14055250,240896530000000,1,1,1
1,922,240896540000000,240896549176625,240896565109125,15932500,25109125,9176625,240896550000000,1,1,0
1,924,240896550000000,240896565298000,240896581175000,15877000,31175000,15298000,240896560000000,1,1,1
1,926,240896570000000,240896581341375,240896596590750,15249375,26590750,11341375,240896580000000,1,1,1
1,927,240896590000000,240896596748000,240896610896125,14148125,20896125,6748000,240896600000000,1,1,0
1,929,240896600000000,240896611209750,240896625857625,14647875,25857625,11209750,240896610000000,1,1,1
1,930,240896620000000,240896626034250,240896641913875,15879625,21913875,6034250,240896630000000,1,1,0
1,932,240896630000000,240896642087000,240896658051375,15964375,28051375,12087000,240896640000000,1,1,1
1,933,240896650000000,240896658230125,240896674029875,15799750,24029875,8230125,240896660000000,1,1,0
1,935,240896660000000,240896674220875,240896689444875,15224000,29444875,14220875,240896670000000,1,1,1
1,936,240896680000000,240896689607250,240896704185250,14578000,24185250,9607250,240896690000000,1,1,0
1,938,240896690000000,240896704345375,240896720261875,15916500,30261875,14345375,240896700000000,1,1,1
1,940,240896710000000,240896721118875,240896735787000,14668125,25787000,11118875,240896720000000,1,1,1
1,941,240896730000000,240896735983250,240896750655500,14672250,20655500,5983250,240896740000000,1,1,0
1,943,240896740000000,240896750866875,240896766198625,15331750,26198625,10866875,240896750000000,1,1,1
1,944,240896760000000,240896766393375,240896782217750,15824375,22217750,6393375,240896770000000,1,1,0
1,946,240896770000000,240896782387500,240896798279250,15891750,28279250,12387500,240896780000000,1,1,1
1,947,240896790000000,240896798456375,240896814381625,15925250,24381625,8456375,240896800000000,1,1,0
1,949,240896800000000,240896814534500,240896830762750,16228250,30762750,14534500,240896810000000,1,1,1
1,951,240896820000000,240896830954500,240896846843375,15888875,26843375,10954500,240896830000000,1,1,1
1,952,240896840000000,240896847022375,240896862954875,15932500,22954875,7022375,240896850000000,1,1,0
1,954,240896850000000,240896863131250,240896878355750,15224500,28355750,13131250,240896860000000,1,1,1
1,955,240896870000000,240896878531125,240896893976750,15445625,23976750,8531125,240896880000000,1,1,0
1,957,240896880000000,240896894187625,240896909095375,14907750,29095375,14187625,240896890000000,1,1,1
1,958,240896900000000,240896909280250,240896925294000,16013750,25294000,9280250,240896910000000,1,1,0
1,960,240896910000000,240896925472000,240896941287125,15815125,31287125,15472000,240896920000000,1,1,1
1,962,240896930000000,240896941418375,240896956571250,15152875,26571250,11418375,240896940000000,1,1,1
1,963,240896950000000,240896956728375,240896971895375,15167000,21895375,6728375,240896960000000,1,1,0
1,965,240896960000000,240896972045625,240896987974375,15928750,27974375,12045625,240896970000000,1,1,1
1,966,240896980000000,240896988159000,240897003977375,15818375,23977375,8159000,240896990000000,1,1,0
1,968,240896990000000,240897004170500,240897020104625,15934125,30104625,14170500,240897000000000,1,1,1
1,970,240897010000000,240897020268625,240897036191000,15922375,26191000,10268625,240897020000000,1,1,1
1,971,240897030000000,240897036349125,240897050693375,14344250,20693375,6349125,240897040000000,1,1,0
1,973,240897040000000,240897050867250,240897066104875,15237625,26104875,10867250,240897050000000,1,1,1
1,974,240897060000000,240897066273875,240897082151250,15877375,22151250,6273875,240897070000000,1,1,0
1,976,240897070000000,240897082336875,240897098231375,15894500,28231375,12336875,240897080000000,1,1,1
1,977,240897090000000,240897098405000,240897113673625,15268625,23673625,8405000,240897100000000,1,1,0
1,979,240897100000000,240897113820000,240897129556875,15736875,29556875,13820000,240897110000000,1,1,1
1,980,240897120000000,240897129730125,240897145595500,15865375,25595500,9730125,240897130000000,1,1,0
1,982,240897130000000,240897145762375,240897161672125,15909750,31672125,15762375,240897140000000,1,1,1
1,984,240897150000000,240897161832125,240897176982500,15150375,26982500,11832125,240897160000000,1,1,1
1,985,240897170000000,240897177153875,240897192473125,15319250,22473125,7153875,240897180000000,1,1,0
1,987,240897180000000,240897192749250,240897207460000,14710750,27460000,12749250,240897190000000,1,1,1
1,988,240897200000000,240897207691375,240897223595125,15903750,23595125,7691375,240897210000000,1,1,0
1,990,240897210000000,240897223796375,240897238700250,14903875,28700250,13796375,240897220000000,1,1,1
1,991,240897230000000,240897238882250,240897254118625,15236375,24118625,8882250,240897240000000,1,1,0
1,993,240897240000000,240897254283000,240897269344625,15061625,29344625,14283000,240897250000000,1,1,1
1,994,240897260000000,240897269514125,240897285413000,15898875,25413000,9514125,240897270000000,1,1,0
1,996,240897270000000,240897285577875,240897301461250,15883375,31461250,15577875,240897280000000,1,1,1
1,998,240897290000000,240897301633625,240897317553000,15919375,27553000,11633625,240897300000000,1,1,1
1,999,240897310000000,240897317718500,240897332965875,15247375,22965875,7718500,240897320000000,1,1,0
1,1001,240897320000000,240897333133750,240897347775250,14641500,27775250,13133750,240897330000000,1,1,1
1,1002,240897340000000,240897349452875,240897364619375,15166500,24619375,9452875,240897350000000,1,1,0
1,1004,240897350000000,240897364804625,240897380650625,15846000,30650625,14804625,240897360000000,1,1,1
1,1006,240897370000000,240897380820125,240897396700875,15880750,26700875,10820125,240897380000000,1,1,1
1,1007,240897390000000,240897396865875,240897412769875,15904000,22769875,6865875,240897400000000,1,1,0
1,1009,240897400000000,240897412936000,240897427664875,14728875,27664875,12936000,240897410000000,1,1,1
1,1010,240897420000000,240897427858625,240897443422000,15563375,23422000,7858625,240897430000000,1,1,0
1,1012,240897430000000,240897443624000,240897457527500,13903500,27527500,13624000,240897440000000,1,1,1
1,1013,240897450000000,240897457720250,240897473628500,15908250,23628500,7720250,240897460000000,1,1,0
1,1015,240897460000000,240897473800750,240897488346125,14545375,28346125,13800750,240897470000000,1,1,1
1,1016,240897480000000,240897488508625,240897504393000,15884375,24393000,8508625,240897490000000,1,1,0
1,1018,240897490000000,240897504539875,240897520423750,15883875,30423750,14539875,240897500000000,1,1,1
1,1020,240897510000000,240897520581875,240897535076375,14494500,25076375,10581875,240897520000000,1,1,1
1,1021,240897530000000,240897535258875,240897551074500,15815625,21074500,5258875,240897540000000,1,1,0
1,1023,240897540000000,240897551244875,240897566195000,14950125,26195000,11244875,240897550000000,1,1,1
1,1024,240897560000000,240897566389375,240897581627625,15238250,21627625,6389375,240897570000000,1,1,0
1,1026,240897570000000,240897581815375,240897596446625,14631250,26446625,11815375,240897580000000,1,1,1
1,1027,240897590000000,240897596591125,240897612492500,15901375,22492500,6591125,240897600000000,1,1,0
1,1029,240897600000000,240897612646750,240897627313000,14666250,27313000,12646750,240897610000000,1,1,1
1,1030,240897620000000,240897627521000,240897642481500,14960500,22481500,7521000,240897630000000,1,1,0
1,1032,240897630000000,240897642668000,240897658584000,15916000,28584000,12668000,240897640000000,1,1,1
1,1033,240897650000000,240897658755375,240897674648875,15893500,24648875,8755375,240897660000000,1,1,0
1,1035,240897660000000,240897674816750,240897690767875,15951125,30767875,14816750,240897670000000,1,1,1
1,1037,240897680000000,240897690951875,240897706858125,15906250,26858125,10951875,240897690000000,1,1,1
1,1038,240897700000000,240897707036500,240897721422125,14385625,21422125,7036500,240897710000000,1,1,0
1,1040,240897710000000,240897721604250,240897736845750,15241500,26845750,11604250,240897720000000,1,1,1
1,1041,240897730000000,240897737000875,240897751169125,14168250,21169125,7000875,240897740000000,1,1,0
1,1043,240897740000000,240897751367250,240897767316875,15949625,27316875,11367250,240897750000000,1,1,1
1,1044,240897760000000,240897767503250,240897782747500,15244250,22747500,7503250,240897770000000,1,1,0
1,1046,240897770000000,240897782928500,240897796921375,13992875,26921375,12928500,240897780000000,1,1,1
1,1047,240897790000000,240897797089250,240897813023875,15934625,23023875,7089250,240897800000000,1,1,0
1,1049,240897800000000,240897813188250,240897829396125,16207875,29396125,13188250,240897810000000,1,1,1
1,1050,240897820000000,240897829592000,240897845211750,15619750,25211750,9592000,240897830000000,1,1,0
1,1052,240897830000000,240897845396625,240897861166000,15769375,31166000,15396625,240897840000000,1,1,1
1,1054,240897850000000,240897861338000,240897877265875,15927875,27265875,11338000,240897860000000,1,1,1
1,1055,240897870000000,240897877428500,240897893276125,15847625,23276125,7428500,240897880000000,1,1,0
1,1057,240897880000000,240897893435625,240897908627125,15191500,28627125,13435625,240897890000000,1,1,1
1,1058,240897900000000,240897908792000,240897924751500,15959500,24751500,8792000,240897910000000,1,1,0
1,1060,240897910000000,240897924913625,240897939551000,14637375,29551000,14913625,240897920000000,1,1,1
1,1061,240897930000000,240897939754625,240897955688250,15933625,25688250,9754625,240897940000000,1,1,0
1,1063,240897940000000,240897956666250,240897972622750,15956500,32622750,16666250,240897950000000,1,1,1
1,1065,240897960000000,240897972821250,240897988771500,15950250,28771500,12821250,240897970000000,1,1,1
1,1066,240897980000000,240897988942375,240898004187375,15245000,24187375,8942375,240897990000000,1,1,0
1,1068,240897990000000,240898005060875,240898020230750,15169875,30230750,15060875,240898000000000,1,1,1
1,1070,240898010000000,240898020397250,240898036359625,15962375,26359625,10397250,240898020000000,1,1,1
1,1071,240898030000000,240898036636000,240898052607500,15971500,22607500,6636000,240898040000000,1,1,0
1,1073,240898040000000,240898052794000,240898068694000,15900000,28694000,12794000,240898050000000,1,1,1
1,1074,240898060000000,240898068851500,240898084778250,15926750,24778250,8851500,240898070000000,1,1,0
1,1076,240898070000000,240898084943875,240898100907625,15963750,30907625,14943875,240898080000000,1,1,1
1,1078,240898090000000,240898101074625,240898116305875,15231250,26305875,11074625,240898100000000,1,1,1
1,1079,240898110000000,240898116462000,240898132326000,15864000,22326000,6462000,240898120000000,1,1,0
1,1081,240898120000000,240898132490500,240898148161625,15671125,28161625,12490500,240898130000000,1,1,1
1,1082,240898140000000,240898148314250,240898164174125,15859875,24174125,8314250,240898150000000,1,1,0
1,1084,240898150000000,240898164345500,240898179502750,15157250,29502750,14345500,240898160000000,1,1,1
1,1085,240898170000000,240898179694000,240898195631625,15937625,25631625,9694000,240898180000000,1,1,0
1,1087,240898180000000,240898195816500,240898211808750,15992250,31808750,15816500,240898190000000,1,1,1
1,1089,240898200000000,240898212024000,240898225734750,13710750,25734750,12024000,240898210000000,1,1,1
1,1090,240898220000000,240898225922750,240898241811875,15889125,21811875,5922750,240898230000000,1,1,0
1,1092,240898230000000,240898241967000,240898257922625,15955625,27922625,11967000,240898240000000,1,1,1
1,1093,240898250000000,240898258099250,240898274019250,15920000,24019250,8099250,240898260000000,1,1,0
1,1095,240898260000000,240898274199625,240898289389750,15190125,29389750,14199625,240898270000000,1,1,1
1,1096,240898280000000,240898289563875,240898305538875,15975000,25538875,9563875,240898290000000,1,1,0
1,1098,240898290000000,240898305708875,240898320933500,15224625,30933500,15708875,240898300000000,1,1,1
1,1100,240898310000000,240898321213500,240898337167125,15953625,27167125,11213500,240898320000000,1,1,1
1,1101,240898330000000,240898337362000,240898353252625,15890625,23252625,7362000,240898340000000,1,1,0
1,1103,240898340000000,240898353416750,240898369276000,15859250,29276000,13416750,240898350000000,1,1,1
1,1104,240898360000000,240898369434500,240898385313500,15879000,25313500,9434500,240898370000000,1,1,0
1,1106,240898370000000,240898385470625,240898401391125,15920500,31391125,15470625,240898380000000,1,1,1
1,1108,240898390000000,240898401554625,240898416749500,15194875,26749500,11554625,240898400000000,1,1,1
1,1109,240898410000000,240898417699500,240898432931375,15231875,22931375,7699500,240898420000000,1,1,0
1,1111,240898420000000,240898433119875,240898449011875,15892000,29011875,13119875,240898430000000,1,1,1
1,1112,240898440000000,240898449179500,240898465091125,15911625,25091125,9179500,240898450000000,1,1,0
1,1114,240898450000000,240898465264250,240898481237500,15973250,31237500,15264250,240898460000000,1,1,1
1,1116,240898470000000,240898481411125,240898497091500,15680375,27091500,11411125,240898480000000,1,1,1
1,1117,240898490000000,240898497260875,240898513194000,15933125,23194000,7260875,240898500000000,1,1,0
1,1119,240898500000000,240898513355000,240898526738375,13383375,26738375,13355000,240898510000000,1,1,1
1,1120,240898520000000,240898526938500,240898540896750,13958250,20896750,6938500,240898530000000,1,1,0
1,1122,240898530000000,240898541065750,240898556999250,15933500,26999250,11065750,240898540000000,1,1,1
1,1123,240898550000000,240898557160375,240898572911375,15751000,22911375,7160375,240898560000000,1,1,0
1,1125,240898560000000,240898573056000,240898589004625,15948625,29004625,13056000,240898570000000,1,1,1
1,1126,240898580000000,240898589931500,240898605254875,15323375,25254875,9931500,240898590000000,1,1,0
1,1128,240898590000000,240898605450250,240898620701625,15251375,30701625,15450250,240898600000000,1,1,1
1,1130,240898610000000,240898620887000,240898636103250,15216250,26103250,10887000,240898620000000,1,1,1
1,1131,240898630000000,240898636404375,240898651810000,15405625,21810000,6404375,240898640000000,1,1,0
1,1133,240898640000000,240898652037125,240898666622250,14585125,26622250,12037125,240898650000000,1,1,1
1,1134,240898660000000,240898666809375,240898682632000,15822625,22632000,6809375,240898670000000,1,1,0
1,1136,240898670000000,240898682814625,240898698043500,15228875,28043500,12814625,240898680000000,1,1,1
1,1137,240898690000000,240898698910250,240898713557500,14647250,23557500,8910250,240898700000000,1,1,0
1,1139,240898700000000,240898713747375,240898729380750,15633375,29380750,13747375,240898710000000,1,1,1
1,1140,240898720000000,240898729561875,240898744841125,15279250,24841125,9561875,240898730000000,1,1,0
1,1142,240898730000000,240898745005125,240898760297000,15291875,30297000,15005125,240898740000000,1,1,1
1,1144,240898750000000,240898760455250,240898776317500,15862250,26317500,10455250,240898760000000,1,1,1
1,1145,240898770000000,240898776473250,240898791073625,14600375,21073625,6473250,240898780000000,1,1,0
1,1147,240898780000000,240898791259625,240898805959625,14700000,25959625,11259625,240898790000000,1,1,1
1,1148,240898800000000,240898806123125,240898821780000,15656875,21780000,6123125,240898810000000,1,1,0
1,1150,240898810000000,240898821975125,240898837831750,15856625,27831750,11975125,240898820000000,1,1,1
1,1151,240898830000000,240898838012750,240898853951250,15938500,23951250,8012750,240898840000000,1,1,0
1,1153,240898840000000,240898854130750,240898869458375,15327625,29458375,14130750,240898850000000,1,1,1
1,1154,240898860000000,240898869622375,240898884819500,15197125,24819500,9622375,240898870000000,1,1,0
1,1156,240898870000000,240898884963125,240898900845500,15882375,30845500,14963125,240898880000000,1,1,1
1,1158,240898890000000,240898901015750,240898916477000,15461250,26477000,11015750,240898900000000,1,1,1
1,1159,240898910000000,240898916660000,240898932809750,16149750,22809750,6660000,240898920000000,1,1,0
1,1161,240898920000000,240898932975250,240898947673250,14698000,27673250,12975250,240898930000000,1,1,1
1,1162,240898940000000,240898947863125,240898963822125,15959000,23822125,7863125,240898950000000,1,1,0
1,1164,240898950000000,240898964030875,240898979140875,15110000,29140875,14030875,240898960000000,1,1,1
1,1165,240898970000000,240898979344000,240898995221000,15877000,25221000,9344000,240898980000000,1,1,0
1,1167,240898980000000,240898995536250,240899010954000,15417750,30954000,15536250,240898990000000,1,1,1
1,1169,240899000000000,240899011162375,240899027026250,15863875,27026250,11162375,240899010000000,1,1,1
1,1170,240899020000000,240899027235625,240899043112625,15877000,23112625,7235625,240899030000000,1,1,0
1,1172,240899030000000,240899043298125,240899058762750,15464625,28762750,13298125,240899040000000,1,1,1
1,1173,240899050000000,240899058970625,240899074908625,15938000,24908625,8970625,240899060000000,1,1,0
1,1175,240899060000000,240899075085875,240899090269750,15183875,30269750,15085875,240899070000000,1,1,1
1,1177,240899080000000,240899090448000,240899106357250,15909250,26357250,10448000,240899090000000,1,1,1
1,1178,240899100000000,240899106636375,240899122609375,15973000,22609375,6636375,240899110000000,1,1,0
1,1180,240899110000000,240899122810625,240899138707500,15896875,28707500,12810625,240899120000000,1,1,1
1,1181,240899130000000,240899138890625,240899154270375,15379750,24270375,8890625,240899140000000,1,1,0
1,1183,240899140000000,240899154441125,240899170224875,15783750,30224875,14441125,240899150000000,1,1,1
1,1185,240899160000000,240899170393250,240899185531500,15138250,25531500,10393250,240899170000000,1,1,1
1,1186,240899180000000,240899186478250,240899201728125,15249875,21728125,6478250,240899190000000,1,1,0
1,1188,240899190000000,240899202618750,240899217254250,14635500,27254250,12618750,240899200000000,1,1,1
1,1189,240899210000000,240899217432000,240899232906250,15474250,22906250,7432000,240899220000000,1,1,0
1,1191,240899220000000,240899233081125,240899248401250,15320125,28401250,13081125,240899230000000,1,1,1
1,1192,240899240000000,240899248580875,240899264427750,15846875,24427750,8580875,240899250000000,1,1,0
1,1194,240899250000000,240899264588375,240899280448125,15859750,30448125,14588375,240899260000000,1,1,1
1,1196,240899270000000,240899280604375,240899295794625,15190250,25794625,10604375,240899280000000,1,1,1
1,1197,240899290000000,240899295984750,240899311879125,15894375,21879125,5984750,240899300000000,1,1,0
1,1199,240899300000000,240899312062375,240899327925000,15862625,27925000,12062375,240899310000000,1,1,1
1,1200,240899320000000,240899328128000,240899342876750,14748750,22876750,8128000,240899330000000,1,1,0
1,1202,240899330000000,240899343056000,240899358946125,15890125,28946125,13056000,240899340000000,1,1,1
1,1203,240899350000000,240899359129625,240899374413750,15284125,24413750,9129625,240899360000000,1,1,0
1,1205,240899360000000,240899374586625,240899389700250,15113625,29700250,14586625,240899370000000,1,1,1
1,1206,240899380000000,240899389864250,240899405512875,15648625,25512875,9864250,240899390000000,1,1,0
1,1208,240899390000000,240899405685250,240899420248500,14563250,30248500,15685250,240899400000000,1,1,1
1,1210,240899410000000,240899420409500,240899435700500,15291000,25700500,10409500,240899420000000,1,1,1
1,1211,240899430000000,240899436069500,240899452028750,15959250,22028750,6069500,240899440000000,1,1,0
1,1213,240899440000000,240899452181750,240899466796750,14615000,26796750,12181750,240899450000000,1,1,1
1,1214,240899460000000,240899467673250,240899482898750,15225500,22898750,7673250,240899470000000,1,1,0
1,1216,240899470000000,240899483098000,240899498597625,15499625,28597625,13098000,240899480000000,1,1,1
1,1217,240899490000000,240899498791000,240899514408750,15617750,24408750,8791000,240899500000000,1,1,0
1,1219,240899500000000,240899514604500,240899529819750,15215250,29819750,14604500,240899510000000,1,1,1
1,1220,240899520000000,240899529984250,240899544614000,14629750,24614000,9984250,240899530000000,1,1,0
1,1222,240899530000000,240899544761875,240899559395000,14633125,29395000,14761875,240899540000000,1,1,1
1,1223,240899550000000,240899559574500,240899575425250,15850750,25425250,9574500,240899560000000,1,1,0
1,1225,240899560000000,240899575625250,240899591427250,15802000,31427250,15625250,240899570000000,1,1,1
1,1227,240899580000000,240899591609250,240899607021750,15412500,27021750,11609250,240899590000000,1,1,1
1,1228,240899600000000,240899607205625,240899623074375,15868750,23074375,7205625,240899610000000,1,1,0
1,1230,240899610000000,240899623247625,240899639160750,15913125,29160750,13247625,240899620000000,1,1,1
1,1231,240899630000000,240899639336375,240899653897750,14561375,23897750,9336375,240899640000000,1,1,0
1,1233,240899640000000,240899654075125,240899670023250,15948125,30023250,14075125,240899650000000,1,1,1
1,1235,240899660000000,240899670184750,240899686057875,15873125,26057875,10184750,240899670000000,1,1,1
1,1236,240899680000000,240899686247750,240899702120375,15872625,22120375,6247750,240899690000000,1,1,0
1,1238,240899690000000,240899702277500,240899718218375,15940875,28218375,12277500,240899700000000,1,1,1
1,1239,240899710000000,240899718388875,240899732879875,14491000,22879875,8388875,240899720000000,1,1,0
1,1241,240899720000000,240899733046375,240899748970125,15923750,28970125,13046375,240899730000000,1,1,1
1,1242,240899740000000,240899749130750,240899764381125,15250375,24381125,9130750,240899750000000,1,1,0
1,1244,240899750000000,240899764551000,240899779874625,15323625,29874625,14551000,240899760000000,1,1,1
1,1246,240899770000000,240899780068875,240899794593625,14524750,24593625,10068875,240899780000000,1,1,1
1,1247,240899790000000,240899794862500,240899810605375,15742875,20605375,4862500,240899800000000,1,0,0
1,1249,240899800000000,240899810798250,240899826108125,15309875,26108125,10798250,240899810000000,1,1,1
1,1250,240899820000000,240899827022750,240899842954375,15931625,22954375,7022750,240899830000000,1,1,0
1,1252,240899830000000,240899843141250,240899858382375,15241125,28382375,13141250,240899840000000,1,1,1
1,1253,240899850000000,240899858704125,240899874383875,15679750,24383875,8704125,240899860000000,1,1,0
1,1255,240899860000000,240899874600000,240899890484750,15884750,30484750,14600000,240899870000000,1,1,1
1,1257,240899880000000,240899890675125,240899905988000,15312875,25988000,10675125,240899890000000,1,1,1
1,1258,240899900000000,240899906160875,240899921553750,15392875,21553750,6160875,240899910000000,1,1,0
1,1260,240899910000000,240899921722250,240899937641125,15918875,27641125,11722250,240899920000000,1,1,1
1,1261,240899930000000,240899937800125,240899952990500,15190375,22990500,7800125,240899940000000,1,1,0
1,1263,240899940000000,240899953129750,240899969003250,15873500,29003250,13129750,240899950000000,1,1,1
1,1264,240899960000000,240899969131125,240899984557750,15426625,24557750,9131125,240899970000000,1,1,0
1,1266,240899970000000,240899984713000,240900000568875,15855875,30568875,14713000,240899980000000,1,1,1
1,1268,240899990000000,240900000732000,240900016042000,15310000,26042000,10732000,240900000000000,1,1,1
1,1269,240900010000000,240900016198625,240900032163375,15964750,22163375,6198625,240900020000000,1,1,0
1,1271,240900020000000,240900032319250,240900047500875,15181625,27500875,12319250,240900030000000,1,1,1
1,1272,240900040000000,240900047666250,240900062832250,15166000,22832250,7666250,240900050000000,1,1,0
1,1274,240900050000000,240900062983500,240900078930750,15947250,28930750,12983500,240900060000000,1,1,1
1,1275,240900070000000,240900079115375,240900095016125,15900750,25016125,9115375,240900080000000,1,1,0
1,1277,240900080000000,240900095195375,240900111061500,15866125,31061500,15195375,240900090000000,1,1,1
1,1279,240900100000000,240900111241125,240900127158625,15917500,27158625,11241125,240900110000000,1,1,1
1,1280,240900120000000,240900127346125,240900143259875,15913750,23259875,7346125,240900130000000,1,1,0
1,1282,240900130000000,240900143463125,240900157694125,14231000,27694125,13463125,240900140000000,1,1,1
1,1283,240900150000000,240900157876750,240900173716750,15840000,23716750,7876750,240900160000000,1,1,0
1,1285,240900160000000,240900173889375,240900188932500,15043125,28932500,13889375,240900170000000,1,1,1
1,1286,240900180000000,240900189067750,240900203779375,14711625,23779375,9067750,240900190000000,1,1,0
1,1288,240900190000000,240900203986750,240900219872000,15885250,29872000,13986750,240900200000000,1,1,1
1,1290,240900210000000,240900220115250,240900235258625,15143375,25258625,10115250,240900220000000,1,1,1
1,1291,240900230000000,240900235448000,240900251381625,15933625,21381625,5448000,240900240000000,1,1,0
1,1293,240900240000000,240900251610750,240900266312500,14701750,26312500,11610750,240900250000000,1,1,1
1,1294,240900260000000,240900266660375,240900282547125,15886750,22547125,6660375,240900270000000,1,1,0
1,1296,240900270000000,240900282737000,240900298656375,15919375,28656375,12737000,240900280000000,1,1,1
1,1297,240900290000000,240900298858125,240900314757500,15899375,24757500,8858125,240900300000000,1,1,0
1,1299,240900300000000,240900314920625,240900330804750,15884125,30804750,14920625,240900310000000,1,1,1
1,1301,240900320000000,240900330988750,240900346242750,15254000,26242750,10988750,240900330000000,1,1,1
1,1302,240900340000000,240900346390125,240900362324625,15934500,22324625,6390125,240900350000000,1,1,0
1,1304,240900350000000,240900362503375,240900378376875,15873500,28376875,12503375,240900360000000,1,1,1
1,1305,240900370000000,240900378716000,240900394033750,15317750,24033750,8716000,240900380000000,1,1,0
1,1307,240900380000000,240900394230500,240900410075750,15845250,30075750,14230500,240900390000000,1,1,1
1,1309,240900400000000,240900410250875,240900426200750,15949875,26200750,10250875,240900410000000,1,1,1
1,1310,240900420000000,240900426364250,240900439694500,13330250,19694500,6364250,240900430000000,1,1,0
1,1312,240900430000000,240900440706000,240900456609875,15903875,26609875,10706000,240900440000000,1,1,1
1,1313,240900450000000,240900456792375,240900472721125,15928750,22721125,6792375,240900460000000,1,1,0
1,1315,240900460000000,240900472876625,240900488202875,15326250,28202875,12876625,240900470000000,1,1,1
1,1316,240900480000000,240900488485750,240900503806000,15320250,23806000,8485750,240900490000000,1,1,0
1,1318,240900490000000,240900504148250,240900520043250,15895000,30043250,14148250,240900500000000,1,1,1
1,1320,240900510000000,240900520207250,240900535401125,15193875,25401125,10207250,240900520000000,1,1,1
1,1321,240900530000000,240900535586125,240900550801875,15215750,20801875,5586125,240900540000000,1,1,0
1,1323,240900540000000,240900550985750,240900566232750,15247000,26232750,10985750,240900550000000,1,1,1
1,1324,240900560000000,240900566410500,240900582344125,15933625,22344125,6410500,240900570000000,1,1,0
1,1326,240900570000000,240900582491500,240900598435875,15944375,28435875,12491500,240900580000000,1,1,1
1,1327,240900590000000,240900598617500,240900614437250,15819750,24437250,8617500,240900600000000,1,1,0
1,1329,240900600000000,240900614621375,240900630551000,15929625,30551000,14621375,240900610000000,1,1,1
1,1331,240900620000000,240900630732625,240900646019125,15286500,26019125,10732625,240900630000000,1,1,1
1,1332,240900640000000,240900646198750,240900660608250,14409500,20608250,6198750,240900650000000,1,1,0
1,1334,240900650000000,240900660770000,240900675984750,15214750,25984750,10770000,240900660000000,1,1,1
1,1335,240900670000000,240900676174000,240900692115000,15941000,22115000,6174000,240900680000000,1,1,0
1,1337,240900680000000,240900692257500,240900708209125,15951625,28209125,12257500,240900690000000,1,1,1
1,1338,240900700000000,240900708372125,240900724192500,15820375,24192500,8372125,240900710000000,1,1,0
1,1340,240900710000000,240900724466875,240900739725000,15258125,29725000,14466875,240900720000000,1,1,1
1,1341,240900730000000,240900739948125,240900755871000,15922875,25871000,9948125,240900740000000,1,1,0
1,1343,240900740000000,240900756061375,240900771428375,15367000,31428375,16061375,240900750000000,1,1,1
1,1345,240900760000000,240900771628375,240900787526500,15898125,27526500,11628375,240900770000000,1,1,1
1,1346,240900780000000,240900787723250,240900803665000,15941750,23665000,7723250,240900790000000,1,1,0
1,1348,240900790000000,240900803854875,240900819098875,15244000,29098875,13854875,240900800000000,1,1,1
1,1349,240900810000000,240900819275625,240900834759250,15483625,24759250,9275625,240900820000000,1,1,0
1,1351,240900820000000,240900834968625,240900850515500,15546875,30515500,14968625,240900830000000,1,1,1
1,1353,240900840000000,240900850725625,240900865715000,14989375,25715000,10725625,240900850000000,1,1,1
1,1354,240900860000000,240900865891750,240900881725750,15834000,21725750,5891750,240900870000000,1,1,0
1,1356,240900870000000,240900881903375,240900897261500,15358125,27261500,11903375,240900880000000,1,1,1
1,1357,240900890000000,240900897426625,240900913355875,15929250,23355875,7426625,240900900000000,1,1,0
1,1359,240900900000000,240900913625625,240900928364750,14739125,28364750,13625625,240900910000000,1,1,1
1,1360,240900920000000,240900928536625,240900944805000,16268375,24805000,8536625,240900930000000,1,1,0
1,1362,240900930000000,240900944967375,240900960916625,15949250,30916625,14967375,240900940000000,1,1,1
1,1364,240900950000000,240900961079750,240900976872250,15792500,26872250,11079750,240900960000000,1,1,1
1,1365,240900970000000,240900977035125,240900992924625,15889500,22924625,7035125,240900980000000,1,1,0
1,1367,240900980000000,240900993082750,240901008423625,15340875,28423625,13082750,240900990000000,1,1,1
1,1368,240901000000000,240901008589625,240901024035875,15446250,24035875,8589625,240901010000000,1,1,0
1,1370,240901010000000,240901024202625,240901038379125,14176500,28379125,14202625,240901020000000,1,1,1
1,1371,240901030000000,240901038529500,240901054368375,15838875,24368375,8529500,240901040000000,1,1,0
1,1373,240901040000000,240901054536250,240901069210000,14673750,29210000,14536250,240901050000000,1,1,1
1,1375,240901060000000,240901070125875,240901086039500,15913625,26039500,10125875,240901070000000,1,1,1
1,1376,240901080000000,240901086188375,240901102041375,15853000,22041375,6188375,240901090000000,1,1,0
1,1378,240901090000000,240901102213750,240901118195625,15981875,28195625,12213750,240901100000000,1,1,1
1,1379,240901110000000,240901118380625,240901133636375,15255750,23636375,8380625,240901120000000,1,1,0
1,1381,240901120000000,240901133819750,240901149728125,15908375,29728125,13819750,240901130000000,1,1,1
1,1382,240901140000000,240901149896500,240901165773500,15877000,25773500,9896500,240901150000000,1,1,0
1,1384,240901150000000,240901165958375,240901181389875,15431500,31389875,15958375,240901160000000,1,1,1
1,1386,240901170000000,240901181668625,240901197356250,15687625,27356250,11668625,240901180000000,1,1,1
1,1387,240901190000000,240901197545625,240901212050375,14504750,22050375,7545625,240901200000000,1,1,0
1,1389,240901200000000,240901212160750,240901227290125,15129375,27290125,12160750,240901210000000,1,1,1
1,1390,240901220000000,240901227494750,240901242913500,15418750,22913500,7494750,240901230000000,1,1,0
1,1392,240901230000000,240901243234625,240901259117375,15882750,29117375,13234625,240901240000000,1,1,1
1,1393,240901250000000,240901259301750,240901275288250,15986500,25288250,9301750,240901260000000,1,1,0
1,1395,240901260000000,240901275516000,240901290881750,15365750,30881750,15516000,240901270000000,1,1,1
1,1397,240901280000000,240901291064375,240901306959750,15895375,26959750,11064375,240901290000000,1,1,1
1,1398,240901300000000,240901307140250,240901321503625,14363375,21503625,7140250,240901310000000,1,1,0
1,1400,240901310000000,240901321684625,240901337645000,15960375,27645000,11684625,240901320000000,1,1,1
1,1401,240901330000000,240901337810125,240901353716500,15906375,23716500,7810125,240901340000000,1,1,0
1,1403,240901340000000,240901353876500,240901369218625,15342125,29218625,13876500,240901350000000,1,1,1
1,1404,240901360000000,240901369377875,240901385291250,15913375,25291250,9377875,240901370000000,1,1,0
1,1406,240901370000000,240901385431875,240901401347875,15916000,31347875,15431875,240901380000000,1,1,1
1,1408,240901390000000,240901401505500,240901416759375,15253875,26759375,11505500,240901400000000,1,1,1
1,1409,240901410000000,240901417716750,240901432891250,15174500,22891250,7716750,240901420000000,1,1,0
1,1411,240901420000000,240901433069375,240901448378750,15309375,28378750,13069375,240901430000000,1,1,1
1,1412,240901440000000,240901448542750,240901464456250,15913500,24456250,8542750,240901450000000,1,1,0
1,1414,240901450000000,240901464614000,240901479868250,15254250,29868250,14614000,240901460000000,1,1,1
1,1416,240901470000000,240901480047375,240901495898500,15851125,25898500,10047375,240901480000000,1,1,1
1,1417,240901490000000,240901496077250,240901511948250,15871000,21948250,6077250,240901500000000,1,1,0
1,1419,240901500000000,240901512145000,240901526943250,14798250,26943250,12145000,240901510000000,1,1,1
1,1420,240901520000000,240901527134875,240901543104625,15969750,23104625,7134875,240901530000000,1,1,0
1,1422,240901530000000,240901543291500,240901558620500,15329000,28620500,13291500,240901540000000,1,1,1
1,1423,240901550000000,240901558810375,240901574057875,15247500,24057875,8810375,240901560000000,1,1,0
1,1425,240901560000000,240901574230125,240901589492875,15262750,29492875,14230125,240901570000000,1,1,1
1,1426,240901580000000,240901589637375,240901604144500,14507125,24144500,9637375,240901590000000,1,1,0
1,1428,240901590000000,240901604285000,240901619449125,15164125,29449125,14285000,240901600000000,1,1,1
1,1429,240901610000000,240901619641000,240901635469125,15828125,25469125,9641000,240901620000000,1,1,0
1,1431,240901620000000,240901635671250,240901651554375,15883125,31554375,15671250,240901630000000,1,1,1
1,1433,240901640000000,240901651754000,240901667080625,15326625,27080625,11754000,240901650000000,1,1,1
1,1434,240901660000000,240901667259875,240901681639125,14379250,21639125,7259875,240901670000000,1,1,0
1,1436,240901670000000,240901687678375,240901703627750,15949375,33627750,17678375,240901680000000,1,1,1
1,1438,240901690000000,240901703873625,240901719033875,15160250,29033875,13873625,240901700000000,1,1,1
1,1439,240901710000000,240901719213000,240901734469625,15256625,24469625,9213000,240901720000000,1,1,0
1,1441,240901720000000,240901734644875,240901750502375,15857500,30502375,14644875,240901730000000,1,1,1
1,1443,240901740000000,240901750676250,240901765913875,15237625,25913875,10676250,240901750000000,1,1,1
1,1444,240901760000000,240901766070125,240901781971500,15901375,21971500,6070125,240901770000000,1,1,0
1,1446,240901770000000,240901782144875,240901796760250,14615375,26760250,12144875,240901780000000,1,1,1
1,1447,240901790000000,240901796937500,240901812338625,15401125,22338625,6937500,240901800000000,1,1,0
1,1449,240901800000000,240901812497250,240901828064000,15566750,28064000,12497250,240901810000000,1,1,1
1,1450,240901820000000,240901828201125,240901843467750,15266625,23467750,8201125,240901830000000,1,1,0
1,1452,240901830000000,240901843697500,240901859646250,15948750,29646250,13697500,240901840000000,1,1,1
1,1453,240901850000000,240901859817000,240901875736000,15919000,25736000,9817000,240901860000000,1,1,0
1,1455,240901860000000,240901875938000,240901891809250,15871250,31809250,15938000,240901870000000,1,1,1
1,1457,240901880000000,240901892103375,240901907960625,15857250,27960625,12103375,240901890000000,1,1,1
1,1458,240901900000000,240901908147500,240901924062125,15914625,24062125,8147500,240901910000000,1,1,0
1,1460,240901910000000,240901924225375,240901939423625,15198250,29423625,14225375,240901920000000,1,1,1
1,1461,240901930000000,240901939638375,240901954837000,15198625,24837000,9638375,240901940000000,1,1,0
1,1463,240901940000000,240901955016250,240901969790875,14774625,29790875,15016250,240901950000000,1,1,1
1,1464,240901960000000,240901969959375,240901985874750,15915375,25874750,9959375,240901970000000,1,1,0
1,1466,240901970000000,240901986044250,240902001923375,15879125,31923375,16044250,240901980000000,1,1,1
1,1468,240901990000000,240902002086000,240902016607875,14521875,26607875,12086000,240902000000000,1,1,1
1,1469,240902010000000,240902016775750,240902032060625,15284875,22060625,6775750,240902020000000,1,1,0
1,1471,240902020000000,240902032158500,240902047968625,15810125,27968625,12158500,240902030000000,1,1,1
1,1472,240902040000000,240902048214750,240902064070625,15855875,24070625,8214750,240902050000000,1,1,0
1,1474,240902050000000,240902064234750,240902080253125,16018375,30253125,14234750,240902060000000,1,1,1
1,1476,240902070000000,240902080430375,240902096338500,15908125,26338500,10430375,240902080000000,1,1,1
1,1477,240902090000000,240902096502625,240902112391750,15889125,22391750,6502625,240902100000000,1,1,0
1,1479,240902100000000,240902112538625,240902127292375,14753750,27292375,12538625,240902110000000,1,1,1
1,1480,240902120000000,240902127494750,240902143467750,15973000,23467750,7494750,240902130000000,1,1,0
1,1482,240902130000000,240902143650125,240902159494875,15844750,29494875,13650125,240902140000000,1,1,1
1,1483,240902150000000,240902159650500,240902175595375,15944875,25595375,9650500,240902160000000,1,1,0
1,1485,240902160000000,240902175750000,240902191695000,15945000,31695000,15750000,240902170000000,1,1,1
1,1487,240902180000000,240902191892625,240902206501375,14608750,26501375,11892625,240902190000000,1,1,1
1,1488,240902200000000,240902206675500,240902221909375,15233875,21909375,6675500,240902210000000,1,1,0
1,1490,240902210000000,240902222085000,240902237862125,15777125,27862125,12085000,240902220000000,1,1,1
1,1491,240902230000000,240902238003000,240902253083625,15080625,23083625,8003000,240902240000000,1,1,0
1,1493,240902240000000,240902253248625,240902269113375,15864750,29113375,13248625,240902250000000,1,1,1
1,1494,240902260000000,240902269268625,240902285144250,15875625,25144250,9268625,240902270000000,1,1,0
1,1496,240902270000000,240902285295625,240902301067125,15771500,31067125,15295625,240902280000000,1,1,1
1,1498,240902290000000,240902301221250,240902316403875,15182625,26403875,11221250,240902300000000,1,1,1
1,1499,240902310000000,240902318016250,240902332775750,14759500,22775750,8016250,240902320000000,1,1,0
1,1501,240902320000000,240902332983250,240902348234000,15250750,28234000,12983250,240902330000000,1,1,1
1,1502,240902340000000,240902348409875,240902364429250,16019375,24429250,8409875,240902350000000,1,1,0
1,1504,240902350000000,240902364557625,240902380467375,15909750,30467375,14557625,240902360000000,1,1,1
1,1506,240902370000000,240902380617375,240902395773000,15155625,25773000,10617375,240902380000000,1,1,1
1,1507,240902390000000,240902395947125,240902411837875,15890750,21837875,5947125,240902400000000,1,1,0
1,1509,240902400000000,240902412098500,240902426007375,13908875,26007375,12098500,240902410000000,1,1,1
1,1510,240902420000000,240902426189875,240902442083125,15893250,22083125,6189875,240902430000000,1,1,0
1,1512,240902430000000,240902442270875,240902457666750,15395875,27666750,12270875,240902440000000,1,1,1
1,1513,240902450000000,240902457820000,240902473723875,15903875,23723875,7820000,240902460000000,1,1,0
1,1515,240902460000000,240902473983000,240902488763000,14780000,28763000,13983000,240902470000000,1,1,1
1,1516,240902480000000,240902488940125,240902504163375,15223250,24163375,8940125,240902490000000,1,1,0
1,1518,240902490000000,240902504312250,240902519605500,15293250,29605500,14312250,240902500000000,1,1,1
1,1519,240902510000000,240902519808500,240902535714875,15906375,25714875,9808500,240902520000000,1,1,0
1,1521,240902520000000,240902535907500,240902551776250,15868750,31776250,15907500,240902530000000,1,1,1
1,1523,240902540000000,240902551937375,240902567859750,15922375,27859750,11937375,240902550000000,1,1,1
1,1524,240902560000000,240902568051000,240902583884125,15833125,23884125,8051000,240902570000000,1,1,0
1,1526,240902570000000,240902584061500,240902599942250,15880750,29942250,14061500,240902580000000,1,1,1
1,1528,240902590000000,240902600253625,240902615413750,15160125,25413750,10253625,240902600000000,1,1,1
1,1529,240902610000000,240902615624500,240902630011750,14387250,20011750,5624500,240902620000000,1,1,0
1,1531,240902620000000,240902630201125,240902645975625,15774500,25975625,10201125,240902630000000,1,1,1
1,1532,240902640000000,240902646208375,240902662129250,15920875,22129250,6208375,240902650000000,1,1,0
1,1534,240902650000000,240902662319625,240902678266875,15947250,28266875,12319625,240902660000000,1,1,1
1,1535,240902670000000,240902678438875,240902693654500,15215625,23654500,8438875,240902680000000,1,1,0
1,1537,240902680000000,240902693927875,240902708539000,14611125,28539000,13927875,240902690000000,1,1,1
1,1538,240902700000000,240902708720125,240902724099875,15379750,24099875,8720125,240902710000000,1,1,0
1,1540,240902710000000,240902724274000,240902740215000,15941000,30215000,14274000,240902720000000,1,1,1
1,1542,240902730000000,240902740374000,240902755528875,15154875,25528875,10374000,240902740000000,1,1,1
1,1543,240902750000000,240902755688375,240902771599625,15911250,21599625,5688375,240902760000000,1,1,0
1,1545,240902760000000,240902771795250,240902787122875,15327625,27122875,11795250,240902770000000,1,1,1
1,1546,240902780000000,240902787296125,240902801842875,14546750,21842875,7296125,240902790000000,1,1,0
1,1548,240902790000000,240902802008375,240902817265125,15256750,27265125,12008375,240902800000000,1,1,1
1,1549,240902810000000,240902817428625,240902833346125,15917500,23346125,7428625,240902820000000,1,1,0
1,1551,240902820000000,240902833515875,240902849279250,15763375,29279250,13515875,240902830000000,1,1,1
1,1552,240902840000000,240902849410500,240902865299250,15888750,25299250,9410500,240902850000000,1,1,0
1,1554,240902850000000,240902865443625,240902880693625,15250000,30693625,15443625,240902860000000,1,1,1
1,1556,240902870000000,240902880855250,240902896113875,15258625,26113875,10855250,240902880000000,1,1,1
1,1557,240902890000000,240902896279375,240902912134875,15855500,22134875,6279375,240902900000000,1,1,0
1,1559,240902900000000,240902912297750,240902928218250,15920500,28218250,12297750,240902910000000,1,1,1
1,1560,240902920000000,240902928481875,240902944117750,15635875,24117750,8481875,240902930000000,1,1,0
1,1562,240902930000000,240902945109875,240902961335750,16225875,31335750,15109875,240902940000000,1,1,1
1,1564,240902950000000,240902961531500,240902977536750,16005250,27536750,11531500,240902960000000,1,1,1
1,1565,240902970000000,240902977723125,240902993459250,15736125,23459250,7723125,240902980000000,1,1,0
1,1567,240902980000000,240902993734125,240903008848250,15114125,28848250,13734125,240902990000000,1,1,1
1,1568,240903000000000,240903009034250,240903024342750,15308500,24342750,9034250,240903010000000,1,1,0
1,1570,240903010000000,240903024618875,240903039279500,14660625,29279500,14618875,240903020000000,1,1,1
1,1571,240903030000000,240903039579500,240903054924625,15345125,24924625,9579500,240903040000000,1,1,0
1,1573,240903040000000,240903055120375,240903069711125,14590750,29711125,15120375,240903050000000,1,1,1
1,1574,240903060000000,240903069886750,240903085083500,15196750,25083500,9886750,240903070000000,1,1,0
1,1576,240903070000000,240903085230375,240903101165875,15935500,31165875,15230375,240903080000000,1,1,1
1,1578,240903090000000,240903101322125,240903117195250,15873125,27195250,11322125,240903100000000,1,1,1
1,1579,240903110000000,240903117324000,240903133061625,15737625,23061625,7324000,240903120000000,1,1,0
1,1581,240903120000000,240903133225000,240903147943500,14718500,27943500,13225000,240903130000000,1,1,1
1,1582,240903140000000,240903148140250,240903163989875,15849625,23989875,8140250,240903150000000,1,1,0
1,1584,240903150000000,240903164224125,240903179367250,15143125,29367250,14224125,240903160000000,1,1,1
1,1586,240903170000000,240903180163500,240903195490750,15327250,25490750,10163500,240903180000000,1,1,1
1,1587,240903190000000,240903195674250,240903211738625,16064375,21738625,5674250,240903200000000,1,1,0
1,1589,240903200000000,240903211965500,240903227320875,15355375,27320875,11965500,240903210000000,1,1,1
1,1590,240903220000000,240903227522375,240903242299500,14777125,22299500,7522375,240903230000000,1,1,0
1,1592,240903230000000,240903242469750,240903257986625,15516875,27986625,12469750,240903240000000,1,1,1
1,1593,240903250000000,240903258225750,240903273344750,15119000,23344750,8225750,240903260000000,1,1,0
1,1595,240903260000000,240903274140375,240903289407875,15267500,29407875,14140375,240903270000000,1,1,1
1,1596,240903280000000,240903289568500,240903304891125,15322625,24891125,9568500,240903290000000,1,1,0
1,1598,240903290000000,240903305042375,240903320263625,15221250,30263625,15042375,240903300000000,1,1,1
1,1600,240903310000000,240903320414000,240903336228000,15814000,26228000,10414000,240903320000000,1,1,1
1,1601,240903330000000,240903336377750,240903352303625,15925875,22303625,6377750,240903340000000,1,1,0
1,1603,240903340000000,240903352448625,240903367879625,15431000,27879625,12448625,240903350000000,1,1,1
1,1604,240903360000000,240903368085125,240903383243750,15158625,23243750,8085125,240903370000000,1,1,0
1,1606,240903370000000,240903383440375,240903398245375,14805000,28245375,13440375,240903380000000,1,1,1
1,1607,240903390000000,240903398427750,240903414404875,15977125,24404875,8427750,240903400000000,1,1,0
1,1609,240903400000000,240903414588875,240903430512250,15923375,30512250,14588875,240903410000000,1,1,1
1,1611,240903420000000,240903430695125,240903446575625,15880500,26575625,10695125,240903430000000,1,1,1
1,1612,240903440000000,240903446725500,240903461655875,14930375,21655875,6725500,240903450000000,1,1,0
1,1614,240903450000000,240903461829500,240903476965750,15136250,26965750,11829500,240903460000000,1,1,1
1,1615,240903470000000,240903477203375,240903491936125,14732750,21936125,7203375,240903480000000,1,1,0
1,1617,240903480000000,240903492148000,240903507674750,15526750,27674750,12148000,240903490000000,1,1,1
1,1618,240903500000000,240903507865375,240903523117750,15252375,23117750,7865375,240903510000000,1,1,0
1,1620,240903510000000,240903523309125,240903538447250,15138125,28447250,13309125,240903520000000,1,1,1
1,1621,240903530000000,240903538697625,240903552959000,14261375,22959000,8697625,240903540000000,1,1,0
1,1623,240903540000000,240903553800750,240903569275250,15474500,29275250,13800750,240903550000000,1,1,1
1,1624,240903560000000,240903569439750,240903584593125,15153375,24593125,9439750,240903570000000,1,1,0
1,1626,240903570000000,240903584723750,240903600255250,15531500,30255250,14723750,240903580000000,1,1,1
1,1628,240903590000000,240903600429875,240903617096625,16666750,27096625,10429875,240903600000000,1,1,1
1,1629,240903610000000,240903617244250,240903633045875,15801625,23045875,7244250,240903620000000,1,1,0
1,1631,240903620000000,240903633184375,240903647805375,14621000,27805375,13184375,240903630000000,1,1,1
1,1632,240903640000000,240903647993625,240903662833875,14840250,22833875,7993625,240903650000000,1,1,0
1,1634,240903650000000,240903662989375,240903675572000,12582625,25572000,12989375,240903660000000,1,1,1
1,1635,240903670000000,240903675730375,240903691552875,15822500,21552875,5730375,240903680000000,1,1,0
1,1637,240903680000000,240903691757000,240903705453250,13696250,25453250,11757000,240903690000000,1,1,1
1,1638,240903700000000,240903705549875,240903718779000,13229125,18779000,5549875,240903710000000,1,1,0
1,1639,240903710000000,240903718934375,240903733539500,14605125,23539500,8934375,240903720000000,1,1,0
1,1641,240903720000000,240903733657875,240903748940875,15283000,28940875,13657875,240903730000000,1,1,1
1,1642,240903740000000,240903749134625,240903764637250,15502625,24637250,9134625,240903750000000,1,1,0
1,1644,240903750000000,240903764791000,240903780633875,15842875,30633875,14791000,240903760000000,1,1,1
1,1646,240903770000000,240903780755875,240903795180125,14424250,25180125,10755875,240903780000000,1,1,1
1,1647,240903790000000,240903795450000,240903811426625,15976625,21426625,5450000,240903800000000,1,1,0
1,1649,240903800000000,240903811610500,240903827558250,15947750,27558250,11610500,240903810000000,1,1,1
1,1650,240903820000000,240903827743250,240903843572500,15829250,23572500,7743250,240903830000000,1,1,0
1,1652,240903830000000,240903843746750,240903859574000,15827250,29574000,13746750,240903840000000,1,1,1
1,1653,240903850000000,240903859865750,240903874260750,14395000,24260750,9865750,240903860000000,1,1,0
1,1655,240903860000000,240903874455000,240903889602500,15147500,29602500,14455000,240903870000000,1,1,1
1,1656,240903880000000,240903889713375,240903905663000,15949625,25663000,9713375,240903890000000,1,1,0
1,1658,240903890000000,240903905812875,240903921802000,15989125,31802000,15812875,240903900000000,1,1,1
1,1660,240903910000000,240903921933250,240903937881625,15948375,27881625,11933250,240903920000000,1,1,1
1,1661,240903930000000,240903938107500,240903954082375,15974875,24082375,8107500,240903940000000,1,1,0
1,1663,240903940000000,240903954223625,240903968304375,14080750,28304375,14223625,240903950000000,1,1,1
1,1664,240903960000000,240903968454125,240903983648625,15194500,23648625,8454125,240903970000000,1,1,0
1,1666,240903970000000,240903983836000,240903999857875,16021875,29857875,13836000,240903980000000,1,1,1
1,1668,240903990000000,240904000063250,240904015954000,15890750,25954000,10063250,240904000000000,1,1,1
1,1669,240904010000000,240904016141500,240904030959625,14818125,20959625,6141500,240904020000000,1,1,0
1,1671,240904020000000,240904031156250,240904047034625,15878375,27034625,11156250,240904030000000,1,1,1
1,1672,240904040000000,240904047216750,240904063164125,15947375,23164125,7216750,240904050000000,1,1,0
1,1674,240904050000000,240904063311875,240904078492000,15180125,28492000,13311875,240904060000000,1,1,1
1,1675,240904070000000,240904078648125,240904094540875,15892750,24540875,8648125,240904080000000,1,1,0
1,1677,240904080000000,240904094705000,240904110643250,15938250,30643250,14705000,240904090000000,1,1,1
1,1679,240904100000000,240904110811750,240904126852750,16041000,26852750,10811750,240904110000000,1,1,1
1,1680,240904120000000,240904127131250,240904142998000,15866750,22998000,7131250,240904130000000,1,1,0
1,1682,240904130000000,240904143220625,240904158606625,15386000,28606625,13220625,240904140000000,1,1,1
1,1683,240904150000000,240904158789125,240904174731625,15942500,24731625,8789125,240904160000000,1,1,0
1,1685,240904160000000,240904175698375,240904190998500,15300125,30998500,15698375,240904170000000,1,1,1
1,1687,240904180000000,240904191233500,240904207274625,16041125,27274625,11233500,240904190000000,1,1,1
1,1688,240904200000000,240904207508875,240904223504000,15995125,23504000,7508875,240904210000000,1,1,0
1,1690,240904210000000,240904223698875,240904238828125,15129250,28828125,13698875,240904220000000,1,1,1
1,1691,240904230000000,240904239033125,240904254971125,15938000,24971125,9033125,240904240000000,1,1,0
1,1693,240904240000000,240904255180000,240904270413875,15233875,30413875,15180000,240904250000000,1,1,1
1,1695,240904260000000,240904270639875,240904284967500,14327625,24967500,10639875,240904270000000,1,1,1
1,1696,240904280000000,240904285198125,240904299727000,14528875,19727000,5198125,240904290000000,1,1,0
1,1697,240904290000000,240904299984125,240904315420125,15436000,25420125,9984125,240904300000000,1,1,0
1,1699,240904300000000,240904315652625,240904331408875,15756250,31408875,15652625,240904310000000,1,1,1
1,1701,240904320000000,240904331587500,240904346011250,14423750,26011250,11587500,240904330000000,1,1,1
1,1702,240904340000000,240904346292125,240904362310000,16017875,22310000,6292125,240904350000000,1,1,0
1,1704,240904350000000,240904362456875,240904377710875,15254000,27710875,12456875,240904360000000,1,1,1
1,1705,240904370000000,240904377866875,240904393720375,15853500,23720375,7866875,240904380000000,1,1,0
1,1707,240904380000000,240904393862875,240904409149000,15286125,29149000,13862875,240904390000000,1,1,1
1,1708,240904400000000,240904409274500,240904425132875,15858375,25132875,9274500,240904410000000,1,1,0
1,1710,240904410000000,240904425229250,240904439671875,14442625,29671875,15229250,240904420000000,1,1,1
1,1711,240904430000000,240904439923250,240904454413375,14490125,24413375,9923250,240904440000000,1,1,0
1,1713,240904440000000,240904455303500,240904470191750,14888250,30191750,15303500,240904450000000,1,1,1
1,1715,240904460000000,240904470343625,240904485875625,15532000,25875625,10343625,240904470000000,1,1,1
1,1716,240904480000000,240904486022500,240904501877125,15854625,21877125,6022500,240904490000000,1,1,0
1,1718,240904490000000,240904502031375,240904517166500,15135125,27166500,12031375,240904500000000,1,1,1
1,1719,240904510000000,240904517332875,240904533058125,15725250,23058125,7332875,240904520000000,1,1,0
1,1721,240904520000000,240904533223750,240904549106500,15882750,29106500,13223750,240904530000000,1,1,1
1,1722,240904540000000,240904549261125,240904564473625,15212500,24473625,9261125,240904550000000,1,1,0
1,1724,240904550000000,240904564743625,240904580684375,15940750,30684375,14743625,240904560000000,1,1,1
1,1726,240904570000000,240904580869000,240904596821000,15952000,26821000,10869000,240904580000000,1,1,1
1,1727,240904590000000,240904596987500,240904612899125,15911625,22899125,6987500,240904600000000,1,1,0
1,1729,240904600000000,240904613063125,240904628354000,15290875,28354000,13063125,240904610000000,1,1,1
1,1730,240904620000000,240904628503000,240904644480000,15977000,24480000,8503000,240904630000000,1,1,0
1,1732,240904630000000,240904644605875,240904659114500,14508625,29114500,14605875,240904640000000,1,1,1
1,1733,240904650000000,240904659298500,240904674532375,15233875,24532375,9298500,240904660000000,1,1,0
1,1735,240904660000000,240904674720250,240904689857875,15137625,29857875,14720250,240904670000000,1,1,1
1,1737,240904680000000,240904690022375,240904705910750,15888375,25910750,10022375,240904690000000,1,1,1
1,1738,240904700000000,240904706072625,240904722000000,15927375,22000000,6072625,240904710000000,1,1,0
1,1740,240904710000000,240904722170375,240904738076000,15905625,28076000,12170375,240904720000000,1,1,1
1,1741,240904730000000,240904738212750,240904752684875,14472125,22684875,8212750,240904740000000,1,1,0
1,1743,240904740000000,240904752838750,240904767521500,14682750,27521500,12838750,240904750000000,1,1,1
1,1744,240904760000000,240904767719625,240904783634625,15915000,23634625,7719625,240904770000000,1,1,0
1,1746,240904770000000,240904784585375,240904800562250,15976875,30562250,14585375,240904780000000,1,1,1
1,1748,240904790000000,240904800744875,240904816610625,15865750,26610625,10744875,240904800000000,1,1,1
1,1749,240904810000000,240904816763375,240904831373125,14609750,21373125,6763375,240904820000000,1,1,0
1,1751,240904820000000,240904831675250,240904846935875,15260625,26935875,11675250,240904830000000,1,1,1
1,1752,240904840000000,240904847137500,240904863019875,15882375,23019875,7137500,240904850000000,1,1,0
1,1754,240904850000000,240904863209250,240904879137500,15928250,29137500,13209250,240904860000000,1,1,1
1,1755,240904870000000,240904879337125,240904895231125,15894000,25231125,9337125,240904880000000,1,1,0
1,1757,240904880000000,240904895417625,240904911281875,15864250,31281875,15417625,240904890000000,1,1,1
1,1759,240904900000000,240904911644000,240904927486875,15842875,27486875,11644000,240904910000000,1,1,1
1,1760,240904920000000,240904927753625,240904943691875,15938250,23691875,7753625,240904930000000,1,1,0
1,1762,240904930000000,240904943881125,240904957438250,13557125,27438250,13881125,240904940000000,1,1,1
1,1763,240904950000000,240904957650500,240904973836875,16186375,23836875,7650500,240904960000000,1,1,0
1,1765,240904960000000,240904974027250,240904989939375,15912125,29939375,14027250,240904970000000,1,1,1
1,1767,240904980000000,240904990130625,240905006079000,15948375,26079000,10130625,240904990000000,1,1,1
1,1768,240905000000000,240905006254625,240905022152625,15898000,22152625,6254625,240905010000000,1,1,0
1,1770,240905010000000,240905022480125,240905038309750,15829625,28309750,12480125,240905020000000,1,1,1
1,1771,240905030000000,240905038493750,240905053774875,15281125,23774875,8493750,240905040000000,1,1,0
1,1773,240905040000000,240905053952250,240905069879750,15927500,29879750,13952250,240905050000000,1,1,1
1,1775,240905060000000,240905070057000,240905085582125,15525125,25582125,10057000,240905070000000,1,1,1
1,1776,240905080000000,240905085741375,240905101033250,15291875,21033250,5741375,240905090000000,1,1,0
1,1778,240905090000000,240905101205125,240905115927000,14721875,25927000,11205125,240905100000000,1,1,1
1,1779,240905110000000,240905116139250,240905131265750,15126500,21265750,6139250,240905120000000,1,1,0
1,1781,240905120000000,240905131439375,240905146080875,14641500,26080875,11439375,240905130000000,1,1,1
1,1782,240905140000000,240905146268375,240905161721625,15453250,21721625,6268375,240905150000000,1,1,0
1,1784,240905150000000,240905161892125,240905177812375,15920250,27812375,11892125,240905160000000,1,1,1
1,1785,240905170000000,240905177992750,240905193874375,15881625,23874375,7992750,240905180000000,1,1,0
1,1787,240905180000000,240905194039500,240905209275125,15235625,29275125,14039500,240905190000000,1,1,1
1,1788,240905200000000,240905209451000,240905225334250,15883250,25334250,9451000,240905210000000,1,1,0
1,1790,240905210000000,240905225501125,240905239498875,13997750,29498875,15501125,240905220000000,1,1,1
1,1791,240905230000000,240905239697000,240905255633500,15936500,25633500,9697000,240905240000000,1,1,0
1,1793,240905240000000,240905255827750,240905271711125,15883375,31711125,15827750,240905250000000,1,1,1
1,1795,240905260000000,240905271904000,240905287749750,15845750,27749750,11904000,240905270000000,1,1,1
1,1796,240905280000000,240905287948375,240905303803375,15855000,23803375,7948375,240905290000000,1,1,0
1,1798,240905290000000,240905304037625,240905318154000,14116375,28154000,14037625,240905300000000,1,1,1
1,1799,240905310000000,240905318339500,240905333576625,15237125,23576625,8339500,240905320000000,1,1,0
1,1801,240905320000000,240905333750750,240905348898500,15147750,28898500,13750750,240905330000000,1,1,1
1,1802,240905340000000,240905349162500,240905364513875,15351375,24513875,9162500,240905350000000,1,1,0
1,1804,240905350000000,240905364698875,240905380628125,15929250,30628125,14698875,240905360000000,1,1,1
1,1806,240905370000000,240905380802250,240905395931250,15129000,25931250,10802250,240905380000000,1,1,1
1,1807,240905390000000,240905396149875,240905410404750,14254875,20404750,6149875,240905400000000,1,1,0
1,1809,240905400000000,240905412116125,240905427340375,15224250,27340375,12116125,240905410000000,1,1,1
1,1810,240905420000000,240905427562250,240905443503250,15941000,23503250,7562250,240905430000000,1,1,0
1,1812,240905430000000,240905443706750,240905459540375,15833625,29540375,13706750,240905440000000,1,1,1
1,1813,240905450000000,240905459709625,240905475652500,15942875,25652500,9709625,240905460000000,1,1,0
1,1815,240905460000000,240905475858750,240905491749125,15890375,31749125,15858750,240905470000000,1,1,1
1,1817,240905480000000,240905491943375,240905507371000,15427625,27371000,11943375,240905490000000,1,1,1
1,1818,240905500000000,240905507716000,240905522948000,15232000,22948000,7716000,240905510000000,1,1,0
1,1820,240905510000000,240905523135875,240905537729875,14594000,27729875,13135875,240905520000000,1,1,1
1,1821,240905530000000,240905537897375,240905553077750,15180375,23077750,7897375,240905540000000,1,1,0
1,1823,240905540000000,240905553227250,240905568535750,15308500,28535750,13227250,240905550000000,1,1,1
1,1824,240905560000000,240905568813000,240905584703625,15890625,24703625,8813000,240905570000000,1,1,0
1,1826,240905570000000,240905584866625,240905600253750,15387125,30253750,14866625,240905580000000,1,1,1
1,1828,240905590000000,240905600416375,240905615600375,15184000,25600375,10416375,240905600000000,1,1,1
1,1829,240905610000000,240905615795000,240905631701875,15906875,21701875,5795000,240905620000000,1,1,0
1,1831,240905620000000,240905632064000,240905647890625,15826625,27890625,12064000,240905630000000,1,1,1
1,1832,240905640000000,240905648069750,240905663405125,15335375,23405125,8069750,240905650000000,1,1,0
1,1834,240905650000000,240905663605625,240905678969875,15364250,28969875,13605625,240905660000000,1,1,1
1,1835,240905670000000,240905679123125,240905695038625,15915500,25038625,9123125,240905680000000,1,1,0
1,1837,240905680000000,240905695214500,240905709663500,14449000,29663500,15214500,240905690000000,1,1,1
1,1838,240905700000000,240905709822125,240905725687375,15865250,25687375,9822125,240905710000000,1,1,0
1,1840,240905710000000,240905725980750,240905741391250,15410500,31391250,15980750,240905720000000,1,1,1
1,1842,240905730000000,240905741580125,240905757537625,15957500,27537625,11580125,240905740000000,1,1,1
1,1843,240905750000000,240905757682500,240905773643500,15961000,23643500,7682500,240905760000000,1,1,0
1,1845,240905760000000,240905773827500,240905789494125,15666625,29494125,13827500,240905770000000,1,1,1
1,1846,240905780000000,240905789667875,240905805592125,15924250,25592125,9667875,240905790000000,1,1,0
1,1848,240905790000000,240905805762000,240905821108125,15346125,31108125,15762000,240905800000000,1,1,1
1,1850,240905810000000,240905821241875,240905836436750,15194875,26436750,11241875,240905820000000,1,1,1
1,1851,240905830000000,240905836615750,240905851287500,14671750,21287500,6615750,240905840000000,1,1,0
1,1853,240905840000000,240905851481625,240905867423125,15941500,27423125,11481625,240905850000000,1,1,1
1,1854,240905860000000,240905867587125,240905883420625,15833500,23420625,7587125,240905870000000,1,1,0
1,1856,240905870000000,240905883608625,240905899533500,15924875,29533500,13608625,240905880000000,1,1,1
1,1857,240905890000000,240905899721250,240905914034875,14313625,24034875,9721250,240905900000000,1,1,0
1,1859,240905900000000,240905914227500,240905930152375,15924875,30152375,14227500,240905910000000,1,1,1
1,1861,240905920000000,240905930335875,240905946164125,15828250,26164125,10335875,240905930000000,1,1,1
1,1862,240905940000000,240905946322750,240905961673625,15350875,21673625,6322750,240905950000000,1,1,0
1,1864,240905950000000,240905961857125,240905977281375,15424250,27281375,11857125,240905960000000,1,1,1
1,1865,240905970000000,240905977450875,240905993295500,15844625,23295500,7450875,240905980000000,1,1,0
1,1867,240905980000000,240905993464875,240906008618125,15153250,28618125,13464875,240905990000000,1,1,1
1,1868,240906000000000,240906008769375,240906024698625,15929250,24698625,8769375,240906010000000,1,1,0
1,1870,240906010000000,240906025670375,240906041699625,16029250,31699625,15670375,240906020000000,1,1,1
1,1872,240906030000000,240906041888375,240906057734625,15846250,27734625,11888375,240906040000000,1,1,1
1,1873,240906050000000,240906057913375,240906072060375,14147000,22060375,7913375,240906060000000,1,1,0
1,1875,240906060000000,240906072223375,240906087419000,15195625,27419000,12223375,240906070000000,1,1,1
1,1876,240906080000000,240906087596875,240906101452125,13855250,21452125,7596875,240906090000000,1,1,0
1,1878,240906090000000,240906101627625,240906117411625,15784000,27411625,11627625,240906100000000,1,1,1
1,1879,240906110000000,240906117567375,240906133298375,15731000,23298375,7567375,240906120000000,1,1,0
1,1881,240906120000000,240906133476125,240906149380875,15904750,29380875,13476125,240906130000000,1,1,1
1,1882,240906140000000,240906149547375,240906164853875,15306500,24853875,9547375,240906150000000,1,1,0
1,1884,240906150000000,240906165026000,240906180393625,15367625,30393625,15026000,240906160000000,1,1,1
1,1886,240906170000000,240906180582500,240906195780375,15197875,25780375,10582500,240906180000000,1,1,1
1,1887,240906190000000,240906195980875,240906211833375,15852500,21833375,5980875,240906200000000,1,1,0
1,1889,240906200000000,240906212108625,240906227932500,15823875,27932500,12108625,240906210000000,1,1,1
1,1890,240906220000000,240906228108125,240906243998375,15890250,23998375,8108125,240906230000000,1,1,0
1,1892,240906230000000,240906244155625,240906260109500,15953875,30109500,14155625,240906240000000,1,1,1
1,1894,240906250000000,240906260244875,240906274695500,14450625,24695500,10244875,240906260000000,1,1,1
1,1895,240906270000000,240906274847125,240906289361750,14514625,19361750,4847125,240906280000000,1,0,0
1,1896,240906280000000,240906289524750,240906304941625,15416875,24941625,9524750,240906290000000,1,1,0
1,1898,240906290000000,240906305111000,240906320831750,15720750,30831750,15111000,240906300000000,1,1,1
1,1900,240906310000000,240906320972375,240906336048375,15076000,26048375,10972375,240906320000000,1,1,1
1,1901,240906330000000,240906336197000,240906351561625,15364625,21561625,6197000,240906340000000,1,1,0
1,1903,240906340000000,240906351747125,240906366957500,15210375,26957500,11747125,240906350000000,1,1,1
1,1904,240906360000000,240906367138500,240906383011500,15873000,23011500,7138500,240906370000000,1,1,0
1,1906,240906370000000,240906383198000,240906399102875,15904875,29102875,13198000,240906380000000,1,1,1
1,1907,240906390000000,240906399274250,240906415203875,15929625,25203875,9274250,240906400000000,1,1,0
1,1909,240906400000000,240906415388500,240906431346875,15958375,31346875,15388500,240906410000000,1,1,1
1,1911,240906420000000,240906431545500,240906447412250,15866750,27412250,11545500,240906430000000,1,1,1
1,1912,240906440000000,240906447603500,240906463547000,15943500,23547000,7603500,240906450000000,1,1,0
1,1914,240906450000000,240906463728875,240906478906625,15177750,28906625,13728875,240906460000000,1,1,1
1,1915,240906470000000,240906479091625,240906493657000,14565375,23657000,9091625,240906480000000,1,1,0
1,1917,240906480000000,240906493831125,240906509755000,15923875,29755000,13831125,240906490000000,1,1,1
1,1918,240906500000000,240906509927250,240906525775000,15847750,25775000,9927250,240906510000000,1,1,0
1,1920,240906510000000,240906525937625,240906541827750,15890125,31827750,15937625,240906520000000,1,1,1
1,1922,240906530000000,240906542005000,240906557907750,15902750,27907750,12005000,240906540000000,1,1,1
1,1923,240906550000000,240906558074625,240906573329000,15254375,23329000,8074625,240906560000000,1,1,0
1,1925,240906560000000,240906574186000,240906589420375,15234375,29420375,14186000,240906570000000,1,1,1
1,1926,240906580000000,240906589589125,240906605473000,15883875,25473000,9589125,240906590000000,1,1,0
1,1928,240906590000000,240906605632000,240906621005000,15373000,31005000,15632000,240906600000000,1,1,1
1,1930,240906610000000,240906621169000,240906637100625,15931625,27100625,11169000,240906620000000,1,1,1
1,1931,240906630000000,240906637260250,240906653171875,15911625,23171875,7260250,240906640000000,1,1,0
1,1933,240906640000000,240906654050875,240906669974625,15923750,29974625,14050875,240906650000000,1,1,1
1,1935,240906660000000,240906670164875,240906685470000,15305125,25470000,10164875,240906670000000,1,1,1
1,1936,240906680000000,240906685643750,240906701397250,15753500,21397250,5643750,240906690000000,1,1,0
1,1938,240906690000000,240906701579750,240906717534375,15954625,27534375,11579750,240906700000000,1,1,1
1,1939,240906710000000,240906717704875,240906732783500,15078625,22783500,7704875,240906720000000,1,1,0
1,1941,240906720000000,240906732953625,240906748840500,15886875,28840500,12953625,240906730000000,1,1,1
1,1942,240906740000000,240906749001500,240906763260875,14259375,23260875,9001500,240906750000000,1,1,0
1,1944,240906750000000,240906763468375,240906778643625,15175250,28643625,13468375,240906760000000,1,1,1
1,1945,240906770000000,240906778803750,240906794707875,15904125,24707875,8803750,240906780000000,1,1,0
1,1947,240906780000000,240906794884625,240906810055250,15170625,30055250,14884625,240906790000000,1,1,1
1,1949,240906800000000,240906810233625,240906826422500,16188875,26422500,10233625,240906810000000,1,1,1
1,1950,240906820000000,240906826615250,240906841933000,15317750,21933000,6615250,240906830000000,1,1,0
1,1952,240906830000000,240906842105375,240906857789125,15683750,27789125,12105375,240906840000000,1,1,1
1,1953,240906850000000,240906858077000,240906873278625,15201625,23278625,8077000,240906860000000,1,1,0
1,1955,240906860000000,240906874150125,240906889351875,15201750,29351875,14150125,240906870000000,1,1,1
1,1956,240906880000000,240906889537250,240906905452375,15915125,25452375,9537250,240906890000000,1,1,0
1,1958,240906890000000,240906905630875,240906921587000,15956125,31587000,15630875,240906900000000,1,1,1
1,1960,240906910000000,240906921759875,240906936403625,14643750,26403625,11759875,240906920000000,1,1,1
1,1961,240906930000000,240906936576375,240906952507250,15930875,22507250,6576375,240906940000000,1,1,0
1,1963,240906940000000,240906952670125,240906968618375,15948250,28618375,12670125,240906950000000,1,1,1
1,1964,240906960000000,240906968880500,240906984561750,15681250,24561750,8880500,240906970000000,1,1,0
1,1966,240906970000000,240906984758375,240907000624750,15866375,30624750,14758375,240906980000000,1,1,1
1,1968,240906990000000,240907000800375,240907016748625,15948250,26748625,10800375,240907000000000,1,1,1
1,1969,240907010000000,240907016913125,240907032783250,15870125,22783250,6913125,240907020000000,1,1,0
1,1971,240907020000000,240907032947250,240907047180250,14233000,27180250,12947250,240907030000000,1,1,1
1,1972,240907040000000,240907047378000,240907063311125,15933125,23311125,7378000,240907050000000,1,1,0
1,1974,240907050000000,240907063481875,240907078696750,15214875,28696750,13481875,240907060000000,1,1,1
1,1975,240907070000000,240907078872750,240907094762000,15889250,24762000,8872750,240907080000000,1,1,0
1,1977,240907080000000,240907094942750,240907110311750,15369000,30311750,14942750,240907090000000,1,1,1
1,1979,240907100000000,240907110484500,240907126401875,15917375,26401875,10484500,240907110000000,1,1,1
1,1980,240907120000000,240907126576125,240907142385250,15809125,22385250,6576125,240907130000000,1,1,0
1,1982,240907130000000,240907142552250,240907157250250,14698000,27250250,12552250,240907140000000,1,1,1
1,1983,240907150000000,240907157419625,240907172646625,15227000,22646625,7419625,240907160000000,1,1,0
1,1985,240907160000000,240907172804750,240907188763750,15959000,28763750,12804750,240907170000000,1,1,1
1,1986,240907180000000,240907188926750,240907204934000,16007250,24934000,8926750,240907190000000,1,1,0
1,1988,240907190000000,240907205092250,240907220426500,15334250,30426500,15092250,240907200000000,1,1,1
1,1990,240907210000000,240907220598375,240907235878500,15280125,25878500,10598375,240907220000000,1,1,1
1,1991,240907230000000,240907236064000,240907251956625,15892625,21956625,6064000,240907240000000,1,1,0
1,1993,240907240000000,240907252149000,240907268062000,15913000,28062000,12149000,240907250000000,1,1,1
1,1994,240907260000000,240907268947375,240907283574500,14627125,23574500,8947375,240907270000000,1,1,0
1,1996,240907270000000,240907283768250,240907299270000,15501750,29270000,13768250,240907280000000,1,1,1
1,1997,240907290000000,240907299468500,240907315365625,15897125,25365625,9468500,240907300000000,1,1,0
1,1999,240907300000000,240907315551750,240907331460375,15908625,31460375,15551750,240907310000000,1,1,1
1,2001,240907320000000,240907331644250,240907347449125,15804875,27449125,11644250,240907330000000,1,1,1
1,2002,240907340000000,240907347639875,240907363383625,15743750,23383625,7639875,240907350000000,1,1,0
1,2004,240907350000000,240907363559375,240907378826000,15266625,28826000,13559375,240907360000000,1,1,1
1,2005,240907370000000,240907379011875,240907394897750,15885875,24897750,9011875,240907380000000,1,1,0
1,2007,240907380000000,240907395100250,240907410266125,15165875,30266125,15100250,240907390000000,1,1,1
1,2009,240907400000000,240907410424750,240907425154500,14729750,25154500,10424750,240907410000000,1,1,1
1,2010,240907420000000,240907425322000,240907441071625,15749625,21071625,5322000,240907430000000,1,1,0
1,2012,240907430000000,240907441229750,240907457158000,15928250,27158000,11229750,240907440000000,1,1,1
1,2013,240907450000000,240907457317500,240907472562125,15244625,22562125,7317500,240907460000000,1,1,0
1,2015,240907460000000,240907472717000,240907488127875,15410875,28127875,12717000,240907470000000,1,1,1
1,2016,240907480000000,240907488264000,240907502306125,14042125,22306125,8264000,240907490000000,1,1,0
1,2018,240907490000000,240907502491125,240907517085750,14594625,27085750,12491125,240907500000000,1,1,1
1,2019,240907510000000,240907517236125,240907533178875,15942750,23178875,7236125,240907520000000,1,1,0
1,2021,240907520000000,240907533432625,240907549209625,15777000,29209625,13432625,240907530000000,1,1,1
1,2022,240907540000000,240907549387875,240907563803250,14415375,23803250,9387875,240907550000000,1,1,0
1,2024,240907550000000,240907564037000,240907578241875,14204875,28241875,14037000,240907560000000,1,1,1
1,2025,240907570000000,240907578428250,240907594353875,15925625,24353875,8428250,240907580000000,1,1,0
1,2027,240907580000000,240907594531125,240907609626375,15095250,29626375,14531125,240907590000000,1,1,1
1,2028,240907600000000,240907609781125,240907624509375,14728250,24509375,9781125,240907610000000,1,1,0
1,2030,240907610000000,240907624654750,240907639414375,14759625,29414375,14654750,240907620000000,1,1,1
1,2031,240907630000000,240907639591000,240907655462125,15871125,25462125,9591000,240907640000000,1,1,0
1,2033,240907640000000,240907655658375,240907671621250,15962875,31621250,15658375,240907650000000,1,1,1
1,2035,240907660000000,240907671826750,240907687720875,15894125,27720875,11826750,240907670000000,1,1,1
1,2036,240907680000000,240907687924750,240907703349375,15424625,23349375,7924750,240907690000000,1,1,0
1,2038,240907690000000,240907703669250,240907718916125,15246875,28916125,13669250,240907700000000,1,1,1
1,2039,240907710000000,240907719112375,240907733764375,14652000,23764375,9112375,240907720000000,1,1,0
1,2041,240907720000000,240907733939750,240907749768375,15828625,29768375,13939750,240907730000000,1,1,1
1,2042,240907740000000,240907749950000,240907765830750,15880750,25830750,9950000,240907750000000,1,1,0
1,2044,240907750000000,240907766008375,240907781912875,15904500,31912875,16008375,240907760000000,1,1,1
1,2046,240907770000000,240907782083125,240907796704000,14620875,26704000,12083125,240907780000000,1,1,1
1,2047,240907790000000,240907796871875,240907811993000,15121125,21993000,6871875,240907800000000,1,1,0
1,2049,240907800000000,240907812204750,240907827356750,15152000,27356750,12204750,240907810000000,1,1,1
1,2050,240907820000000,240907827543625,240907842852625,15309000,22852625,7543625,240907830000000,1,1,0
1,2052,240907830000000,240907843041500,240907858958875,15917375,28958875,13041500,240907840000000,1,1,1
1,2053,240907850000000,240907859155250,240907875058125,15902875,25058125,9155250,240907860000000,1,1,0
1,2055,240907860000000,240907875233750,240907891105375,15871625,31105375,15233750,240907870000000,1,1,1
1,2057,240907880000000,240907892137125,240907907043875,14906750,27043875,12137125,240907890000000,1,1,1
1,2058,240907900000000,240907907252375,240907922469000,15216625,22469000,7252375,240907910000000,1,1,0
1,2060,240907910000000,240907922639875,240907937818625,15178750,27818625,12639875,240907920000000,1,1,1
1,2061,240907930000000,240907937984125,240907953582875,15598750,23582875,7984125,240907940000000,1,1,0
1,2063,240907940000000,240907953734750,240907969152375,15417625,29152375,13734750,240907950000000,1,1,1
1,2064,240907960000000,240907969323750,240907985215000,15891250,25215000,9323750,240907970000000,1,1,0
1,2066,240907970000000,240907985360375,240908001237875,15877500,31237875,15360375,240907980000000,1,1,1
1,2068,240907990000000,240908001400875,240908016579000,15178125,26579000,11400875,240908000000000,1,1,1
1,2069,240908010000000,240908016729000,240908032654250,15925250,22654250,6729000,240908020000000,1,1,0
1,2071,240908020000000,240908032810375,240908048705000,15894625,28705000,12810375,240908030000000,1,1,1
1,2072,240908040000000,240908048865750,240908064763000,15897250,24763000,8865750,240908050000000,1,1,0
1,2074,240908050000000,240908064915875,240908080826875,15911000,30826875,14915875,240908060000000,1,1,1
1,2076,240908070000000,240908080989000,240908096762500,15773500,26762500,10989000,240908080000000,1,1,1
1,2077,240908090000000,240908096934750,240908112370625,15435875,22370625,6934750,240908100000000,1,1,0
1,2079,240908100000000,240908112533250,240908127756750,15223500,27756750,12533250,240908110000000,1,1,1
1,2080,240908120000000,240908128103750,240908143988000,15884250,23988000,8103750,240908130000000,1,1,0
1,2082,240908130000000,240908144212125,240908159934875,15722750,29934875,14212125,240908140000000,1,1,1
1,2084,240908150000000,240908160233625,240908175459625,15226000,25459625,10233625,240908160000000,1,1,1
1,2085,240908170000000,240908175669500,240908191099000,15429500,21099000,5669500,240908180000000,1,1,0
1,2087,240908180000000,240908191315625,240908206634875,15319250,26634875,11315625,240908190000000,1,1,1
1,2088,240908200000000,240908206796000,240908222025000,15229000,22025000,6796000,240908210000000,1,1,0
1,2090,240908210000000,240908222210250,240908238103000,15892750,28103000,12210250,240908220000000,1,1,1
1,2091,240908230000000,240908238274375,240908254192375,15918000,24192375,8274375,240908240000000,1,1,0
1,2093,240908240000000,240908254332000,240908270285875,15953875,30285875,14332000,240908250000000,1,1,1
1,2095,240908260000000,240908270458750,240908286273375,15814625,26273375,10458750,240908270000000,1,1,1
1,2096,240908280000000,240908286450500,240908300553125,14102625,20553125,6450500,240908290000000,1,1,0
1,2098,240908290000000,240908300728750,240908315929000,15200250,25929000,10728750,240908300000000,1,1,1
1,2099,240908310000000,240908316172625,240908330910125,14737500,20910125,6172625,240908320000000,1,1,0
1,2101,240908320000000,240908331107875,240908346438750,15330875,26438750,11107875,240908330000000,1,1,1
1,2102,240908340000000,240908346621750,240908362492875,15871125,22492875,6621750,240908350000000,1,1,0
1,2104,240908350000000,240908362662250,240908378516750,15854500,28516750,12662250,240908360000000,1,1,1
1,2105,240908370000000,240908378696375,240908394279625,15583250,24279625,8696375,240908380000000,1,1,0
1,2107,240908380000000,240908394462250,240908409730625,15268375,29730625,14462250,240908390000000,1,1,1
1,2108,240908400000000,240908409891250,240908425794125,15902875,25794125,9891250,240908410000000,1,1,0
1,2110,240908410000000,240908425965000,240908441579750,15614750,31579750,15965000,240908420000000,1,1,1
1,2112,240908430000000,240908441747875,240908457045500,15297625,27045500,11747875,240908440000000,1,1,1
1,2113,240908450000000,240908457207125,240908472624375,15417250,22624375,7207125,240908460000000,1,1,0
1,2115,240908460000000,240908472792125,240908488632125,15840000,28632125,12792125,240908470000000,1,1,1
1,2116,240908480000000,240908488887250,240908503485875,14598625,23485875,8887250,240908490000000,1,1,0
1,2118,240908490000000,240908504666875,240908519233625,14566750,29233625,14666875,240908500000000,1,1,1
1,2119,240908510000000,240908519437625,240908535210125,15772500,25210125,9437625,240908520000000,1,1,0
1,2121,240908520000000,240908535396625,240908551305250,15908625,31305250,15396625,240908530000000,1,1,1
1,2123,240908540000000,240908551489375,240908567288625,15799250,27288625,11489375,240908550000000,1,1,1
1,2124,240908560000000,240908567467375,240908582580625,15113250,22580625,7467375,240908570000000,1,1,0
1,2126,240908570000000,240908582746250,240908596564750,13818500,26564750,12746250,240908580000000,1,1,1
1,2127,240908590000000,240908596699500,240908612538500,15839000,22538500,6699500,240908600000000,1,1,0
1,2129,240908600000000,240908612686375,240908628504750,15818375,28504750,12686375,240908610000000,1,1,1
1,2130,240908620000000,240908628655125,240908643801500,15146375,23801500,8655125,240908630000000,1,1,0
1,2132,240908630000000,240908644035875,240908659978625,15942750,29978625,14035875,240908640000000,1,1,1
1,2134,240908650000000,240908660172500,240908676079250,15906750,26079250,10172500,240908660000000,1,1,1
1,2135,240908670000000,240908676230125,240908691375500,15145375,21375500,6230125,240908680000000,1,1,0
1,2137,240908680000000,240908691553125,240908707493625,15940500,27493625,11553125,240908690000000,1,1,1
1,2138,240908700000000,240908707678625,240908723585875,15907250,23585875,7678625,240908710000000,1,1,0
1,2140,240908710000000,240908723766625,240908739154875,15388250,29154875,13766625,240908720000000,1,1,1
1,2141,240908730000000,240908739339000,240908755226250,15887250,25226250,9339000,240908740000000,1,1,0
1,2143,240908740000000,240908755411125,240908770403375,14992250,30403375,15411125,240908750000000,1,1,1
1,2145,240908760000000,240908770606125,240908785781250,15175125,25781250,10606125,240908770000000,1,1,1
1,2146,240908780000000,240908785915500,240908801141875,15226375,21141875,5915500,240908790000000,1,1,0
1,2148,240908790000000,240908801306000,240908817094250,15788250,27094250,11306000,240908800000000,1,1,1
1,2149,240908810000000,240908817264000,240908832676500,15412500,22676500,7264000,240908820000000,1,1,0
1,2151,240908820000000,240908832891125,240908848838500,15947375,28838500,12891125,240908830000000,1,1,1
1,2152,240908840000000,240908849016625,240908864771625,15755000,24771625,9016625,240908850000000,1,1,0
1,2154,240908850000000,240908864917500,240908880826250,15908750,30826250,14917500,240908860000000,1,1,1
1,2156,240908870000000,240908880990750,240908895592125,14601375,25592125,10990750,240908880000000,1,1,1
1,2157,240908890000000,240908895797125,240908911715125,15918000,21715125,5797125,240908900000000,1,1,0
1,2159,240908900000000,240908911903875,240908927222250,15318375,27222250,11903875,240908910000000,1,1,1
1,2160,240908920000000,240908927409250,240908943293375,15884125,23293375,7409250,240908930000000,1,1,0
1,2162,240908930000000,240908943481875,240908959409125,15927250,29409125,13481875,240908940000000,1,1,1
1,2163,240908950000000,240908959573000,240908975358375,15785375,25358375,9573000,240908960000000,1,1,0
1,2165,240908960000000,240908975509125,240908991047125,15538000,31047125,15509125,240908970000000,1,1,1
1,2167,240908980000000,240908991342250,240909006994875,15652625,26994875,11342250,240908990000000,1,1,1
1,2168,240909000000000,240909007219375,240909023098250,15878875,23098250,7219375,240909010000000,1,1,0
1,2170,240909010000000,240909023281750,240909039205125,15923375,29205125,13281750,240909020000000,1,1,1
1,2171,240909030000000,240909039395500,240909054609750,15214250,24609750,9395500,240909040000000,1,1,0
1,2173,240909040000000,240909054796875,240909070083750,15286875,30083750,14796875,240909050000000,1,1,1
1,2175,240909060000000,240909070241375,240909085511375,15270000,25511375,10241375,240909070000000,1,1,1
1,2176,240909080000000,240909085663250,240909101574375,15911125,21574375,5663250,240909090000000,1,1,0
1,2178,240909090000000,240909101744000,240909117604125,15860125,27604125,11744000,240909100000000,1,1,1
1,2179,240909110000000,240909117931000,240909133598750,15667750,23598750,7931000,240909120000000,1,1,0
1,2181,240909120000000,240909134500500,240909149269750,14769250,29269750,14500500,240909130000000,1,1,1
1,2182,240909140000000,240909149458750,240909165380000,15921250,25380000,9458750,240909150000000,1,1,0
1,2184,240909150000000,240909165554250,240909181290250,15736000,31290250,15554250,240909160000000,1,1,1
1,2186,240909170000000,240909181438625,240909196075250,14636625,26075250,11438625,240909180000000,1,1,1
1,2187,240909190000000,240909196230875,240909212142000,15911125,22142000,6230875,240909200000000,1,1,0
1,2189,240909200000000,240909212308000,240909228126500,15818500,28126500,12308000,240909210000000,1,1,1
1,2190,240909220000000,240909228273250,240909243240625,14967375,23240625,8273250,240909230000000,1,1,0
1,2192,240909230000000,240909243460750,240909259431500,15970750,29431500,13460750,240909240000000,1,1,1
1,2193,240909250000000,240909259631250,240909275493875,15862625,25493875,9631250,240909260000000,1,1,0
1,2195,240909260000000,240909275669375,240909290506250,14836875,30506250,15669375,240909270000000,1,1,1
1,2197,240909280000000,240909290696125,240909306665500,15969375,26665500,10696125,240909290000000,1,1,1
1,2198,240909300000000,240909306843500,240909322067625,15224125,22067625,6843500,240909310000000,1,1,0
1,2200,240909310000000,240909322249625,240909337562000,15312375,27562000,12249625,240909320000000,1,1,1
1,2201,240909330000000,240909337717625,240909353659125,15941500,23659125,7717625,240909340000000,1,1,0
1,2203,240909340000000,240909353824625,240909369195000,15370375,29195000,13824625,240909350000000,1,1,1
1,2204,240909360000000,240909369367375,240909384466375,15099000,24466375,9367375,240909370000000,1,1,0
1,2206,240909370000000,240909384804625,240909400082000,15277375,30082000,14804625,240909380000000,1,1,1
1,2208,240909390000000,240909400258625,240909415992250,15733625,25992250,10258625,240909400000000,1,1,1
1,2209,240909410000000,240909416193625,240909432063875,15870250,22063875,6193625,240909420000000,1,1,0
1,2211,240909420000000,240909432238625,240909446515125,14276500,26515125,12238625,240909430000000,1,1,1
1,2212,240909440000000,240909446824500,240909462804375,15979875,22804375,6824500,240909450000000,1,1,0
1,2214,240909450000000,240909462998250,240909478212500,15214250,28212500,12998250,240909460000000,1,1,1
1,2215,240909470000000,240909478386750,240909494288125,15901375,24288125,8386750,240909480000000,1,1,0
1,2217,240909480000000,240909494470250,240909509916250,15446000,29916250,14470250,240909490000000,1,1,1
1,2219,240909500000000,240909510102625,240909526028000,15925375,26028000,10102625,240909510000000,1,1,1
1,2220,240909520000000,240909526311625,240909542283625,15972000,22283625,6311625,240909530000000,1,1,0
1,2222,240909530000000,240909542476000,240909558372500,15896500,28372500,12476000,240909540000000,1,1,1
1,2223,240909550000000,240909558553500,240909572381500,13828000,22381500,8553500,240909560000000,1,1,0
1,2225,240909560000000,240909572535250,240909588305375,15770125,28305375,12535250,240909570000000,1,1,1
1,2226,240909580000000,240909588473750,240909603855000,15381250,23855000,8473750,240909590000000,1,1,0
1,2228,240909590000000,240909604070750,240909619258250,15187500,29258250,14070750,240909600000000,1,1,1
1,2229,240909610000000,240909619445000,240909634777125,15332125,24777125,9445000,240909620000000,1,1,0
1,2231,240909620000000,240909634947375,240909650905375,15958000,30905375,14947375,240909630000000,1,1,1
1,2233,240909640000000,240909651072875,240909665671750,14598875,25671750,11072875,240909650000000,1,1,1
1,2234,240909660000000,240909665841625,240909680979250,15137625,20979250,5841625,240909670000000,1,1,0
1,2236,240909670000000,240909681137375,240909697077875,15940500,27077875,11137375,240909680000000,1,1,1
1,2237,240909690000000,240909697230125,240909713168125,15938000,23168125,7230125,240909700000000,1,1,0
1,2239,240909700000000,240909713320875,240909729212125,15891250,29212125,13320875,240909710000000,1,1,1
1,2240,240909720000000,240909729380875,240909744627125,15246250,24627125,9380875,240909730000000,1,1,0
1,2242,240909730000000,240909744784750,240909760051125,15266375,30051125,14784750,240909740000000,1,1,1
1,2244,240909750000000,240909760926500,240909776941125,16014625,26941125,10926500,240909760000000,1,1,1
1,2245,240909770000000,240909777127625,240909792438625,15311000,22438625,7127625,240909780000000,1,1,0
1,2247,240909780000000,240909792601125,240909808390750,15789625,28390750,12601125,240909790000000,1,1,1
1,2248,240909800000000,240909808540500,240909823670875,15130375,23670875,8540500,240909810000000,1,1,0
1,2250,240909810000000,240909823912000,240909839869500,15957500,29869500,13912000,240909820000000,1,1,1
1,2252,240909830000000,240909840060000,240909854175750,14115750,24175750,10060000,240909840000000,1,1,1
1,2253,240909850000000,240909854337750,240909870337750,16000000,20337750,4337750,240909860000000,1,0,0
1,2255,240909860000000,240909870518375,240909886416750,15898375,26416750,10518375,240909870000000,1,1,1
1,2256,240909880000000,240909886598000,240909902196625,15598625,22196625,6598000,240909890000000,1,1,0
1,2258,240909890000000,240909902377750,240909918280750,15903000,28280750,12377750,240909900000000,1,1,1
1,2259,240909910000000,240909918449500,240909932956250,14506750,22956250,8449500,240909920000000,1,1,0
1,2261,240909920000000,240909933117875,240909948332125,15214250,28332125,13117875,240909930000000,1,1,1
1,2262,240909940000000,240909949281375,240909964506875,15225500,24506875,9281375,240909950000000,1,1,0
1,2264,240909950000000,240909964687375,240909980597625,15910250,30597625,14687375,240909960000000,1,1,1
1,2266,240909970000000,240909980745500,240909995283375,14537875,25283375,10745500,240909980000000,1,1,1
1,2267,240909990000000,240909995492375,240910011448375,15956000,21448375,5492375,240910000000000,1,1,0
1,2269,240910000000000,240910011643625,240910027495750,15852125,27495750,11643625,240910010000000,1,1,1
1,2270,240910020000000,240910027701125,240910042988250,15287125,22988250,7701125,240910030000000,1,1,0
1,2272,240910030000000,240910043190125,240910058372500,15182375,28372500,13190125,240910040000000,1,1,1
1,2273,240910050000000,240910058538750,240910074447000,15908250,24447000,8538750,240910060000000,1,1,0
1,2275,240910060000000,240910074589125,240910090420250,15831125,30420250,14589125,240910070000000,1,1,1
1,2277,240910080000000,240910090596375,240910106454375,15858000,26454375,10596375,240910090000000,1,1,1
1,2278,240910100000000,240910106627750,240910122564750,15937000,22564750,6627750,240910110000000,1,1,0
1,2280,240910110000000,240910122738375,240910138039625,15301250,28039625,12738375,240910120000000,1,1,1
1,2281,240910130000000,240910138203625,240910152757750,14554125,22757750,8203625,240910140000000,1,1,0
1,2283,240910140000000,240910152908500,240910168805375,15896875,28805375,12908500,240910150000000,1,1,1
1,2284,240910160000000,240910168936625,240910184747375,15810750,24747375,8936625,240910170000000,1,1,0
1,2286,240910170000000,240910184923000,240910200631750,15708750,30631750,14923000,240910180000000,1,1,1
1,2288,240910190000000,240910200792375,240910216670750,15878375,26670750,10792375,240910200000000,1,1,1
1,2289,240910210000000,240910216826375,240910232727000,15900625,22727000,6826375,240910220000000,1,1,0
1,2291,240910220000000,240910232889875,240910248116875,15227000,28116875,12889875,240910230000000,1,1,1
1,2292,240910240000000,240910248252625,240910264206625,15954000,24206625,8252625,240910250000000,1,1,0
1,2294,240910250000000,240910264391125,240910280262000,15870875,30262000,14391125,240910260000000,1,1,1
1,2296,240910270000000,240910280396500,240910296342750,15946250,26342750,10396500,240910280000000,1,1,1
1,2297,240910290000000,240910296489875,240910312407125,15917250,22407125,6489875,240910300000000,1,1,0
1,2299,240910300000000,240910312573625,240910328514625,15941000,28514625,12573625,240910310000000,1,1,1
1,2300,240910320000000,240910328668375,240910344440375,15772000,24440375,8668375,240910330000000,1,1,0
1,2302,240910330000000,240910344604375,240910359132625,14528250,29132625,14604375,240910340000000,1,1,1
1,2303,240910350000000,240910359313250,240910374619750,15306500,24619750,9313250,240910360000000,1,1,0
1,2305,240910360000000,240910375547875,240910391413125,15865250,31413125,15547875,240910370000000,1,1,1
1,2307,240910380000000,240910391636750,240910405898500,14261750,25898500,11636750,240910390000000,1,1,1
1,2308,240910400000000,240910406083625,240910422056500,15972875,22056500,6083625,240910410000000,1,1,0
1,2310,240910410000000,240910422235250,240910437980000,15744750,27980000,12235250,240910420000000,1,1,1
1,2311,240910430000000,240910438147250,240910453345500,15198250,23345500,8147250,240910440000000,1,1,0
1,2313,240910440000000,240910453514875,240910468179375,14664500,28179375,13514875,240910450000000,1,1,1
1,2314,240910460000000,240910468346625,240910484299375,15952750,24299375,8346625,240910470000000,1,1,0
1,2316,240910470000000,240910484459375,240910500337875,15878500,30337875,14459375,240910480000000,1,1,1
1,2318,240910490000000,240910500619000,240910516507250,15888250,26507250,10619000,240910500000000,1,1,1
1,2319,240910510000000,240910516686375,240910531433000,14746625,21433000,6686375,240910520000000,1,1,0
1,2321,240910520000000,240910531625375,240910546826500,15201125,26826500,11625375,240910530000000,1,1,1
1,2322,240910540000000,240910547011500,240910562254125,15242625,22254125,7011500,240910550000000,1,1,0
1,2324,240910550000000,240910562544000,240910577265000,14721000,27265000,12544000,240910560000000,1,1,1
1,2325,240910570000000,240910577437750,240910593303500,15865750,23303500,7437750,240910580000000,1,1,0
1,2327,240910580000000,240910593479750,240910609146000,15666250,29146000,13479750,240910590000000,1,1,1
1,2328,240910600000000,240910609307375,240910624604750,15297375,24604750,9307375,240910610000000,1,1,0
1,2330,240910610000000,240910624773625,240910639969375,15195750,29969375,14773625,240910620000000,1,1,1
1,2332,240910630000000,240910640220750,240910654702625,14481875,24702625,10220750,240910640000000,1,1,1
1,2333,240910650000000,240910654877750,240910670804125,15926375,20804125,4877750,240910660000000,1,0,0
1,2335,240910660000000,240910671000375,240910686883625,15883250,26883625,11000375,240910670000000,1,1,1
1,2336,240910680000000,240910687062875,240910702944125,15881250,22944125,7062875,240910690000000,1,1,0
1,2338,240910690000000,240910703132000,240910718199000,15067000,28199000,13132000,240910700000000,1,1,1
1,2339,240910710000000,240910718367000,240910733619750,15252750,23619750,8367000,240910720000000,1,1,0
1,2341,240910720000000,240910733766625,240910747867375,14100750,27867375,13766625,240910730000000,1,1,1
1,2342,240910740000000,240910748076750,240910763404750,15328000,23404750,8076750,240910750000000,1,1,0
1,2344,240910750000000,240910763602875,240910779563375,15960500,29563375,13602875,240910760000000,1,1,1
1,2345,240910770000000,240910779765000,240910795670125,15905125,25670125,9765000,240910780000000,1,1,0
1,2347,240910780000000,240910795855625,240910810395125,14539500,30395125,15855625,240910790000000,1,1,1
1,2349,240910800000000,240910810577750,240910826068125,15490375,26068125,10577750,240910810000000,1,1,1
1,2350,240910820000000,240910826274500,240910842209250,15934750,22209250,6274500,240910830000000,1,1,0
1,2352,240910830000000,240910842385250,240910858311625,15926375,28311625,12385250,240910840000000,1,1,1
1,2353,240910850000000,240910858487375,240910874429750,15942375,24429750,8487375,240910860000000,1,1,0
1,2355,240910860000000,240910874603375,240910889280000,14676625,29280000,14603375,240910870000000,1,1,1
1,2356,240910880000000,240910889449375,240910904705625,15256250,24705625,9449375,240910890000000,1,1,0
1,2358,240910890000000,240910905579250,240910920852500,15273250,30852500,15579250,240910900000000,1,1,1
1,2360,240910910000000,240910921005875,240910936871500,15865625,26871500,11005875,240910920000000,1,1,1
1,2361,240910930000000,240910937024875,240910952195750,15170875,22195750,7024875,240910940000000,1,1,0
1,2363,240910940000000,240910952364750,240910968319625,15954875,28319625,12364750,240910950000000,1,1,1
1,2364,240910960000000,240910968484250,240910983242125,14757875,23242125,8484250,240910970000000,1,1,0
1,2366,240910970000000,240910983423250,240910997992375,14569125,27992375,13423250,240910980000000,1,1,1
1,2367,240910990000000,240910999604375,240911014648125,15043750,24648125,9604375,240911000000000,1,1,0
1,2369,240911000000000,240911014854750,240911030289250,15434500,30289250,14854750,240911010000000,1,1,1
1,2371,240911020000000,240911030500875,240911045250250,14749375,25250250,10500875,240911030000000,1,1,1
1,2372,240911040000000,240911045436250,240911061346875,15910625,21346875,5436250,240911050000000,1,1,0
1,2374,240911050000000,240911061510500,240911077474625,15964125,27474625,11510500,240911060000000,1,1,1
1,2375,240911070000000,240911077644625,240911091469125,13824500,21469125,7644625,240911080000000,1,1,0
1,2377,240911080000000,240911091658375,240911106523375,14865000,26523375,11658375,240911090000000,1,1,1
1,2378,240911100000000,240911106707250,240911120861750,14154500,20861750,6707250,240911110000000,1,1,0
1,2380,240911110000000,240911121031125,240911136768625,15737500,26768625,11031125,240911120000000,1,1,1
1,2381,240911130000000,240911136929625,240911152673875,15744250,22673875,6929625,240911140000000,1,1,0
1,2383,240911140000000,240911152820250,240911168075625,15255375,28075625,12820250,240911150000000,1,1,1
1,2384,240911160000000,240911168232875,240911182777125,14544250,22777125,8232875,240911170000000,1,1,0
1,2386,240911170000000,240911182950750,240911198332000,15381250,28332000,12950750,240911180000000,1,1,1
1,2387,240911190000000,240911198497500,240911214366750,15869250,24366750,8497500,240911200000000,1,1,0
1,2389,240911200000000,240911214524875,240911229778125,15253250,29778125,14524875,240911210000000,1,1,1
1,2390,240911220000000,240911229943750,240911245762625,15818875,25762625,9943750,240911230000000,1,1,0
1,2392,240911230000000,240911245918750,240911261863125,15944375,31863125,15918750,240911240000000,1,1,1
1,2394,240911250000000,240911262020375,240911277269125,15248750,27269125,12020375,240911260000000,1,1,1
1,2395,240911270000000,240911277426000,240911293363375,15937375,23363375,7426000,240911280000000,1,1,0
1,2397,240911280000000,240911293542000,240911309396125,15854125,29396125,13542000,240911290000000,1,1,1
1,2398,240911300000000,240911309563000,240911325487875,15924875,25487875,9563000,240911310000000,1,1,0
1,2400,240911310000000,240911325623625,240911340850500,15226875,30850500,15623625,240911320000000,1,1,1
1,2402,240911330000000,240911341007125,240911356839750,15832625,26839750,11007125,240911340000000,1,1,1
1,2403,240911350000000,240911356988500,240911370643250,13654750,20643250,6988500,240911360000000,1,1,0
1,2405,240911360000000,240911370828875,240911386755500,15926625,26755500,10828875,240911370000000,1,1,1
1,2406,240911380000000,240911386948375,240911402808750,15860375,22808750,6948375,240911390000000,1,1,0
1,2408,240911390000000,240911402988375,240911418231500,15243125,28231500,12988375,240911400000000,1,1,1
1,2409,240911410000000,240911418476500,240911434413500,15937000,24413500,8476500,240911420000000,1,1,0
1,2411,240911420000000,240911434612125,240911450439875,15827750,30439875,14612125,240911430000000,1,1,1
1,2413,240911440000000,240911450602250,240911465736125,15133875,25736125,10602250,240911450000000,1,1,1
1,2414,240911460000000,240911465908000,240911481759625,15851625,21759625,5908000,240911470000000,1,1,0
1,2416,240911470000000,240911481930750,240911497836125,15905375,27836125,11930750,240911480000000,1,1,1
1,2417,240911490000000,240911498001250,240911513037875,15036625,23037875,8001250,240911500000000,1,1,0
1,2419,240911500000000,240911513200375,240911528501000,15300625,28501000,13200375,240911510000000,1,1,1
1,2420,240911520000000,240911528669500,240911544535125,15865625,24535125,8669500,240911530000000,1,1,0
1,2422,240911530000000,240911544676375,240911559801875,15125500,29801875,14676375,240911540000000,1,1,1
1,2423,240911550000000,240911559999375,240911575951500,15952125,25951500,9999375,240911560000000,1,1,0
1,2425,240911560000000,240911576124375,240911592046375,15922000,32046375,16124375,240911570000000,1,1,1
1,2427,240911580000000,240911592182875,240911606931625,14748750,26931625,12182875,240911590000000,1,1,1
1,2428,240911600000000,240911607860000,240911623699750,15839750,23699750,7860000,240911610000000,1,1,0
1,2430,240911610000000,240911623911625,240911639205875,15294250,29205875,13911625,240911620000000,1,1,1
1,2431,240911630000000,240911639370250,240911653885875,14515625,23885875,9370250,240911640000000,1,1,0
1,2433,240911640000000,240911654054875,240911669312000,15257125,29312000,14054875,240911650000000,1,1,1
1,2434,240911660000000,240911669453000,240911685405250,15952250,25405250,9453000,240911670000000,1,1,0
1,2436,240911670000000,240911685568750,240911701517000,15948250,31517000,15568750,240911680000000,1,1,1
1,2438,240911690000000,240911701668375,240911717561000,15892625,27561000,11668375,240911700000000,1,1,1
1,2439,240911710000000,240911717735625,240911733619375,15883750,23619375,7735625,240911720000000,1,1,0
1,2441,240911720000000,240911733787500,240911748441500,14654000,28441500,13787500,240911730000000,1,1,1
1,2442,240911740000000,240911748609375,240911764519625,15910250,24519625,8609375,240911750000000,1,1,0
1,2444,240911750000000,240911764685500,240911779836375,15150875,29836375,14685500,240911760000000,1,1,1
1,2446,240911770000000,240911780139000,240911796051000,15912000,26051000,10139000,240911780000000,1,1,1
1,2447,240911790000000,240911796329250,240911812051000,15721750,22051000,6329250,240911800000000,1,1,0
1,2449,240911800000000,240911812257000,240911827938250,15681250,27938250,12257000,240911810000000,1,1,1
1,2450,240911820000000,240911828144750,240911844041750,15897000,24041750,8144750,240911830000000,1,1,0
1,2452,240911830000000,240911844209750,240911858781375,14571625,28781375,14209750,240911840000000,1,1,1
1,2453,240911850000000,240911858967250,240911874818875,15851625,24818875,8967250,240911860000000,1,1,0
1,2455,240911860000000,240911874999375,240911890244500,15245125,30244500,14999375,240911870000000,1,1,1
1,2457,240911880000000,240911890428625,240911906380125,15951500,26380125,10428625,240911890000000,1,1,1
1,2458,240911900000000,240911906563750,240911922479250,15915500,22479250,6563750,240911910000000,1,1,0
1,2460,240911910000000,240911922662875,240911938517250,15854375,28517250,12662875,240911920000000,1,1,1
1,2461,240911930000000,240911938672875,240911953311500,14638625,23311500,8672875,240911940000000,1,1,0
1,2463,240911940000000,240911953481375,240911969177250,15695875,29177250,13481375,240911950000000,1,1,1
1,2464,240911960000000,240911969346625,240911985255375,15908750,25255375,9346625,240911970000000,1,1,0
1,2466,240911970000000,240911985428625,240912001315375,15886750,31315375,15428625,240911980000000,1,1,1
1,2468,240911990000000,240912001482875,240912016235000,14752125,26235000,11482875,240912000000000,1,1,1
1,2469,240912010000000,240912016412750,240912031767125,15354375,21767125,6412750,240912020000000,1,1,0
1,2471,240912020000000,240912032081375,240912046577250,14495875,26577250,12081375,240912030000000,1,1,1
1,2472,240912040000000,240912046772875,240912062753875,15981000,22753875,6772875,240912050000000,1,1,0
1,2474,240912050000000,240912062944875,240912078831000,15886125,28831000,12944875,240912060000000,1,1,1
1,2475,240912070000000,240912079020375,240912094545625,15525250,24545625,9020375,240912080000000,1,1,0
1,2477,240912080000000,240912094722125,240912109959500,15237375,29959500,14722125,240912090000000,1,1,1
1,2479,240912100000000,240912110138750,240912124666750,14528000,24666750,10138750,240912110000000,1,1,1
1,2480,240912120000000,240912124827500,240912140048500,15221000,20048500,4827500,240912130000000,1,0,0
1,2482,240912130000000,240912140225625,240912156073375,15847750,26073375,10225625,240912140000000,1,1,1
1,2483,240912150000000,240912156214500,240912171017875,14803375,21017875,6214500,240912160000000,1,1,0
1,2485,240912160000000,240912171193500,240912187046625,15853125,27046625,11193500,240912170000000,1,1,1
1,2486,240912180000000,240912187235250,240912203093000,15857750,23093000,7235250,240912190000000,1,1,0
1,2488,240912190000000,240912203287750,240912219256625,15968875,29256625,13287750,240912200000000,1,1,1
1,2489,240912210000000,240912219436500,240912234233750,14797250,24233750,9436500,240912220000000,1,1,0
1,2491,240912220000000,240912235118500,240912250646375,15527875,30646375,15118500,240912230000000,1,1,1
1,2493,240912240000000,240912250855250,240912266848500,15993250,26848500,10855250,240912250000000,1,1,1
1,2494,240912260000000,240912267042875,240912282967125,15924250,22967125,7042875,240912270000000,1,1,0
1,2496,240912270000000,240912283116625,240912299006125,15889500,29006125,13116625,240912280000000,1,1,1
1,2497,240912290000000,240912299184750,240912315170125,15985375,25170125,9184750,240912300000000,1,1,0
1,2499,240912300000000,240912315384375,240912330940750,15556375,30940750,15384375,240912310000000,1,1,1
1,2501,240912320000000,240912331271250,240912345953500,14682250,25953500,11271250,240912330000000,1,1,1
1,2502,240912340000000,240912346153500,240912361988625,15835125,21988625,6153500,240912350000000,1,1,0
1,2504,240912350000000,240912362167750,240912377289875,15122125,27289875,12167750,240912360000000,1,1,1
1,2505,240912370000000,240912377465625,240912393379750,15914125,23379750,7465625,240912380000000,1,1,0
1,2507,240912380000000,240912393543750,240912409442125,15898375,29442125,13543750,240912390000000,1,1,1
1,2508,240912400000000,240912409721375,240912425390875,15669500,25390875,9721375,240912410000000,1,1,0
1,2510,240912410000000,240912425575875,240912439481000,13905125,29481000,15575875,240912420000000,1,1,1
1,2511,240912430000000,240912439661000,240912455571625,15910625,25571625,9661000,240912440000000,1,1,0
1,2513,240912440000000,240912455757125,240912471688250,15931125,31688250,15757125,240912450000000,1,1,1
1,2515,240912460000000,240912471896750,240912487562000,15665250,27562000,11896750,240912470000000,1,1,1
1,2516,240912480000000,240912487767875,240912503671625,15903750,23671625,7767875,240912490000000,1,1,0
1,2518,240912490000000,240912503835625,240912519671750,15836125,29671750,13835625,240912500000000,1,1,1
1,2519,240912510000000,240912519852875,240912535097375,15244500,25097375,9852875,240912520000000,1,1,0
1,2521,240912520000000,240912535306875,240912550199375,14892500,30199375,15306875,240912530000000,1,1,1
1,2523,240912540000000,240912550378750,240912566293625,15914875,26293625,10378750,240912550000000,1,1,1
1,2524,240912560000000,240912566474750,240912582407875,15933125,22407875,6474750,240912570000000,1,1,0
1,2526,240912570000000,240912582594125,240912598565375,15971250,28565375,12594125,240912580000000,1,1,1
1,2527,240912590000000,240912598738625,240912613989125,15250500,23989125,8738625,240912600000000,1,1,0
1,2529,240912600000000,240912614161000,240912629370375,15209375,29370375,14161000,240912610000000,1,1,1
1,2530,240912620000000,240912629540250,240912645340500,15800250,25340500,9540250,240912630000000,1,1,0
1,2532,240912630000000,240912645507125,240912661435250,15928125,31435250,15507125,240912640000000,1,1,1
1,2534,240912650000000,240912661612875,240912677294250,15681375,27294250,11612875,240912660000000,1,1,1
1,2535,240912670000000,240912677443625,240912693324500,15880875,23324500,7443625,240912680000000,1,1,0
1,2537,240912680000000,240912693453250,240912709406875,15953625,29406875,13453250,240912690000000,1,1,1
1,2538,240912700000000,240912709576250,240912725465000,15888750,25465000,9576250,240912710000000,1,1,0
1,2540,240912710000000,240912725635750,240912740862750,15227000,30862750,15635750,240912720000000,1,1,1
1,2542,240912730000000,240912741015625,240912756929625,15914000,26929625,11015625,240912740000000,1,1,1
1,2543,240912750000000,240912757094125,240912772451375,15357250,22451375,7094125,240912760000000,1,1,0
1,2545,240912760000000,240912772626250,240912788498750,15872500,28498750,12626250,240912770000000,1,1,1
1,2546,240912780000000,240912788664250,240912804608625,15944375,24608625,8664250,240912790000000,1,1,0
1,2548,240912790000000,240912804764250,240912820661750,15897500,30661750,14764250,240912800000000,1,1,1
1,2550,240912810000000,240912820814000,240912835721000,14907000,25721000,10814000,240912820000000,1,1,1
1,2551,240912830000000,240912835949750,240912851312000,15362250,21312000,5949750,240912840000000,1,1,0
1,2553,240912840000000,240912852239625,240912868229750,15990125,28229750,12239625,240912850000000,1,1,1
1,2554,240912860000000,240912868422125,240912884233750,15811625,24233750,8422125,240912870000000,1,1,0
1,2556,240912870000000,240912884404500,240912900318125,15913625,30318125,14404500,240912880000000,1,1,1
1,2558,240912890000000,240912900480125,240912916408000,15927875,26408000,10480125,240912900000000,1,1,1
1,2559,240912910000000,240912916554000,240912931349125,14795125,21349125,6554000,240912920000000,1,1,0
1,2561,240912920000000,240912931544625,240912946799625,15255000,26799625,11544625,240912930000000,1,1,1
1,2562,240912940000000,240912946951375,240912962526875,15575500,22526875,6951375,240912950000000,1,1,0
1,2564,240912950000000,240912962840000,240912976999875,14159875,26999875,12840000,240912960000000,1,1,1
1,2565,240912970000000,240912977177625,240912993074500,15896875,23074500,7177625,240912980000000,1,1,0
1,2567,240912980000000,240912993241875,240913008966750,15724875,28966750,13241875,240912990000000,1,1,1
1,2568,240913000000000,240913009233125,240913024690500,15457375,24690500,9233125,240913010000000,1,1,0
1,2570,240913010000000,240913024845750,240913039608625,14762875,29608625,14845750,240913020000000,1,1,1
1,2571,240913030000000,240913039817000,240913055694125,15877125,25694125,9817000,240913040000000,1,1,0
1,2573,240913040000000,240913055912625,240913071270000,15357375,31270000,15912625,240913050000000,1,1,1
1,2575,240913060000000,240913071472125,240913087465125,15993000,27465125,11472125,240913070000000,1,1,1
1,2576,240913080000000,240913087639375,240913103023500,15384125,23023500,7639375,240913090000000,1,1,0
1,2578,240913090000000,240913103227000,240913119247500,16020500,29247500,13227000,240913100000000,1,1,1
1,2579,240913110000000,240913119432875,240913133905000,14472125,23905000,9432875,240913120000000,1,1,0
1,2581,240913120000000,240913134086625,240913149435125,15348500,29435125,14086625,240913130000000,1,1,1
1,2582,240913140000000,240913149604875,240913165560625,15955750,25560625,9604875,240913150000000,1,1,0
1,2584,240913150000000,240913165722625,240913181606000,15883375,31606000,15722625,240913160000000,1,1,1
1,2586,240913170000000,240913181771750,240913197224750,15453000,27224750,11771750,240913180000000,1,1,1
1,2587,240913190000000,240913197360125,240913213315500,15955375,23315500,7360125,240913200000000,1,1,0
1,2589,240913200000000,240913213485375,240913227424625,13939250,27424625,13485375,240913210000000,1,1,1
1,2590,240913220000000,240913227624125,240913243538750,15914625,23538750,7624125,240913230000000,1,1,0
1,2592,240913230000000,240913243721375,240913259574375,15853000,29574375,13721375,240913240000000,1,1,1
1,2593,240913250000000,240913259756375,240913275615375,15859000,25615375,9756375,240913260000000,1,1,0
1,2595,240913260000000,240913275800875,240913291691500,15890625,31691500,15800875,240913270000000,1,1,1
1,2597,240913280000000,240913291894500,240913307854250,15959750,27854250,11894500,240913290000000,1,1,1
1,2598,240913300000000,240913308040875,240913323254750,15213875,23254750,8040875,240913310000000,1,1,0
1,2600,240913310000000,240913323453500,240913339389500,15936000,29389500,13453500,240913320000000,1,1,1
1,2601,240913330000000,240913339585250,240913355504250,15919000,25504250,9585250,240913340000000,1,1,0
1,2603,240913340000000,240913355697875,240913369656250,13958375,29656250,15697875,240913350000000,1,1,1
1,2604,240913360000000,240913369839125,240913385707750,15868625,25707750,9839125,240913370000000,1,1,0
1,2606,240913370000000,240913385883625,240913401767875,15884250,31767875,15883625,240913380000000,1,1,1
1,2608,240913390000000,240913401936625,240913415795500,13858875,25795500,11936625,240913400000000,1,1,1
1,2609,240913410000000,240913415997000,240913431902875,15905875,21902875,5997000,240913420000000,1,1,0
1,2611,240913420000000,240913432216625,240913448174000,15957375,28174000,12216625,240913430000000,1,1,1
1,2612,240913440000000,240913448351375,240913464111750,15760375,24111750,8351375,240913450000000,1,1,0
1,2614,240913450000000,240913464261000,240913480169125,15908125,30169125,14261000,240913460000000,1,1,1
1,2616,240913470000000,240913481070000,240913497045125,15975125,27045125,11070000,240913480000000,1,1,1
1,2617,240913490000000,240913497222250,240913512249750,15027500,22249750,7222250,240913500000000,1,1,0
1,2619,240913500000000,240913512420500,240913527630375,15209875,27630375,12420500,240913510000000,1,1,1
1,2620,240913520000000,240913527960750,240913542818375,14857625,22818375,7960750,240913530000000,1,1,0
1,2622,240913530000000,240913543040625,240913558876500,15835875,28876500,13040625,240913540000000,1,1,1
1,2623,240913550000000,240913559050625,240913574948750,15898125,24948750,9050625,240913560000000,1,1,0
1,2625,240913560000000,240913575244625,240913591178625,15934000,31178625,15244625,240913570000000,1,1,1
1,2627,240913580000000,240913591380250,240913607345375,15965125,27345375,11380250,240913590000000,1,1,1
1,2628,240913600000000,240913607531000,240913622089375,14558375,22089375,7531000,240913610000000,1,1,0
1,2630,240913610000000,240913622272875,240913638192875,15920000,28192875,12272875,240913620000000,1,1,1
1,2631,240913630000000,240913638462625,240913654358250,15895625,24358250,8462625,240913640000000,1,1,0
1,2633,240913640000000,240913654552625,240913670025375,15472750,30025375,14552625,240913650000000,1,1,1
1,2635,240913660000000,240913670196250,240913684758625,14562375,24758625,10196250,240913670000000,1,1,1
1,2636,240913680000000,240913684920625,240913700694125,15773500,20694125,4920625,240913690000000,1,0,0
1,2638,240913690000000,240913700868500,240913716101375,15232875,26101375,10868500,240913700000000,1,1,1
1,2639,240913710000000,240913716255625,240913731077500,14821875,21077500,6255625,240913720000000,1,1,0
1,2641,240913720000000,240913731269375,240913747216625,15947250,27216625,11269375,240913730000000,1,1,1
1,2642,240913740000000,240913747399625,240913763320500,15920875,23320500,7399625,240913750000000,1,1,0
1,2644,240913750000000,240913763618750,240913779597750,15979000,29597750,13618750,240913760000000,1,1,1
1,2645,240913770000000,240913779815375,240913795050750,15235375,25050750,9815375,240913780000000,1,1,0
1,2647,240913780000000,240913795217625,240913809484250,14266625,29484250,15217625,240913790000000,1,1,1
1,2648,240913800000000,240913809657000,240913825048000,15391000,25048000,9657000,240913810000000,1,1,0
1,2650,240913810000000,240913825238750,240913841162125,15923375,31162125,15238750,240913820000000,1,1,1
1,2652,240913830000000,240913841331875,240913857093750,15761875,27093750,11331875,240913840000000,1,1,1
1,2653,240913850000000,240913857284750,240913873076750,15792000,23076750,7284750,240913860000000,1,1,0
1,2655,240913860000000,240913873241125,240913888744000,15502875,28744000,13241125,240913870000000,1,1,1
1,2656,240913880000000,240913888963000,240913904129750,15166750,24129750,8963000,240913890000000,1,1,0
1,2658,240913890000000,240913904299875,240913920258000,15958125,30258000,14299875,240913900000000,1,1,1
1,2660,240913910000000,240913920420000,240913936265250,15845250,26265250,10420000,240913920000000,1,1,1
1,2661,240913930000000,240913936414125,240913951826500,15412375,21826500,6414125,240913940000000,1,1,0
1,2663,240913940000000,240913952089500,240913967928125,15838625,27928125,12089500,240913950000000,1,1,1
1,2664,240913960000000,240913968111000,240913983968625,15857625,23968625,8111000,240913970000000,1,1,0
1,2666,240913970000000,240913984143500,240914000110500,15967000,30110500,14143500,240913980000000,1,1,1
1,2668,240913990000000,240914000264750,240914015429375,15164625,25429375,10264750,240914000000000,1,1,1
1,2669,240914010000000,240914015626375,240914030462000,14835625,20462000,5626375,240914020000000,1,1,0
1,2671,240914020000000,240914030650500,240914046644625,15994125,26644625,10650500,240914030000000,1,1,1
1,2672,240914040000000,240914046808500,240914062681750,15873250,22681750,6808500,240914050000000,1,1,0
1,2674,240914050000000,240914062845250,240914078689500,15844250,28689500,12845250,240914060000000,1,1,1
1,2675,240914070000000,240914078869125,240914094786250,15917125,24786250,8869125,240914080000000,1,1,0
1,2677,240914080000000,240914095764500,240914111158375,15393875,31158375,15764500,240914090000000,1,1,1
1,2679,240914100000000,240914112077750,240914127257500,15179750,27257500,12077750,240914110000000,1,1,1
1,2680,240914120000000,240914127453125,240914143407250,15954125,23407250,7453125,240914130000000,1,1,0
1,2682,240914130000000,240914143603375,240914159532250,15928875,29532250,13603375,240914140000000,1,1,1
1,2683,240914150000000,240914159726000,240914175646875,15920875,25646875,9726000,240914160000000,1,1,0
1,2685,240914160000000,240914175853750,240914191705875,15852125,31705875,15853750,240914170000000,1,1,1
1,2687,240914180000000,240914191890000,240914205811125,13921125,25811125,11890000,240914190000000,1,1,1
1,2688,240914200000000,240914205981000,240914221247000,15266000,21247000,5981000,240914210000000,1,1,0
1,2690,240914210000000,240914221402250,240914237302500,15900250,27302500,11402250,240914220000000,1,1,1
1,2691,240914230000000,240914237445625,240914251509250,14063625,21509250,7445625,240914240000000,1,1,0
1,2693,240914240000000,240914251710875,240914267653750,15942875,27653750,11710875,240914250000000,1,1,1
1,2694,240914260000000,240914267841125,240914283617125,15776000,23617125,7841125,240914270000000,1,1,0
1,2696,240914270000000,240914283807250,240914298613375,14806125,28613375,13807250,240914280000000,1,1,1
1,2697,240914290000000,240914299479625,240914314762250,15282625,24762250,9479625,240914300000000,1,1,0
1,2699,240914300000000,240914314945750,240914329968625,15022875,29968625,14945750,240914310000000,1,1,1
1,2701,240914320000000,240914330161500,240914346072125,15910625,26072125,10161500,240914330000000,1,1,1
1,2702,240914340000000,240914346225000,240914361520250,15295250,21520250,6225000,240914350000000,1,1,0
1,2704,240914350000000,240914361700250,240914377419625,15719375,27419625,11700250,240914360000000,1,1,1
1,2705,240914370000000,240914377597875,240914393517250,15919375,23517250,7597875,240914380000000,1,1,0
1,2707,240914380000000,240914393688125,240914408839500,15151375,28839500,13688125,240914390000000,1,1,1
1,2708,240914400000000,240914408988750,240914424930250,15941500,24930250,8988750,240914410000000,1,1,0
1,2710,240914410000000,240914425223375,240914439961500,14738125,29961500,15223375,240914420000000,1,1,1
1,2712,240914430000000,240914440180125,240914456065000,15884875,26065000,10180125,240914440000000,1,1,1
1,2713,240914450000000,240914456224625,240914470498125,14273500,20498125,6224625,240914460000000,1,1,0
1,2715,240914460000000,240914470775875,240914485282000,14506125,25282000,10775875,240914470000000,1,1,1
1,2716,240914480000000,240914485461750,240914501314250,15852500,21314250,5461750,240914490000000,1,1,0
1,2718,240914490000000,240914501481625,240914517414250,15932625,27414250,11481625,240914500000000,1,1,1
1,2719,240914510000000,240914517667125,240914533142500,15475375,23142500,7667125,240914520000000,1,1,0
1,2721,240914520000000,240914533333375,240914548472500,15139125,28472500,13333375,240914530000000,1,1,1
1,2722,240914540000000,240914548627750,240914563758000,15130250,23758000,8627750,240914550000000,1,1,0
1,2724,240914550000000,240914563945000,240914579194875,15249875,29194875,13945000,240914560000000,1,1,1
1,2725,240914570000000,240914579382375,240914595228625,15846250,25228625,9382375,240914580000000,1,1,0
1,2727,240914580000000,240914595412500,240914611349625,15937125,31349625,15412500,240914590000000,1,1,1
1,2729,240914600000000,240914611534500,240914627071000,15536500,27071000,11534500,240914610000000,1,1,1
1,2730,240914620000000,240914627285250,240914643252875,15967625,23252875,7285250,240914630000000,1,1,0
1,2732,240914630000000,240914643445625,240914659306625,15861000,29306625,13445625,240914640000000,1,1,1
1,2733,240914650000000,240914659492000,240914675403750,15911750,25403750,9492000,240914660000000,1,1,0
1,2735,240914660000000,240914675581875,240914690392250,14810375,30392250,15581875,240914670000000,1,1,1
1,2737,240914680000000,240914690559125,240914705011125,14452000,25011125,10559125,240914690000000,1,1,1
1,2738,240914700000000,240914705177000,240914721039875,15862875,21039875,5177000,240914710000000,1,1,0
1,2740,240914710000000,240914721949000,240914737936375,15987375,27936375,11949000,240914720000000,1,1,1
1,2741,240914730000000,240914738123750,240914754087625,15963875,24087625,8123750,240914740000000,1,1,0
1,2743,240914740000000,240914754269125,240914770120375,15851250,30120375,14269125,240914750000000,1,1,1
1,2745,240914760000000,240914770293500,240914784859875,14566375,24859875,10293500,240914770000000,1,1,1
1,2746,240914780000000,240914785020875,240914800314750,15293875,20314750,5020875,240914790000000,1,1,0
1,2748,240914790000000,240914800477375,240914816736375,16259000,26736375,10477375,240914800000000,1,1,1
1,2749,240914810000000,240914816931500,240914832212750,15281250,22212750,6931500,240914820000000,1,1,0
1,2751,240914820000000,240914832368375,240914848307375,15939000,28307375,12368375,240914830000000,1,1,1
1,2752,240914840000000,240914848476750,240914864463125,15986375,24463125,8476750,240914850000000,1,1,0
1,2754,240914850000000,240914864636250,240914878217500,13581250,28217500,14636250,240914860000000,1,1,1
1,2755,240914870000000,240914878415000,240914894292500,15877500,24292500,8415000,240914880000000,1,1,0
1,2757,240914880000000,240914894480000,240914910073500,15593500,30073500,14480000,240914890000000,1,1,1
1,2759,240914900000000,240914910263750,240914925463375,15199625,25463375,10263750,240914910000000,1,1,1
1,2760,240914920000000,240914925632250,240914941310750,15678500,21310750,5632250,240914930000000,1,1,0
1,2762,240914930000000,240914941489375,240914957409250,15919875,27409250,11489375,240914940000000,1,1,1
1,2763,240914950000000,240914957579250,240914972822375,15243125,22822375,7579250,240914960000000,1,1,0
1,2765,240914960000000,240914973097125,240914989023250,15926125,29023250,13097125,240914970000000,1,1,1
1,2766,240914980000000,240914989201375,240915005127250,15925875,25127250,9201375,240914990000000,1,1,0
1,2768,240914990000000,240915005303375,240915021082750,15779375,31082750,15303375,240915000000000,1,1,1
1,2770,240915010000000,240915021250125,240915037396125,16146000,27396125,11250125,240915020000000,1,1,1
1,2771,240915030000000,240915037654250,240915053215000,15560750,23215000,7654250,240915040000000,1,1,0
1,2773,240915040000000,240915053420875,240915069322875,15902000,29322875,13420875,240915050000000,1,1,1
1,2774,240915060000000,240915069503000,240915083447125,13944125,23447125,9503000,240915070000000,1,1,0
1,2776,240915070000000,240915083641875,240915098507750,14865875,28507750,13641875,240915080000000,1,1,1
1,2777,240915090000000,240915098689750,240915114082250,15392500,24082250,8689750,240915100000000,1,1,0
1,2779,240915100000000,240915114255000,240915129605875,15350875,29605875,14255000,240915110000000,1,1,1
1,2780,240915120000000,240915129779625,240915145131500,15351875,25131500,9779625,240915130000000,1,1,0
1,2782,240915130000000,240915145297625,240915160560125,15262500,30560125,15297625,240915140000000,1,1,1
1,2784,240915150000000,240915160716375,240915176506000,15789625,26506000,10716375,240915160000000,1,1,1
1,2785,240915170000000,240915176659625,240915191251875,14592250,21251875,6659625,240915180000000,1,1,0
1,2787,240915180000000,240915191432875,240915207382125,15949250,27382125,11432875,240915190000000,1,1,1
1,2788,240915200000000,240915207578875,240915222277375,14698500,22277375,7578875,240915210000000,1,1,0
1,2790,240915210000000,240915222440750,240915238375375,15934625,28375375,12440750,240915220000000,1,1,1
1,2791,240915230000000,240915238542875,240915253743000,15200125,23743000,8542875,240915240000000,1,1,0
1,2793,240915240000000,240915253899125,240915269819125,15920000,29819125,13899125,240915250000000,1,1,1
1,2794,240915260000000,240915269960250,240915285599000,15638750,25599000,9960250,240915270000000,1,1,0
1,2796,240915270000000,240915285774750,240915301462375,15687625,31462375,15774750,240915280000000,1,1,1
1,2798,240915290000000,240915301604375,240915316750875,15146500,26750875,11604375,240915300000000,1,1,1
1,2799,240915310000000,240915316924000,240915331753875,14829875,21753875,6924000,240915320000000,1,1,0
1,2801,240915320000000,240915331944375,240915347215625,15271250,27215625,11944375,240915330000000,1,1,1
1,2802,240915340000000,240915348138500,240915363997375,15858875,23997375,8138500,240915350000000,1,1,0
1,2804,240915350000000,240915364284375,240915380124250,15839875,30124250,14284375,240915360000000,1,1,1
1,2806,240915370000000,240915380286000,240915396275625,15989625,26275625,10286000,240915380000000,1,1,1
1,2807,240915390000000,240915396436625,240915412400250,15963625,22400250,6436625,240915400000000,1,1,0
1,2809,240915400000000,240915412554375,240915428434625,15880250,28434625,12554375,240915410000000,1,1,1
1,2810,240915420000000,240915428586375,240915444499000,15912625,24499000,8586375,240915430000000,1,1,0
1,2812,240915430000000,240915444639250,240915459887625,15248375,29887625,14639250,240915440000000,1,1,1
1,2814,240915450000000,240915460047125,240915475291750,15244625,25291750,10047125,240915460000000,1,1,1
1,2815,240915470000000,240915475495750,240915490159750,14664000,20159750,5495750,240915480000000,1,1,0
1,2817,240915480000000,240915490320250,240915506206000,15885750,26206000,10320250,240915490000000,1,1,1
1,2818,240915500000000,240915506503625,240915522082125,15578500,22082125,6503625,240915510000000,1,1,0
1,2820,240915510000000,240915522269500,240915536240875,13971375,26240875,12269500,240915520000000,1,1,1
1,2821,240915530000000,240915537190500,240915552320875,15130375,22320875,7190500,240915540000000,1,1,0
1,2823,240915540000000,240915552481000,240915568400000,15919000,28400000,12481000,240915550000000,1,1,1
1,2824,240915560000000,240915568569375,240915584443875,15874500,24443875,8569375,240915570000000,1,1,0
1,2826,240915570000000,240915584610250,240915600520875,15910625,30520875,14610250,240915580000000,1,1,1
1,2828,240915590000000,240915600795750,240915616718625,15922875,26718625,10795750,240915600000000,1,1,1
1,2829,240915610000000,240915616897750,240915632721125,15823375,22721125,6897750,240915620000000,1,1,0
1,2831,240915620000000,240915632888375,240915647627875,14739500,27627875,12888375,240915630000000,1,1,1
1,2832,240915640000000,240915647855375,240915663300500,15445125,23300500,7855375,240915650000000,1,1,0
1,2834,240915650000000,240915663471875,240915679326875,15855000,29326875,13471875,240915660000000,1,1,1
1,2835,240915670000000,240915679512750,240915694309875,14797125,24309875,9512750,240915680000000,1,1,0
1,2837,240915680000000,240915694494500,240915709734125,15239625,29734125,14494500,240915690000000,1,1,1
1,2839,240915700000000,240915710015375,240915725113375,15098000,25113375,10015375,240915710000000,1,1,1
1,2840,240915720000000,240915725288125,240915739174625,13886500,19174625,5288125,240915730000000,1,1,0
1,2841,240915730000000,240915739378625,240915755317000,15938375,25317000,9378625,240915740000000,1,1,0
1,2843,240915740000000,240915755517625,240915771362500,15844875,31362500,15517625,240915750000000,1,1,1
1,2845,240915760000000,240915771547375,240915785706750,14159375,25706750,11547375,240915770000000,1,1,1
1,2846,240915780000000,240915785996250,240915800761000,14764750,20761000,5996250,240915790000000,1,1,0
1,2848,240915790000000,240915800930375,240915815706000,14775625,25706000,10930375,240915800000000,1,1,1
1,2849,240915810000000,240915815919625,240915831300000,15380375,21300000,5919625,240915820000000,1,1,0
1,2851,240915820000000,240915831490375,240915846749000,15258625,26749000,11490375,240915830000000,1,1,1
1,2852,240915840000000,240915846938875,240915862844625,15905750,22844625,6938875,240915850000000,1,1,0
1,2854,240915850000000,240915863024875,240915878541625,15516750,28541625,13024875,240915860000000,1,1,1
1,2855,240915870000000,240915878722250,240915893327000,14604750,23327000,8722250,240915880000000,1,1,0
1,2857,240915880000000,240915893498625,240915908724875,15226250,28724875,13498625,240915890000000,1,1,1
1,2858,240915900000000,240915908887500,240915924646250,15758750,24646250,8887500,240915910000000,1,1,0
1,2860,240915910000000,240915924802500,240915940699500,15897000,30699500,14802500,240915920000000,1,1,1
1,2862,240915930000000,240915940863000,240915956646375,15783375,26646375,10863000,240915940000000,1,1,1
1,2863,240915950000000,240915957530500,240915972264250,14733750,22264250,7530500,240915960000000,1,1,0
1,2865,240915960000000,240915972446125,240915988304625,15858500,28304625,12446125,240915970000000,1,1,1
1,2866,240915980000000,240915988470000,240916001966875,13496875,21966875,8470000,240915990000000,1,1,0
1,2868,240915990000000,240916002146500,240916018054625,15908125,28054625,12146500,240916000000000,1,1,1
1,2869,240916010000000,240916018223000,240916034100000,15877000,24100000,8223000,240916020000000,1,1,0
1,2871,240916020000000,240916034290250,240916050206375,15916125,30206375,14290250,240916030000000,1,1,1
1,2873,240916040000000,240916050369250,240916066314625,15945375,26314625,10369250,240916050000000,1,1,1
1,2874,240916060000000,240916066505125,240916082392250,15887125,22392250,6505125,240916070000000,1,1,0
1,2876,240916070000000,240916082564000,240916096585250,14021250,26585250,12564000,240916080000000,1,1,1
1,2877,240916090000000,240916096750125,240916112505625,15755500,22505625,6750125,240916100000000,1,1,0
1,2879,240916100000000,240916112662875,240916128589250,15926375,28589250,12662875,240916110000000,1,1,1
1,2880,240916120000000,240916128748875,240916144606750,15857875,24606750,8748875,240916130000000,1,1,0
1,2882,240916130000000,240916144757500,240916160054750,15297250,30054750,14757500,240916140000000,1,1,1
1,2884,240916150000000,240916160241250,240916176187125,15945875,26187125,10241250,240916160000000,1,1,1
1,2885,240916170000000,240916176348625,240916191487250,15138625,21487250,6348625,240916180000000,1,1,0
1,2887,240916180000000,240916191689250,240916207599000,15909750,27599000,11689250,240916190000000,1,1,1
1,2888,240916200000000,240916207794875,240916223737625,15942750,23737625,7794875,240916210000000,1,1,0
1,2890,240916210000000,240916223934750,240916238862125,14927375,28862125,13934750,240916220000000,1,1,1
1,2891,240916230000000,240916239065625,240916254952000,15886375,24952000,9065625,240916240000000,1,1,0
1,2893,240916240000000,240916255123750,240916271000750,15877000,31000750,15123750,240916250000000,1,1,1
1,2895,240916260000000,240916271185750,240916285764250,14578500,25764250,11185750,240916270000000,1,1,1
1,2896,240916280000000,240916285954625,240916301875000,15920375,21875000,5954625,240916290000000,1,1,0
1,2898,240916290000000,240916302050125,240916317581250,15531125,27581250,12050125,240916300000000,1,1,1
1,2899,240916310000000,240916317753875,240916332983875,15230000,22983875,7753875,240916320000000,1,1,0
1,2901,240916320000000,240916333153750,240916349069750,15916000,29069750,13153750,240916330000000,1,1,1
1,2902,240916340000000,240916349241500,240916365146875,15905375,25146875,9241500,240916350000000,1,1,0
1,2904,240916350000000,240916365308875,240916381250875,15942000,31250875,15308875,240916360000000,1,1,1
1,2906,240916370000000,240916381410375,240916396646625,15236250,26646625,11410375,240916380000000,1,1,1
1,2907,240916390000000,240916396820375,240916412822375,16002000,22822375,6820375,240916400000000,1,1,0
1,2909,240916400000000,240916413006875,240916428932125,15925250,28932125,13006875,240916410000000,1,1,1
1,2910,240916420000000,240916429228875,240916444734625,15505750,24734625,9228875,240916430000000,1,1,0
1,2912,240916430000000,240916444893500,240916460168375,15274875,30168375,14893500,240916440000000,1,1,1
1,2914,240916450000000,240916460335750,240916475189625,14853875,25189625,10335750,240916460000000,1,1,1
1,2915,240916470000000,240916475365750,240916490273625,14907875,20273625,5365750,240916480000000,1,1,0
1,2917,240916480000000,240916490441875,240916505665000,15223125,25665000,10441875,240916490000000,1,1,1
1,2918,240916500000000,240916505844750,240916521699625,15854875,21699625,5844750,240916510000000,1,1,0
1,2920,240916510000000,240916521866500,240916537810000,15943500,27810000,11866500,240916520000000,1,1,1
1,2921,240916530000000,240916537978375,240916553218500,15240125,23218500,7978375,240916540000000,1,1,0
1,2923,240916540000000,240916553388375,240916569287250,15898875,29287250,13388375,240916550000000,1,1,1
1,2924,240916560000000,240916569453250,240916584527500,15074250,24527500,9453250,240916570000000,1,1,0
1,2926,240916570000000,240916585417625,240916601349750,15932125,31349750,15417625,240916580000000,1,1,1
1,2928,240916590000000,240916601531500,240916617045750,15514250,27045750,11531500,240916600000000,1,1,1
1,2929,240916610000000,240916617196625,240916632432375,15235750,22432375,7196625,240916620000000,1,1,0
1,2931,240916620000000,240916632597750,240916648493375,15895625,28493375,12597750,240916630000000,1,1,1
1,2932,240916640000000,240916648648000,240916664638750,15990750,24638750,8648000,240916650000000,1,1,0
1,2934,240916650000000,240916664805875,240916678890250,14084375,28890250,14805875,240916660000000,1,1,1
1,2935,240916670000000,240916679075875,240916693974375,14898500,23974375,9075875,240916680000000,1,1,0
1,2937,240916680000000,240916694144750,240916710119375,15974625,30119375,14144750,240916690000000,1,1,1
1,2939,240916700000000,240916710423750,240916725938750,15515000,25938750,10423750,240916710000000,1,1,1
1,2940,240916720000000,240916726129500,240916742032000,15902500,22032000,6129500,240916730000000,1,1,0
1,2942,240916730000000,240916742316000,240916757754250,15438250,27754250,12316000,240916740000000,1,1,1
1,2943,240916750000000,240916757947625,240916773185750,15238125,23185750,7947625,240916760000000,1,1,0
1,2945,240916760000000,240916773347000,240916787406500,14059500,27406500,13347000,240916770000000,1,1,1
1,2946,240916780000000,240916787742875,240916803695375,15952500,23695375,7742875,240916790000000,1,1,0
1,2948,240916790000000,240916803903875,240916819751625,15847750,29751625,13903875,240916800000000,1,1,1
1,2949,240916810000000,240916819949250,240916834854625,14905375,24854625,9949250,240916820000000,1,1,0
1,2951,240916820000000,240916835065375,240916851022125,15956750,31022125,15065375,240916830000000,1,1,1
1,2953,240916840000000,240916851209375,240916866441250,15231875,26441250,11209375,240916850000000,1,1,1
1,2954,240916860000000,240916866609875,240916882510125,15900250,22510125,6609875,240916870000000,1,1,0
1,2956,240916870000000,240916882688375,240916897909000,15220625,27909000,12688375,240916880000000,1,1,1
1,2957,240916890000000,240916898085625,240916914045125,15959500,24045125,8085625,240916900000000,1,1,0
1,2959,240916900000000,240916914230625,240916930110375,15879750,30110375,14230625,240916910000000,1,1,1
1,2961,240916920000000,240916930292875,240916945540500,15247625,25540500,10292875,240916930000000,1,1,1
1,2962,240916940000000,240916945702500,240916959646250,13943750,19646250,5702500,240916950000000,1,1,0
1,2963,240916950000000,240916959840000,240916975744625,15904625,25744625,9840000,240916960000000,1,1,0
1,2965,240916960000000,240916975947625,240916991787250,15839625,31787250,15947625,240916970000000,1,1,1
1,2967,240916980000000,240916991976000,240917006167500,14191500,26167500,11976000,240916990000000,1,1,1
1,2968,240917000000000,240917006462250,240917021166625,14704375,21166625,6462250,240917010000000,1,1,0
1,2970,240917010000000,240917021358125,240917037285750,15927625,27285750,11358125,240917020000000,1,1,1
1,2971,240917030000000,240917037447750,240917050827250,13379500,20827250,7447750,240917040000000,1,1,0
1,2973,240917040000000,240917051026375,240917067077625,16051250,27077625,11026375,240917050000000,1,1,1
1,2974,240917060000000,240917067399250,240917082914125,15514875,22914125,7399250,240917070000000,1,1,0
1,2976,240917070000000,240917083117625,240917098462375,15344750,28462375,13117625,240917080000000,1,1,1
1,2977,240917090000000,240917098652000,240917114582375,15930375,24582375,8652000,240917100000000,1,1,0
1,2979,240917100000000,240917114760000,240917129945875,15185875,29945875,14760000,240917110000000,1,1,1
1,2981,240917120000000,240917130158875,240917145974750,15815875,25974750,10158875,240917130000000,1,1,1
1,2982,240917140000000,240917146148000,240917162107000,15959000,22107000,6148000,240917150000000,1,1,0
1,2984,240917150000000,240917162295000,240917177953750,15658750,27953750,12295000,240917160000000,1,1,1
1,2985,240917170000000,240917178152500,240917194062625,15910125,24062625,8152500,240917180000000,1,1,0
1,2987,240917180000000,240917194966000,240917210910750,15944750,30910750,14966000,240917190000000,1,1,1
1,2989,240917200000000,240917211108875,240917227003875,15895000,27003875,11108875,240917210000000,1,1,1
1,2990,240917220000000,240917227179125,240917242426125,15247000,22426125,7179125,240917230000000,1,1,0
1,2992,240917230000000,240917242635125,240917258547625,15912500,28547625,12635125,240917240000000,1,1,1
1,2993,240917250000000,240917258714125,240917273532125,14818000,23532125,8714125,240917260000000,1,1,0
1,2995,240917260000000,240917273702000,240917289612625,15910625,29612625,13702000,240917270000000,1,1,1
1,2996,240917280000000,240917289782000,240917304574625,14792625,24574625,9782000,240917290000000,1,1,0
1,2998,240917290000000,240917304734375,240917320607875,15873500,30607875,14734375,240917300000000,1,1,1
1,3000,240917310000000,240917320746375,240917335862250,15115875,25862250,10746375,240917320000000,1,1,1
1,3001,240917330000000,240917336059875,240917351935375,15875500,21935375,6059875,240917340000000,1,1,0
1,3003,240917340000000,240917352118375,240917367971500,15853125,27971500,12118375,240917350000000,1,1,1
1,3004,240917360000000,240917368318125,240917384248625,15930500,24248625,8318125,240917370000000,1,1,0
1,3006,240917370000000,240917384517125,240917399374750,14857625,29374750,14517125,240917380000000,1,1,1
1,3007,240917390000000,240917399602125,240917414772500,15170375,24772500,9602125,240917400000000,1,1,0
1,3009,240917400000000,240917415060625,240917429391000,14330375,29391000,15060625,240917410000000,1,1,1
1,3010,240917420000000,240917429564750,240917445315500,15750750,25315500,9564750,240917430000000,1,1,0
1,3012,240917430000000,240917445501875,240917461207125,15705250,31207125,15501875,240917440000000,1,1,1
1,3014,240917450000000,240917461383125,240917476618125,15235000,26618125,11383125,240917460000000,1,1,1
1,3015,240917470000000,240917476961125,240917492817625,15856500,22817625,6961125,240917480000000,1,1,0
1,3017,240917480000000,240917493011875,240917508975250,15963375,28975250,13011875,240917490000000,1,1,1
1,3018,240917500000000,240917509143250,240917525052875,15909625,25052875,9143250,240917510000000,1,1,0
1,3020,240917510000000,240917525210500,240917540304250,15093750,30304250,15210500,240917520000000,1,1,1
1,3022,240917530000000,240917540450250,240917556401375,15951125,26401375,10450250,240917540000000,1,1,1
1,3023,240917550000000,240917556574500,240917572444750,15870250,22444750,6574500,240917560000000,1,1,0
1,3025,240917560000000,240917572715250,240917587342500,14627250,27342500,12715250,240917570000000,1,1,1
1,3026,240917580000000,240917587569375,240917601862000,14292625,21862000,7569375,240917590000000,1,1,0
1,3028,240917590000000,240917602129875,240917617408625,15278750,27408625,12129875,240917600000000,1,1,1
1,3029,240917610000000,240917617598375,240917633516375,15918000,23516375,7598375,240917620000000,1,1,0
1,3031,240917620000000,240917633666375,240917649555875,15889500,29555875,13666375,240917630000000,1,1,1
1,3032,240917640000000,240917649723375,240917664556125,14832750,24556125,9723375,240917650000000,1,1,0
1,3034,240917650000000,240917664723500,240917680651625,15928125,30651625,14723500,240917660000000,1,1,1
1,3036,240917670000000,240917680814750,240917696788375,15973625,26788375,10814750,240917680000000,1,1,1
1,3037,240917690000000,240917696958625,240917712831250,15872625,22831250,6958625,240917700000000,1,1,0
1,3039,240917700000000,240917712995250,240917727514750,14519500,27514750,12995250,240917710000000,1,1,1
1,3040,240917720000000,240917727706000,240917742461125,14755125,22461125,7706000,240917730000000,1,1,0
1,3042,240917730000000,240917742643750,240917758542000,15898250,28542000,12643750,240917740000000,1,1,1
1,3043,240917750000000,240917758706125,240917774252750,15546625,24252750,8706125,240917760000000,1,1,0
1,3045,240917760000000,240917774432375,240917790367000,15934625,30367000,14432375,240917770000000,1,1,1
1,3047,240917780000000,240917790541375,240917806412750,15871375,26412750,10541375,240917790000000,1,1,1
1,3048,240917800000000,240917806589500,240917821472875,14883375,21472875,6589500,240917810000000,1,1,0
1,3050,240917810000000,240917822326500,240917838266500,15940000,28266500,12326500,240917820000000,1,1,1
1,3051,240917830000000,240917838476375,240917853515500,15039125,23515500,8476375,240917840000000,1,1,0
1,3053,240917840000000,240917853699875,240917869616875,15917000,29616875,13699875,240917850000000,1,1,1
1,3054,240917860000000,240917869793125,240917885699375,15906250,25699375,9793125,240917870000000,1,1,0
1,3056,240917870000000,240917885860750,240917900050000,14189250,30050000,15860750,240917880000000,1,1,1
1,3058,240917890000000,240917900210125,240917914943750,14733625,24943750,10210125,240917900000000,1,1,1
1,3059,240917910000000,240917915131125,240917930390875,15259750,20390875,5131125,240917920000000,1,1,0
1,3061,240917920000000,240917930571000,240917945854125,15283125,25854125,10571000,240917930000000,1,1,1
1,3062,240917940000000,240917946003875,240917960807250,14803375,20807250,6003875,240917950000000,1,1,0
1,3064,240917950000000,240917960983500,240917976863750,15880250,26863750,10983500,240917960000000,1,1,1
1,3065,240917970000000,240917977027375,240917992234875,15207500,22234875,7027375,240917980000000,1,1,0
1,3067,240917980000000,240917992401250,240918008339875,15938625,28339875,12401250,240917990000000,1,1,1
1,3068,240918000000000,240918008478500,240918024317250,15838750,24317250,8478500,240918010000000,1,1,0
1,3070,240918010000000,240918024473000,240918040454000,15981000,30454000,14473000,240918020000000,1,1,1
1,3072,240918030000000,240918040637500,240918056581875,15944375,26581875,10637500,240918040000000,1,1,1
1,3073,240918050000000,240918056745375,240918071934250,15188875,21934250,6745375,240918060000000,1,1,0
1,3075,240918060000000,240918072165625,240918088053750,15888125,28053750,12165625,240918070000000,1,1,1
1,3076,240918080000000,240918088207125,240918103417000,15209875,23417000,8207125,240918090000000,1,1,0
1,3078,240918090000000,240918103607500,240918119489250,15881750,29489250,13607500,240918100000000,1,1,1
1,3079,240918110000000,240918119885625,240918135283750,15398125,25283750,9885625,240918120000000,1,1,0
1,3081,240918120000000,240918135498500,240918151348250,15849750,31348250,15498500,240918130000000,1,1,1
1,3083,240918140000000,240918151528250,240918167442375,15914125,27442375,11528250,240918150000000,1,1,1
1,3084,240918160000000,240918167750375,240918183676625,15926250,23676625,7750375,240918170000000,1,1,0
1,3086,240918170000000,240918183886000,240918199832250,15946250,29832250,13886000,240918180000000,1,1,1
1,3088,240918190000000,240918200092875,240918215300875,15208000,25300875,10092875,240918200000000,1,1,1
1,3089,240918210000000,240918215499000,240918231476000,15977000,21476000,5499000,240918220000000,1,1,0
1,3091,240918220000000,240918231695250,240918247494000,15798750,27494000,11695250,240918230000000,1,1,1
1,3092,240918240000000,240918247659000,240918263551125,15892125,23551125,7659000,240918250000000,1,1,0
1,3094,240918250000000,240918263760125,240918279172000,15411875,29172000,13760125,240918260000000,1,1,1
1,3095,240918270000000,240918279358375,240918295275000,15916625,25275000,9358375,240918280000000,1,1,0
1,3097,240918280000000,240918295461375,240918310710875,15249500,30710875,15461375,240918290000000,1,1,1
1,3099,240918300000000,240918310897375,240918326815750,15918375,26815750,10897375,240918310000000,1,1,1
1,3100,240918320000000,240918326999875,240918342541500,15541625,22541500,6999875,240918330000000,1,1,0
1,3102,240918330000000,240918342729500,240918357922250,15192750,27922250,12729500,240918340000000,1,1,1
1,3103,240918350000000,240918358190625,240918372883750,14693125,22883750,8190625,240918360000000,1,1,0
1,3105,240918360000000,240918373061500,240918388236750,15175250,28236750,13061500,240918370000000,1,1,1
1,3106,240918380000000,240918388495750,240918403232500,14736750,23232500,8495750,240918390000000,1,1,0
1,3108,240918390000000,240918403439750,240918419379375,15939625,29379375,13439750,240918400000000,1,1,1
1,3109,240918410000000,240918419579000,240918434301375,14722375,24301375,9579000,240918420000000,1,1,0
1,3111,240918420000000,240918435271625,240918451222750,15951125,31222750,15271625,240918430000000,1,1,1
1,3113,240918440000000,240918451426625,240918466233500,14806875,26233500,11426625,240918450000000,1,1,1
1,3114,240918460000000,240918466422000,240918482340375,15918375,22340375,6422000,240918470000000,1,1,0
1,3116,240918470000000,240918482517000,240918496371375,13854375,26371375,12517000,240918480000000,1,1,1
1,3117,240918490000000,240918496535375,240918512486125,15950750,22486125,6535375,240918500000000,1,1,0
1,3119,240918500000000,240918512646750,240918528549000,15902250,28549000,12646750,240918510000000,1,1,1
1,3120,240918520000000,240918528716875,240918544545125,15828250,24545125,8716875,240918530000000,1,1,0
1,3122,240918530000000,240918544827375,240918560591500,15764125,30591500,14827375,240918540000000,1,1,1
1,3124,240918550000000,240918560769125,240918575636000,14866875,25636000,10769125,240918560000000,1,1,1
1,3125,240918570000000,240918575844500,240918591044000,15199500,21044000,5844500,240918580000000,1,1,0
1,3127,240918580000000,240918591236875,240918607088875,15852000,27088875,11236875,240918590000000,1,1,1
1,3128,240918600000000,240918607258750,240918621494750,14236000,21494750,7258750,240918610000000,1,1,0
1,3130,240918610000000,240918621655750,240918637577625,15921875,27577625,11655750,240918620000000,1,1,1
1,3131,240918630000000,240918637716750,240918652454875,14738125,22454875,7716750,240918640000000,1,1,0
1,3133,240918640000000,240918652613000,240918668488875,15875875,28488875,12613000,240918650000000,1,1,1
1,3134,240918660000000,240918668650875,240918683851125,15200250,23851125,8650875,240918670000000,1,1,0
1,3136,240918670000000,240918684060125,240918699942250,15882125,29942250,14060125,240918680000000,1,1,1
1,3138,240918690000000,240918700136250,240918716158500,16022250,26158500,10136250,240918700000000,1,1,1
1,3139,240918710000000,240918716340625,240918732214250,15873625,22214250,6340625,240918720000000,1,1,0
1,3141,240918720000000,240918732384625,240918748332375,15947750,28332375,12384625,240918730000000,1,1,1
1,3142,240918740000000,240918748497125,240918764326500,15829375,24326500,8497125,240918750000000,1,1,0
1,3144,240918750000000,240918764474375,240918778997750,14523375,28997750,14474375,240918760000000,1,1,1
1,3145,240918770000000,240918779187375,240918795120625,15933250,25120625,9187375,240918780000000,1,1,0
1,3147,240918780000000,240918795304125,240918811228375,15924250,31228375,15304125,240918790000000,1,1,1
1,3149,240918800000000,240918811380875,240918827668500,16287625,27668500,11380875,240918810000000,1,1,1
1,3150,240918820000000,240918827899875,240918843130875,15231000,23130875,7899875,240918830000000,1,1,0
1,3152,240918830000000,240918843319125,240918858297750,14978625,28297750,13319125,240918840000000,1,1,1
1,3153,240918850000000,240918858486375,240918873768875,15282500,23768875,8486375,240918860000000,1,1,0
1,3155,240918860000000,240918874449625,240918888523000,14073375,28523000,14449625,240918870000000,1,1,1
1,3156,240918880000000,240918888692375,240918904625000,15932625,24625000,8692375,240918890000000,1,1,0
1,3158,240918890000000,240918904793500,240918920704125,15910625,30704125,14793500,240918900000000,1,1,1
1,3160,240918910000000,240918920861750,240918936112125,15250375,26112125,10861750,240918920000000,1,1,1
1,3161,240918930000000,240918936279625,240918951667625,15388000,21667625,6279625,240918940000000,1,1,0
1,3163,240918940000000,240918951832125,240918965829375,13997250,25829375,11832125,240918950000000,1,1,1
1,3164,240918960000000,240918966044125,240918982009375,15965250,22009375,6044125,240918970000000,1,1,0
1,3166,240918970000000,240918982305125,240918996817250,14512125,26817250,12305125,240918980000000,1,1,1
1,3167,240918990000000,240918996993375,240919012925125,15931750,22925125,6993375,240919000000000,1,1,0
1,3169,240919000000000,240919013083250,240919028829500,15746250,28829500,13083250,240919010000000,1,1,1
1,3170,240919020000000,240919028997500,240919044847125,15849625,24847125,8997500,240919030000000,1,1,0
1,3172,240919030000000,240919045161375,240919059173250,14011875,29173250,15161375,240919040000000,1,1,1
1,3174,240919050000000,240919060106750,240919076364375,16257625,26364375,10106750,240919060000000,1,1,1
1,3175,240919070000000,240919076561000,240919092202375,15641375,22202375,6561000,240919080000000,1,1,0
1,3177,240919080000000,240919092399125,240919107707625,15308500,27707625,12399125,240919090000000,1,1,1
1,3178,240919100000000,240919107924750,240919123829000,15904250,23829000,7924750,240919110000000,1,1,0
1,3180,240919110000000,240919124036250,240919138880000,14843750,28880000,14036250,240919120000000,1,1,1
1,3181,240919130000000,240919139071250,240919154322750,15251500,24322750,9071250,240919140000000,1,1,0
1,3183,240919140000000,240919154499875,240919169464750,14964875,29464750,14499875,240919150000000,1,1,1
1,3184,240919160000000,240919169610750,240919185555125,15944375,25555125,9610750,240919170000000,1,1,0
1,3186,240919170000000,240919185730625,240919201592125,15861500,31592125,15730625,240919180000000,1,1,1
1,3188,240919190000000,240919201751250,240919217658000,15906750,27658000,11751250,240919200000000,1,1,1
1,3189,240919210000000,240919217925500,240919233869750,15944250,23869750,7925500,240919220000000,1,1,0
1,3191,240919220000000,240919234059625,240919249994250,15934625,29994250,14059625,240919230000000,1,1,1
1,3193,240919240000000,240919250163625,240919265416875,15253250,25416875,10163625,240919250000000,1,1,1
1,3194,240919260000000,240919265578000,240919281474500,15896500,21474500,5578000,240919270000000,1,1,0
1,3196,240919270000000,240919281638875,240919297527125,15888250,27527125,11638875,240919280000000,1,1,1
1,3197,240919290000000,240919297698875,240919311764625,14065750,21764625,7698875,240919300000000,1,1,0
1,3199,240919300000000,240919311977875,240919327190750,15212875,27190750,11977875,240919310000000,1,1,1
1,3200,240919320000000,240919327367875,240919342595375,15227500,22595375,7367875,240919330000000,1,1,0
1,3202,240919330000000,240919343435750,240919358692500,15256750,28692500,13435750,240919340000000,1,1,1
1,3203,240919350000000,240919358872750,240919374050250,15177500,24050250,8872750,240919360000000,1,1,0
1,3205,240919360000000,240919374204500,240919389500375,15295875,29500375,14204500,240919370000000,1,1,1
1,3206,240919380000000,240919389665750,240919404347250,14681500,24347250,9665750,240919390000000,1,1,0
1,3208,240919390000000,240919404513625,240919419913875,15400250,29913875,14513625,240919400000000,1,1,1
1,3210,240919410000000,240919420105750,240919435268875,15163125,25268875,10105750,240919420000000,1,1,1
1,3211,240919430000000,240919435456750,240919450056125,14599375,20056125,5456750,240919440000000,1,1,0
1,3213,240919440000000,240919450221625,240919464732125,14510500,24732125,10221625,240919450000000,1,1,1
1,3214,240919460000000,240919464892000,240919480714125,15822125,20714125,4892000,240919470000000,1,0,0
1,3216,240919470000000,240919480875625,240919495594750,14719125,25594750,10875625,240919480000000,1,1,1
1,3217,240919490000000,240919495790500,240919511030625,15240125,21030625,5790500,240919500000000,1,1,0
1,3219,240919500000000,240919511233125,240919526670500,15437375,26670500,11233125,240919510000000,1,1,1
1,3220,240919520000000,240919526857500,240919542800375,15942875,22800375,6857500,240919530000000,1,1,0
1,3222,240919530000000,240919542982875,240919558963250,15980375,28963250,12982875,240919540000000,1,1,1
1,3223,240919550000000,240919559144250,240919574986625,15842375,24986625,9144250,240919560000000,1,1,0
1,3225,240919560000000,240919575178500,240919590449000,15270500,30449000,15178500,240919570000000,1,1,1
1,3227,240919580000000,240919590614375,240919606313250,15698875,26313250,10614375,240919590000000,1,1,1
1,3228,240919600000000,240919606614000,240919620626875,14012875,20626875,6614000,240919610000000,1,1,0
1,3230,240919610000000,240919620819000,240919636691250,15872250,26691250,10819000,240919620000000,1,1,1
1,3231,240919630000000,240919636864500,240919652598625,15734125,22598625,6864500,240919640000000,1,1,0
1,3233,240919640000000,240919652880625,240919668794125,15913500,28794125,12880625,240919650000000,1,1,1
1,3235,240919660000000,240919674693000,240919690023500,15330500,30023500,14693000,240919670000000,1,1,1
1,3237,240919680000000,240919690233250,240919704790250,14557000,24790250,10233250,240919690000000,1,1,1
1,3238,240919700000000,240919704967375,240919719675750,14708375,19675750,4967375,240919710000000,1,0,0
1,3239,240919710000000,240919719876375,240919735121375,15245000,25121375,9876375,240919720000000,1,1,0
1,3241,240919720000000,240919735301875,240919750700250,15398375,30700250,15301875,240919730000000,1,1,1
1,3243,240919740000000,240919750876875,240919765634875,14758000,25634875,10876875,240919750000000,1,1,1
1,3244,240919760000000,240919765814125,240919781680250,15866125,21680250,5814125,240919770000000,1,1,0
1,3246,240919770000000,240919781809250,240919797736000,15926750,27736000,11809250,240919780000000,1,1,1
1,3247,240919790000000,240919797912000,240919814131625,16219625,24131625,7912000,240919800000000,1,1,0
1,3249,240919800000000,240919814337125,240919828235000,13897875,28235000,14337125,240919810000000,1,1,1
1,3250,240919820000000,240919828405750,240919843686875,15281125,23686875,8405750,240919830000000,1,1,0
1,3252,240919830000000,240919843871500,240919859814125,15942625,29814125,13871500,240919840000000,1,1,1
1,3254,240919850000000,240919860035250,240919875365750,15330500,25365750,10035250,240919860000000,1,1,1
1,3255,240919870000000,240919875566250,240919891505875,15939625,21505875,5566250,240919880000000,1,1,0
1,3257,240919880000000,240919891664875,240919907583375,15918500,27583375,11664875,240919890000000,1,1,1
1,3258,240919900000000,240919907769750,240919922320000,14550250,22320000,7769750,240919910000000,1,1,0
1,3260,240919910000000,240919922495375,240919937768750,15273375,27768750,12495375,240919920000000,1,1,1
1,3261,240919930000000,240919937945750,240919953200500,15254750,23200500,7945750,240919940000000,1,1,0
1,3263,240919940000000,240919953363500,240919969332750,15969250,29332750,13363500,240919950000000,1,1,1
1,3264,240919960000000,240919969502125,240919984609125,15107000,24609125,9502125,240919970000000,1,1,0
1,3266,240919970000000,240919984731125,240920000645750,15914625,30645750,14731125,240919980000000,1,1,1
1,3268,240919990000000,240920000804875,240920016074375,15269500,26074375,10804875,240920000000000,1,1,1
1,3269,240920010000000,240920016236875,240920031572125,15335250,21572125,6236875,240920020000000,1,1,0
1,3271,240920020000000,240920031755500,240920046485000,14729500,26485000,11755500,240920030000000,1,1,1
1,3272,240920040000000,240920046657250,240920062588375,15931125,22588375,6657250,240920050000000,1,1,0
1,3274,240920050000000,240920062779250,240920078356500,15577250,28356500,12779250,240920060000000,1,1,1
1,3275,240920070000000,240920078657250,240920094528875,15871625,24528875,8657250,240920080000000,1,1,0
1,3277,240920080000000,240920094720750,240920109942250,15221500,29942250,14720750,240920090000000,1,1,1
1,3279,240920100000000,240920110119500,240920126060500,15941000,26060500,10119500,240920110000000,1,1,1
1,3280,240920120000000,240920126356250,240920142290625,15934375,22290625,6356250,240920130000000,1,1,0
1,3282,240920130000000,240920142484500,240920158369125,15884625,28369125,12484500,240920140000000,1,1,1
1,3283,240920150000000,240920158550250,240920173793375,15243125,23793375,8550250,240920160000000,1,1,0
1,3285,240920160000000,240920173958000,240920189838875,15880875,29838875,13958000,240920170000000,1,1,1
1,3287,240920180000000,240920190061375,240920204652500,14591125,24652500,10061375,240920190000000,1,1,1
1,3288,240920200000000,240920204826625,240920220707125,15880500,20707125,4826625,240920210000000,1,0,0
1,3290,240920210000000,240920220958000,240920236881375,15923375,26881375,10958000,240920220000000,1,1,1
1,3291,240920230000000,240920237065250,240920251797500,14732250,21797500,7065250,240920240000000,1,1,0
1,3293,240920240000000,240920252039125,240920267894750,15855625,27894750,12039125,240920250000000,1,1,1
1,3294,240920260000000,240920268119250,240920283970250,15851000,23970250,8119250,240920270000000,1,1,0
1,3296,240920270000000,240920284152375,240920298686500,14534125,28686500,14152375,240920280000000,1,1,1
1,3298,240920290000000,240920300285625,240920314669375,14383750,24669375,10285625,240920300000000,1,1,1
1,3299,240920310000000,240920314885500,240920330755750,15870250,20755750,4885500,240920320000000,1,0,0
1,3301,240920320000000,240920330944500,240920346245625,15301125,26245625,10944500,240920330000000,1,1,1
1,3302,240920340000000,240920346419625,240920362363750,15944125,22363750,6419625,240920350000000,1,1,0
1,3304,240920350000000,240920362538625,240920377764625,15226000,27764625,12538625,240920360000000,1,1,1
1,3305,240920370000000,240920377926125,240920393621125,15695000,23621125,7926125,240920380000000,1,1,0
1,3307,240920380000000,240920393752375,240920408915500,15163125,28915500,13752375,240920390000000,1,1,1
1,3308,240920400000000,240920409199625,240920424535000,15335375,24535000,9199625,240920410000000,1,1,0
1,3310,240920410000000,240920424713375,240920440584875,15871500,30584875,14713375,240920420000000,1,1,1
1,3312,240920430000000,240920440728625,240920456703250,15974625,26703250,10728625,240920440000000,1,1,1
1,3313,240920450000000,240920456862375,240920472678375,15816000,22678375,6862375,240920460000000,1,1,0
1,3315,240920460000000,240920472833500,240920488698000,15864500,28698000,12833500,240920470000000,1,1,1
1,3316,240920480000000,240920488857375,240920504094125,15236750,24094125,8857375,240920490000000,1,1,0
1,3318,240920490000000,240920504258125,240920520167875,15909750,30167875,14258125,240920500000000,1,1,1
1,3320,240920510000000,240920520432875,240920536376875,15944000,26376875,10432875,240920520000000,1,1,1
1,3321,240920530000000,240920536557750,240920552426375,15868625,22426375,6557750,240920540000000,1,1,0
1,3323,240920540000000,240920552686625,240920568590375,15903750,28590375,12686625,240920550000000,1,1,1
1,3324,240920560000000,240920568776750,240920584058500,15281750,24058500,8776750,240920570000000,1,1,0
1,3326,240920570000000,240920584229875,240920598621000,14391125,28621000,14229875,240920580000000,1,1,1
1,3327,240920590000000,240920598849250,240920614797625,15948375,24797625,8849250,240920600000000,1,1,0
1,3329,240920600000000,240920614987500,240920630935250,15947750,30935250,14987500,240920610000000,1,1,1
1,3331,240920620000000,240920631123000,240920646985500,15862500,26985500,11123000,240920630000000,1,1,1
1,3332,240920640000000,240920647163500,240920663101125,15937625,23101125,7163500,240920650000000,1,1,0
1,3334,240920650000000,240920663295750,240920677381375,14085625,27381375,13295750,240920660000000,1,1,1
1,3335,240920670000000,240920677542500,240920693512250,15969750,23512250,7542500,240920680000000,1,1,0
1,3337,240920680000000,240920693672875,240920708183875,14511000,28183875,13672875,240920690000000,1,1,1
1,3338,240920700000000,240920708345375,240920724239125,15893750,24239125,8345375,240920710000000,1,1,0
1,3340,240920710000000,240920724391875,240920740317125,15925250,30317125,14391875,240920720000000,1,1,1
1,3342,240920730000000,240920740472375,240920756334625,15862250,26334625,10472375,240920740000000,1,1,1
1,3343,240920750000000,240920756495375,240920772367875,15872500,22367875,6495375,240920760000000,1,1,0
1,3345,240920760000000,240920772506125,240920788450750,15944625,28450750,12506125,240920770000000,1,1,1
1,3346,240920780000000,240920788614250,240920803756000,15141750,23756000,8614250,240920790000000,1,1,0
1,3348,240920790000000,240920803954625,240920818535000,14580375,28535000,13954625,240920800000000,1,1,1
1,3349,240920810000000,240920818712625,240920833820500,15107875,23820500,8712625,240920820000000,1,1,0
1,3351,240920820000000,240920834024250,240920849979625,15955375,29979625,14024250,240920830000000,1,1,1
1,3353,240920840000000,240920850137875,240920866022125,15884250,26022125,10137875,240920850000000,1,1,1
1,3354,240920860000000,240920866190500,240920882135750,15945250,22135750,6190500,240920870000000,1,1,0
1,3356,240920870000000,240920882299875,240920897526750,15226875,27526750,12299875,240920880000000,1,1,1
1,3357,240920890000000,240920897692625,240920912343375,14650750,22343375,7692625,240920900000000,1,1,0
1,3359,240920900000000,240920913226125,240920928579750,15353625,28579750,13226125,240920910000000,1,1,1
1,3360,240920920000000,240920928768500,240920944763125,15994625,24763125,8768500,240920930000000,1,1,0
1,3362,240920930000000,240920944936250,240920960867000,15930750,30867000,14936250,240920940000000,1,1,1
1,3364,240920950000000,240920961021625,240920976991500,15969875,26991500,11021625,240920960000000,1,1,1
1,3365,240920970000000,240920977157000,240920992366750,15209750,22366750,7157000,240920980000000,1,1,0
1,3367,240920980000000,240920992526875,240921008393125,15866250,28393125,12526875,240920990000000,1,1,1
1,3368,240921000000000,240921008549250,240921023854000,15304750,23854000,8549250,240921010000000,1,1,0
1,3370,240921010000000,240921024051250,240921039903625,15852375,29903625,14051250,240921020000000,1,1,1
1,3372,240921030000000,240921040199000,240921055486500,15287500,25486500,10199000,240921040000000,1,1,1
1,3373,240921050000000,240921055698875,240921071518625,15819750,21518625,5698875,240921060000000,1,1,0
1,3375,240921060000000,240921071704250,240921087337125,15632875,27337125,11704250,240921070000000,1,1,1
1,3376,240921080000000,240921087530375,240921103085875,15555500,23085875,7530375,240921090000000,1,1,0
1,3378,240921090000000,240921103293250,240921119186875,15893625,29186875,13293250,240921100000000,1,1,1
1,3379,240921110000000,240921119382125,240921135254750,15872625,25254750,9382125,240921120000000,1,1,0
1,3381,240921120000000,240921135437750,240921150122000,14684250,30122000,15437750,240921130000000,1,1,1
1,3383,240921140000000,240921150298750,240921166217250,15918500,26217250,10298750,240921150000000,1,1,1
1,3384,240921160000000,240921166382250,240921182048375,15666125,22048375,6382250,240921170000000,1,1,0
1,3386,240921170000000,240921182201750,240921197480375,15278625,27480375,12201750,240921180000000,1,1,1
1,3387,240921190000000,240921197664000,240921213560375,15896375,23560375,7664000,240921200000000,1,1,0
1,3389,240921200000000,240921213727375,240921229576000,15848625,29576000,13727375,240921210000000,1,1,1
1,3390,240921220000000,240921229742375,240921245685750,15943375,25685750,9742375,240921230000000,1,1,0
1,3392,240921230000000,240921245866875,240921260566375,14699500,30566375,15866875,240921240000000,1,1,1
1,3394,240921250000000,240921260726500,240921275323250,14596750,25323250,10726500,240921260000000,1,1,1
1,3395,240921270000000,240921275496750,240921290723250,15226500,20723250,5496750,240921280000000,1,1,0
1,3397,240921280000000,240921290908250,240921306346000,15437750,26346000,10908250,240921290000000,1,1,1
1,3398,240921300000000,240921306528125,240921322392500,15864375,22392500,6528125,240921310000000,1,1,0
1,3400,240921310000000,240921322570375,240921338531375,15961000,28531375,12570375,240921320000000,1,1,1
1,3401,240921330000000,240921338741375,240921354323500,15582125,24323500,8741375,240921340000000,1,1,0
1,3403,240921340000000,240921354522750,240921368998750,14476000,28998750,14522750,240921350000000,1,1,1
1,3404,240921360000000,240921369152500,240921384294500,15142000,24294500,9152500,240921370000000,1,1,0
1,3406,240921370000000,240921384454500,240921400345750,15891250,30345750,14454500,240921380000000,1,1,1
1,3408,240921390000000,240921400509375,240921415681625,15172250,25681625,10509375,240921400000000,1,1,1
1,3409,240921410000000,240921415879750,240921430130750,14251000,20130750,5879750,240921420000000,1,1,0
1,3411,240921420000000,240921430298250,240921446194250,15896000,26194250,10298250,240921430000000,1,1,1
1,3412,240921440000000,240921446365500,240921460291000,13925500,20291000,6365500,240921450000000,1,1,0
1,3414,240921450000000,240921460459875,240921476375125,15915250,26375125,10459875,240921460000000,1,1,1
1,3415,240921470000000,240921476530750,240921492461875,15931125,22461875,6530750,240921480000000,1,1,0
1,3417,240921480000000,240921492622500,240921507335125,14712625,27335125,12622500,240921490000000,1,1,1
1,3418,240921500000000,240921507525875,240921523420500,15894625,23420500,7525875,240921510000000,1,1,0
1,3420,240921510000000,240921523604875,240921538579750,14974875,28579750,13604875,240921520000000,1,1,1
1,3421,240921530000000,240921539514750,240921554792000,15277250,24792000,9514750,240921540000000,1,1,0
1,3423,240921540000000,240921554995875,240921570945625,15949750,30945625,14995875,240921550000000,1,1,1
1,3425,240921560000000,240921571141375,240921587015875,15874500,27015875,11141375,240921570000000,1,1,1
1,3426,240921580000000,240921587196500,240921603124750,15928250,23124750,7196500,240921590000000,1,1,0
1,3428,240921590000000,240921603318000,240921618459125,15141125,28459125,13318000,240921600000000,1,1,1
1,3429,240921610000000,240921618621750,240921634632875,16011125,24632875,8621750,240921620000000,1,1,0
1,3431,240921620000000,240921634810875,240921650742125,15931250,30742125,14810875,240921630000000,1,1,1
1,3433,240921640000000,240921650934500,240921666137500,15203000,26137500,10934500,240921650000000,1,1,1
1,3434,240921660000000,240921666308500,240921682224875,15916375,22224875,6308500,240921670000000,1,1,0
1,3436,240921670000000,240921682401625,240921698181375,15779750,28181375,12401625,240921680000000,1,1,1
1,3437,240921690000000,240921698350375,240921714282000,15931625,24282000,8350375,240921700000000,1,1,0
1,3439,240921700000000,240921714459250,240921730313625,15854375,30313625,14459250,240921710000000,1,1,1
1,3441,240921720000000,240921730479125,240921746414250,15935125,26414250,10479125,240921730000000,1,1,1
1,3442,240921740000000,240921746574375,240921761140625,14566250,21140625,6574375,240921750000000,1,1,0
1,3444,240921750000000,240921761302125,240921777171750,15869625,27171750,11302125,240921760000000,1,1,1
1,3445,240921770000000,240921777331250,240921792548625,15217375,22548625,7331250,240921780000000,1,1,0
1,3447,240921780000000,240921792710250,240921808516375,15806125,28516375,12710250,240921790000000,1,1,1
1,3448,240921800000000,240921808673750,240921823415500,14741750,23415500,8673750,240921810000000,1,1,0
1,3450,240921810000000,240921823598625,240921839504875,15906250,29504875,13598625,240921820000000,1,1,1
1,3451,240921830000000,240921839688375,240921854532375,14844000,24532375,9688375,240921840000000,1,1,0
1,3453,240921840000000,240921854723125,240921870613250,15890125,30613250,14723125,240921850000000,1,1,1
1,3455,240921860000000,240921870800250,240921886310750,15510500,26310750,10800250,240921870000000,1,1,1
1,3456,240921880000000,240921886464375,240921902379500,15915125,22379500,6464375,240921890000000,1,1,0
1,3458,240921890000000,240921902557125,240921918447125,15890000,28447125,12557125,240921900000000,1,1,1
1,3459,240921910000000,240921918627375,240921934546875,15919500,24546875,8627375,240921920000000,1,1,0
1,3461,240921920000000,240921934723125,240921950613750,15890625,30613750,14723125,240921930000000,1,1,1
1,3463,240921940000000,240921950791000,240921966035500,15244500,26035500,10791000,240921950000000,1,1,1
1,3464,240921960000000,240921966210625,240921981249750,15039125,21249750,6210625,240921970000000,1,1,0
1,3466,240921970000000,240921981419250,240921995999500,14580250,25999500,11419250,240921980000000,1,1,1
1,3467,240921990000000,240921996260250,240922010934875,14674625,20934875,6260250,240922000000000,1,1,0
1,3469,240922000000000,240922011122750,240922026961125,15838375,26961125,11122750,240922010000000,1,1,1
1,3470,240922020000000,240922027113000,240922042368750,15255750,22368750,7113000,240922030000000,1,1,0
1,3472,240922030000000,240922042539625,240922058408250,15868625,28408250,12539625,240922040000000,1,1,1
1,3473,240922050000000,240922058576625,240922074523375,15946750,24523375,8576625,240922060000000,1,1,0
1,3475,240922060000000,240922074705375,240922089537625,14832250,29537625,14705375,240922070000000,1,1,1
1,3476,240922080000000,240922089682125,240922105631875,15949750,25631875,9682125,240922090000000,1,1,0
1,3478,240922090000000,240922105822250,240922121472875,15650625,31472875,15822250,240922100000000,1,1,1
1,3480,240922110000000,240922121645125,240922136264000,14618875,26264000,11645125,240922120000000,1,1,1
1,3481,240922130000000,240922136418750,240922151575000,15156250,21575000,6418750,240922140000000,1,1,0
1,3483,240922140000000,240922151778500,240922167635000,15856500,27635000,11778500,240922150000000,1,1,1
1,3484,240922160000000,240922168680375,240922184563125,15882750,24563125,8680375,240922170000000,1,1,0
1,3486,240922170000000,240922184738250,240922200727625,15989375,30727625,14738250,240922180000000,1,1,1
1,3488,240922190000000,240922200897375,240922216801250,15903875,26801250,10897375,240922200000000,1,1,1
1,3489,240922210000000,240922216970250,240922232214750,15244500,22214750,6970250,240922220000000,1,1,0
1,3491,240922220000000,240922232367500,240922247592625,15225125,27592625,12367500,240922230000000,1,1,1
1,3492,240922240000000,240922247787875,240922262471125,14683250,22471125,7787875,240922250000000,1,1,0
1,3494,240922250000000,240922262638500,240922278207625,15569125,28207625,12638500,240922260000000,1,1,1
1,3495,240922270000000,240922278361375,240922294294125,15932750,24294125,8361375,240922280000000,1,1,0
1,3497,240922280000000,240922294460375,240922310355625,15895250,30355625,14460375,240922290000000,1,1,1
1,3499,240922300000000,240922310504375,240922326408250,15903875,26408250,10504375,240922310000000,1,1,1
1,3500,240922320000000,240922326576500,240922341562125,14985625,21562125,6576500,240922330000000,1,1,0
1,3502,240922330000000,240922341732000,240922356345500,14613500,26345500,11732000,240922340000000,1,1,1
1,3503,240922350000000,240922356509750,240922372482125,15972375,22482125,6509750,240922360000000,1,1,0
1,3505,240922360000000,240922372653375,240922387936000,15282625,27936000,12653375,240922370000000,1,1,1
1,3506,240922380000000,240922388120125,240922403994750,15874625,23994750,8120125,240922390000000,1,1,0
1,3508,240922390000000,240922404191375,240922420104000,15912625,30104000,14191375,240922400000000,1,1,1
1,3510,240922410000000,240922420267000,240922435351875,15084875,25351875,10267000,240922420000000,1,1,1
1,3511,240922430000000,240922435523250,240922451416375,15893125,21416375,5523250,240922440000000,1,1,0
1,3513,240922440000000,240922451591125,240922467500750,15909625,27500750,11591125,240922450000000,1,1,1
1,3514,240922460000000,240922467713500,240922483031750,15318250,23031750,7713500,240922470000000,1,1,0
1,3516,240922470000000,240922483205125,240922499108875,15903750,29108875,13205125,240922480000000,1,1,1
1,3517,240922490000000,240922499296250,240922514833625,15537375,24833625,9296250,240922500000000,1,1,0
1,3519,240922500000000,240922515156875,240922529844500,14687625,29844500,15156875,240922510000000,1,1,1
1,3521,240922520000000,240922530034250,240922545982750,15948500,25982750,10034250,240922530000000,1,1,1
1,3522,240922540000000,240922546159250,240922561769375,15610125,21769375,6159250,240922550000000,1,1,0
1,3524,240922550000000,240922561951000,240922577646875,15695875,27646875,11951000,240922560000000,1,1,1
1,3525,240922570000000,240922577820625,240922593510750,15690125,23510750,7820625,240922580000000,1,1,0
1,3527,240922580000000,240922593675625,240922608335125,14659500,28335125,13675625,240922590000000,1,1,1
1,3528,240922600000000,240922608502125,240922623698875,15196750,23698875,8502125,240922610000000,1,1,0
1,3530,240922610000000,240922623999000,240922639201125,15202125,29201125,13999000,240922620000000,1,1,1
1,3531,240922630000000,240922639479000,240922654952125,15473125,24952125,9479000,240922640000000,1,1,0
1,3533,240922640000000,240922655103000,240922669025125,13922125,29025125,15103000,240922650000000,1,1,1
1,3534,240922660000000,240922669193125,240922685119750,15926625,25119750,9193125,240922670000000,1,1,0
1,3536,240922670000000,240922685279000,240922701237875,15958875,31237875,15279000,240922680000000,1,1,1
1,3538,240922690000000,240922701381875,240922715869125,14487250,25869125,11381875,240922700000000,1,1,1
1,3539,240922710000000,240922716064250,240922731828625,15764375,21828625,6064250,240922720000000,1,1,0
1,3541,240922720000000,240922732038125,240922747453875,15415750,27453875,12038125,240922730000000,1,1,1
1,3542,240922740000000,240922747666625,240922763521625,15855000,23521625,7666625,240922750000000,1,1,0
1,3544,240922750000000,240922763724625,240922778418250,14693625,28418250,13724625,240922760000000,1,1,1
1,3545,240922770000000,240922779342750,240922795357625,16014875,25357625,9342750,240922780000000,1,1,0
1,3547,240922780000000,240922795689000,240922810996125,15307125,30996125,15689000,240922790000000,1,1,1
1,3549,240922800000000,240922811193750,240922827374250,16180500,27374250,11193750,240922810000000,1,1,1
1,3550,240922820000000,240922827595875,240922843014625,15418750,23014625,7595875,240922830000000,1,1,0
1,3552,240922830000000,240922843209250,240922859118625,15909375,29118625,13209250,240922840000000,1,1,1
1,3553,240922850000000,240922859313750,240922875253750,15940000,25253750,9313750,240922860000000,1,1,0
1,3555,240922860000000,240922875465625,240922891343000,15877375,31343000,15465625,240922870000000,1,1,1
1,3557,240922880000000,240922891526625,240922907463000,15936375,27463000,11526625,240922890000000,1,1,1
1,3558,240922900000000,240922907634875,240922922245000,14610125,22245000,7634875,240922910000000,1,1,0
1,3560,240922910000000,240922922428625,240922938354375,15925750,28354375,12428625,240922920000000,1,1,1
1,3561,240922930000000,240922938531125,240922954439250,15908125,24439250,8531125,240922940000000,1,1,0
1,3563,240922940000000,240922954605750,240922970550000,15944250,30550000,14605750,240922950000000,1,1,1
1,3565,240922960000000,240922970738375,240922986682250,15943875,26682250,10738375,240922970000000,1,1,1
1,3566,240922980000000,240922986864500,240923001932750,15068250,21932750,6864500,240922990000000,1,1,0
1,3568,240922990000000,240923002123500,240923016102375,13978875,26102375,12123500,240923000000000,1,1,1
1,3569,240923010000000,240923016260875,240923032216500,15955625,22216500,6260875,240923020000000,1,1,0
1,3571,240923020000000,240923032379500,240923048247625,15868125,28247625,12379500,240923030000000,1,1,1
1,3572,240923040000000,240923048400500,240923064298875,15898375,24298875,8400500,240923050000000,1,1,0
1,3574,240923050000000,240923064461500,240923080365875,15904375,30365875,14461500,240923060000000,1,1,1
1,3576,240923070000000,240923080514625,240923096422375,15907750,26422375,10514625,240923080000000,1,1,1
1,3577,240923090000000,240923096574625,240923110399250,13824625,20399250,6574625,240923100000000,1,1,0
1,3579,240923100000000,240923110612000,240923126073250,15461250,26073250,10612000,240923110000000,1,1,1
1,3580,240923120000000,240923126277250,240923142226000,15948750,22226000,6277250,240923130000000,1,1,0
1,3582,240923130000000,240923142424500,240923158342125,15917625,28342125,12424500,240923140000000,1,1,1
1,3583,240923150000000,240923158638000,240923174478250,15840250,24478250,8638000,240923160000000,1,1,0
1,3585,240923160000000,240923174664625,240923190661375,15996750,30661375,14664625,240923170000000,1,1,1
1,3587,240923180000000,240923190830250,240923206752000,15921750,26752000,10830250,240923190000000,1,1,1
1,3588,240923200000000,240923206924375,240923222098500,15174125,22098500,6924375,240923210000000,1,1,0
1,3590,240923210000000,240923222264000,240923238197125,15933125,28197125,12264000,240923220000000,1,1,1
1,3591,240923230000000,240923238370875,240923253643750,15272875,23643750,8370875,240923240000000,1,1,0
1,3593,240923240000000,240923253819125,240923269040625,15221500,29040625,13819125,240923250000000,1,1,1
1,3594,240923260000000,240923269211000,240923285119125,15908125,25119125,9211000,240923270000000,1,1,0
1,3596,240923270000000,240923285256250,240923301214875,15958625,31214875,15256250,240923280000000,1,1,1
1,3598,240923290000000,240923301377250,240923315225375,13848125,25225375,11377250,240923300000000,1,1,1
1,3599,240923310000000,240923315389250,240923331285375,15896125,21285375,5389250,240923320000000,1,1,0
1,3601,240923320000000,240923331471375,240923346388875,14917500,26388875,11471375,240923330000000,1,1,1
1,3602,240923340000000,240923346575875,240923362491500,15915625,22491500,6575875,240923350000000,1,1,0
1,3604,240923350000000,240923362666500,240923377787250,15120750,27787250,12666500,240923360000000,1,1,1
1,3605,240923370000000,240923377945375,240923393896000,15950625,23896000,7945375,240923380000000,1,1,0
1,3607,240923380000000,240923394063000,240923409106500,15043500,29106500,14063000,240923390000000,1,1,1
1,3609,240923400000000,240923410069375,240923426040000,15970625,26040000,10069375,240923410000000,1,1,1
1,3610,240923420000000,240923426199625,240923442057000,15857375,22057000,6199625,240923430000000,1,1,0
1,3612,240923430000000,240923442236250,240923458115625,15879375,28115625,12236250,240923440000000,1,1,1
1,3613,240923450000000,240923458296750,240923473920375,15623625,23920375,8296750,240923460000000,1,1,0
1,3615,240923460000000,240923474102500,240923489742250,15639750,29742250,14102500,240923470000000,1,1,1
1,3616,240923480000000,240923489926250,240923505125500,15199250,25125500,9926250,240923490000000,1,1,0
1,3618,240923490000000,240923505286500,240923520506625,15220125,30506625,15286500,240923500000000,1,1,1
1,3620,240923510000000,240923520665875,240923536546625,15880750,26546625,10665875,240923520000000,1,1,1
1,3621,240923530000000,240923536703875,240923552493000,15789125,22493000,6703875,240923540000000,1,1,0
1,3623,240923540000000,240923552649125,240923568583750,15934625,28583750,12649125,240923550000000,1,1,1
1,3624,240923560000000,240923568877000,240923584874625,15997625,24874625,8877000,240923570000000,1,1,0
1,3626,240923570000000,240923585052375,240923600916625,15864250,30916625,15052375,240923580000000,1,1,1
1,3628,240923590000000,240923601076625,240923616373500,15296875,26373500,11076625,240923600000000,1,1,1
1,3629,240923610000000,240923616554000,240923631851250,15297250,21851250,6554000,240923620000000,1,1,0
1,3631,240923620000000,240923632056375,240923647479375,15423000,27479375,12056375,240923630000000,1,1,1
1,3632,240923640000000,240923647686875,240923662431750,14744875,22431750,7686875,240923650000000,1,1,0
1,3634,240923650000000,240923662630375,240923678551000,15920625,28551000,12630375,240923660000000,1,1,1
1,3635,240923670000000,240923678679125,240923693984250,15305125,23984250,8679125,240923680000000,1,1,0
1,3637,240923680000000,240923694150375,240923709295125,15144750,29295125,14150375,240923690000000,1,1,1
1,3638,240923700000000,240923709458625,240923725367375,15908750,25367375,9458625,240923710000000,1,1,0
1,3640,240923710000000,240923725539250,240923741324625,15785375,31324625,15539250,240923720000000,1,1,1
1,3642,240923730000000,240923741468875,240923757011625,15542750,27011625,11468875,240923740000000,1,1,1
1,3643,240923750000000,240923757177250,240923772977500,15800250,22977500,7177250,240923760000000,1,1,0
1,3645,240923760000000,240923773137875,240923788876500,15738625,28876500,13137875,240923770000000,1,1,1
1,3646,240923780000000,240923789038250,240923803708375,14670125,23708375,9038250,240923790000000,1,1,0
1,3648,240923790000000,240923803925500,240923820107875,16182375,30107875,13925500,240923800000000,1,1,1
1,3650,240923810000000,240923820300250,240923836221125,15920875,26221125,10300250,240923820000000,1,1,1
1,3651,240923830000000,240923836411500,240923850821625,14410125,20821625,6411500,240923840000000,1,1,0
1,3653,240923840000000,240923851034500,240923866772375,15737875,26772375,11034500,240923850000000,1,1,1
1,3654,240923860000000,240923866937750,240923882835750,15898000,22835750,6937750,240923870000000,1,1,0
1,3656,240923870000000,240923883012500,240923898318000,15305500,28318000,13012500,240923880000000,1,1,1
1,3657,240923890000000,240923898498500,240923914391250,15892750,24391250,8498500,240923900000000,1,1,0
1,3659,240923900000000,240923914538625,240923929916500,15377875,29916500,14538625,240923910000000,1,1,1
1,3661,240923920000000,240923930083750,240923946020875,15937125,26020875,10083750,240923930000000,1,1,1
1,3662,240923940000000,240923946190750,240923962117000,15926250,22117000,6190750,240923950000000,1,1,0
1,3664,240923950000000,240923962295625,240923977886125,15590500,27886125,12295625,240923960000000,1,1,1
1,3665,240923970000000,240923978062250,240923992587375,14525125,22587375,8062250,240923980000000,1,1,0
1,3667,240923980000000,240923992746875,240924008705250,15958375,28705250,12746875,240923990000000,1,1,1
1,3668,240924000000000,240924008847875,240924024662125,15814250,24662125,8847875,240924010000000,1,1,0
1,3670,240924010000000,240924025543625,240924041565500,16021875,31565500,15543625,240924020000000,1,1,1
1,3672,240924030000000,240924041750375,240924057677125,15926750,27677125,11750375,240924040000000,1,1,1
1,3673,240924050000000,240924057824250,240924072971625,15147375,22971625,7824250,240924060000000,1,1,0
1,3675,240924060000000,240924073135625,240924089047750,15912125,29047750,13135625,240924070000000,1,1,1
1,3676,240924080000000,240924089215500,240924104462125,15246625,24462125,9215500,240924090000000,1,1,0
1,3678,240924090000000,240924104622375,240924120515875,15893500,30515875,14622375,240924100000000,1,1,1
1,3680,240924110000000,240924120667125,240924136557875,15890750,26557875,10667125,240924120000000,1,1,1
1,3681,240924130000000,240924136714375,240924152161500,15447125,22161500,6714375,240924140000000,1,1,0
1,3683,240924140000000,240924152331500,240924168262000,15930500,28262000,12331500,240924150000000,1,1,1
1,3684,240924160000000,240924168414250,240924184232750,15818500,24232750,8414250,240924170000000,1,1,0
1,3686,240924170000000,240924184394750,240924200350375,15955625,30350375,14394750,240924180000000,1,1,1
1,3688,240924190000000,240924200499750,240924214474500,13974750,24474500,10499750,240924200000000,1,1,1
1,3689,240924210000000,240924214654250,240924230505375,15851125,20505375,4654250,240924220000000,1,0,0
1,3691,240924220000000,240924230691625,240924246610750,15919125,26610750,10691625,240924230000000,1,1,1
1,3692,240924240000000,240924246793375,240924261792875,14999500,21792875,6793375,240924250000000,1,1,0
1,3694,240924250000000,240924261965125,240924276697250,14732125,26697250,11965125,240924260000000,1,1,1
1,3695,240924270000000,240924276860375,240924292109375,15249000,22109375,6860375,240924280000000,1,1,0
1,3697,240924280000000,240924292276125,240924308166875,15890750,28166875,12276125,240924290000000,1,1,1
1,3698,240924300000000,240924308314250,240924324169375,15855125,24169375,8314250,240924310000000,1,1,0
1,3700,240924310000000,240924324321500,240924340256125,15934625,30256125,14321500,240924320000000,1,1,1
1,3702,240924330000000,240924340418750,240924355132375,14713625,25132375,10418750,240924340000000,1,1,1
1,3703,240924350000000,240924355310000,240924370534500,15224500,20534500,5310000,240924360000000,1,1,0
1,3705,240924360000000,240924370691125,240924385368250,14677125,25368250,10691125,240924370000000,1,1,1
1,3706,240924380000000,240924385526875,240924401441500,15914625,21441500,5526875,240924390000000,1,1,0
1,3708,240924390000000,240924401599000,240924417342375,15743375,27342375,11599000,240924400000000,1,1,1
1,3709,240924410000000,240924417516625,240924432796875,15280250,22796875,7516625,240924420000000,1,1,0
1,3711,240924420000000,240924432966125,240924447123000,14156875,27123000,12966125,240924430000000,1,1,1
1,3712,240924440000000,240924447321125,240924463221125,15900000,23221125,7321125,240924450000000,1,1,0
1,3714,240924450000000,240924463391125,240924478481375,15090250,28481375,13391125,240924460000000,1,1,1
1,3715,240924470000000,240924478634000,240924493350125,14716125,23350125,8634000,240924480000000,1,1,0
1,3717,240924480000000,240924493502500,240924507524125,14021625,27524125,13502500,240924490000000,1,1,1
1,3718,240924500000000,240924507724250,240924523636375,15912125,23636375,7724250,240924510000000,1,1,0
1,3720,240924510000000,240924524076500,240924539959875,15883375,29959875,14076500,240924520000000,1,1,1
1,3722,240924530000000,240924540172125,240924555575875,15403750,25575875,10172125,240924540000000,1,1,1
1,3723,240924550000000,240924556257250,240924570780375,14523125,20780375,6257250,240924560000000,1,1,0
1,3725,240924560000000,240924570958750,240924586854625,15895875,26854625,10958750,240924570000000,1,1,1
1,3726,240924580000000,240924587035125,240924602958625,15923500,22958625,7035125,240924590000000,1,1,0
1,3728,240924590000000,240924603148375,240924619062500,15914125,29062500,13148375,240924600000000,1,1,1
1,3729,240924610000000,240924619241750,240924635138125,15896375,25138125,9241750,240924620000000,1,1,0
1,3731,240924620000000,240924635310500,240924650271500,14961000,30271500,15310500,240924630000000,1,1,1
1,3733,240924640000000,240924651192375,240924666526625,15334250,26526625,11192375,240924650000000,1,1,1
1,3734,240924660000000,240924666742875,240924681431625,14688750,21431625,6742875,240924670000000,1,1,0
1,3736,240924670000000,240924681610375,240924697463875,15853500,27463875,11610375,240924680000000,1,1,1
1,3737,240924690000000,240924697610125,240924712905625,15295500,22905625,7610125,240924700000000,1,1,0
1,3739,240924700000000,240924713057500,240924727313750,14256250,27313750,13057500,240924710000000,1,1,1
1,3740,240924720000000,240924727492000,240924742657375,15165375,22657375,7492000,240924730000000,1,1,0
1,3742,240924730000000,240924742827250,240924757917875,15090625,27917875,12827250,240924740000000,1,1,1
1,3743,240924750000000,240924758231375,240924773787250,15555875,23787250,8231375,240924760000000,1,1,0
1,3745,240924760000000,240924773981125,240924789833250,15852125,29833250,13981125,240924770000000,1,1,1
1,3746,240924780000000,240924789998875,240924805679500,15680625,25679500,9998875,240924790000000,1,1,0
1,3748,240924790000000,240924805862000,240924821826375,15964375,31826375,15862000,240924800000000,1,1,1
1,3750,240924810000000,240924821997625,240924838214750,16217125,28214750,11997625,240924820000000,1,1,1
1,3751,240924830000000,240924838409000,240924853583250,15174250,23583250,8409000,240924840000000,1,1,0
1,3753,240924840000000,240924853753625,240924869625125,15871500,29625125,13753625,240924850000000,1,1,1
1,3754,240924860000000,240924869787875,240924885622375,15834500,25622375,9787875,240924870000000,1,1,0
1,3756,240924870000000,240924885794125,240924901753125,15959000,31753125,15794125,240924880000000,1,1,1
1,3758,240924890000000,240924901904500,240924917078250,15173750,27078250,11904500,240924900000000,1,1,1
1,3759,240924910000000,240924917254000,240924932510250,15256250,22510250,7254000,240924920000000,1,1,0
1,3761,240924920000000,240924932679125,240924947859750,15180625,27859750,12679125,240924930000000,1,1,1
1,3762,240924940000000,240924948047625,240924963974000,15926375,23974000,8047625,240924950000000,1,1,0
1,3764,240924950000000,240924964165625,240924979394250,15228625,29394250,14165625,240924960000000,1,1,1
1,3765,240924970000000,240924979588875,240924994967500,15378625,24967500,9588875,240924980000000,1,1,0
1,3767,240924980000000,240924995145250,240925010152750,15007500,30152750,15145250,240924990000000,1,1,1
1,3769,240925000000000,240925010451500,240925026405500,15954000,26405500,10451500,240925010000000,1,1,1
1,3770,240925020000000,240925026593500,240925041551250,14957750,21551250,6593500,240925030000000,1,1,0
1,3772,240925030000000,240925041897000,240925057558375,15661375,27558375,11897000,240925040000000,1,1,1
1,3773,240925050000000,240925057758000,240925073063500,15305500,23063500,7758000,240925060000000,1,1,0
1,3775,240925060000000,240925073244625,240925088573625,15329000,28573625,13244625,240925070000000,1,1,1
1,3776,240925080000000,240925088727875,240925104613625,15885750,24613625,8727875,240925090000000,1,1,0
1,3778,240925090000000,240925104771750,240925120984125,16212375,30984125,14771750,240925100000000,1,1,1
1,3780,240925110000000,240925121162625,240925137376375,16213750,27376375,11162625,240925120000000,1,1,1
1,3781,240925130000000,240925137555000,240925152768875,15213875,22768875,7555000,240925140000000,1,1,0
1,3783,240925140000000,240925152931375,240925168834250,15902875,28834250,12931375,240925150000000,1,1,1
1,3784,240925160000000,240925169109000,240925185100125,15991125,25100125,9109000,240925170000000,1,1,0
1,3786,240925170000000,240925185284250,240925201160625,15876375,31160625,15284250,240925180000000,1,1,1
1,3788,240925190000000,240925201324125,240925217250875,15926750,27250875,11324125,240925200000000,1,1,1
1,3789,240925210000000,240925217416875,240925233351125,15934250,23351125,7416875,240925220000000,1,1,0
1,3791,240925220000000,240925233519250,240925248720000,15200750,28720000,13519250,240925230000000,1,1,1
1,3792,240925240000000,240925248871375,240925264751750,15880375,24751750,8871375,240925250000000,1,1,0
1,3794,240925250000000,240925265721375,240925281685250,15963875,31685250,15721375,240925260000000,1,1,1
1,3796,240925270000000,240925281886875,240925297724250,15837375,27724250,11886875,240925280000000,1,1,1
1,3797,240925290000000,240925297892750,240925313045375,15152625,23045375,7892750,240925300000000,1,1,0
1,3799,240925300000000,240925313226500,240925329116250,15889750,29116250,13226500,240925310000000,1,1,1
1,3800,240925320000000,240925329282250,240925342730875,13448625,22730875,9282250,240925330000000,1,1,0
1,3802,240925330000000,240925343309375,240925358292750,14983375,28292750,13309375,240925340000000,1,1,1
1,3803,240925350000000,240925358461250,240925374386375,15925125,24386375,8461250,240925360000000,1,1,0
1,3805,240925360000000,240925374700250,240925389471875,14771625,29471875,14700250,240925370000000,1,1,1
1,3806,240925380000000,240925389656000,240925405602250,15946250,25602250,9656000,240925390000000,1,1,0
1,3808,240925390000000,240925405760875,240925421611500,15850625,31611500,15760875,240925400000000,1,1,1
1,3810,240925410000000,240925421783250,240925437626625,15843375,27626625,11783250,240925420000000,1,1,1
1,3811,240925430000000,240925437812125,240925452443250,14631125,22443250,7812125,240925440000000,1,1,0
1,3813,240925440000000,240925452607250,240925468492625,15885375,28492625,12607250,240925450000000,1,1,1
1,3814,240925460000000,240925468651125,240925484536500,15885375,24536500,8651125,240925470000000,1,1,0
1,3816,240925470000000,240925484701375,240925500564250,15862875,30564250,14701375,240925480000000,1,1,1
1,3818,240925490000000,240925500718875,240925516626750,15907875,26626750,10718875,240925500000000,1,1,1
1,3819,240925510000000,240925516791250,240925532772625,15981375,22772625,6791250,240925520000000,1,1,0
1,3821,240925520000000,240925532942875,240925548156250,15213375,28156250,12942875,240925530000000,1,1,1
1,3822,240925540000000,240925548307125,240925564225625,15918500,24225625,8307125,240925550000000,1,1,0
1,3824,240925550000000,240925564386125,240925580234500,15848375,30234500,14386125,240925560000000,1,1,1
1,3826,240925570000000,240925580379875,240925596350500,15970625,26350500,10379875,240925580000000,1,1,1
1,3827,240925590000000,240925596514375,240925612335250,15820875,22335250,6514375,240925600000000,1,1,0
1,3829,240925600000000,240925612489000,240925627891750,15402750,27891750,12489000,240925610000000,1,1,1
1,3830,240925620000000,240925628176375,240925644165125,15988750,24165125,8176375,240925630000000,1,1,0
1,3832,240925630000000,240925644438375,240925659643375,15205000,29643375,14438375,240925640000000,1,1,1
1,3833,240925650000000,240925659851375,240925675302250,15450875,25302250,9851375,240925660000000,1,1,0
1,3835,240925660000000,240925675517500,240925691549625,16032125,31549625,15517500,240925670000000,1,1,1
1,3837,240925680000000,240925691746000,240925707565750,15819750,27565750,11746000,240925690000000,1,1,1
1,3838,240925700000000,240925707756500,240925722373125,14616625,22373125,7756500,240925710000000,1,1,0
1,3840,240925710000000,240925722547375,240925738475625,15928250,28475625,12547375,240925720000000,1,1,1
1,3841,240925730000000,240925738648375,240925753873375,15225000,23873375,8648375,240925740000000,1,1,0
1,3843,240925740000000,240925754044250,240925769925125,15880875,29925125,14044250,240925750000000,1,1,1
1,3845,240925760000000,240925770202875,240925786101750,15898875,26101750,10202875,240925770000000,1,1,1
1,3846,240925780000000,240925786297500,240925802120875,15823375,22120875,6297500,240925790000000,1,1,0
1,3848,240925790000000,240925802297625,240925818217500,15919875,28217500,12297625,240925800000000,1,1,1
1,3849,240925810000000,240925818389250,240925834602500,16213250,24602500,8389250,240925820000000,1,1,0
1,3851,240925820000000,240925834828625,240925850659625,15831000,30659625,14828625,240925830000000,1,1,1
1,3853,240925840000000,240925850837250,240925866078875,15241625,26078875,10837250,240925850000000,1,1,1
1,3854,240925860000000,240925866260875,240925882153500,15892625,22153500,6260875,240925870000000,1,1,0
1,3856,240925870000000,240925882335125,240925897615250,15280125,27615250,12335125,240925880000000,1,1,1
1,3857,240925890000000,240925898520625,240925914405750,15885125,24405750,8520625,240925900000000,1,1,0
1,3859,240925900000000,240925914607375,240925930149625,15542250,30149625,14607375,240925910000000,1,1,1
1,3861,240925920000000,240925930344875,240925946318000,15973125,26318000,10344875,240925930000000,1,1,1
1,3862,240925940000000,240925946508750,240925961771250,15262500,21771250,6508750,240925950000000,1,1,0
1,3864,240925950000000,240925962537250,240925977010625,14473375,27010625,12537250,240925960000000,1,1,1
1,3865,240925970000000,240925977182125,240925993095000,15912875,23095000,7182125,240925980000000,1,1,0
1,3867,240925980000000,240925993263500,240926009167250,15903750,29167250,13263500,240925990000000,1,1,1
1,3868,240926000000000,240926009324875,240926024604625,15279750,24604625,9324875,240926010000000,1,1,0
1,3870,240926010000000,240926024767625,240926039621375,14853750,29621375,14767625,240926020000000,1,1,1
1,3871,240926030000000,240926039805375,240926055057250,15251875,25057250,9805375,240926040000000,1,1,0
1,3873,240926040000000,240926055245250,240926071104625,15859375,31104625,15245250,240926050000000,1,1,1
1,3875,240926060000000,240926071291500,240926087218250,15926750,27218250,11291500,240926070000000,1,1,1
1,3876,240926080000000,240926087396375,240926102685375,15289000,22685375,7396375,240926090000000,1,1,0
1,3878,240926090000000,240926102873250,240926118102375,15229125,28102375,12873250,240926100000000,1,1,1
1,3879,240926110000000,240926118289250,240926134140250,15851000,24140250,8289250,240926120000000,1,1,0
1,3881,240926120000000,240926134321875,240926147706250,13384375,27706250,14321875,240926130000000,1,1,1
1,3882,240926140000000,240926147875625,240926163825250,15949625,23825250,7875625,240926150000000,1,1,0
1,3884,240926150000000,240926164038125,240926179326125,15288000,29326125,14038125,240926160000000,1,1,1
1,3885,240926170000000,240926179533375,240926195430500,15897125,25430500,9533375,240926180000000,1,1,0
1,3887,240926180000000,240926195618375,240926210908375,15290000,30908375,15618375,240926190000000,1,1,1
1,3889,240926200000000,240926211108875,240926226380375,15271500,26380375,11108875,240926210000000,1,1,1
1,3890,240926220000000,240926226550250,240926241076500,14526250,21076500,6550250,240926230000000,1,1,0
1,3892,240926230000000,240926241239500,240926257191625,15952125,27191625,11239500,240926240000000,1,1,1
1,3893,240926250000000,240926257360500,240926271935500,14575000,21935500,7360500,240926260000000,1,1,0
1,3895,240926260000000,240926272126500,240926286961500,14835000,26961500,12126500,240926270000000,1,1,1
1,3896,240926280000000,240926287155375,240926303080625,15925250,23080625,7155375,240926290000000,1,1,0
1,3898,240926290000000,240926303235875,240926318751250,15515375,28751250,13235875,240926300000000,1,1,1
1,3899,240926310000000,240926318928375,240926333773250,14844875,23773250,8928375,240926320000000,1,1,0
1,3901,240926320000000,240926333931875,240926349888875,15957000,29888875,13931875,240926330000000,1,1,1
1,3903,240926340000000,240926350066625,240926365904000,15837375,25904000,10066625,240926350000000,1,1,1
1,3904,240926360000000,240926366051000,240926381941125,15890125,21941125,6051000,240926370000000,1,1,0
1,3906,240926370000000,240926382119750,240926397955625,15835875,27955625,12119750,240926380000000,1,1,1
1,3907,240926390000000,240926398107000,240926413996375,15889375,23996375,8107000,240926400000000,1,1,0
1,3909,240926400000000,240926414151000,240926429383875,15232875,29383875,14151000,240926410000000,1,1,1
1,3910,240926420000000,240926429546875,240926445468250,15921375,25468250,9546875,240926430000000,1,1,0
1,3912,240926430000000,240926445611750,240926461536125,15924375,31536125,15611750,240926440000000,1,1,1
1,3914,240926450000000,240926461707875,240926477598125,15890250,27598125,11707875,240926460000000,1,1,1
1,3915,240926470000000,240926477770375,240926492495750,14725375,22495750,7770375,240926480000000,1,1,0
1,3917,240926480000000,240926492663625,240926508517625,15854000,28517625,12663625,240926490000000,1,1,1
1,3918,240926500000000,240926509408250,240926525318000,15909750,25318000,9408250,240926510000000,1,1,0
1,3920,240926510000000,240926525501000,240926540772000,15271000,30772000,15501000,240926520000000,1,1,1
1,3922,240926530000000,240926540943750,240926556692750,15749000,26692750,10943750,240926540000000,1,1,1
1,3923,240926550000000,240926556857750,240926572195125,15337375,22195125,6857750,240926560000000,1,1,0
1,3925,240926560000000,240926572360500,240926588306250,15945750,28306250,12360500,240926570000000,1,1,1
1,3926,240926580000000,240926588450375,240926603754375,15304000,23754375,8450375,240926590000000,1,1,0
1,3928,240926590000000,240926603950125,240926619888250,15938125,29888250,13950125,240926600000000,1,1,1
1,3930,240926610000000,240926620214500,240926634370375,14155875,24370375,10214500,240926620000000,1,1,1
1,3931,240926630000000,240926634568500,240926650530000,15961500,20530000,4568500,240926640000000,1,0,0
1,3933,240926640000000,240926650707625,240926666541875,15834250,26541875,10707625,240926650000000,1,1,1
1,3934,240926660000000,240926666712500,240926682618000,15905500,22618000,6712500,240926670000000,1,1,0
1,3936,240926670000000,240926682790750,240926697850750,15060000,27850750,12790750,240926680000000,1,1,1
1,3937,240926690000000,240926698044625,240926713970875,15926250,23970875,8044625,240926700000000,1,1,0
1,3939,240926700000000,240926714156750,240926728616625,14459875,28616625,14156750,240926710000000,1,1,1
1,3940,240926720000000,240926728780125,240926742950125,14170000,22950125,8780125,240926730000000,1,1,0
1,3942,240926730000000,240926743143375,240926759070750,15927375,29070750,13143375,240926740000000,1,1,1
1,3943,240926750000000,240926759245375,240926775075000,15829625,25075000,9245375,240926760000000,1,1,0
1,3945,240926760000000,240926775256750,240926790632500,15375750,30632500,15256750,240926770000000,1,1,1
1,3947,240926780000000,240926790810125,240926806747125,15937000,26747125,10810125,240926790000000,1,1,1
1,3948,240926800000000,240926806916000,240926822257250,15341250,22257250,6916000,240926810000000,1,1,0
1,3950,240926810000000,240926822465750,240926837822375,15356625,27822375,12465750,240926820000000,1,1,1
1,3951,240926830000000,240926837989375,240926853918500,15929125,23918500,7989375,240926840000000,1,1,0
1,3953,240926840000000,240926854093750,240926869776500,15682750,29776500,14093750,240926850000000,1,1,1
1,3955,240926860000000,240926870059750,240926884802500,14742750,24802500,10059750,240926870000000,1,1,1
1,3956,240926880000000,240926884986000,240926900857625,15871625,20857625,4986000,240926890000000,1,0,0
1,3958,240926890000000,240926901022625,240926915221000,14198375,25221000,11022625,240926900000000,1,1,1
1,3959,240926910000000,240926915418500,240926929921375,14502875,19921375,5418500,240926920000000,1,1,0
1,3961,240926920000000,240926930082000,240926945347500,15265500,25347500,10082000,240926930000000,1,1,1
1,3962,240926940000000,240926945512000,240926960672250,15160250,20672250,5512000,240926950000000,1,1,0
1,3964,240926950000000,240926960837250,240926976255000,15417750,26255000,10837250,240926960000000,1,1,1
1,3965,240926970000000,240926976427625,240926991610250,15182625,21610250,6427625,240926980000000,1,1,0
1,3967,240926980000000,240926991797250,240927006704625,14907375,26704625,11797250,240926990000000,1,1,1
1,3968,240927000000000,240927006895375,240927021674125,14778750,21674125,6895375,240927010000000,1,1,0
1,3970,240927010000000,240927021838500,240927036564500,14726000,26564500,11838500,240927020000000,1,1,1
1,3971,240927030000000,240927036721625,240927051295125,14573500,21295125,6721625,240927040000000,1,1,0
1,3973,240927040000000,240927051479625,240927066705625,15226000,26705625,11479625,240927050000000,1,1,1
1,3974,240927060000000,240927066884750,240927082061500,15176750,22061500,6884750,240927070000000,1,1,0
1,3976,240927070000000,240927082349375,240927098247500,15898125,28247500,12349375,240927080000000,1,1,1
1,3977,240927090000000,240927098446125,240927114384000,15937875,24384000,8446125,240927100000000,1,1,0
1,3979,240927100000000,240927114579250,240927129660250,15081000,29660250,14579250,240927110000000,1,1,1
1,3981,240927120000000,240927130624125,240927146353750,15729625,26353750,10624125,240927130000000,1,1,1
1,3982,240927140000000,240927146607000,240927162616750,16009750,22616750,6607000,240927150000000,1,1,0
1,3984,240927150000000,240927162817250,240927177388500,14571250,27388500,12817250,240927160000000,1,1,1
1,3985,240927170000000,240927177558500,240927192955625,15397125,22955625,7558500,240927180000000,1,1,0
1,3987,240927180000000,240927193124500,240927209007375,15882875,29007375,13124500,240927190000000,1,1,1
1,3988,240927200000000,240927209281750,240927225251375,15969625,25251375,9281750,240927210000000,1,1,0
1,3990,240927210000000,240927225519875,240927240641000,15121125,30641000,15519875,240927220000000,1,1,1
1,3992,240927230000000,240927240818125,240927256751125,15933000,26751125,10818125,240927240000000,1,1,1
1,3993,240927250000000,240927257010875,240927272276750,15265875,22276750,7010875,240927260000000,1,1,0
1,3995,240927260000000,240927272457000,240927288325125,15868125,28325125,12457000,240927270000000,1,1,1
1,3996,240927280000000,240927288469125,240927304422250,15953125,24422250,8469125,240927290000000,1,1,0
1,3998,240927290000000,240927304574000,240927320458875,15884875,30458875,14574000,240927300000000,1,1,1
1,4000,240927310000000,240927320613625,240927336477000,15863375,26477000,10613625,240927320000000,1,1,1
1,4001,240927330000000,240927336732625,240927352063125,15330500,22063125,6732625,240927340000000,1,1,0
1,4003,240927340000000,240927352234375,240927367434625,15200250,27434625,12234375,240927350000000,1,1,1
1,4004,240927360000000,240927367618125,240927383513625,15895500,23513625,7618125,240927370000000,1,1,0
1,4006,240927370000000,240927383827500,240927399715500,15888000,29715500,13827500,240927380000000,1,1,1
1,4007,240927390000000,240927399937250,240927415875125,15937875,25875125,9937250,240927400000000,1,1,0
1,4009,240927400000000,240927416139625,240927430402000,14262375,30402000,16139625,240927410000000,1,1,1
1,4011,240927420000000,240927430688000,240927445361125,14673125,25361125,10688000,240927430000000,1,1,1
1,4012,240927440000000,240927445535875,240927460745250,15209375,20745250,5535875,240927450000000,1,1,0
1,4014,240927450000000,240927460905875,240927476222750,15316875,26222750,10905875,240927460000000,1,1,1
1,4015,240927470000000,240927476391625,240927491692750,15301125,21692750,6391625,240927480000000,1,1,0
1,4017,240927480000000,240927491904500,240927506288750,14384250,26288750,11904500,240927490000000,1,1,1
1,4018,240927500000000,240927506468875,240927522421375,15952500,22421375,6468875,240927510000000,1,1,0
1,4020,240927510000000,240927522590875,240927538192125,15601250,28192125,12590875,240927520000000,1,1,1
1,4021,240927530000000,240927538352625,240927553563625,15211000,23563625,8352625,240927540000000,1,1,0
1,4023,240927540000000,240927553707000,240927568972125,15265125,28972125,13707000,240927550000000,1,1,1
1,4024,240927560000000,240927569131375,240927585061750,15930375,25061750,9131375,240927570000000,1,1,0
1,4026,240927570000000,240927585340125,240927601034125,15694000,31034125,15340125,240927580000000,1,1,1
1,4028,240927590000000,240927601211750,240927616477375,15265625,26477375,11211750,240927600000000,1,1,1
1,4029,240927610000000,240927616640375,240927631889750,15249375,21889750,6640375,240927620000000,1,1,0
1,4031,240927620000000,240927632064625,240927647217375,15152750,27217375,12064625,240927630000000,1,1,1
1,4032,240927640000000,240927647585875,240927662749250,15163375,22749250,7585875,240927650000000,1,1,0
1,4034,240927650000000,240927662943500,240927678874375,15930875,28874375,12943500,240927660000000,1,1,1
1,4035,240927670000000,240927679046625,240927694946500,15899875,24946500,9046625,240927680000000,1,1,0
1,4037,240927680000000,240927695248750,240927710232625,14983875,30232625,15248750,240927690000000,1,1,1
1,4039,240927700000000,240927710438000,240927725580125,15142125,25580125,10438000,240927710000000,1,1,1
1,4040,240927720000000,240927725742250,240927740870625,15128375,20870625,5742250,240927730000000,1,1,0
1,4042,240927730000000,240927741769000,240927757674250,15905250,27674250,11769000,240927740000000,1,1,1
1,4043,240927750000000,240927757867750,240927773823125,15955375,23823125,7867750,240927760000000,1,1,0
1,4045,240927760000000,240927773961750,240927789922625,15960875,29922625,13961750,240927770000000,1,1,1
1,4047,240927780000000,240927790090500,240927805715750,15625250,25715750,10090500,240927790000000,1,1,1
1,4048,240927800000000,240927805897375,240927821765500,15868125,21765500,5897375,240927810000000,1,1,0
1,4050,240927810000000,240927821945250,240927837600750,15655500,27600750,11945250,240927820000000,1,1,1
1,4051,240927830000000,240927837735875,240927852863250,15127375,22863250,7735875,240927840000000,1,1,0
1,4053,240927840000000,240927853024750,240927868879750,15855000,28879750,13024750,240927850000000,1,1,1
1,4054,240927860000000,240927869034000,240927884908625,15874625,24908625,9034000,240927870000000,1,1,0
1,4056,240927870000000,240927885074000,240927900418625,15344625,30418625,15074000,240927880000000,1,1,1
1,4058,240927890000000,240927900577375,240927916493375,15916000,26493375,10577375,240927900000000,1,1,1
1,4059,240927910000000,240927916653875,240927932466000,15812125,22466000,6653875,240927920000000,1,1,0
1,4061,240927920000000,240927932636875,240927946776625,14139750,26776625,12636875,240927930000000,1,1,1
1,4062,240927940000000,240927946974750,240927962889125,15914375,22889125,6974750,240927950000000,1,1,0
1,4064,240927950000000,240927963082000,240927978888875,15806875,28888875,13082000,240927960000000,1,1,1
1,4065,240927970000000,240927979182125,240927995194250,16012125,25194250,9182125,240927980000000,1,1,0
1,4067,240927980000000,240927995415000,240928011381625,15966625,31381625,15415000,240927990000000,1,1,1
1,4069,240928000000000,240928011579250,240928026718500,15139250,26718500,11579250,240928010000000,1,1,1
1,4070,240928020000000,240928026886875,240928042121125,15234250,22121125,6886875,240928030000000,1,1,0
1,4072,240928030000000,240928042296000,240928057905125,15609125,27905125,12296000,240928040000000,1,1,1
1,4073,240928050000000,240928058082250,240928073989500,15907250,23989500,8082250,240928060000000,1,1,0
1,4075,240928060000000,240928074320875,240928088377625,14056750,28377625,14320875,240928070000000,1,1,1
1,4076,240928080000000,240928088553375,240928103398250,14844875,23398250,8553375,240928090000000,1,1,0
1,4078,240928090000000,240928103603750,240928119144500,15540750,29144500,13603750,240928100000000,1,1,1
1,4079,240928110000000,240928119328000,240928133922125,14594125,23922125,9328000,240928120000000,1,1,0
1,4081,240928120000000,240928134092375,240928148806125,14713750,28806125,14092375,240928130000000,1,1,1
1,4082,240928140000000,240928148969250,240928164885125,15915875,24885125,8969250,240928150000000,1,1,0
1,4084,240928150000000,240928165045250,240928180884250,15839000,30884250,15045250,240928160000000,1,1,1
1,4086,240928170000000,240928181157000,240928197076375,15919375,27076375,11157000,240928180000000,1,1,1
1,4087,240928190000000,240928197255000,240928213192625,15937625,23192625,7255000,240928200000000,1,1,0
1,4089,240928200000000,240928213358625,240928228589375,15230750,28589375,13358625,240928210000000,1,1,1
1,4090,240928220000000,240928228759375,240928244579250,15819875,24579250,8759375,240928230000000,1,1,0
1,4092,240928230000000,240928244727500,240928260299000,15571500,30299000,14727500,240928240000000,1,1,1
1,4094,240928250000000,240928260478250,240928276414250,15936000,26414250,10478250,240928260000000,1,1,1
1,4095,240928270000000,240928276576875,240928292509875,15933000,22509875,6576875,240928280000000,1,1,0
1,4097,240928280000000,240928292656875,240928308572375,15915500,28572375,12656875,240928290000000,1,1,1
1,4098,240928300000000,240928308844125,240928324076000,15231875,24076000,8844125,240928310000000,1,1,0
1,4100,240928310000000,240928324272625,240928340210125,15937500,30210125,14272625,240928320000000,1,1,1
1,4102,240928330000000,240928340374250,240928355630000,15255750,25630000,10374250,240928340000000,1,1,1
1,4103,240928350000000,240928355836000,240928371779750,15943750,21779750,5836000,240928360000000,1,1,0
1,4105,240928360000000,240928372711875,240928388589375,15877500,28589375,12711875,240928370000000,1,1,1
1,4106,240928380000000,240928388773875,240928404681125,15907250,24681125,8773875,240928390000000,1,1,0
1,4108,240928390000000,240928404851000,240928420114125,15263125,30114125,14851000,240928400000000,1,1,1
1,4110,240928410000000,240928420278625,240928435473375,15194750,25473375,10278625,240928420000000,1,1,1
1,4111,240928430000000,240928435656375,240928451492875,15836500,21492875,5656375,240928440000000,1,1,0
1,4113,240928440000000,240928451666000,240928466900500,15234500,26900500,11666000,240928450000000,1,1,1
1,4114,240928460000000,240928467072750,240928482313375,15240625,22313375,7072750,240928470000000,1,1,0
1,4116,240928470000000,240928482478500,240928498364625,15886125,28364625,12478500,240928480000000,1,1,1
1,4117,240928490000000,240928498544125,240928514539375,15995250,24539375,8544125,240928500000000,1,1,0
1,4119,240928500000000,240928514725250,240928529957625,15232375,29957625,14725250,240928510000000,1,1,1
1,4121,240928520000000,240928530126000,240928546007000,15881000,26007000,10126000,240928530000000,1,1,1
1,4122,240928540000000,240928546174250,240928561235500,15061250,21235500,6174250,240928550000000,1,1,0
1,4124,240928550000000,240928561401375,240928576730375,15329000,26730375,11401375,240928560000000,1,1,1
1,4125,240928570000000,240928576896750,240928592814250,15917500,22814250,6896750,240928580000000,1,1,0
1,4127,240928580000000,240928592976875,240928608822625,15845750,28822625,12976875,240928590000000,1,1,1
1,4128,240928600000000,240928608969125,240928624238875,15269750,24238875,8969125,240928610000000,1,1,0
1,4130,240928610000000,240928625077875,240928640348250,15270375,30348250,15077875,240928620000000,1,1,1
1,4132,240928630000000,240928640515125,240928656435250,15920125,26435250,10515125,240928640000000,1,1,1
1,4133,240928650000000,240928656601000,240928671862375,15261375,21862375,6601000,240928660000000,1,1,0
1,4135,240928660000000,240928672050375,240928687995875,15945500,27995875,12050375,240928670000000,1,1,1
1,4136,240928680000000,240928688193000,240928703407875,15214875,23407875,8193000,240928690000000,1,1,0
1,4138,240928690000000,240928703606500,240928719517125,15910625,29517125,13606500,240928700000000,1,1,1
1,4139,240928710000000,240928719690875,240928734941375,15250500,24941375,9690875,240928720000000,1,1,0
1,4141,240928720000000,240928735156250,240928750611500,15455250,30611500,15156250,240928730000000,1,1,1
1,4143,240928740000000,240928750796500,240928765905375,15108875,25905375,10796500,240928750000000,1,1,1
1,4144,240928760000000,240928766082000,240928780686375,14604375,20686375,6082000,240928770000000,1,1,0
1,4146,240928770000000,240928780852375,240928796790750,15938375,26790750,10852375,240928780000000,1,1,1
1,4147,240928790000000,240928796933875,240928812804500,15870625,22804500,6933875,240928800000000,1,1,0
1,4149,240928800000000,240928812984125,240928828487875,15503750,28487875,12984125,240928810000000,1,1,1
1,4150,240928820000000,240928828704875,240928844648250,15943375,24648250,8704875,240928830000000,1,1,0
1,4152,240928830000000,240928844842000,240928860628250,15786250,30628250,14842000,240928840000000,1,1,1
1,4154,240928850000000,240928860771750,240928874984375,14212625,24984375,10771750,240928860000000,1,1,1
1,4155,240928870000000,240928875175125,240928890529000,15353875,20529000,5175125,240928880000000,1,1,0
1,4157,240928880000000,240928890703750,240928906648000,15944250,26648000,10703750,240928890000000,1,1,1
1,4158,240928900000000,240928906815000,240928921983375,15168375,21983375,6815000,240928910000000,1,1,0
1,4160,240928910000000,240928922146750,240928938074625,15927875,28074625,12146750,240928920000000,1,1,1
1,4161,240928930000000,240928938343625,240928952410625,14067000,22410625,8343625,240928940000000,1,1,0
1,4163,240928940000000,240928952591125,240928968332625,15741500,28332625,12591125,240928950000000,1,1,1
1,4164,240928960000000,240928968588625,240928983912875,15324250,23912875,8588625,240928970000000,1,1,0
1,4166,240928970000000,240928984125625,240929000034625,15909000,30034625,14125625,240928980000000,1,1,1
1,4168,240928990000000,240929000967000,240929016294625,15327625,26294625,10967000,240929000000000,1,1,1
1,4169,240929010000000,240929016462875,240929031807375,15344500,21807375,6462875,240929020000000,1,1,0
1,4171,240929020000000,240929032058875,240929047934375,15875500,27934375,12058875,240929030000000,1,1,1
1,4172,240929040000000,240929048129500,240929063977875,15848375,23977875,8129500,240929050000000,1,1,0
1,4174,240929050000000,240929064184125,240929080112875,15928750,30112875,14184125,240929060000000,1,1,1
1,4176,240929070000000,240929080395000,240929096338250,15943250,26338250,10395000,240929080000000,1,1,1
1,4177,240929090000000,240929096518375,240929110692000,14173625,20692000,6518375,240929100000000,1,1,0
1,4179,240929100000000,240929110880375,240929125599250,14718875,25599250,10880375,240929110000000,1,1,1
1,4180,240929120000000,240929125766375,240929141634000,15867625,21634000,5766375,240929130000000,1,1,0
1,4182,240929130000000,240929141795375,240929158006250,16210875,28006250,11795375,240929140000000,1,1,1
1,4183,240929150000000,240929158203500,240929174363500,16160000,24363500,8203500,240929160000000,1,1,0
1,4185,240929160000000,240929174554750,240929190475625,15920875,30475625,14554750,240929170000000,1,1,1
1,4187,240929180000000,240929190637375,240929205181625,14544250,25181625,10637375,240929190000000,1,1,1
1,4188,240929200000000,240929205334250,240929221296250,15962000,21296250,5334250,240929210000000,1,1,0
1,4190,240929210000000,240929221449125,240929236799000,15349875,26799000,11449125,240929220000000,1,1,1
1,4191,240929230000000,240929237066000,240929253032250,15966250,23032250,7066000,240929240000000,1,1,0
1,4193,240929240000000,240929253181125,240929269071750,15890625,29071750,13181125,240929250000000,1,1,1
1,4194,240929260000000,240929269238125,240929285202125,15964000,25202125,9238125,240929270000000,1,1,0
1,4196,240929270000000,240929285374250,240929300670625,15296375,30670625,15374250,240929280000000,1,1,1
1,4198,240929290000000,240929300838000,240929316096750,15258750,26096750,10838000,240929300000000,1,1,1
1,4199,240929310000000,240929316245250,240929332173875,15928625,22173875,6245250,240929320000000,1,1,0
1,4201,240929320000000,240929332338750,240929347745500,15406750,27745500,12338750,240929330000000,1,1,1
1,4202,240929340000000,240929347953750,240929363881125,15927375,23881125,7953750,240929350000000,1,1,0
1,4204,240929350000000,240929364049500,240929379346625,15297125,29346625,14049500,240929360000000,1,1,1
1,4205,240929370000000,240929379677125,240929395668750,15991625,25668750,9677125,240929380000000,1,1,0
1,4207,240929380000000,240929395885000,240929411117375,15232375,31117375,15885000,240929390000000,1,1,1
1,4209,240929400000000,240929411302750,240929427168625,15865875,27168625,11302750,240929410000000,1,1,1
1,4210,240929420000000,240929427322250,240929442334125,15011875,22334125,7322250,240929430000000,1,1,0
1,4212,240929430000000,240929442514250,240929457909125,15394875,27909125,12514250,240929440000000,1,1,1
1,4213,240929450000000,240929458069250,240929473997000,15927750,23997000,8069250,240929460000000,1,1,0
1,4215,240929460000000,240929474159625,240929489420125,15260500,29420125,14159625,240929470000000,1,1,1
1,4216,240929480000000,240929489579625,240929504156625,14577000,24156625,9579625,240929490000000,1,1,0
1,4218,240929490000000,240929504312375,240929519507250,15194875,29507250,14312375,240929500000000,1,1,1
1,4219,240929510000000,240929519696250,240929535619500,15923250,25619500,9696250,240929520000000,1,1,0
1,4221,240929520000000,240929535819000,240929550600000,14781000,30600000,15819000,240929530000000,1,1,1
1,4223,240929540000000,240929550790500,240929566685500,15895000,26685500,10790500,240929550000000,1,1,1
1,4224,240929560000000,240929566862125,240929582739125,15877000,22739125,6862125,240929570000000,1,1,0
1,4226,240929570000000,240929582920250,240929597454250,14534000,27454250,12920250,240929580000000,1,1,1
1,4227,240929590000000,240929597617875,240929613513375,15895500,23513375,7617875,240929600000000,1,1,0
1,4229,240929600000000,240929614433750,240929629561250,15127500,29561250,14433750,240929610000000,1,1,1
1,4230,240929620000000,240929629762750,240929644460125,14697375,24460125,9762750,240929630000000,1,1,0
1,4232,240929630000000,240929644620750,240929659918500,15297750,29918500,14620750,240929640000000,1,1,1
1,4234,240929650000000,240929660106125,240929675939000,15832875,25939000,10106125,240929660000000,1,1,1
1,4235,240929670000000,240929676166000,240929690598625,14432625,20598625,6166000,240929680000000,1,1,0
1,4237,240929680000000,240929690785500,240929706736625,15951125,26736625,10785500,240929690000000,1,1,1
1,4238,240929700000000,240929706911875,240929722795750,15883875,22795750,6911875,240929710000000,1,1,0
1,4240,240929710000000,240929722994750,240929738887500,15892750,28887500,12994750,240929720000000,1,1,1
1,4241,240929730000000,240929739097250,240929754432625,15335375,24432625,9097250,240929740000000,1,1,0
1,4243,240929740000000,240929754610250,240929770527750,15917500,30527750,14610250,240929750000000,1,1,1
1,4245,240929760000000,240929770676625,240929785938250,15261625,25938250,10676625,240929770000000,1,1,1
1,4246,240929780000000,240929786123125,240929802036375,15913250,22036375,6123125,240929790000000,1,1,0
1,4248,240929790000000,240929802216375,240929818153125,15936750,28153125,12216375,240929800000000,1,1,1
1,4249,240929810000000,240929818330625,240929834528250,16197625,24528250,8330625,240929820000000,1,1,0
1,4251,240929820000000,240929834729750,240929850238375,15508625,30238375,14729750,240929830000000,1,1,1
1,4253,240929840000000,240929850427625,240929866355500,15927875,26355500,10427625,240929850000000,1,1,1
1,4254,240929860000000,240929866528875,240929882492125,15963250,22492125,6528875,240929870000000,1,1,0
1,4256,240929870000000,240929882672750,240929897012000,14339250,27012000,12672750,240929880000000,1,1,1
1,4257,240929890000000,240929897177500,240929913056000,15878500,23056000,7177500,240929900000000,1,1,0
1,4259,240929900000000,240929913229750,240929929094000,15864250,29094000,13229750,240929910000000,1,1,1
1,4260,240929920000000,240929929247250,240929943467500,14220250,23467500,9247250,240929930000000,1,1,0
1,4262,240929930000000,240929943667250,240929959582125,15914875,29582125,13667250,240929940000000,1,1,1
1,4263,240929950000000,240929959776500,240929974699000,14922500,24699000,9776500,240929960000000,1,1,0
1,4265,240929960000000,240929975230875,240929990395500,15164625,30395500,15230875,240929970000000,1,1,1
1,4267,240929980000000,240929990569250,240930006525375,15956125,26525375,10569250,240929990000000,1,1,1
1,4268,240930000000000,240930006814250,240930022354875,15540625,22354875,6814250,240930010000000,1,1,0
1,4270,240930010000000,240930022567375,240930038099250,15531875,28099250,12567375,240930020000000,1,1,1
1,4271,240930030000000,240930038275875,240930053958250,15682375,23958250,8275875,240930040000000,1,1,0
1,4273,240930040000000,240930054165625,240930069454125,15288500,29454125,14165625,240930050000000,1,1,1
1,4274,240930060000000,240930069620125,240930084738250,15118125,24738250,9620125,240930070000000,1,1,0
1,4276,240930070000000,240930084893875,240930100799875,15906000,30799875,14893875,240930080000000,1,1,1
1,4278,240930090000000,240930100963250,240930116923625,15960375,26923625,10963250,240930100000000,1,1,1
1,4279,240930110000000,240930117198375,240930133135000,15936625,23135000,7198375,240930120000000,1,1,0
1,4281,240930120000000,240930133314125,240930148499125,15185000,28499125,13314125,240930130000000,1,1,1
1,4282,240930140000000,240930148665125,240930164569875,15904750,24569875,8665125,240930150000000,1,1,0
1,4284,240930150000000,240930164733375,240930178673500,13940125,28673500,14733375,240930160000000,1,1,1
1,4285,240930170000000,240930178843375,240930194678000,15834625,24678000,8843375,240930180000000,1,1,0
1,4287,240930180000000,240930194845375,240930210720375,15875000,30720375,14845375,240930190000000,1,1,1
1,4289,240930200000000,240930210895000,240930225935750,15040750,25935750,10895000,240930210000000,1,1,1
1,4290,240930220000000,240930226110875,240930242022125,15911250,22022125,6110875,240930230000000,1,1,0
1,4292,240930230000000,240930242941500,240930258884375,15942875,28884375,12941500,240930240000000,1,1,1
1,4293,240930250000000,240930259078750,240930274311375,15232625,24311375,9078750,240930260000000,1,1,0
1,4295,240930260000000,240930275182125,240930290345125,15163000,30345125,15182125,240930270000000,1,1,1
1,4297,240930280000000,240930290521250,240930304775250,14254000,24775250,10521250,240930290000000,1,1,1
1,4298,240930300000000,240930304947625,240930320794750,15847125,20794750,4947625,240930310000000,1,0,0
1,4300,240930310000000,240930320953375,240930336775625,15822250,26775625,10953375,240930320000000,1,1,1
1,4301,240930330000000,240930336941625,240930352828375,15886750,22828375,6941625,240930340000000,1,1,0
1,4303,240930340000000,240930353093500,240930369012000,15918500,29012000,13093500,240930350000000,1,1,1
1,4304,240930360000000,240930369186875,240930384404375,15217500,24404375,9186875,240930370000000,1,1,0
1,4306,240930370000000,240930384552375,240930400464375,15912000,30464375,14552375,240930380000000,1,1,1
1,4308,240930390000000,240930400622000,240930416538750,15916750,26538750,10622000,240930400000000,1,1,1
1,4309,240930410000000,240930416700000,240930431919875,15219875,21919875,6700000,240930420000000,1,1,0
1,4311,240930420000000,240930432104750,240930448049625,15944875,28049625,12104750,240930430000000,1,1,1
1,4312,240930440000000,240930448190750,240930464142875,15952125,24142875,8190750,240930450000000,1,1,0
1,4314,240930450000000,240930464286375,240930478971125,14684750,28971125,14286375,240930460000000,1,1,1
1,4315,240930470000000,240930479163875,240930495097625,15933750,25097625,9163875,240930480000000,1,1,0
1,4317,240930480000000,240930495276750,240930510733000,15456250,30733000,15276750,240930490000000,1,1,1
1,4319,240930500000000,240930510937125,240930526820875,15883750,26820875,10937125,240930510000000,1,1,1
1,4320,240930520000000,240930526997500,240930541701500,14704000,21701500,6997500,240930530000000,1,1,0
1,4322,240930530000000,240930541869375,240930557847875,15978500,27847875,11869375,240930540000000,1,1,1
1,4323,240930550000000,240930558027500,240930573100250,15072750,23100250,8027500,240930560000000,1,1,0
1,4325,240930560000000,240930573268625,240930587818250,14549625,27818250,13268625,240930570000000,1,1,1
1,4326,240930580000000,240930588041250,240930603892000,15850750,23892000,8041250,240930590000000,1,1,0
1,4328,240930590000000,240930604051125,240930619943625,15892500,29943625,14051125,240930600000000,1,1,1
1,4330,240930610000000,240930620140000,240930635989500,15849500,25989500,10140000,240930620000000,1,1,1
1,4331,240930630000000,240930636232000,240930652098250,15866250,22098250,6232000,240930640000000,1,1,0
1,4333,240930640000000,240930652252000,240930667492375,15240375,27492375,12252000,240930650000000,1,1,1
1,4334,240930660000000,240930667672000,240930683585375,15913375,23585375,7672000,240930670000000,1,1,0
1,4336,240930670000000,240930683769500,240930699627375,15857875,29627375,13769500,240930680000000,1,1,1
1,4337,240930690000000,240930699774250,240930715718250,15944000,25718250,9774250,240930700000000,1,1,0
1,4339,240930700000000,240930715908000,240930730334875,14426875,30334875,15908000,240930710000000,1,1,1
1,4341,240930720000000,240930730524500,240930746457250,15932750,26457250,10524500,240930730000000,1,1,1
1,4342,240930740000000,240930746640750,240930761864875,15224125,21864875,6640750,240930750000000,1,1,0
1,4344,240930750000000,240930762735375,240930777212875,14477500,27212875,12735375,240930760000000,1,1,1
1,4345,240930770000000,240930777386750,240930793303125,15916375,23303125,7386750,240930780000000,1,1,0
1,4347,240930780000000,240930793471000,240930808668875,15197875,28668875,13471000,240930790000000,1,1,1
1,4348,240930800000000,240930808846500,240930825093875,16247375,25093875,8846500,240930810000000,1,1,0
1,4350,240930810000000,240930825287000,240930841232875,15945875,31232875,15287000,240930820000000,1,1,1
1,4352,240930830000000,240930841406750,240930857274875,15868125,27274875,11406750,240930840000000,1,1,1
1,4354,240930850000000,240930862991125,240930878905125,15914000,28905125,12991125,240930860000000,1,1,1
1,4355,240930870000000,240930879119375,240930894720750,15601375,24720750,9119375,240930880000000,1,1,0
1,4357,240930880000000,240930894915000,240930910003375,15088375,30003375,14915000,240930890000000,1,1,1
1,4359,240930900000000,240930910165000,240930926045750,15880750,26045750,10165000,240930910000000,1,1,1
1,4360,240930920000000,240930926225875,240930942142500,15916625,22142500,6225875,240930930000000,1,1,0
1,4362,240930930000000,240930942298125,240930958266875,15968750,28266875,12298125,240930940000000,1,1,1
1,4363,240930950000000,240930958460125,240930974377750,15917625,24377750,8460125,240930960000000,1,1,0
1,4365,240930960000000,240930974560250,240930990513250,15953000,30513250,14560250,240930970000000,1,1,1
1,4367,240930980000000,240930990707125,240931006515875,15808750,26515875,10707125,240930990000000,1,1,1
1,4368,240931000000000,240931006666125,240931021890625,15224500,21890625,6666125,240931010000000,1,1,0
1,4370,240931010000000,240931022063875,240931037222625,15158750,27222625,12063875,240931020000000,1,1,1
1,4371,240931030000000,240931037407625,240931053232375,15824750,23232375,7407625,240931040000000,1,1,0
1,4373,240931040000000,240931053407000,240931069423625,16016625,29423625,13407000,240931050000000,1,1,1
1,4374,240931060000000,240931069602750,240931085515375,15912625,25515375,9602750,240931070000000,1,1,0
1,4376,240931070000000,240931085698375,240931101545625,15847250,31545625,15698375,240931080000000,1,1,1
1,4378,240931090000000,240931101711625,240931116972250,15260625,26972250,11711625,240931100000000,1,1,1
1,4379,240931110000000,240931117139625,240931133062875,15923250,23062875,7139625,240931120000000,1,1,0
1,4381,240931120000000,240931133227125,240931149142500,15915375,29142500,13227125,240931130000000,1,1,1
1,4382,240931140000000,240931149303125,240931165404500,16101375,25404500,9303125,240931150000000,1,1,0
1,4384,240931150000000,240931165581125,240931180567625,14986500,30567625,15581125,240931160000000,1,1,1
1,4386,240931170000000,240931180755500,240931196175375,15419875,26175375,10755500,240931180000000,1,1,1
1,4387,240931190000000,240931196342375,240931211396000,15053625,21396000,6342375,240931200000000,1,1,0
1,4389,240931200000000,240931211579125,240931227472125,15893000,27472125,11579125,240931210000000,1,1,1
1,4390,240931220000000,240931227663875,240931243609250,15945375,23609250,7663875,240931230000000,1,1,0
1,4392,240931230000000,240931243813125,240931259040750,15227625,29040750,13813125,240931240000000,1,1,1
1,4393,240931250000000,240931259238875,240931275129625,15890750,25129625,9238875,240931260000000,1,1,0
1,4395,240931260000000,240931275318250,240931291251000,15932750,31251000,15318250,240931270000000,1,1,1
1,4397,240931280000000,240931291446375,240931307349125,15902750,27349125,11446375,240931290000000,1,1,1
1,4398,240931300000000,240931307545375,240931321871000,14325625,21871000,7545375,240931310000000,1,1,0
1,4400,240931310000000,240931322064875,240931338021750,15956875,28021750,12064875,240931320000000,1,1,1
1,4401,240931330000000,240931338202500,240931354138375,15935875,24138375,8202500,240931340000000,1,1,0
1,4403,240931340000000,240931354323000,240931370218500,15895500,30218500,14323000,240931350000000,1,1,1
1,4405,240931360000000,240931370408250,240931386314125,15905875,26314125,10408250,240931370000000,1,1,1
1,4406,240931380000000,240931386487750,240931402366250,15878500,22366250,6487750,240931390000000,1,1,0
1,4408,240931390000000,240931402539500,240931416861375,14321875,26861375,12539500,240931400000000,1,1,1
1,4409,240931410000000,240931417011250,240931432920375,15909125,22920375,7011250,240931420000000,1,1,0
1,4411,240931420000000,240931433078000,240931448845250,15767250,28845250,13078000,240931430000000,1,1,1
1,4412,240931440000000,240931449014500,240931464888125,15873625,24888125,9014500,240931450000000,1,1,0
1,4414,240931450000000,240931465046250,240931480934500,15888250,30934500,15046250,240931460000000,1,1,1
1,4416,240931470000000,240931481093125,240931496397250,15304125,26397250,11093125,240931480000000,1,1,1
1,4417,240931490000000,240931497293125,240931511281750,13988625,21281750,7293125,240931500000000,1,1,0
1,4419,240931500000000,240931511492000,240931527351500,15859500,27351500,11492000,240931510000000,1,1,1
1,4420,240931520000000,240931527550250,240931543456000,15905750,23456000,7550250,240931530000000,1,1,0
1,4422,240931530000000,240931543657875,240931558431625,14773750,28431625,13657875,240931540000000,1,1,1
1,4423,240931550000000,240931558622125,240931574484875,15862750,24484875,8622125,240931560000000,1,1,0
1,4425,240931560000000,240931574654625,240931590592750,15938125,30592750,14654625,240931570000000,1,1,1
1,4427,240931580000000,240931590768875,240931606683500,15914625,26683500,10768875,240931590000000,1,1,1
1,4428,240931600000000,240931606867000,240931620782375,13915375,20782375,6867000,240931610000000,1,1,0
1,4430,240931610000000,240931620945625,240931636875500,15929875,26875500,10945625,240931620000000,1,1,1
1,4431,240931630000000,240931637032125,240931652916000,15883875,22916000,7032125,240931640000000,1,1,0
1,4433,240931640000000,240931653079875,240931668995000,15915125,28995000,13079875,240931650000000,1,1,1
1,4434,240931660000000,240931669159125,240931685074000,15914875,25074000,9159125,240931670000000,1,1,0
1,4436,240931670000000,240931685230750,240931700464625,15233875,30464625,15230750,240931680000000,1,1,1
1,4438,240931690000000,240931700613875,240931715244625,14630750,25244625,10613875,240931700000000,1,1,1
1,4439,240931710000000,240931715445500,240931730648875,15203375,20648875,5445500,240931720000000,1,1,0
1,4441,240931720000000,240931730833375,240931746675125,15841750,26675125,10833375,240931730000000,1,1,1
1,4442,240931740000000,240931746864500,240931762150625,15286125,22150625,6864500,240931750000000,1,1,0
1,4444,240931750000000,240931762326625,240931777197500,14870875,27197500,12326625,240931760000000,1,1,1
1,4445,240931770000000,240931777357000,240931792580125,15223125,22580125,7357000,240931780000000,1,1,0
1,4447,240931780000000,240931792721750,240931807536375,14814625,27536375,12721750,240931790000000,1,1,1
1,4448,240931800000000,240931807792125,240931823641750,15849625,23641750,7792125,240931810000000,1,1,0
1,4450,240931810000000,240931823864375,240931839362125,15497750,29362125,13864375,240931820000000,1,1,1
1,4451,240931830000000,240931839564250,240931854968875,15404625,24968875,9564250,240931840000000,1,1,0
1,4453,240931840000000,240931855176625,240931871069250,15892625,31069250,15176625,240931850000000,1,1,1
1,4455,240931860000000,240931871228000,240931885783000,14555000,25783000,11228000,240931870000000,1,1,1
1,4456,240931880000000,240931885979250,240931901886500,15907250,21886500,5979250,240931890000000,1,1,0
1,4458,240931890000000,240931902054375,240931916669500,14615125,26669500,12054375,240931900000000,1,1,1
1,4459,240931910000000,240931916842250,240931932070750,15228500,22070750,6842250,240931920000000,1,1,0
1,4461,240931920000000,240931932196625,240931948121875,15925250,28121875,12196625,240931930000000,1,1,1
1,4462,240931940000000,240931948283500,240931963164000,14880500,23164000,8283500,240931950000000,1,1,0
1,4464,240931950000000,240931963351375,240931978598500,15247125,28598500,13351375,240931960000000,1,1,1
1,4465,240931970000000,240931978776000,240931994691125,15915125,24691125,8776000,240931980000000,1,1,0
1,4467,240931980000000,240931994877125,240932010409125,15532000,30409125,14877125,240931990000000,1,1,1
1,4469,240932000000000,240932010593125,240932026422750,15829625,26422750,10593125,240932010000000,1,1,1
1,4470,240932020000000,240932026701000,240932042663000,15962000,22663000,6701000,240932030000000,1,1,0
1,4472,240932030000000,240932042862000,240932058670625,15808625,28670625,12862000,240932040000000,1,1,1
1,4473,240932050000000,240932058852750,240932072817750,13965000,22817750,8852750,240932060000000,1,1,0
1,4475,240932060000000,240932072977875,240932088200500,15222625,28200500,12977875,240932070000000,1,1,1
1,4476,240932080000000,240932088370750,240932104253625,15882875,24253625,8370750,240932090000000,1,1,0
1,4478,240932090000000,240932105191625,240932121095375,15903750,31095375,15191625,240932100000000,1,1,1
1,4480,240932110000000,240932121268125,240932136648875,15380750,26648875,11268125,240932120000000,1,1,1
1,4481,240932130000000,240932136827625,240932152779125,15951500,22779125,6827625,240932140000000,1,1,0
1,4483,240932140000000,240932152946625,240932168163750,15217125,28163750,12946625,240932150000000,1,1,1
1,4484,240932160000000,240932168999250,240932184210250,15211000,24210250,8999250,240932170000000,1,1,0
1,4486,240932170000000,240932184366250,240932199745125,15378875,29745125,14366250,240932180000000,1,1,1
1,4487,240932190000000,240932199957875,240932215397625,15439750,25397625,9957875,240932200000000,1,1,0
1,4489,240932200000000,240932215606250,240932230787125,15180875,30787125,15606250,240932210000000,1,1,1
1,4491,240932220000000,240932230963875,240932246898375,15934500,26898375,10963875,240932230000000,1,1,1
1,4492,240932240000000,240932247210375,240932261225125,14014750,21225125,7210375,240932250000000,1,1,0
1,4494,240932250000000,240932261424250,240932277348250,15924000,27348250,11424250,240932260000000,1,1,1
1,4495,240932270000000,240932277513125,240932292951875,15438750,22951875,7513125,240932280000000,1,1,0
1,4497,240932280000000,240932293119250,240932308295000,15175750,28295000,13119250,240932290000000,1,1,1
1,4498,240932300000000,240932308462500,240932324390250,15927750,24390250,8462500,240932310000000,1,1,0
1,4500,240932310000000,240932324667000,240932340593625,15926625,30593625,14667000,240932320000000,1,1,1
1,4502,240932330000000,240932340780500,240932356713250,15932750,26713250,10780500,240932340000000,1,1,1
1,4503,240932350000000,240932356883500,240932371442500,14559000,21442500,6883500,240932360000000,1,1,0
1,4505,240932360000000,240932371646000,240932387546500,15900500,27546500,11646000,240932370000000,1,1,1
1,4506,240932380000000,240932387733875,240932403618125,15884250,23618125,7733875,240932390000000,1,1,0
1,4508,240932390000000,240932403780750,240932419680125,15899375,29680125,13780750,240932400000000,1,1,1
1,4509,240932410000000,240932419890500,240932435743125,15852625,25743125,9890500,240932420000000,1,1,0
1,4511,240932420000000,240932435940375,240932451265875,15325500,31265875,15940375,240932430000000,1,1,1
1,4513,240932440000000,240932451433250,240932466620625,15187375,26620625,11433250,240932450000000,1,1,1
1,4514,240932460000000,240932466806250,240932482709000,15902750,22709000,6806250,240932470000000,1,1,0
1,4516,240932470000000,240932482889125,240932498834500,15945375,28834500,12889125,240932480000000,1,1,1
1,4517,240932490000000,240932499009375,240932514932500,15923125,24932500,9009375,240932500000000,1,1,0
1,4519,240932500000000,240932515246375,240932530287875,15041500,30287875,15246375,240932510000000,1,1,1
1,4521,240932520000000,240932530491875,240932546441250,15949375,26441250,10491875,240932530000000,1,1,1
1,4522,240932540000000,240932546617750,240932561840000,15222250,21840000,6617750,240932550000000,1,1,0
1,4524,240932550000000,240932562696875,240932577898125,15201250,27898125,12696875,240932560000000,1,1,1
1,4525,240932570000000,240932578055125,240932593658875,15603750,23658875,8055125,240932580000000,1,1,0
1,4527,240932580000000,240932593834750,240932609547625,15712875,29547625,13834750,240932590000000,1,1,1
1,4528,240932600000000,240932609731625,240932625408625,15677000,25408625,9731625,240932610000000,1,1,0
1,4530,240932610000000,240932625584250,240932641481875,15897625,31481875,15584250,240932620000000,1,1,1
1,4532,240932630000000,240932641645250,240932656524875,14879625,26524875,11645250,240932640000000,1,1,1
1,4533,240932650000000,240932656695625,240932671831875,15136250,21831875,6695625,240932660000000,1,1,0
1,4535,240932660000000,240932672092500,240932687960750,15868250,27960750,12092500,240932670000000,1,1,1
1,4536,240932680000000,240932688232125,240932704197375,15965250,24197375,8232125,240932690000000,1,1,0
1,4538,240932690000000,240932704373000,240932720244125,15871125,30244125,14373000,240932700000000,1,1,1
1,4540,240932710000000,240932720387250,240932736274000,15886750,26274000,10387250,240932720000000,1,1,1
1,4541,240932730000000,240932737139750,240932753068875,15929125,23068875,7139750,240932740000000,1,1,0
1,4543,240932740000000,240932753232375,240932769209875,15977500,29209875,13232375,240932750000000,1,1,1
1,4544,240932760000000,240932769386750,240932783938250,14551500,23938250,9386750,240932770000000,1,1,0
1,4546,240932770000000,240932784144250,240932800044125,15899875,30044125,14144250,240932780000000,1,1,1
1,4548,240932790000000,240932800206750,240932816128500,15921750,26128500,10206750,240932800000000,1,1,1
1,4549,240932810000000,240932816274500,240932832550625,16276125,22550625,6274500,240932820000000,1,1,0
1,4551,240932820000000,240932832726750,240932848585250,15858500,28585250,12726750,240932830000000,1,1,1
1,4552,240932840000000,240932848753625,240932864670625,15917000,24670625,8753625,240932850000000,1,1,0
1,4554,240932850000000,240932864844875,240932880138750,15293875,30138750,14844875,240932860000000,1,1,1
1,4556,240932870000000,240932880302875,240932896227000,15924125,26227000,10302875,240932880000000,1,1,1
1,4557,240932890000000,240932896364250,240932911083500,14719250,21083500,6364250,240932900000000,1,1,0
1,4559,240932900000000,240932911272125,240932927245250,15973125,27245250,11272125,240932910000000,1,1,1
1,4560,240932920000000,240932927435125,240932942087750,14652625,22087750,7435125,240932930000000,1,1,0
1,4562,240932930000000,240932942262500,240932957943875,15681375,27943875,12262500,240932940000000,1,1,1
1,4563,240932950000000,240932958101875,240932973295250,15193375,23295250,8101875,240932960000000,1,1,0
1,4565,240932960000000,240932973450500,240932989415750,15965250,29415750,13450500,240932970000000,1,1,1
1,4566,240932980000000,240932989588125,240933005565500,15977375,25565500,9588125,240932990000000,1,1,0
1,4568,240932990000000,240933005732625,240933021629875,15897250,31629875,15732625,240933000000000,1,1,1
1,4570,240933010000000,240933021790000,240933037688500,15898500,27688500,11790000,240933020000000,1,1,1
1,4571,240933030000000,240933037851625,240933053748625,15897000,23748625,7851625,240933040000000,1,1,0
1,4573,240933040000000,240933053924250,240933069839875,15915625,29839875,13924250,240933050000000,1,1,1
1,4574,240933060000000,240933069989750,240933085146875,15157125,25146875,9989750,240933070000000,1,1,0
1,4576,240933070000000,240933085277750,240933100594500,15316750,30594500,15277750,240933080000000,1,1,1
1,4578,240933090000000,240933100870250,240933116194875,15324625,26194875,10870250,240933100000000,1,1,1
1,4579,240933110000000,240933116387125,240933132300375,15913250,22300375,6387125,240933120000000,1,1,0
1,4581,240933120000000,240933132446750,240933146825500,14378750,26825500,12446750,240933130000000,1,1,1
1,4582,240933140000000,240933147038750,240933162987125,15948375,22987125,7038750,240933150000000,1,1,0
1,4584,240933150000000,240933163267625,240933177823250,14555625,27823250,13267625,240933160000000,1,1,1
1,4585,240933170000000,240933178008750,240933192901875,14893125,22901875,8008750,240933180000000,1,1,0
1,4587,240933180000000,240933193074250,240933209027875,15953625,29027875,13074250,240933190000000,1,1,1
1,4588,240933200000000,240933209204000,240933223903500,14699500,23903500,9204000,240933210000000,1,1,0
1,4590,240933210000000,240933224230500,240933240122250,15891750,30122250,14230500,240933220000000,1,1,1
1,4592,240933230000000,240933240384125,240933255579000,15194875,25579000,10384125,240933240000000,1,1,1
1,4593,240933250000000,240933256268500,240933271671125,15402625,21671125,6268500,240933260000000,1,1,0
1,4595,240933260000000,240933271866500,240933287713125,15846625,27713125,11866500,240933270000000,1,1,1
1,4596,240933280000000,240933287911250,240933303842500,15931250,23842500,7911250,240933290000000,1,1,0
1,4598,240933290000000,240933304046500,240933319912625,15866125,29912625,14046500,240933300000000,1,1,1
1,4600,240933310000000,240933320090500,240933335988250,15897750,25988250,10090500,240933320000000,1,1,1
1,4601,240933330000000,240933336181125,240933351992750,15811625,21992750,6181125,240933340000000,1,1,0
1,4603,240933340000000,240933352939625,240933368212750,15273125,28212750,12939625,240933350000000,1,1,1
1,4604,240933360000000,240933369089625,240933384338625,15249000,24338625,9089625,240933370000000,1,1,0
1,4606,240933370000000,240933384511000,240933400351375,15840375,30351375,14511000,240933380000000,1,1,1
1,4608,240933390000000,240933400519750,240933416390875,15871125,26390875,10519750,240933400000000,1,1,1
1,4609,240933410000000,240933416560250,240933432454875,15894625,22454875,6560250,240933420000000,1,1,0
1,4611,240933420000000,240933432602625,240933448435875,15833250,28435875,12602625,240933430000000,1,1,1
1,4612,240933440000000,240933448574375,240933463900500,15326125,23900500,8574375,240933450000000,1,1,0
1,4614,240933450000000,240933464196750,240933479387500,15190750,29387500,14196750,240933460000000,1,1,1
1,4615,240933470000000,240933479598375,240933495054250,15455875,25054250,9598375,240933480000000,1,1,0
1,4617,240933480000000,240933495259375,240933511119875,15860500,31119875,15259375,240933490000000,1,1,1
1,4619,240933500000000,240933511295875,240933527197750,15901875,27197750,11295875,240933510000000,1,1,1
1,4620,240933520000000,240933527397000,240933543237750,15840750,23237750,7397000,240933530000000,1,1,0
1,4622,240933530000000,240933543421250,240933558716625,15295375,28716625,13421250,240933540000000,1,1,1
1,4623,240933550000000,240933558891875,240933574071000,15179125,24071000,8891875,240933560000000,1,1,0
1,4625,240933560000000,240933574232625,240933590128125,15895500,30128125,14232625,240933570000000,1,1,1
1,4627,240933580000000,240933590295000,240933605922625,15627625,25922625,10295000,240933590000000,1,1,1
1,4628,240933600000000,240933606109125,240933621742125,15633000,21742125,6109125,240933610000000,1,1,0
1,4630,240933610000000,240933621927625,240933637843500,15915875,27843500,11927625,240933620000000,1,1,1
1,4631,240933630000000,240933638011875,240933653618125,15606250,23618125,8011875,240933640000000,1,1,0
1,4633,240933640000000,240933653770375,240933669578125,15807750,29578125,13770375,240933650000000,1,1,1
1,4634,240933660000000,240933669727500,240933684298625,14571125,24298625,9727500,240933670000000,1,1,0
1,4636,240933670000000,240933684452875,240933700323000,15870125,30323000,14452875,240933680000000,1,1,1
1,4638,240933690000000,240933700475750,240933716387875,15912125,26387875,10475750,240933700000000,1,1,1
1,4639,240933710000000,240933716545625,240933732463500,15917875,22463500,6545625,240933720000000,1,1,0
1,4641,240933720000000,240933732628500,240933747288875,14660375,27288875,12628500,240933730000000,1,1,1
1,4642,240933740000000,240933747487000,240933763446875,15959875,23446875,7487000,240933750000000,1,1,0
1,4644,240933750000000,240933763605750,240933778159750,14554000,28159750,13605750,240933760000000,1,1,1
1,4645,240933770000000,240933778323375,240933793029125,14705750,23029125,8323375,240933780000000,1,1,0
1,4647,240933780000000,240933793190125,240933809077000,15886875,29077000,13190125,240933790000000,1,1,1
1,4648,240933800000000,240933809240375,240933825472250,16231875,25472250,9240375,240933810000000,1,1,0
1,4650,240933810000000,240933825651875,240933840139000,14487125,30139000,15651875,240933820000000,1,1,1
1,4652,240933830000000,240933840309250,240933854560250,14251000,24560250,10309250,240933840000000,1,1,1
1,4653,240933850000000,240933854753750,240933870534000,15780250,20534000,4753750,240933860000000,1,0,0
1,4655,240933860000000,240933870744875,240933886695500,15950625,26695500,10744875,240933870000000,1,1,1
1,4656,240933880000000,240933886863875,240933901483375,14619500,21483375,6863875,240933890000000,1,1,0
1,4658,240933890000000,240933901773250,240933917024625,15251375,27024625,11773250,240933900000000,1,1,1
1,4659,240933910000000,240933917178000,240933932454750,15276750,22454750,7178000,240933920000000,1,1,0
1,4661,240933920000000,240933932642000,240933947846625,15204625,27846625,12642000,240933930000000,1,1,1
1,4662,240933940000000,240933948158625,240933964074500,15915875,24074500,8158625,240933950000000,1,1,0
1,4664,240933950000000,240933964246375,240933979626625,15380250,29626625,14246375,240933960000000,1,1,1
1,4666,240933970000000,240933980468750,240933995731000,15262250,25731000,10468750,240933980000000,1,1,1
1,4667,240933990000000,240933995974500,240934011907125,15932625,21907125,5974500,240934000000000,1,1,0
1,4669,240934000000000,240934012099250,240934026691875,14592625,26691875,12099250,240934010000000,1,1,1
1,4670,240934020000000,240934026866750,240934042070375,15203625,22070375,6866750,240934030000000,1,1,0
1,4672,240934030000000,240934042249500,240934058158250,15908750,28158250,12249500,240934040000000,1,1,1
1,4673,240934050000000,240934058338500,240934074194750,15856250,24194750,8338500,240934060000000,1,1,0
1,4675,240934060000000,240934074361500,240934089610750,15249250,29610750,14361500,240934070000000,1,1,1
1,4676,240934080000000,240934089785875,240934105067125,15281250,25067125,9785875,240934090000000,1,1,0
1,4678,240934090000000,240934105231500,240934121206250,15974750,31206250,15231500,240934100000000,1,1,1
1,4680,240934110000000,240934121362250,240934136640000,15277750,26640000,11362250,240934120000000,1,1,1
1,4681,240934130000000,240934136812375,240934151994500,15182125,21994500,6812375,240934140000000,1,1,0
1,4683,240934140000000,240934152198000,240934166410500,14212500,26410500,12198000,240934150000000,1,1,1
1,4684,240934160000000,240934166599875,240934182524250,15924375,22524250,6599875,240934170000000,1,1,0
1,4686,240934170000000,240934182688250,240934198098125,15409875,28098125,12688250,240934180000000,1,1,1
1,4687,240934190000000,240934198265125,240934214204000,15938875,24204000,8265125,240934200000000,1,1,0
1,4689,240934200000000,240934214344250,240934228999250,14655000,28999250,14344250,240934210000000,1,1,1
1,4690,240934220000000,240934229158750,240934244469750,15311000,24469750,9158750,240934230000000,1,1,0
1,4692,240934230000000,240934244627875,240934260514250,15886375,30514250,14627875,240934240000000,1,1,1
1,4694,240934250000000,240934260684000,240934275794250,15110250,25794250,10684000,240934260000000,1,1,1
1,4695,240934270000000,240934275977375,240934291386375,15409000,21386375,5977375,240934280000000,1,1,0
1,4697,240934280000000,240934291571875,240934307444875,15873000,27444875,11571875,240934290000000,1,1,1
1,4698,240934300000000,240934307625125,240934322890500,15265375,22890500,7625125,240934310000000,1,1,0
1,4700,240934310000000,240934323072125,240934338400625,15328500,28400625,13072125,240934320000000,1,1,1
1,4701,240934330000000,240934338577000,240934354481750,15904750,24481750,8577000,240934340000000,1,1,0
1,4703,240934340000000,240934354655000,240934370505500,15850500,30505500,14655000,240934350000000,1,1,1
1,4705,240934360000000,240934370671625,240934386539250,15867625,26539250,10671625,240934370000000,1,1,1
1,4706,240934380000000,240934386698375,240934401452375,14754000,21452375,6698375,240934390000000,1,1,0
1,4708,240934390000000,240934401634125,240934415549375,13915250,25549375,11634125,240934400000000,1,1,1
1,4709,240934410000000,240934415749875,240934431650375,15900500,21650375,5749875,240934420000000,1,1,0
1,4711,240934420000000,240934431835500,240934447752375,15916875,27752375,11835500,240934430000000,1,1,1
1,4712,240934440000000,240934447910000,240934462640750,14730750,22640750,7910000,240934450000000,1,1,0
1,4714,240934450000000,240934462817000,240934478632500,15815500,28632500,12817000,240934460000000,1,1,1
1,4715,240934470000000,240934478801250,240934494715875,15914625,24715875,8801250,240934480000000,1,1,0
1,4717,240934480000000,240934494893125,240934510096625,15203500,30096625,14893125,240934490000000,1,1,1
1,4719,240934500000000,240934510264500,240934525582250,15317750,25582250,10264500,240934510000000,1,1,1
1,4720,240934520000000,240934525744750,240934541641375,15896625,21641375,5744750,240934530000000,1,1,0
1,4722,240934530000000,240934541810125,240934556984875,15174750,26984875,11810125,240934540000000,1,1,1
1,4723,240934550000000,240934557149500,240934572308625,15159125,22308625,7149500,240934560000000,1,1,0
1,4725,240934560000000,240934572464750,240934588326625,15861875,28326625,12464750,240934570000000,1,1,1
1,4726,240934580000000,240934589268500,240934603207750,13939250,23207750,9268500,240934590000000,1,1,0
1,4728,240934590000000,240934603438000,240934619329750,15891750,29329750,13438000,240934600000000,1,1,1
1,4729,240934610000000,240934619526000,240934634909625,15383625,24909625,9526000,240934620000000,1,1,0
1,4731,240934620000000,240934635092000,240934649886750,14794750,29886750,15092000,240934630000000,1,1,1
1,4733,240934640000000,240934650084250,240934664748750,14664500,24748750,10084250,240934650000000,1,1,1
1,4734,240934660000000,240934664917125,240934680094375,15177250,20094375,4917125,240934670000000,1,0,0
1,4736,240934670000000,240934680262750,240934696196375,15933625,26196375,10262750,240934680000000,1,1,1
1,4737,240934690000000,240934696355500,240934711626000,15270500,21626000,6355500,240934700000000,1,1,0
1,4739,240934700000000,240934711808875,240934726652375,14843500,26652375,11808875,240934710000000,1,1,1
1,4740,240934720000000,240934726977375,240934741290500,14313125,21290500,6977375,240934730000000,1,1,0
1,4742,240934730000000,240934741472375,240934757366000,15893625,27366000,11472375,240934740000000,1,1,1
1,4743,240934750000000,240934757517875,240934772742375,15224500,22742375,7517875,240934760000000,1,1,0
1,4745,240934760000000,240934772903500,240934788805875,15902375,28805875,12903500,240934770000000,1,1,1
1,4746,240934780000000,240934788965875,240934804896625,15930750,24896625,8965875,240934790000000,1,1,0
1,4748,240934790000000,240934805068875,240934820772125,15703250,30772125,15068875,240934800000000,1,1,1
1,4750,240934810000000,240934820962000,240934836914625,15952625,26914625,10962000,240934820000000,1,1,1
1,4751,240934830000000,240934837062125,240934851559000,14496875,21559000,7062125,240934840000000,1,1,0
1,4753,240934840000000,240934851754750,240934866988875,15234125,26988875,11754750,240934850000000,1,1,1
1,4754,240934860000000,240934867179375,240934883054375,15875000,23054375,7179375,240934870000000,1,1,0
1,4756,240934870000000,240934883250875,240934898101875,14851000,28101875,13250875,240934880000000,1,1,1
1,4757,240934890000000,240934898285875,240934912989250,14703375,22989250,8285875,240934900000000,1,1,0
1,4759,240934900000000,240934913164000,240934928617375,15453375,28617375,13164000,240934910000000,1,1,1
1,4760,240934920000000,240934928785375,240934944623500,15838125,24623500,8785375,240934930000000,1,1,0
1,4762,240934930000000,240934944796125,240934958868000,14071875,28868000,14796125,240934940000000,1,1,1
1,4763,240934950000000,240934959076000,240934975034375,15958375,25034375,9076000,240934960000000,1,1,0
1,4765,240934960000000,240934975332125,240934990137000,14804875,30137000,15332125,240934970000000,1,1,1
1,4767,240934980000000,240934990302875,240935006043875,15741000,26043875,10302875,240934990000000,1,1,1
1,4768,240935000000000,240935006193125,240935022147750,15954625,22147750,6193125,240935010000000,1,1,0
1,4770,240935010000000,240935022326875,240935038235000,15908125,28235000,12326875,240935020000000,1,1,1
1,4771,240935030000000,240935038400500,240935053600125,15199625,23600125,8400500,240935040000000,1,1,0
1,4773,240935040000000,240935053872875,240935069832875,15960000,29832875,13872875,240935050000000,1,1,1
1,4775,240935060000000,240935070019000,240935085900375,15881375,25900375,10019000,240935070000000,1,1,1
1,4776,240935080000000,240935086065250,240935101901750,15836500,21901750,6065250,240935090000000,1,1,0
1,4778,240935090000000,240935102069625,240935117963125,15893500,27963125,12069625,240935100000000,1,1,1
1,4779,240935110000000,240935118133000,240935133537625,15404625,23537625,8133000,240935120000000,1,1,0
1,4781,240935120000000,240935133701750,240935148884250,15182500,28884250,13701750,240935130000000,1,1,1
1,4782,240935140000000,240935149051625,240935165039500,15987875,25039500,9051625,240935150000000,1,1,0
1,4784,240935150000000,240935165222125,240935180567000,15344875,30567000,15222125,240935160000000,1,1,1
1,4786,240935170000000,240935180733250,240935195409625,14676375,25409625,10733250,240935180000000,1,1,1
1,4787,240935190000000,240935195618500,240935211355500,15737000,21355500,5618500,240935200000000,1,1,0
1,4789,240935200000000,240935212302125,240935228300125,15998000,28300125,12302125,240935210000000,1,1,1
1,4790,240935220000000,240935228472375,240935243200750,14728375,23200750,8472375,240935230000000,1,1,0
1,4792,240935230000000,240935244205000,240935259351500,15146500,29351500,14205000,240935240000000,1,1,1
1,4793,240935250000000,240935259568750,240935275497375,15928625,25497375,9568750,240935260000000,1,1,0
1,4795,240935260000000,240935275706750,240935291536000,15829250,31536000,15706750,240935270000000,1,1,1
1,4797,240935280000000,240935291714625,240935307522750,15808125,27522750,11714625,240935290000000,1,1,1
1,4798,240935300000000,240935307727375,240935323640375,15913000,23640375,7727375,240935310000000,1,1,0
1,4800,240935310000000,240935323834625,240935338469250,14634625,28469250,13834625,240935320000000,1,1,1
1,4801,240935330000000,240935338640000,240935353624375,14984375,23624375,8640000,240935340000000,1,1,0
1,4803,240935340000000,240935353795375,240935369666500,15871125,29666500,13795375,240935350000000,1,1,1
1,4804,240935360000000,240935369831375,240935385763625,15932250,25763625,9831375,240935370000000,1,1,0
1,4806,240935370000000,240935385931500,240935401247250,15315750,31247250,15931500,240935380000000,1,1,1
1,4808,240935390000000,240935401412750,240935417400000,15987250,27400000,11412750,240935400000000,1,1,1
1,4809,240935410000000,240935417584625,240935431701250,14116625,21701250,7584625,240935420000000,1,1,0
1,4811,240935420000000,240935431901500,240935447170375,15268875,27170375,11901500,240935430000000,1,1,1
1,4812,240935440000000,240935447482375,240935463452000,15969625,23452000,7482375,240935450000000,1,1,0
1,4814,240935450000000,240935463655500,240935479513000,15857500,29513000,13655500,240935460000000,1,1,1
1,4815,240935470000000,240935479696875,240935495506125,15809250,25506125,9696875,240935480000000,1,1,0
1,4817,240935480000000,240935495708125,240935510744500,15036375,30744500,15708125,240935490000000,1,1,1
1,4819,240935500000000,240935510931375,240935526851875,15920500,26851875,10931375,240935510000000,1,1,1
1,4820,240935520000000,240935527020125,240935542201625,15181500,22201625,7020125,240935530000000,1,1,0
1,4822,240935530000000,240935542366250,240935557673750,15307500,27673750,12366250,240935540000000,1,1,1
1,4823,240935550000000,240935557831375,240935572568000,14736625,22568000,7831375,240935560000000,1,1,0
1,4825,240935560000000,240935572729625,240935588595875,15866250,28595875,12729625,240935570000000,1,1,1
1,4826,240935580000000,240935588752375,240935604049500,15297125,24049500,8752375,240935590000000,1,1,0
1,4828,240935590000000,240935604161625,240935620126750,15965125,30126750,14161625,240935600000000,1,1,1
1,4830,240935610000000,240935620286500,240935635425000,15138500,25425000,10286500,240935620000000,1,1,1
1,4831,240935630000000,240935635584125,240935650859500,15275375,20859500,5584125,240935640000000,1,1,0
1,4833,240935640000000,240935651036750,240935666293875,15257125,26293875,11036750,240935650000000,1,1,1
1,4834,240935660000000,240935666473125,240935682394500,15921375,22394500,6473125,240935670000000,1,1,0
1,4836,240935670000000,240935682578375,240935697334500,14756125,27334500,12578375,240935680000000,1,1,1
1,4837,240935690000000,240935697494750,240935713408250,15913500,23408250,7494750,240935700000000,1,1,0
1,4839,240935700000000,240935713567000,240935728098500,14531500,28098500,13567000,240935710000000,1,1,1
1,4840,240935720000000,240935728253125,240935744223500,15970375,24223500,8253125,240935730000000,1,1,0
1,4842,240935730000000,240935744379500,240935760316500,15937000,30316500,14379500,240935740000000,1,1,1
1,4844,240935750000000,240935760453875,240935776347375,15893500,26347375,10453875,240935760000000,1,1,1
1,4845,240935770000000,240935776502125,240935792404000,15901875,22404000,6502125,240935780000000,1,1,0
1,4847,240935780000000,240935792560125,240935808350750,15790625,28350750,12560125,240935790000000,1,1,1
1,4848,240935800000000,240935808533750,240935823315750,14782000,23315750,8533750,240935810000000,1,1,0
1,4850,240935810000000,240935823521375,240935838923375,15402000,28923375,13521375,240935820000000,1,1,1
1,4851,240935830000000,240935839801750,240935855281125,15479375,25281125,9801750,240935840000000,1,1,0
1,4853,240935840000000,240935855488625,240935871415250,15926625,31415250,15488625,240935850000000,1,1,1
1,4855,240935860000000,240935871609125,240935887543625,15934500,27543625,11609125,240935870000000,1,1,1
1,4856,240935880000000,240935887730000,240935903467000,15737000,23467000,7730000,240935890000000,1,1,0
1,4858,240935890000000,240935903653125,240935919539250,15886125,29539250,13653125,240935900000000,1,1,1
1,4859,240935910000000,240935919717875,240935933500875,13783000,23500875,9717875,240935920000000,1,1,0
1,4861,240935920000000,240935933691875,240935948950875,15259000,28950875,13691875,240935930000000,1,1,1
1,4862,240935940000000,240935949123125,240935964998750,15875625,24998750,9123125,240935950000000,1,1,0
1,4864,240935950000000,240935965109125,240935981020625,15911500,31020625,15109125,240935960000000,1,1,1
1,4866,240935970000000,240935981172500,240935997093500,15921000,27093500,11172500,240935980000000,1,1,1
1,4867,240935990000000,240935997381875,240936013370125,15988250,23370125,7381875,240936000000000,1,1,0
1,4869,240936000000000,240936013562375,240936028040250,14477875,28040250,13562375,240936010000000,1,1,1
1,4870,240936020000000,240936028130625,240936043437250,15306625,23437250,8130625,240936030000000,1,1,0
1,4872,240936030000000,240936043650000,240936058403000,14753000,28403000,13650000,240936040000000,1,1,1
1,4873,240936050000000,240936058569125,240936073740000,15170875,23740000,8569125,240936060000000,1,1,0
1,4875,240936060000000,240936073907375,240936089814250,15906875,29814250,13907375,240936070000000,1,1,1
1,4876,240936080000000,240936089981625,240936105026500,15044875,25026500,9981625,240936090000000,1,1,0
1,4878,240936090000000,240936105186125,240936120447750,15261625,30447750,15186125,240936100000000,1,1,1
1,4880,240936110000000,240936120712375,240936135363125,14650750,25363125,10712375,240936120000000,1,1,1
1,4881,240936130000000,240936135582125,240936151482500,15900375,21482500,5582125,240936140000000,1,1,0
1,4883,240936140000000,240936151785500,240936167708875,15923375,27708875,11785500,240936150000000,1,1,1
1,4884,240936160000000,240936167914500,240936183319500,15405000,23319500,7914500,240936170000000,1,1,0
1,4886,240936170000000,240936183515250,240936197901000,14385750,27901000,13515250,240936180000000,1,1,1
1,4887,240936190000000,240936198091500,240936214005000,15913500,24005000,8091500,240936200000000,1,1,0
1,4889,240936200000000,240936214191375,240936229471125,15279750,29471125,14191375,240936210000000,1,1,1
1,4890,240936220000000,240936229633125,240936245518875,15885750,25518875,9633125,240936230000000,1,1,0
1,4892,240936230000000,240936245666750,240936261528125,15861375,31528125,15666750,240936240000000,1,1,1
1,4894,240936250000000,240936261793375,240936275889500,14096125,25889500,11793375,240936260000000,1,1,1
1,4895,240936270000000,240936276072125,240936291263875,15191750,21263875,6072125,240936280000000,1,1,0
1,4897,240936280000000,240936291476625,240936305940375,14463750,25940375,11476625,240936290000000,1,1,1
1,4898,240936300000000,240936306150250,240936322067750,15917500,22067750,6150250,240936310000000,1,1,0
1,4900,240936310000000,240936322268625,240936338097250,15828625,28097250,12268625,240936320000000,1,1,1
1,4901,240936330000000,240936338281125,240936353621875,15340750,23621875,8281125,240936340000000,1,1,0
1,4903,240936340000000,240936353796500,240936369723250,15926750,29723250,13796500,240936350000000,1,1,1
1,4904,240936360000000,240936369998125,240936385265125,15267000,25265125,9998125,240936370000000,1,1,0
1,4906,240936370000000,240936385451625,240936400700000,15248375,30700000,15451625,240936380000000,1,1,1
1,4908,240936390000000,240936400855750,240936416797625,15941875,26797625,10855750,240936400000000,1,1,1
1,4909,240936410000000,240936416950000,240936432861000,15911000,22861000,6950000,240936420000000,1,1,0
1,4911,240936420000000,240936433031500,240936448935875,15904375,28935875,13031500,240936430000000,1,1,1
1,4913,240936440000000,240936454683125,240936469387125,14704000,29387125,14683125,240936450000000,1,1,1
1,4914,240936460000000,240936469587625,240936485528625,15941000,25528625,9587625,240936470000000,1,1,0
1,4916,240936470000000,240936485704750,240936500404250,14699500,30404250,15704750,240936480000000,1,1,1
1,4918,240936490000000,240936500577000,240936515630250,15053250,25630250,10577000,240936500000000,1,1,1
1,4919,240936510000000,240936515826125,240936531140375,15314250,21140375,5826125,240936520000000,1,1,0
1,4921,240936520000000,240936531309375,240936546605500,15296125,26605500,11309375,240936530000000,1,1,1
1,4922,240936540000000,240936546784625,240936562646125,15861500,22646125,6784625,240936550000000,1,1,0
1,4924,240936550000000,240936562818875,240936578195625,15376750,28195625,12818875,240936560000000,1,1,1
1,4925,240936570000000,240936578379250,240936592374500,13995250,22374500,8379250,240936580000000,1,1,0
1,4927,240936580000000,240936592529250,240936608449125,15919875,28449125,12529250,240936590000000,1,1,1
1,4928,240936600000000,240936608711625,240936623408375,14696750,23408375,8711625,240936610000000,1,1,0
1,4930,240936610000000,240936623623875,240936639548250,15924375,29548250,13623875,240936620000000,1,1,1
1,4931,240936630000000,240936639783625,240936655745500,15961875,25745500,9783625,240936640000000,1,1,0
1,4933,240936640000000,240936655949625,240936670038875,14089250,30038875,15949625,240936650000000,1,1,1
1,4935,240936660000000,240936670206875,240936685404125,15197250,25404125,10206875,240936670000000,1,1,1
1,4936,240936680000000,240936685662750,240936701631500,15968750,21631500,5662750,240936690000000,1,1,0
1,4938,240936690000000,240936701827625,240936717407500,15579875,27407500,11827625,240936700000000,1,1,1
1,4939,240936710000000,240936717563125,240936733457250,15894125,23457250,7563125,240936720000000,1,1,0
1,4941,240936720000000,240936733618875,240936749532875,15914000,29532875,13618875,240936730000000,1,1,1
1,4942,240936740000000,240936749703125,240936764346125,14643000,24346125,9703125,240936750000000,1,1,0
1,4944,240936750000000,240936764507625,240936779685875,15178250,29685875,14507625,240936760000000,1,1,1
1,4945,240936770000000,240936779875250,240936795804875,15929625,25804875,9875250,240936780000000,1,1,0
1,4947,240936780000000,240936796043500,240936811882000,15838500,31882000,16043500,240936790000000,1,1,1
1,4949,240936800000000,240936812130625,240936827558625,15428000,27558625,12130625,240936810000000,1,1,1
1,4950,240936820000000,240936827793125,240936842457625,14664500,22457625,7793125,240936830000000,1,1,0
1,4952,240936830000000,240936842670375,240936858601500,15931125,28601500,12670375,240936840000000,1,1,1
1,4953,240936850000000,240936858782125,240936874036000,15253875,24036000,8782125,240936860000000,1,1,0
1,4955,240936860000000,240936874206250,240936890169125,15962875,30169125,14206250,240936870000000,1,1,1
1,4957,240936880000000,240936890346375,240936906186250,15839875,26186250,10346375,240936890000000,1,1,1
1,4958,240936900000000,240936906365375,240936922221875,15856500,22221875,6365375,240936910000000,1,1,0
1,4960,240936910000000,240936922396625,240936938347875,15951250,28347875,12396625,240936920000000,1,1,1
1,4961,240936930000000,240936938534625,240936954388250,15853625,24388250,8534625,240936940000000,1,1,0
1,4963,240936940000000,240936954557125,240936970515750,15958625,30515750,14557125,240936950000000,1,1,1
1,4965,240936960000000,240936970693250,240936985119125,14425875,25119125,10693250,240936970000000,1,1,1
1,4966,240936980000000,240936985285375,240937000445125,15159750,20445125,5285375,240936990000000,1,1,0
1,4968,240936990000000,240937000612000,240937016418250,15806250,26418250,10612000,240937000000000,1,1,1
1,4969,240937010000000,240937016570125,240937031947875,15377750,21947875,6570125,240937020000000,1,1,0
1,4971,240937020000000,240937032125000,240937048042625,15917625,28042625,12125000,240937030000000,1,1,1
1,4972,240937040000000,240937048181750,240937063895125,15713375,23895125,8181750,240937050000000,1,1,0
1,4974,240937050000000,240937064113250,240937079282750,15169500,29282750,14113250,240937060000000,1,1,1
1,4976,240937070000000,240937080268625,240937096219625,15951000,26219625,10268625,240937080000000,1,1,1
1,4977,240937090000000,240937096399250,240937112290375,15891125,22290375,6399250,240937100000000,1,1,0
1,4979,240937100000000,240937112454000,240937128209375,15755375,28209375,12454000,240937110000000,1,1,1
1,4980,240937120000000,240937128361125,240937144295750,15934625,24295750,8361125,240937130000000,1,1,0
1,4982,240937130000000,240937144441750,240937160308375,15866625,30308375,14441750,240937140000000,1,1,1
1,4984,240937150000000,240937160589125,240937176483125,15894000,26483125,10589125,240937160000000,1,1,1
1,4985,240937170000000,240937176652875,240937191848750,15195875,21848750,6652875,240937180000000,1,1,0
1,4987,240937180000000,240937192045500,240937207913750,15868250,27913750,12045500,240937190000000,1,1,1
1,4988,240937200000000,240937208190375,240937224587500,16397125,24587500,8190375,240937210000000,1,1,0
1,4990,240937210000000,240937224789625,240937240730000,15940375,30730000,14789625,240937220000000,1,1,1
1,4992,240937230000000,240937240915875,240937256842750,15926875,26842750,10915875,240937240000000,1,1,1
1,4993,240937250000000,240937257003750,240937272269875,15266125,22269875,7003750,240937260000000,1,1,0
1,4995,240937260000000,240937272427625,240937288382625,15955000,28382625,12427625,240937270000000,1,1,1
1,4996,240937280000000,240937288536750,240937302124250,13587500,22124250,8536750,240937290000000,1,1,0
1,4998,240937290000000,240937302314625,240937317980750,15666125,27980750,12314625,240937300000000,1,1,1
1,4999,240937310000000,240937318147625,240937333990500,15842875,23990500,8147625,240937320000000,1,1,0
1,5001,240937320000000,240937334168250,240937349382000,15213750,29382000,14168250,240937330000000,1,1,1
1,5002,240937340000000,240937349566000,240937365477625,15911625,25477625,9566000,240937350000000,1,1,0
1,5004,240937350000000,240937365621125,240937380867125,15246000,30867125,15621125,240937360000000,1,1,1
1,5006,240937370000000,240937381729375,240937396876500,15147125,26876500,11729375,240937380000000,1,1,1
1,5007,240937390000000,240937397228750,240937413092000,15863250,23092000,7228750,240937400000000,1,1,0
1,5009,240937400000000,240937413264250,240937429210250,15946000,29210250,13264250,240937410000000,1,1,1
1,5010,240937420000000,240937429374500,240937445336125,15961625,25336125,9374500,240937430000000,1,1,0
1,5012,240937430000000,240937445503000,240937461122500,15619500,31122500,15503000,240937440000000,1,1,1
1,5014,240937450000000,240937461285875,240937477211625,15925750,27211625,11285875,240937460000000,1,1,1
1,5015,240937470000000,240937477371250,240937492638250,15267000,22638250,7371250,240937480000000,1,1,0
1,5017,240937480000000,240937492808625,240937508718250,15909625,28718250,12808625,240937490000000,1,1,1
1,5018,240937500000000,240937508885125,240937523161625,14276500,23161625,8885125,240937510000000,1,1,0
1,5020,240937510000000,240937523352375,240937539239625,15887250,29239625,13352375,240937520000000,1,1,1
1,5021,240937530000000,240937539425625,240937555303125,15877500,25303125,9425625,240937540000000,1,1,0
1,5023,240937540000000,240937555488000,240937571449500,15961500,31449500,15488000,240937550000000,1,1,1
1,5025,240937560000000,240937571631500,240937586889250,15257750,26889250,11631500,240937570000000,1,1,1
1,5026,240937580000000,240937587874625,240937603172375,15297750,23172375,7874625,240937590000000,1,1,0
1,5028,240937590000000,240937603388375,240937618882500,15494125,28882500,13388375,240937600000000,1,1,1
1,5029,240937610000000,240937619050375,240937634387000,15336625,24387000,9050375,240937620000000,1,1,0
1,5031,240937620000000,240937634675250,240937650609625,15934375,30609625,14675250,240937630000000,1,1,1
1,5033,240937640000000,240937650811750,240937666674500,15862750,26674500,10811750,240937650000000,1,1,1
1,5034,240937660000000,240937666843500,240937682791125,15947625,22791125,6843500,240937670000000,1,1,0
1,5036,240937670000000,240937682962000,240937698186625,15224625,28186625,12962000,240937680000000,1,1,1
1,5037,240937690000000,240937699097250,240937713760000,14662750,23760000,9097250,240937700000000,1,1,0
1,5039,240937700000000,240937713924125,240937729789750,15865625,29789750,13924125,240937710000000,1,1,1
1,5040,240937720000000,240937729963125,240937745573125,15610000,25573125,9963125,240937730000000,1,1,0
1,5042,240937730000000,240937745762625,240937760938750,15176125,30938750,15762625,240937740000000,1,1,1
1,5044,240937750000000,240937761095000,240937776970000,15875000,26970000,11095000,240937760000000,1,1,1
1,5045,240937770000000,240937777322375,240937792510250,15187875,22510250,7322375,240937780000000,1,1,0
1,5047,240937780000000,240937792689500,240937808633250,15943750,28633250,12689500,240937790000000,1,1,1
1,5048,240937800000000,240937808769625,240937824000250,15230625,24000250,8769625,240937810000000,1,1,0
1,5050,240937810000000,240937824196000,240937840113125,15917125,30113125,14196000,240937820000000,1,1,1
1,5052,240937830000000,240937840278000,240937855700625,15422625,25700625,10278000,240937840000000,1,1,1
1,5053,240937850000000,240937856078875,240937872041375,15962500,22041375,6078875,240937860000000,1,1,0
1,5055,240937860000000,240937872203375,240937886932625,14729250,26932625,12203375,240937870000000,1,1,1
1,5056,240937880000000,240937887128375,240937903074125,15945750,23074125,7128375,240937890000000,1,1,0
1,5058,240937890000000,240937903261625,240937917865000,14603375,27865000,13261625,240937900000000,1,1,1
1,5059,240937910000000,240937918033875,240937933969750,15935875,23969750,8033875,240937920000000,1,1,0
1,5061,240937920000000,240937934236750,240937949958625,15721875,29958625,14236750,240937930000000,1,1,1
1,5063,240937940000000,240937950127375,240937964815375,14688000,24815375,10127375,240937950000000,1,1,1
1,5064,240937960000000,240937964979125,240937980251625,15272500,20251625,4979125,240937970000000,1,0,0
1,5066,240937970000000,240937980412625,240937996265750,15853125,26265750,10412625,240937980000000,1,1,1
1,5067,240937990000000,240937996522500,240938012431125,15908625,22431125,6522500,240938000000000,1,1,0
1,5069,240938000000000,240938012582000,240938028577500,15995500,28577500,12582000,240938010000000,1,1,1
1,5070,240938020000000,240938028737625,240938043969500,15231875,23969500,8737625,240938030000000,1,1,0
1,5072,240938030000000,240938044227250,240938058973000,14745750,28973000,14227250,240938040000000,1,1,1
1,5073,240938050000000,240938059159125,240938074438750,15279625,24438750,9159125,240938060000000,1,1,0
1,5075,240938060000000,240938074609125,240938090076625,15467500,30076625,14609125,240938070000000,1,1,1
1,5077,240938080000000,240938090259125,240938106194250,15935125,26194250,10259125,240938090000000,1,1,1
1,5078,240938100000000,240938106377250,240938122351500,15974250,22351500,6377250,240938110000000,1,1,0
1,5080,240938110000000,240938122540750,240938137117250,14576500,27117250,12540750,240938120000000,1,1,1
1,5081,240938130000000,240938137285000,240938153153875,15868875,23153875,7285000,240938140000000,1,1,0
1,5083,240938140000000,240938153316875,240938169211875,15895000,29211875,13316875,240938150000000,1,1,1
1,5084,240938160000000,240938169375625,240938184598375,15222750,24598375,9375625,240938170000000,1,1,0
1,5086,240938170000000,240938184757250,240938200650250,15893000,30650250,14757250,240938180000000,1,1,1
1,5088,240938190000000,240938200804125,240938216673250,15869125,26673250,10804125,240938200000000,1,1,1
1,5089,240938210000000,240938216838625,240938231627875,14789250,21627875,6838625,240938220000000,1,1,0
1,5091,240938220000000,240938231833875,240938247068250,15234375,27068250,11833875,240938230000000,1,1,1
1,5092,240938240000000,240938247372375,240938263265750,15893375,23265750,7372375,240938250000000,1,1,0
1,5094,240938250000000,240938263471250,240938278046000,14574750,28046000,13471250,240938260000000,1,1,1
1,5095,240938270000000,240938278232375,240938293851750,15619375,23851750,8232375,240938280000000,1,1,0
1,5097,240938280000000,240938294035125,240938309622375,15587250,29622375,14035125,240938290000000,1,1,1
1,5098,240938300000000,240938309775000,240938325735500,15960500,25735500,9775000,240938310000000,1,1,0
1,5100,240938310000000,240938326644625,240938342639250,15994625,32639250,16644625,240938320000000,1,1,1
1,5102,240938330000000,240938342834000,240938358658250,15824250,28658250,12834000,240938340000000,1,1,1
1,5103,240938350000000,240938358835000,240938373425625,14590625,23425625,8835000,240938360000000,1,1,0
1,5105,240938360000000,240938373603250,240938388945375,15342125,28945375,13603250,240938370000000,1,1,1
1,5106,240938380000000,240938389124125,240938403857750,14733625,23857750,9124125,240938390000000,1,1,0
1,5108,240938390000000,240938404120250,240938419350750,15230500,29350750,14120250,240938400000000,1,1,1
1,5109,240938410000000,240938419537625,240938435454250,15916625,25454250,9537625,240938420000000,1,1,0
1,5111,240938420000000,240938435615750,240938451514125,15898375,31514125,15615750,240938430000000,1,1,1
1,5113,240938440000000,240938451690875,240938465906250,14215375,25906250,11690875,240938450000000,1,1,1
1,5114,240938460000000,240938466066875,240938480676500,14609625,20676500,6066875,240938470000000,1,1,0
1,5116,240938470000000,240938480952875,240938496919500,15966625,26919500,10952875,240938480000000,1,1,1
1,5117,240938490000000,240938497104000,240938512973750,15869750,22973750,7104000,240938500000000,1,1,0
1,5119,240938500000000,240938513146375,240938529003750,15857375,29003750,13146375,240938510000000,1,1,1
1,5120,240938520000000,240938529148125,240938545021500,15873375,25021500,9148125,240938530000000,1,1,0
1,5122,240938530000000,240938545169875,240938559608750,14438875,29608750,15169875,240938540000000,1,1,1
1,5123,240938550000000,240938559804500,240938573593875,13789375,23593875,9804500,240938560000000,1,1,0
1,5125,240938560000000,240938573770125,240938589690500,15920375,29690500,13770125,240938570000000,1,1,1
1,5126,240938580000000,240938589848625,240938605779875,15931250,25779875,9848625,240938590000000,1,1,0
1,5128,240938590000000,240938605934625,240938621919375,15984750,31919375,15934625,240938600000000,1,1,1
1,5130,240938610000000,240938622099875,240938636563750,14463875,26563750,12099875,240938620000000,1,1,1
1,5131,240938630000000,240938636724750,240938652554500,15829750,22554500,6724750,240938640000000,1,1,0
1,5133,240938640000000,240938652708375,240938668639875,15931500,28639875,12708375,240938650000000,1,1,1
1,5134,240938660000000,240938668799000,240938683957750,15158750,23957750,8799000,240938670000000,1,1,0
1,5136,240938670000000,240938684208625,240938700066500,15857875,30066500,14208625,240938680000000,1,1,1
1,5138,240938690000000,240938700334375,240938715673125,15338750,25673125,10334375,240938700000000,1,1,1
1,5139,240938710000000,240938715885875,240938731798625,15912750,21798625,5885875,240938720000000,1,1,0
1,5141,240938720000000,240938732085125,240938747230125,15145000,27230125,12085125,240938730000000,1,1,1
1,5142,240938740000000,240938747456375,240938763361875,15905500,23361875,7456375,240938750000000,1,1,0
1,5144,240938750000000,240938763561375,240938779455000,15893625,29455000,13561375,240938760000000,1,1,1
1,5145,240938770000000,240938779663000,240938795561375,15898375,25561375,9663000,240938780000000,1,1,0
1,5147,240938780000000,240938795769875,240938811071875,15302000,31071875,15769875,240938790000000,1,1,1
1,5149,240938800000000,240938811255375,240938827437875,16182500,27437875,11255375,240938810000000,1,1,1
1,5150,240938820000000,240938827656625,240938842845000,15188375,22845000,7656625,240938830000000,1,1,0
1,5152,240938830000000,240938843033875,240938858920625,15886750,28920625,13033875,240938840000000,1,1,1
1,5153,240938850000000,240938859115000,240938874653250,15538250,24653250,9115000,240938860000000,1,1,0
1,5155,240938860000000,240938874851875,240938890741000,15889125,30741000,14851875,240938870000000,1,1,1
1,5157,240938880000000,240938891060375,240938905557750,14497375,25557750,11060375,240938890000000,1,1,1
1,5158,240938900000000,240938905739875,240938921590875,15851000,21590875,5739875,240938910000000,1,1,0
1,5160,240938910000000,240938921898250,240938937121875,15223625,27121875,11898250,240938920000000,1,1,1
1,5161,240938930000000,240938938728375,240938954007625,15279250,24007625,8728375,240938940000000,1,1,0
1,5163,240938940000000,240938954191750,240938968698875,14507125,28698875,14191750,240938950000000,1,1,1
1,5164,240938960000000,240938968864500,240938984718375,15853875,24718375,8864500,240938970000000,1,1,0
1,5166,240938970000000,240938984888125,240939000843250,15955125,30843250,14888125,240938980000000,1,1,1
1,5168,240938990000000,240939001005000,240939016273250,15268250,26273250,11005000,240939000000000,1,1,1
1,5169,240939010000000,240939016545125,240939032465125,15920000,22465125,6545125,240939020000000,1,1,0
1,5171,240939020000000,240939032649250,240939046846875,14197625,26846875,12649250,240939030000000,1,1,1
1,5172,240939040000000,240939047031000,240939062957250,15926250,22957250,7031000,240939050000000,1,1,0
1,5174,240939050000000,240939063155375,240939079044125,15888750,29044125,13155375,240939060000000,1,1,1
1,5175,240939070000000,240939079205125,240939095141750,15936625,25141750,9205125,240939080000000,1,1,0
1,5177,240939080000000,240939095328625,240939110515625,15187000,30515625,15328625,240939090000000,1,1,1
1,5179,240939100000000,240939110687375,240939126606875,15919500,26606875,10687375,240939110000000,1,1,1
1,5180,240939120000000,240939126790375,240939142089125,15298750,22089125,6790375,240939130000000,1,1,0
1,5182,240939130000000,240939142273625,240939156802250,14528625,26802250,12273625,240939140000000,1,1,1
1,5183,240939150000000,240939157087375,240939172298625,15211250,22298625,7087375,240939160000000,1,1,0
1,5185,240939160000000,240939172469000,240939188377625,15908625,28377625,12469000,240939170000000,1,1,1
1,5186,240939180000000,240939188542625,240939204440625,15898000,24440625,8542625,240939190000000,1,1,0
1,5188,240939190000000,240939204607500,240939220044875,15437375,30044875,14607500,240939200000000,1,1,1
1,5190,240939210000000,240939220206000,240939235643250,15437250,25643250,10206000,240939220000000,1,1,1
1,5191,240939230000000,240939235871125,240939250843875,14972750,20843875,5871125,240939240000000,1,1,0
1,5193,240939240000000,240939251060625,240939265741625,14681000,25741625,11060625,240939250000000,1,1,1
1,5194,240939260000000,240939265929500,240939281863500,15934000,21863500,5929500,240939270000000,1,1,0
1,5196,240939270000000,240939282034375,240939297228125,15193750,27228125,12034375,240939280000000,1,1,1
1,5197,240939290000000,240939297402875,240939313323500,15920625,23323500,7402875,240939300000000,1,1,0
1,5199,240939300000000,240939313495750,240939328733875,15238125,28733875,13495750,240939310000000,1,1,1
1,5200,240939320000000,240939328884625,240939343544125,14659500,23544125,8884625,240939330000000,1,1,0
1,5202,240939330000000,240939343734000,240939359647125,15913125,29647125,13734000,240939340000000,1,1,1
1,5203,240939350000000,240939359833125,240939375681250,15848125,25681250,9833125,240939360000000,1,1,0
1,5205,240939360000000,240939375870750,240939391859375,15988625,31859375,15870750,240939370000000,1,1,1
1,5207,240939380000000,240939392044500,240939407875500,15831000,27875500,12044500,240939390000000,1,1,1
1,5208,240939400000000,240939408120500,240939423289875,15169375,23289875,8120500,240939410000000,1,1,0
1,5210,240939410000000,240939423490500,240939438736500,15246000,28736500,13490500,240939420000000,1,1,1
1,5211,240939430000000,240939439029375,240939453702875,14673500,23702875,9029375,240939440000000,1,1,0
1,5213,240939440000000,240939453897750,240939468583625,14685875,28583625,13897750,240939450000000,1,1,1
1,5214,240939460000000,240939468739250,240939484654750,15915500,24654750,8739250,240939470000000,1,1,0
1,5216,240939470000000,240939484802750,240939499307500,14504750,29307500,14802750,240939480000000,1,1,1
1,5217,240939490000000,240939499499625,240939514279375,14779750,24279375,9499625,240939500000000,1,1,0
1,5219,240939500000000,240939514434000,240939530345625,15911625,30345625,14434000,240939510000000,1,1,1
1,5221,240939520000000,240939530500750,240939545779625,15278875,25779625,10500750,240939530000000,1,1,1
1,5222,240939540000000,240939545946125,240939561742500,15796375,21742500,5946125,240939550000000,1,1,0
1,5224,240939550000000,240939562654250,240939578589500,15935250,28589500,12654250,240939560000000,1,1,1
1,5225,240939570000000,240939578790250,240939594759000,15968750,24759000,8790250,240939580000000,1,1,0
1,5227,240939580000000,240939594935750,240939610172375,15236625,30172375,14935750,240939590000000,1,1,1
1,5229,240939600000000,240939610349125,240939626217250,15868125,26217250,10349125,240939610000000,1,1,1
1,5230,240939620000000,240939626389500,240939642089875,15700375,22089875,6389500,240939630000000,1,1,0
1,5232,240939630000000,240939642306250,240939657618000,15311750,27618000,12306250,240939640000000,1,1,1
1,5233,240939650000000,240939657781625,240939673634625,15853000,23634625,7781625,240939660000000,1,1,0
1,5235,240939660000000,240939673790250,240939689501875,15711625,29501875,13790250,240939670000000,1,1,1
1,5236,240939680000000,240939689680000,240939704938250,15258250,24938250,9680000,240939690000000,1,1,0
1,5238,240939690000000,240939705104750,240939719698250,14593500,29698250,15104750,240939700000000,1,1,1
1,5239,240939710000000,240939719896375,240939735161000,15264625,25161000,9896375,240939720000000,1,1,0
1,5241,240939720000000,240939735349750,240939751349375,15999625,31349375,15349750,240939730000000,1,1,1
1,5243,240939740000000,240939751549000,240939767391875,15842875,27391875,11549000,240939750000000,1,1,1
1,5244,240939760000000,240939767584125,240939782141125,14557000,22141125,7584125,240939770000000,1,1,0
1,5246,240939770000000,240939782296375,240939796845500,14549125,26845500,12296375,240939780000000,1,1,1
1,5247,240939790000000,240939797011500,240939813180750,16169250,23180750,7011500,240939800000000,1,1,0
1,5249,240939800000000,240939813348625,240939829088500,15739875,29088500,13348625,240939810000000,1,1,1
1,5250,240939820000000,240939829265250,240939845140250,15875000,25140250,9265250,240939830000000,1,1,0
1,5252,240939830000000,240939845300750,240939861241625,15940875,31241625,15300750,240939840000000,1,1,1
1,5254,240939850000000,240939861416375,240939877339250,15922875,27339250,11416375,240939860000000,1,1,1
1,5255,240939870000000,240939877518500,240939892738125,15219625,22738125,7518500,240939880000000,1,1,0
1,5257,240939880000000,240939892901625,240939907678750,14777125,27678750,12901625,240939890000000,1,1,1
1,5258,240939900000000,240939907905125,240939923828000,15922875,23828000,7905125,240939910000000,1,1,0
1,5260,240939910000000,240939924051750,240939939964125,15912375,29964125,14051750,240939920000000,1,1,1
1,5262,240939930000000,240939940164375,240939956091000,15926625,26091000,10164375,240939940000000,1,1,1
1,5263,240939950000000,240939956257500,240939972197875,15940375,22197875,6257500,240939960000000,1,1,0
1,5265,240939960000000,240939972350625,240939988216000,15865375,28216000,12350625,240939970000000,1,1,1
1,5266,240939980000000,240939988373625,240940003121375,14747750,23121375,8373625,240939990000000,1,1,0
1,5268,240939990000000,240940003340500,240940018709625,15369125,28709625,13340500,240940000000000,1,1,1
1,5269,240940010000000,240940018893000,240940034818375,15925375,24818375,8893000,240940020000000,1,1,0
1,5271,240940020000000,240940034992750,240940050907750,15915000,30907750,14992750,240940030000000,1,1,1
1,5273,240940040000000,240940051095125,240940066674375,15579250,26674375,11095125,240940050000000,1,1,1
1,5274,240940060000000,240940066865750,240940082831625,15965875,22831625,6865750,240940070000000,1,1,0
1,5276,240940070000000,240940082970125,240940097296875,14326750,27296875,12970125,240940080000000,1,1,1
1,5277,240940090000000,240940097466625,240940113370500,15903875,23370500,7466625,240940100000000,1,1,0
1,5279,240940100000000,240940113534375,240940129210375,15676000,29210375,13534375,240940110000000,1,1,1
1,5280,240940120000000,240940129364625,240940144604250,15239625,24604250,9364625,240940130000000,1,1,0
1,5282,240940130000000,240940144766875,240940160751250,15984375,30751250,14766875,240940140000000,1,1,1
1,5284,240940150000000,240940160903125,240940176657000,15753875,26657000,10903125,240940160000000,1,1,1
1,5285,240940170000000,240940177606750,240940191502500,13895750,21502500,7606750,240940180000000,1,1,0
1,5287,240940180000000,240940191727500,240940207660625,15933125,27660625,11727500,240940190000000,1,1,1
1,5288,240940200000000,240940207845125,240940223166750,15321625,23166750,7845125,240940210000000,1,1,0
1,5290,240940210000000,240940223339000,240940239277000,15938000,29277000,13339000,240940220000000,1,1,1
1,5291,240940230000000,240940239465875,240940255392125,15926250,25392125,9465875,240940240000000,1,1,0
1,5293,240940240000000,240940255559625,240940270159500,14599875,30159500,15559625,240940250000000,1,1,1
1,5295,240940260000000,240940270318000,240940285302125,14984125,25302125,10318000,240940270000000,1,1,1
1,5296,240940280000000,240940285611500,240940301328500,15717000,21328500,5611500,240940290000000,1,1,0
1,5298,240940290000000,240940301527875,240940317495875,15968000,27495875,11527875,240940300000000,1,1,1
1,5299,240940310000000,240940317678375,240940332933250,15254875,22933250,7678375,240940320000000,1,1,0
1,5301,240940320000000,240940333113750,240940349012750,15899000,29012750,13113750,240940330000000,1,1,1
1,5302,240940340000000,240940349174875,240940365097250,15922375,25097250,9174875,240940350000000,1,1,0
1,5304,240940350000000,240940365255375,240940380477375,15222000,30477375,15255375,240940360000000,1,1,1
1,5306,240940370000000,240940380648250,240940396487625,15839375,26487625,10648250,240940380000000,1,1,1
1,5307,240940390000000,240940396626250,240940411363750,14737500,21363750,6626250,240940400000000,1,1,0
1,5309,240940400000000,240940411596750,240940427018750,15422000,27018750,11596750,240940410000000,1,1,1
1,5310,240940420000000,240940427237875,240940443135875,15898000,23135875,7237875,240940430000000,1,1,0
1,5312,240940430000000,240940443326375,240940459252000,15925625,29252000,13326375,240940440000000,1,1,1
1,5313,240940450000000,240940459436625,240940474279500,14842875,24279500,9436625,240940460000000,1,1,0
1,5315,240940460000000,240940474468875,240940490442875,15974000,30442875,14468875,240940470000000,1,1,1
1,5317,240940480000000,240940490634875,240940505826125,15191250,25826125,10634875,240940490000000,1,1,1
1,5318,240940500000000,240940505999000,240940521117625,15118625,21117625,5999000,240940510000000,1,1,0
1,5320,240940510000000,240940521279750,240940537195125,15915375,27195125,11279750,240940520000000,1,1,1
1,5321,240940530000000,240940537349500,240940553289375,15939875,23289375,7349500,240940540000000,1,1,0
1,5323,240940540000000,240940553462500,240940569352750,15890250,29352750,13462500,240940550000000,1,1,1
1,5324,240940560000000,240940569519250,240940584755500,15236250,24755500,9519250,240940570000000,1,1,0
1,5326,240940570000000,240940585033750,240940600919375,15885625,30919375,15033750,240940580000000,1,1,1
1,5328,240940590000000,240940601111250,240940617083000,15971750,27083000,11111250,240940600000000,1,1,1
1,5329,240940610000000,240940617247000,240940633102875,15855875,23102875,7247000,240940620000000,1,1,0
1,5331,240940620000000,240940633367875,240940649300125,15932250,29300125,13367875,240940630000000,1,1,1
1,5332,240940640000000,240940649480250,240940664717875,15237625,24717875,9480250,240940650000000,1,1,0
1,5334,240940650000000,240940664899625,240940680130375,15230750,30130375,14899625,240940660000000,1,1,1
1,5336,240940670000000,240940680294875,240940696215750,15920875,26215750,10294875,240940680000000,1,1,1
1,5337,240940690000000,240940696378375,240940712297250,15918875,22297250,6378375,240940700000000,1,1,0
1,5339,240940700000000,240940712461375,240940728373375,15912000,28373375,12461375,240940710000000,1,1,1
1,5340,240940720000000,240940728527750,240940744404125,15876375,24404125,8527750,240940730000000,1,1,0
1,5342,240940730000000,240940744564625,240940760470000,15905375,30470000,14564625,240940740000000,1,1,1
1,5344,240940750000000,240940760610500,240940776474750,15864250,26474750,10610500,240940760000000,1,1,1
1,5345,240940770000000,240940776635000,240940791160250,14525250,21160250,6635000,240940780000000,1,1,0
1,5347,240940780000000,240940791472625,240940807394000,15921375,27394000,11472625,240940790000000,1,1,1
1,5348,240940800000000,240940808384750,240940823728750,15344000,23728750,8384750,240940810000000,1,1,0
1,5350,240940810000000,240940823946500,240940839167000,15220500,29167000,13946500,240940820000000,1,1,1
1,5351,240940830000000,240940839399375,240940855285625,15886250,25285625,9399375,240940840000000,1,1,0
1,5353,240940840000000,240940855488750,240940871374875,15886125,31374875,15488750,240940850000000,1,1,1
1,5355,240940860000000,240940871572000,240940886764500,15192500,26764500,11572000,240940870000000,1,1,1
1,5356,240940880000000,240940886943500,240940902857625,15914125,22857625,6943500,240940890000000,1,1,0
1,5358,240940890000000,240940903046000,240940918950375,15904375,28950375,13046000,240940900000000,1,1,1
1,5359,240940910000000,240940919144375,240940934486750,15342375,24486750,9144375,240940920000000,1,1,0
1,5361,240940920000000,240940934679250,240940950275500,15596250,30275500,14679250,240940930000000,1,1,1
1,5363,240940940000000,240940950460125,240940966383875,15923750,26383875,10460125,240940950000000,1,1,1
1,5364,240940960000000,240940966541500,240940980555375,14013875,20555375,6541500,240940970000000,1,1,0
1,5366,240940970000000,240940980718500,240940996500000,15781500,26500000,10718500,240940980000000,1,1,1
1,5367,240940990000000,240940996623250,240941012487000,15863750,22487000,6623250,240941000000000,1,1,0
1,5369,240941000000000,240941012659875,240941028553375,15893500,28553375,12659875,240941010000000,1,1,1
1,5370,240941020000000,240941028825750,240941044077000,15251250,24077000,8825750,240941030000000,1,1,0
1,5372,240941030000000,240941044260500,240941060154625,15894125,30154625,14260500,240941040000000,1,1,1
1,5374,240941050000000,240941060318250,240941076217500,15899250,26217500,10318250,240941060000000,1,1,1
1,5375,240941070000000,240941076359125,240941091545625,15186500,21545625,6359125,240941080000000,1,1,0
1,5377,240941080000000,240941091735500,240941107659875,15924375,27659875,11735500,240941090000000,1,1,1
1,5378,240941100000000,240941107859000,240941123775000,15916000,23775000,7859000,240941110000000,1,1,0
1,5380,240941110000000,240941123971375,240941139327000,15355625,29327000,13971375,240941120000000,1,1,1
1,5381,240941130000000,240941139528125,240941155220125,15692000,25220125,9528125,240941140000000,1,1,0
1,5383,240941140000000,240941155412000,240941171328000,15916000,31328000,15412000,240941150000000,1,1,1
1,5385,240941160000000,240941171512000,240941186797625,15285625,26797625,11512000,240941170000000,1,1,1
1,5386,240941180000000,240941186986500,240941202772125,15785625,22772125,6986500,240941190000000,1,1,0
1,5388,240941190000000,240941202955625,240941218903375,15947750,28903375,12955625,240941200000000,1,1,1
1,5389,240941210000000,240941219091375,240941235019250,15927875,25019250,9091375,240941220000000,1,1,0
1,5391,240941220000000,240941235201125,240941251349000,16147875,31349000,15201125,240941230000000,1,1,1
1,5393,240941240000000,240941251533875,240941267738500,16204625,27738500,11533875,240941250000000,1,1,1
1,5394,240941260000000,240941267956500,240941283873125,15916625,23873125,7956500,240941270000000,1,1,0
1,5396,240941270000000,240941284170375,240941299373750,15203375,29373750,14170375,240941280000000,1,1,1
1,5397,240941290000000,240941299580250,240941315459750,15879500,25459750,9580250,240941300000000,1,1,0
1,5399,240941300000000,240941315629000,240941330257375,14628375,30257375,15629000,240941310000000,1,1,1
1,5401,240941320000000,240941330436875,240941346342750,15905875,26342750,10436875,240941330000000,1,1,1
1,5402,240941340000000,240941346523375,240941362433000,15909625,22433000,6523375,240941350000000,1,1,0
1,5404,240941350000000,240941362613500,240941378530625,15917125,28530625,12613500,240941360000000,1,1,1
1,5405,240941370000000,240941378713625,240941393124250,14410625,23124250,8713625,240941380000000,1,1,0
1,5407,240941380000000,240941393270125,240941408472750,15202625,28472750,13270125,240941390000000,1,1,1
1,5408,240941400000000,240941408619750,240941423337625,14717875,23337625,8619750,240941410000000,1,1,0
1,5410,240941410000000,240941423525625,240941439457250,15931625,29457250,13525625,240941420000000,1,1,1
1,5412,240941430000000,240941440489875,240941456395625,15905750,26395625,10489875,240941440000000,1,1,1
1,5413,240941450000000,240941456577625,240941472549875,15972250,22549875,6577625,240941460000000,1,1,0
1,5415,240941460000000,240941472721875,240941488648000,15926125,28648000,12721875,240941470000000,1,1,1
1,5416,240941480000000,240941488815250,240941503988125,15172875,23988125,8815250,240941490000000,1,1,0
1,5418,240941490000000,240941504183000,240941520118000,15935000,30118000,14183000,240941500000000,1,1,1
1,5420,240941510000000,240941520285000,240941536205375,15920375,26205375,10285000,240941520000000,1,1,1
1,5421,240941530000000,240941536367875,240941552231625,15863750,22231625,6367875,240941540000000,1,1,0
1,5423,240941540000000,240941552514625,240941567797875,15283250,27797875,12514625,240941550000000,1,1,1
1,5424,240941560000000,240941568044250,240941583996000,15951750,23996000,8044250,240941570000000,1,1,0
1,5426,240941570000000,240941584201375,240941599421625,15220250,29421625,14201375,240941580000000,1,1,1
1,5427,240941590000000,240941599610500,240941614934125,15323625,24934125,9610500,240941600000000,1,1,0
1,5429,240941600000000,240941615117625,240941631077125,15959500,31077125,15117625,240941610000000,1,1,1
1,5431,240941620000000,240941631265000,240941645953250,14688250,25953250,11265000,240941630000000,1,1,1
1,5432,240941640000000,240941646086500,240941661926500,15840000,21926500,6086500,240941650000000,1,1,0
1,5434,240941650000000,240941662086875,240941678039125,15952250,28039125,12086875,240941660000000,1,1,1
1,5435,240941670000000,240941678211500,240941692244250,14032750,22244250,8211500,240941680000000,1,1,0
1,5437,240941680000000,240941692422000,240941707546000,15124000,27546000,12422000,240941690000000,1,1,1
1,5438,240941700000000,240941707726125,240941723677250,15951125,23677250,7726125,240941710000000,1,1,0
1,5440,240941710000000,240941724000625,240941739943750,15943125,29943750,14000625,240941720000000,1,1,1
1,5442,240941730000000,240941740166875,240941755472750,15305875,25472750,10166875,240941740000000,1,1,1
1,5443,240941750000000,240941755668000,240941771623625,15955625,21623625,5668000,240941760000000,1,1,0
1,5445,240941760000000,240941771933500,240941786448125,14514625,26448125,11933500,240941770000000,1,1,1
1,5446,240941780000000,240941786662750,240941801921500,15258750,21921500,6662750,240941790000000,1,1,0
1,5448,240941790000000,240941802097750,240941817895125,15797375,27895125,12097750,240941800000000,1,1,1
1,5449,240941810000000,240941818056750,240941833661875,15605125,23661875,8056750,240941820000000,1,1,0
1,5451,240941820000000,240941833854250,240941848983625,15129375,28983625,13854250,240941830000000,1,1,1
1,5452,240941840000000,240941849158375,240941864946500,15788125,24946500,9158375,240941850000000,1,1,0
1,5454,240941850000000,240941865117375,240941880320375,15203000,30320375,15117375,240941860000000,1,1,1
1,5456,240941870000000,240941880484375,240941896379875,15895500,26379875,10484375,240941880000000,1,1,1
1,5457,240941890000000,240941896537125,240941912440875,15903750,22440875,6537125,240941900000000,1,1,0
1,5459,240941900000000,240941912602500,240941928546250,15943750,28546250,12602500,240941910000000,1,1,1
1,5460,240941920000000,240941928704500,240941944633125,15928625,24633125,8704500,240941930000000,1,1,0
1,5462,240941930000000,240941944816625,240941960735625,15919000,30735625,14816625,240941940000000,1,1,1
1,5464,240941950000000,240941960897125,240941976111000,15213875,26111000,10897125,240941960000000,1,1,1
1,5465,240941970000000,240941976276875,240941991430875,15154000,21430875,6276875,240941980000000,1,1,0
1,5467,240941980000000,240941991625375,240942007550750,15925375,27550750,11625375,240941990000000,1,1,1
1,5468,240942000000000,240942007742625,240942023585500,15842875,23585500,7742625,240942010000000,1,1,0
1,5470,240942010000000,240942023785500,240942039622000,15836500,29622000,13785500,240942020000000,1,1,1
1,5471,240942030000000,240942039801625,240942055189625,15388000,25189625,9801625,240942040000000,1,1,0
1,5473,240942040000000,240942056075375,240942072038500,15963125,32038500,16075375,240942050000000,1,1,1
1,5475,240942060000000,240942072206875,240942085785250,13578375,25785250,12206875,240942070000000,1,1,1
1,5476,240942080000000,240942085971250,240942101817000,15845750,21817000,5971250,240942090000000,1,1,0
1,5478,240942090000000,240942101999500,240942116502375,14502875,26502375,11999500,240942100000000,1,1,1
1,5479,240942110000000,240942116666250,240942132615000,15948750,22615000,6666250,240942120000000,1,1,0
1,5481,240942120000000,240942132780500,240942148673625,15893125,28673625,12780500,240942130000000,1,1,1
1,5482,240942140000000,240942148840000,240942164705375,15865375,24705375,8840000,240942150000000,1,1,0
1,5484,240942150000000,240942164984500,240942180056250,15071750,30056250,14984500,240942160000000,1,1,1
1,5486,240942170000000,240942180219750,240942196192000,15972250,26192000,10219750,240942180000000,1,1,1
1,5487,240942190000000,240942196473250,240942211751750,15278500,21751750,6473250,240942200000000,1,1,0
1,5489,240942200000000,240942211977125,240942227138375,15161250,27138375,11977125,240942210000000,1,1,1
1,5490,240942220000000,240942227429250,240942242767000,15337750,22767000,7429250,240942230000000,1,1,0
1,5492,240942230000000,240942242953000,240942256956625,14003625,26956625,12953000,240942240000000,1,1,1
1,5493,240942250000000,240942257113375,240942272286500,15173125,22286500,7113375,240942260000000,1,1,0
1,5495,240942260000000,240942272443875,240942288400750,15956875,28400750,12443875,240942270000000,1,1,1
1,5496,240942280000000,240942288559875,240942304490125,15930250,24490125,8559875,240942290000000,1,1,0
1,5498,240942290000000,240942304646875,240942320500750,15853875,30500750,14646875,240942300000000,1,1,1
1,5500,240942310000000,240942320665750,240942335931375,15265625,25931375,10665750,240942320000000,1,1,1
1,5501,240942330000000,240942336210000,240942352180625,15970625,22180625,6210000,240942340000000,1,1,0
1,5503,240942340000000,240942352368125,240942367584875,15216750,27584875,12368125,240942350000000,1,1,1
1,5504,240942360000000,240942367781000,240942381975500,14194500,21975500,7781000,240942370000000,1,1,0
1,5506,240942370000000,240942382157125,240942398097875,15940750,28097875,12157125,240942380000000,1,1,1
1,5507,240942390000000,240942398266875,240942413882750,15615875,23882750,8266875,240942400000000,1,1,0
1,5509,240942400000000,240942414180875,240942429435250,15254375,29435250,14180875,240942410000000,1,1,1
1,5510,240942420000000,240942429602750,240942445463125,15860375,25463125,9602750,240942430000000,1,1,0
1,5512,240942430000000,240942445628000,240942460898500,15270500,30898500,15628000,240942440000000,1,1,1
1,5514,240942450000000,240942461051375,240942476968750,15917375,26968750,11051375,240942460000000,1,1,1
1,5515,240942470000000,240942477127000,240942493062000,15935000,23062000,7127000,240942480000000,1,1,0
1,5517,240942480000000,240942493214750,240942508941875,15727125,28941875,13214750,240942490000000,1,1,1
1,5518,240942500000000,240942509113125,240942524456875,15343750,24456875,9113125,240942510000000,1,1,0
1,5520,240942510000000,240942524618875,240942540505125,15886250,30505125,14618875,240942520000000,1,1,1
1,5522,240942530000000,240942540664750,240942555839125,15174375,25839125,10664750,240942540000000,1,1,1
1,5523,240942550000000,240942556089875,240942570260375,14170500,20260375,6089875,240942560000000,1,1,0
1,5525,240942560000000,240942570448250,240942585085375,14637125,25085375,10448250,240942570000000,1,1,1
1,5526,240942580000000,240942585250875,240942601182875,15932000,21182875,5250875,240942590000000,1,1,0
1,5528,240942590000000,240942601347000,240942617200500,15853500,27200500,11347000,240942600000000,1,1,1
1,5529,240942610000000,240942617359625,240942633219125,15859500,23219125,7359625,240942620000000,1,1,0
1,5531,240942620000000,240942633381125,240942648651500,15270375,28651500,13381125,240942630000000,1,1,1
1,5532,240942640000000,240942648811125,240942664753500,15942375,24753500,8811125,240942650000000,1,1,0
1,5534,240942650000000,240942664923500,240942680707625,15784125,30707625,14923500,240942660000000,1,1,1
1,5536,240942670000000,240942681604125,240942697606500,16002375,27606500,11604125,240942680000000,1,1,1
1,5537,240942690000000,240942697809875,240942713801625,15991750,23801625,7809875,240942700000000,1,1,0
1,5539,240942700000000,240942713985125,240942729948125,15963000,29948125,13985125,240942710000000,1,1,1
1,5541,240942720000000,240942730132000,240942745952500,15820500,25952500,10132000,240942730000000,1,1,1
1,5542,240942740000000,240942746120375,240942760189375,14069000,20189375,6120375,240942750000000,1,1,0
1,5544,240942750000000,240942760332875,240942775578875,15246000,25578875,10332875,240942760000000,1,1,1
1,5545,240942770000000,240942775764875,240942791663250,15898375,21663250,5764875,240942780000000,1,1,0
1,5547,240942780000000,240942792085375,240942807282250,15196875,27282250,12085375,240942790000000,1,1,1
1,5548,240942800000000,240942807493000,240942823694500,16201500,23694500,7493000,240942810000000,1,1,0
1,5550,240942810000000,240942823906500,240942839719875,15813375,29719875,13906500,240942820000000,1,1,1
1,5551,240942830000000,240942839915125,240942855104625,15189500,25104625,9915125,240942840000000,1,1,0
1,5553,240942840000000,240942855296875,240942871178250,15881375,31178250,15296875,240942850000000,1,1,1
1,5555,240942860000000,240942871362250,240942887257750,15895500,27257750,11362250,240942870000000,1,1,1
1,5556,240942880000000,240942887442625,240942902639500,15196875,22639500,7442625,240942890000000,1,1,0
1,5558,240942890000000,240942902832875,240942918730750,15897875,28730750,12832875,240942900000000,1,1,1
1,5559,240942910000000,240942919028375,240942934974750,15946375,24974750,9028375,240942920000000,1,1,0
1,5561,240942920000000,240942935173250,240942951103000,15929750,31103000,15173250,240942930000000,1,1,1
1,5563,240942940000000,240942951251375,240942966476000,15224625,26476000,11251375,240942950000000,1,1,1
1,5564,240942960000000,240942966647875,240942982108500,15460625,22108500,6647875,240942970000000,1,1,0
1,5566,240942970000000,240942982299750,240942998169125,15869375,28169125,12299750,240942980000000,1,1,1
1,5567,240942990000000,240942998343875,240943014233000,15889125,24233000,8343875,240943000000000,1,1,0
1,5569,240943000000000,240943014375375,240943030004125,15628750,30004125,14375375,240943010000000,1,1,1
1,5571,240943020000000,240943030181875,240943045749375,15567500,25749375,10181875,240943030000000,1,1,1
1,5572,240943040000000,240943045920375,240943060980250,15059875,20980250,5920375,240943050000000,1,1,0
1,5574,240943050000000,240943061136500,240943077065250,15928750,27065250,11136500,240943060000000,1,1,1
1,5575,240943070000000,240943077230250,240943093181375,15951125,23181375,7230250,240943080000000,1,1,0
1,5577,240943080000000,240943093345750,240943109022750,15677000,29022750,13345750,240943090000000,1,1,1
1,5578,240943100000000,240943109181875,240943124493750,15311875,24493750,9181875,240943110000000,1,1,0
1,5580,240943110000000,240943124656375,240943140487375,15831000,30487375,14656375,240943120000000,1,1,1
1,5582,240943130000000,240943140641125,240943155341625,14700500,25341625,10641125,240943140000000,1,1,1
1,5583,240943150000000,240943155540750,240943171473375,15932625,21473375,5540750,240943160000000,1,1,0
1,5585,240943160000000,240943171643750,240943186973625,15329875,26973625,11643750,240943170000000,1,1,1
1,5586,240943180000000,240943187158750,240943202871750,15713000,22871750,7158750,240943190000000,1,1,0
1,5588,240943190000000,240943203046875,240943217234000,14187125,27234000,13046875,240943200000000,1,1,1
1,5589,240943210000000,240943217394500,240943233385750,15991250,23385750,7394500,240943220000000,1,1,0
1,5591,240943220000000,240943233554750,240943248704000,15149250,28704000,13554750,240943230000000,1,1,1
1,5592,240943240000000,240943248867125,240943264930000,16062875,24930000,8867125,240943250000000,1,1,0
1,5594,240943250000000,240943265166250,240943280892875,15726625,30892875,15166250,240943260000000,1,1,1
1,5596,240943270000000,240943281073500,240943296986500,15913000,26986500,11073500,240943280000000,1,1,1
1,5597,240943290000000,240943297916750,240943313924500,16007750,23924500,7916750,240943300000000,1,1,0
1,5599,240943300000000,240943314130500,240943328905125,14774625,28905125,14130500,240943310000000,1,1,1
1,5600,240943320000000,240943329074500,240943344853875,15779375,24853875,9074500,240943330000000,1,1,0
1,5602,240943330000000,240943345012875,240943360284375,15271500,30284375,15012875,240943340000000,1,1,1
1,5604,240943350000000,240943360436625,240943375813000,15376375,25813000,10436625,240943360000000,1,1,1
1,5605,240943370000000,240943376044750,240943390709250,14664500,20709250,6044750,240943380000000,1,1,0
1,5607,240943380000000,240943390893125,240943406808625,15915500,26808625,10893125,240943390000000,1,1,1
1,5608,240943400000000,240943407112750,240943422212875,15100125,22212875,7112750,240943410000000,1,1,0
1,5610,240943410000000,240943422413000,240943437009500,14596500,27009500,12413000,240943420000000,1,1,1
1,5611,240943430000000,240943437179375,240943452960250,15780875,22960250,7179375,240943440000000,1,1,0
1,5613,240943440000000,240943453115875,240943467386000,14270125,27386000,13115875,240943450000000,1,1,1
1,5614,240943460000000,240943467595375,240943483540625,15945250,23540625,7595375,240943470000000,1,1,0
1,5616,240943470000000,240943483758375,240943499629875,15871500,29629875,13758375,240943480000000,1,1,1
1,5617,240943490000000,240943499813500,240943515756375,15942875,25756375,9813500,240943500000000,1,1,0
1,5619,240943500000000,240943515951625,240943530604625,14653000,30604625,15951625,240943510000000,1,1,1
1,5621,240943520000000,240943530780375,240943546674000,15893625,26674000,10780375,240943530000000,1,1,1
1,5622,240943540000000,240943546844250,240943562776875,15932625,22776875,6844250,240943550000000,1,1,0
1,5624,240943550000000,240943562966250,240943578314250,15348000,28314250,12966250,240943560000000,1,1,1
1,5625,240943570000000,240943578485250,240943594316750,15831500,24316750,8485250,240943580000000,1,1,0
1,5627,240943580000000,240943594605250,240943610492500,15887250,30492500,14605250,240943590000000,1,1,1
1,5629,240943600000000,240943610676500,240943626640875,15964375,26640875,10676500,240943610000000,1,1,1
1,5630,240943620000000,240943626809125,240943642092875,15283750,22092875,6809125,240943630000000,1,1,0
1,5632,240943630000000,240943642248125,240943657972375,15724250,27972375,12248125,240943640000000,1,1,1
1,5633,240943650000000,240943658126875,240943674058625,15931750,24058625,8126875,240943660000000,1,1,0
1,5635,240943660000000,240943674231875,240943689872250,15640375,29872250,14231875,240943670000000,1,1,1
1,5637,240943680000000,240943690056250,240943705936000,15879750,25936000,10056250,240943690000000,1,1,1
1,5638,240943700000000,240943706099125,240943722010250,15911125,22010250,6099125,240943710000000,1,1,0
1,5640,240943710000000,240943722188875,240943736188750,13999875,26188750,12188875,240943720000000,1,1,1
1,5641,240943730000000,240943736370250,240943751145750,14775500,21145750,6370250,240943740000000,1,1,0
1,5643,240943740000000,240943751337500,240943765537875,14200375,25537875,11337500,240943750000000,1,1,1
1,5644,240943760000000,240943765704750,240943780998625,15293875,20998625,5704750,240943770000000,1,1,0
1,5646,240943770000000,240943781157750,240943797024000,15866250,27024000,11157750,240943780000000,1,1,1
1,5647,240943790000000,240943797180750,240943811480000,14299250,21480000,7180750,240943800000000,1,1,0
1,5649,240943800000000,240943811707375,240943827641500,15934125,27641500,11707375,240943810000000,1,1,1
1,5650,240943820000000,240943827837750,240943843699625,15861875,23699625,7837750,240943830000000,1,1,0
1,5652,240943830000000,240943843898250,240943859199875,15301625,29199875,13898250,240943840000000,1,1,1
1,5653,240943850000000,240943859416250,240943874659375,15243125,24659375,9416250,240943860000000,1,1,0
1,5655,240943860000000,240943874855875,240943890729500,15873625,30729500,14855875,240943870000000,1,1,1
1,5657,240943880000000,240943890906750,240943904781375,13874625,24781375,10906750,240943890000000,1,1,1
1,5658,240943900000000,240943904941500,240943920904250,15962750,20904250,4941500,240943910000000,1,0,0
1,5660,240943910000000,240943921762250,240943936460875,14698625,26460875,11762250,240943920000000,1,1,1
1,5661,240943930000000,240943936657625,240943952470500,15812875,22470500,6657625,240943940000000,1,1,0
1,5663,240943940000000,240943952639625,240943967919750,15280125,27919750,12639625,240943950000000,1,1,1
1,5664,240943960000000,240943968096250,240943984056875,15960625,24056875,8096250,240943970000000,1,1,0
1,5666,240943970000000,240943984224250,240943999492625,15268375,29492625,14224250,240943980000000,1,1,1
1,5667,240943990000000,240943999695250,240944015605375,15910125,25605375,9695250,240944000000000,1,1,0
1,5669,240944000000000,240944015784500,240944031701125,15916625,31701125,15784500,240944010000000,1,1,1
1,5671,240944020000000,240944031897875,240944047824000,15926125,27824000,11897875,240944030000000,1,1,1
1,5672,240944040000000,240944048047625,240944063824500,15776875,23824500,8047625,240944050000000,1,1,0
1,5674,240944050000000,240944064095375,240944080046500,15951125,30046500,14095375,240944060000000,1,1,1
1,5676,240944070000000,240944080210000,240944095436125,15226125,25436125,10210000,240944080000000,1,1,1
1,5677,240944090000000,240944095609375,240944110111625,14502250,20111625,5609375,240944100000000,1,1,0
1,5679,240944100000000,240944110287000,240944125564125,15277125,25564125,10287000,240944110000000,1,1,1
1,5680,240944120000000,240944125737375,240944140358750,14621375,20358750,5737375,240944130000000,1,1,0
1,5682,240944130000000,240944140512125,240944156458375,15946250,26458375,10512125,240944140000000,1,1,1
1,5683,240944150000000,240944156565750,240944171781500,15215750,21781500,6565750,240944160000000,1,1,0
1,5685,240944160000000,240944171973875,240944187231500,15257625,27231500,11973875,240944170000000,1,1,1
1,5686,240944180000000,240944187412250,240944203320375,15908125,23320375,7412250,240944190000000,1,1,0
1,5688,240944190000000,240944203515250,240944218995875,15480625,28995875,13515250,240944200000000,1,1,1
1,5689,240944210000000,240944219180875,240944233737000,14556125,23737000,9180875,240944220000000,1,1,0
1,5691,240944220000000,240944233902250,240944248596125,14693875,28596125,13902250,240944230000000,1,1,1
1,5692,240944240000000,240944248771125,240944264631625,15860500,24631625,8771125,240944250000000,1,1,0
1,5694,240944250000000,240944264788750,240944279220375,14431625,29220375,14788750,240944260000000,1,1,1
1,5695,240944270000000,240944279387250,240944295327625,15940375,25327625,9387250,240944280000000,1,1,0
1,5697,240944280000000,240944295509375,240944310339500,14830125,30339500,15509375,240944290000000,1,1,1
1,5699,240944300000000,240944310525500,240944326496250,15970750,26496250,10525500,240944310000000,1,1,1
1,5700,240944320000000,240944326791500,240944341851125,15059625,21851125,6791500,240944330000000,1,1,0
1,5702,240944330000000,240944342045375,240944357277125,15231750,27277125,12045375,240944340000000,1,1,1
1,5703,240944350000000,240944357455250,240944372064000,14608750,22064000,7455250,240944360000000,1,1,0
1,5705,240944360000000,240944372227625,240944388095250,15867625,28095250,12227625,240944370000000,1,1,1
1,5706,240944380000000,240944388249875,240944402710375,14460500,22710375,8249875,240944390000000,1,1,0
1,5708,240944390000000,240944402906875,240944418833250,15926375,28833250,12906875,240944400000000,1,1,1
1,5709,240944410000000,240944419018875,240944434317500,15298625,24317500,9018875,240944420000000,1,1,0
1,5711,240944420000000,240944434500500,240944449745625,15245125,29745625,14500500,240944430000000,1,1,1
1,5712,240944440000000,240944449920250,240944463945375,14025125,23945375,9920250,240944450000000,1,1,0
1,5714,240944450000000,240944464158875,240944480120125,15961250,30120125,14158875,240944460000000,1,1,1
1,5716,240944470000000,240944480299000,240944496148500,15849500,26148500,10299000,240944480000000,1,1,1
1,5717,240944490000000,240944496301125,240944512306000,16004875,22306000,6301125,240944500000000,1,1,0
1,5719,240944500000000,240944512473875,240944527372500,14898625,27372500,12473875,240944510000000,1,1,1
1,5720,240944520000000,240944528346250,240944542225750,13879500,22225750,8346250,240944530000000,1,1,0
1,5722,240944530000000,240944542411875,240944558252500,15840625,28252500,12411875,240944540000000,1,1,1
1,5723,240944550000000,240944558418000,240944574356000,15938000,24356000,8418000,240944560000000,1,1,0
1,5725,240944560000000,240944574526875,240944590449250,15922375,30449250,14526875,240944570000000,1,1,1
1,5727,240944580000000,240944590626625,240944606453125,15826500,26453125,10626625,240944590000000,1,1,1
1,5728,240944600000000,240944606815375,240944622693250,15877875,22693250,6815375,240944610000000,1,1,0
1,5730,240944610000000,240944622896375,240944638826875,15930500,28826875,12896375,240944620000000,1,1,1
1,5731,240944630000000,240944639011000,240944653629375,14618375,23629375,9011000,240944640000000,1,1,0
1,5733,240944640000000,240944653791875,240944669626000,15834125,29626000,13791875,240944650000000,1,1,1
1,5734,240944660000000,240944669806000,240944684606500,14800500,24606500,9806000,240944670000000,1,1,0
1,5736,240944670000000,240944684790625,240944699571500,14780875,29571500,14790625,240944680000000,1,1,1
1,5737,240944690000000,240944699776125,240944714039375,14263250,24039375,9776125,240944700000000,1,1,0
1,5739,240944700000000,240944714202875,240944729460625,15257750,29460625,14202875,240944710000000,1,1,1
1,5740,240944720000000,240944729627750,240944744830125,15202375,24830125,9627750,240944730000000,1,1,0
1,5742,240944730000000,240944744977625,240944760382625,15405000,30382625,14977625,240944740000000,1,1,1
1,5744,240944750000000,240944760564625,240944776483125,15918500,26483125,10564625,240944760000000,1,1,1
1,5745,240944770000000,240944776649500,240944791921375,15271875,21921375,6649500,240944780000000,1,1,0
1,5747,240944780000000,240944792105375,240944807963500,15858125,27963500,12105375,240944790000000,1,1,1
1,5748,240944800000000,240944808143375,240944822301250,14157875,22301250,8143375,240944810000000,1,1,0
1,5750,240944810000000,240944822478000,240944838752625,16274625,28752625,12478000,240944820000000,1,1,1
1,5751,240944830000000,240944838958625,240944854756125,15797500,24756125,8958625,240944840000000,1,1,0
1,5753,240944840000000,240944854932250,240944869589250,14657000,29589250,14932250,240944850000000,1,1,1
1,5754,240944860000000,240944869752375,240944885629375,15877000,25629375,9752375,240944870000000,1,1,0
1,5756,240944870000000,240944885811000,240944901096875,15285875,31096875,15811000,240944880000000,1,1,1
1,5758,240944890000000,240944901250875,240944916451875,15201000,26451875,11250875,240944900000000,1,1,1
1,5759,240944910000000,240944916610875,240944932544500,15933625,22544500,6610875,240944920000000,1,1,0
1,5761,240944920000000,240944932705125,240944947979000,15273875,27979000,12705125,240944930000000,1,1,1
1,5762,240944940000000,240944948185000,240944964114125,15929125,24114125,8185000,240944950000000,1,1,0
1,5764,240944950000000,240944964273750,240944978894125,14620375,28894125,14273750,240944960000000,1,1,1
1,5765,240944970000000,240944979100250,240944995075750,15975500,25075750,9100250,240944980000000,1,1,0
1,5767,240944980000000,240944995245625,240945010477375,15231750,30477375,15245625,240944990000000,1,1,1
1,5769,240945000000000,240945010671750,240945026033750,15362000,26033750,10671750,240945010000000,1,1,1
1,5770,240945020000000,240945026223250,240945042167500,15944250,22167500,6223250,240945030000000,1,1,0
1,5772,240945030000000,240945042345625,240945058319375,15973750,28319375,12345625,240945040000000,1,1,1
1,5773,240945050000000,240945058521000,240945074475875,15954875,24475875,8521000,240945060000000,1,1,0
1,5775,240945060000000,240945074653625,240945090110875,15457250,30110875,14653625,240945070000000,1,1,1
1,5777,240945080000000,240945090277375,240945105381875,15104500,25381875,10277375,240945090000000,1,1,1
1,5778,240945100000000,240945105559250,240945121481375,15922125,21481375,5559250,240945110000000,1,1,0
1,5780,240945110000000,240945121649375,240945137529250,15879875,27529250,11649375,240945120000000,1,1,1
1,5781,240945130000000,240945137684375,240945153564875,15880500,23564875,7684375,240945140000000,1,1,0
1,5783,240945140000000,240945154477625,240945170423125,15945500,30423125,14477625,240945150000000,1,1,1
1,5785,240945160000000,240945170604750,240945185925875,15321125,25925875,10604750,240945170000000,1,1,1
1,5786,240945180000000,240945186086375,240945201960625,15874250,21960625,6086375,240945190000000,1,1,0
1,5788,240945190000000,240945202135750,240945217277375,15141625,27277375,12135750,240945200000000,1,1,1
1,5789,240945210000000,240945217455000,240945233372125,15917125,23372125,7455000,240945220000000,1,1,0
1,5791,240945220000000,240945233674250,240945249464875,15790625,29464875,13674250,240945230000000,1,1,1
1,5792,240945240000000,240945249647250,240945264788500,15141250,24788500,9647250,240945250000000,1,1,0
1,5794,240945250000000,240945264947000,240945280882625,15935625,30882625,14947000,240945260000000,1,1,1
1,5796,240945270000000,240945281016250,240945296794750,15778500,26794750,11016250,240945280000000,1,1,1
1,5797,240945290000000,240945296964125,240945312552625,15588500,22552625,6964125,240945300000000,1,1,0
1,5799,240945300000000,240945313359625,240945328781625,15422000,28781625,13359625,240945310000000,1,1,1
1,5800,240945320000000,240945328972875,240945344267750,15294875,24267750,8972875,240945330000000,1,1,0
1,5802,240945330000000,240945344437625,240945360318500,15880875,30318500,14437625,240945340000000,1,1,1
1,5804,240945350000000,240945360490375,240945375874500,15384125,25874500,10490375,240945360000000,1,1,1
1,5805,240945370000000,240945376065250,240945391830625,15765375,21830625,6065250,240945380000000,1,1,0
1,5807,240945380000000,240945392025750,240945406218375,14192625,26218375,12025750,240945390000000,1,1,1
1,5808,240945400000000,240945407075125,240945422280625,15205500,22280625,7075125,240945410000000,1,1,0
1,5810,240945410000000,240945422454875,240945438351375,15896500,28351375,12454875,240945420000000,1,1,1
1,5811,240945430000000,240945438521250,240945453170500,14649250,23170500,8521250,240945440000000,1,1,0
1,5813,240945440000000,240945453333000,240945469201750,15868750,29201750,13333000,240945450000000,1,1,1
1,5814,240945460000000,240945469368750,240945485025000,15656250,25025000,9368750,240945470000000,1,1,0
1,5816,240945470000000,240945485157875,240945501045000,15887125,31045000,15157875,240945480000000,1,1,1
1,5818,240945490000000,240945501195875,240945515179000,13983125,25179000,11195875,240945500000000,1,1,1
1,5819,240945510000000,240945515380625,240945530200625,14820000,20200625,5380625,240945520000000,1,1,0
1,5821,240945520000000,240945530378750,240945546268375,15889625,26268375,10378750,240945530000000,1,1,1
1,5822,240945540000000,240945546442625,240945562387875,15945250,22387875,6442625,240945550000000,1,1,0
1,5824,240945550000000,240945562582125,240945578446000,15863875,28446000,12582125,240945560000000,1,1,1
1,5825,240945570000000,240945578615375,240945594543125,15927750,24543125,8615375,240945580000000,1,1,0
1,5827,240945580000000,240945594721750,240945609965375,15243625,29965375,14721750,240945590000000,1,1,1
1,5829,240945600000000,240945610136625,240945626063500,15926875,26063500,10136625,240945610000000,1,1,1
1,5830,240945620000000,240945626366125,240945641936500,15570375,21936500,6366125,240945630000000,1,1,0
1,5832,240945630000000,240945642128000,240945657998500,15870500,27998500,12128000,240945640000000,1,1,1
1,5833,240945650000000,240945658163125,240945674117125,15954000,24117125,8163125,240945660000000,1,1,0
1,5835,240945660000000,240945674415000,240945690219500,15804500,30219500,14415000,240945670000000,1,1,1
1,5837,240945680000000,240945690398750,240945705354000,14955250,25354000,10398750,240945690000000,1,1,1
1,5838,240945700000000,240945705530500,240945720247625,14717125,20247625,5530500,240945710000000,1,1,0
1,5840,240945710000000,240945720413125,240945736342500,15929375,26342500,10413125,240945720000000,1,1,1
1,5841,240945730000000,240945736505875,240945752407250,15901375,22407250,6505875,240945740000000,1,1,0
1,5843,240945740000000,240945752577625,240945768477000,15899375,28477000,12577625,240945750000000,1,1,1
1,5844,240945760000000,240945769428000,240945784707750,15279750,24707750,9428000,240945770000000,1,1,0
1,5846,240945770000000,240945784905500,240945800811625,15906125,30811625,14905500,240945780000000,1,1,1
1,5848,240945790000000,240945800978125,240945816189125,15211000,26189125,10978125,240945800000000,1,1,1
1,5849,240945810000000,240945816343375,240945832579375,16236000,22579375,6343375,240945820000000,1,1,0
1,5851,240945820000000,240945832769625,240945848136375,15366750,28136375,12769625,240945830000000,1,1,1
1,5852,240945840000000,240945848277375,240945863510250,15232875,23510250,8277375,240945850000000,1,1,0
1,5854,240945850000000,240945863703000,240945878078000,14375000,28078000,13703000,240945860000000,1,1,1
1,5855,240945870000000,240945878258250,240945893404625,15146375,23404625,8258250,240945880000000,1,1,0
1,5857,240945880000000,240945893612125,240945909307500,15695375,29307500,13612125,240945890000000,1,1,1
1,5858,240945900000000,240945909493500,240945924881875,15388375,24881875,9493500,240945910000000,1,1,0
1,5860,240945910000000,240945925052750,240945940454000,15401250,30454000,15052750,240945920000000,1,1,1
1,5862,240945930000000,240945940612625,240945956462250,15849625,26462250,10612625,240945940000000,1,1,1
1,5863,240945950000000,240945956742500,240945971112625,14370125,21112625,6742500,240945960000000,1,1,0
1,5865,240945960000000,240945971307750,240945986533750,15226000,26533750,11307750,240945970000000,1,1,1
1,5866,240945980000000,240945986716875,240946002572250,15855375,22572250,6716875,240945990000000,1,1,0
1,5868,240945990000000,240946002762625,240946017512875,14750250,27512875,12762625,240946000000000,1,1,1
1,5869,240946010000000,240946017680875,240946033541750,15860875,23541750,7680875,240946020000000,1,1,0
1,5871,240946020000000,240946033706125,240946049669000,15962875,29669000,13706125,240946030000000,1,1,1
1,5872,240946040000000,240946049838875,240946065739375,15900500,25739375,9838875,240946050000000,1,1,0
1,5874,240946050000000,240946065893625,240946080439375,14545750,30439375,15893625,240946060000000,1,1,1
1,5876,240946070000000,240946080588250,240946096411500,15823250,26411500,10588250,240946080000000,1,1,1
1,5877,240946090000000,240946096536375,240946112343125,15806750,22343125,6536375,240946100000000,1,1,0
1,5879,240946100000000,240946112511125,240946128403625,15892500,28403625,12511125,240946110000000,1,1,1
1,5880,240946120000000,240946128551500,240946144488750,15937250,24488750,8551500,240946130000000,1,1,0
1,5882,240946130000000,240946144651750,240946160499250,15847500,30499250,14651750,240946140000000,1,1,1
1,5884,240946150000000,240946160769250,240946176090000,15320750,26090000,10769250,240946160000000,1,1,1
1,5885,240946170000000,240946176273375,240946191468125,15194750,21468125,6273375,240946180000000,1,1,0
1,5887,240946180000000,240946191666000,240946207572125,15906125,27572125,11666000,240946190000000,1,1,1
1,5888,240946200000000,240946207783500,240946223732250,15948750,23732250,7783500,240946210000000,1,1,0
1,5890,240946210000000,240946223946000,240946239828875,15882875,29828875,13946000,240946220000000,1,1,1
1,5892,240946230000000,240946240044125,240946255924000,15879875,25924000,10044125,240946240000000,1,1,1
1,5893,240946250000000,240946256177250,240946271878000,15700750,21878000,6177250,240946260000000,1,1,0
1,5895,240946260000000,240946272053375,240946282448500,10395125,22448500,12053375,240946270000000,1,1,1
1,5896,240946280000000,240946282529750,240946288363875,5834125,8363875,2529750,240946290000000,0,0,0
1,5897,240946290000000,240946290067750,240946295387375,5319625,5387375,67750,240946300000000,0,0,0
1,5898,240946300000000,240946300092875,240946305661250,5568375,5661250,92875,240946310000000,0,0,0
1,5899,240946310000000,240946310069750,240946315692125,5622375,5692125,69750,240946320000000,0,0,0
1,5900,240946320000000,240946320074000,240946325635500,5561500,5635500,74000,240946330000000,0,0,0
1,5901,240946330000000,240946330103500,240946335804500,5701000,5804500,103500,240946340000000,0,0,0
1,5902,240946340000000,240946340108000,240946345668875,5560875,5668875,108000,240946350000000,0,0,0
1,5903,240946350000000,240946350107250,240946355610750,5503500,5610750,107250,240946360000000,0,0,0
1,5904,240946360000000,240946360102250,240946365645000,5542750,5645000,102250,240946370000000,0,0,0
1,5905,240946370000000,240946370093250,240946375675625,5582375,5675625,93250,240946380000000,0,0,0
1,5906,240946380000000,240946380100750,240946385597750,5497000,5597750,100750,240946390000000,0,0,0
1,5907,240946390000000,240946390101750,240946395739375,5637625,5739375,101750,240946400000000,0,0,0
1,5908,240946400000000,240946400105625,240946405578500,5472875,5578500,105625,240946410000000,0,0,0
1,5909,240946410000000,240946410100125,240946415595375,5495250,5595375,100125,240946420000000,0,0,0
1,5910,240946420000000,240946420105125,240946425575125,5470000,5575125,105125,240946430000000,0,0,0
1,5911,240946430000000,240946430098250,240946435534625,5436375,5534625,98250,240946440000000,0,0,0
1,5912,240946440000000,240946440087375,240946445475375,5388000,5475375,87375,240946450000000,0,0,0
1,5913,240946450000000,240946450084250,240946455554125,5469875,5554125,84250,240946460000000,0,0,0
1,5914,240946460000000,240946460104250,240946465520250,5416000,5520250,104250,240946470000000,0,0,0
1,5915,240946470000000,240946470116250,240946475531375,5415125,5531375,116250,240946480000000,0,0,0
1,5916,240946480000000,240946480104250,240946485541750,5437500,5541750,104250,240946490000000,0,0,0
1,5917,240946490000000,240946490118625,240946495333500,5214875,5333500,118625,240946500000000,0,0,0
1,5918,240946500000000,240946500108750,240946505701500,5592750,5701500,108750,240946510000000,0,0,0
1,5919,240946510000000,240946510078375,240946515730375,5652000,5730375,78375,240946520000000,0,0,0
1,5920,240946520000000,240946520098625,240946525808750,5710125,5808750,98625,240946530000000,0,0,0
1,5921,240946530000000,240946530104125,240946535693250,5589125,5693250,104125,240946540000000,0,0,0
1,5922,240946540000000,240946540091000,240946545709375,5618375,5709375,91000,240946550000000,0,0,0
1,5923,240946550000000,240946550107250,240946555646250,5539000,5646250,107250,240946560000000,0,0,0
1,5924,240946560000000,240946560127500,240946565733875,5606375,5733875,127500,240946570000000,0,0,0
1,5925,240946570000000,240946570106375,240946575680250,5573875,5680250,106375,240946580000000,0,0,0
1,5926,240946580000000,240946580129375,240946585650000,5520625,5650000,129375,240946590000000,0,0,0
1,5927,240946590000000,240946590105375,240946595802250,5696875,5802250,105375,240946600000000,0,0,0
1,5928,240946600000000,240946600109875,240946605704500,5594625,5704500,109875,240946610000000,0,0,0
1,5929,240946610000000,240946610111375,240946615730500,5619125,5730500,111375,240946620000000,0,0,0
1,5930,240946620000000,240946620108125,240946625654750,5546625,5654750,108125,240946630000000,0,0,0
1,5931,240946630000000,240946630102625,240946635706125,5603500,5706125,102625,240946640000000,0,0,0
1,5932,240946640000000,240946640109750,240946645734000,5624250,5734000,109750,240946650000000,0,0,0
1,5933,240946650000000,240946650100000,240946655670875,5570875,5670875,100000,240946660000000,0,0,0
1,5934,240946660000000,240946660113625,240946665724125,5610500,5724125,113625,240946670000000,0,0,0
1,5935,240946670000000,240946670119250,240946675772750,5653500,5772750,119250,240946680000000,0,0,0
1,5936,240946680000000,240946680111625,240946685936375,5824750,5936375,111625,240946690000000,0,0,0
1,5937,240946690000000,240946690124750,240946695977250,5852500,5977250,124750,240946700000000,0,0,0
1,5938,240946700000000,240946700095875,240946705846250,5750375,5846250,95875,240946710000000,0,0,0
1,5939,240946710000000,240946710070125,240946715694750,5624625,5694750,70125,240946720000000,0,0,0
1,5940,240946720000000,240946720111875,240946725612625,5500750,5612625,111875,240946730000000,0,0,0
1,5941,240946730000000,240946730104125,240946735718625,5614500,5718625,104125,240946740000000,0,0,0
1,5942,240946740000000,240946740115250,240946745734000,5618750,5734000,115250,240946750000000,0,0,0
1,5943,240946750000000,240946750103500,240946755717000,5613500,5717000,103500,240946760000000,0,0,0
1,5944,240946760000000,240946760086750,240946765616375,5529625,5616375,86750,240946770000000,0,0,0
1,5945,240946770000000,240946770108250,240946775752250,5644000,5752250,108250,240946780000000,0,0,0
1,5946,240946780000000,240946780127000,240946785654375,5527375,5654375,127000,240946790000000,0,0,0
1,5947,240946790000000,240946790107875,240946795677750,5569875,5677750,107875,240946800000000,0,0,0
1,5948,240946800000000,240946800103375,240946805694500,5591125,5694500,103375,240946810000000,0,0,0
1,5949,240946810000000,240946810104625,240946815873000,5768375,5873000,104625,240946820000000,0,0,0
1,5950,240946820000000,240946820116500,240946825820875,5704375,5820875,116500,240946830000000,0,0,0
1,5951,240946830000000,240946830105500,240946835765125,5659625,5765125,105500,240946840000000,0,0,0
1,5952,240946840000000,240946840111125,240946845910500,5799375,5910500,111125,240946850000000,0,0,0
1,5953,240946850000000,240946850103125,240946855793750,5690625,5793750,103125,240946860000000,0,0,0
1,5954,240946860000000,240946860113250,240946865760500,5647250,5760500,113250,240946870000000,0,0,0
1,5955,240946870000000,240946870122250,240946875738875,5616625,5738875,122250,240946880000000,0,0,0
1,5956,240946880000000,240946880112625,240946885589875,5477250,5589875,112625,240946890000000,0,0,0
1,5957,240946890000000,240946890126250,240946895798250,5672000,5798250,126250,240946900000000,0,0,0
1,5958,240946900000000,240946900107750,240946905740750,5633000,5740750,107750,240946910000000,0,0,0
1,5959,240946910000000,240946910105500,240946915830875,5725375,5830875,105500,240946920000000,0,0,0
1,5960,240946920000000,240946920115000,240946925921375,5806375,5921375,115000,240946930000000,0,0,0
1,5961,240946930000000,240946930109750,240946935862625,5752875,5862625,109750,240946940000000,0,0,0
1,5962,240946940000000,240946940112750,240946945863250,5750500,5863250,112750,240946950000000,0,0,0
1,5963,240946950000000,240946950104750,240946955791375,5686625,5791375,104750,240946960000000,0,0,0
1,5964,240946960000000,240946960108875,240946965793750,5684875,5793750,108875,240946970000000,0,0,0
1,5965,240946970000000,240946970103875,240946975796500,5692625,5796500,103875,240946980000000,0,0,0
1,5966,240946980000000,240946980107000,240946985791875,5684875,5791875,107000,240946990000000,0,0,0
1,5967,240946990000000,240946990106500,240946995744125,5637625,5744125,106500,240947000000000,0,0,0
1,5968,240947000000000,240947000129750,240947005740375,5610625,5740375,129750,240947010000000,0,0,0
1,5969,240947010000000,240947010102750,240947015797875,5695125,5797875,102750,240947020000000,0,0,0
1,5970,240947020000000,240947020125500,240947025696125,5570625,5696125,125500,240947030000000,0,0,0
1,5971,240947030000000,240947030102750,240947035801625,5698875,5801625,102750,240947040000000,0,0,0
1,5972,240947040000000,240947040114500,240947045650000,5535500,5650000,114500,240947050000000,0,0,0
1,5973,240947050000000,240947050111625,240947055780250,5668625,5780250,111625,240947060000000,0,0,0
1,5974,240947060000000,240947060111875,240947065921750,5809875,5921750,111875,240947070000000,0,0,0
1,5975,240947070000000,240947070105625,240947075771250,5665625,5771250,105625,240947080000000,0,0,0
1,5976,240947080000000,240947080112500,240947086063625,5951125,6063625,112500,240947090000000,0,0,0
1,5977,240947090000000,240947090101500,240947095841625,5740125,5841625,101500,240947100000000,0,0,0
1,5978,240947100000000,240947100111875,240947105937125,5825250,5937125,111875,240947110000000,0,0,0
1,5979,240947110000000,240947110124250,240947115845750,5721500,5845750,124250,240947120000000,0,0,0
1,5980,240947120000000,240947120073125,240947125804625,5731500,5804625,73125,240947130000000,0,0,0
1,5981,240947130000000,240947130109375,240947135803625,5694250,5803625,109375,240947140000000,0,0,0
1,5982,240947140000000,240947140111625,240947145771625,5660000,5771625,111625,240947150000000,0,0,0
1,5983,240947150000000,240947150106375,240947155701750,5595375,5701750,106375,240947160000000,0,0,0
1,5984,240947160000000,240947160110125,240947165714750,5604625,5714750,110125,240947170000000,0,0,0
1,5985,240947170000000,240947170062125,240947175570500,5508375,5570500,62125,240947180000000,0,0,0
1,5986,240947180000000,240947180128250,240947185661375,5533125,5661375,128250,240947190000000,0,0,0
1,5987,240947190000000,240947190106375,240947195608000,5501625,5608000,106375,240947200000000,0,0,0
1,5988,240947200000000,240947200111500,240947205660750,5549250,5660750,111500,240947210000000,0,0,0
1,5989,240947210000000,240947210105875,240947215720500,5614625,5720500,105875,240947220000000,0,0,0
1,5990,240947220000000,240947220112500,240947225708375,5595875,5708375,112500,240947230000000,0,0,0
1,5991,240947230000000,240947230069250,240947235635625,5566375,5635625,69250,240947240000000,0,0,0
1,5992,240947240000000,240947240112000,240947245759500,5647500,5759500,112000,240947250000000,0,0,0
1,5993,240947250000000,240947250104875,240947255729000,5624125,5729000,104875,240947260000000,0,0,0
1,5994,240947260000000,240947260115000,240947265912250,5797250,5912250,115000,240947270000000,0,0,0
1,5995,240947270000000,240947270102250,240947275731500,5629250,5731500,102250,240947280000000,0,0,0
1,5996,240947280000000,240947280107250,240947285652125,5544875,5652125,107250,240947290000000,0,0,0
1,5997,240947290000000,240947290128250,240947295960500,5832250,5960500,128250,240947300000000,0,0,0
1,5998,240947300000000,240947300093125,240947305709500,5616375,5709500,93125,240947310000000,0,0,0
1,5999,240947310000000,240947310105000,240947315756750,5651750,5756750,105000,240947320000000,0,0,0
