run_id,job_id,planned_release_ns,actual_start_ns,finish_ns,execution_time_ns,response_time_ns,release_jitter_ns,deadline_ns,deadline_miss,overrun,skipped_release
1,0,242621750000000,242621750063125,242621756059375,5996250,6059375,63125,242621760000000,0,0,0
1,1,242621760000000,242621760034750,242621765993875,5959125,5993875,34750,242621770000000,0,0,0
1,2,242621770000000,242621770114500,242621776264125,6149625,6264125,114500,242621780000000,0,0,0
1,3,242621780000000,242621780071000,242621786037125,5966125,6037125,71000,242621790000000,0,0,0
1,4,242621790000000,242621790105625,242621796216500,6110875,6216500,105625,242621800000000,0,0,0
1,5,242621800000000,242621800084875,242621806159375,6074500,6159375,84875,242621810000000,0,0,0
1,6,242621810000000,242621810086250,242621816181250,6095000,6181250,86250,242621820000000,0,0,0
1,7,242621820000000,242621820070875,242621826106375,6035500,6106375,70875,242621830000000,0,0,0
1,8,242621830000000,242621830086125,242621836108500,6022375,6108500,86125,242621840000000,0,0,0
1,9,242621840000000,242621840086750,242621846075875,5989125,6075875,86750,242621850000000,0,0,0
1,10,242621850000000,242621850087500,242621856134750,6047250,6134750,87500,242621860000000,0,0,0
1,11,242621860000000,242621860081000,242621865360875,5279875,5360875,81000,242621870000000,0,0,0
1,12,242621870000000,242621870086000,242621876148375,6062375,6148375,86000,242621880000000,0,0,0
1,13,242621880000000,242621880073375,242621886078625,6005250,6078625,73375,242621890000000,0,0,0
1,14,242621890000000,242621890089250,242621896156125,6066875,6156125,89250,242621900000000,0,0,0
1,15,242621900000000,242621900096500,242621906074125,5977625,6074125,96500,242621910000000,0,0,0
1,16,242621910000000,242621910089500,242621915601625,5512125,5601625,89500,242621920000000,0,0,0
1,17,242621920000000,242621920107250,242621926129625,6022375,6129625,107250,242621930000000,0,0,0
1,18,242621930000000,242621930086125,242621936104500,6018375,6104500,86125,242621940000000,0,0,0
1,19,242621940000000,242621940084875,242621946124125,6039250,6124125,84875,242621950000000,0,0,0
1,20,242621950000000,242621950086875,242621956199000,6112125,6199000,86875,242621960000000,0,0,0
1,21,242621960000000,242621960073875,242621965876375,5802500,5876375,73875,242621970000000,0,0,0
1,22,242621970000000,242621970086125,242621976126125,6040000,6126125,86125,242621980000000,0,0,0
1,23,242621980000000,242621980083500,242621986112000,6028500,6112000,83500,242621990000000,0,0,0
1,24,242621990000000,242621990085125,242621995631000,5545875,5631000,85125,242622000000000,0,0,0
1,25,242622000000000,242622000086250,242622005852375,5766125,5852375,86250,242622010000000,0,0,0
1,26,242622010000000,242622010115625,242622016227875,6112250,6227875,115625,242622020000000,0,0,0
1,27,242622020000000,242622020084625,242622026129625,6045000,6129625,84625,242622030000000,0,0,0
1,28,242622030000000,242622030089000,242622036201125,6112125,6201125,89000,242622040000000,0,0,0
1,29,242622040000000,242622040081875,242622046100875,6019000,6100875,81875,242622050000000,0,0,0
1,30,242622050000000,242622050086250,242622056128500,6042250,6128500,86250,242622060000000,0,0,0
1,31,242622060000000,242622060083250,242622066067000,5983750,6067000,83250,242622070000000,0,0,0
1,32,242622070000000,242622070087375,242622076177000,6089625,6177000,87375,242622080000000,0,0,0
1,33,242622080000000,242622080083625,242622086055375,5971750,6055375,83625,242622090000000,0,0,0
1,34,242622090000000,242622090088750,242622096188750,6100000,6188750,88750,242622100000000,0,0,0
1,35,242622100000000,242622100112000,242622106138375,6026375,6138375,112000,242622110000000,0,0,0
1,36,242622110000000,242622110085750,242622115361375,5275625,5361375,85750,242622120000000,0,0,0
1,37,242622120000000,242622120103000,242622126310875,6207875,6310875,103000,242622130000000,0,0,0
1,38,242622130000000,242622130086625,242622136204250,6117625,6204250,86625,242622140000000,0,0,0
1,39,242622140000000,242622140086875,242622146127625,6040750,6127625,86875,242622150000000,0,0,0
1,40,242622150000000,242622150087875,242622155598875,5511000,5598875,87875,242622160000000,0,0,0
1,41,242622160000000,242622160090750,242622166206250,6115500,6206250,90750,242622170000000,0,0,0
1,42,242622170000000,242622170089250,242622176162000,6072750,6162000,89250,242622180000000,0,0,0
1,43,242622180000000,242622180084500,242622186071625,5987125,6071625,84500,242622190000000,0,0,0
1,44,242622190000000,242622190077250,242622195581250,5504000,5581250,77250,242622200000000,0,0,0
1,45,242622200000000,242622200088750,242622206155750,6067000,6155750,88750,242622210000000,0,0,0
1,46,242622210000000,242622210077125,242622216103375,6026250,6103375,77125,242622220000000,0,0,0
1,47,242622220000000,242622220084000,242622226160250,6076250,6160250,84000,242622230000000,0,0,0
1,48,242622230000000,242622230100250,242622236377000,6276750,6377000,100250,242622240000000,0,0,0
1,49,242622240000000,242622240077875,242622245861250,5783375,5861250,77875,242622250000000,0,0,0
1,50,242622250000000,242622250069250,242622256204250,6135000,6204250,69250,242622260000000,0,0,0
1,51,242622260000000,242622260084375,242622265867000,5782625,5867000,84375,242622270000000,0,0,0
1,52,242622270000000,242622270088000,242622276210875,6122875,6210875,88000,242622280000000,0,0,0
1,53,242622280000000,242622280083250,242622286060250,5977000,6060250,83250,242622290000000,0,0,0
1,54,242622290000000,242622290087750,242622295620875,5533125,5620875,87750,242622300000000,0,0,0
1,55,242622300000000,242622300085875,242622305910250,5824375,5910250,85875,242622310000000,0,0,0
1,56,242622310000000,242622310088500,242622315618625,5530125,5618625,88500,242622320000000,0,0,0
1,57,242622320000000,242622320079625,242622325850875,5771250,5850875,79625,242622330000000,0,0,0
1,58,242622330000000,242622330087000,242622336170250,6083250,6170250,87000,242622340000000,0,0,0
1,59,242622340000000,242622340084375,242622346130375,6046000,6130375,84375,242622350000000,0,0,0
1,60,242622350000000,242622350087375,242622356128375,6041000,6128375,87375,242622360000000,0,0,0
1,61,242622360000000,242622360101500,242622366095125,5993625,6095125,101500,242622370000000,0,0,0
1,62,242622370000000,242622370077375,242622375565500,5488125,5565500,77375,242622380000000,0,0,0
1,63,242622380000000,242622380098500,242622386132375,6033875,6132375,98500,242622390000000,0,0,0
1,64,242622390000000,242622390088000,242622396165250,6077250,6165250,88000,242622400000000,0,0,0
1,65,242622400000000,242622400122250,242622406126500,6004250,6126500,122250,242622410000000,0,0,0
1,66,242622410000000,242622410088750,242622416143500,6054750,6143500,88750,242622420000000,0,0,0
1,67,242622420000000,242622420084000,242622426191125,6107125,6191125,84000,242622430000000,0,0,0
1,68,242622430000000,242622430089250,242622436124625,6035375,6124625,89250,242622440000000,0,0,0
1,69,242622440000000,242622440085250,242622446190750,6105500,6190750,85250,242622450000000,0,0,0
1,70,242622450000000,242622450085750,242622455886875,5801125,5886875,85750,242622460000000,0,0,0
1,71,242622460000000,242622460084750,242622465839250,5754500,5839250,84750,242622470000000,0,0,0
1,72,242622470000000,242622470083750,242622476234000,6150250,6234000,83750,242622480000000,0,0,0
1,73,242622480000000,242622480086125,242622486112625,6026500,6112625,86125,242622490000000,0,0,0
1,74,242622490000000,242622490082625,242622496229500,6146875,6229500,82625,242622500000000,0,0,0
1,75,242622500000000,242622500081625,242622506186250,6104625,6186250,81625,242622510000000,0,0,0
1,76,242622510000000,242622510083625,242622516201000,6117375,6201000,83625,242622520000000,0,0,0
1,77,242622520000000,242622520084500,242622526192375,6107875,6192375,84500,242622530000000,0,0,0
1,78,242622530000000,242622530084000,242622535601125,5517125,5601125,84000,242622540000000,0,0,0
1,79,242622540000000,242622540089625,242622546142750,6053125,6142750,89625,242622550000000,0,0,0
1,80,242622550000000,242622550109000,242622556147250,6038250,6147250,109000,242622560000000,0,0,0
1,81,242622560000000,242622560077125,242622565815375,5738250,5815375,77125,242622570000000,0,0,0
1,82,242622570000000,242622570092750,242622576094500,6001750,6094500,92750,242622580000000,0,0,0
1,83,242622580000000,242622580087250,242622586062000,5974750,6062000,87250,242622590000000,0,0,0
1,84,242622590000000,242622590105375,242622596205750,6100375,6205750,105375,242622600000000,0,0,0
1,85,242622600000000,242622600085000,242622606203125,6118125,6203125,85000,242622610000000,0,0,0
1,86,242622610000000,242622610099375,242622616141375,6042000,6141375,99375,242622620000000,0,0,0
1,87,242622620000000,242622620085500,242622625384250,5298750,5384250,85500,242622630000000,0,0,0
1,88,242622630000000,242622630084375,242622636231625,6147250,6231625,84375,242622640000000,0,0,0
1,89,242622640000000,242622640082500,242622646131375,6048875,6131375,82500,242622650000000,0,0,0
1,90,242622650000000,242622650087375,242622656180625,6093250,6180625,87375,242622660000000,0,0,0
1,91,242622660000000,242622660083250,242622666089875,6006625,6089875,83250,242622670000000,0,0,0
1,92,242622670000000,242622670086125,242622676310125,6224000,6310125,86125,242622680000000,0,0,0
1,93,242622680000000,242622680085500,242622686028625,5943125,6028625,85500,242622690000000,0,0,0
1,94,242622690000000,242622690089750,242622696117500,6027750,6117500,89750,242622700000000,0,0,0
1,95,242622700000000,242622700086875,242622706065750,5978875,6065750,86875,242622710000000,0,0,0
1,96,242622710000000,242622710089500,242622716094000,6004500,6094000,89500,242622720000000,0,0,0
1,97,242622720000000,242622720109875,242622726120750,6010875,6120750,109875,242622730000000,0,0,0
1,98,242622730000000,242622730088625,242622736240125,6151500,6240125,88625,242622740000000,0,0,0
1,99,242622740000000,242622740118750,242622746245625,6126875,6245625,118750,242622750000000,0,0,0
1,100,242622750000000,242622750091125,242622756118250,6027125,6118250,91125,242622760000000,0,0,0
1,101,242622760000000,242622760086875,242622766169375,6082500,6169375,86875,242622770000000,0,0,0
1,102,242622770000000,242622770079500,242622776195250,6115750,6195250,79500,242622780000000,0,0,0
1,103,242622780000000,242622780070375,242622785859625,5789250,5859625,70375,242622790000000,0,0,0
1,104,242622790000000,242622790084500,242622795605375,5520875,5605375,84500,242622800000000,0,0,0
1,105,242622800000000,242622800088625,242622806173375,6084750,6173375,88625,242622810000000,0,0,0
1,106,242622810000000,242622810085375,242622816187625,6102250,6187625,85375,242622820000000,0,0,0
1,107,242622820000000,242622820087875,242622826124875,6037000,6124875,87875,242622830000000,0,0,0
1,108,242622830000000,242622830077250,242622836113875,6036625,6113875,77250,242622840000000,0,0,0
1,109,242622840000000,242622840085875,242622846071750,5985875,6071750,85875,242622850000000,0,0,0
1,110,242622850000000,242622850116125,242622856138875,6022750,6138875,116125,242622860000000,0,0,0
1,111,242622860000000,242622860082000,242622866074500,5992500,6074500,82000,242622870000000,0,0,0
1,112,242622870000000,242622870122375,242622875589250,5466875,5589250,122375,242622880000000,0,0,0
1,113,242622880000000,242622880090500,242622886122625,6032125,6122625,90500,242622890000000,0,0,0
1,114,242622890000000,242622890086875,242622895620875,5534000,5620875,86875,242622900000000,0,0,0
1,115,242622900000000,242622900090500,242622906090750,6000250,6090750,90500,242622910000000,0,0,0
1,116,242622910000000,242622910085375,242622916100125,6014750,6100125,85375,242622920000000,0,0,0
1,117,242622920000000,242622920085500,242622926068875,5983375,6068875,85500,242622930000000,0,0,0
1,118,242622930000000,242622930085500,242622936148250,6062750,6148250,85500,242622940000000,0,0,0
1,119,242622940000000,242622940122875,242622946070875,5948000,6070875,122875,242622950000000,0,0,0
1,120,242622950000000,242622950086500,242622956155750,6069250,6155750,86500,242622960000000,0,0,0
1,121,242622960000000,242622960117000,242622966130000,6013000,6130000,117000,242622970000000,0,0,0
1,122,242622970000000,242622970087375,242622976260125,6172750,6260125,87375,242622980000000,0,0,0
1,123,242622980000000,242622980078000,242622985838375,5760375,5838375,78000,242622990000000,0,0,0
1,124,242622990000000,242622990086750,242622996172375,6085625,6172375,86750,242623000000000,0,0,0
1,125,242623000000000,242623000087500,242623006092250,6004750,6092250,87500,242623010000000,0,0,0
1,126,242623010000000,242623010086625,242623016094125,6007500,6094125,86625,242623020000000,0,0,0
1,127,242623020000000,242623020084625,242623026111250,6026625,6111250,84625,242623030000000,0,0,0
1,128,242623030000000,242623030084500,242623036175125,6090625,6175125,84500,242623040000000,0,0,0
1,129,242623040000000,242623040082750,242623046178250,6095500,6178250,82750,242623050000000,0,0,0
1,130,242623050000000,242623050086125,242623055606625,5520500,5606625,86125,242623060000000,0,0,0
1,131,242623060000000,242623060087500,242623066135000,6047500,6135000,87500,242623070000000,0,0,0
1,132,242623070000000,242623070117250,242623076102625,5985375,6102625,117250,242623080000000,0,0,0
1,133,242623080000000,242623080084625,242623086095750,6011125,6095750,84625,242623090000000,0,0,0
1,134,242623090000000,242623090089125,242623096133125,6044000,6133125,89125,242623100000000,0,0,0
1,135,242623100000000,242623100083000,242623106110250,6027250,6110250,83000,242623110000000,0,0,0
1,136,242623110000000,242623110086375,242623116160750,6074375,6160750,86375,242623120000000,0,0,0
1,137,242623120000000,242623120085000,242623126062875,5977875,6062875,85000,242623130000000,0,0,0
1,138,242623130000000,242623130085750,242623136127250,6041500,6127250,85750,242623140000000,0,0,0
1,139,242623140000000,242623140082625,242623145924125,5841500,5924125,82625,242623150000000,0,0,0
1,140,242623150000000,242623150086750,242623156171500,6084750,6171500,86750,242623160000000,0,0,0
1,141,242623160000000,242623160112625,242623166295500,6182875,6295500,112625,242623170000000,0,0,0
1,142,242623170000000,242623170089250,242623176176375,6087125,6176375,89250,242623180000000,0,0,0
1,143,242623180000000,242623180117250,242623186190500,6073250,6190500,117250,242623190000000,0,0,0
1,144,242623190000000,242623190086875,242623196210625,6123750,6210625,86875,242623200000000,0,0,0
1,145,242623200000000,242623200085125,242623205851875,5766750,5851875,85125,242623210000000,0,0,0
1,146,242623210000000,242623210088250,242623216189375,6101125,6189375,88250,242623220000000,0,0,0
1,147,242623220000000,242623220082125,242623226110500,6028375,6110500,82125,242623230000000,0,0,0
1,148,242623230000000,242623230064375,242623236116375,6052000,6116375,64375,242623240000000,0,0,0
1,149,242623240000000,242623240083750,242623245598250,5514500,5598250,83750,242623250000000,0,0,0
1,150,242623250000000,242623250109250,242623256156625,6047375,6156625,109250,242623260000000,0,0,0
1,151,242623260000000,242623260084125,242623265846250,5762125,5846250,84125,242623270000000,0,0,0
1,152,242623270000000,242623270118625,242623276206500,6087875,6206500,118625,242623280000000,0,0,0
1,153,242623280000000,242623280086500,242623285937000,5850500,5937000,86500,242623290000000,0,0,0
1,154,242623290000000,242623290088625,242623296218125,6129500,6218125,88625,242623300000000,0,0,0
1,155,242623300000000,242623300086250,242623306060500,5974250,6060500,86250,242623310000000,0,0,0
1,156,242623310000000,242623310085375,242623316150875,6065500,6150875,85375,242623320000000,0,0,0
1,157,242623320000000,242623320086125,242623326067000,5980875,6067000,86125,242623330000000,0,0,0
1,158,242623330000000,242623330086750,242623335570750,5484000,5570750,86750,242623340000000,0,0,0
1,159,242623340000000,242623340113250,242623346156250,6043000,6156250,113250,242623350000000,0,0,0
1,160,242623350000000,242623350086500,242623356091000,6004500,6091000,86500,242623360000000,0,0,0
1,161,242623360000000,242623360086250,242623366235875,6149625,6235875,86250,242623370000000,0,0,0
1,162,242623370000000,242623370084875,242623375351625,5266750,5351625,84875,242623380000000,0,0,0
1,163,242623380000000,242623380087875,242623385969000,5881125,5969000,87875,242623390000000,0,0,0
1,164,242623390000000,242623390073625,242623396139250,6065625,6139250,73625,242623400000000,0,0,0
1,165,242623400000000,242623400084125,242623406141500,6057375,6141500,84125,242623410000000,0,0,0
1,166,242623410000000,242623410084875,242623416136375,6051500,6136375,84875,242623420000000,0,0,0
1,167,242623420000000,242623420087625,242623426198000,6110375,6198000,87625,242623430000000,0,0,0
1,168,242623430000000,242623430085000,242623436079500,5994500,6079500,85000,242623440000000,0,0,0
1,169,242623440000000,242623440083250,242623445892375,5809125,5892375,83250,242623450000000,0,0,0
1,170,242623450000000,242623450114000,242623456207875,6093875,6207875,114000,242623460000000,0,0,0
1,171,242623460000000,242623460083500,242623466180625,6097125,6180625,83500,242623470000000,0,0,0
1,172,242623470000000,242623470088125,242623476162125,6074000,6162125,88125,242623480000000,0,0,0
1,173,242623480000000,242623480082875,242623486167000,6084125,6167000,82875,242623490000000,0,0,0
1,174,242623490000000,242623490087750,242623496141000,6053250,6141000,87750,242623500000000,0,0,0
1,175,242623500000000,242623500084000,242623506095625,6011625,6095625,84000,242623510000000,0,0,0
1,176,242623510000000,242623510086375,242623516118000,6031625,6118000,86375,242623520000000,0,0,0
1,177,242623520000000,242623520061625,242623526063000,6001375,6063000,61625,242623530000000,0,0,0
1,178,242623530000000,242623530085875,242623536139875,6054000,6139875,85875,242623540000000,0,0,0
1,179,242623540000000,242623540110500,242623546101250,5990750,6101250,110500,242623550000000,0,0,0
1,180,242623550000000,242623550086125,242623556159375,6073250,6159375,86125,242623560000000,0,0,0
1,181,242623560000000,242623560121875,242623566112125,5990250,6112125,121875,242623570000000,0,0,0
1,182,242623570000000,242623570087625,242623576152750,6065125,6152750,87625,242623580000000,0,0,0
1,183,242623580000000,242623580095250,242623586068375,5973125,6068375,95250,242623590000000,0,0,0
1,184,242623590000000,242623590088250,242623596112750,6024500,6112750,88250,242623600000000,0,0,0
1,185,242623600000000,242623600083125,242623606177750,6094625,6177750,83125,242623610000000,0,0,0
1,186,242623610000000,242623610087250,242623616078375,5991125,6078375,87250,242623620000000,0,0,0
1,187,242623620000000,242623620083875,242623626119750,6035875,6119750,83875,242623630000000,0,0,0
1,188,242623630000000,242623630090125,242623636129625,6039500,6129625,90125,242623640000000,0,0,0
1,189,242623640000000,242623640083125,242623646098625,6015500,6098625,83125,242623650000000,0,0,0
1,190,242623650000000,242623650084000,242623656123875,6039875,6123875,84000,242623660000000,0,0,0
1,191,242623660000000,242623660082125,242623666219500,6137375,6219500,82125,242623670000000,0,0,0
1,192,242623670000000,242623670082750,242623675590750,5508000,5590750,82750,242623680000000,0,0,0
1,193,242623680000000,242623680089750,242623686117500,6027750,6117500,89750,242623690000000,0,0,0
1,194,242623690000000,242623690120000,242623696154125,6034125,6154125,120000,242623700000000,0,0,0
1,195,242623700000000,242623700085250,242623705416875,5331625,5416875,85250,242623710000000,0,0,0
1,196,242623710000000,242623710082750,242623716211500,6128750,6211500,82750,242623720000000,0,0,0
1,197,242623720000000,242623720086250,242623725887500,5801250,5887500,86250,242623730000000,0,0,0
1,198,242623730000000,242623730088000,242623736140625,6052625,6140625,88000,242623740000000,0,0,0
1,199,242623740000000,242623740085375,242623746104250,6018875,6104250,85375,242623750000000,0,0,0
1,200,242623750000000,242623750087875,242623756213125,6125250,6213125,87875,242623760000000,0,0,0
1,201,242623760000000,242623760086250,242623766108750,6022500,6108750,86250,242623770000000,0,0,0
1,202,242623770000000,242623770079750,242623776097625,6017875,6097625,79750,242623780000000,0,0,0
1,203,242623780000000,242623780080500,242623786091125,6010625,6091125,80500,242623790000000,0,0,0
1,204,242623790000000,242623790085625,242623796245250,6159625,6245250,85625,242623800000000,0,0,0
1,205,242623800000000,242623800086250,242623806236125,6149875,6236125,86250,242623810000000,0,0,0
1,206,242623810000000,242623810088500,242623816133250,6044750,6133250,88500,242623820000000,0,0,0
1,207,242623820000000,242623820106750,242623826132500,6025750,6132500,106750,242623830000000,0,0,0
1,208,242623830000000,242623830089875,242623836139125,6049250,6139125,89875,242623840000000,0,0,0
1,209,242623840000000,242623840081125,242623846034875,5953750,6034875,81125,242623850000000,0,0,0
1,210,242623850000000,242623850087125,242623856107125,6020000,6107125,87125,242623860000000,0,0,0
1,211,242623860000000,242623860080250,242623866033250,5953000,6033250,80250,242623870000000,0,0,0
1,212,242623870000000,242623870082500,242623876117375,6034875,6117375,82500,242623880000000,0,0,0
1,213,242623880000000,242623880081375,242623886184875,6103500,6184875,81375,242623890000000,0,0,0
1,214,242623890000000,242623890084500,242623896203125,6118625,6203125,84500,242623900000000,0,0,0
1,215,242623900000000,242623900084875,242623906072875,5988000,6072875,84875,242623910000000,0,0,0
1,216,242623910000000,242623910113125,242623916154000,6040875,6154000,113125,242623920000000,0,0,0
1,217,242623920000000,242623920084875,242623926066625,5981750,6066625,84875,242623930000000,0,0,0
1,218,242623930000000,242623930110250,242623936162875,6052625,6162875,110250,242623940000000,0,0,0
1,219,242623940000000,242623940085500,242623946066625,5981125,6066625,85500,242623950000000,0,0,0
1,220,242623950000000,242623950098000,242623955597500,5499500,5597500,98000,242623960000000,0,0,0
1,221,242623960000000,242623960090500,242623966134750,6044250,6134750,90500,242623970000000,0,0,0
1,222,242623970000000,242623970082500,242623975616750,5534250,5616750,82500,242623980000000,0,0,0
1,223,242623980000000,242623980089375,242623986093625,6004250,6093625,89375,242623990000000,0,0,0
1,224,242623990000000,242623990091375,242623996218625,6127250,6218625,91375,242624000000000,0,0,0
1,225,242624000000000,242624000078125,242624006135750,6057625,6135750,78125,242624010000000,0,0,0
1,226,242624010000000,242624010075000,242624015879000,5804000,5879000,75000,242624020000000,0,0,0
1,227,242624020000000,242624020115250,242624026113875,5998625,6113875,115250,242624030000000,0,0,0
1,228,242624030000000,242624030089000,242624036131375,6042375,6131375,89000,242624040000000,0,0,0
1,229,242624040000000,242624040083375,242624046074000,5990625,6074000,83375,242624050000000,0,0,0
1,230,242624050000000,242624050086250,242624055608375,5522125,5608375,86250,242624060000000,0,0,0
1,231,242624060000000,242624060085000,242624066225125,6140125,6225125,85000,242624070000000,0,0,0
1,232,242624070000000,242624070087125,242624075586750,5499625,5586750,87125,242624080000000,0,0,0
1,233,242624080000000,242624080086375,242624086152125,6065750,6152125,86375,242624090000000,0,0,0
1,234,242624090000000,242624090114125,242624095619875,5505750,5619875,114125,242624100000000,0,0,0
1,235,242624100000000,242624100085500,242624106155250,6069750,6155250,85500,242624110000000,0,0,0
1,236,242624110000000,242624110087250,242624116216125,6128875,6216125,87250,242624120000000,0,0,0
1,237,242624120000000,242624120081125,242624126043250,5962125,6043250,81125,242624130000000,0,0,0
1,238,242624130000000,242624130089000,242624136134625,6045625,6134625,89000,242624140000000,0,0,0
1,239,242624140000000,242624140082375,242624146081000,5998625,6081000,82375,242624150000000,0,0,0
1,240,242624150000000,242624150088000,242624156149000,6061000,6149000,88000,242624160000000,0,0,0
1,241,242624160000000,242624160086125,242624166056125,5970000,6056125,86125,242624170000000,0,0,0
1,242,242624170000000,242624170089625,242624176168375,6078750,6168375,89625,242624180000000,0,0,0
1,243,242624180000000,242624180085000,242624186068500,5983500,6068500,85000,242624190000000,0,0,0
1,244,242624190000000,242624190087750,242624196244875,6157125,6244875,87750,242624200000000,0,0,0
1,245,242624200000000,242624200110250,242624206110875,6000625,6110875,110250,242624210000000,0,0,0
1,246,242624210000000,242624210085750,242624215380500,5294750,5380500,85750,242624220000000,0,0,0
1,247,242624220000000,242624220101625,242624226167750,6066125,6167750,101625,242624230000000,0,0,0
1,248,242624230000000,242624230089500,242624236134625,6045125,6134625,89500,242624240000000,0,0,0
1,249,242624240000000,242624240085250,242624245900375,5815125,5900375,85250,242624250000000,0,0,0
1,250,242624250000000,242624250090375,242624255673500,5583125,5673500,90375,242624260000000,0,0,0
1,251,242624260000000,242624260093125,242624266200875,6107750,6200875,93125,242624270000000,0,0,0
1,252,242624270000000,242624270090000,242624276141500,6051500,6141500,90000,242624280000000,0,0,0
1,253,242624280000000,242624280086625,242624286067125,5980500,6067125,86625,242624290000000,0,0,0
1,254,242624290000000,242624290078000,242624296131625,6053625,6131625,78000,242624300000000,0,0,0
1,255,242624300000000,242624300082250,242624306076750,5994500,6076750,82250,242624310000000,0,0,0
1,256,242624310000000,242624310083625,242624316106500,6022875,6106500,83625,242624320000000,0,0,0
1,257,242624320000000,242624320083375,242624326108500,6025125,6108500,83375,242624330000000,0,0,0
1,258,242624330000000,242624330082750,242624336119875,6037125,6119875,82750,242624340000000,0,0,0
1,259,242624340000000,242624340084875,242624346132875,6048000,6132875,84875,242624350000000,0,0,0
1,260,242624350000000,242624350081500,242624356232125,6150625,6232125,81500,242624360000000,0,0,0
1,261,242624360000000,242624360081875,242624366166375,6084500,6166375,81875,242624370000000,0,0,0
1,262,242624370000000,242624370085500,242624376129125,6043625,6129125,85500,242624380000000,0,0,0
1,263,242624380000000,242624380086500,242624386032125,5945625,6032125,86500,242624390000000,0,0,0
1,264,242624390000000,242624390110250,242624396200000,6089750,6200000,110250,242624400000000,0,0,0
1,265,242624400000000,242624400087125,242624406093500,6006375,6093500,87125,242624410000000,0,0,0
1,266,242624410000000,242624410075625,242624415908750,5833125,5908750,75625,242624420000000,0,0,0
1,267,242624420000000,242624420088375,242624426097750,6009375,6097750,88375,242624430000000,0,0,0
1,268,242624430000000,242624430086250,242624435610875,5524625,5610875,86250,242624440000000,0,0,0
1,269,242624440000000,242624440085000,242624445885625,5800625,5885625,85000,242624450000000,0,0,0
1,270,242624450000000,242624450085750,242624456179625,6093875,6179625,85750,242624460000000,0,0,0
1,271,242624460000000,242624460077250,242624466028375,5951125,6028375,77250,242624470000000,0,0,0
1,272,242624470000000,242624470086375,242624475594750,5508375,5594750,86375,242624480000000,0,0,0
1,273,242624480000000,242624480100875,242624486139125,6038250,6139125,100875,242624490000000,0,0,0
1,274,242624490000000,242624490089625,242624496154250,6064625,6154250,89625,242624500000000,0,0,0
1,275,242624500000000,242624500084250,242624505904875,5820625,5904875,84250,242624510000000,0,0,0
1,276,242624510000000,242624510086375,242624516155750,6069375,6155750,86375,242624520000000,0,0,0
1,277,242624520000000,242624520085625,242624526223875,6138250,6223875,85625,242624530000000,0,0,0
1,278,242624530000000,242624530089625,242624536113500,6023875,6113500,89625,242624540000000,0,0,0
1,279,242624540000000,242624540076375,242624546227500,6151125,6227500,76375,242624550000000,0,0,0
1,280,242624550000000,242624550088625,242624556081125,5992500,6081125,88625,242624560000000,0,0,0
1,281,242624560000000,242624560086125,242624566159625,6073500,6159625,86125,242624570000000,0,0,0
1,282,242624570000000,242624570082625,242624576129750,6047125,6129750,82625,242624580000000,0,0,0
1,283,242624580000000,242624580085875,242624586101500,6015625,6101500,85875,242624590000000,0,0,0
1,284,242624590000000,242624590110750,242624596140250,6029500,6140250,110750,242624600000000,0,0,0
1,285,242624600000000,242624600087000,242624606074000,5987000,6074000,87000,242624610000000,0,0,0
1,286,242624610000000,242624610081875,242624616176000,6094125,6176000,81875,242624620000000,0,0,0
1,287,242624620000000,242624620083750,242624626071375,5987625,6071375,83750,242624630000000,0,0,0
1,288,242624630000000,242624630087250,242624636145125,6057875,6145125,87250,242624640000000,0,0,0
1,289,242624640000000,242624640082750,242624646114125,6031375,6114125,82750,242624650000000,0,0,0
1,290,242624650000000,242624650087750,242624656151625,6063875,6151625,87750,242624660000000,0,0,0
1,291,242624660000000,242624660084875,242624666128125,6043250,6128125,84875,242624670000000,0,0,0
1,292,242624670000000,242624670089250,242624675632000,5542750,5632000,89250,242624680000000,0,0,0
1,293,242624680000000,242624680093375,242624686085750,5992375,6085750,93375,242624690000000,0,0,0
1,294,242624690000000,242624690089500,242624695576625,5487125,5576625,89500,242624700000000,0,0,0
1,295,242624700000000,242624700085250,242624706125375,6040125,6125375,85250,242624710000000,0,0,0
1,296,242624710000000,242624710089750,242624716134750,6045000,6134750,89750,242624720000000,0,0,0
1,297,242624720000000,242624720076750,242624726073875,5997125,6073875,76750,242624730000000,0,0,0
1,298,242624730000000,242624730089000,242624735922125,5833125,5922125,89000,242624740000000,0,0,0
1,299,242624740000000,242624740097375,242624746085375,5988000,6085375,97375,242624750000000,0,0,0
1,300,242624750000000,242624750087375,242624756079750,5992375,6079750,87375,242624760000000,0,0,0
1,301,242624760000000,242624760084500,242624765894125,5809625,5894125,84500,242624770000000,0,0,0
1,302,242624770000000,242624770076625,242624776176375,6099750,6176375,76625,242624780000000,0,0,0
1,303,242624780000000,242624780084750,242624786041875,5957125,6041875,84750,242624790000000,0,0,0
1,304,242624790000000,242624790082375,242624796108250,6025875,6108250,82375,242624800000000,0,0,0
1,305,242624800000000,242624800085250,242624806061000,5975750,6061000,85250,242624810000000,0,0,0
1,306,242624810000000,242624810084000,242624816148750,6064750,6148750,84000,242624820000000,0,0,0
1,307,242624820000000,242624820069250,242624825811500,5742250,5811500,69250,242624830000000,0,0,0
1,308,242624830000000,242624830067625,242624836124250,6056625,6124250,67625,242624840000000,0,0,0
1,309,242624840000000,242624840088125,242624845866250,5778125,5866250,88125,242624850000000,0,0,0
1,310,242624850000000,242624850105375,242624855719000,5613625,5719000,105375,242624860000000,0,0,0
1,311,242624860000000,242624860087875,242624866141125,6053250,6141125,87875,242624870000000,0,0,0
1,312,242624870000000,242624870088125,242624876186625,6098500,6186625,88125,242624880000000,0,0,0
1,313,242624880000000,242624880083625,242624886116500,6032875,6116500,83625,242624890000000,0,0,0
1,314,242624890000000,242624890087250,242624895881250,5794000,5881250,87250,242624900000000,0,0,0
1,315,242624900000000,242624900088000,242624906113625,6025625,6113625,88000,242624910000000,0,0,0
1,316,242624910000000,242624910086750,242624916138125,6051375,6138125,86750,242624920000000,0,0,0
1,317,242624920000000,242624920081125,242624925867125,5786000,5867125,81125,242624930000000,0,0,0
1,318,242624930000000,242624930090375,242624936109125,6018750,6109125,90375,242624940000000,0,0,0
1,319,242624940000000,242624940103625,242624946075250,5971625,6075250,103625,242624950000000,0,0,0
1,320,242624950000000,242624950089125,242624956083625,5994500,6083625,89125,242624960000000,0,0,0
1,321,242624960000000,242624960104125,242624966195250,6091125,6195250,104125,242624970000000,0,0,0
1,322,242624970000000,242624970088625,242624976148750,6060125,6148750,88625,242624980000000,0,0,0
1,323,242624980000000,242624980105875,242624986130375,6024500,6130375,105875,242624990000000,0,0,0
1,324,242624990000000,242624990085125,242624996152875,6067750,6152875,85125,242625000000000,0,0,0
1,325,242625000000000,242625000085125,242625006093375,6008250,6093375,85125,242625010000000,0,0,0
1,326,242625010000000,242625010087375,242625016227500,6140125,6227500,87375,242625020000000,0,0,0
1,327,242625020000000,242625020081625,242625025456250,5374625,5456250,81625,242625030000000,0,0,0
1,328,242625030000000,242625030084250,242625035623375,5539125,5623375,84250,242625040000000,0,0,0
1,329,242625040000000,242625040089875,242625046281125,6191250,6281125,89875,242625050000000,0,0,0
1,330,242625050000000,242625050083125,242625056143375,6060250,6143375,83125,242625060000000,0,0,0
1,331,242625060000000,242625060085375,242625066223625,6138250,6223625,85375,242625070000000,0,0,0
1,332,242625070000000,242625070115375,242625076178250,6062875,6178250,115375,242625080000000,0,0,0
1,333,242625080000000,242625080085250,242625086039375,5954125,6039375,85250,242625090000000,0,0,0
1,334,242625090000000,242625090126875,242625096164875,6038000,6164875,126875,242625100000000,0,0,0
1,335,242625100000000,242625100088500,242625106040625,5952125,6040625,88500,242625110000000,0,0,0
1,336,242625110000000,242625110086250,242625116119750,6033500,6119750,86250,242625120000000,0,0,0
1,337,242625120000000,242625120082875,242625125868125,5785250,5868125,82875,242625130000000,0,0,0
1,338,242625130000000,242625130088125,242625136198875,6110750,6198875,88125,242625140000000,0,0,0
1,339,242625140000000,242625140082000,242625146109375,6027375,6109375,82000,242625150000000,0,0,0
1,340,242625150000000,242625150085750,242625156177500,6091750,6177500,85750,242625160000000,0,0,0
1,341,242625160000000,242625160075875,242625166196250,6120375,6196250,75875,242625170000000,0,0,0
1,342,242625170000000,242625170087500,242625176046375,5958875,6046375,87500,242625180000000,0,0,0
1,343,242625180000000,242625180100875,242625186057375,5956500,6057375,100875,242625190000000,0,0,0
1,344,242625190000000,242625190088875,242625196097000,6008125,6097000,88875,242625200000000,0,0,0
1,345,242625200000000,242625200108625,242625205852125,5743500,5852125,108625,242625210000000,0,0,0
1,346,242625210000000,242625210087000,242625215646875,5559875,5646875,87000,242625220000000,0,0,0
1,347,242625220000000,242625220106125,242625225857250,5751125,5857250,106125,242625230000000,0,0,0
1,348,242625230000000,242625230087125,242625236142250,6055125,6142250,87125,242625240000000,0,0,0
1,349,242625240000000,242625240084500,242625246165375,6080875,6165375,84500,242625250000000,0,0,0
1,350,242625250000000,242625250085375,242625256160000,6074625,6160000,85375,242625260000000,0,0,0
1,351,242625260000000,242625260084625,242625265826250,5741625,5826250,84625,242625270000000,0,0,0
1,352,242625270000000,242625270083875,242625276168125,6084250,6168125,83875,242625280000000,0,0,0
1,353,242625280000000,242625280083375,242625286102250,6018875,6102250,83375,242625290000000,0,0,0
1,354,242625290000000,242625290084375,242625296132250,6047875,6132250,84375,242625300000000,0,0,0
1,355,242625300000000,242625300085750,242625305605750,5520000,5605750,85750,242625310000000,0,0,0
1,356,242625310000000,242625310112750,242625316141750,6029000,6141750,112750,242625320000000,0,0,0
1,357,242625320000000,242625320083875,242625326109500,6025625,6109500,83875,242625330000000,0,0,0
1,358,242625330000000,242625330119750,242625336245250,6125500,6245250,119750,242625340000000,0,0,0
1,359,242625340000000,242625340086000,242625346064500,5978500,6064500,86000,242625350000000,0,0,0
1,360,242625350000000,242625350107125,242625356209625,6102500,6209625,107125,242625360000000,0,0,0
1,361,242625360000000,242625360085750,242625366029125,5943375,6029125,85750,242625370000000,0,0,0
1,362,242625370000000,242625370087000,242625375610500,5523500,5610500,87000,242625380000000,0,0,0
1,363,242625380000000,242625380088625,242625386156000,6067375,6156000,88625,242625390000000,0,0,0
1,364,242625390000000,242625390089625,242625395604750,5515125,5604750,89625,242625400000000,0,0,0
1,365,242625400000000,242625400083250,242625406128500,6045250,6128500,83250,242625410000000,0,0,0
1,366,242625410000000,242625410087000,242625415599250,5512250,5599250,87000,242625420000000,0,0,0
1,367,242625420000000,242625420117000,242625426137500,6020500,6137500,117000,242625430000000,0,0,0
1,368,242625430000000,242625430075875,242625436095875,6020000,6095875,75875,242625440000000,0,0,0
1,369,242625440000000,242625440085625,242625446095750,6010125,6095750,85625,242625450000000,0,0,0
1,370,242625450000000,242625450084000,242625455604500,5520500,5604500,84000,242625460000000,0,0,0
1,371,242625460000000,242625460088500,242625466154875,6066375,6154875,88500,242625470000000,0,0,0
1,372,242625470000000,242625470085750,242625476220375,6134625,6220375,85750,242625480000000,0,0,0
1,373,242625480000000,242625480084125,242625485867000,5782875,5867000,84125,242625490000000,0,0,0
1,374,242625490000000,242625490086875,242625496113750,6026875,6113750,86875,242625500000000,0,0,0
1,375,242625500000000,242625500085750,242625506057875,5972125,6057875,85750,242625510000000,0,0,0
1,376,242625510000000,242625510084750,242625516108125,6023375,6108125,84750,242625520000000,0,0,0
1,377,242625520000000,242625520083375,242625526088500,6005125,6088500,83375,242625530000000,0,0,0
1,378,242625530000000,242625530115375,242625536208875,6093500,6208875,115375,242625540000000,0,0,0
1,379,242625540000000,242625540083375,242625546216750,6133375,6216750,83375,242625550000000,0,0,0
1,380,242625550000000,242625550087250,242625556176000,6088750,6176000,87250,242625560000000,0,0,0
1,381,242625560000000,242625560083125,242625566045625,5962500,6045625,83125,242625570000000,0,0,0
1,382,242625570000000,242625570072750,242625576101500,6028750,6101500,72750,242625580000000,0,0,0
1,383,242625580000000,242625580083875,242625586059250,5975375,6059250,83875,242625590000000,0,0,0
1,384,242625590000000,242625590086250,242625595996875,5910625,5996875,86250,242625600000000,0,0,0
1,385,242625600000000,242625600083375,242625606222875,6139500,6222875,83375,242625610000000,0,0,0
1,386,242625610000000,242625610084250,242625616166625,6082375,6166625,84250,242625620000000,0,0,0
1,387,242625620000000,242625620082125,242625626099875,6017750,6099875,82125,242625630000000,0,0,0
1,388,242625630000000,242625630077875,242625636169000,6091125,6169000,77875,242625640000000,0,0,0
1,389,242625640000000,242625640109750,242625646155750,6046000,6155750,109750,242625650000000,0,0,0
1,390,242625650000000,242625650088750,242625656130375,6041625,6130375,88750,242625660000000,0,0,0
1,391,242625660000000,242625660084375,242625666109250,6024875,6109250,84375,242625670000000,0,0,0
1,392,242625670000000,242625670086000,242625676216000,6130000,6216000,86000,242625680000000,0,0,0
1,393,242625680000000,242625680082875,242625685596500,5513625,5596500,82875,242625690000000,0,0,0
1,394,242625690000000,242625690084250,242625696128000,6043750,6128000,84250,242625700000000,0,0,0
1,395,242625700000000,242625700083000,242625706061000,5978000,6061000,83000,242625710000000,0,0,0
1,396,242625710000000,242625710084250,242625715598625,5514375,5598625,84250,242625720000000,0,0,0
1,397,242625720000000,242625720089125,242625725891875,5802750,5891875,89125,242625730000000,0,0,0
1,398,242625730000000,242625730117000,242625736200500,6083500,6200500,117000,242625740000000,0,0,0
1,399,242625740000000,242625740089375,242625746100500,6011125,6100500,89375,242625750000000,0,0,0
1,400,242625750000000,242625750087125,242625755651000,5563875,5651000,87125,242625760000000,0,0,0
1,401,242625760000000,242625760089625,242625766145750,6056125,6145750,89625,242625770000000,0,0,0
1,402,242625770000000,242625770078000,242625776146500,6068500,6146500,78000,242625780000000,0,0,0
1,403,242625780000000,242625780082000,242625786218000,6136000,6218000,82000,242625790000000,0,0,0
1,404,242625790000000,242625790086625,242625796194625,6108000,6194625,86625,242625800000000,0,0,0
1,405,242625800000000,242625800080750,242625806234875,6154125,6234875,80750,242625810000000,0,0,0
1,406,242625810000000,242625810087875,242625815558125,5470250,5558125,87875,242625820000000,0,0,0
1,407,242625820000000,242625820097875,242625826233250,6135375,6233250,97875,242625830000000,0,0,0
1,408,242625830000000,242625830090250,242625836164375,6074125,6164375,90250,242625840000000,0,0,0
1,409,242625840000000,242625840098375,242625846105625,6007250,6105625,98375,242625850000000,0,0,0
1,410,242625850000000,242625850089500,242625855585000,5495500,5585000,89500,242625860000000,0,0,0
1,411,242625860000000,242625860112625,242625866167625,6055000,6167625,112625,242625870000000,0,0,0
1,412,242625870000000,242625870089750,242625876240875,6151125,6240875,89750,242625880000000,0,0,0
1,413,242625880000000,242625880082500,242625886119250,6036750,6119250,82500,242625890000000,0,0,0
1,414,242625890000000,242625890087750,242625896092625,6004875,6092625,87750,242625900000000,0,0,0
1,415,242625900000000,242625900084375,242625906128750,6044375,6128750,84375,242625910000000,0,0,0
1,416,242625910000000,242625910081250,242625915610500,5529250,5610500,81250,242625920000000,0,0,0
1,417,242625920000000,242625920155375,242625925770125,5614750,5770125,155375,242625930000000,0,0,0
1,418,242625930000000,242625930117500,242625935678500,5561000,5678500,117500,242625940000000,0,0,0
1,419,242625940000000,242625940089250,242625946113875,6024625,6113875,89250,242625950000000,0,0,0
1,420,242625950000000,242625950085000,242625955416500,5331500,5416500,85000,242625960000000,0,0,0
1,421,242625960000000,242625960089500,242625966086125,5996625,6086125,89500,242625970000000,0,0,0
1,422,242625970000000,242625970088000,242625976105250,6017250,6105250,88000,242625980000000,0,0,0
1,423,242625980000000,242625980081500,242625986066750,5985250,6066750,81500,242625990000000,0,0,0
1,424,242625990000000,242625990085625,242625996180375,6094750,6180375,85625,242626000000000,0,0,0
1,425,242626000000000,242626000083375,242626006137750,6054375,6137750,83375,242626010000000,0,0,0
1,426,242626010000000,242626010086750,242626016278000,6191250,6278000,86750,242626020000000,0,0,0
1,427,242626020000000,242626020079875,242626025878625,5798750,5878625,79875,242626030000000,0,0,0
1,428,242626030000000,242626030089500,242626036153500,6064000,6153500,89500,242626040000000,0,0,0
1,429,242626040000000,242626040102625,242626046133000,6030375,6133000,102625,242626050000000,0,0,0
1,430,242626050000000,242626050087500,242626056232875,6145375,6232875,87500,242626060000000,0,0,0
1,431,242626060000000,242626060117375,242626065476875,5359500,5476875,117375,242626070000000,0,0,0
1,432,242626070000000,242626070087875,242626076184375,6096500,6184375,87875,242626080000000,0,0,0
1,433,242626080000000,242626080113375,242626086219750,6106375,6219750,113375,242626090000000,0,0,0
1,434,242626090000000,242626090090875,242626096132625,6041750,6132625,90875,242626100000000,0,0,0
1,435,242626100000000,242626100085750,242626106146375,6060625,6146375,85750,242626110000000,0,0,0
1,436,242626110000000,242626110108250,242626116107250,5999000,6107250,108250,242626120000000,0,0,0
1,437,242626120000000,242626120081250,242626126084750,6003500,6084750,81250,242626130000000,0,0,0
1,438,242626130000000,242626130084500,242626136157875,6073375,6157875,84500,242626140000000,0,0,0
1,439,242626140000000,242626140082875,242626145844625,5761750,5844625,82875,242626150000000,0,0,0
1,440,242626150000000,242626150112250,242626156203875,6091625,6203875,112250,242626160000000,0,0,0
1,441,242626160000000,242626160083250,242626165803250,5720000,5803250,83250,242626170000000,0,0,0
1,442,242626170000000,242626170086625,242626175649375,5562750,5649375,86625,242626180000000,0,0,0
1,443,242626180000000,242626180086375,242626186099250,6012875,6099250,86375,242626190000000,0,0,0
1,444,242626190000000,242626190088250,242626196178000,6089750,6178000,88250,242626200000000,0,0,0
1,445,242626200000000,242626200081000,242626205383500,5302500,5383500,81000,242626210000000,0,0,0
1,446,242626210000000,242626210082250,242626215623375,5541125,5623375,82250,242626220000000,0,0,0
1,447,242626220000000,242626220076625,242626226099625,6023000,6099625,76625,242626230000000,0,0,0
1,448,242626230000000,242626230086250,242626235422000,5335750,5422000,86250,242626240000000,0,0,0
1,449,242626240000000,242626240113125,242626246114000,6000875,6114000,113125,242626250000000,0,0,0
1,450,242626250000000,242626250083250,242626256117250,6034000,6117250,83250,242626260000000,0,0,0
1,451,242626260000000,242626260084875,242626265845625,5760750,5845625,84875,242626270000000,0,0,0
1,452,242626270000000,242626270065375,242626276232750,6167375,6232750,65375,242626280000000,0,0,0
1,453,242626280000000,242626280102000,242626286093750,5991750,6093750,102000,242626290000000,0,0,0
1,454,242626290000000,242626290089875,242626295974500,5884625,5974500,89875,242626300000000,0,0,0
1,455,242626300000000,242626300077875,242626306191875,6114000,6191875,77875,242626310000000,0,0,0
1,456,242626310000000,242626310087250,242626316121250,6034000,6121250,87250,242626320000000,0,0,0
1,457,242626320000000,242626320085875,242626326104125,6018250,6104125,85875,242626330000000,0,0,0
1,458,242626330000000,242626330085125,242626336145375,6060250,6145375,85125,242626340000000,0,0,0
1,459,242626340000000,242626340087875,242626345846500,5758625,5846500,87875,242626350000000,0,0,0
1,460,242626350000000,242626350116875,242626356272500,6155625,6272500,116875,242626360000000,0,0,0
1,461,242626360000000,242626360083375,242626366093000,6009625,6093000,83375,242626370000000,0,0,0
1,462,242626370000000,242626370120750,242626375600000,5479250,5600000,120750,242626380000000,0,0,0
1,463,242626380000000,242626380089000,242626385423250,5334250,5423250,89000,242626390000000,0,0,0
1,464,242626390000000,242626390082125,242626395616500,5534375,5616500,82125,242626400000000,0,0,0
1,465,242626400000000,242626400087875,242626406188500,6100625,6188500,87875,242626410000000,0,0,0
1,466,242626410000000,242626410086375,242626416148750,6062375,6148750,86375,242626420000000,0,0,0
1,467,242626420000000,242626420077000,242626426096625,6019625,6096625,77000,242626430000000,0,0,0
1,468,242626430000000,242626430084625,242626436121625,6037000,6121625,84625,242626440000000,0,0,0
1,469,242626440000000,242626440113250,242626446154750,6041500,6154750,113250,242626450000000,0,0,0
1,470,242626450000000,242626450075875,242626456181500,6105625,6181500,75875,242626460000000,0,0,0
1,471,242626460000000,242626460115875,242626466127375,6011500,6127375,115875,242626470000000,0,0,0
1,472,242626470000000,242626470087875,242626476203000,6115125,6203000,87875,242626480000000,0,0,0
1,473,242626480000000,242626480082125,242626486070625,5988500,6070625,82125,242626490000000,0,0,0
1,474,242626490000000,242626490086375,242626496120125,6033750,6120125,86375,242626500000000,0,0,0
1,475,242626500000000,242626500083500,242626506139125,6055625,6139125,83500,242626510000000,0,0,0
1,476,242626510000000,242626510085375,242626515623625,5538250,5623625,85375,242626520000000,0,0,0
1,477,242626520000000,242626520085000,242626526114125,6029125,6114125,85000,242626530000000,0,0,0
1,478,242626530000000,242626530082750,242626536150250,6067500,6150250,82750,242626540000000,0,0,0
1,479,242626540000000,242626540085125,242626545863750,5778625,5863750,85125,242626550000000,0,0,0
1,480,242626550000000,242626550111500,242626556188000,6076500,6188000,111500,242626560000000,0,0,0
1,481,242626560000000,242626560084250,242626566056500,5972250,6056500,84250,242626570000000,0,0,0
1,482,242626570000000,242626570086250,242626576128000,6041750,6128000,86250,242626580000000,0,0,0
1,483,242626580000000,242626580081000,242626586198625,6117625,6198625,81000,242626590000000,0,0,0
1,484,242626590000000,242626590062625,242626595566625,5504000,5566625,62625,242626600000000,0,0,0
1,485,242626600000000,242626600085625,242626606120500,6034875,6120500,85625,242626610000000,0,0,0
1,486,242626610000000,242626610087500,242626616113750,6026250,6113750,87500,242626620000000,0,0,0
1,487,242626620000000,242626620084375,242626626070875,5986500,6070875,84375,242626630000000,0,0,0
1,488,242626630000000,242626630086375,242626636198000,6111625,6198000,86375,242626640000000,0,0,0
1,489,242626640000000,242626640075750,242626646069250,5993500,6069250,75750,242626650000000,0,0,0
1,490,242626650000000,242626650070125,242626656000250,5930125,6000250,70125,242626660000000,0,0,0
1,491,242626660000000,242626660078625,242626666113625,6035000,6113625,78625,242626670000000,0,0,0
1,492,242626670000000,242626670083250,242626676157375,6074125,6157375,83250,242626680000000,0,0,0
1,493,242626680000000,242626680108125,242626686174000,6065875,6174000,108125,242626690000000,0,0,0
1,494,242626690000000,242626690086500,242626696089625,6003125,6089625,86500,242626700000000,0,0,0
1,495,242626700000000,242626700119625,242626706186250,6066625,6186250,119625,242626710000000,0,0,0
1,496,242626710000000,242626710086375,242626716234750,6148375,6234750,86375,242626720000000,0,0,0
1,497,242626720000000,242626720077000,242626726172875,6095875,6172875,77000,242626730000000,0,0,0
1,498,242626730000000,242626730088000,242626736183875,6095875,6183875,88000,242626740000000,0,0,0
1,499,242626740000000,242626740084125,242626746080000,5995875,6080000,84125,242626750000000,0,0,0
1,500,242626750000000,242626750083500,242626756170750,6087250,6170750,83500,242626760000000,0,0,0
1,501,242626760000000,242626760085500,242626766044375,5958875,6044375,85500,242626770000000,0,0,0
1,502,242626770000000,242626770104250,242626776158375,6054125,6158375,104250,242626780000000,0,0,0
1,503,242626780000000,242626780083125,242626786074125,5991000,6074125,83125,242626790000000,0,0,0
1,504,242626790000000,242626790119250,242626795632750,5513500,5632750,119250,242626800000000,0,0,0
1,505,242626800000000,242626800088250,242626806123625,6035375,6123625,88250,242626810000000,0,0,0
1,506,242626810000000,242626810086750,242626816237250,6150500,6237250,86750,242626820000000,0,0,0
1,507,242626820000000,242626820083000,242626825920375,5837375,5920375,83000,242626830000000,0,0,0
1,508,242626830000000,242626830084375,242626836164625,6080250,6164625,84375,242626840000000,0,0,0
1,509,242626840000000,242626840082000,242626846108125,6026125,6108125,82000,242626850000000,0,0,0
1,510,242626850000000,242626850084875,242626856144750,6059875,6144750,84875,242626860000000,0,0,0
1,511,242626860000000,242626860067625,242626866052750,5985125,6052750,67625,242626870000000,0,0,0
1,512,242626870000000,242626870085000,242626876161625,6076625,6161625,85000,242626880000000,0,0,0
1,513,242626880000000,242626880105500,242626886187750,6082250,6187750,105500,242626890000000,0,0,0
1,514,242626890000000,242626890086750,242626895598500,5511750,5598500,86750,242626900000000,0,0,0
1,515,242626900000000,242626900100375,242626906132375,6032000,6132375,100375,242626910000000,0,0,0
1,516,242626910000000,242626910086000,242626916105250,6019250,6105250,86000,242626920000000,0,0,0
1,517,242626920000000,242626920083000,242626926075625,5992625,6075625,83000,242626930000000,0,0,0
1,518,242626930000000,242626930084375,242626935594250,5509875,5594250,84375,242626940000000,0,0,0
1,519,242626940000000,242626940086500,242626946158000,6071500,6158000,86500,242626950000000,0,0,0
1,520,242626950000000,242626950085250,242626956115500,6030250,6115500,85250,242626960000000,0,0,0
1,521,242626960000000,242626960084000,242626966175750,6091750,6175750,84000,242626970000000,0,0,0
1,522,242626970000000,242626970081125,242626976067000,5985875,6067000,81125,242626980000000,0,0,0
1,523,242626980000000,242626980084000,242626986052000,5968000,6052000,84000,242626990000000,0,0,0
1,524,242626990000000,242626990112375,242626996220000,6107625,6220000,112375,242627000000000,0,0,0
1,525,242627000000000,242627000084500,242627006133375,6048875,6133375,84500,242627010000000,0,0,0
1,526,242627010000000,242627010083250,242627016233375,6150125,6233375,83250,242627020000000,0,0,0
1,527,242627020000000,242627020083375,242627026118375,6035000,6118375,83375,242627030000000,0,0,0
1,528,242627030000000,242627030086500,242627036270125,6183625,6270125,86500,242627040000000,0,0,0
1,529,242627040000000,242627040082500,242627046075000,5992500,6075000,82500,242627050000000,0,0,0
1,530,242627050000000,242627050087375,242627056175250,6087875,6175250,87375,242627060000000,0,0,0
1,531,242627060000000,242627060076625,242627065930125,5853500,5930125,76625,242627070000000,0,0,0
1,532,242627070000000,242627070083625,242627076233875,6150250,6233875,83625,242627080000000,0,0,0
1,533,242627080000000,242627080081375,242627086054250,5972875,6054250,81375,242627090000000,0,0,0
1,534,242627090000000,242627090084375,242627095902500,5818125,5902500,84375,242627100000000,0,0,0
1,535,242627100000000,242627100112500,242627106185000,6072500,6185000,112500,242627110000000,0,0,0
1,536,242627110000000,242627110087500,242627116167500,6080000,6167500,87500,242627120000000,0,0,0
1,537,242627120000000,242627120080625,242627126064625,5984000,6064625,80625,242627130000000,0,0,0
1,538,242627130000000,242627130083500,242627136079000,5995500,6079000,83500,242627140000000,0,0,0
1,539,242627140000000,242627140082750,242627146061000,5978250,6061000,82750,242627150000000,0,0,0
1,540,242627150000000,242627150085875,242627156137625,6051750,6137625,85875,242627160000000,0,0,0
1,541,242627160000000,242627160081250,242627166133750,6052500,6133750,81250,242627170000000,0,0,0
1,542,242627170000000,242627170082000,242627175599375,5517375,5599375,82000,242627180000000,0,0,0
1,543,242627180000000,242627180091625,242627186162375,6070750,6162375,91625,242627190000000,0,0,0
1,544,242627190000000,242627190077875,242627196119750,6041875,6119750,77875,242627200000000,0,0,0
1,545,242627200000000,242627200084750,242627205849125,5764375,5849125,84750,242627210000000,0,0,0
1,546,242627210000000,242627210099375,242627216145000,6045625,6145000,99375,242627220000000,0,0,0
1,547,242627220000000,242627220083750,242627226103625,6019875,6103625,83750,242627230000000,0,0,0
1,548,242627230000000,242627230117875,242627236135750,6017875,6135750,117875,242627240000000,0,0,0
1,549,242627240000000,242627240083375,242627246051625,5968250,6051625,83375,242627250000000,0,0,0
1,550,242627250000000,242627250083875,242627256210125,6126250,6210125,83875,242627260000000,0,0,0
1,551,242627260000000,242627260077000,242627265397125,5320125,5397125,77000,242627270000000,0,0,0
1,552,242627270000000,242627270080125,242627276151750,6071625,6151750,80125,242627280000000,0,0,0
1,553,242627280000000,242627280083875,242627286121750,6037875,6121750,83875,242627290000000,0,0,0
1,554,242627290000000,242627290084750,242627296149375,6064625,6149375,84750,242627300000000,0,0,0
1,555,242627300000000,242627300083375,242627306112000,6028625,6112000,83375,242627310000000,0,0,0
1,556,242627310000000,242627310086375,242627315591625,5505250,5591625,86375,242627320000000,0,0,0
1,557,242627320000000,242627320085000,242627326144500,6059500,6144500,85000,242627330000000,0,0,0
1,558,242627330000000,242627330088375,242627336236500,6148125,6236500,88375,242627340000000,0,0,0
1,559,242627340000000,242627340075375,242627346206500,6131125,6206500,75375,242627350000000,0,0,0
1,560,242627350000000,242627350084875,242627356162625,6077750,6162625,84875,242627360000000,0,0,0
1,561,242627360000000,242627360073750,242627366078625,6004875,6078625,73750,242627370000000,0,0,0
1,562,242627370000000,242627370089625,242627376217000,6127375,6217000,89625,242627380000000,0,0,0
1,563,242627380000000,242627380102875,242627386137375,6034500,6137375,102875,242627390000000,0,0,0
1,564,242627390000000,242627390084875,242627396070375,5985500,6070375,84875,242627400000000,0,0,0
1,565,242627400000000,242627400081875,242627406251750,6169875,6251750,81875,242627410000000,0,0,0
1,566,242627410000000,242627410088125,242627416142500,6054375,6142500,88125,242627420000000,0,0,0
1,567,242627420000000,242627420085125,242627426064125,5979000,6064125,85125,242627430000000,0,0,0
1,568,242627430000000,242627430080750,242627436161250,6080500,6161250,80750,242627440000000,0,0,0
1,569,242627440000000,242627440084875,242627446218875,6134000,6218875,84875,242627450000000,0,0,0
1,570,242627450000000,242627450082375,242627456148000,6065625,6148000,82375,242627460000000,0,0,0
1,571,242627460000000,242627460085250,242627466137375,6052125,6137375,85250,242627470000000,0,0,0
1,572,242627470000000,242627470093125,242627476172625,6079500,6172625,93125,242627480000000,0,0,0
1,573,242627480000000,242627480085625,242627486074250,5988625,6074250,85625,242627490000000,0,0,0
1,574,242627490000000,242627490116750,242627496282875,6166125,6282875,116750,242627500000000,0,0,0
1,575,242627500000000,242627500083875,242627505875000,5791125,5875000,83875,242627510000000,0,0,0
1,576,242627510000000,242627510105500,242627516140250,6034750,6140250,105500,242627520000000,0,0,0
1,577,242627520000000,242627520083875,242627526050250,5966375,6050250,83875,242627530000000,0,0,0
1,578,242627530000000,242627530088125,242627536161125,6073000,6161125,88125,242627540000000,0,0,0
1,579,242627540000000,242627540082625,242627545847125,5764500,5847125,82625,242627550000000,0,0,0
1,580,242627550000000,242627550088250,242627556137875,6049625,6137875,88250,242627560000000,0,0,0
1,581,242627560000000,242627560081125,242627565824125,5743000,5824125,81125,242627570000000,0,0,0
1,582,242627570000000,242627570087250,242627576299625,6212375,6299625,87250,242627580000000,0,0,0
1,583,242627580000000,242627580080250,242627586102750,6022500,6102750,80250,242627590000000,0,0,0
1,584,242627590000000,242627590090125,242627595587000,5496875,5587000,90125,242627600000000,0,0,0
1,585,242627600000000,242627600119375,242627606129250,6009875,6129250,119375,242627610000000,0,0,0
1,586,242627610000000,242627610086000,242627616198500,6112500,6198500,86000,242627620000000,0,0,0
1,587,242627620000000,242627620079625,242627626119500,6039875,6119500,79625,242627630000000,0,0,0
1,588,242627630000000,242627630083250,242627636107500,6024250,6107500,83250,242627640000000,0,0,0
1,589,242627640000000,242627640083500,242627646206875,6123375,6206875,83500,242627650000000,0,0,0
1,590,242627650000000,242627650086250,242627656136750,6050500,6136750,86250,242627660000000,0,0,0
1,591,242627660000000,242627660082625,242627666212500,6129875,6212500,82625,242627670000000,0,0,0
1,592,242627670000000,242627670087250,242627676158625,6071375,6158625,87250,242627680000000,0,0,0
1,593,242627680000000,242627680076500,242627686112250,6035750,6112250,76500,242627690000000,0,0,0
1,594,242627690000000,242627690084125,242627696129250,6045125,6129250,84125,242627700000000,0,0,0
1,595,242627700000000,242627700082875,242627706035875,5953000,6035875,82875,242627710000000,0,0,0
1,596,242627710000000,242627710115375,242627715612500,5497125,5612500,115375,242627720000000,0,0,0
1,597,242627720000000,242627720088250,242627726131375,6043125,6131375,88250,242627730000000,0,0,0
1,598,242627730000000,242627730098375,242627736139500,6041125,6139500,98375,242627740000000,0,0,0
1,599,242627740000000,242627740082625,242627746099375,6016750,6099375,82625,242627750000000,0,0,0
1,600,242627750000000,242627750120000,242627756193750,6073750,6193750,120000,242627760000000,0,0,0
1,601,242627760000000,242627760080875,242627766117375,6036500,6117375,80875,242627770000000,0,0,0
1,602,242627770000000,242627770079125,242627775623000,5543875,5623000,79125,242627780000000,0,0,0
1,603,242627780000000,242627780090625,242627786106875,6016250,6106875,90625,242627790000000,0,0,0
1,604,242627790000000,242627790090000,242627796139500,6049500,6139500,90000,242627800000000,0,0,0
1,605,242627800000000,242627800082000,242627806224500,6142500,6224500,82000,242627810000000,0,0,0
1,606,242627810000000,242627810086875,242627816122750,6035875,6122750,86875,242627820000000,0,0,0
1,607,242627820000000,242627820081125,242627826076250,5995125,6076250,81125,242627830000000,0,0,0
1,608,242627830000000,242627830084750,242627836195375,6110625,6195375,84750,242627840000000,0,0,0
1,609,242627840000000,242627840078625,242627846162250,6083625,6162250,78625,242627850000000,0,0,0
1,610,242627850000000,242627850085750,242627856105500,6019750,6105500,85750,242627860000000,0,0,0
1,611,242627860000000,242627860110250,242627866214000,6103750,6214000,110250,242627870000000,0,0,0
1,612,242627870000000,242627870085625,242627876107875,6022250,6107875,85625,242627880000000,0,0,0
1,613,242627880000000,242627880070375,242627886142250,6071875,6142250,70375,242627890000000,0,0,0
1,614,242627890000000,242627890085500,242627896175625,6090125,6175625,85500,242627900000000,0,0,0
1,615,242627900000000,242627900083625,242627906052625,5969000,6052625,83625,242627910000000,0,0,0
1,616,242627910000000,242627910082125,242627916148000,6065875,6148000,82125,242627920000000,0,0,0
1,617,242627920000000,242627920084250,242627926161500,6077250,6161500,84250,242627930000000,0,0,0
1,618,242627930000000,242627930084250,242627936086125,6001875,6086125,84250,242627940000000,0,0,0
1,619,242627940000000,242627940082625,242627946174750,6092125,6174750,82625,242627950000000,0,0,0
1,620,242627950000000,242627950086000,242627955980375,5894375,5980375,86000,242627960000000,0,0,0
1,621,242627960000000,242627960079500,242627966123875,6044375,6123875,79500,242627970000000,0,0,0
1,622,242627970000000,242627970111000,242627976111875,6000875,6111875,111000,242627980000000,0,0,0
1,623,242627980000000,242627980080625,242627985962750,5882125,5962750,80625,242627990000000,0,0,0
1,624,242627990000000,242627990120500,242627996378375,6257875,6378375,120500,242628000000000,0,0,0
1,625,242628000000000,242628000084375,242628005390875,5306500,5390875,84375,242628010000000,0,0,0
1,626,242628010000000,242628010086250,242628016078375,5992125,6078375,86250,242628020000000,0,0,0
1,627,242628020000000,242628020085250,242628025808750,5723500,5808750,85250,242628030000000,0,0,0
1,628,242628030000000,242628030084500,242628036300750,6216250,6300750,84500,242628040000000,0,0,0
1,629,242628040000000,242628040083000,242628046050250,5967250,6050250,83000,242628050000000,0,0,0
1,630,242628050000000,242628050083125,242628056215375,6132250,6215375,83125,242628060000000,0,0,0
1,631,242628060000000,242628060113500,242628066110375,5996875,6110375,113500,242628070000000,0,0,0
1,632,242628070000000,242628070085250,242628076251125,6165875,6251125,85250,242628080000000,0,0,0
1,633,242628080000000,242628080104250,242628086099500,5995250,6099500,104250,242628090000000,0,0,0
1,634,242628090000000,242628090084875,242628095599375,5514500,5599375,84875,242628100000000,0,0,0
1,635,242628100000000,242628100117250,242628106164250,6047000,6164250,117250,242628110000000,0,0,0
1,636,242628110000000,242628110085625,242628116195000,6109375,6195000,85625,242628120000000,0,0,0
1,637,242628120000000,242628120084000,242628126110375,6026375,6110375,84000,242628130000000,0,0,0
1,638,242628130000000,242628130086500,242628136143125,6056625,6143125,86500,242628140000000,0,0,0
1,639,242628140000000,242628140083500,242628146124750,6041250,6124750,83500,242628150000000,0,0,0
1,640,242628150000000,242628150088375,242628155672125,5583750,5672125,88375,242628160000000,0,0,0
1,641,242628160000000,242628160084250,242628166259750,6175500,6259750,84250,242628170000000,0,0,0
1,642,242628170000000,242628170087875,242628176129125,6041250,6129125,87875,242628180000000,0,0,0
1,643,242628180000000,242628180081250,242628186068750,5987500,6068750,81250,242628190000000,0,0,0
1,644,242628190000000,242628190082250,242628195559125,5476875,5559125,82250,242628200000000,0,0,0
1,645,242628200000000,242628200085500,242628206245500,6160000,6245500,85500,242628210000000,0,0,0
1,646,242628210000000,242628210084875,242628216111750,6026875,6111750,84875,242628220000000,0,0,0
1,647,242628220000000,242628220082000,242628226143500,6061500,6143500,82000,242628230000000,0,0,0
1,648,242628230000000,242628230107875,242628236172500,6064625,6172500,107875,242628240000000,0,0,0
1,649,242628240000000,242628240086250,242628246111375,6025125,6111375,86250,242628250000000,0,0,0
1,650,242628250000000,242628250116625,242628256165250,6048625,6165250,116625,242628260000000,0,0,0
1,651,242628260000000,242628260085750,242628265410750,5325000,5410750,85750,242628270000000,0,0,0
1,652,242628270000000,242628270082750,242628276114250,6031500,6114250,82750,242628280000000,0,0,0
1,653,242628280000000,242628280082875,242628286074000,5991125,6074000,82875,242628290000000,0,0,0
1,654,242628290000000,242628290084000,242628296203250,6119250,6203250,84000,242628300000000,0,0,0
1,655,242628300000000,242628300077875,242628306062750,5984875,6062750,77875,242628310000000,0,0,0
1,656,242628310000000,242628310089250,242628316162000,6072750,6162000,89250,242628320000000,0,0,0
1,657,242628320000000,242628320086125,242628326064625,5978500,6064625,86125,242628330000000,0,0,0
1,658,242628330000000,242628330088250,242628336182875,6094625,6182875,88250,242628340000000,0,0,0
1,659,242628340000000,242628340082625,242628346033000,5950375,6033000,82625,242628350000000,0,0,0
1,660,242628350000000,242628350084625,242628356220875,6136250,6220875,84625,242628360000000,0,0,0
1,661,242628360000000,242628360082500,242628366082125,5999625,6082125,82500,242628370000000,0,0,0
1,662,242628370000000,242628370088250,242628375664625,5576375,5664625,88250,242628380000000,0,0,0
1,663,242628380000000,242628380110625,242628386187375,6076750,6187375,110625,242628390000000,0,0,0
1,664,242628390000000,242628390089750,242628396131750,6042000,6131750,89750,242628400000000,0,0,0
1,665,242628400000000,242628400117000,242628406129375,6012375,6129375,117000,242628410000000,0,0,0
1,666,242628410000000,242628410086000,242628415592125,5506125,5592125,86000,242628420000000,0,0,0
1,667,242628420000000,242628420113375,242628426165000,6051625,6165000,113375,242628430000000,0,0,0
1,668,242628430000000,242628430088750,242628436137750,6049000,6137750,88750,242628440000000,0,0,0
1,669,242628440000000,242628440084875,242628446127375,6042500,6127375,84875,242628450000000,0,0,0
1,670,242628450000000,242628450082500,242628456123000,6040500,6123000,82500,242628460000000,0,0,0
1,671,242628460000000,242628460085750,242628466104375,6018625,6104375,85750,242628470000000,0,0,0
1,672,242628470000000,242628470083750,242628476149625,6065875,6149625,83750,242628480000000,0,0,0
1,673,242628480000000,242628480082500,242628486079125,5996625,6079125,82500,242628490000000,0,0,0
1,674,242628490000000,242628490092625,242628496088375,5995750,6088375,92625,242628500000000,0,0,0
1,675,242628500000000,242628500085875,242628506113250,6027375,6113250,85875,242628510000000,0,0,0
1,676,242628510000000,242628510104375,242628516173750,6069375,6173750,104375,242628520000000,0,0,0
1,677,242628520000000,242628520082625,242628526075500,5992875,6075500,82625,242628530000000,0,0,0
1,678,242628530000000,242628530086500,242628536131625,6045125,6131625,86500,242628540000000,0,0,0
1,679,242628540000000,242628540083625,242628546105875,6022250,6105875,83625,242628550000000,0,0,0
1,680,242628550000000,242628550089250,242628556131750,6042500,6131750,89250,242628560000000,0,0,0
1,681,242628560000000,242628560080625,242628566191375,6110750,6191375,80625,242628570000000,0,0,0
1,682,242628570000000,242628570087750,242628575565500,5477750,5565500,87750,242628580000000,0,0,0
1,683,242628580000000,242628580109625,242628585382250,5272625,5382250,109625,242628590000000,0,0,0
1,684,242628590000000,242628590081875,242628596162625,6080750,6162625,81875,242628600000000,0,0,0
1,685,242628600000000,242628600090625,242628606109500,6018875,6109500,90625,242628610000000,0,0,0
1,686,242628610000000,242628610086125,242628615600125,5514000,5600125,86125,242628620000000,0,0,0
1,687,242628620000000,242628620097250,242628626074875,5977625,6074875,97250,242628630000000,0,0,0
1,688,242628630000000,242628630085375,242628636133500,6048125,6133500,85375,242628640000000,0,0,0
1,689,242628640000000,242628640061625,242628646091875,6030250,6091875,61625,242628650000000,0,0,0
1,690,242628650000000,242628650084375,242628656142875,6058500,6142875,84375,242628660000000,0,0,0
1,691,242628660000000,242628660084375,242628665662000,5577625,5662000,84375,242628670000000,0,0,0
1,692,242628670000000,242628670081125,242628676250250,6169125,6250250,81125,242628680000000,0,0,0
1,693,242628680000000,242628680083500,242628686135750,6052250,6135750,83500,242628690000000,0,0,0
1,694,242628690000000,242628690082750,242628696175000,6092250,6175000,82750,242628700000000,0,0,0
1,695,242628700000000,242628700078250,242628706076375,5998125,6076375,78250,242628710000000,0,0,0
1,696,242628710000000,242628710104000,242628715596375,5492375,5596375,104000,242628720000000,0,0,0
1,697,242628720000000,242628720088125,242628726207125,6119000,6207125,88125,242628730000000,0,0,0
1,698,242628730000000,242628730082375,242628736154375,6072000,6154375,82375,242628740000000,0,0,0
1,699,242628740000000,242628740083375,242628746113000,6029625,6113000,83375,242628750000000,0,0,0
1,700,242628750000000,242628750083375,242628755918375,5835000,5918375,83375,242628760000000,0,0,0
1,701,242628760000000,242628760084500,242628765632250,5547750,5632250,84500,242628770000000,0,0,0
1,702,242628770000000,242628770076375,242628775605000,5528625,5605000,76375,242628780000000,0,0,0
1,703,242628780000000,242628780084250,242628786211500,6127250,6211500,84250,242628790000000,0,0,0
1,704,242628790000000,242628790088750,242628796219000,6130250,6219000,88750,242628800000000,0,0,0
1,705,242628800000000,242628800083625,242628806084875,6001250,6084875,83625,242628810000000,0,0,0
1,706,242628810000000,242628810088500,242628816282500,6194000,6282500,88500,242628820000000,0,0,0
1,707,242628820000000,242628820083750,242628826137250,6053500,6137250,83750,242628830000000,0,0,0
1,708,242628830000000,242628830063375,242628836087625,6024250,6087625,63375,242628840000000,0,0,0
1,709,242628840000000,242628840081375,242628846101000,6019625,6101000,81375,242628850000000,0,0,0
1,710,242628850000000,242628850094375,242628855407375,5313000,5407375,94375,242628860000000,0,0,0
1,711,242628860000000,242628860116750,242628866110250,5993500,6110250,116750,242628870000000,0,0,0
1,712,242628870000000,242628870088125,242628875588500,5500375,5588500,88125,242628880000000,0,0,0
1,713,242628880000000,242628880084500,242628886123000,6038500,6123000,84500,242628890000000,0,0,0
1,714,242628890000000,242628890085750,242628896105625,6019875,6105625,85750,242628900000000,0,0,0
1,715,242628900000000,242628900071000,242628906063000,5992000,6063000,71000,242628910000000,0,0,0
1,716,242628910000000,242628910087000,242628915613625,5526625,5613625,87000,242628920000000,0,0,0
1,717,242628920000000,242628920088500,242628926153625,6065125,6153625,88500,242628930000000,0,0,0
1,718,242628930000000,242628930073000,242628936224250,6151250,6224250,73000,242628940000000,0,0,0
1,719,242628940000000,242628940086000,242628946024750,5938750,6024750,86000,242628950000000,0,0,0
1,720,242628950000000,242628950076250,242628956133375,6057125,6133375,76250,242628960000000,0,0,0
1,721,242628960000000,242628960067750,242628966061250,5993500,6061250,67750,242628970000000,0,0,0
1,722,242628970000000,242628970109500,242628976245875,6136375,6245875,109500,242628980000000,0,0,0
1,723,242628980000000,242628980078875,242628986074250,5995375,6074250,78875,242628990000000,0,0,0
1,724,242628990000000,242628990109875,242628995690750,5580875,5690750,109875,242629000000000,0,0,0
1,725,242629000000000,242629000087250,242629006117500,6030250,6117500,87250,242629010000000,0,0,0
1,726,242629010000000,242629010085875,242629015600500,5514625,5600500,85875,242629020000000,0,0,0
1,727,242629020000000,242629020087125,242629026129750,6042625,6129750,87125,242629030000000,0,0,0
1,728,242629030000000,242629030087250,242629036159000,6071750,6159000,87250,242629040000000,0,0,0
1,729,242629040000000,242629040079375,242629046087500,6008125,6087500,79375,242629050000000,0,0,0
1,730,242629050000000,242629050084875,242629056250250,6165375,6250250,84875,242629060000000,0,0,0
1,731,242629060000000,242629060075375,242629066124000,6048625,6124000,75375,242629070000000,0,0,0
1,732,242629070000000,242629070086625,242629076214750,6128125,6214750,86625,242629080000000,0,0,0
1,733,242629080000000,242629080081875,242629085860125,5778250,5860125,81875,242629090000000,0,0,0
1,734,242629090000000,242629090086875,242629096130625,6043750,6130625,86875,242629100000000,0,0,0
1,735,242629100000000,242629100104250,242629106066125,5961875,6066125,104250,242629110000000,0,0,0
1,736,242629110000000,242629110084625,242629116123375,6038750,6123375,84625,242629120000000,0,0,0
1,737,242629120000000,242629120082375,242629126262625,6180250,6262625,82375,242629130000000,0,0,0
1,738,242629130000000,242629130086750,242629136124250,6037500,6124250,86750,242629140000000,0,0,0
1,739,242629140000000,242629140086875,242629146070375,5983500,6070375,86875,242629150000000,0,0,0
1,740,242629150000000,242629150082875,242629156080750,5997875,6080750,82875,242629160000000,0,0,0
1,741,242629160000000,242629160084250,242629165822375,5738125,5822375,84250,242629170000000,0,0,0
1,742,242629170000000,242629170113000,242629176193125,6080125,6193125,113000,242629180000000,0,0,0
1,743,242629180000000,242629180083875,242629186115250,6031375,6115250,83875,242629190000000,0,0,0
1,744,242629190000000,242629190114500,242629196166125,6051625,6166125,114500,242629200000000,0,0,0
1,745,242629200000000,242629200084750,242629206129375,6044625,6129375,84750,242629210000000,0,0,0
1,746,242629210000000,242629210106125,242629216211750,6105625,6211750,106125,242629220000000,0,0,0
1,747,242629220000000,242629220083000,242629225848000,5765000,5848000,83000,242629230000000,0,0,0
1,748,242629230000000,242629230085500,242629236352250,6266750,6352250,85500,242629240000000,0,0,0
1,749,242629240000000,242629240082250,242629245583750,5501500,5583750,82250,242629250000000,0,0,0
1,750,242629250000000,242629250086875,242629256137375,6050500,6137375,86875,242629260000000,0,0,0
1,751,242629260000000,242629260087750,242629266067250,5979500,6067250,87750,242629270000000,0,0,0
1,752,242629270000000,242629270084000,242629276215000,6131000,6215000,84000,242629280000000,0,0,0
1,753,242629280000000,242629280071000,242629286043500,5972500,6043500,71000,242629290000000,0,0,0
1,754,242629290000000,242629290084375,242629296285000,6200625,6285000,84375,242629300000000,0,0,0
1,755,242629300000000,242629300081250,242629306055875,5974625,6055875,81250,242629310000000,0,0,0
1,756,242629310000000,242629310080125,242629316105750,6025625,6105750,80125,242629320000000,0,0,0
1,757,242629320000000,242629320109750,242629326141125,6031375,6141125,109750,242629330000000,0,0,0
1,758,242629330000000,242629330085750,242629335902750,5817000,5902750,85750,242629340000000,0,0,0
1,759,242629340000000,242629340118875,242629346108500,5989625,6108500,118875,242629350000000,0,0,0
1,760,242629350000000,242629350085000,242629356101250,6016250,6101250,85000,242629360000000,0,0,0
1,761,242629360000000,242629360084625,242629366118125,6033500,6118125,84625,242629370000000,0,0,0
1,762,242629370000000,242629370086500,242629376278250,6191750,6278250,86500,242629380000000,0,0,0
1,763,242629380000000,242629380080500,242629386077250,5996750,6077250,80500,242629390000000,0,0,0
1,764,242629390000000,242629390083625,242629396193125,6109500,6193125,83625,242629400000000,0,0,0
1,765,242629400000000,242629400084750,242629406090500,6005750,6090500,84750,242629410000000,0,0,0
1,766,242629410000000,242629410084125,242629416106750,6022625,6106750,84125,242629420000000,0,0,0
1,767,242629420000000,242629420082500,242629426045125,5962625,6045125,82500,242629430000000,0,0,0
1,768,242629430000000,242629430113500,242629436152000,6038500,6152000,113500,242629440000000,0,0,0
1,769,242629440000000,242629440085625,242629446095500,6009875,6095500,85625,242629450000000,0,0,0
1,770,242629450000000,242629450085750,242629456170375,6084625,6170375,85750,242629460000000,0,0,0
1,771,242629460000000,242629460082000,242629466098500,6016500,6098500,82000,242629470000000,0,0,0
1,772,242629470000000,242629470087750,242629476139000,6051250,6139000,87750,242629480000000,0,0,0
1,773,242629480000000,242629480082625,242629485869500,5786875,5869500,82625,242629490000000,0,0,0
1,774,242629490000000,242629490087125,242629495661625,5574500,5661625,87125,242629500000000,0,0,0
1,775,242629500000000,242629500112625,242629506242750,6130125,6242750,112625,242629510000000,0,0,0
1,776,242629510000000,242629510074000,242629516069500,5995500,6069500,74000,242629520000000,0,0,0
1,777,242629520000000,242629520084750,242629526127500,6042750,6127500,84750,242629530000000,0,0,0
1,778,242629530000000,242629530085750,242629536193750,6108000,6193750,85750,242629540000000,0,0,0
1,779,242629540000000,242629540083875,242629546147125,6063250,6147125,83875,242629550000000,0,0,0
1,780,242629550000000,242629550089000,242629556166500,6077500,6166500,89000,242629560000000,0,0,0
1,781,242629560000000,242629560083625,242629566055625,5972000,6055625,83625,242629570000000,0,0,0
1,782,242629570000000,242629570083125,242629576135875,6052750,6135875,83125,242629580000000,0,0,0
1,783,242629580000000,242629580081375,242629586109750,6028375,6109750,81375,242629590000000,0,0,0
1,784,242629590000000,242629590083625,242629596136375,6052750,6136375,83625,242629600000000,0,0,0
1,785,242629600000000,242629600083250,242629606102500,6019250,6102500,83250,242629610000000,0,0,0
1,786,242629610000000,242629610114625,242629616170750,6056125,6170750,114625,242629620000000,0,0,0
1,787,242629620000000,242629620083125,242629625940125,5857000,5940125,83125,242629630000000,0,0,0
1,788,242629630000000,242629630086875,242629635658250,5571375,5658250,86875,242629640000000,0,0,0
1,789,242629640000000,242629640087125,242629645915000,5827875,5915000,87125,242629650000000,0,0,0
1,790,242629650000000,242629650089375,242629655977750,5888375,5977750,89375,242629660000000,0,0,0
1,791,242629660000000,242629660073750,242629666102250,6028500,6102250,73750,242629670000000,0,0,0
1,792,242629670000000,242629670083375,242629676147250,6063875,6147250,83375,242629680000000,0,0,0
1,793,242629680000000,242629680078000,242629686010125,5932125,6010125,78000,242629690000000,0,0,0
1,794,242629690000000,242629690084500,242629695565000,5480500,5565000,84500,242629700000000,0,0,0
1,795,242629700000000,242629700114875,242629706180500,6065625,6180500,114875,242629710000000,0,0,0
1,796,242629710000000,242629710090625,242629716100750,6010125,6100750,90625,242629720000000,0,0,0
1,797,242629720000000,242629720081250,242629726065000,5983750,6065000,81250,242629730000000,0,0,0
1,798,242629730000000,242629730082625,242629736160500,6077875,6160500,82625,242629740000000,0,0,0
1,799,242629740000000,242629740083625,242629746096250,6012625,6096250,83625,242629750000000,0,0,0
1,800,242629750000000,242629750083500,242629755605375,5521875,5605375,83500,242629760000000,0,0,0
1,801,242629760000000,242629760084875,242629766156500,6071625,6156500,84875,242629770000000,0,0,0
1,802,242629770000000,242629770070875,242629776141750,6070875,6141750,70875,242629780000000,0,0,0
1,803,242629780000000,242629780084250,242629786116000,6031750,6116000,84250,242629790000000,0,0,0
1,804,242629790000000,242629790104125,242629796184750,6080625,6184750,104125,242629800000000,0,0,0
1,805,242629800000000,242629800081625,242629805848250,5766625,5848250,81625,242629810000000,0,0,0
1,806,242629810000000,242629810088125,242629816197375,6109250,6197375,88125,242629820000000,0,0,0
1,807,242629820000000,242629820074875,242629826031500,5956625,6031500,74875,242629830000000,0,0,0
1,808,242629830000000,242629830089750,242629836123250,6033500,6123250,89750,242629840000000,0,0,0
1,809,242629840000000,242629840082375,242629845378250,5295875,5378250,82375,242629850000000,0,0,0
1,810,242629850000000,242629850084250,242629856128875,6044625,6128875,84250,242629860000000,0,0,0
1,811,242629860000000,242629860083500,242629866052500,5969000,6052500,83500,242629870000000,0,0,0
1,812,242629870000000,242629870083750,242629876150500,6066750,6150500,83750,242629880000000,0,0,0
1,813,242629880000000,242629880079500,242629886089625,6010125,6089625,79500,242629890000000,0,0,0
1,814,242629890000000,242629890084000,242629896095250,6011250,6095250,84000,242629900000000,0,0,0
1,815,242629900000000,242629900113875,242629906107250,5993375,6107250,113875,242629910000000,0,0,0
1,816,242629910000000,242629910085625,242629916248375,6162750,6248375,85625,242629920000000,0,0,0
1,817,242629920000000,242629920072500,242629926140375,6067875,6140375,72500,242629930000000,0,0,0
1,818,242629930000000,242629930085125,242629935624375,5539250,5624375,85125,242629940000000,0,0,0
1,819,242629940000000,242629940088250,242629946165000,6076750,6165000,88250,242629950000000,0,0,0
1,820,242629950000000,242629950083375,242629956144625,6061250,6144625,83375,242629960000000,0,0,0
1,821,242629960000000,242629960083625,242629966247000,6163375,6247000,83625,242629970000000,0,0,0
1,822,242629970000000,242629970085375,242629975599750,5514375,5599750,85375,242629980000000,0,0,0
1,823,242629980000000,242629980087875,242629986114000,6026125,6114000,87875,242629990000000,0,0,0
1,824,242629990000000,242629990113750,242629995905500,5791750,5905500,113750,242630000000000,0,0,0
1,825,242630000000000,242630000085000,242630006120500,6035500,6120500,85000,242630010000000,0,0,0
1,826,242630010000000,242630010084375,242630016131875,6047500,6131875,84375,242630020000000,0,0,0
1,827,242630020000000,242630020081375,242630026061500,5980125,6061500,81375,242630030000000,0,0,0
1,828,242630030000000,242630030086000,242630036101375,6015375,6101375,86000,242630040000000,0,0,0
1,829,242630040000000,242630040082000,242630046072750,5990750,6072750,82000,242630050000000,0,0,0
1,830,242630050000000,242630050085250,242630056132375,6047125,6132375,85250,242630060000000,0,0,0
1,831,242630060000000,242630060081250,242630066080375,5999125,6080375,81250,242630070000000,0,0,0
1,832,242630070000000,242630070085250,242630075404625,5319375,5404625,85250,242630080000000,0,0,0
1,833,242630080000000,242630080109000,242630086149875,6040875,6149875,109000,242630090000000,0,0,0
1,834,242630090000000,242630090086125,242630096129625,6043500,6129625,86125,242630100000000,0,0,0
1,835,242630100000000,242630100122750,242630106034875,5912125,6034875,122750,242630110000000,0,0,0
1,836,242630110000000,242630110086625,242630116202000,6115375,6202000,86625,242630120000000,0,0,0
1,837,242630120000000,242630120080750,242630125846125,5765375,5846125,80750,242630130000000,0,0,0
1,838,242630130000000,242630130083375,242630136305875,6222500,6305875,83375,242630140000000,0,0,0
1,839,242630140000000,242630140086000,242630146188875,6102875,6188875,86000,242630150000000,0,0,0
1,840,242630150000000,242630150083125,242630156205750,6122625,6205750,83125,242630160000000,0,0,0
1,841,242630160000000,242630160083875,242630166125875,6042000,6125875,83875,242630170000000,0,0,0
1,842,242630170000000,242630170105000,242630176138375,6033375,6138375,105000,242630180000000,0,0,0
1,843,242630180000000,242630180085375,242630186177000,6091625,6177000,85375,242630190000000,0,0,0
1,844,242630190000000,242630190118125,242630195673500,5555375,5673500,118125,242630200000000,0,0,0
1,845,242630200000000,242630200085750,242630205920625,5834875,5920625,85750,242630210000000,0,0,0
1,846,242630210000000,242630210115000,242630216200125,6085125,6200125,115000,242630220000000,0,0,0
1,847,242630220000000,242630220083250,242630226113125,6029875,6113125,83250,242630230000000,0,0,0
1,848,242630230000000,242630230119250,242630235645000,5525750,5645000,119250,242630240000000,0,0,0
1,849,242630240000000,242630240087125,242630246143125,6056000,6143125,87125,242630250000000,0,0,0
1,850,242630250000000,242630250086000,242630256201125,6115125,6201125,86000,242630260000000,0,0,0
1,851,242630260000000,242630260084000,242630266216875,6132875,6216875,84000,242630270000000,0,0,0
1,852,242630270000000,242630270084625,242630275620500,5535875,5620500,84625,242630280000000,0,0,0
1,853,242630280000000,242630280084875,242630285907625,5822750,5907625,84875,242630290000000,0,0,0
1,854,242630290000000,242630290088875,242630296191875,6103000,6191875,88875,242630300000000,0,0,0
1,855,242630300000000,242630300089625,242630306068750,5979125,6068750,89625,242630310000000,0,0,0
1,856,242630310000000,242630310090250,242630316292000,6201750,6292000,90250,242630320000000,0,0,0
1,857,242630320000000,242630320076500,242630326102375,6025875,6102375,76500,242630330000000,0,0,0
1,858,242630330000000,242630330087625,242630336258500,6170875,6258500,87625,242630340000000,0,0,0
1,859,242630340000000,242630340111250,242630346168625,6057375,6168625,111250,242630350000000,0,0,0
1,860,242630350000000,242630350089000,242630356170250,6081250,6170250,89000,242630360000000,0,0,0
1,861,242630360000000,242630360081125,242630366115750,6034625,6115750,81125,242630370000000,0,0,0
1,862,242630370000000,242630370083125,242630376105625,6022500,6105625,83125,242630380000000,0,0,0
1,863,242630380000000,242630380083125,242630385943750,5860625,5943750,83125,242630390000000,0,0,0
1,864,242630390000000,242630390088750,242630395894625,5805875,5894625,88750,242630400000000,0,0,0
1,865,242630400000000,242630400085875,242630406100750,6014875,6100750,85875,242630410000000,0,0,0
1,866,242630410000000,242630410082250,242630416127000,6044750,6127000,82250,242630420000000,0,0,0
1,867,242630420000000,242630420085250,242630426100250,6015000,6100250,85250,242630430000000,0,0,0
1,868,242630430000000,242630430074250,242630436062125,5987875,6062125,74250,242630440000000,0,0,0
1,869,242630440000000,242630440086000,242630446104250,6018250,6104250,86000,242630450000000,0,0,0
1,870,242630450000000,242630450080625,242630456079000,5998375,6079000,80625,242630460000000,0,0,0
1,871,242630460000000,242630460082000,242630466035250,5953250,6035250,82000,242630470000000,0,0,0
1,872,242630470000000,242630470112000,242630476169875,6057875,6169875,112000,242630480000000,0,0,0
1,873,242630480000000,242630480084375,242630486179750,6095375,6179750,84375,242630490000000,0,0,0
1,874,242630490000000,242630490115875,242630496171125,6055250,6171125,115875,242630500000000,0,0,0
1,875,242630500000000,242630500086000,242630506076000,5990000,6076000,86000,242630510000000,0,0,0
1,876,242630510000000,242630510104125,242630516087250,5983125,6087250,104125,242630520000000,0,0,0
1,877,242630520000000,242630520084500,242630526133250,6048750,6133250,84500,242630530000000,0,0,0
1,878,242630530000000,242630530074125,242630536181500,6107375,6181500,74125,242630540000000,0,0,0
1,879,242630540000000,242630540086625,242630546092375,6005750,6092375,86625,242630550000000,0,0,0
1,880,242630550000000,242630550086125,242630555596750,5510625,5596750,86125,242630560000000,0,0,0
1,881,242630560000000,242630560087750,242630566275250,6187500,6275250,87750,242630570000000,0,0,0
1,882,242630570000000,242630570086125,242630575603875,5517750,5603875,86125,242630580000000,0,0,0
1,883,242630580000000,242630580083375,242630586273000,6189625,6273000,83375,242630590000000,0,0,0
1,884,242630590000000,242630590089125,242630595605625,5516500,5605625,89125,242630600000000,0,0,0
1,885,242630600000000,242630600072875,242630605993875,5921000,5993875,72875,242630610000000,0,0,0
1,886,242630610000000,242630610089500,242630616167875,6078375,6167875,89500,242630620000000,0,0,0
1,887,242630620000000,242630620081500,242630626085625,6004125,6085625,81500,242630630000000,0,0,0
1,888,242630630000000,242630630087625,242630636156750,6069125,6156750,87625,242630640000000,0,0,0
1,889,242630640000000,242630640075875,242630646078375,6002500,6078375,75875,242630650000000,0,0,0
1,890,242630650000000,242630650085750,242630656120875,6035125,6120875,85750,242630660000000,0,0,0
1,891,242630660000000,242630660079875,242630666082875,6003000,6082875,79875,242630670000000,0,0,0
1,892,242630670000000,242630670084250,242630675585875,5501625,5585875,84250,242630680000000,0,0,0
1,893,242630680000000,242630680109500,242630685663875,5554375,5663875,109500,242630690000000,0,0,0
1,894,242630690000000,242630690064375,242630695546875,5482500,5546875,64375,242630700000000,0,0,0
1,895,242630700000000,242630700104750,242630705868750,5764000,5868750,104750,242630710000000,0,0,0
1,896,242630710000000,242630710086875,242630716173000,6086125,6173000,86875,242630720000000,0,0,0
1,897,242630720000000,242630720084750,242630726155500,6070750,6155500,84750,242630730000000,0,0,0
1,898,242630730000000,242630730084500,242630736173750,6089250,6173750,84500,242630740000000,0,0,0
1,899,242630740000000,242630740083000,242630745383500,5300500,5383500,83000,242630750000000,0,0,0
1,900,242630750000000,242630750072750,242630756161375,6088625,6161375,72750,242630760000000,0,0,0
1,901,242630760000000,242630760083500,242630766113625,6030125,6113625,83500,242630770000000,0,0,0
1,902,242630770000000,242630770078625,242630776161625,6083000,6161625,78625,242630780000000,0,0,0
1,903,242630780000000,242630780084125,242630786076125,5992000,6076125,84125,242630790000000,0,0,0
1,904,242630790000000,242630790116250,242630796156000,6039750,6156000,116250,242630800000000,0,0,0
1,905,242630800000000,242630800084750,242630806118500,6033750,6118500,84750,242630810000000,0,0,0
1,906,242630810000000,242630810084875,242630815672750,5587875,5672750,84875,242630820000000,0,0,0
1,907,242630820000000,242630820092000,242630825920875,5828875,5920875,92000,242630830000000,0,0,0
1,908,242630830000000,242630830088875,242630836209500,6120625,6209500,88875,242630840000000,0,0,0
1,909,242630840000000,242630840084500,242630846098375,6013875,6098375,84500,242630850000000,0,0,0
1,910,242630850000000,242630850084750,242630856260375,6175625,6260375,84750,242630860000000,0,0,0
1,911,242630860000000,242630860079000,242630866100750,6021750,6100750,79000,242630870000000,0,0,0
1,912,242630870000000,242630870086250,242630876176875,6090625,6176875,86250,242630880000000,0,0,0
1,913,242630880000000,242630880073625,242630886097625,6024000,6097625,73625,242630890000000,0,0,0
1,914,242630890000000,242630890084250,242630896132375,6048125,6132375,84250,242630900000000,0,0,0
1,915,242630900000000,242630900110375,242630905903875,5793500,5903875,110375,242630910000000,0,0,0
1,916,242630910000000,242630910086125,242630916162000,6075875,6162000,86125,242630920000000,0,0,0
1,917,242630920000000,242630920084500,242630926150625,6066125,6150625,84500,242630930000000,0,0,0
1,918,242630930000000,242630930256125,242630936116375,5860250,6116375,256125,242630940000000,0,0,0
1,919,242630940000000,242630940071250,242630946073125,6001875,6073125,71250,242630950000000,0,0,0
1,920,242630950000000,242630950085875,242630956156125,6070250,6156125,85875,242630960000000,0,0,0
1,921,242630960000000,242630960084000,242630966195625,6111625,6195625,84000,242630970000000,0,0,0
1,922,242630970000000,242630970086375,242630976096250,6009875,6096250,86375,242630980000000,0,0,0
1,923,242630980000000,242630980081125,242630985850500,5769375,5850500,81125,242630990000000,0,0,0
1,924,242630990000000,242630990116000,242630996218000,6102000,6218000,116000,242631000000000,0,0,0
1,925,242631000000000,242631000082625,242631006083750,6001125,6083750,82625,242631010000000,0,0,0
1,926,242631010000000,242631010117875,242631016195875,6078000,6195875,117875,242631020000000,0,0,0
1,927,242631020000000,242631020085000,242631026072125,5987125,6072125,85000,242631030000000,0,0,0
1,928,242631030000000,242631030104500,242631035931750,5827250,5931750,104500,242631040000000,0,0,0
1,929,242631040000000,242631040087625,242631046212875,6125250,6212875,87625,242631050000000,0,0,0
1,930,242631050000000,242631050085000,242631056151000,6066000,6151000,85000,242631060000000,0,0,0
1,931,242631060000000,242631060084375,242631066164250,6079875,6164250,84375,242631070000000,0,0,0
1,932,242631070000000,242631070087625,242631076225500,6137875,6225500,87625,242631080000000,0,0,0
1,933,242631080000000,242631080084875,242631086081375,5996500,6081375,84875,242631090000000,0,0,0
1,934,242631090000000,242631090085875,242631096104625,6018750,6104625,85875,242631100000000,0,0,0
1,935,242631100000000,242631100084750,242631105610250,5525500,5610250,84750,242631110000000,0,0,0
1,936,242631110000000,242631110083000,242631116129500,6046500,6129500,83000,242631120000000,0,0,0
1,937,242631120000000,242631120081875,242631126132375,6050500,6132375,81875,242631130000000,0,0,0
1,938,242631130000000,242631130085250,242631136226625,6141375,6226625,85250,242631140000000,0,0,0
1,939,242631140000000,242631140072250,242631146075500,6003250,6075500,72250,242631150000000,0,0,0
1,940,242631150000000,242631150085625,242631156111000,6025375,6111000,85625,242631160000000,0,0,0
1,941,242631160000000,242631160111250,242631166169125,6057875,6169125,111250,242631170000000,0,0,0
1,942,242631170000000,242631170088625,242631176145875,6057250,6145875,88625,242631180000000,0,0,0
1,943,242631180000000,242631180084250,242631186131750,6047500,6131750,84250,242631190000000,0,0,0
1,944,242631190000000,242631190086625,242631195574000,5487375,5574000,86625,242631200000000,0,0,0
1,945,242631200000000,242631200085750,242631206158125,6072375,6158125,85750,242631210000000,0,0,0
1,946,242631210000000,242631210087000,242631216104875,6017875,6104875,87000,242631220000000,0,0,0
1,947,242631220000000,242631220085375,242631226106625,6021250,6106625,85375,242631230000000,0,0,0
1,948,242631230000000,242631230076375,242631235576125,5499750,5576125,76375,242631240000000,0,0,0
1,949,242631240000000,242631240085625,242631246083875,5998250,6083875,85625,242631250000000,0,0,0
1,950,242631250000000,242631250111250,242631256223625,6112375,6223625,111250,242631260000000,0,0,0
1,951,242631260000000,242631260085000,242631266127000,6042000,6127000,85000,242631270000000,0,0,0
1,952,242631270000000,242631270089750,242631275606375,5516625,5606375,89750,242631280000000,0,0,0
1,953,242631280000000,242631280085625,242631286136125,6050500,6136125,85625,242631290000000,0,0,0
1,954,242631290000000,242631290085000,242631296187500,6102500,6187500,85000,242631300000000,0,0,0
1,955,242631300000000,242631300080000,242631305839500,5759500,5839500,80000,242631310000000,0,0,0
1,956,242631310000000,242631310087750,242631316344625,6256875,6344625,87750,242631320000000,0,0,0
1,957,242631320000000,242631320080375,242631326046000,5965625,6046000,80375,242631330000000,0,0,0
1,958,242631330000000,242631330086000,242631336213250,6127250,6213250,86000,242631340000000,0,0,0
1,959,242631340000000,242631340083000,242631346062500,5979500,6062500,83000,242631350000000,0,0,0
1,960,242631350000000,242631350086250,242631356067000,5980750,6067000,86250,242631360000000,0,0,0
1,961,242631360000000,242631360114875,242631365877250,5762375,5877250,114875,242631370000000,0,0,0
1,962,242631370000000,242631370086750,242631376149875,6063125,6149875,86750,242631380000000,0,0,0
1,963,242631380000000,242631380083875,242631386113625,6029750,6113625,83875,242631390000000,0,0,0
1,964,242631390000000,242631390084125,242631395621000,5536875,5621000,84125,242631400000000,0,0,0
1,965,242631400000000,242631400086625,242631406161500,6074875,6161500,86625,242631410000000,0,0,0
1,966,242631410000000,242631410087250,242631416124500,6037250,6124500,87250,242631420000000,0,0,0
1,967,242631420000000,242631420085750,242631426140000,6054250,6140000,85750,242631430000000,0,0,0
1,968,242631430000000,242631430086375,242631435920000,5833625,5920000,86375,242631440000000,0,0,0
1,969,242631440000000,242631440086750,242631445952625,5865875,5952625,86750,242631450000000,0,0,0
1,970,242631450000000,242631450083875,242631456134375,6050500,6134375,83875,242631460000000,0,0,0
1,971,242631460000000,242631460082875,242631465865750,5782875,5865750,82875,242631470000000,0,0,0
1,972,242631470000000,242631470107875,242631476172125,6064250,6172125,107875,242631480000000,0,0,0
1,973,242631480000000,242631480084375,242631485396875,5312500,5396875,84375,242631490000000,0,0,0
1,974,242631490000000,242631490085375,242631496191500,6106125,6191500,85375,242631500000000,0,0,0
1,975,242631500000000,242631500082500,242631505859125,5776625,5859125,82500,242631510000000,0,0,0
1,976,242631510000000,242631510084125,242631516172625,6088500,6172625,84125,242631520000000,0,0,0
1,977,242631520000000,242631520081875,242631525880875,5799000,5880875,81875,242631530000000,0,0,0
1,978,242631530000000,242631530084250,242631536166625,6082375,6166625,84250,242631540000000,0,0,0
1,979,242631540000000,242631540083750,242631545878250,5794500,5878250,83750,242631550000000,0,0,0
1,980,242631550000000,242631550075250,242631556192750,6117500,6192750,75250,242631560000000,0,0,0
1,981,242631560000000,242631560081500,242631566115250,6033750,6115250,81500,242631570000000,0,0,0
1,982,242631570000000,242631570087625,242631576169250,6081625,6169250,87625,242631580000000,0,0,0
1,983,242631580000000,242631580113625,242631586172000,6058375,6172000,113625,242631590000000,0,0,0
1,984,242631590000000,242631590087500,242631595580375,5492875,5580375,87500,242631600000000,0,0,0
1,985,242631600000000,242631600100625,242631606235750,6135125,6235750,100625,242631610000000,0,0,0
1,986,242631610000000,242631610088875,242631616163125,6074250,6163125,88875,242631620000000,0,0,0
1,987,242631620000000,242631620081500,242631626230125,6148625,6230125,81500,242631630000000,0,0,0
1,988,242631630000000,242631630084500,242631636212125,6127625,6212125,84500,242631640000000,0,0,0
1,989,242631640000000,242631640082125,242631646111875,6029750,6111875,82125,242631650000000,0,0,0
1,990,242631650000000,242631650085000,242631656127625,6042625,6127625,85000,242631660000000,0,0,0
1,991,242631660000000,242631660068375,242631665773500,5705125,5773500,68375,242631670000000,0,0,0
1,992,242631670000000,242631670076250,242631676135500,6059250,6135500,76250,242631680000000,0,0,0
1,993,242631680000000,242631680067375,242631686050375,5983000,6050375,67375,242631690000000,0,0,0
1,994,242631690000000,242631690069625,242631696125875,6056250,6125875,69625,242631700000000,0,0,0
1,995,242631700000000,242631700067625,242631706072000,6004375,6072000,67625,242631710000000,0,0,0
1,996,242631710000000,242631710066875,242631716078000,6011125,6078000,66875,242631720000000,0,0,0
1,997,242631720000000,242631720084750,242631726113250,6028500,6113250,84750,242631730000000,0,0,0
1,998,242631730000000,242631730084750,242631736119500,6034750,6119500,84750,242631740000000,0,0,0
1,999,242631740000000,242631740086625,242631746111875,6025250,6111875,86625,242631750000000,0,0,0
1,1000,242631750000000,242631750119000,242631756159875,6040875,6159875,119000,242631760000000,0,0,0
1,1001,242631760000000,242631760086250,242631766086750,6000500,6086750,86250,242631770000000,0,0,0
1,1002,242631770000000,242631770079750,242631776118250,6038500,6118250,79750,242631780000000,0,0,0
1,1003,242631780000000,242631780084375,242631786074875,5990500,6074875,84375,242631790000000,0,0,0
1,1004,242631790000000,242631790084000,242631796133750,6049750,6133750,84000,242631800000000,0,0,0
1,1005,242631800000000,242631800082750,242631806083375,6000625,6083375,82750,242631810000000,0,0,0
1,1006,242631810000000,242631810087875,242631815585625,5497750,5585625,87875,242631820000000,0,0,0
1,1007,242631820000000,242631820109250,242631826157125,6047875,6157125,109250,242631830000000,0,0,0
1,1008,242631830000000,242631830089750,242631836172875,6083125,6172875,89750,242631840000000,0,0,0
1,1009,242631840000000,242631840079000,242631846116875,6037875,6116875,79000,242631850000000,0,0,0
1,1010,242631850000000,242631850084375,242631856124750,6040375,6124750,84375,242631860000000,0,0,0
1,1011,242631860000000,242631860081875,242631866089875,6008000,6089875,81875,242631870000000,0,0,0
1,1012,242631870000000,242631870084875,242631876148125,6063250,6148125,84875,242631880000000,0,0,0
1,1013,242631880000000,242631880083875,242631886074750,5990875,6074750,83875,242631890000000,0,0,0
1,1014,242631890000000,242631890087000,242631896166500,6079500,6166500,87000,242631900000000,0,0,0
1,1015,242631900000000,242631900076500,242631906082250,6005750,6082250,76500,242631910000000,0,0,0
1,1016,242631910000000,242631910085250,242631916116375,6031125,6116375,85250,242631920000000,0,0,0
1,1017,242631920000000,242631920084750,242631926090500,6005750,6090500,84750,242631930000000,0,0,0
1,1018,242631930000000,242631930083125,242631935586000,5502875,5586000,83125,242631940000000,0,0,0
1,1019,242631940000000,242631940088250,242631945848625,5760375,5848625,88250,242631950000000,0,0,0
1,1020,242631950000000,242631950111750,242631956124625,6012875,6124625,111750,242631960000000,0,0,0
1,1021,242631960000000,242631960071250,242631966074375,6003125,6074375,71250,242631970000000,0,0,0
1,1022,242631970000000,242631970083375,242631976105000,6021625,6105000,83375,242631980000000,0,0,0
1,1023,242631980000000,242631980084250,242631985830750,5746500,5830750,84250,242631990000000,0,0,0
1,1024,242631990000000,242631990085625,242631996204875,6119250,6204875,85625,242632000000000,0,0,0
1,1025,242632000000000,242632000085125,242632006098125,6013000,6098125,85125,242632010000000,0,0,0
1,1026,242632010000000,242632010082000,242632016167125,6085125,6167125,82000,242632020000000,0,0,0
1,1027,242632020000000,242632020084375,242632026106125,6021750,6106125,84375,242632030000000,0,0,0
1,1028,242632030000000,242632030088875,242632035952500,5863625,5952500,88875,242632040000000,0,0,0
1,1029,242632040000000,242632040105375,242632045833500,5728125,5833500,105375,242632050000000,0,0,0
1,1030,242632050000000,242632050088750,242632056149250,6060500,6149250,88750,242632060000000,0,0,0
1,1031,242632060000000,242632060091375,242632066094750,6003375,6094750,91375,242632070000000,0,0,0
1,1032,242632070000000,242632070088000,242632076111500,6023500,6111500,88000,242632080000000,0,0,0
1,1033,242632080000000,242632080108250,242632086119875,6011625,6119875,108250,242632090000000,0,0,0
1,1034,242632090000000,242632090088125,242632096178875,6090750,6178875,88125,242632100000000,0,0,0
1,1035,242632100000000,242632100094125,242632106133750,6039625,6133750,94125,242632110000000,0,0,0
1,1036,242632110000000,242632110087375,242632116102250,6014875,6102250,87375,242632120000000,0,0,0
1,1037,242632120000000,242632120091375,242632126101875,6010500,6101875,91375,242632130000000,0,0,0
1,1038,242632130000000,242632130089500,242632135601625,5512125,5601625,89500,242632140000000,0,0,0
1,1039,242632140000000,242632140108375,242632146220375,6112000,6220375,108375,242632150000000,0,0,0
1,1040,242632150000000,242632150088000,242632156161125,6073125,6161125,88000,242632160000000,0,0,0
1,1041,242632160000000,242632160107625,242632166203125,6095500,6203125,107625,242632170000000,0,0,0
1,1042,242632170000000,242632170086625,242632176145125,6058500,6145125,86625,242632180000000,0,0,0
1,1043,242632180000000,242632180089375,242632186058875,5969500,6058875,89375,242632190000000,0,0,0
1,1044,242632190000000,242632190088250,242632196138250,6050000,6138250,88250,242632200000000,0,0,0
1,1045,242632200000000,242632200085375,242632206148125,6062750,6148125,85375,242632210000000,0,0,0
1,1046,242632210000000,242632210087250,242632216105125,6017875,6105125,87250,242632220000000,0,0,0
1,1047,242632220000000,242632220087250,242632226174875,6087625,6174875,87250,242632230000000,0,0,0
1,1048,242632230000000,242632230084875,242632236193375,6108500,6193375,84875,242632240000000,0,0,0
1,1049,242632240000000,242632240084375,242632246113000,6028625,6113000,84375,242632250000000,0,0,0
1,1050,242632250000000,242632250115125,242632256257750,6142625,6257750,115125,242632260000000,0,0,0
1,1051,242632260000000,242632260085375,242632266100125,6014750,6100125,85375,242632270000000,0,0,0
1,1052,242632270000000,242632270119125,242632276120625,6001500,6120625,119125,242632280000000,0,0,0
1,1053,242632280000000,242632280087125,242632286100500,6013375,6100500,87125,242632290000000,0,0,0
1,1054,242632290000000,242632290084875,242632295629375,5544500,5629375,84875,242632300000000,0,0,0
1,1055,242632300000000,242632300089000,242632306148000,6059000,6148000,89000,242632310000000,0,0,0
1,1056,242632310000000,242632310088375,242632316250000,6161625,6250000,88375,242632320000000,0,0,0
1,1057,242632320000000,242632320077375,242632325811875,5734500,5811875,77375,242632330000000,0,0,0
1,1058,242632330000000,242632330069250,242632336238000,6168750,6238000,69250,242632340000000,0,0,0
1,1059,242632340000000,242632340115125,242632346142625,6027500,6142625,115125,242632350000000,0,0,0
1,1060,242632350000000,242632350089500,242632356175750,6086250,6175750,89500,242632360000000,0,0,0
1,1061,242632360000000,242632360086500,242632365683000,5596500,5683000,86500,242632370000000,0,0,0
1,1062,242632370000000,242632370079125,242632376152250,6073125,6152250,79125,242632380000000,0,0,0
1,1063,242632380000000,242632380087375,242632386142625,6055250,6142625,87375,242632390000000,0,0,0
1,1064,242632390000000,242632390084000,242632396110750,6026750,6110750,84000,242632400000000,0,0,0
1,1065,242632400000000,242632400086000,242632406176500,6090500,6176500,86000,242632410000000,0,0,0
1,1066,242632410000000,242632410085500,242632416153625,6068125,6153625,85500,242632420000000,0,0,0
1,1067,242632420000000,242632420084875,242632426130125,6045250,6130125,84875,242632430000000,0,0,0
1,1068,242632430000000,242632430115125,242632436139125,6024000,6139125,115125,242632440000000,0,0,0
1,1069,242632440000000,242632440082500,242632446101375,6018875,6101375,82500,242632450000000,0,0,0
1,1070,242632450000000,242632450087000,242632456191250,6104250,6191250,87000,242632460000000,0,0,0
1,1071,242632460000000,242632460084375,242632466042250,5957875,6042250,84375,242632470000000,0,0,0
1,1072,242632470000000,242632470087750,242632476132375,6044625,6132375,87750,242632480000000,0,0,0
1,1073,242632480000000,242632480083500,242632486031125,5947625,6031125,83500,242632490000000,0,0,0
1,1074,242632490000000,242632490089750,242632496147500,6057750,6147500,89750,242632500000000,0,0,0
1,1075,242632500000000,242632500105875,242632506085625,5979750,6085625,105875,242632510000000,0,0,0
1,1076,242632510000000,242632510088250,242632516078000,5989750,6078000,88250,242632520000000,0,0,0
1,1077,242632520000000,242632520104125,242632526052375,5948250,6052375,104125,242632530000000,0,0,0
1,1078,242632530000000,242632530086250,242632536106875,6020625,6106875,86250,242632540000000,0,0,0
1,1079,242632540000000,242632540104250,242632545882500,5778250,5882500,104250,242632550000000,0,0,0
1,1080,242632550000000,242632550085125,242632555638375,5553250,5638375,85125,242632560000000,0,0,0
1,1081,242632560000000,242632560114000,242632566235375,6121375,6235375,114000,242632570000000,0,0,0
1,1082,242632570000000,242632570077875,242632576137500,6059625,6137500,77875,242632580000000,0,0,0
1,1083,242632580000000,242632580121625,242632586109125,5987500,6109125,121625,242632590000000,0,0,0
1,1084,242632590000000,242632590090750,242632596186750,6096000,6186750,90750,242632600000000,0,0,0
1,1085,242632600000000,242632600086000,242632606162250,6076250,6162250,86000,242632610000000,0,0,0
1,1086,242632610000000,242632610087125,242632616145625,6058500,6145625,87125,242632620000000,0,0,0
1,1087,242632620000000,242632620082875,242632626124375,6041500,6124375,82875,242632630000000,0,0,0
1,1088,242632630000000,242632630082125,242632636261125,6179000,6261125,82125,242632640000000,0,0,0
1,1089,242632640000000,242632640083375,242632646113375,6030000,6113375,83375,242632650000000,0,0,0
1,1090,242632650000000,242632650115250,242632656241000,6125750,6241000,115250,242632660000000,0,0,0
1,1091,242632660000000,242632660087250,242632666106125,6018875,6106125,87250,242632670000000,0,0,0
1,1092,242632670000000,242632670085875,242632676141625,6055750,6141625,85875,242632680000000,0,0,0
1,1093,242632680000000,242632680087375,242632686192000,6104625,6192000,87375,242632690000000,0,0,0
1,1094,242632690000000,242632690089125,242632696207875,6118750,6207875,89125,242632700000000,0,0,0
1,1095,242632700000000,242632700084125,242632706217625,6133500,6217625,84125,242632710000000,0,0,0
1,1096,242632710000000,242632710089500,242632715574250,5484750,5574250,89500,242632720000000,0,0,0
1,1097,242632720000000,242632720113375,242632726110625,5997250,6110625,113375,242632730000000,0,0,0
1,1098,242632730000000,242632730089750,242632736135500,6045750,6135500,89750,242632740000000,0,0,0
1,1099,242632740000000,242632740080875,242632745919125,5838250,5919125,80875,242632750000000,0,0,0
1,1100,242632750000000,242632750090250,242632756190250,6100000,6190250,90250,242632760000000,0,0,0
1,1101,242632760000000,242632760084875,242632766144375,6059500,6144375,84875,242632770000000,0,0,0
1,1102,242632770000000,242632770079250,242632776233000,6153750,6233000,79250,242632780000000,0,0,0
1,1103,242632780000000,242632780082625,242632786115250,6032625,6115250,82625,242632790000000,0,0,0
1,1104,242632790000000,242632790085375,242632796152875,6067500,6152875,85375,242632800000000,0,0,0
1,1105,242632800000000,242632800075375,242632806072000,5996625,6072000,75375,242632810000000,0,0,0
1,1106,242632810000000,242632810115500,242632815623750,5508250,5623750,115500,242632820000000,0,0,0
1,1107,242632820000000,242632820092875,242632826134625,6041750,6134625,92875,242632830000000,0,0,0
1,1108,242632830000000,242632830067625,242632836173625,6106000,6173625,67625,242632840000000,0,0,0
1,1109,242632840000000,242632840082500,242632846196625,6114125,6196625,82500,242632850000000,0,0,0
1,1110,242632850000000,242632850088250,242632856115750,6027500,6115750,88250,242632860000000,0,0,0
1,1111,242632860000000,242632860083625,242632866100500,6016875,6100500,83625,242632870000000,0,0,0
1,1112,242632870000000,242632870085250,242632875639250,5554000,5639250,85250,242632880000000,0,0,0
1,1113,242632880000000,242632880089750,242632886139000,6049250,6139000,89750,242632890000000,0,0,0
1,1114,242632890000000,242632890089750,242632896193250,6103500,6193250,89750,242632900000000,0,0,0
1,1115,242632900000000,242632900083125,242632906079500,5996375,6079500,83125,242632910000000,0,0,0
1,1116,242632910000000,242632910087625,242632916276000,6188375,6276000,87625,242632920000000,0,0,0
1,1117,242632920000000,242632920075625,242632926196750,6121125,6196750,75625,242632930000000,0,0,0
1,1118,242632930000000,242632930090625,242632936268875,6178250,6268875,90625,242632940000000,0,0,0
1,1119,242632940000000,242632940106000,242632945896375,5790375,5896375,106000,242632950000000,0,0,0
1,1120,242632950000000,242632950089125,242632956160375,6071250,6160375,89125,242632960000000,0,0,0
1,1121,242632960000000,242632960103250,242632965643875,5540625,5643875,103250,242632970000000,0,0,0
1,1122,242632970000000,242632970085250,242632976120125,6034875,6120125,85250,242632980000000,0,0,0
1,1123,242632980000000,242632980070000,242632986116875,6046875,6116875,70000,242632990000000,0,0,0
1,1124,242632990000000,242632990085625,242632995363750,5278125,5363750,85625,242633000000000,0,0,0
1,1125,242633000000000,242633000088375,242633006186125,6097750,6186125,88375,242633010000000,0,0,0
1,1126,242633010000000,242633010085750,242633016077625,5991875,6077625,85750,242633020000000,0,0,0
1,1127,242633020000000,242633020087500,242633026063000,5975500,6063000,87500,242633030000000,0,0,0
1,1128,242633030000000,242633030113125,242633036130250,6017125,6130250,113125,242633040000000,0,0,0
1,1129,242633040000000,242633040086750,242633046097750,6011000,6097750,86750,242633050000000,0,0,0
1,1130,242633050000000,242633050085000,242633056164375,6079375,6164375,85000,242633060000000,0,0,0
1,1131,242633060000000,242633060086000,242633066083375,5997375,6083375,86000,242633070000000,0,0,0
1,1132,242633070000000,242633070086875,242633076166375,6079500,6166375,86875,242633080000000,0,0,0
1,1133,242633080000000,242633080084750,242633086050625,5965875,6050625,84750,242633090000000,0,0,0
1,1134,242633090000000,242633090088250,242633096140000,6051750,6140000,88250,242633100000000,0,0,0
1,1135,242633100000000,242633100083750,242633106121250,6037500,6121250,83750,242633110000000,0,0,0
1,1136,242633110000000,242633110089500,242633116120375,6030875,6120375,89500,242633120000000,0,0,0
1,1137,242633120000000,242633120082500,242633126200750,6118250,6200750,82500,242633130000000,0,0,0
1,1138,242633130000000,242633130089625,242633136240000,6150375,6240000,89625,242633140000000,0,0,0
1,1139,242633140000000,242633140082125,242633146161875,6079750,6161875,82125,242633150000000,0,0,0
1,1140,242633150000000,242633150088750,242633156105375,6016625,6105375,88750,242633160000000,0,0,0
1,1141,242633160000000,242633160105125,242633166091125,5986000,6091125,105125,242633170000000,0,0,0
1,1142,242633170000000,242633170090250,242633176107125,6016875,6107125,90250,242633180000000,0,0,0
1,1143,242633180000000,242633180097500,242633186056625,5959125,6056625,97500,242633190000000,0,0,0
1,1144,242633190000000,242633190087125,242633196228875,6141750,6228875,87125,242633200000000,0,0,0
1,1145,242633200000000,242633200093500,242633206226875,6133375,6226875,93500,242633210000000,0,0,0
1,1146,242633210000000,242633210090375,242633216108000,6017625,6108000,90375,242633220000000,0,0,0
1,1147,242633220000000,242633220093750,242633226174000,6080250,6174000,93750,242633230000000,0,0,0
1,1148,242633230000000,242633230089375,242633236267125,6177750,6267125,89375,242633240000000,0,0,0
1,1149,242633240000000,242633240085000,242633246099375,6014375,6099375,85000,242633250000000,0,0,0
1,1150,242633250000000,242633250088125,242633255597375,5509250,5597375,88125,242633260000000,0,0,0
1,1151,242633260000000,242633260090500,242633265910250,5819750,5910250,90500,242633270000000,0,0,0
1,1152,242633270000000,242633270085375,242633276128000,6042625,6128000,85375,242633280000000,0,0,0
1,1153,242633280000000,242633280086875,242633286066375,5979500,6066375,86875,242633290000000,0,0,0
1,1154,242633290000000,242633290083250,242633296129250,6046000,6129250,83250,242633300000000,0,0,0
1,1155,242633300000000,242633300086000,242633305884875,5798875,5884875,86000,242633310000000,0,0,0
1,1156,242633310000000,242633310062875,242633316050750,5987875,6050750,62875,242633320000000,0,0,0
1,1157,242633320000000,242633320082875,242633326082000,5999125,6082000,82875,242633330000000,0,0,0
1,1158,242633330000000,242633330097125,242633336095500,5998375,6095500,97125,242633340000000,0,0,0
1,1159,242633340000000,242633340085625,242633345829875,5744250,5829875,85625,242633350000000,0,0,0
1,1160,242633350000000,242633350104875,242633356144375,6039500,6144375,104875,242633360000000,0,0,0
1,1161,242633360000000,242633360086625,242633366105750,6019125,6105750,86625,242633370000000,0,0,0
1,1162,242633370000000,242633370123500,242633376140500,6017000,6140500,123500,242633380000000,0,0,0
1,1163,242633380000000,242633380085250,242633385897750,5812500,5897750,85250,242633390000000,0,0,0
1,1164,242633390000000,242633390087625,242633396179375,6091750,6179375,87625,242633400000000,0,0,0
1,1165,242633400000000,242633400087000,242633406103500,6016500,6103500,87000,242633410000000,0,0,0
1,1166,242633410000000,242633410088375,242633416163000,6074625,6163000,88375,242633420000000,0,0,0
1,1167,242633420000000,242633420088000,242633426074875,5986875,6074875,88000,242633430000000,0,0,0
1,1168,242633430000000,242633430086000,242633436170625,6084625,6170625,86000,242633440000000,0,0,0
1,1169,242633440000000,242633440085125,242633446045000,5959875,6045000,85125,242633450000000,0,0,0
1,1170,242633450000000,242633450086875,242633456220250,6133375,6220250,86875,242633460000000,0,0,0
1,1171,242633460000000,242633460083250,242633465880750,5797500,5880750,83250,242633470000000,0,0,0
1,1172,242633470000000,242633470088000,242633476134625,6046625,6134625,88000,242633480000000,0,0,0
1,1173,242633480000000,242633480085125,242633486071125,5986000,6071125,85125,242633490000000,0,0,0
1,1174,242633490000000,242633490087500,242633496241750,6154250,6241750,87500,242633500000000,0,0,0
1,1175,242633500000000,242633500082625,242633506112000,6029375,6112000,82625,242633510000000,0,0,0
1,1176,242633510000000,242633510084750,242633516135875,6051125,6135875,84750,242633520000000,0,0,0
1,1177,242633520000000,242633520111875,242633525856500,5744625,5856500,111875,242633530000000,0,0,0
1,1178,242633530000000,242633530085125,242633536249750,6164625,6249750,85125,242633540000000,0,0,0
1,1179,242633540000000,242633540118250,242633546075500,5957250,6075500,118250,242633550000000,0,0,0
1,1180,242633550000000,242633550090500,242633556050125,5959625,6050125,90500,242633560000000,0,0,0
1,1181,242633560000000,242633560085000,242633565873875,5788875,5873875,85000,242633570000000,0,0,0
1,1182,242633570000000,242633570087000,242633576197750,6110750,6197750,87000,242633580000000,0,0,0
1,1183,242633580000000,242633580085000,242633586100125,6015125,6100125,85000,242633590000000,0,0,0
1,1184,242633590000000,242633590075375,242633596190750,6115375,6190750,75375,242633600000000,0,0,0
1,1185,242633600000000,242633600083125,242633606161750,6078625,6161750,83125,242633610000000,0,0,0
1,1186,242633610000000,242633610085875,242633616114750,6028875,6114750,85875,242633620000000,0,0,0
1,1187,242633620000000,242633620081875,242633625588625,5506750,5588625,81875,242633630000000,0,0,0
1,1188,242633630000000,242633630113375,242633635644875,5531500,5644875,113375,242633640000000,0,0,0
1,1189,242633640000000,242633640089625,242633646170500,6080875,6170500,89625,242633650000000,0,0,0
1,1190,242633650000000,242633650100000,242633656132500,6032500,6132500,100000,242633660000000,0,0,0
1,1191,242633660000000,242633660087000,242633666136375,6049375,6136375,87000,242633670000000,0,0,0
1,1192,242633670000000,242633670085000,242633676251750,6166750,6251750,85000,242633680000000,0,0,0
1,1193,242633680000000,242633680082625,242633686241500,6158875,6241500,82625,242633690000000,0,0,0
1,1194,242633690000000,242633690088625,242633695583000,5494375,5583000,88625,242633700000000,0,0,0
1,1195,242633700000000,242633700086125,242633706127125,6041000,6127125,86125,242633710000000,0,0,0
1,1196,242633710000000,242633710086875,242633716178500,6091625,6178500,86875,242633720000000,0,0,0
1,1197,242633720000000,242633720079875,242633725569000,5489125,5569000,79875,242633730000000,0,0,0
1,1198,242633730000000,242633730083250,242633736242125,6158875,6242125,83250,242633740000000,0,0,0
1,1199,242633740000000,242633740085750,242633746102125,6016375,6102125,85750,242633750000000,0,0,0
1,1200,242633750000000,242633750086875,242633755921500,5834625,5921500,86875,242633760000000,0,0,0
1,1201,242633760000000,242633760078375,242633766063625,5985250,6063625,78375,242633770000000,0,0,0
1,1202,242633770000000,242633770078125,242633776163875,6085750,6163875,78125,242633780000000,0,0,0
1,1203,242633780000000,242633780118500,242633786099875,5981375,6099875,118500,242633790000000,0,0,0
1,1204,242633790000000,242633790090250,242633796194375,6104125,6194375,90250,242633800000000,0,0,0
1,1205,242633800000000,242633800081000,242633806124875,6043875,6124875,81000,242633810000000,0,0,0
1,1206,242633810000000,242633810088125,242633815581500,5493375,5581500,88125,242633820000000,0,0,0
1,1207,242633820000000,242633820079125,242633826119375,6040250,6119375,79125,242633830000000,0,0,0
1,1208,242633830000000,242633830084250,242633836187000,6102750,6187000,84250,242633840000000,0,0,0
1,1209,242633840000000,242633840083000,242633846137750,6054750,6137750,83000,242633850000000,0,0,0
1,1210,242633850000000,242633850113250,242633856134000,6020750,6134000,113250,242633860000000,0,0,0
1,1211,242633860000000,242633860085375,242633866054375,5969000,6054375,85375,242633870000000,0,0,0
1,1212,242633870000000,242633870117750,242633876144625,6026875,6144625,117750,242633880000000,0,0,0
1,1213,242633880000000,242633880087375,242633886258500,6171125,6258500,87375,242633890000000,0,0,0
1,1214,242633890000000,242633890109500,242633896140250,6030750,6140250,109500,242633900000000,0,0,0
1,1215,242633900000000,242633900087500,242633905646125,5558625,5646125,87500,242633910000000,0,0,0
1,1216,242633910000000,242633910085875,242633916133375,6047500,6133375,85875,242633920000000,0,0,0
1,1217,242633920000000,242633920085000,242633925959875,5874875,5959875,85000,242633930000000,0,0,0
1,1218,242633930000000,242633930087125,242633935654375,5567250,5654375,87125,242633940000000,0,0,0
1,1219,242633940000000,242633940089625,242633946193250,6103625,6193250,89625,242633950000000,0,0,0
1,1220,242633950000000,242633950067125,242633956181750,6114625,6181750,67125,242633960000000,0,0,0
1,1221,242633960000000,242633960083375,242633965832250,5748875,5832250,83375,242633970000000,0,0,0
1,1222,242633970000000,242633970091000,242633976196375,6105375,6196375,91000,242633980000000,0,0,0
1,1223,242633980000000,242633980082750,242633986204625,6121875,6204625,82750,242633990000000,0,0,0
1,1224,242633990000000,242633990088125,242633996140625,6052500,6140625,88125,242634000000000,0,0,0
1,1225,242634000000000,242634000090375,242634005886000,5795625,5886000,90375,242634010000000,0,0,0
1,1226,242634010000000,242634010090125,242634015642625,5552500,5642625,90125,242634020000000,0,0,0
1,1227,242634020000000,242634020095000,242634026185500,6090500,6185500,95000,242634030000000,0,0,0
1,1228,242634030000000,242634030087000,242634036133375,6046375,6133375,87000,242634040000000,0,0,0
1,1229,242634040000000,242634040120125,242634046142875,6022750,6142875,120125,242634050000000,0,0,0
1,1230,242634050000000,242634050086375,242634055619375,5533000,5619375,86375,242634060000000,0,0,0
1,1231,242634060000000,242634060115000,242634066229750,6114750,6229750,115000,242634070000000,0,0,0
1,1232,242634070000000,242634070088125,242634076210000,6121875,6210000,88125,242634080000000,0,0,0
1,1233,242634080000000,242634080085250,242634086152625,6067375,6152625,85250,242634090000000,0,0,0
1,1234,242634090000000,242634090085250,242634096122625,6037375,6122625,85250,242634100000000,0,0,0
1,1235,242634100000000,242634100087625,242634106090875,6003250,6090875,87625,242634110000000,0,0,0
1,1236,242634110000000,242634110083000,242634115586125,5503125,5586125,83000,242634120000000,0,0,0
1,1237,242634120000000,242634120088250,242634126174500,6086250,6174500,88250,242634130000000,0,0,0
1,1238,242634130000000,242634130075500,242634135577125,5501625,5577125,75500,242634140000000,0,0,0
1,1239,242634140000000,242634140089250,242634146102375,6013125,6102375,89250,242634150000000,0,0,0
1,1240,242634150000000,242634150102500,242634156189375,6086875,6189375,102500,242634160000000,0,0,0
1,1241,242634160000000,242634160085625,242634166065500,5979875,6065500,85625,242634170000000,0,0,0
1,1242,242634170000000,242634170085375,242634176195625,6110250,6195625,85375,242634180000000,0,0,0
1,1243,242634180000000,242634180083875,242634186071625,5987750,6071625,83875,242634190000000,0,0,0
1,1244,242634190000000,242634190086750,242634196156875,6070125,6156875,86750,242634200000000,0,0,0
1,1245,242634200000000,242634200079125,242634206105375,6026250,6105375,79125,242634210000000,0,0,0
1,1246,242634210000000,242634210087625,242634216118875,6031250,6118875,87625,242634220000000,0,0,0
1,1247,242634220000000,242634220084625,242634226096500,6011875,6096500,84625,242634230000000,0,0,0
1,1248,242634230000000,242634230086500,242634236202875,6116375,6202875,86500,242634240000000,0,0,0
1,1249,242634240000000,242634240108750,242634246062000,5953250,6062000,108750,242634250000000,0,0,0
1,1250,242634250000000,242634250091875,242634256077875,5986000,6077875,91875,242634260000000,0,0,0
1,1251,242634260000000,242634260084875,242634265917625,5832750,5917625,84875,242634270000000,0,0,0
1,1252,242634270000000,242634270090250,242634276193750,6103500,6193750,90250,242634280000000,0,0,0
1,1253,242634280000000,242634280084625,242634286098500,6013875,6098500,84625,242634290000000,0,0,0
1,1254,242634290000000,242634290082000,242634296223375,6141375,6223375,82000,242634300000000,0,0,0
1,1255,242634300000000,242634300084500,242634306077500,5993000,6077500,84500,242634310000000,0,0,0
1,1256,242634310000000,242634310107125,242634316143500,6036375,6143500,107125,242634320000000,0,0,0
1,1257,242634320000000,242634320087625,242634326137250,6049625,6137250,87625,242634330000000,0,0,0
1,1258,242634330000000,242634330119250,242634335682500,5563250,5682500,119250,242634340000000,0,0,0
1,1259,242634340000000,242634340091500,242634345961625,5870125,5961625,91500,242634350000000,0,0,0
1,1260,242634350000000,242634350118250,242634356151750,6033500,6151750,118250,242634360000000,0,0,0
1,1261,242634360000000,242634360085000,242634366081375,5996375,6081375,85000,242634370000000,0,0,0
1,1262,242634370000000,242634370086750,242634376169875,6083125,6169875,86750,242634380000000,0,0,0
1,1263,242634380000000,242634380083750,242634386193375,6109625,6193375,83750,242634390000000,0,0,0
1,1264,242634390000000,242634390090125,242634395617375,5527250,5617375,90125,242634400000000,0,0,0
1,1265,242634400000000,242634400083750,242634406139125,6055375,6139125,83750,242634410000000,0,0,0
1,1266,242634410000000,242634410085875,242634416161875,6076000,6161875,85875,242634420000000,0,0,0
1,1267,242634420000000,242634420076125,242634426062750,5986625,6062750,76125,242634430000000,0,0,0
1,1268,242634430000000,242634430087625,242634436142125,6054500,6142125,87625,242634440000000,0,0,0
1,1269,242634440000000,242634440075500,242634446178750,6103250,6178750,75500,242634450000000,0,0,0
1,1270,242634450000000,242634450086375,242634455648000,5561625,5648000,86375,242634460000000,0,0,0
1,1271,242634460000000,242634460114875,242634466006125,5891250,6006125,114875,242634470000000,0,0,0
1,1272,242634470000000,242634470089250,242634476175000,6085750,6175000,89250,242634480000000,0,0,0
1,1273,242634480000000,242634480083500,242634486115375,6031875,6115375,83500,242634490000000,0,0,0
1,1274,242634490000000,242634490089375,242634496247750,6158375,6247750,89375,242634500000000,0,0,0
1,1275,242634500000000,242634500084625,242634505857000,5772375,5857000,84625,242634510000000,0,0,0
1,1276,242634510000000,242634510092375,242634516169875,6077500,6169875,92375,242634520000000,0,0,0
1,1277,242634520000000,242634520084625,242634526168000,6083375,6168000,84625,242634530000000,0,0,0
1,1278,242634530000000,242634530089000,242634536103500,6014500,6103500,89000,242634540000000,0,0,0
1,1279,242634540000000,242634540084375,242634546086750,6002375,6086750,84375,242634550000000,0,0,0
1,1280,242634550000000,242634550086750,242634555598500,5511750,5598500,86750,242634560000000,0,0,0
1,1281,242634560000000,242634560084375,242634566109375,6025000,6109375,84375,242634570000000,0,0,0
1,1282,242634570000000,242634570077500,242634576170750,6093250,6170750,77500,242634580000000,0,0,0
1,1283,242634580000000,242634580084000,242634586090875,6006875,6090875,84000,242634590000000,0,0,0
1,1284,242634590000000,242634590103250,242634595614125,5510875,5614125,103250,242634600000000,0,0,0
1,1285,242634600000000,242634600088750,242634606132625,6043875,6132625,88750,242634610000000,0,0,0
1,1286,242634610000000,242634610077000,242634616186250,6109250,6186250,77000,242634620000000,0,0,0
1,1287,242634620000000,242634620084250,242634626108625,6024375,6108625,84250,242634630000000,0,0,0
1,1288,242634630000000,242634630086750,242634636272375,6185625,6272375,86750,242634640000000,0,0,0
1,1289,242634640000000,242634640084250,242634646246625,6162375,6246625,84250,242634650000000,0,0,0
1,1290,242634650000000,242634650086250,242634655397875,5311625,5397875,86250,242634660000000,0,0,0
1,1291,242634660000000,242634660120875,242634666055750,5934875,6055750,120875,242634670000000,0,0,0
1,1292,242634670000000,242634670090625,242634675891125,5800500,5891125,90625,242634680000000,0,0,0
1,1293,242634680000000,242634680087500,242634685683125,5595625,5683125,87500,242634690000000,0,0,0
1,1294,242634690000000,242634690085250,242634695585875,5500625,5585875,85250,242634700000000,0,0,0
1,1295,242634700000000,242634700087625,242634705898125,5810500,5898125,87625,242634710000000,0,0,0
1,1296,242634710000000,242634710086875,242634715680375,5593500,5680375,86875,242634720000000,0,0,0
1,1297,242634720000000,242634720088500,242634726125375,6036875,6125375,88500,242634730000000,0,0,0
1,1298,242634730000000,242634730080500,242634735620000,5539500,5620000,80500,242634740000000,0,0,0
1,1299,242634740000000,242634740090750,242634746157625,6066875,6157625,90750,242634750000000,0,0,0
1,1300,242634750000000,242634750086750,242634756113125,6026375,6113125,86750,242634760000000,0,0,0
1,1301,242634760000000,242634760087000,242634766139250,6052250,6139250,87000,242634770000000,0,0,0
1,1302,242634770000000,242634770088375,242634775895125,5806750,5895125,88375,242634780000000,0,0,0
1,1303,242634780000000,242634780082125,242634786085875,6003750,6085875,82125,242634790000000,0,0,0
1,1304,242634790000000,242634790110500,242634796134375,6023875,6134375,110500,242634800000000,0,0,0
1,1305,242634800000000,242634800084250,242634806090625,6006375,6090625,84250,242634810000000,0,0,0
1,1306,242634810000000,242634810106875,242634816206500,6099625,6206500,106875,242634820000000,0,0,0
1,1307,242634820000000,242634820085000,242634826149500,6064500,6149500,85000,242634830000000,0,0,0
1,1308,242634830000000,242634830086625,242634836217125,6130500,6217125,86625,242634840000000,0,0,0
1,1309,242634840000000,242634840082375,242634846202500,6120125,6202500,82375,242634850000000,0,0,0
1,1310,242634850000000,242634850086500,242634856331000,6244500,6331000,86500,242634860000000,0,0,0
1,1311,242634860000000,242634860084250,242634865876375,5792125,5876375,84250,242634870000000,0,0,0
1,1312,242634870000000,242634870086625,242634876204625,6118000,6204625,86625,242634880000000,0,0,0
1,1313,242634880000000,242634880084500,242634886116875,6032375,6116875,84500,242634890000000,0,0,0
1,1314,242634890000000,242634890088625,242634895616875,5528250,5616875,88625,242634900000000,0,0,0
1,1315,242634900000000,242634900113625,242634906165875,6052250,6165875,113625,242634910000000,0,0,0
1,1316,242634910000000,242634910086625,242634916127500,6040875,6127500,86625,242634920000000,0,0,0
1,1317,242634920000000,242634920084625,242634926104125,6019500,6104125,84625,242634930000000,0,0,0
1,1318,242634930000000,242634930083375,242634936074000,5990625,6074000,83375,242634940000000,0,0,0
1,1319,242634940000000,242634940084125,242634946121625,6037500,6121625,84125,242634950000000,0,0,0
1,1320,242634950000000,242634950085625,242634956137500,6051875,6137500,85625,242634960000000,0,0,0
1,1321,242634960000000,242634960084750,242634966113625,6028875,6113625,84750,242634970000000,0,0,0
1,1322,242634970000000,242634970112500,242634976137875,6025375,6137875,112500,242634980000000,0,0,0
1,1323,242634980000000,242634980084500,242634985999625,5915125,5999625,84500,242634990000000,0,0,0
1,1324,242634990000000,242634990085500,242634995615250,5529750,5615250,85500,242635000000000,0,0,0
1,1325,242635000000000,242635000088000,242635006149625,6061625,6149625,88000,242635010000000,0,0,0
1,1326,242635010000000,242635010086750,242635016285500,6198750,6285500,86750,242635020000000,0,0,0
1,1327,242635020000000,242635020066750,242635026079500,6012750,6079500,66750,242635030000000,0,0,0
1,1328,242635030000000,242635030087250,242635036157250,6070000,6157250,87250,242635040000000,0,0,0
1,1329,242635040000000,242635040078000,242635046082375,6004375,6082375,78000,242635050000000,0,0,0
1,1330,242635050000000,242635050087250,242635056154250,6067000,6154250,87250,242635060000000,0,0,0
1,1331,242635060000000,242635060085000,242635065624000,5539000,5624000,85000,242635070000000,0,0,0
1,1332,242635070000000,242635070089500,242635076151000,6061500,6151000,89500,242635080000000,0,0,0
1,1333,242635080000000,242635080077375,242635086170500,6093125,6170500,77375,242635090000000,0,0,0
1,1334,242635090000000,242635090085750,242635096115625,6029875,6115625,85750,242635100000000,0,0,0
1,1335,242635100000000,242635100098500,242635106096625,5998125,6096625,98500,242635110000000,0,0,0
1,1336,242635110000000,242635110087625,242635116141000,6053375,6141000,87625,242635120000000,0,0,0
1,1337,242635120000000,242635120084000,242635126156500,6072500,6156500,84000,242635130000000,0,0,0
1,1338,242635130000000,242635130086750,242635135614125,5527375,5614125,86750,242635140000000,0,0,0
1,1339,242635140000000,242635140086875,242635145379625,5292750,5379625,86875,242635150000000,0,0,0
1,1340,242635150000000,242635150081750,242635156126500,6044750,6126500,81750,242635160000000,0,0,0
1,1341,242635160000000,242635160083250,242635166088000,6004750,6088000,83250,242635170000000,0,0,0
1,1342,242635170000000,242635170078625,242635176166375,6087750,6166375,78625,242635180000000,0,0,0
1,1343,242635180000000,242635180085625,242635186116500,6030875,6116500,85625,242635190000000,0,0,0
1,1344,242635190000000,242635190078500,242635196157875,6079375,6157875,78500,242635200000000,0,0,0
1,1345,242635200000000,242635200085125,242635205843625,5758500,5843625,85125,242635210000000,0,0,0
1,1346,242635210000000,242635210113250,242635216229500,6116250,6229500,113250,242635220000000,0,0,0
1,1347,242635220000000,242635220078875,242635226167500,6088625,6167500,78875,242635230000000,0,0,0
1,1348,242635230000000,242635230123000,242635235978625,5855625,5978625,123000,242635240000000,0,0,0
1,1349,242635240000000,242635240081125,242635246109000,6027875,6109000,81125,242635250000000,0,0,0
1,1350,242635250000000,242635250088000,242635256257875,6169875,6257875,88000,242635260000000,0,0,0
1,1351,242635260000000,242635260083875,242635265623750,5539875,5623750,83875,242635270000000,0,0,0
1,1352,242635270000000,242635270085875,242635276144875,6059000,6144875,85875,242635280000000,0,0,0
1,1353,242635280000000,242635280083250,242635286080125,5996875,6080125,83250,242635290000000,0,0,0
1,1354,242635290000000,242635290087750,242635296057875,5970125,6057875,87750,242635300000000,0,0,0
1,1355,242635300000000,242635300112000,242635306120000,6008000,6120000,112000,242635310000000,0,0,0
1,1356,242635310000000,242635310089125,242635315424750,5335625,5424750,89125,242635320000000,0,0,0
1,1357,242635320000000,242635320105375,242635326181875,6076500,6181875,105375,242635330000000,0,0,0
1,1358,242635330000000,242635330087875,242635336160125,6072250,6160125,87875,242635340000000,0,0,0
1,1359,242635340000000,242635340084875,242635346147125,6062250,6147125,84875,242635350000000,0,0,0
1,1360,242635350000000,242635350085500,242635356158750,6073250,6158750,85500,242635360000000,0,0,0
1,1361,242635360000000,242635360085500,242635366098250,6012750,6098250,85500,242635370000000,0,0,0
1,1362,242635370000000,242635370084625,242635376084125,5999500,6084125,84625,242635380000000,0,0,0
1,1363,242635380000000,242635380081875,242635386103125,6021250,6103125,81875,242635390000000,0,0,0
1,1364,242635390000000,242635390081875,242635395574875,5493000,5574875,81875,242635400000000,0,0,0
1,1365,242635400000000,242635400089875,242635406147375,6057500,6147375,89875,242635410000000,0,0,0
1,1366,242635410000000,242635410076125,242635416127500,6051375,6127500,76125,242635420000000,0,0,0
1,1367,242635420000000,242635420086000,242635425949000,5863000,5949000,86000,242635430000000,0,0,0
1,1368,242635430000000,242635430100250,242635435643875,5543625,5643875,100250,242635440000000,0,0,0
1,1369,242635440000000,242635440090375,242635446160250,6069875,6160250,90375,242635450000000,0,0,0
1,1370,242635450000000,242635450086250,242635456249250,6163000,6249250,86250,242635460000000,0,0,0
1,1371,242635460000000,242635460083750,242635466237375,6153625,6237375,83750,242635470000000,0,0,0
1,1372,242635470000000,242635470086500,242635476312000,6225500,6312000,86500,242635480000000,0,0,0
1,1373,242635480000000,242635480086500,242635486139250,6052750,6139250,86500,242635490000000,0,0,0
1,1374,242635490000000,242635490092625,242635496097000,6004375,6097000,92625,242635500000000,0,0,0
1,1375,242635500000000,242635500084125,242635506052125,5968000,6052125,84125,242635510000000,0,0,0
1,1376,242635510000000,242635510086750,242635516194125,6107375,6194125,86750,242635520000000,0,0,0
1,1377,242635520000000,242635520084500,242635526080125,5995625,6080125,84500,242635530000000,0,0,0
1,1378,242635530000000,242635530088625,242635536126625,6038000,6126625,88625,242635540000000,0,0,0
1,1379,242635540000000,242635540082875,242635545373750,5290875,5373750,82875,242635550000000,0,0,0
1,1380,242635550000000,242635550086875,242635556173375,6086500,6173375,86875,242635560000000,0,0,0
1,1381,242635560000000,242635560075875,242635566110375,6034500,6110375,75875,242635570000000,0,0,0
1,1382,242635570000000,242635570087375,242635576127625,6040250,6127625,87375,242635580000000,0,0,0
1,1383,242635580000000,242635580097500,242635585827250,5729750,5827250,97500,242635590000000,0,0,0
1,1384,242635590000000,242635590086625,242635595683500,5596875,5683500,86625,242635600000000,0,0,0
1,1385,242635600000000,242635600101375,242635606002875,5901500,6002875,101375,242635610000000,0,0,0
1,1386,242635610000000,242635610090500,242635616293500,6203000,6293500,90500,242635620000000,0,0,0
1,1387,242635620000000,242635620085125,242635626194625,6109500,6194625,85125,242635630000000,0,0,0
1,1388,242635630000000,242635630078125,242635636142125,6064000,6142125,78125,242635640000000,0,0,0
1,1389,242635640000000,242635640084875,242635646115750,6030875,6115750,84875,242635650000000,0,0,0
1,1390,242635650000000,242635650083250,242635656162500,6079250,6162500,83250,242635660000000,0,0,0
1,1391,242635660000000,242635660082625,242635666142125,6059500,6142125,82625,242635670000000,0,0,0
1,1392,242635670000000,242635670085250,242635675567500,5482250,5567500,85250,242635680000000,0,0,0
1,1393,242635680000000,242635680087500,242635685874750,5787250,5874750,87500,242635690000000,0,0,0
1,1394,242635690000000,242635690115250,242635696250125,6134875,6250125,115250,242635700000000,0,0,0
1,1395,242635700000000,242635700086875,242635706152250,6065375,6152250,86875,242635710000000,0,0,0
1,1396,242635710000000,242635710086750,242635715589875,5503125,5589875,86750,242635720000000,0,0,0
1,1397,242635720000000,242635720091500,242635726120250,6028750,6120250,91500,242635730000000,0,0,0
1,1398,242635730000000,242635730090500,242635736235000,6144500,6235000,90500,242635740000000,0,0,0
1,1399,242635740000000,242635740083750,242635746243625,6159875,6243625,83750,242635750000000,0,0,0
1,1400,242635750000000,242635750060625,242635756222375,6161750,6222375,60625,242635760000000,0,0,0
1,1401,242635760000000,242635760044375,242635766036625,5992250,6036625,44375,242635770000000,0,0,0
1,1402,242635770000000,242635770075125,242635776270625,6195500,6270625,75125,242635780000000,0,0,0
1,1403,242635780000000,242635780072125,242635786006250,5934125,6006250,72125,242635790000000,0,0,0
1,1404,242635790000000,242635790063000,242635796079250,6016250,6079250,63000,242635800000000,0,0,0
1,1405,242635800000000,242635800092750,242635806047375,5954625,6047375,92750,242635810000000,0,0,0
1,1406,242635810000000,242635810075125,242635816229875,6154750,6229875,75125,242635820000000,0,0,0
1,1407,242635820000000,242635820092125,242635826083375,5991250,6083375,92125,242635830000000,0,0,0
1,1408,242635830000000,242635830087000,242635836151375,6064375,6151375,87000,242635840000000,0,0,0
1,1409,242635840000000,242635840078750,242635845815000,5736250,5815000,78750,242635850000000,0,0,0
1,1410,242635850000000,242635850086750,242635856186625,6099875,6186625,86750,242635860000000,0,0,0
1,1411,242635860000000,242635860083625,242635866124875,6041250,6124875,83625,242635870000000,0,0,0
1,1412,242635870000000,242635870079500,242635876194250,6114750,6194250,79500,242635880000000,0,0,0
1,1413,242635880000000,242635880081875,242635885620250,5538375,5620250,81875,242635890000000,0,0,0
1,1414,242635890000000,242635890086125,242635896227625,6141500,6227625,86125,242635900000000,0,0,0
1,1415,242635900000000,242635900088625,242635906149625,6061000,6149625,88625,242635910000000,0,0,0
1,1416,242635910000000,242635910082750,242635916234625,6151875,6234625,82750,242635920000000,0,0,0
1,1417,242635920000000,242635920083750,242635926135625,6051875,6135625,83750,242635930000000,0,0,0
1,1418,242635930000000,242635930109625,242635936246250,6136625,6246250,109625,242635940000000,0,0,0
1,1419,242635940000000,242635940086500,242635945880125,5793625,5880125,86500,242635950000000,0,0,0
1,1420,242635950000000,242635950109375,242635956194000,6084625,6194000,109375,242635960000000,0,0,0
1,1421,242635960000000,242635960085250,242635966049625,5964375,6049625,85250,242635970000000,0,0,0
1,1422,242635970000000,242635970105250,242635976216625,6111375,6216625,105250,242635980000000,0,0,0
1,1423,242635980000000,242635980082750,242635986084375,6001625,6084375,82750,242635990000000,0,0,0
1,1424,242635990000000,242635990112000,242635995629250,5517250,5629250,112000,242636000000000,0,0,0
1,1425,242636000000000,242636000087750,242636006170000,6082250,6170000,87750,242636010000000,0,0,0
1,1426,242636010000000,242636010080750,242636015890750,5810000,5890750,80750,242636020000000,0,0,0
1,1427,242636020000000,242636020086000,242636025632375,5546375,5632375,86000,242636030000000,0,0,0
1,1428,242636030000000,242636030083750,242636036167625,6083875,6167625,83750,242636040000000,0,0,0
1,1429,242636040000000,242636040068000,242636046041625,5973625,6041625,68000,242636050000000,0,0,0
1,1430,242636050000000,242636050085875,242636056129250,6043375,6129250,85875,242636060000000,0,0,0
1,1431,242636060000000,242636060084125,242636065835375,5751250,5835375,84125,242636070000000,0,0,0
1,1432,242636070000000,242636070086250,242636075629000,5542750,5629000,86250,242636080000000,0,0,0
1,1433,242636080000000,242636080116250,242636086120250,6004000,6120250,116250,242636090000000,0,0,0
1,1434,242636090000000,242636090086000,242636096135875,6049875,6135875,86000,242636100000000,0,0,0
1,1435,242636100000000,242636100085125,242636106165250,6080125,6165250,85125,242636110000000,0,0,0
1,1436,242636110000000,242636110088125,242636116151625,6063500,6151625,88125,242636120000000,0,0,0
1,1437,242636120000000,242636120083625,242636126094500,6010875,6094500,83625,242636130000000,0,0,0
1,1438,242636130000000,242636130083875,242636136193625,6109750,6193625,83875,242636140000000,0,0,0
1,1439,242636140000000,242636140083875,242636146057125,5973250,6057125,83875,242636150000000,0,0,0
1,1440,242636150000000,242636150116125,242636155612250,5496125,5612250,116125,242636160000000,0,0,0
1,1441,242636160000000,242636160091375,242636166243375,6152000,6243375,91375,242636170000000,0,0,0
1,1442,242636170000000,242636170099875,242636176128500,6028625,6128500,99875,242636180000000,0,0,0
1,1443,242636180000000,242636180084750,242636185376625,5291875,5376625,84750,242636190000000,0,0,0
1,1444,242636190000000,242636190083125,242636196201125,6118000,6201125,83125,242636200000000,0,0,0
1,1445,242636200000000,242636200082750,242636206235000,6152250,6235000,82750,242636210000000,0,0,0
1,1446,242636210000000,242636210086875,242636216128000,6041125,6128000,86875,242636220000000,0,0,0
1,1447,242636220000000,242636220084375,242636226085000,6000625,6085000,84375,242636230000000,0,0,0
1,1448,242636230000000,242636230087250,242636236145625,6058375,6145625,87250,242636240000000,0,0,0
1,1449,242636240000000,242636240076875,242636245849625,5772750,5849625,76875,242636250000000,0,0,0
1,1450,242636250000000,242636250088125,242636256176750,6088625,6176750,88125,242636260000000,0,0,0
1,1451,242636260000000,242636260077750,242636265604250,5526500,5604250,77750,242636270000000,0,0,0
1,1452,242636270000000,242636270085250,242636276221500,6136250,6221500,85250,242636280000000,0,0,0
1,1453,242636280000000,242636280106625,242636286095125,5988500,6095125,106625,242636290000000,0,0,0
1,1454,242636290000000,242636290088500,242636296105875,6017375,6105875,88500,242636300000000,0,0,0
1,1455,242636300000000,242636300083250,242636306200250,6117000,6200250,83250,242636310000000,0,0,0
1,1456,242636310000000,242636310459500,242636315788875,5329375,5788875,459500,242636320000000,0,0,0
1,1457,242636320000000,242636320090000,242636326211500,6121500,6211500,90000,242636330000000,0,0,0
1,1458,242636330000000,242636330086500,242636336197625,6111125,6197625,86500,242636340000000,0,0,0
1,1459,242636340000000,242636340085250,242636346204250,6119000,6204250,85250,242636350000000,0,0,0
1,1460,242636350000000,242636350065375,242636356055625,5990250,6055625,65375,242636360000000,0,0,0
1,1461,242636360000000,242636360095875,242636366099000,6003125,6099000,95875,242636370000000,0,0,0
1,1462,242636370000000,242636370087125,242636376136625,6049500,6136625,87125,242636380000000,0,0,0
1,1463,242636380000000,242636380086500,242636386116500,6030000,6116500,86500,242636390000000,0,0,0
1,1464,242636390000000,242636390083375,242636396164500,6081125,6164500,83375,242636400000000,0,0,0
1,1465,242636400000000,242636400086375,242636405859000,5772625,5859000,86375,242636410000000,0,0,0
1,1466,242636410000000,242636410107125,242636416208000,6100875,6208000,107125,242636420000000,0,0,0
1,1467,242636420000000,242636420087000,242636426238750,6151750,6238750,87000,242636430000000,0,0,0
1,1468,242636430000000,242636430121000,242636436217000,6096000,6217000,121000,242636440000000,0,0,0
1,1469,242636440000000,242636440087000,242636446058500,5971500,6058500,87000,242636450000000,0,0,0
1,1470,242636450000000,242636450084375,242636456187500,6103125,6187500,84375,242636460000000,0,0,0
1,1471,242636460000000,242636460083875,242636466035625,5951750,6035625,83875,242636470000000,0,0,0
1,1472,242636470000000,242636470086000,242636476162250,6076250,6162250,86000,242636480000000,0,0,0
1,1473,242636480000000,242636480081500,242636486074125,5992625,6074125,81500,242636490000000,0,0,0
1,1474,242636490000000,242636490088375,242636496120875,6032500,6120875,88375,242636500000000,0,0,0
1,1475,242636500000000,242636500084250,242636506048750,5964500,6048750,84250,242636510000000,0,0,0
1,1476,242636510000000,242636510085250,242636516147125,6061875,6147125,85250,242636520000000,0,0,0
1,1477,242636520000000,242636520080625,242636526071625,5991000,6071625,80625,242636530000000,0,0,0
1,1478,242636530000000,242636530086875,242636535585250,5498375,5585250,86875,242636540000000,0,0,0
1,1479,242636540000000,242636540109625,242636545982500,5872875,5982500,109625,242636550000000,0,0,0
1,1480,242636550000000,242636550090500,242636556193750,6103250,6193750,90500,242636560000000,0,0,0
1,1481,242636560000000,242636560118375,242636566113500,5995125,6113500,118375,242636570000000,0,0,0
1,1482,242636570000000,242636570088375,242636576116750,6028375,6116750,88375,242636580000000,0,0,0
1,1483,242636580000000,242636580084250,242636586154375,6070125,6154375,84250,242636590000000,0,0,0
1,1484,242636590000000,242636590085750,242636596235375,6149625,6235375,85750,242636600000000,0,0,0
1,1485,242636600000000,242636600083500,242636606058500,5975000,6058500,83500,242636610000000,0,0,0
1,1486,242636610000000,242636610083250,242636615598375,5515125,5598375,83250,242636620000000,0,0,0
1,1487,242636620000000,242636620087000,242636625394625,5307625,5394625,87000,242636630000000,0,0,0
1,1488,242636630000000,242636630110000,242636636165750,6055750,6165750,110000,242636640000000,0,0,0
1,1489,242636640000000,242636640083625,242636646197500,6113875,6197500,83625,242636650000000,0,0,0
1,1490,242636650000000,242636650077250,242636656186125,6108875,6186125,77250,242636660000000,0,0,0
1,1491,242636660000000,242636660082000,242636666058375,5976375,6058375,82000,242636670000000,0,0,0
1,1492,242636670000000,242636670085500,242636676163000,6077500,6163000,85500,242636680000000,0,0,0
1,1493,242636680000000,242636680084000,242636686208625,6124625,6208625,84000,242636690000000,0,0,0
1,1494,242636690000000,242636690087125,242636696176875,6089750,6176875,87125,242636700000000,0,0,0
1,1495,242636700000000,242636700084125,242636706059250,5975125,6059250,84125,242636710000000,0,0,0
1,1496,242636710000000,242636710087250,242636716142500,6055250,6142500,87250,242636720000000,0,0,0
1,1497,242636720000000,242636720086250,242636726007875,5921625,6007875,86250,242636730000000,0,0,0
1,1498,242636730000000,242636730086000,242636735581000,5495000,5581000,86000,242636740000000,0,0,0
1,1499,242636740000000,242636740118250,242636746179625,6061375,6179625,118250,242636750000000,0,0,0
1,1500,242636750000000,242636750090000,242636756095625,6005625,6095625,90000,242636760000000,0,0,0
1,1501,242636760000000,242636760086875,242636766215000,6128125,6215000,86875,242636770000000,0,0,0
1,1502,242636770000000,242636770075625,242636776087000,6011375,6087000,75625,242636780000000,0,0,0
1,1503,242636780000000,242636780085375,242636786089000,6003625,6089000,85375,242636790000000,0,0,0
1,1504,242636790000000,242636790084625,242636796139375,6054750,6139375,84625,242636800000000,0,0,0
1,1505,242636800000000,242636800080500,242636805874500,5794000,5874500,80500,242636810000000,0,0,0
1,1506,242636810000000,242636810086250,242636816198875,6112625,6198875,86250,242636820000000,0,0,0
1,1507,242636820000000,242636820083000,242636825871125,5788125,5871125,83000,242636830000000,0,0,0
1,1508,242636830000000,242636830061375,242636836199625,6138250,6199625,61375,242636840000000,0,0,0
1,1509,242636840000000,242636840081875,242636846082500,6000625,6082500,81875,242636850000000,0,0,0
1,1510,242636850000000,242636850083625,242636856152875,6069250,6152875,83625,242636860000000,0,0,0
1,1511,242636860000000,242636860081750,242636866063250,5981500,6063250,81750,242636870000000,0,0,0
1,1512,242636870000000,242636870112750,242636876224750,6112000,6224750,112750,242636880000000,0,0,0
1,1513,242636880000000,242636880085625,242636886147375,6061750,6147375,85625,242636890000000,0,0,0
1,1514,242636890000000,242636890087750,242636896230625,6142875,6230625,87750,242636900000000,0,0,0
1,1515,242636900000000,242636900082875,242636905826625,5743750,5826625,82875,242636910000000,0,0,0
1,1516,242636910000000,242636910086500,242636916171750,6085250,6171750,86500,242636920000000,0,0,0
1,1517,242636920000000,242636920083500,242636926065000,5981500,6065000,83500,242636930000000,0,0,0
1,1518,242636930000000,242636930084250,242636935593125,5508875,5593125,84250,242636940000000,0,0,0
1,1519,242636940000000,242636940085500,242636946132500,6047000,6132500,85500,242636950000000,0,0,0
1,1520,242636950000000,242636950087625,242636956321750,6234125,6321750,87625,242636960000000,0,0,0
1,1521,242636960000000,242636960076750,242636966103125,6026375,6103125,76750,242636970000000,0,0,0
1,1522,242636970000000,242636970087750,242636976151250,6063500,6151250,87750,242636980000000,0,0,0
1,1523,242636980000000,242636980077375,242636986114000,6036625,6114000,77375,242636990000000,0,0,0
1,1524,242636990000000,242636990087625,242636996230375,6142750,6230375,87625,242637000000000,0,0,0
1,1525,242637000000000,242637000112750,242637006253750,6141000,6253750,112750,242637010000000,0,0,0
1,1526,242637010000000,242637010088000,242637016155875,6067875,6155875,88000,242637020000000,0,0,0
1,1527,242637020000000,242637020083625,242637026201250,6117625,6201250,83625,242637030000000,0,0,0
1,1528,242637030000000,242637030085750,242637036182625,6096875,6182625,85750,242637040000000,0,0,0
1,1529,242637040000000,242637040083375,242637046077375,5994000,6077375,83375,242637050000000,0,0,0
1,1530,242637050000000,242637050084250,242637055602750,5518500,5602750,84250,242637060000000,0,0,0
1,1531,242637060000000,242637060070750,242637066176000,6105250,6176000,70750,242637070000000,0,0,0
1,1532,242637070000000,242637070074875,242637076141750,6066875,6141750,74875,242637080000000,0,0,0
1,1533,242637080000000,242637080085250,242637085616625,5531375,5616625,85250,242637090000000,0,0,0
1,1534,242637090000000,242637090095500,242637096143875,6048375,6143875,95500,242637100000000,0,0,0
1,1535,242637100000000,242637100085125,242637105877500,5792375,5877500,85125,242637110000000,0,0,0
1,1536,242637110000000,242637110116500,242637115647750,5531250,5647750,116500,242637120000000,0,0,0
1,1537,242637120000000,242637120090125,242637126103000,6012875,6103000,90125,242637130000000,0,0,0
1,1538,242637130000000,242637130085625,242637136277250,6191625,6277250,85625,242637140000000,0,0,0
1,1539,242637140000000,242637140088375,242637146178375,6090000,6178375,88375,242637150000000,0,0,0
1,1540,242637150000000,242637150086375,242637156131250,6044875,6131250,86375,242637160000000,0,0,0
1,1541,242637160000000,242637160084375,242637165851875,5767500,5851875,84375,242637170000000,0,0,0
1,1542,242637170000000,242637170088500,242637176306875,6218375,6306875,88500,242637180000000,0,0,0
1,1543,242637180000000,242637180076000,242637186109000,6033000,6109000,76000,242637190000000,0,0,0
1,1544,242637190000000,242637190088875,242637196068250,5979375,6068250,88875,242637200000000,0,0,0
1,1545,242637200000000,242637200091750,242637206059125,5967375,6059125,91750,242637210000000,0,0,0
1,1546,242637210000000,242637210086625,242637216120000,6033375,6120000,86625,242637220000000,0,0,0
1,1547,242637220000000,242637220082250,242637226121625,6039375,6121625,82250,242637230000000,0,0,0
1,1548,242637230000000,242637230084125,242637236106875,6022750,6106875,84125,242637240000000,0,0,0
1,1549,242637240000000,242637240085125,242637246157250,6072125,6157250,85125,242637250000000,0,0,0
1,1550,242637250000000,242637250083250,242637256132250,6049000,6132250,83250,242637260000000,0,0,0
1,1551,242637260000000,242637260076625,242637266166000,6089375,6166000,76625,242637270000000,0,0,0
1,1552,242637270000000,242637270085750,242637276131000,6045250,6131000,85750,242637280000000,0,0,0
1,1553,242637280000000,242637280085500,242637286104375,6018875,6104375,85500,242637290000000,0,0,0
1,1554,242637290000000,242637290113750,242637296114000,6000250,6114000,113750,242637300000000,0,0,0
1,1555,242637300000000,242637300086125,242637306072125,5986000,6072125,86125,242637310000000,0,0,0
1,1556,242637310000000,242637310085125,242637316158375,6073250,6158375,85125,242637320000000,0,0,0
1,1557,242637320000000,242637320081875,242637326154875,6073000,6154875,81875,242637330000000,0,0,0
1,1558,242637330000000,242637330086625,242637336166250,6079625,6166250,86625,242637340000000,0,0,0
1,1559,242637340000000,242637340078875,242637345956250,5877375,5956250,78875,242637350000000,0,0,0
1,1560,242637350000000,242637350087875,242637356177375,6089500,6177375,87875,242637360000000,0,0,0
1,1561,242637360000000,242637360112875,242637366096750,5983875,6096750,112875,242637370000000,0,0,0
1,1562,242637370000000,242637370089750,242637376198250,6108500,6198250,89750,242637380000000,0,0,0
1,1563,242637380000000,242637380083500,242637386135250,6051750,6135250,83500,242637390000000,0,0,0
1,1564,242637390000000,242637390087000,242637395592625,5505625,5592625,87000,242637400000000,0,0,0
1,1565,242637400000000,242637400088125,242637406242375,6154250,6242375,88125,242637410000000,0,0,0
1,1566,242637410000000,242637410086875,242637415646000,5559125,5646000,86875,242637420000000,0,0,0
1,1567,242637420000000,242637420089875,242637425889375,5799500,5889375,89875,242637430000000,0,0,0
1,1568,242637430000000,242637430078125,242637436157375,6079250,6157375,78125,242637440000000,0,0,0
1,1569,242637440000000,242637440085375,242637446093000,6007625,6093000,85375,242637450000000,0,0,0
1,1570,242637450000000,242637450085500,242637455623000,5537500,5623000,85500,242637460000000,0,0,0
1,1571,242637460000000,242637460086000,242637466139875,6053875,6139875,86000,242637470000000,0,0,0
1,1572,242637470000000,242637470075625,242637476151125,6075500,6151125,75625,242637480000000,0,0,0
1,1573,242637480000000,242637480083250,242637485634500,5551250,5634500,83250,242637490000000,0,0,0
1,1574,242637490000000,242637490101375,242637496124000,6022625,6124000,101375,242637500000000,0,0,0
1,1575,242637500000000,242637500083750,242637505867500,5783750,5867500,83750,242637510000000,0,0,0
1,1576,242637510000000,242637510087125,242637516193875,6106750,6193875,87125,242637520000000,0,0,0
1,1577,242637520000000,242637520081500,242637526158500,6077000,6158500,81500,242637530000000,0,0,0
1,1578,242637530000000,242637530089250,242637536139250,6050000,6139250,89250,242637540000000,0,0,0
1,1579,242637540000000,242637540084500,242637546121250,6036750,6121250,84500,242637550000000,0,0,0
1,1580,242637550000000,242637550089500,242637555631625,5542125,5631625,89500,242637560000000,0,0,0
1,1581,242637560000000,242637560089875,242637565942375,5852500,5942375,89875,242637570000000,0,0,0
1,1582,242637570000000,242637570087875,242637575637500,5549625,5637500,87875,242637580000000,0,0,0
1,1583,242637580000000,242637580086375,242637586101125,6014750,6101125,86375,242637590000000,0,0,0
1,1584,242637590000000,242637590090875,242637596185500,6094625,6185500,90875,242637600000000,0,0,0
1,1585,242637600000000,242637600076500,242637606051375,5974875,6051375,76500,242637610000000,0,0,0
1,1586,242637610000000,242637610089500,242637615666375,5576875,5666375,89500,242637620000000,0,0,0
1,1587,242637620000000,242637620093375,242637626107875,6014500,6107875,93375,242637630000000,0,0,0
1,1588,242637630000000,242637630091125,242637636125875,6034750,6125875,91125,242637640000000,0,0,0
1,1589,242637640000000,242637640083000,242637645633375,5550375,5633375,83000,242637650000000,0,0,0
1,1590,242637650000000,242637650081375,242637656132750,6051375,6132750,81375,242637660000000,0,0,0
1,1591,242637660000000,242637660062500,242637665996250,5933750,5996250,62500,242637670000000,0,0,0
1,1592,242637670000000,242637670072625,242637676132375,6059750,6132375,72625,242637680000000,0,0,0
1,1593,242637680000000,242637680082750,242637686070375,5987625,6070375,82750,242637690000000,0,0,0
1,1594,242637690000000,242637690084625,242637696161250,6076625,6161250,84625,242637700000000,0,0,0
1,1595,242637700000000,242637700084750,242637706096500,6011750,6096500,84750,242637710000000,0,0,0
1,1596,242637710000000,242637710085625,242637716190250,6104625,6190250,85625,242637720000000,0,0,0
1,1597,242637720000000,242637720088375,242637726236875,6148500,6236875,88375,242637730000000,0,0,0
1,1598,242637730000000,242637730086375,242637736088750,6002375,6088750,86375,242637740000000,0,0,0
1,1599,242637740000000,242637740086000,242637746119375,6033375,6119375,86000,242637750000000,0,0,0
1,1600,242637750000000,242637750117750,242637756148500,6030750,6148500,117750,242637760000000,0,0,0
1,1601,242637760000000,242637760087750,242637766154250,6066500,6154250,87750,242637770000000,0,0,0
1,1602,242637770000000,242637770077875,242637776154250,6076375,6154250,77875,242637780000000,0,0,0
1,1603,242637780000000,242637780084875,242637786091125,6006250,6091125,84875,242637790000000,0,0,0
1,1604,242637790000000,242637790088750,242637796160000,6071250,6160000,88750,242637800000000,0,0,0
1,1605,242637800000000,242637800081500,242637805838000,5756500,5838000,81500,242637810000000,0,0,0
1,1606,242637810000000,242637810088000,242637816161000,6073000,6161000,88000,242637820000000,0,0,0
1,1607,242637820000000,242637820067250,242637826095500,6028250,6095500,67250,242637830000000,0,0,0
1,1608,242637830000000,242637830091375,242637836138625,6047250,6138625,91375,242637840000000,0,0,0
1,1609,242637840000000,242637840093875,242637846121250,6027375,6121250,93875,242637850000000,0,0,0
1,1610,242637850000000,242637850090125,242637856153625,6063500,6153625,90125,242637860000000,0,0,0
1,1611,242637860000000,242637860079375,242637866223125,6143750,6223125,79375,242637870000000,0,0,0
1,1612,242637870000000,242637870086875,242637876139250,6052375,6139250,86875,242637880000000,0,0,0
1,1613,242637880000000,242637880081500,242637885834750,5753250,5834750,81500,242637890000000,0,0,0
1,1614,242637890000000,242637890085750,242637896152875,6067125,6152875,85750,242637900000000,0,0,0
1,1615,242637900000000,242637900087125,242637906082125,5995000,6082125,87125,242637910000000,0,0,0
1,1616,242637910000000,242637910082750,242637916172000,6089250,6172000,82750,242637920000000,0,0,0
1,1617,242637920000000,242637920078750,242637926063750,5985000,6063750,78750,242637930000000,0,0,0
1,1618,242637930000000,242637930112750,242637936226375,6113625,6226375,112750,242637940000000,0,0,0
1,1619,242637940000000,242637940087000,242637946089500,6002500,6089500,87000,242637950000000,0,0,0
1,1620,242637950000000,242637950084625,242637956167625,6083000,6167625,84625,242637960000000,0,0,0
1,1621,242637960000000,242637960084375,242637966187875,6103500,6187875,84375,242637970000000,0,0,0
1,1622,242637970000000,242637970092125,242637976148375,6056250,6148375,92125,242637980000000,0,0,0
1,1623,242637980000000,242637980086500,242637986054000,5967500,6054000,86500,242637990000000,0,0,0
1,1624,242637990000000,242637990090000,242637996147500,6057500,6147500,90000,242638000000000,0,0,0
1,1625,242638000000000,242638000083375,242638006089375,6006000,6089375,83375,242638010000000,0,0,0
1,1626,242638010000000,242638010084875,242638016137625,6052750,6137625,84875,242638020000000,0,0,0
1,1627,242638020000000,242638020103125,242638026288500,6185375,6288500,103125,242638030000000,0,0,0
1,1628,242638030000000,242638030088625,242638036153875,6065250,6153875,88625,242638040000000,0,0,0
1,1629,242638040000000,242638040103750,242638045865125,5761375,5865125,103750,242638050000000,0,0,0
1,1630,242638050000000,242638050088875,242638056134000,6045125,6134000,88875,242638060000000,0,0,0
1,1631,242638060000000,242638060083750,242638066107500,6023750,6107500,83750,242638070000000,0,0,0
1,1632,242638070000000,242638070089875,242638076189375,6099500,6189375,89875,242638080000000,0,0,0
1,1633,242638080000000,242638080070375,242638086276000,6205625,6276000,70375,242638090000000,0,0,0
1,1634,242638090000000,242638090087875,242638096170375,6082500,6170375,87875,242638100000000,0,0,0
1,1635,242638100000000,242638100083875,242638106128500,6044625,6128500,83875,242638110000000,0,0,0
1,1636,242638110000000,242638110084625,242638116114375,6029750,6114375,84625,242638120000000,0,0,0
1,1637,242638120000000,242638120082875,242638126087750,6004875,6087750,82875,242638130000000,0,0,0
1,1638,242638130000000,242638130105500,242638136102875,5997375,6102875,105500,242638140000000,0,0,0
1,1639,242638140000000,242638140086750,242638146101250,6014500,6101250,86750,242638150000000,0,0,0
1,1640,242638150000000,242638150116500,242638156146125,6029625,6146125,116500,242638160000000,0,0,0
1,1641,242638160000000,242638160085750,242638166186000,6100250,6186000,85750,242638170000000,0,0,0
1,1642,242638170000000,242638170088500,242638176207500,6119000,6207500,88500,242638180000000,0,0,0
1,1643,242638180000000,242638180080625,242638186060875,5980250,6060875,80625,242638190000000,0,0,0
1,1644,242638190000000,242638190088000,242638195624375,5536375,5624375,88000,242638200000000,0,0,0
1,1645,242638200000000,242638200086000,242638206129375,6043375,6129375,86000,242638210000000,0,0,0
1,1646,242638210000000,242638210087125,242638216174125,6087000,6174125,87125,242638220000000,0,0,0
1,1647,242638220000000,242638220083375,242638225801875,5718500,5801875,83375,242638230000000,0,0,0
1,1648,242638230000000,242638230088250,242638236221625,6133375,6221625,88250,242638240000000,0,0,0
1,1649,242638240000000,242638240077750,242638245834000,5756250,5834000,77750,242638250000000,0,0,0
1,1650,242638250000000,242638250086625,242638256140875,6054250,6140875,86625,242638260000000,0,0,0
1,1651,242638260000000,242638260108750,242638266141125,6032375,6141125,108750,242638270000000,0,0,0
1,1652,242638270000000,242638270088000,242638276096750,6008750,6096750,88000,242638280000000,0,0,0
1,1653,242638280000000,242638280080375,242638286124875,6044500,6124875,80375,242638290000000,0,0,0
1,1654,242638290000000,242638290082250,242638296130875,6048625,6130875,82250,242638300000000,0,0,0
1,1655,242638300000000,242638300085375,242638306069750,5984375,6069750,85375,242638310000000,0,0,0
1,1656,242638310000000,242638310084000,242638316149750,6065750,6149750,84000,242638320000000,0,0,0
1,1657,242638320000000,242638320085500,242638326127125,6041625,6127125,85500,242638330000000,0,0,0
1,1658,242638330000000,242638330082375,242638336156375,6074000,6156375,82375,242638340000000,0,0,0
1,1659,242638340000000,242638340086250,242638346055750,5969500,6055750,86250,242638350000000,0,0,0
1,1660,242638350000000,242638350108500,242638356143875,6035375,6143875,108500,242638360000000,0,0,0
1,1661,242638360000000,242638360087125,242638366099250,6012125,6099250,87125,242638370000000,0,0,0
1,1662,242638370000000,242638370123625,242638375600375,5476750,5600375,123625,242638380000000,0,0,0
1,1663,242638380000000,242638380064375,242638386034625,5970250,6034625,64375,242638390000000,0,0,0
1,1664,242638390000000,242638390087375,242638396177500,6090125,6177500,87375,242638400000000,0,0,0
1,1665,242638400000000,242638400082500,242638406044375,5961875,6044375,82500,242638410000000,0,0,0
1,1666,242638410000000,242638410088125,242638416068375,5980250,6068375,88125,242638420000000,0,0,0
1,1667,242638420000000,242638420082125,242638425567250,5485125,5567250,82125,242638430000000,0,0,0
1,1668,242638430000000,242638430082250,242638435937250,5855000,5937250,82250,242638440000000,0,0,0
1,1669,242638440000000,242638440109250,242638446200625,6091375,6200625,109250,242638450000000,0,0,0
1,1670,242638450000000,242638450088625,242638456123625,6035000,6123625,88625,242638460000000,0,0,0
1,1671,242638460000000,242638460118000,242638466248875,6130875,6248875,118000,242638470000000,0,0,0
1,1672,242638470000000,242638470089500,242638475632250,5542750,5632250,89500,242638480000000,0,0,0
1,1673,242638480000000,242638480114875,242638485938875,5824000,5938875,114875,242638490000000,0,0,0
1,1674,242638490000000,242638490086250,242638496197750,6111500,6197750,86250,242638500000000,0,0,0
1,1675,242638500000000,242638500084875,242638506091250,6006375,6091250,84875,242638510000000,0,0,0
1,1676,242638510000000,242638510088000,242638516143750,6055750,6143750,88000,242638520000000,0,0,0
1,1677,242638520000000,242638520083625,242638526134500,6050875,6134500,83625,242638530000000,0,0,0
1,1678,242638530000000,242638530084750,242638536125875,6041125,6125875,84750,242638540000000,0,0,0
1,1679,242638540000000,242638540084000,242638546083125,5999125,6083125,84000,242638550000000,0,0,0
1,1680,242638550000000,242638550114875,242638556135125,6020250,6135125,114875,242638560000000,0,0,0
1,1681,242638560000000,242638560086000,242638566077250,5991250,6077250,86000,242638570000000,0,0,0
1,1682,242638570000000,242638570118375,242638576171500,6053125,6171500,118375,242638580000000,0,0,0
1,1683,242638580000000,242638580084000,242638586115375,6031375,6115375,84000,242638590000000,0,0,0
1,1684,242638590000000,242638590110500,242638596105500,5995000,6105500,110500,242638600000000,0,0,0
1,1685,242638600000000,242638600085875,242638606060250,5974375,6060250,85875,242638610000000,0,0,0
1,1686,242638610000000,242638610086000,242638616144625,6058625,6144625,86000,242638620000000,0,0,0
1,1687,242638620000000,242638620086375,242638626184375,6098000,6184375,86375,242638630000000,0,0,0
1,1688,242638630000000,242638630088625,242638635962375,5873750,5962375,88625,242638640000000,0,0,0
1,1689,242638640000000,242638640081625,242638646140500,6058875,6140500,81625,242638650000000,0,0,0
1,1690,242638650000000,242638650086000,242638655583625,5497625,5583625,86000,242638660000000,0,0,0
1,1691,242638660000000,242638660086375,242638666140125,6053750,6140125,86375,242638670000000,0,0,0
1,1692,242638670000000,242638670088250,242638676193000,6104750,6193000,88250,242638680000000,0,0,0
1,1693,242638680000000,242638680076750,242638686062500,5985750,6062500,76750,242638690000000,0,0,0
1,1694,242638690000000,242638690076250,242638696223125,6146875,6223125,76250,242638700000000,0,0,0
1,1695,242638700000000,242638700077875,242638705860875,5783000,5860875,77875,242638710000000,0,0,0
1,1696,242638710000000,242638710086500,242638716236625,6150125,6236625,86500,242638720000000,0,0,0
1,1697,242638720000000,242638720111500,242638725908750,5797250,5908750,111500,242638730000000,0,0,0
1,1698,242638730000000,242638730092375,242638735641875,5549500,5641875,92375,242638740000000,0,0,0
1,1699,242638740000000,242638740095500,242638746157750,6062250,6157750,95500,242638750000000,0,0,0
1,1700,242638750000000,242638750088625,242638755398250,5309625,5398250,88625,242638760000000,0,0,0
1,1701,242638760000000,242638760089125,242638766172875,6083750,6172875,89125,242638770000000,0,0,0
1,1702,242638770000000,242638770074125,242638776126375,6052250,6126375,74125,242638780000000,0,0,0
1,1703,242638780000000,242638780083125,242638786088500,6005375,6088500,83125,242638790000000,0,0,0
1,1704,242638790000000,242638790084125,242638796133500,6049375,6133500,84125,242638800000000,0,0,0
1,1705,242638800000000,242638800084375,242638806090750,6006375,6090750,84375,242638810000000,0,0,0
1,1706,242638810000000,242638810115375,242638816259625,6144250,6259625,115375,242638820000000,0,0,0
1,1707,242638820000000,242638820077625,242638826058000,5980375,6058000,77625,242638830000000,0,0,0
1,1708,242638830000000,242638830117750,242638836156250,6038500,6156250,117750,242638840000000,0,0,0
1,1709,242638840000000,242638840084875,242638846105875,6021000,6105875,84875,242638850000000,0,0,0
1,1710,242638850000000,242638850084750,242638855621250,5536500,5621250,84750,242638860000000,0,0,0
1,1711,242638860000000,242638860089250,242638865883000,5793750,5883000,89250,242638870000000,0,0,0
1,1712,242638870000000,242638870086875,242638876299625,6212750,6299625,86875,242638880000000,0,0,0
1,1713,242638880000000,242638880061625,242638886030375,5968750,6030375,61625,242638890000000,0,0,0
1,1714,242638890000000,242638890087125,242638896150625,6063500,6150625,87125,242638900000000,0,0,0
1,1715,242638900000000,242638900081000,242638906178500,6097500,6178500,81000,242638910000000,0,0,0
1,1716,242638910000000,242638910089500,242638916179125,6089625,6179125,89500,242638920000000,0,0,0
1,1717,242638920000000,242638920083500,242638926093875,6010375,6093875,83500,242638930000000,0,0,0
1,1718,242638930000000,242638930089125,242638936147000,6057875,6147000,89125,242638940000000,0,0,0
1,1719,242638940000000,242638940101875,242638946165000,6063125,6165000,101875,242638950000000,0,0,0
1,1720,242638950000000,242638950086375,242638955620000,5533625,5620000,86375,242638960000000,0,0,0
1,1721,242638960000000,242638960096500,242638966221000,6124500,6221000,96500,242638970000000,0,0,0
1,1722,242638970000000,242638970088625,242638976094375,6005750,6094375,88625,242638980000000,0,0,0
1,1723,242638980000000,242638980085375,242638985879875,5794500,5879875,85375,242638990000000,0,0,0
1,1724,242638990000000,242638990087000,242638996175500,6088500,6175500,87000,242639000000000,0,0,0
1,1725,242639000000000,242639000086125,242639006226375,6140250,6226375,86125,242639010000000,0,0,0
1,1726,242639010000000,242639010087000,242639015605000,5518000,5605000,87000,242639020000000,0,0,0
1,1727,242639020000000,242639020088750,242639026168500,6079750,6168500,88750,242639030000000,0,0,0
1,1728,242639030000000,242639030089875,242639036132000,6042125,6132000,89875,242639040000000,0,0,0
1,1729,242639040000000,242639040083500,242639046107000,6023500,6107000,83500,242639050000000,0,0,0
1,1730,242639050000000,242639050078125,242639056128375,6050250,6128375,78125,242639060000000,0,0,0
1,1731,242639060000000,242639060084000,242639066045500,5961500,6045500,84000,242639070000000,0,0,0
1,1732,242639070000000,242639070111375,242639076158500,6047125,6158500,111375,242639080000000,0,0,0
1,1733,242639080000000,242639080082625,242639086215625,6133000,6215625,82625,242639090000000,0,0,0
1,1734,242639090000000,242639090120500,242639096141875,6021375,6141875,120500,242639100000000,0,0,0
1,1735,242639100000000,242639100070125,242639106064000,5993875,6064000,70125,242639110000000,0,0,0
1,1736,242639110000000,242639110113250,242639115436125,5322875,5436125,113250,242639120000000,0,0,0
1,1737,242639120000000,242639120086500,242639125851750,5765250,5851750,86500,242639130000000,0,0,0
1,1738,242639130000000,242639130086375,242639136159500,6073125,6159500,86375,242639140000000,0,0,0
1,1739,242639140000000,242639140085625,242639146082000,5996375,6082000,85625,242639150000000,0,0,0
1,1740,242639150000000,242639150085750,242639155621875,5536125,5621875,85750,242639160000000,0,0,0
1,1741,242639160000000,242639160085625,242639166180125,6094500,6180125,85625,242639170000000,0,0,0
1,1742,242639170000000,242639170088125,242639176191625,6103500,6191625,88125,242639180000000,0,0,0
1,1743,242639180000000,242639180076000,242639185364750,5288750,5364750,76000,242639190000000,0,0,0
1,1744,242639190000000,242639190084750,242639196199875,6115125,6199875,84750,242639200000000,0,0,0
1,1745,242639200000000,242639200086875,242639206033125,5946250,6033125,86875,242639210000000,0,0,0
1,1746,242639210000000,242639210087125,242639215577750,5490625,5577750,87125,242639220000000,0,0,0
1,1747,242639220000000,242639220106875,242639226146500,6039625,6146500,106875,242639230000000,0,0,0
1,1748,242639230000000,242639230087250,242639236164250,6077000,6164250,87250,242639240000000,0,0,0
1,1749,242639240000000,242639240083875,242639246132750,6048875,6132750,83875,242639250000000,0,0,0
1,1750,242639250000000,242639250084750,242639256144125,6059375,6144125,84750,242639260000000,0,0,0
1,1751,242639260000000,242639260083875,242639266077125,5993250,6077125,83875,242639270000000,0,0,0
1,1752,242639270000000,242639270084500,242639276122125,6037625,6122125,84500,242639280000000,0,0,0
1,1753,242639280000000,242639280082500,242639286124875,6042375,6124875,82500,242639290000000,0,0,0
1,1754,242639290000000,242639290083375,242639295611750,5528375,5611750,83375,242639300000000,0,0,0
1,1755,242639300000000,242639300082500,242639305984750,5902250,5984750,82500,242639310000000,0,0,0
1,1756,242639310000000,242639310112375,242639316200375,6088000,6200375,112375,242639320000000,0,0,0
1,1757,242639320000000,242639320083000,242639325848875,5765875,5848875,83000,242639330000000,0,0,0
1,1758,242639330000000,242639330120875,242639336137250,6016375,6137250,120875,242639340000000,0,0,0
1,1759,242639340000000,242639340082875,242639346095500,6012625,6095500,82875,242639350000000,0,0,0
1,1760,242639350000000,242639350087875,242639356163125,6075250,6163125,87875,242639360000000,0,0,0
1,1761,242639360000000,242639360078750,242639366144375,6065625,6144375,78750,242639370000000,0,0,0
1,1762,242639370000000,242639370087875,242639375646750,5558875,5646750,87875,242639380000000,0,0,0
1,1763,242639380000000,242639380088250,242639385913875,5825625,5913875,88250,242639390000000,0,0,0
1,1764,242639390000000,242639390085250,242639396346500,6261250,6346500,85250,242639400000000,0,0,0
1,1765,242639400000000,242639400085875,242639406175625,6089750,6175625,85875,242639410000000,0,0,0
1,1766,242639410000000,242639410088625,242639415598375,5509750,5598375,88625,242639420000000,0,0,0
1,1767,242639420000000,242639420082500,242639426123500,6041000,6123500,82500,242639430000000,0,0,0
1,1768,242639430000000,242639430089250,242639436161000,6071750,6161000,89250,242639440000000,0,0,0
1,1769,242639440000000,242639440077125,242639445863000,5785875,5863000,77125,242639450000000,0,0,0
1,1770,242639450000000,242639450085875,242639456190500,6104625,6190500,85875,242639460000000,0,0,0
1,1771,242639460000000,242639460076000,242639466071750,5995750,6071750,76000,242639470000000,0,0,0
1,1772,242639470000000,242639470089250,242639475620000,5530750,5620000,89250,242639480000000,0,0,0
1,1773,242639480000000,242639480112875,242639486115750,6002875,6115750,112875,242639490000000,0,0,0
1,1774,242639490000000,242639490088375,242639495395375,5307000,5395375,88375,242639500000000,0,0,0
1,1775,242639500000000,242639500099375,242639506138625,6039250,6138625,99375,242639510000000,0,0,0
1,1776,242639510000000,242639510086125,242639516155000,6068875,6155000,86125,242639520000000,0,0,0
1,1777,242639520000000,242639520084750,242639526133250,6048500,6133250,84750,242639530000000,0,0,0
1,1778,242639530000000,242639530084625,242639536142000,6057375,6142000,84625,242639540000000,0,0,0
1,1779,242639540000000,242639540084250,242639546242375,6158125,6242375,84250,242639550000000,0,0,0
1,1780,242639550000000,242639550086375,242639556183125,6096750,6183125,86375,242639560000000,0,0,0
1,1781,242639560000000,242639560083750,242639566163125,6079375,6163125,83750,242639570000000,0,0,0
1,1782,242639570000000,242639570117375,242639576259500,6142125,6259500,117375,242639580000000,0,0,0
1,1783,242639580000000,242639580082750,242639585897875,5815125,5897875,82750,242639590000000,0,0,0
1,1784,242639590000000,242639590119500,242639595645875,5526375,5645875,119500,242639600000000,0,0,0
1,1785,242639600000000,242639600089875,242639605377375,5287500,5377375,89875,242639610000000,0,0,0
1,1786,242639610000000,242639610085500,242639616242250,6156750,6242250,85500,242639620000000,0,0,0
1,1787,242639620000000,242639620088250,242639626083625,5995375,6083625,88250,242639630000000,0,0,0
1,1788,242639630000000,242639630089375,242639635610250,5520875,5610250,89375,242639640000000,0,0,0
1,1789,242639640000000,242639640088875,242639646240750,6151875,6240750,88875,242639650000000,0,0,0
1,1790,242639650000000,242639650088000,242639656289750,6201750,6289750,88000,242639660000000,0,0,0
1,1791,242639660000000,242639660083875,242639665878375,5794500,5878375,83875,242639670000000,0,0,0
1,1792,242639670000000,242639670090750,242639676222875,6132125,6222875,90750,242639680000000,0,0,0
1,1793,242639680000000,242639680085750,242639686114125,6028375,6114125,85750,242639690000000,0,0,0
1,1794,242639690000000,242639690092500,242639696176875,6084375,6176875,92500,242639700000000,0,0,0
1,1795,242639700000000,242639700085250,242639706092750,6007500,6092750,85250,242639710000000,0,0,0
1,1796,242639710000000,242639710075500,242639715619125,5543625,5619125,75500,242639720000000,0,0,0
1,1797,242639720000000,242639720104625,242639726131250,6026625,6131250,104625,242639730000000,0,0,0
1,1798,242639730000000,242639730090625,242639736151500,6060875,6151500,90625,242639740000000,0,0,0
1,1799,242639740000000,242639740116250,242639746101000,5984750,6101000,116250,242639750000000,0,0,0
1,1800,242639750000000,242639750089375,242639755925500,5836125,5925500,89375,242639760000000,0,0,0
1,1801,242639760000000,242639760108875,242639766076000,5967125,6076000,108875,242639770000000,0,0,0
1,1802,242639770000000,242639770079875,242639776088875,6009000,6088875,79875,242639780000000,0,0,0
1,1803,242639780000000,242639780083875,242639786182250,6098375,6182250,83875,242639790000000,0,0,0
1,1804,242639790000000,242639790088500,242639796105875,6017375,6105875,88500,242639800000000,0,0,0
1,1805,242639800000000,242639800084375,242639806269375,6185000,6269375,84375,242639810000000,0,0,0
1,1806,242639810000000,242639810083375,242639816162625,6079250,6162625,83375,242639820000000,0,0,0
1,1807,242639820000000,242639820071750,242639825877000,5805250,5877000,71750,242639830000000,0,0,0
1,1808,242639830000000,242639830113875,242639835609250,5495375,5609250,113875,242639840000000,0,0,0
1,1809,242639840000000,242639840062500,242639846147250,6084750,6147250,62500,242639850000000,0,0,0
1,1810,242639850000000,242639850104250,242639855612375,5508125,5612375,104250,242639860000000,0,0,0
1,1811,242639860000000,242639860087625,242639866131125,6043500,6131125,87625,242639870000000,0,0,0
1,1812,242639870000000,242639870086125,242639876160125,6074000,6160125,86125,242639880000000,0,0,0
1,1813,242639880000000,242639880081875,242639886225375,6143500,6225375,81875,242639890000000,0,0,0
1,1814,242639890000000,242639890087375,242639896152000,6064625,6152000,87375,242639900000000,0,0,0
1,1815,242639900000000,242639900081500,242639906100875,6019375,6100875,81500,242639910000000,0,0,0
1,1816,242639910000000,242639910086000,242639916145625,6059625,6145625,86000,242639920000000,0,0,0
1,1817,242639920000000,242639920082000,242639926076250,5994250,6076250,82000,242639930000000,0,0,0
1,1818,242639930000000,242639930086125,242639936072125,5986000,6072125,86125,242639940000000,0,0,0
1,1819,242639940000000,242639940084125,242639946090250,6006125,6090250,84125,242639950000000,0,0,0
1,1820,242639950000000,242639950088375,242639956099750,6011375,6099750,88375,242639960000000,0,0,0
1,1821,242639960000000,242639960084125,242639966192125,6108000,6192125,84125,242639970000000,0,0,0
1,1822,242639970000000,242639970083000,242639976142125,6059125,6142125,83000,242639980000000,0,0,0
1,1823,242639980000000,242639980114500,242639986122500,6008000,6122500,114500,242639990000000,0,0,0
1,1824,242639990000000,242639990086875,242639996219000,6132125,6219000,86875,242640000000000,0,0,0
1,1825,242640000000000,242640000115250,242640006168375,6053125,6168375,115250,242640010000000,0,0,0
1,1826,242640010000000,242640010071125,242640015556625,5485500,5556625,71125,242640020000000,0,0,0
1,1827,242640020000000,242640020119750,242640026192125,6072375,6192125,119750,242640030000000,0,0,0
1,1828,242640030000000,242640030089625,242640036085000,5995375,6085000,89625,242640040000000,0,0,0
1,1829,242640040000000,242640040084750,242640046151875,6067125,6151875,84750,242640050000000,0,0,0
1,1830,242640050000000,242640050086500,242640056104625,6018125,6104625,86500,242640060000000,0,0,0
1,1831,242640060000000,242640060082625,242640066078000,5995375,6078000,82625,242640070000000,0,0,0
1,1832,242640070000000,242640070082000,242640076231250,6149250,6231250,82000,242640080000000,0,0,0
1,1833,242640080000000,242640080084125,242640086053875,5969750,6053875,84125,242640090000000,0,0,0
1,1834,242640090000000,242640090110250,242640096152000,6041750,6152000,110250,242640100000000,0,0,0
1,1835,242640100000000,242640100084000,242640106083125,5999125,6083125,84000,242640110000000,0,0,0
1,1836,242640110000000,242640110119125,242640116122625,6003500,6122625,119125,242640120000000,0,0,0
1,1837,242640120000000,242640120069000,242640126046750,5977750,6046750,69000,242640130000000,0,0,0
1,1838,242640130000000,242640130086375,242640136118000,6031625,6118000,86375,242640140000000,0,0,0
1,1839,242640140000000,242640140082750,242640146074125,5991375,6074125,82750,242640150000000,0,0,0
1,1840,242640150000000,242640150087750,242640155700375,5612625,5700375,87750,242640160000000,0,0,0
1,1841,242640160000000,242640160086250,242640166153000,6066750,6153000,86250,242640170000000,0,0,0
1,1842,242640170000000,242640170089500,242640175582500,5493000,5582500,89500,242640180000000,0,0,0
1,1843,242640180000000,242640180088875,242640186163125,6074250,6163125,88875,242640190000000,0,0,0
1,1844,242640190000000,242640190085625,242640195323750,5238125,5323750,85625,242640200000000,0,0,0
1,1845,242640200000000,242640200090750,242640206234125,6143375,6234125,90750,242640210000000,0,0,0
1,1846,242640210000000,242640210087750,242640215588000,5500250,5588000,87750,242640220000000,0,0,0
1,1847,242640220000000,242640220077500,242640226137250,6059750,6137250,77500,242640230000000,0,0,0
1,1848,242640230000000,242640230087000,242640236140000,6053000,6140000,87000,242640240000000,0,0,0
1,1849,242640240000000,242640240077875,242640246140375,6062500,6140375,77875,242640250000000,0,0,0
1,1850,242640250000000,242640250086000,242640256192875,6106875,6192875,86000,242640260000000,0,0,0
1,1851,242640260000000,242640260097375,242640265640500,5543125,5640500,97375,242640270000000,0,0,0
1,1852,242640270000000,242640270086625,242640276134500,6047875,6134500,86625,242640280000000,0,0,0
1,1853,242640280000000,242640280096500,242640285637500,5541000,5637500,96500,242640290000000,0,0,0
1,1854,242640290000000,242640290086250,242640295612750,5526500,5612750,86250,242640300000000,0,0,0
1,1855,242640300000000,242640300098125,242640305897250,5799125,5897250,98125,242640310000000,0,0,0
1,1856,242640310000000,242640310091500,242640316206000,6114500,6206000,91500,242640320000000,0,0,0
1,1857,242640320000000,242640320077125,242640326079250,6002125,6079250,77125,242640330000000,0,0,0
1,1858,242640330000000,242640330085250,242640336157250,6072000,6157250,85250,242640340000000,0,0,0
1,1859,242640340000000,242640340081875,242640346101000,6019125,6101000,81875,242640350000000,0,0,0
1,1860,242640350000000,242640350084625,242640356221750,6137125,6221750,84625,242640360000000,0,0,0
1,1861,242640360000000,242640360084375,242640366090125,6005750,6090125,84375,242640370000000,0,0,0
1,1862,242640370000000,242640370113250,242640376164000,6050750,6164000,113250,242640380000000,0,0,0
1,1863,242640380000000,242640380103250,242640385853125,5749875,5853125,103250,242640390000000,0,0,0
1,1864,242640390000000,242640390122250,242640395732125,5609875,5732125,122250,242640400000000,0,0,0
1,1865,242640400000000,242640400094125,242640406085625,5991500,6085625,94125,242640410000000,0,0,0
1,1866,242640410000000,242640410116750,242640415626000,5509250,5626000,116750,242640420000000,0,0,0
1,1867,242640420000000,242640420090000,242640426214500,6124500,6214500,90000,242640430000000,0,0,0
1,1868,242640430000000,242640430085875,242640436222750,6136875,6222750,85875,242640440000000,0,0,0
1,1869,242640440000000,242640440089375,242640446063500,5974125,6063500,89375,242640450000000,0,0,0
1,1870,242640450000000,242640450088375,242640456171875,6083500,6171875,88375,242640460000000,0,0,0
1,1871,242640460000000,242640460082750,242640466077250,5994500,6077250,82750,242640470000000,0,0,0
1,1872,242640470000000,242640470087000,242640476220875,6133875,6220875,87000,242640480000000,0,0,0
1,1873,242640480000000,242640480083750,242640485857000,5773250,5857000,83750,242640490000000,0,0,0
1,1874,242640490000000,242640490085875,242640496208375,6122500,6208375,85875,242640500000000,0,0,0
1,1875,242640500000000,242640500081125,242640506073750,5992625,6073750,81125,242640510000000,0,0,0
1,1876,242640510000000,242640510087875,242640515607000,5519125,5607000,87875,242640520000000,0,0,0
1,1877,242640520000000,242640520116000,242640526174375,6058375,6174375,116000,242640530000000,0,0,0
1,1878,242640530000000,242640530086375,242640536061000,5974625,6061000,86375,242640540000000,0,0,0
1,1879,242640540000000,242640540084250,242640545863250,5779000,5863250,84250,242640550000000,0,0,0
1,1880,242640550000000,242640550087000,242640556135750,6048750,6135750,87000,242640560000000,0,0,0
1,1881,242640560000000,242640560083500,242640565873875,5790375,5873875,83500,242640570000000,0,0,0
1,1882,242640570000000,242640570084000,242640575626625,5542625,5626625,84000,242640580000000,0,0,0
1,1883,242640580000000,242640580084750,242640585860625,5775875,5860625,84750,242640590000000,0,0,0
1,1884,242640590000000,242640590077000,242640596165250,6088250,6165250,77000,242640600000000,0,0,0
1,1885,242640600000000,242640600083500,242640606092000,6008500,6092000,83500,242640610000000,0,0,0
1,1886,242640610000000,242640610081625,242640616123000,6041375,6123000,81625,242640620000000,0,0,0
1,1887,242640620000000,242640620085000,242640626073875,5988875,6073875,85000,242640630000000,0,0,0
1,1888,242640630000000,242640630115750,242640636238500,6122750,6238500,115750,242640640000000,0,0,0
1,1889,242640640000000,242640640086000,242640646133750,6047750,6133750,86000,242640650000000,0,0,0
1,1890,242640650000000,242640650087125,242640656192375,6105250,6192375,87125,242640660000000,0,0,0
1,1891,242640660000000,242640660084000,242640666061750,5977750,6061750,84000,242640670000000,0,0,0
1,1892,242640670000000,242640670086750,242640676162000,6075250,6162000,86750,242640680000000,0,0,0
1,1893,242640680000000,242640680086125,242640686188000,6101875,6188000,86125,242640690000000,0,0,0
1,1894,242640690000000,242640690088250,242640696131750,6043500,6131750,88250,242640700000000,0,0,0
1,1895,242640700000000,242640700085000,242640706048250,5963250,6048250,85000,242640710000000,0,0,0
1,1896,242640710000000,242640710085375,242640716157125,6071750,6157125,85375,242640720000000,0,0,0
1,1897,242640720000000,242640720086625,242640726161750,6075125,6161750,86625,242640730000000,0,0,0
1,1898,242640730000000,242640730075625,242640736181125,6105500,6181125,75625,242640740000000,0,0,0
1,1899,242640740000000,242640740082875,242640745865125,5782250,5865125,82875,242640750000000,0,0,0
1,1900,242640750000000,242640750089875,242640756224250,6134375,6224250,89875,242640760000000,0,0,0
1,1901,242640760000000,242640760082375,242640766236875,6154500,6236875,82375,242640770000000,0,0,0
1,1902,242640770000000,242640770078000,242640776167750,6089750,6167750,78000,242640780000000,0,0,0
1,1903,242640780000000,242640780101500,242640786293375,6191875,6293375,101500,242640790000000,0,0,0
1,1904,242640790000000,242640790090375,242640796161500,6071125,6161500,90375,242640800000000,0,0,0
1,1905,242640800000000,242640800105500,242640805849500,5744000,5849500,105500,242640810000000,0,0,0
1,1906,242640810000000,242640810087625,242640816147375,6059750,6147375,87625,242640820000000,0,0,0
1,1907,242640820000000,242640820102000,242640825844375,5742375,5844375,102000,242640830000000,0,0,0
1,1908,242640830000000,242640830062750,242640836116125,6053375,6116125,62750,242640840000000,0,0,0
1,1909,242640840000000,242640840086250,242640846117250,6031000,6117250,86250,242640850000000,0,0,0
1,1910,242640850000000,242640850088750,242640856128250,6039500,6128250,88750,242640860000000,0,0,0
1,1911,242640860000000,242640860088625,242640866087375,5998750,6087375,88625,242640870000000,0,0,0
1,1912,242640870000000,242640870091625,242640876125875,6034250,6125875,91625,242640880000000,0,0,0
1,1913,242640880000000,242640880086000,242640886177875,6091875,6177875,86000,242640890000000,0,0,0
1,1914,242640890000000,242640890084125,242640896108750,6024625,6108750,84125,242640900000000,0,0,0
1,1915,242640900000000,242640900082875,242640906117500,6034625,6117500,82875,242640910000000,0,0,0
1,1916,242640910000000,242640910114000,242640916124625,6010625,6124625,114000,242640920000000,0,0,0
1,1917,242640920000000,242640920085375,242640925844375,5759000,5844375,85375,242640930000000,0,0,0
1,1918,242640930000000,242640930072750,242640936294750,6222000,6294750,72750,242640940000000,0,0,0
1,1919,242640940000000,242640940082625,242640946088750,6006125,6088750,82625,242640950000000,0,0,0
1,1920,242640950000000,242640950085625,242640955625125,5539500,5625125,85625,242640960000000,0,0,0
1,1921,242640960000000,242640960090500,242640966069750,5979250,6069750,90500,242640970000000,0,0,0
1,1922,242640970000000,242640970089000,242640976180625,6091625,6180625,89000,242640980000000,0,0,0
1,1923,242640980000000,242640980081875,242640986090000,6008125,6090000,81875,242640990000000,0,0,0
1,1924,242640990000000,242640990078250,242640996192125,6113875,6192125,78250,242641000000000,0,0,0
1,1925,242641000000000,242641000107500,242641006108375,6000875,6108375,107500,242641010000000,0,0,0
1,1926,242641010000000,242641010085250,242641016145750,6060500,6145750,85250,242641020000000,0,0,0
1,1927,242641020000000,242641020083375,242641026146625,6063250,6146625,83375,242641030000000,0,0,0
1,1928,242641030000000,242641030086125,242641035933375,5847250,5933375,86125,242641040000000,0,0,0
1,1929,242641040000000,242641040089875,242641046233250,6143375,6233250,89875,242641050000000,0,0,0
1,1930,242641050000000,242641050089250,242641056196625,6107375,6196625,89250,242641060000000,0,0,0
1,1931,242641060000000,242641060084375,242641066105500,6021125,6105500,84375,242641070000000,0,0,0
1,1932,242641070000000,242641070083125,242641076091000,6007875,6091000,83125,242641080000000,0,0,0
1,1933,242641080000000,242641080084750,242641086175125,6090375,6175125,84750,242641090000000,0,0,0
1,1934,242641090000000,242641090086375,242641095603875,5517500,5603875,86375,242641100000000,0,0,0
1,1935,242641100000000,242641100085875,242641106221000,6135125,6221000,85875,242641110000000,0,0,0
1,1936,242641110000000,242641110076625,242641116172625,6096000,6172625,76625,242641120000000,0,0,0
1,1937,242641120000000,242641120086625,242641125899375,5812750,5899375,86625,242641130000000,0,0,0
1,1938,242641130000000,242641130099375,242641136159125,6059750,6159125,99375,242641140000000,0,0,0
1,1939,242641140000000,242641140068625,242641146074250,6005625,6074250,68625,242641150000000,0,0,0
1,1940,242641150000000,242641150084875,242641156155875,6071000,6155875,84875,242641160000000,0,0,0
1,1941,242641160000000,242641160083500,242641166168000,6084500,6168000,83500,242641170000000,0,0,0
1,1942,242641170000000,242641170085750,242641176095375,6009625,6095375,85750,242641180000000,0,0,0
1,1943,242641180000000,242641180082125,242641186055625,5973500,6055625,82125,242641190000000,0,0,0
1,1944,242641190000000,242641190085750,242641195591500,5505750,5591500,85750,242641200000000,0,0,0
1,1945,242641200000000,242641200114500,242641206155125,6040625,6155125,114500,242641210000000,0,0,0
1,1946,242641210000000,242641210087000,242641216153375,6066375,6153375,87000,242641220000000,0,0,0
1,1947,242641220000000,242641220080250,242641226121375,6041125,6121375,80250,242641230000000,0,0,0
1,1948,242641230000000,242641230088250,242641236145625,6057375,6145625,88250,242641240000000,0,0,0
1,1949,242641240000000,242641240081375,242641246106000,6024625,6106000,81375,242641250000000,0,0,0
1,1950,242641250000000,242641250085500,242641256142750,6057250,6142750,85500,242641260000000,0,0,0
1,1951,242641260000000,242641260082750,242641266092875,6010125,6092875,82750,242641270000000,0,0,0
1,1952,242641270000000,242641270084000,242641276075125,5991125,6075125,84000,242641280000000,0,0,0
1,1953,242641280000000,242641280081750,242641286069000,5987250,6069000,81750,242641290000000,0,0,0
1,1954,242641290000000,242641290112250,242641296147625,6035375,6147625,112250,242641300000000,0,0,0
1,1955,242641300000000,242641300086125,242641305840500,5754375,5840500,86125,242641310000000,0,0,0
1,1956,242641310000000,242641310104250,242641316154625,6050375,6154625,104250,242641320000000,0,0,0
1,1957,242641320000000,242641320085000,242641326152250,6067250,6152250,85000,242641330000000,0,0,0
1,1958,242641330000000,242641330086750,242641335648625,5561875,5648625,86750,242641340000000,0,0,0
1,1959,242641340000000,242641340082500,242641346111875,6029375,6111875,82500,242641350000000,0,0,0
1,1960,242641350000000,242641350088000,242641355651125,5563125,5651125,88000,242641360000000,0,0,0
1,1961,242641360000000,242641360089250,242641365887125,5797875,5887125,89250,242641370000000,0,0,0
1,1962,242641370000000,242641370088500,242641376181375,6092875,6181375,88500,242641380000000,0,0,0
1,1963,242641380000000,242641380078875,242641386041250,5962375,6041250,78875,242641390000000,0,0,0
1,1964,242641390000000,242641390086875,242641396160750,6073875,6160750,86875,242641400000000,0,0,0
1,1965,242641400000000,242641400077750,242641406101500,6023750,6101500,77750,242641410000000,0,0,0
1,1966,242641410000000,242641410087750,242641416126375,6038625,6126375,87750,242641420000000,0,0,0
1,1967,242641420000000,242641420083875,242641426180750,6096875,6180750,83875,242641430000000,0,0,0
1,1968,242641430000000,242641430092125,242641436117000,6024875,6117000,92125,242641440000000,0,0,0
1,1969,242641440000000,242641440107000,242641446103375,5996375,6103375,107000,242641450000000,0,0,0
1,1970,242641450000000,242641450088500,242641455965250,5876750,5965250,88500,242641460000000,0,0,0
1,1971,242641460000000,242641460080000,242641466178250,6098250,6178250,80000,242641470000000,0,0,0
1,1972,242641470000000,242641470087375,242641476119375,6032000,6119375,87375,242641480000000,0,0,0
1,1973,242641480000000,242641480086000,242641486039000,5953000,6039000,86000,242641490000000,0,0,0
1,1974,242641490000000,242641490086625,242641496109750,6023125,6109750,86625,242641500000000,0,0,0
1,1975,242641500000000,242641500083500,242641506107000,6023500,6107000,83500,242641510000000,0,0,0
1,1976,242641510000000,242641510084250,242641516242000,6157750,6242000,84250,242641520000000,0,0,0
1,1977,242641520000000,242641520083375,242641526110625,6027250,6110625,83375,242641530000000,0,0,0
1,1978,242641530000000,242641530085000,242641536147875,6062875,6147875,85000,242641540000000,0,0,0
1,1979,242641540000000,242641540085000,242641546101375,6016375,6101375,85000,242641550000000,0,0,0
1,1980,242641550000000,242641550109375,242641556208125,6098750,6208125,109375,242641560000000,0,0,0
1,1981,242641560000000,242641560085750,242641565988375,5902625,5988375,85750,242641570000000,0,0,0
1,1982,242641570000000,242641570116250,242641576164125,6047875,6164125,116250,242641580000000,0,0,0
1,1983,242641580000000,242641580085250,242641585868875,5783625,5868875,85250,242641590000000,0,0,0
1,1984,242641590000000,242641590087750,242641595631375,5543625,5631375,87750,242641600000000,0,0,0
1,1985,242641600000000,242641600090625,242641606283375,6192750,6283375,90625,242641610000000,0,0,0
1,1986,242641610000000,242641610086875,242641616170500,6083625,6170500,86875,242641620000000,0,0,0
1,1987,242641620000000,242641620084250,242641625902125,5817875,5902125,84250,242641630000000,0,0,0
1,1988,242641630000000,242641630090375,242641636202500,6112125,6202500,90375,242641640000000,0,0,0
1,1989,242641640000000,242641640082000,242641646089250,6007250,6089250,82000,242641650000000,0,0,0
1,1990,242641650000000,242641650088875,242641656215375,6126500,6215375,88875,242641660000000,0,0,0
1,1991,242641660000000,242641660101375,242641665856625,5755250,5856625,101375,242641670000000,0,0,0
1,1992,242641670000000,242641670089750,242641676200000,6110250,6200000,89750,242641680000000,0,0,0
1,1993,242641680000000,242641680423500,242641686387625,5964125,6387625,423500,242641690000000,0,0,0
1,1994,242641690000000,242641690089875,242641696161875,6072000,6161875,89875,242641700000000,0,0,0
1,1995,242641700000000,242641700084125,242641705684125,5600000,5684125,84125,242641710000000,0,0,0
1,1996,242641710000000,242641710085000,242641716131250,6046250,6131250,85000,242641720000000,0,0,0
1,1997,242641720000000,242641720084875,242641725827750,5742875,5827750,84875,242641730000000,0,0,0
1,1998,242641730000000,242641730079500,242641736136250,6056750,6136250,79500,242641740000000,0,0,0
1,1999,242641740000000,242641740088250,242641746136250,6048000,6136250,88250,242641750000000,0,0,0
1,2000,242641750000000,242641750074250,242641756168625,6094375,6168625,74250,242641760000000,0,0,0
1,2001,242641760000000,242641760086625,242641766161000,6074375,6161000,86625,242641770000000,0,0,0
1,2002,242641770000000,242641770079625,242641776108875,6029250,6108875,79625,242641780000000,0,0,0
1,2003,242641780000000,242641780083750,242641786130250,6046500,6130250,83750,242641790000000,0,0,0
1,2004,242641790000000,242641790115750,242641795678500,5562750,5678500,115750,242641800000000,0,0,0
1,2005,242641800000000,242641800089875,242641805890500,5800625,5890500,89875,242641810000000,0,0,0
1,2006,242641810000000,242641810106250,242641816213750,6107500,6213750,106250,242641820000000,0,0,0
1,2007,242641820000000,242641820110750,242641826128500,6017750,6128500,110750,242641830000000,0,0,0
1,2008,242641830000000,242641830088250,242641836201000,6112750,6201000,88250,242641840000000,0,0,0
1,2009,242641840000000,242641840083125,242641846044000,5960875,6044000,83125,242641850000000,0,0,0
1,2010,242641850000000,242641850087000,242641856178750,6091750,6178750,87000,242641860000000,0,0,0
1,2011,242641860000000,242641860082875,242641866067250,5984375,6067250,82875,242641870000000,0,0,0
1,2012,242641870000000,242641870086125,242641875619875,5533750,5619875,86125,242641880000000,0,0,0
1,2013,242641880000000,242641880089250,242641886061750,5972500,6061750,89250,242641890000000,0,0,0
1,2014,242641890000000,242641890082500,242641896130250,6047750,6130250,82500,242641900000000,0,0,0
1,2015,242641900000000,242641900082750,242641905864500,5781750,5864500,82750,242641910000000,0,0,0
1,2016,242641910000000,242641910087750,242641915671375,5583625,5671375,87750,242641920000000,0,0,0
1,2017,242641920000000,242641920118750,242641926161875,6043125,6161875,118750,242641930000000,0,0,0
1,2018,242641930000000,242641930087000,242641936123625,6036625,6123625,87000,242641940000000,0,0,0
1,2019,242641940000000,242641940084750,242641946184625,6099875,6184625,84750,242641950000000,0,0,0
1,2020,242641950000000,242641950065500,242641956133500,6068000,6133500,65500,242641960000000,0,0,0
1,2021,242641960000000,242641960081250,242641966121250,6040000,6121250,81250,242641970000000,0,0,0
1,2022,242641970000000,242641970085250,242641976209875,6124625,6209875,85250,242641980000000,0,0,0
1,2023,242641980000000,242641980085000,242641985857000,5772000,5857000,85000,242641990000000,0,0,0
1,2024,242641990000000,242641990086250,242641996175750,6089500,6175750,86250,242642000000000,0,0,0
1,2025,242642000000000,242642000084000,242642006048250,5964250,6048250,84000,242642010000000,0,0,0
1,2026,242642010000000,242642010083625,242642016099375,6015750,6099375,83625,242642020000000,0,0,0
1,2027,242642020000000,242642020083500,242642026232500,6149000,6232500,83500,242642030000000,0,0,0
1,2028,242642030000000,242642030083625,242642036119625,6036000,6119625,83625,242642040000000,0,0,0
1,2029,242642040000000,242642040081000,242642046133000,6052000,6133000,81000,242642050000000,0,0,0
1,2030,242642050000000,242642050113750,242642056110375,5996625,6110375,113750,242642060000000,0,0,0
1,2031,242642060000000,242642060084125,242642066103250,6019125,6103250,84125,242642070000000,0,0,0
1,2032,242642070000000,242642070087250,242642076187500,6100250,6187500,87250,242642080000000,0,0,0
1,2033,242642080000000,242642080084625,242642086087625,6003000,6087625,84625,242642090000000,0,0,0
1,2034,242642090000000,242642090088625,242642096265000,6176375,6265000,88625,242642100000000,0,0,0
1,2035,242642100000000,242642100088500,242642106074000,5985500,6074000,88500,242642110000000,0,0,0
1,2036,242642110000000,242642110086125,242642116305625,6219500,6305625,86125,242642120000000,0,0,0
1,2037,242642120000000,242642120081875,242642126089750,6007875,6089750,81875,242642130000000,0,0,0
1,2038,242642130000000,242642130087875,242642136164750,6076875,6164750,87875,242642140000000,0,0,0
1,2039,242642140000000,242642140084375,242642145859500,5775125,5859500,84375,242642150000000,0,0,0
1,2040,242642150000000,242642150087250,242642156172375,6085125,6172375,87250,242642160000000,0,0,0
1,2041,242642160000000,242642160088625,242642166187875,6099250,6187875,88625,242642170000000,0,0,0
1,2042,242642170000000,242642170082250,242642176104000,6021750,6104000,82250,242642180000000,0,0,0
1,2043,242642180000000,242642180115375,242642186108250,5992875,6108250,115375,242642190000000,0,0,0
1,2044,242642190000000,242642190088000,242642196253750,6165750,6253750,88000,242642200000000,0,0,0
1,2045,242642200000000,242642200101125,242642206028750,5927625,6028750,101125,242642210000000,0,0,0
1,2046,242642210000000,242642210086625,242642216256000,6169375,6256000,86625,242642220000000,0,0,0
1,2047,242642220000000,242642220082375,242642226116250,6033875,6116250,82375,242642230000000,0,0,0
1,2048,242642230000000,242642230085125,242642236094250,6009125,6094250,85125,242642240000000,0,0,0
1,2049,242642240000000,242642240083750,242642246105125,6021375,6105125,83750,242642250000000,0,0,0
1,2050,242642250000000,242642250086500,242642256145875,6059375,6145875,86500,242642260000000,0,0,0
1,2051,242642260000000,242642260083000,242642265848625,5765625,5848625,83000,242642270000000,0,0,0
1,2052,242642270000000,242642270087625,242642275621875,5534250,5621875,87625,242642280000000,0,0,0
1,2053,242642280000000,242642280085000,242642286299750,6214750,6299750,85000,242642290000000,0,0,0
1,2054,242642290000000,242642290088875,242642296153500,6064625,6153500,88875,242642300000000,0,0,0
1,2055,242642300000000,242642300084250,242642306103125,6018875,6103125,84250,242642310000000,0,0,0
1,2056,242642310000000,242642310076375,242642316049750,5973375,6049750,76375,242642320000000,0,0,0
1,2057,242642320000000,242642320086125,242642326088500,6002375,6088500,86125,242642330000000,0,0,0
1,2058,242642330000000,242642330103875,242642336267000,6163125,6267000,103875,242642340000000,0,0,0
1,2059,242642340000000,242642340086625,242642346121875,6035250,6121875,86625,242642350000000,0,0,0
1,2060,242642350000000,242642350085500,242642356162125,6076625,6162125,85500,242642360000000,0,0,0
1,2061,242642360000000,242642360077875,242642365598500,5520625,5598500,77875,242642370000000,0,0,0
1,2062,242642370000000,242642370083625,242642375564375,5480750,5564375,83625,242642380000000,0,0,0
1,2063,242642380000000,242642380083625,242642385905625,5822000,5905625,83625,242642390000000,0,0,0
1,2064,242642390000000,242642390086875,242642396374875,6288000,6374875,86875,242642400000000,0,0,0
1,2065,242642400000000,242642400073250,242642406079250,6006000,6079250,73250,242642410000000,0,0,0
1,2066,242642410000000,242642410068375,242642416132625,6064250,6132625,68375,242642420000000,0,0,0
1,2067,242642420000000,242642420077375,242642426025250,5947875,6025250,77375,242642430000000,0,0,0
1,2068,242642430000000,242642430084375,242642436110250,6025875,6110250,84375,242642440000000,0,0,0
1,2069,242642440000000,242642440102375,242642445881125,5778750,5881125,102375,242642450000000,0,0,0
1,2070,242642450000000,242642450089000,242642456144875,6055875,6144875,89000,242642460000000,0,0,0
1,2071,242642460000000,242642460105500,242642466180500,6075000,6180500,105500,242642470000000,0,0,0
1,2072,242642470000000,242642470091250,242642475915125,5823875,5915125,91250,242642480000000,0,0,0
1,2073,242642480000000,242642480099250,242642486069375,5970125,6069375,99250,242642490000000,0,0,0
1,2074,242642490000000,242642490086750,242642496106125,6019375,6106125,86750,242642500000000,0,0,0
1,2075,242642500000000,242642500083250,242642506265625,6182375,6265625,83250,242642510000000,0,0,0
1,2076,242642510000000,242642510092000,242642516111375,6019375,6111375,92000,242642520000000,0,0,0
1,2077,242642520000000,242642520085125,242642525906250,5821125,5906250,85125,242642530000000,0,0,0
1,2078,242642530000000,242642530088875,242642536188500,6099625,6188500,88875,242642540000000,0,0,0
1,2079,242642540000000,242642540085000,242642546232625,6147625,6232625,85000,242642550000000,0,0,0
1,2080,242642550000000,242642550082000,242642556265875,6183875,6265875,82000,242642560000000,0,0,0
1,2081,242642560000000,242642560087250,242642566106250,6019000,6106250,87250,242642570000000,0,0,0
1,2082,242642570000000,242642570107875,242642576123875,6016000,6123875,107875,242642580000000,0,0,0
1,2083,242642580000000,242642580088250,242642586036875,5948625,6036875,88250,242642590000000,0,0,0
1,2084,242642590000000,242642590109875,242642596154625,6044750,6154625,109875,242642600000000,0,0,0
1,2085,242642600000000,242642600085875,242642606139875,6054000,6139875,85875,242642610000000,0,0,0
1,2086,242642610000000,242642610085125,242642616175000,6089875,6175000,85125,242642620000000,0,0,0
1,2087,242642620000000,242642620084000,242642626138125,6054125,6138125,84000,242642630000000,0,0,0
1,2088,242642630000000,242642630088500,242642636114125,6025625,6114125,88500,242642640000000,0,0,0
1,2089,242642640000000,242642640082375,242642646145125,6062750,6145125,82375,242642650000000,0,0,0
1,2090,242642650000000,242642650088500,242642656157250,6068750,6157250,88500,242642660000000,0,0,0
1,2091,242642660000000,242642660083125,242642666060125,5977000,6060125,83125,242642670000000,0,0,0
1,2092,242642670000000,242642670089375,242642676160875,6071500,6160875,89375,242642680000000,0,0,0
1,2093,242642680000000,242642680084625,242642685866500,5781875,5866500,84625,242642690000000,0,0,0
1,2094,242642690000000,242642690087875,242642696167250,6079375,6167250,87875,242642700000000,0,0,0
1,2095,242642700000000,242642700084000,242642706162000,6078000,6162000,84000,242642710000000,0,0,0
1,2096,242642710000000,242642710088250,242642716169750,6081500,6169750,88250,242642720000000,0,0,0
1,2097,242642720000000,242642720107375,242642725959750,5852375,5959750,107375,242642730000000,0,0,0
1,2098,242642730000000,242642730091250,242642736262625,6171375,6262625,91250,242642740000000,0,0,0
1,2099,242642740000000,242642740107500,242642746146625,6039125,6146625,107500,242642750000000,0,0,0
1,2100,242642750000000,242642750089750,242642756170625,6080875,6170625,89750,242642760000000,0,0,0
1,2101,242642760000000,242642760097500,242642766115375,6017875,6115375,97500,242642770000000,0,0,0
1,2102,242642770000000,242642770067625,242642776067375,5999750,6067375,67625,242642780000000,0,0,0
1,2103,242642780000000,242642780084375,242642786073250,5988875,6073250,84375,242642790000000,0,0,0
1,2104,242642790000000,242642790087125,242642795592750,5505625,5592750,87125,242642800000000,0,0,0
1,2105,242642800000000,242642800091125,242642805649500,5558375,5649500,91125,242642810000000,0,0,0
1,2106,242642810000000,242642810081375,242642816175875,6094500,6175875,81375,242642820000000,0,0,0
1,2107,242642820000000,242642820087500,242642825400250,5312750,5400250,87500,242642830000000,0,0,0
1,2108,242642830000000,242642830086500,242642835949000,5862500,5949000,86500,242642840000000,0,0,0
1,2109,242642840000000,242642840081875,242642846106000,6024125,6106000,81875,242642850000000,0,0,0
1,2110,242642850000000,242642850083125,242642855402250,5319125,5402250,83125,242642860000000,0,0,0
1,2111,242642860000000,242642860090125,242642866140750,6050625,6140750,90125,242642870000000,0,0,0
1,2112,242642870000000,242642870075875,242642876097250,6021375,6097250,75875,242642880000000,0,0,0
1,2113,242642880000000,242642880082500,242642886112500,6030000,6112500,82500,242642890000000,0,0,0
1,2114,242642890000000,242642890114125,242642896182375,6068250,6182375,114125,242642900000000,0,0,0
1,2115,242642900000000,242642900085625,242642906060750,5975125,6060750,85625,242642910000000,0,0,0
1,2116,242642910000000,242642910119375,242642915613125,5493750,5613125,119375,242642920000000,0,0,0
1,2117,242642920000000,242642920089125,242642925882625,5793500,5882625,89125,242642930000000,0,0,0
1,2118,242642930000000,242642930087750,242642936149750,6062000,6149750,87750,242642940000000,0,0,0
1,2119,242642940000000,242642940085500,242642946094250,6008750,6094250,85500,242642950000000,0,0,0
1,2120,242642950000000,242642950088625,242642956103875,6015250,6103875,88625,242642960000000,0,0,0
1,2121,242642960000000,242642960084125,242642966084375,6000250,6084375,84125,242642970000000,0,0,0
1,2122,242642970000000,242642970086750,242642976179250,6092500,6179250,86750,242642980000000,0,0,0
1,2123,242642980000000,242642980078625,242642986068375,5989750,6068375,78625,242642990000000,0,0,0
1,2124,242642990000000,242642990089500,242642996230750,6141250,6230750,89500,242643000000000,0,0,0
1,2125,242643000000000,242643000083125,242643006072125,5989000,6072125,83125,242643010000000,0,0,0
1,2126,242643010000000,242643010088000,242643016305750,6217750,6305750,88000,242643020000000,0,0,0
1,2127,242643020000000,242643020082250,242643026051125,5968875,6051125,82250,242643030000000,0,0,0
1,2128,242643030000000,242643030086625,242643036176625,6090000,6176625,86625,242643040000000,0,0,0
1,2129,242643040000000,242643040075250,242643045863875,5788625,5863875,75250,242643050000000,0,0,0
1,2130,242643050000000,242643050089125,242643055626500,5537375,5626500,89125,242643060000000,0,0,0
1,2131,242643060000000,242643060108500,242643066152375,6043875,6152375,108500,242643070000000,0,0,0
1,2132,242643070000000,242643070088750,242643075602750,5514000,5602750,88750,242643080000000,0,0,0
1,2133,242643080000000,242643080103750,242643086098500,5994750,6098500,103750,242643090000000,0,0,0
1,2134,242643090000000,242643090088250,242643096158750,6070500,6158750,88250,242643100000000,0,0,0
1,2135,242643100000000,242643100085125,242643106121125,6036000,6121125,85125,242643110000000,0,0,0
1,2136,242643110000000,242643110085625,242643116130125,6044500,6130125,85625,242643120000000,0,0,0
1,2137,242643120000000,242643120085625,242643126095625,6010000,6095625,85625,242643130000000,0,0,0
1,2138,242643130000000,242643130088750,242643135593500,5504750,5593500,88750,242643140000000,0,0,0
1,2139,242643140000000,242643140088125,242643146171125,6083000,6171125,88125,242643150000000,0,0,0
1,2140,242643150000000,242643150087625,242643156114000,6026375,6114000,87625,242643160000000,0,0,0
1,2141,242643160000000,242643160085000,242643166078125,5993125,6078125,85000,242643170000000,0,0,0
1,2142,242643170000000,242643170077375,242643176136875,6059500,6136875,77375,242643180000000,0,0,0
1,2143,242643180000000,242643180072750,242643186229375,6156625,6229375,72750,242643190000000,0,0,0
1,2144,242643190000000,242643190083625,242643196101125,6017500,6101125,83625,242643200000000,0,0,0
1,2145,242643200000000,242643200085000,242643206156375,6071375,6156375,85000,242643210000000,0,0,0
1,2146,242643210000000,242643210115000,242643216280500,6165500,6280500,115000,242643220000000,0,0,0
1,2147,242643220000000,242643220084500,242643226121500,6037000,6121500,84500,242643230000000,0,0,0
1,2148,242643230000000,242643230087750,242643235943500,5855750,5943500,87750,242643240000000,0,0,0
1,2149,242643240000000,242643240078625,242643246059875,5981250,6059875,78625,242643250000000,0,0,0
1,2150,242643250000000,242643250085875,242643256283375,6197500,6283375,85875,242643260000000,0,0,0
1,2151,242643260000000,242643260085000,242643266200875,6115875,6200875,85000,242643270000000,0,0,0
1,2152,242643270000000,242643270086750,242643276195500,6108750,6195500,86750,242643280000000,0,0,0
1,2153,242643280000000,242643280082875,242643285900750,5817875,5900750,82875,242643290000000,0,0,0
1,2154,242643290000000,242643290087000,242643296174750,6087750,6174750,87000,242643300000000,0,0,0
1,2155,242643300000000,242643300081000,242643306096625,6015625,6096625,81000,242643310000000,0,0,0
1,2156,242643310000000,242643310086250,242643316139750,6053500,6139750,86250,242643320000000,0,0,0
1,2157,242643320000000,242643320110875,242643325851875,5741000,5851875,110875,242643330000000,0,0,0
1,2158,242643330000000,242643330087625,242643336155125,6067500,6155125,87625,242643340000000,0,0,0
1,2159,242643340000000,242643340123875,242643345582750,5458875,5582750,123875,242643350000000,0,0,0
1,2160,242643350000000,242643350081625,242643356144250,6062625,6144250,81625,242643360000000,0,0,0
1,2161,242643360000000,242643360083500,242643366123250,6039750,6123250,83500,242643370000000,0,0,0
1,2162,242643370000000,242643370088625,242643376104250,6015625,6104250,88625,242643380000000,0,0,0
1,2163,242643380000000,242643380079375,242643386051125,5971750,6051125,79375,242643390000000,0,0,0
1,2164,242643390000000,242643390079750,242643396279750,6200000,6279750,79750,242643400000000,0,0,0
1,2165,242643400000000,242643400083625,242643405911250,5827625,5911250,83625,242643410000000,0,0,0
1,2166,242643410000000,242643410116875,242643416164000,6047125,6164000,116875,242643420000000,0,0,0
1,2167,242643420000000,242643420084750,242643426094375,6009625,6094375,84750,242643430000000,0,0,0
1,2168,242643430000000,242643430086500,242643436128750,6042250,6128750,86500,242643440000000,0,0,0
1,2169,242643440000000,242643440081750,242643446022500,5940750,6022500,81750,242643450000000,0,0,0
1,2170,242643450000000,242643450088625,242643455655500,5566875,5655500,88625,242643460000000,0,0,0
1,2171,242643460000000,242643460088000,242643466229250,6141250,6229250,88000,242643470000000,0,0,0
1,2172,242643470000000,242643470086500,242643476130125,6043625,6130125,86500,242643480000000,0,0,0
1,2173,242643480000000,242643480084125,242643486098000,6013875,6098000,84125,242643490000000,0,0,0
1,2174,242643490000000,242643490086875,242643496135625,6048750,6135625,86875,242643500000000,0,0,0
1,2175,242643500000000,242643500083250,242643506047875,5964625,6047875,83250,242643510000000,0,0,0
1,2176,242643510000000,242643510082750,242643516087000,6004250,6087000,82750,242643520000000,0,0,0
1,2177,242643520000000,242643520112625,242643526138125,6025500,6138125,112625,242643530000000,0,0,0
1,2178,242643530000000,242643530087125,242643535618750,5531625,5618750,87125,242643540000000,0,0,0
1,2179,242643540000000,242643540100125,242643546245625,6145500,6245625,100125,242643550000000,0,0,0
1,2180,242643550000000,242643550087375,242643556174875,6087500,6174875,87375,242643560000000,0,0,0
1,2181,242643560000000,242643560086250,242643565900875,5814625,5900875,86250,242643570000000,0,0,0
1,2182,242643570000000,242643570086750,242643576130750,6044000,6130750,86750,242643580000000,0,0,0
1,2183,242643580000000,242643580081875,242643586130000,6048125,6130000,81875,242643590000000,0,0,0
1,2184,242643590000000,242643590085625,242643596134000,6048375,6134000,85625,242643600000000,0,0,0
1,2185,242643600000000,242643600084125,242643606100250,6016125,6100250,84125,242643610000000,0,0,0
1,2186,242643610000000,242643610081750,242643616125125,6043375,6125125,81750,242643620000000,0,0,0
1,2187,242643620000000,242643620086250,242643626035125,5948875,6035125,86250,242643630000000,0,0,0
1,2188,242643630000000,242643630113750,242643636158375,6044625,6158375,113750,242643640000000,0,0,0
1,2189,242643640000000,242643640087750,242643646146625,6058875,6146625,87750,242643650000000,0,0,0
1,2190,242643650000000,242643650087750,242643656145875,6058125,6145875,87750,242643660000000,0,0,0
1,2191,242643660000000,242643660083500,242643666100875,6017375,6100875,83500,242643670000000,0,0,0
1,2192,242643670000000,242643670085375,242643675626750,5541375,5626750,85375,242643680000000,0,0,0
1,2193,242643680000000,242643680087500,242643686123125,6035625,6123125,87500,242643690000000,0,0,0
1,2194,242643690000000,242643690088375,242643696185375,6097000,6185375,88375,242643700000000,0,0,0
1,2195,242643700000000,242643700083875,242643706144125,6060250,6144125,83875,242643710000000,0,0,0
1,2196,242643710000000,242643710089875,242643715400250,5310375,5400250,89875,242643720000000,0,0,0
1,2197,242643720000000,242643720088125,242643726196875,6108750,6196875,88125,242643730000000,0,0,0
1,2198,242643730000000,242643730088875,242643736146375,6057500,6146375,88875,242643740000000,0,0,0
1,2199,242643740000000,242643740084875,242643746105625,6020750,6105625,84875,242643750000000,0,0,0
1,2200,242643750000000,242643750091500,242643756124750,6033250,6124750,91500,242643760000000,0,0,0
1,2201,242643760000000,242643760086125,242643766089125,6003000,6089125,86125,242643770000000,0,0,0
1,2202,242643770000000,242643770078250,242643776104875,6026625,6104875,78250,242643780000000,0,0,0
1,2203,242643780000000,242643780112875,242643786066750,5953875,6066750,112875,242643790000000,0,0,0
1,2204,242643790000000,242643790074750,242643796084250,6009500,6084250,74750,242643800000000,0,0,0
1,2205,242643800000000,242643800082500,242643806135875,6053375,6135875,82500,242643810000000,0,0,0
1,2206,242643810000000,242643810088250,242643816100750,6012500,6100750,88250,242643820000000,0,0,0
1,2207,242643820000000,242643820084875,242643826128375,6043500,6128375,84875,242643830000000,0,0,0
1,2208,242643830000000,242643830085000,242643836247375,6162375,6247375,85000,242643840000000,0,0,0
1,2209,242643840000000,242643840065250,242643846160125,6094875,6160125,65250,242643850000000,0,0,0
1,2210,242643850000000,242643850086250,242643856137500,6051250,6137500,86250,242643860000000,0,0,0
1,2211,242643860000000,242643860082250,242643866140625,6058375,6140625,82250,242643870000000,0,0,0
1,2212,242643870000000,242643870117000,242643876174000,6057000,6174000,117000,242643880000000,0,0,0
1,2213,242643880000000,242643880084500,242643886115875,6031375,6115875,84500,242643890000000,0,0,0
1,2214,242643890000000,242643890088500,242643896262625,6174125,6262625,88500,242643900000000,0,0,0
1,2215,242643900000000,242643900083000,242643906104250,6021250,6104250,83000,242643910000000,0,0,0
1,2216,242643910000000,242643910086750,242643915613625,5526875,5613625,86750,242643920000000,0,0,0
1,2217,242643920000000,242643920085000,242643926131375,6046375,6131375,85000,242643930000000,0,0,0
1,2218,242643930000000,242643930087125,242643936156625,6069500,6156625,87125,242643940000000,0,0,0
1,2219,242643940000000,242643940078500,242643946045250,5966750,6045250,78500,242643950000000,0,0,0
1,2220,242643950000000,242643950086500,242643956163250,6076750,6163250,86500,242643960000000,0,0,0
1,2221,242643960000000,242643960077500,242643966086625,6009125,6086625,77500,242643970000000,0,0,0
1,2222,242643970000000,242643970087375,242643976232000,6144625,6232000,87375,242643980000000,0,0,0
1,2223,242643980000000,242643980083500,242643986043250,5959750,6043250,83500,242643990000000,0,0,0
1,2224,242643990000000,242643990087375,242643996179250,6091875,6179250,87375,242644000000000,0,0,0
1,2225,242644000000000,242644000062250,242644005994250,5932000,5994250,62250,242644010000000,0,0,0
1,2226,242644010000000,242644010080500,242644016108625,6028125,6108625,80500,242644020000000,0,0,0
1,2227,242644020000000,242644020106625,242644026163500,6056875,6163500,106625,242644030000000,0,0,0
1,2228,242644030000000,242644030088750,242644035626125,5537375,5626125,88750,242644040000000,0,0,0
1,2229,242644040000000,242644040097625,242644046240500,6142875,6240500,97625,242644050000000,0,0,0
1,2230,242644050000000,242644050087375,242644056255125,6167750,6255125,87375,242644060000000,0,0,0
1,2231,242644060000000,242644060105875,242644066126125,6020250,6126125,105875,242644070000000,0,0,0
1,2232,242644070000000,242644070088125,242644076135125,6047000,6135125,88125,242644080000000,0,0,0
1,2233,242644080000000,242644080084250,242644086105375,6021125,6105375,84250,242644090000000,0,0,0
1,2234,242644090000000,242644090085750,242644096096625,6010875,6096625,85750,242644100000000,0,0,0
1,2235,242644100000000,242644100084625,242644106133875,6049250,6133875,84625,242644110000000,0,0,0
1,2236,242644110000000,242644110089250,242644115621000,5531750,5621000,89250,242644120000000,0,0,0
1,2237,242644120000000,242644120087750,242644126200750,6113000,6200750,87750,242644130000000,0,0,0
1,2238,242644130000000,242644130087125,242644136139125,6052000,6139125,87125,242644140000000,0,0,0
1,2239,242644140000000,242644140084875,242644146094125,6009250,6094125,84875,242644150000000,0,0,0
1,2240,242644150000000,242644150077875,242644156196875,6119000,6196875,77875,242644160000000,0,0,0
1,2241,242644160000000,242644160087750,242644166182750,6095000,6182750,87750,242644170000000,0,0,0
1,2242,242644170000000,242644170086875,242644175596000,5509125,5596000,86875,242644180000000,0,0,0
1,2243,242644180000000,242644180087500,242644186121750,6034250,6121750,87500,242644190000000,0,0,0
1,2244,242644190000000,242644190112750,242644195657500,5544750,5657500,112750,242644200000000,0,0,0
1,2245,242644200000000,242644200073625,242644206116375,6042750,6116375,73625,242644210000000,0,0,0
1,2246,242644210000000,242644210098875,242644216273125,6174250,6273125,98875,242644220000000,0,0,0
1,2247,242644220000000,242644220086250,242644225916500,5830250,5916500,86250,242644230000000,0,0,0
1,2248,242644230000000,242644230088000,242644235643125,5555125,5643125,88000,242644240000000,0,0,0
1,2249,242644240000000,242644240086625,242644246240125,6153500,6240125,86625,242644250000000,0,0,0
1,2250,242644250000000,242644250088500,242644256310625,6222125,6310625,88500,242644260000000,0,0,0
1,2251,242644260000000,242644260082625,242644266151875,6069250,6151875,82625,242644270000000,0,0,0
1,2252,242644270000000,242644270086875,242644276294000,6207125,6294000,86875,242644280000000,0,0,0
1,2253,242644280000000,242644280082875,242644286121250,6038375,6121250,82875,242644290000000,0,0,0
1,2254,242644290000000,242644290089625,242644295623125,5533500,5623125,89625,242644300000000,0,0,0
1,2255,242644300000000,242644300109000,242644306163875,6054875,6163875,109000,242644310000000,0,0,0
1,2256,242644310000000,242644310089250,242644316114875,6025625,6114875,89250,242644320000000,0,0,0
1,2257,242644320000000,242644320084500,242644326126125,6041625,6126125,84500,242644330000000,0,0,0
1,2258,242644330000000,242644330086125,242644336140125,6054000,6140125,86125,242644340000000,0,0,0
1,2259,242644340000000,242644340085250,242644346123625,6038375,6123625,85250,242644350000000,0,0,0
1,2260,242644350000000,242644350086625,242644356156750,6070125,6156750,86625,242644360000000,0,0,0
1,2261,242644360000000,242644360085000,242644366128250,6043250,6128250,85000,242644370000000,0,0,0
1,2262,242644370000000,242644370086500,242644376065375,5978875,6065375,86500,242644380000000,0,0,0
1,2263,242644380000000,242644380083500,242644386168625,6085125,6168625,83500,242644390000000,0,0,0
1,2264,242644390000000,242644390083375,242644396279625,6196250,6279625,83375,242644400000000,0,0,0
1,2265,242644400000000,242644400077750,242644406183750,6106000,6183750,77750,242644410000000,0,0,0
1,2266,242644410000000,242644410086000,242644415604750,5518750,5604750,86000,242644420000000,0,0,0
1,2267,242644420000000,242644420091875,242644426229000,6137125,6229000,91875,242644430000000,0,0,0
1,2268,242644430000000,242644430079250,242644435583750,5504500,5583750,79250,242644440000000,0,0,0
1,2269,242644440000000,242644440087125,242644446141000,6053875,6141000,87125,242644450000000,0,0,0
1,2270,242644450000000,242644450101250,242644456086375,5985125,6086375,101250,242644460000000,0,0,0
1,2271,242644460000000,242644460085750,242644466095375,6009625,6095375,85750,242644470000000,0,0,0
1,2272,242644470000000,242644470085875,242644476170500,6084625,6170500,85875,242644480000000,0,0,0
1,2273,242644480000000,242644480084500,242644486062625,5978125,6062625,84500,242644490000000,0,0,0
1,2274,242644490000000,242644490088625,242644495613375,5524750,5613375,88625,242644500000000,0,0,0
1,2275,242644500000000,242644500089750,242644506218500,6128750,6218500,89750,242644510000000,0,0,0
1,2276,242644510000000,242644510087000,242644516169875,6082875,6169875,87000,242644520000000,0,0,0
1,2277,242644520000000,242644520082125,242644526110875,6028750,6110875,82125,242644530000000,0,0,0
1,2278,242644530000000,242644530086000,242644536123500,6037500,6123500,86000,242644540000000,0,0,0
1,2279,242644540000000,242644540102500,242644546084000,5981500,6084000,102500,242644550000000,0,0,0
1,2280,242644550000000,242644550088000,242644555643125,5555125,5643125,88000,242644560000000,0,0,0
1,2281,242644560000000,242644560097750,242644565857500,5759750,5857500,97750,242644570000000,0,0,0
1,2282,242644570000000,242644570088625,242644575630750,5542125,5630750,88625,242644580000000,0,0,0
1,2283,242644580000000,242644580100125,242644586046000,5945875,6046000,100125,242644590000000,0,0,0
1,2284,242644590000000,242644590089625,242644596158375,6068750,6158375,89625,242644600000000,0,0,0
1,2285,242644600000000,242644600083750,242644606189625,6105875,6189625,83750,242644610000000,0,0,0
1,2286,242644610000000,242644610085125,242644616150250,6065125,6150250,85125,242644620000000,0,0,0
1,2287,242644620000000,242644620086000,242644626065750,5979750,6065750,86000,242644630000000,0,0,0
1,2288,242644630000000,242644630086250,242644635631125,5544875,5631125,86250,242644640000000,0,0,0
1,2289,242644640000000,242644640088625,242644646128250,6039625,6128250,88625,242644650000000,0,0,0
1,2290,242644650000000,242644650077000,242644656070500,5993500,6070500,77000,242644660000000,0,0,0
1,2291,242644660000000,242644660085125,242644666189250,6104125,6189250,85125,242644670000000,0,0,0
1,2292,242644670000000,242644670076625,242644676120375,6043750,6120375,76625,242644680000000,0,0,0
1,2293,242644680000000,242644680084875,242644686084625,5999750,6084625,84875,242644690000000,0,0,0
1,2294,242644690000000,242644690112875,242644696227875,6115000,6227875,112875,242644700000000,0,0,0
1,2295,242644700000000,242644700086750,242644706032500,5945750,6032500,86750,242644710000000,0,0,0
1,2296,242644710000000,242644710088250,242644715617750,5529500,5617750,88250,242644720000000,0,0,0
1,2297,242644720000000,242644720086500,242644726105875,6019375,6105875,86500,242644730000000,0,0,0
1,2298,242644730000000,242644730088875,242644736161125,6072250,6161125,88875,242644740000000,0,0,0
1,2299,242644740000000,242644740083000,242644746213375,6130375,6213375,83000,242644750000000,0,0,0
1,2300,242644750000000,242644750090125,242644755577375,5487250,5577375,90125,242644760000000,0,0,0
1,2301,242644760000000,242644760109000,242644766173000,6064000,6173000,109000,242644770000000,0,0,0
1,2302,242644770000000,242644770080875,242644775602625,5521750,5602625,80875,242644780000000,0,0,0
1,2303,242644780000000,242644780087000,242644786153750,6066750,6153750,87000,242644790000000,0,0,0
1,2304,242644790000000,242644790087000,242644796143625,6056625,6143625,87000,242644800000000,0,0,0
1,2305,242644800000000,242644800085000,242644806069500,5984500,6069500,85000,242644810000000,0,0,0
1,2306,242644810000000,242644810070125,242644815608125,5538000,5608125,70125,242644820000000,0,0,0
1,2307,242644820000000,242644820091625,242644826111625,6020000,6111625,91625,242644830000000,0,0,0
1,2308,242644830000000,242644830072750,242644836143250,6070500,6143250,72750,242644840000000,0,0,0
1,2309,242644840000000,242644840085125,242644846232125,6147000,6232125,85125,242644850000000,0,0,0
1,2310,242644850000000,242644850078500,242644856115375,6036875,6115375,78500,242644860000000,0,0,0
1,2311,242644860000000,242644860079500,242644866096375,6016875,6096375,79500,242644870000000,0,0,0
1,2312,242644870000000,242644870102125,242644876301000,6198875,6301000,102125,242644880000000,0,0,0
1,2313,242644880000000,242644880084625,242644886197250,6112625,6197250,84625,242644890000000,0,0,0
1,2314,242644890000000,242644890116625,242644896122375,6005750,6122375,116625,242644900000000,0,0,0
1,2315,242644900000000,242644900085375,242644906127000,6041625,6127000,85375,242644910000000,0,0,0
1,2316,242644910000000,242644910086875,242644916106000,6019125,6106000,86875,242644920000000,0,0,0
1,2317,242644920000000,242644920083875,242644926117625,6033750,6117625,83875,242644930000000,0,0,0
1,2318,242644930000000,242644930087625,242644936149625,6062000,6149625,87625,242644940000000,0,0,0
1,2319,242644940000000,242644940085500,242644946127250,6041750,6127250,85500,242644950000000,0,0,0
1,2320,242644950000000,242644950089375,242644956163375,6074000,6163375,89375,242644960000000,0,0,0
1,2321,242644960000000,242644960062750,242644966129125,6066375,6129125,62750,242644970000000,0,0,0
1,2322,242644970000000,242644970088500,242644976095500,6007000,6095500,88500,242644980000000,0,0,0
1,2323,242644980000000,242644980104250,242644986224625,6120375,6224625,104250,242644990000000,0,0,0
1,2324,242644990000000,242644990091750,242644995821250,5729500,5821250,91750,242645000000000,0,0,0
1,2325,242645000000000,242645000114750,242645005932125,5817375,5932125,114750,242645010000000,0,0,0
1,2326,242645010000000,242645010089500,242645016186375,6096875,6186375,89500,242645020000000,0,0,0
1,2327,242645020000000,242645020075375,242645026090750,6015375,6090750,75375,242645030000000,0,0,0
1,2328,242645030000000,242645030086500,242645035372750,5286250,5372750,86500,242645040000000,0,0,0
1,2329,242645040000000,242645040089250,242645046003625,5914375,6003625,89250,242645050000000,0,0,0
1,2330,242645050000000,242645050086625,242645056154500,6067875,6154500,86625,242645060000000,0,0,0
1,2331,242645060000000,242645060084625,242645066071875,5987250,6071875,84625,242645070000000,0,0,0
1,2332,242645070000000,242645070077000,242645076054500,5977500,6054500,77000,242645080000000,0,0,0
1,2333,242645080000000,242645080086250,242645085984375,5898125,5984375,86250,242645090000000,0,0,0
1,2334,242645090000000,242645090102000,242645095628750,5526750,5628750,102000,242645100000000,0,0,0
1,2335,242645100000000,242645100089000,242645106245625,6156625,6245625,89000,242645110000000,0,0,0
1,2336,242645110000000,242645110101125,242645116115875,6014750,6115875,101125,242645120000000,0,0,0
1,2337,242645120000000,242645120083625,242645126060375,5976750,6060375,83625,242645130000000,0,0,0
1,2338,242645130000000,242645130085375,242645136208250,6122875,6208250,85375,242645140000000,0,0,0
1,2339,242645140000000,242645140082375,242645146122000,6039625,6122000,82375,242645150000000,0,0,0
1,2340,242645150000000,242645150088375,242645156177125,6088750,6177125,88375,242645160000000,0,0,0
1,2341,242645160000000,242645160081375,242645165832500,5751125,5832500,81375,242645170000000,0,0,0
1,2342,242645170000000,242645170085125,242645175640375,5555250,5640375,85125,242645180000000,0,0,0
1,2343,242645180000000,242645180105625,242645186132250,6026625,6132250,105625,242645190000000,0,0,0
1,2344,242645190000000,242645190087375,242645195384875,5297500,5384875,87375,242645200000000,0,0,0
1,2345,242645200000000,242645200100750,242645206096125,5995375,6096125,100750,242645210000000,0,0,0
1,2346,242645210000000,242645210088500,242645216179500,6091000,6179500,88500,242645220000000,0,0,0
1,2347,242645220000000,242645220070625,242645226055750,5985125,6055750,70625,242645230000000,0,0,0
1,2348,242645230000000,242645230084250,242645235922875,5838625,5922875,84250,242645240000000,0,0,0
1,2349,242645240000000,242645240089375,242645246131750,6042375,6131750,89375,242645250000000,0,0,0
1,2350,242645250000000,242645250084500,242645256213125,6128625,6213125,84500,242645260000000,0,0,0
1,2351,242645260000000,242645260085625,242645266219500,6133875,6219500,85625,242645270000000,0,0,0
1,2352,242645270000000,242645270078875,242645275573375,5494500,5573375,78875,242645280000000,0,0,0
1,2353,242645280000000,242645280091875,242645286156250,6064375,6156250,91875,242645290000000,0,0,0
1,2354,242645290000000,242645290109000,242645296086625,5977625,6086625,109000,242645300000000,0,0,0
1,2355,242645300000000,242645300087500,242645305838125,5750625,5838125,87500,242645310000000,0,0,0
1,2356,242645310000000,242645310103250,242645316199375,6096125,6199375,103250,242645320000000,0,0,0
1,2357,242645320000000,242645320082250,242645326117250,6035000,6117250,82250,242645330000000,0,0,0
1,2358,242645330000000,242645330119250,242645336150625,6031375,6150625,119250,242645340000000,0,0,0
1,2359,242645340000000,242645340082625,242645346107250,6024625,6107250,82625,242645350000000,0,0,0
1,2360,242645350000000,242645350106125,242645355585375,5479250,5585375,106125,242645360000000,0,0,0
1,2361,242645360000000,242645360087750,242645365907375,5819625,5907375,87750,242645370000000,0,0,0
1,2362,242645370000000,242645370086625,242645376183250,6096625,6183250,86625,242645380000000,0,0,0
1,2363,242645380000000,242645380084500,242645386108125,6023625,6108125,84500,242645390000000,0,0,0
1,2364,242645390000000,242645390087625,242645396167375,6079750,6167375,87625,242645400000000,0,0,0
1,2365,242645400000000,242645400088750,242645406127375,6038625,6127375,88750,242645410000000,0,0,0
1,2366,242645410000000,242645410084750,242645416105375,6020625,6105375,84750,242645420000000,0,0,0
1,2367,242645420000000,242645420103500,242645425863375,5759875,5863375,103500,242645430000000,0,0,0
1,2368,242645430000000,242645430087500,242645436180500,6093000,6180500,87500,242645440000000,0,0,0
1,2369,242645440000000,242645440087750,242645446120125,6032375,6120125,87750,242645450000000,0,0,0
1,2370,242645450000000,242645450087750,242645456109250,6021500,6109250,87750,242645460000000,0,0,0
1,2371,242645460000000,242645460085375,242645466112250,6026875,6112250,85375,242645470000000,0,0,0
1,2372,242645470000000,242645470083875,242645476287750,6203875,6287750,83875,242645480000000,0,0,0
1,2373,242645480000000,242645480084750,242645486091750,6007000,6091750,84750,242645490000000,0,0,0
1,2374,242645490000000,242645490113375,242645496297625,6184250,6297625,113375,242645500000000,0,0,0
1,2375,242645500000000,242645500085500,242645506045250,5959750,6045250,85500,242645510000000,0,0,0
1,2376,242645510000000,242645510088250,242645516266625,6178375,6266625,88250,242645520000000,0,0,0
1,2377,242645520000000,242645520083000,242645526156750,6073750,6156750,83000,242645530000000,0,0,0
1,2378,242645530000000,242645530088250,242645536095625,6007375,6095625,88250,242645540000000,0,0,0
1,2379,242645540000000,242645540081500,242645546036625,5955125,6036625,81500,242645550000000,0,0,0
1,2380,242645550000000,242645550088000,242645556148875,6060875,6148875,88000,242645560000000,0,0,0
1,2381,242645560000000,242645560082750,242645566139750,6057000,6139750,82750,242645570000000,0,0,0
1,2382,242645570000000,242645570087500,242645576100500,6013000,6100500,87500,242645580000000,0,0,0
1,2383,242645580000000,242645580114250,242645586095750,5981500,6095750,114250,242645590000000,0,0,0
1,2384,242645590000000,242645590087375,242645596085375,5998000,6085375,87375,242645600000000,0,0,0
1,2385,242645600000000,242645600084375,242645606268875,6184500,6268875,84375,242645610000000,0,0,0
1,2386,242645610000000,242645610085250,242645616192750,6107500,6192750,85250,242645620000000,0,0,0
1,2387,242645620000000,242645620086000,242645625856000,5770000,5856000,86000,242645630000000,0,0,0
1,2388,242645630000000,242645630082500,242645636135500,6053000,6135500,82500,242645640000000,0,0,0
1,2389,242645640000000,242645640086250,242645646119375,6033125,6119375,86250,242645650000000,0,0,0
1,2390,242645650000000,242645650084375,242645656071250,5986875,6071250,84375,242645660000000,0,0,0
1,2391,242645660000000,242645660087000,242645666080250,5993250,6080250,87000,242645670000000,0,0,0
1,2392,242645670000000,242645670113250,242645676205875,6092625,6205875,113250,242645680000000,0,0,0
1,2393,242645680000000,242645680082625,242645686153125,6070500,6153125,82625,242645690000000,0,0,0
1,2394,242645690000000,242645690120625,242645696197875,6077250,6197875,120625,242645700000000,0,0,0
1,2395,242645700000000,242645700085750,242645706084500,5998750,6084500,85750,242645710000000,0,0,0
1,2396,242645710000000,242645710109625,242645716134250,6024625,6134250,109625,242645720000000,0,0,0
1,2397,242645720000000,242645720085750,242645726101500,6015750,6101500,85750,242645730000000,0,0,0
1,2398,242645730000000,242645730088000,242645736324250,6236250,6324250,88000,242645740000000,0,0,0
1,2399,242645740000000,242645740086125,242645745630625,5544500,5630625,86125,242645750000000,0,0,0
1,2400,242645750000000,242645750085875,242645756134750,6048875,6134750,85875,242645760000000,0,0,0
1,2401,242645760000000,242645760085500,242645766170125,6084625,6170125,85500,242645770000000,0,0,0
1,2402,242645770000000,242645770080375,242645776114375,6034000,6114375,80375,242645780000000,0,0,0
1,2403,242645780000000,242645780103375,242645786057125,5953750,6057125,103375,242645790000000,0,0,0
1,2404,242645790000000,242645790089000,242645796206375,6117375,6206375,89000,242645800000000,0,0,0
1,2405,242645800000000,242645800104375,242645806146000,6041625,6146000,104375,242645810000000,0,0,0
1,2406,242645810000000,242645810089500,242645816076875,5987375,6076875,89500,242645820000000,0,0,0
1,2407,242645820000000,242645820100875,242645826060375,5959500,6060375,100875,242645830000000,0,0,0
1,2408,242645830000000,242645830076750,242645836100000,6023250,6100000,76750,242645840000000,0,0,0
1,2409,242645840000000,242645840084625,242645846033000,5948375,6033000,84625,242645850000000,0,0,0
1,2410,242645850000000,242645850083000,242645855630625,5547625,5630625,83000,242645860000000,0,0,0
1,2411,242645860000000,242645860089000,242645866140375,6051375,6140375,89000,242645870000000,0,0,0
1,2412,242645870000000,242645870076000,242645876073125,5997125,6073125,76000,242645880000000,0,0,0
1,2413,242645880000000,242645880083375,242645886069625,5986250,6069625,83375,242645890000000,0,0,0
1,2414,242645890000000,242645890094625,242645895559000,5464375,5559000,94625,242645900000000,0,0,0
1,2415,242645900000000,242645900088375,242645906161375,6073000,6161375,88375,242645910000000,0,0,0
1,2416,242645910000000,242645910087000,242645916136500,6049500,6136500,87000,242645920000000,0,0,0
1,2417,242645920000000,242645920082750,242645926102750,6020000,6102750,82750,242645930000000,0,0,0
1,2418,242645930000000,242645930086500,242645936110375,6023875,6110375,86500,242645940000000,0,0,0
1,2419,242645940000000,242645940084000,242645946024500,5940500,6024500,84000,242645950000000,0,0,0
1,2420,242645950000000,242645950086750,242645956126125,6039375,6126125,86750,242645960000000,0,0,0
1,2421,242645960000000,242645960083125,242645965932000,5848875,5932000,83125,242645970000000,0,0,0
1,2422,242645970000000,242645970089750,242645976163875,6074125,6163875,89750,242645980000000,0,0,0
1,2423,242645980000000,242645980111500,242645986159750,6048250,6159750,111500,242645990000000,0,0,0
1,2424,242645990000000,242645990086750,242645996100750,6014000,6100750,86750,242646000000000,0,0,0
1,2425,242646000000000,242646000083250,242646005951375,5868125,5951375,83250,242646010000000,0,0,0
1,2426,242646010000000,242646010086250,242646016171375,6085125,6171375,86250,242646020000000,0,0,0
1,2427,242646020000000,242646020082750,242646025623750,5541000,5623750,82750,242646030000000,0,0,0
1,2428,242646030000000,242646030086875,242646035575375,5488500,5575375,86875,242646040000000,0,0,0
1,2429,242646040000000,242646040086375,242646046123250,6036875,6123250,86375,242646050000000,0,0,0
1,2430,242646050000000,242646050074125,242646056213750,6139625,6213750,74125,242646060000000,0,0,0
1,2431,242646060000000,242646060086625,242646066188125,6101500,6188125,86625,242646070000000,0,0,0
1,2432,242646070000000,242646070083875,242646076261875,6178000,6261875,83875,242646080000000,0,0,0
1,2433,242646080000000,242646080086500,242646086194375,6107875,6194375,86500,242646090000000,0,0,0
1,2434,242646090000000,242646090083250,242646096095375,6012125,6095375,83250,242646100000000,0,0,0
1,2435,242646100000000,242646100084750,242646106041625,5956875,6041625,84750,242646110000000,0,0,0
1,2436,242646110000000,242646110095875,242646116148000,6052125,6148000,95875,242646120000000,0,0,0
1,2437,242646120000000,242646120085000,242646126093375,6008375,6093375,85000,242646130000000,0,0,0
1,2438,242646130000000,242646130118875,242646136123500,6004625,6123500,118875,242646140000000,0,0,0
1,2439,242646140000000,242646140084750,242646146108750,6024000,6108750,84750,242646150000000,0,0,0
1,2440,242646150000000,242646150109625,242646156166125,6056500,6166125,109625,242646160000000,0,0,0
1,2441,242646160000000,242646160082250,242646166045000,5962750,6045000,82250,242646170000000,0,0,0
1,2442,242646170000000,242646170086750,242646176126625,6039875,6126625,86750,242646180000000,0,0,0
1,2443,242646180000000,242646180081875,242646186101750,6019875,6101750,81875,242646190000000,0,0,0
1,2444,242646190000000,242646190086500,242646196131500,6045000,6131500,86500,242646200000000,0,0,0
1,2445,242646200000000,242646200083500,242646206039250,5955750,6039250,83500,242646210000000,0,0,0
1,2446,242646210000000,242646210088375,242646216144625,6056250,6144625,88375,242646220000000,0,0,0
1,2447,242646220000000,242646220082875,242646226210625,6127750,6210625,82875,242646230000000,0,0,0
1,2448,242646230000000,242646230094375,242646235579625,5485250,5579625,94375,242646240000000,0,0,0
1,2449,242646240000000,242646240093500,242646246110375,6016875,6110375,93500,242646250000000,0,0,0
1,2450,242646250000000,242646250091250,242646256121375,6030125,6121375,91250,242646260000000,0,0,0
1,2451,242646260000000,242646260114625,242646266152250,6037625,6152250,114625,242646270000000,0,0,0
1,2452,242646270000000,242646270088125,242646276181625,6093500,6181625,88125,242646280000000,0,0,0
1,2453,242646280000000,242646280084250,242646286117500,6033250,6117500,84250,242646290000000,0,0,0
1,2454,242646290000000,242646290086750,242646296120875,6034125,6120875,86750,242646300000000,0,0,0
1,2455,242646300000000,242646300083750,242646306200500,6116750,6200500,83750,242646310000000,0,0,0
1,2456,242646310000000,242646310086500,242646315595875,5509375,5595875,86500,242646320000000,0,0,0
1,2457,242646320000000,242646320086750,242646325891750,5805000,5891750,86750,242646330000000,0,0,0
1,2458,242646330000000,242646330084500,242646335666375,5581875,5666375,84500,242646340000000,0,0,0
1,2459,242646340000000,242646340090250,242646346157375,6067125,6157375,90250,242646350000000,0,0,0
1,2460,242646350000000,242646350076000,242646356063875,5987875,6063875,76000,242646360000000,0,0,0
1,2461,242646360000000,242646360085625,242646366076250,5990625,6076250,85625,242646370000000,0,0,0
1,2462,242646370000000,242646370112875,242646376172000,6059125,6172000,112875,242646380000000,0,0,0
1,2463,242646380000000,242646380084500,242646386059750,5975250,6059750,84500,242646390000000,0,0,0
1,2464,242646390000000,242646390116625,242646396182250,6065625,6182250,116625,242646400000000,0,0,0
1,2465,242646400000000,242646400085500,242646406073500,5988000,6073500,85500,242646410000000,0,0,0
1,2466,242646410000000,242646410088875,242646416180625,6091750,6180625,88875,242646420000000,0,0,0
1,2467,242646420000000,242646420084875,242646426060125,5975250,6060125,84875,242646430000000,0,0,0
1,2468,242646430000000,242646430068750,242646436155750,6087000,6155750,68750,242646440000000,0,0,0
1,2469,242646440000000,242646440100375,242646446079000,5978625,6079000,100375,242646450000000,0,0,0
1,2470,242646450000000,242646450088750,242646455572625,5483875,5572625,88750,242646460000000,0,0,0
1,2471,242646460000000,242646460085875,242646466117750,6031875,6117750,85875,242646470000000,0,0,0
1,2472,242646470000000,242646470088250,242646476117500,6029250,6117500,88250,242646480000000,0,0,0
1,2473,242646480000000,242646480076750,242646486144750,6068000,6144750,76750,242646490000000,0,0,0
1,2474,242646490000000,242646490087000,242646495599250,5512250,5599250,87000,242646500000000,0,0,0
1,2475,242646500000000,242646500101500,242646506137375,6035875,6137375,101500,242646510000000,0,0,0
1,2476,242646510000000,242646510085250,242646515629875,5544625,5629875,85250,242646520000000,0,0,0
1,2477,242646520000000,242646520103250,242646525948625,5845375,5948625,103250,242646530000000,0,0,0
1,2478,242646530000000,242646530086000,242646536145250,6059250,6145250,86000,242646540000000,0,0,0
1,2479,242646540000000,242646540084375,242646545881125,5796750,5881125,84375,242646550000000,0,0,0
1,2480,242646550000000,242646550088875,242646556138875,6050000,6138875,88875,242646560000000,0,0,0
1,2481,242646560000000,242646560084625,242646566107250,6022625,6107250,84625,242646570000000,0,0,0
1,2482,242646570000000,242646570087750,242646575632375,5544625,5632375,87750,242646580000000,0,0,0
1,2483,242646580000000,242646580086375,242646586193375,6107000,6193375,86375,242646590000000,0,0,0
1,2484,242646590000000,242646590080875,242646596194000,6113125,6194000,80875,242646600000000,0,0,0
1,2485,242646600000000,242646600083250,242646606170500,6087250,6170500,83250,242646610000000,0,0,0
1,2486,242646610000000,242646610115250,242646616128250,6013000,6128250,115250,242646620000000,0,0,0
1,2487,242646620000000,242646620086000,242646626113125,6027125,6113125,86000,242646630000000,0,0,0
1,2488,242646630000000,242646630116625,242646636173250,6056625,6173250,116625,242646640000000,0,0,0
1,2489,242646640000000,242646640086875,242646645859875,5773000,5859875,86875,242646650000000,0,0,0
1,2490,242646650000000,242646650086000,242646656185750,6099750,6185750,86000,242646660000000,0,0,0
1,2491,242646660000000,242646660085500,242646665809250,5723750,5809250,85500,242646670000000,0,0,0
1,2492,242646670000000,242646670064625,242646675793625,5729000,5793625,64625,242646680000000,0,0,0
1,2493,242646680000000,242646680025000,242646685310375,5285375,5310375,25000,242646690000000,0,0,0
1,2494,242646690000000,242646690068750,242646695585625,5516875,5585625,68750,242646700000000,0,0,0
1,2495,242646700000000,242646700086500,242646706131125,6044625,6131125,86500,242646710000000,0,0,0
1,2496,242646710000000,242646710086375,242646715634500,5548125,5634500,86375,242646720000000,0,0,0
1,2497,242646720000000,242646720075875,242646726072000,5996125,6072000,75875,242646730000000,0,0,0
1,2498,242646730000000,242646730087750,242646736169125,6081375,6169125,87750,242646740000000,0,0,0
1,2499,242646740000000,242646740085375,242646746142125,6056750,6142125,85375,242646750000000,0,0,0
1,2500,242646750000000,242646750090000,242646756176000,6086000,6176000,90000,242646760000000,0,0,0
1,2501,242646760000000,242646760099875,242646766171500,6071625,6171500,99875,242646770000000,0,0,0
1,2502,242646770000000,242646770078250,242646776132000,6053750,6132000,78250,242646780000000,0,0,0
1,2503,242646780000000,242646780082875,242646786177250,6094375,6177250,82875,242646790000000,0,0,0
1,2504,242646790000000,242646790088250,242646796172250,6084000,6172250,88250,242646800000000,0,0,0
1,2505,242646800000000,242646800083125,242646805950625,5867500,5950625,83125,242646810000000,0,0,0
1,2506,242646810000000,242646810090875,242646816120250,6029375,6120250,90875,242646820000000,0,0,0
1,2507,242646820000000,242646820082125,242646825450875,5368750,5450875,82125,242646830000000,0,0,0
1,2508,242646830000000,242646830083875,242646836143500,6059625,6143500,83875,242646840000000,0,0,0
1,2509,242646840000000,242646840084875,242646846105125,6020250,6105125,84875,242646850000000,0,0,0
1,2510,242646850000000,242646850072375,242646855611875,5539500,5611875,72375,242646860000000,0,0,0
1,2511,242646860000000,242646860087125,242646866087250,6000125,6087250,87125,242646870000000,0,0,0
1,2512,242646870000000,242646870114000,242646876241250,6127250,6241250,114000,242646880000000,0,0,0
1,2513,242646880000000,242646880067500,242646886032000,5964500,6032000,67500,242646890000000,0,0,0
1,2514,242646890000000,242646890086000,242646895603750,5517750,5603750,86000,242646900000000,0,0,0
1,2515,242646900000000,242646900087125,242646906154875,6067750,6154875,87125,242646910000000,0,0,0
1,2516,242646910000000,242646910084500,242646916177250,6092750,6177250,84500,242646920000000,0,0,0
1,2517,242646920000000,242646920084000,242646926076250,5992250,6076250,84000,242646930000000,0,0,0
1,2518,242646930000000,242646930083875,242646936287875,6204000,6287875,83875,242646940000000,0,0,0
1,2519,242646940000000,242646940077000,242646946141125,6064125,6141125,77000,242646950000000,0,0,0
1,2520,242646950000000,242646950087625,242646955393250,5305625,5393250,87625,242646960000000,0,0,0
1,2521,242646960000000,242646960114125,242646966124500,6010375,6124500,114125,242646970000000,0,0,0
1,2522,242646970000000,242646970089750,242646975906500,5816750,5906500,89750,242646980000000,0,0,0
1,2523,242646980000000,242646980085625,242646986112250,6026625,6112250,85625,242646990000000,0,0,0
1,2524,242646990000000,242646990087000,242646996158500,6071500,6158500,87000,242647000000000,0,0,0
1,2525,242647000000000,242647000084250,242647006099875,6015625,6099875,84250,242647010000000,0,0,0
1,2526,242647010000000,242647010065750,242647015974875,5909125,5974875,65750,242647020000000,0,0,0
1,2527,242647020000000,242647020081875,242647026264875,6183000,6264875,81875,242647030000000,0,0,0
1,2528,242647030000000,242647030083625,242647036129875,6046250,6129875,83625,242647040000000,0,0,0
1,2529,242647040000000,242647040084750,242647045871625,5786875,5871625,84750,242647050000000,0,0,0
1,2530,242647050000000,242647050121375,242647056105500,5984125,6105500,121375,242647060000000,0,0,0
1,2531,242647060000000,242647060073875,242647066032250,5958375,6032250,73875,242647070000000,0,0,0
1,2532,242647070000000,242647070063250,242647076096875,6033625,6096875,63250,242647080000000,0,0,0
1,2533,242647080000000,242647080084875,242647086279875,6195000,6279875,84875,242647090000000,0,0,0
1,2534,242647090000000,242647090086125,242647096144250,6058125,6144250,86125,242647100000000,0,0,0
1,2535,242647100000000,242647100085125,242647106090000,6004875,6090000,85125,242647110000000,0,0,0
1,2536,242647110000000,242647110086875,242647116192625,6105750,6192625,86875,242647120000000,0,0,0
1,2537,242647120000000,242647120083000,242647126045375,5962375,6045375,83000,242647130000000,0,0,0
1,2538,242647130000000,242647130088125,242647136201500,6113375,6201500,88125,242647140000000,0,0,0
1,2539,242647140000000,242647140110250,242647146123375,6013125,6123375,110250,242647150000000,0,0,0
1,2540,242647150000000,242647150091250,242647156063625,5972375,6063625,91250,242647160000000,0,0,0
1,2541,242647160000000,242647160082875,242647166127625,6044750,6127625,82875,242647170000000,0,0,0
1,2542,242647170000000,242647170087625,242647176107625,6020000,6107625,87625,242647180000000,0,0,0
1,2543,242647180000000,242647180082250,242647186132125,6049875,6132125,82250,242647190000000,0,0,0
1,2544,242647190000000,242647190084500,242647196176000,6091500,6176000,84500,242647200000000,0,0,0
1,2545,242647200000000,242647200084750,242647206116250,6031500,6116250,84750,242647210000000,0,0,0
1,2546,242647210000000,242647210117750,242647215615500,5497750,5615500,117750,242647220000000,0,0,0
1,2547,242647220000000,242647220090375,242647226276250,6185875,6276250,90375,242647230000000,0,0,0
1,2548,242647230000000,242647230101000,242647236311625,6210625,6311625,101000,242647240000000,0,0,0
1,2549,242647240000000,242647240085500,242647246170250,6084750,6170250,85500,242647250000000,0,0,0
1,2550,242647250000000,242647250086875,242647256232500,6145625,6232500,86875,242647260000000,0,0,0
1,2551,242647260000000,242647260070000,242647265901000,5831000,5901000,70000,242647270000000,0,0,0
1,2552,242647270000000,242647270087000,242647276241250,6154250,6241250,87000,242647280000000,0,0,0
1,2553,242647280000000,242647280084375,242647286173500,6089125,6173500,84375,242647290000000,0,0,0
1,2554,242647290000000,242647290088750,242647296110750,6022000,6110750,88750,242647300000000,0,0,0
1,2555,242647300000000,242647300084375,242647306091750,6007375,6091750,84375,242647310000000,0,0,0
1,2556,242647310000000,242647310086375,242647316182125,6095750,6182125,86375,242647320000000,0,0,0
1,2557,242647320000000,242647320083125,242647326104000,6020875,6104000,83125,242647330000000,0,0,0
1,2558,242647330000000,242647330086500,242647335627625,5541125,5627625,86500,242647340000000,0,0,0
1,2559,242647340000000,242647340115375,242647346207125,6091750,6207125,115375,242647350000000,0,0,0
1,2560,242647350000000,242647350089250,242647356102250,6013000,6102250,89250,242647360000000,0,0,0
1,2561,242647360000000,242647360084000,242647366212875,6128875,6212875,84000,242647370000000,0,0,0
1,2562,242647370000000,242647370088625,242647376128500,6039875,6128500,88625,242647380000000,0,0,0
1,2563,242647380000000,242647380081750,242647386098000,6016250,6098000,81750,242647390000000,0,0,0
1,2564,242647390000000,242647390086125,242647396136375,6050250,6136375,86125,242647400000000,0,0,0
1,2565,242647400000000,242647400085875,242647406060000,5974125,6060000,85875,242647410000000,0,0,0
1,2566,242647410000000,242647410111000,242647416172000,6061000,6172000,111000,242647420000000,0,0,0
1,2567,242647420000000,242647420084625,242647425377625,5293000,5377625,84625,242647430000000,0,0,0
1,2568,242647430000000,242647430084250,242647436180125,6095875,6180125,84250,242647440000000,0,0,0
1,2569,242647440000000,242647440082250,242647446074750,5992500,6074750,82250,242647450000000,0,0,0
1,2570,242647450000000,242647450090000,242647456243250,6153250,6243250,90000,242647460000000,0,0,0
1,2571,242647460000000,242647460078750,242647466060125,5981375,6060125,78750,242647470000000,0,0,0
1,2572,242647470000000,242647470088875,242647475566625,5477750,5566625,88875,242647480000000,0,0,0
1,2573,242647480000000,242647480119250,242647486185000,6065750,6185000,119250,242647490000000,0,0,0
1,2574,242647490000000,242647490087250,242647496131250,6044000,6131250,87250,242647500000000,0,0,0
1,2575,242647500000000,242647500086000,242647506252750,6166750,6252750,86000,242647510000000,0,0,0
1,2576,242647510000000,242647510087500,242647516122500,6035000,6122500,87500,242647520000000,0,0,0
1,2577,242647520000000,242647520087000,242647526052250,5965250,6052250,87000,242647530000000,0,0,0
1,2578,242647530000000,242647530085875,242647536113625,6027750,6113625,85875,242647540000000,0,0,0
1,2579,242647540000000,242647540084250,242647546113125,6028875,6113125,84250,242647550000000,0,0,0
1,2580,242647550000000,242647550085125,242647556096250,6011125,6096250,85125,242647560000000,0,0,0
1,2581,242647560000000,242647560085875,242647566119375,6033500,6119375,85875,242647570000000,0,0,0
1,2582,242647570000000,242647570084625,242647576237000,6152375,6237000,84625,242647580000000,0,0,0
1,2583,242647580000000,242647580081375,242647586154250,6072875,6154250,81375,242647590000000,0,0,0
1,2584,242647590000000,242647590086375,242647596164625,6078250,6164625,86375,242647600000000,0,0,0
1,2585,242647600000000,242647600086750,242647606068250,5981500,6068250,86750,242647610000000,0,0,0
1,2586,242647610000000,242647610112000,242647616153875,6041875,6153875,112000,242647620000000,0,0,0
1,2587,242647620000000,242647620085250,242647626052625,5967375,6052625,85250,242647630000000,0,0,0
1,2588,242647630000000,242647630084000,242647635625000,5541000,5625000,84000,242647640000000,0,0,0
1,2589,242647640000000,242647640089750,242647646170000,6080250,6170000,89750,242647650000000,0,0,0
1,2590,242647650000000,242647650086375,242647656092000,6005625,6092000,86375,242647660000000,0,0,0
1,2591,242647660000000,242647660082250,242647665929500,5847250,5929500,82250,242647670000000,0,0,0
1,2592,242647670000000,242647670086625,242647676281500,6194875,6281500,86625,242647680000000,0,0,0
1,2593,242647680000000,242647680083000,242647686087750,6004750,6087750,83000,242647690000000,0,0,0
1,2594,242647690000000,242647690088875,242647696246000,6157125,6246000,88875,242647700000000,0,0,0
1,2595,242647700000000,242647700082250,242647706095000,6012750,6095000,82250,242647710000000,0,0,0
1,2596,242647710000000,242647710088000,242647716194750,6106750,6194750,88000,242647720000000,0,0,0
1,2597,242647720000000,242647720083750,242647726203625,6119875,6203625,83750,242647730000000,0,0,0
1,2598,242647730000000,242647730087500,242647736071875,5984375,6071875,87500,242647740000000,0,0,0
1,2599,242647740000000,242647740102000,242647746183000,6081000,6183000,102000,242647750000000,0,0,0
1,2600,242647750000000,242647750089750,242647756165875,6076125,6165875,89750,242647760000000,0,0,0
1,2601,242647760000000,242647760110125,242647766218000,6107875,6218000,110125,242647770000000,0,0,0
1,2602,242647770000000,242647770078500,242647776177750,6099250,6177750,78500,242647780000000,0,0,0
1,2603,242647780000000,242647780083125,242647786110375,6027250,6110375,83125,242647790000000,0,0,0
1,2604,242647790000000,242647790088125,242647796124500,6036375,6124500,88125,242647800000000,0,0,0
1,2605,242647800000000,242647800085250,242647806181250,6096000,6181250,85250,242647810000000,0,0,0
1,2606,242647810000000,242647810085500,242647816116625,6031125,6116625,85500,242647820000000,0,0,0
1,2607,242647820000000,242647820085250,242647826043875,5958625,6043875,85250,242647830000000,0,0,0
1,2608,242647830000000,242647830111750,242647835683500,5571750,5683500,111750,242647840000000,0,0,0
1,2609,242647840000000,242647840065875,242647846205500,6139625,6205500,65875,242647850000000,0,0,0
1,2610,242647850000000,242647850084375,242647856146375,6062000,6146375,84375,242647860000000,0,0,0
1,2611,242647860000000,242647860082750,242647866090375,6007625,6090375,82750,242647870000000,0,0,0
1,2612,242647870000000,242647870071625,242647876143750,6072125,6143750,71625,242647880000000,0,0,0
1,2613,242647880000000,242647880086000,242647886160875,6074875,6160875,86000,242647890000000,0,0,0
1,2614,242647890000000,242647890087750,242647896170875,6083125,6170875,87750,242647900000000,0,0,0
1,2615,242647900000000,242647900084750,242647906070750,5986000,6070750,84750,242647910000000,0,0,0
1,2616,242647910000000,242647910087375,242647916158750,6071375,6158750,87375,242647920000000,0,0,0
1,2617,242647920000000,242647920083125,242647925900125,5817000,5900125,83125,242647930000000,0,0,0
1,2618,242647930000000,242647930086250,242647935627750,5541500,5627750,86250,242647940000000,0,0,0
1,2619,242647940000000,242647940110625,242647946140000,6029375,6140000,110625,242647950000000,0,0,0
1,2620,242647950000000,242647950088750,242647955598000,5509250,5598000,88750,242647960000000,0,0,0
1,2621,242647960000000,242647960098000,242647966145500,6047500,6145500,98000,242647970000000,0,0,0
1,2622,242647970000000,242647970087250,242647976161375,6074125,6161375,87250,242647980000000,0,0,0
1,2623,242647980000000,242647980083625,242647986135875,6052250,6135875,83625,242647990000000,0,0,0
1,2624,242647990000000,242647990088375,242647996080875,5992500,6080875,88375,242648000000000,0,0,0
1,2625,242648000000000,242648000085875,242648006235625,6149750,6235625,85875,242648010000000,0,0,0
1,2626,242648010000000,242648010082125,242648016107625,6025500,6107625,82125,242648020000000,0,0,0
1,2627,242648020000000,242648020084250,242648026239500,6155250,6239500,84250,242648030000000,0,0,0
1,2628,242648030000000,242648030086625,242648036127125,6040500,6127125,86625,242648040000000,0,0,0
1,2629,242648040000000,242648040084625,242648046226375,6141750,6226375,84625,242648050000000,0,0,0
1,2630,242648050000000,242648050110625,242648056139250,6028625,6139250,110625,242648060000000,0,0,0
1,2631,242648060000000,242648060085125,242648066177375,6092250,6177375,85125,242648070000000,0,0,0
1,2632,242648070000000,242648070121875,242648076189875,6068000,6189875,121875,242648080000000,0,0,0
1,2633,242648080000000,242648080084375,242648086099000,6014625,6099000,84375,242648090000000,0,0,0
1,2634,242648090000000,242648090084125,242648096191000,6106875,6191000,84125,242648100000000,0,0,0
1,2635,242648100000000,242648100078875,242648106063250,5984375,6063250,78875,242648110000000,0,0,0
1,2636,242648110000000,242648110089250,242648116182250,6093000,6182250,89250,242648120000000,0,0,0
1,2637,242648120000000,242648120085750,242648126200625,6114875,6200625,85750,242648130000000,0,0,0
1,2638,242648130000000,242648130088875,242648136153750,6064875,6153750,88875,242648140000000,0,0,0
1,2639,242648140000000,242648140083625,242648146066875,5983250,6066875,83625,242648150000000,0,0,0
1,2640,242648150000000,242648150087125,242648155629000,5541875,5629000,87125,242648160000000,0,0,0
1,2641,242648160000000,242648160106500,242648166296000,6189500,6296000,106500,242648170000000,0,0,0
1,2642,242648170000000,242648170088375,242648176106750,6018375,6106750,88375,242648180000000,0,0,0
1,2643,242648180000000,242648180086250,242648186176875,6090625,6176875,86250,242648190000000,0,0,0
1,2644,242648190000000,242648190084125,242648196139875,6055750,6139875,84125,242648200000000,0,0,0
1,2645,242648200000000,242648200084750,242648206085500,6000750,6085500,84750,242648210000000,0,0,0
1,2646,242648210000000,242648210085000,242648216133500,6048500,6133500,85000,242648220000000,0,0,0
1,2647,242648220000000,242648220085375,242648226141875,6056500,6141875,85375,242648230000000,0,0,0
1,2648,242648230000000,242648230083000,242648236076000,5993000,6076000,83000,242648240000000,0,0,0
1,2649,242648240000000,242648240086500,242648246070500,5984000,6070500,86500,242648250000000,0,0,0
1,2650,242648250000000,242648250115750,242648256188750,6073000,6188750,115750,242648260000000,0,0,0
1,2651,242648260000000,242648260085250,242648266083500,5998250,6083500,85250,242648270000000,0,0,0
1,2652,242648270000000,242648270087000,242648276221750,6134750,6221750,87000,242648280000000,0,0,0
1,2653,242648280000000,242648280069125,242648286069250,6000125,6069250,69125,242648290000000,0,0,0
1,2654,242648290000000,242648290092125,242648296118750,6026625,6118750,92125,242648300000000,0,0,0
1,2655,242648300000000,242648300083625,242648306131375,6047750,6131375,83625,242648310000000,0,0,0
1,2656,242648310000000,242648310085250,242648316153375,6068125,6153375,85250,242648320000000,0,0,0
1,2657,242648320000000,242648320083875,242648326122500,6038625,6122500,83875,242648330000000,0,0,0
1,2658,242648330000000,242648330090500,242648336142000,6051500,6142000,90500,242648340000000,0,0,0
1,2659,242648340000000,242648340084250,242648345826875,5742625,5826875,84250,242648350000000,0,0,0
1,2660,242648350000000,242648350089375,242648356163875,6074500,6163875,89375,242648360000000,0,0,0
1,2661,242648360000000,242648360107625,242648365894625,5787000,5894625,107625,242648370000000,0,0,0
1,2662,242648370000000,242648370090375,242648376167375,6077000,6167375,90375,242648380000000,0,0,0
1,2663,242648380000000,242648380115250,242648386119500,6004250,6119500,115250,242648390000000,0,0,0
1,2664,242648390000000,242648390087625,242648396139375,6051750,6139375,87625,242648400000000,0,0,0
1,2665,242648400000000,242648400101500,242648406105375,6003875,6105375,101500,242648410000000,0,0,0
1,2666,242648410000000,242648410086000,242648416129500,6043500,6129500,86000,242648420000000,0,0,0
1,2667,242648420000000,242648420082375,242648426074625,5992250,6074625,82375,242648430000000,0,0,0
1,2668,242648430000000,242648430087625,242648436073750,5986125,6073750,87625,242648440000000,0,0,0
1,2669,242648440000000,242648440083625,242648445995750,5912125,5995750,83625,242648450000000,0,0,0
1,2670,242648450000000,242648450089000,242648456268375,6179375,6268375,89000,242648460000000,0,0,0
1,2671,242648460000000,242648460078875,242648465804875,5726000,5804875,78875,242648470000000,0,0,0
1,2672,242648470000000,242648470085750,242648476128625,6042875,6128625,85750,242648480000000,0,0,0
1,2673,242648480000000,242648480079125,242648486032625,5953500,6032625,79125,242648490000000,0,0,0
1,2674,242648490000000,242648490085625,242648496162750,6077125,6162750,85625,242648500000000,0,0,0
1,2675,242648500000000,242648500084625,242648506112500,6027875,6112500,84625,242648510000000,0,0,0
1,2676,242648510000000,242648510085000,242648516225000,6140000,6225000,85000,242648520000000,0,0,0
1,2677,242648520000000,242648520083000,242648526102500,6019500,6102500,83000,242648530000000,0,0,0
1,2678,242648530000000,242648530115000,242648536229750,6114750,6229750,115000,242648540000000,0,0,0
1,2679,242648540000000,242648540087125,242648546090750,6003625,6090750,87125,242648550000000,0,0,0
1,2680,242648550000000,242648550087500,242648556288000,6200500,6288000,87500,242648560000000,0,0,0
1,2681,242648560000000,242648560081875,242648566221750,6139875,6221750,81875,242648570000000,0,0,0
1,2682,242648570000000,242648570088375,242648576176750,6088375,6176750,88375,242648580000000,0,0,0
1,2683,242648580000000,242648580084250,242648586129250,6045000,6129250,84250,242648590000000,0,0,0
1,2684,242648590000000,242648590091000,242648596108750,6017750,6108750,91000,242648600000000,0,0,0
1,2685,242648600000000,242648600083500,242648606202125,6118625,6202125,83500,242648610000000,0,0,0
1,2686,242648610000000,242648610087875,242648616151750,6063875,6151750,87875,242648620000000,0,0,0
1,2687,242648620000000,242648620084750,242648626123875,6039125,6123875,84750,242648630000000,0,0,0
1,2688,242648630000000,242648630087875,242648636243125,6155250,6243125,87875,242648640000000,0,0,0
1,2689,242648640000000,242648640113375,242648645908125,5794750,5908125,113375,242648650000000,0,0,0
1,2690,242648650000000,242648650088875,242648656151375,6062500,6151375,88875,242648660000000,0,0,0
1,2691,242648660000000,242648660117750,242648665866500,5748750,5866500,117750,242648670000000,0,0,0
1,2692,242648670000000,242648670087000,242648675656875,5569875,5656875,87000,242648680000000,0,0,0
1,2693,242648680000000,242648680116625,242648686179125,6062500,6179125,116625,242648690000000,0,0,0
1,2694,242648690000000,242648690087000,242648696116375,6029375,6116375,87000,242648700000000,0,0,0
1,2695,242648700000000,242648700083750,242648706141250,6057500,6141250,83750,242648710000000,0,0,0
1,2696,242648710000000,242648710091375,242648716147500,6056125,6147500,91375,242648720000000,0,0,0
1,2697,242648720000000,242648720087125,242648726059375,5972250,6059375,87125,242648730000000,0,0,0
1,2698,242648730000000,242648730087750,242648735635875,5548125,5635875,87750,242648740000000,0,0,0
1,2699,242648740000000,242648740089125,242648746097750,6008625,6097750,89125,242648750000000,0,0,0
1,2700,242648750000000,242648750079500,242648756137625,6058125,6137625,79500,242648760000000,0,0,0
1,2701,242648760000000,242648760084750,242648766039375,5954625,6039375,84750,242648770000000,0,0,0
1,2702,242648770000000,242648770091375,242648776164250,6072875,6164250,91375,242648780000000,0,0,0
1,2703,242648780000000,242648780081875,242648786086500,6004625,6086500,81875,242648790000000,0,0,0
1,2704,242648790000000,242648790119875,242648796183500,6063625,6183500,119875,242648800000000,0,0,0
1,2705,242648800000000,242648800086125,242648806090500,6004375,6090500,86125,242648810000000,0,0,0
1,2706,242648810000000,242648810110250,242648816123250,6013000,6123250,110250,242648820000000,0,0,0
1,2707,242648820000000,242648820085625,242648826253875,6168250,6253875,85625,242648830000000,0,0,0
1,2708,242648830000000,242648830081250,242648836123500,6042250,6123500,81250,242648840000000,0,0,0
1,2709,242648840000000,242648840081750,242648846184750,6103000,6184750,81750,242648850000000,0,0,0
1,2710,242648850000000,242648850085875,242648856109125,6023250,6109125,85875,242648860000000,0,0,0
1,2711,242648860000000,242648860084125,242648865611375,5527250,5611375,84125,242648870000000,0,0,0
1,2712,242648870000000,242648870087750,242648876119500,6031750,6119500,87750,242648880000000,0,0,0
1,2713,242648880000000,242648880109750,242648886115625,6005875,6115625,109750,242648890000000,0,0,0
1,2714,242648890000000,242648890079500,242648896158750,6079250,6158750,79500,242648900000000,0,0,0
1,2715,242648900000000,242648900080500,242648905986125,5905625,5986125,80500,242648910000000,0,0,0
1,2716,242648910000000,242648910089250,242648916158625,6069375,6158625,89250,242648920000000,0,0,0
1,2717,242648920000000,242648920083125,242648925884125,5801000,5884125,83125,242648930000000,0,0,0
1,2718,242648930000000,242648930086000,242648936130500,6044500,6130500,86000,242648940000000,0,0,0
1,2719,242648940000000,242648940083375,242648946149375,6066000,6149375,83375,242648950000000,0,0,0
1,2720,242648950000000,242648950085125,242648956143625,6058500,6143625,85125,242648960000000,0,0,0
1,2721,242648960000000,242648960083875,242648966067125,5983250,6067125,83875,242648970000000,0,0,0
1,2722,242648970000000,242648970114000,242648975611375,5497375,5611375,114000,242648980000000,0,0,0
1,2723,242648980000000,242648980090500,242648986141750,6051250,6141750,90500,242648990000000,0,0,0
1,2724,242648990000000,242648990083375,242648996262250,6178875,6262250,83375,242649000000000,0,0,0
1,2725,242649000000000,242649000085625,242649005890375,5804750,5890375,85625,242649010000000,0,0,0
1,2726,242649010000000,242649010090250,242649016129125,6038875,6129125,90250,242649020000000,0,0,0
1,2727,242649020000000,242649020085125,242649026060250,5975125,6060250,85125,242649030000000,0,0,0
1,2728,242649030000000,242649030088750,242649035414000,5325250,5414000,88750,242649040000000,0,0,0
1,2729,242649040000000,242649040088000,242649046148250,6060250,6148250,88000,242649050000000,0,0,0
1,2730,242649050000000,242649050087625,242649056164750,6077125,6164750,87625,242649060000000,0,0,0
1,2731,242649060000000,242649060080625,242649066090250,6009625,6090250,80625,242649070000000,0,0,0
1,2732,242649070000000,242649070085625,242649076148250,6062625,6148250,85625,242649080000000,0,0,0
1,2733,242649080000000,242649080108500,242649086052500,5944000,6052500,108500,242649090000000,0,0,0
1,2734,242649090000000,242649090090250,242649095381875,5291625,5381875,90250,242649100000000,0,0,0
1,2735,242649100000000,242649100093625,242649106278250,6184625,6278250,93625,242649110000000,0,0,0
1,2736,242649110000000,242649110086250,242649116158625,6072375,6158625,86250,242649120000000,0,0,0
1,2737,242649120000000,242649120064875,242649126131750,6066875,6131750,64875,242649130000000,0,0,0
1,2738,242649130000000,242649130086750,242649136230375,6143625,6230375,86750,242649140000000,0,0,0
1,2739,242649140000000,242649140084500,242649145864750,5780250,5864750,84500,242649150000000,0,0,0
1,2740,242649150000000,242649150085625,242649156177500,6091875,6177500,85625,242649160000000,0,0,0
1,2741,242649160000000,242649160084750,242649166085875,6001125,6085875,84750,242649170000000,0,0,0
1,2742,242649170000000,242649170085625,242649175599000,5513375,5599000,85625,242649180000000,0,0,0
1,2743,242649180000000,242649180085125,242649186305500,6220375,6305500,85125,242649190000000,0,0,0
1,2744,242649190000000,242649190075625,242649196111000,6035375,6111000,75625,242649200000000,0,0,0
1,2745,242649200000000,242649200087000,242649205864250,5777250,5864250,87000,242649210000000,0,0,0
1,2746,242649210000000,242649210094250,242649216163875,6069625,6163875,94250,242649220000000,0,0,0
1,2747,242649220000000,242649220085375,242649226123875,6038500,6123875,85375,242649230000000,0,0,0
1,2748,242649230000000,242649230086250,242649236137000,6050750,6137000,86250,242649240000000,0,0,0
1,2749,242649240000000,242649240083000,242649246238875,6155875,6238875,83000,242649250000000,0,0,0
1,2750,242649250000000,242649250090875,242649256151500,6060625,6151500,90875,242649260000000,0,0,0
1,2751,242649260000000,242649260083125,242649266123000,6039875,6123000,83125,242649270000000,0,0,0
1,2752,242649270000000,242649270087125,242649276106000,6018875,6106000,87125,242649280000000,0,0,0
1,2753,242649280000000,242649280106625,242649286188500,6081875,6188500,106625,242649290000000,0,0,0
1,2754,242649290000000,242649290086750,242649296239125,6152375,6239125,86750,242649300000000,0,0,0
1,2755,242649300000000,242649300091375,242649306109125,6017750,6109125,91375,242649310000000,0,0,0
1,2756,242649310000000,242649310090000,242649316172875,6082875,6172875,90000,242649320000000,0,0,0
1,2757,242649320000000,242649320102375,242649325872375,5770000,5872375,102375,242649330000000,0,0,0
1,2758,242649330000000,242649330088625,242649336124250,6035625,6124250,88625,242649340000000,0,0,0
1,2759,242649340000000,242649340105250,242649346109875,6004625,6109875,105250,242649350000000,0,0,0
1,2760,242649350000000,242649350086375,242649356108750,6022375,6108750,86375,242649360000000,0,0,0
1,2761,242649360000000,242649360083750,242649366104875,6021125,6104875,83750,242649370000000,0,0,0
1,2762,242649370000000,242649370087375,242649376259375,6172000,6259375,87375,242649380000000,0,0,0
1,2763,242649380000000,242649380083375,242649386143375,6060000,6143375,83375,242649390000000,0,0,0
1,2764,242649390000000,242649390086375,242649395590875,5504500,5590875,86375,242649400000000,0,0,0
1,2765,242649400000000,242649400089250,242649406156750,6067500,6156750,89250,242649410000000,0,0,0
1,2766,242649410000000,242649410084625,242649415577500,5492875,5577500,84625,242649420000000,0,0,0
1,2767,242649420000000,242649420090375,242649426117000,6026625,6117000,90375,242649430000000,0,0,0
1,2768,242649430000000,242649430114500,242649435621625,5507125,5621625,114500,242649440000000,0,0,0
1,2769,242649440000000,242649440083375,242649446133625,6050250,6133625,83375,242649450000000,0,0,0
1,2770,242649450000000,242649450101750,242649456267500,6165750,6267500,101750,242649460000000,0,0,0
1,2771,242649460000000,242649460082375,242649466148750,6066375,6148750,82375,242649470000000,0,0,0
1,2772,242649470000000,242649470121875,242649476150000,6028125,6150000,121875,242649480000000,0,0,0
1,2773,242649480000000,242649480082875,242649486112875,6030000,6112875,82875,242649490000000,0,0,0
1,2774,242649490000000,242649490108750,242649496134625,6025875,6134625,108750,242649500000000,0,0,0
1,2775,242649500000000,242649500077000,242649506072750,5995750,6072750,77000,242649510000000,0,0,0
1,2776,242649510000000,242649510084875,242649516182500,6097625,6182500,84875,242649520000000,0,0,0
1,2777,242649520000000,242649520086625,242649526080000,5993375,6080000,86625,242649530000000,0,0,0
1,2778,242649530000000,242649530091375,242649536205875,6114500,6205875,91375,242649540000000,0,0,0
1,2779,242649540000000,242649540085750,242649546120375,6034625,6120375,85750,242649550000000,0,0,0
1,2780,242649550000000,242649550089125,242649556139500,6050375,6139500,89125,242649560000000,0,0,0
1,2781,242649560000000,242649560084125,242649565873250,5789125,5873250,84125,242649570000000,0,0,0
1,2782,242649570000000,242649570087375,242649575638250,5550875,5638250,87375,242649580000000,0,0,0
1,2783,242649580000000,242649580109625,242649585899500,5789875,5899500,109625,242649590000000,0,0,0
1,2784,242649590000000,242649590091125,242649596162125,6071000,6162125,91125,242649600000000,0,0,0
1,2785,242649600000000,242649600082125,242649606231500,6149375,6231500,82125,242649610000000,0,0,0
1,2786,242649610000000,242649610088125,242649616117125,6029000,6117125,88125,242649620000000,0,0,0
1,2787,242649620000000,242649620084625,242649626066750,5982125,6066750,84625,242649630000000,0,0,0
1,2788,242649630000000,242649630088500,242649635924875,5836375,5924875,88500,242649640000000,0,0,0
1,2789,242649640000000,242649640090250,242649646110875,6020625,6110875,90250,242649650000000,0,0,0
1,2790,242649650000000,242649650083375,242649656097250,6013875,6097250,83375,242649660000000,0,0,0
1,2791,242649660000000,242649660084125,242649666093625,6009500,6093625,84125,242649670000000,0,0,0
1,2792,242649670000000,242649670117375,242649675644750,5527375,5644750,117375,242649680000000,0,0,0
1,2793,242649680000000,242649680088875,242649686257875,6169000,6257875,88875,242649690000000,0,0,0
1,2794,242649690000000,242649690087625,242649696184000,6096375,6184000,87625,242649700000000,0,0,0
1,2795,242649700000000,242649700082500,242649706094250,6011750,6094250,82500,242649710000000,0,0,0
1,2796,242649710000000,242649710085875,242649716073250,5987375,6073250,85875,242649720000000,0,0,0
1,2797,242649720000000,242649720083125,242649726054375,5971250,6054375,83125,242649730000000,0,0,0
1,2798,242649730000000,242649730088250,242649736262125,6173875,6262125,88250,242649740000000,0,0,0
1,2799,242649740000000,242649740085125,242649746100250,6015125,6100250,85125,242649750000000,0,0,0
1,2800,242649750000000,242649750087625,242649756156500,6068875,6156500,87625,242649760000000,0,0,0
1,2801,242649760000000,242649760085750,242649766078375,5992625,6078375,85750,242649770000000,0,0,0
1,2802,242649770000000,242649770079000,242649776076500,5997500,6076500,79000,242649780000000,0,0,0
1,2803,242649780000000,242649780081250,242649785829375,5748125,5829375,81250,242649790000000,0,0,0
1,2804,242649790000000,242649790087000,242649796249125,6162125,6249125,87000,242649800000000,0,0,0
1,2805,242649800000000,242649800082875,242649806113625,6030750,6113625,82875,242649810000000,0,0,0
1,2806,242649810000000,242649810086125,242649816144500,6058375,6144500,86125,242649820000000,0,0,0
1,2807,242649820000000,242649820125875,242649826136500,6010625,6136500,125875,242649830000000,0,0,0
1,2808,242649830000000,242649830089375,242649836234000,6144625,6234000,89375,242649840000000,0,0,0
1,2809,242649840000000,242649840119500,242649846134500,6015000,6134500,119500,242649850000000,0,0,0
1,2810,242649850000000,242649850090250,242649856137500,6047250,6137500,90250,242649860000000,0,0,0
1,2811,242649860000000,242649860086125,242649866077375,5991250,6077375,86125,242649870000000,0,0,0
1,2812,242649870000000,242649870088750,242649876154500,6065750,6154500,88750,242649880000000,0,0,0
1,2813,242649880000000,242649880081875,242649885394625,5312750,5394625,81875,242649890000000,0,0,0
1,2814,242649890000000,242649890085750,242649896226875,6141125,6226875,85750,242649900000000,0,0,0
1,2815,242649900000000,242649900082375,242649905888125,5805750,5888125,82375,242649910000000,0,0,0
1,2816,242649910000000,242649910073250,242649916127875,6054625,6127875,73250,242649920000000,0,0,0
1,2817,242649920000000,242649920083000,242649926179375,6096375,6179375,83000,242649930000000,0,0,0
1,2818,242649930000000,242649930085250,242649936163625,6078375,6163625,85250,242649940000000,0,0,0
1,2819,242649940000000,242649940083625,242649946073250,5989625,6073250,83625,242649950000000,0,0,0
1,2820,242649950000000,242649950081750,242649956204125,6122375,6204125,81750,242649960000000,0,0,0
1,2821,242649960000000,242649960084125,242649965913500,5829375,5913500,84125,242649970000000,0,0,0
1,2822,242649970000000,242649970118125,242649976295500,6177375,6295500,118125,242649980000000,0,0,0
1,2823,242649980000000,242649980084875,242649986017250,5932375,6017250,84875,242649990000000,0,0,0
1,2824,242649990000000,242649990086875,242649996139000,6052125,6139000,86875,242650000000000,0,0,0
1,2825,242650000000000,242650000083375,242650006058625,5975250,6058625,83375,242650010000000,0,0,0
1,2826,242650010000000,242650010087125,242650016188250,6101125,6188250,87125,242650020000000,0,0,0
1,2827,242650020000000,242650020079625,242650026122125,6042500,6122125,79625,242650030000000,0,0,0
1,2828,242650030000000,242650030087500,242650035611750,5524250,5611750,87500,242650040000000,0,0,0
1,2829,242650040000000,242650040087875,242650046111000,6023125,6111000,87875,242650050000000,0,0,0
1,2830,242650050000000,242650050087625,242650056153500,6065875,6153500,87625,242650060000000,0,0,0
1,2831,242650060000000,242650060083250,242650066249875,6166625,6249875,83250,242650070000000,0,0,0
1,2832,242650070000000,242650070090000,242650076258750,6168750,6258750,90000,242650080000000,0,0,0
1,2833,242650080000000,242650080085125,242650086096375,6011250,6096375,85125,242650090000000,0,0,0
1,2834,242650090000000,242650090089000,242650095578000,5489000,5578000,89000,242650100000000,0,0,0
1,2835,242650100000000,242650100111250,242650106150000,6038750,6150000,111250,242650110000000,0,0,0
1,2836,242650110000000,242650110089125,242650116124375,6035250,6124375,89125,242650120000000,0,0,0
1,2837,242650120000000,242650120082000,242650126124375,6042375,6124375,82000,242650130000000,0,0,0
1,2838,242650130000000,242650130086500,242650136111250,6024750,6111250,86500,242650140000000,0,0,0
1,2839,242650140000000,242650140080250,242650146074875,5994625,6074875,80250,242650150000000,0,0,0
1,2840,242650150000000,242650150086125,242650155585125,5499000,5585125,86125,242650160000000,0,0,0
1,2841,242650160000000,242650160090500,242650166186125,6095625,6186125,90500,242650170000000,0,0,0
1,2842,242650170000000,242650170075500,242650176133000,6057500,6133000,75500,242650180000000,0,0,0
1,2843,242650180000000,242650180084875,242650186096875,6012000,6096875,84875,242650190000000,0,0,0
1,2844,242650190000000,242650190095625,242650196251250,6155625,6251250,95625,242650200000000,0,0,0
1,2845,242650200000000,242650200085500,242650206125500,6040000,6125500,85500,242650210000000,0,0,0
1,2846,242650210000000,242650210082500,242650216109625,6027125,6109625,82500,242650220000000,0,0,0
1,2847,242650220000000,242650220083250,242650226056000,5972750,6056000,83250,242650230000000,0,0,0
1,2848,242650230000000,242650230086625,242650235614000,5527375,5614000,86625,242650240000000,0,0,0
1,2849,242650240000000,242650240082625,242650246109750,6027125,6109750,82625,242650250000000,0,0,0
1,2850,242650250000000,242650250088625,242650256189625,6101000,6189625,88625,242650260000000,0,0,0
1,2851,242650260000000,242650260077000,242650266093000,6016000,6093000,77000,242650270000000,0,0,0
1,2852,242650270000000,242650270088625,242650276168375,6079750,6168375,88625,242650280000000,0,0,0
1,2853,242650280000000,242650280077625,242650285810625,5733000,5810625,77625,242650290000000,0,0,0
1,2854,242650290000000,242650290089250,242650295650750,5561500,5650750,89250,242650300000000,0,0,0
1,2855,242650300000000,242650300109500,242650306195000,6085500,6195000,109500,242650310000000,0,0,0
1,2856,242650310000000,242650310089250,242650316140125,6050875,6140125,89250,242650320000000,0,0,0
1,2857,242650320000000,242650320068500,242650325840875,5772375,5840875,68500,242650330000000,0,0,0
1,2858,242650330000000,242650330088500,242650335626500,5538000,5626500,88500,242650340000000,0,0,0
1,2859,242650340000000,242650340089125,242650345904125,5815000,5904125,89125,242650350000000,0,0,0
1,2860,242650350000000,242650350087125,242650355617125,5530000,5617125,87125,242650360000000,0,0,0
1,2861,242650360000000,242650360093750,242650366129125,6035375,6129125,93750,242650370000000,0,0,0
1,2862,242650370000000,242650370087250,242650376075500,5988250,6075500,87250,242650380000000,0,0,0
1,2863,242650380000000,242650380084750,242650386090875,6006125,6090875,84750,242650390000000,0,0,0
1,2864,242650390000000,242650390076375,242650396194250,6117875,6194250,76375,242650400000000,0,0,0
1,2865,242650400000000,242650400084625,242650406135375,6050750,6135375,84625,242650410000000,0,0,0
1,2866,242650410000000,242650410084000,242650416132375,6048375,6132375,84000,242650420000000,0,0,0
1,2867,242650420000000,242650420086500,242650426107125,6020625,6107125,86500,242650430000000,0,0,0
1,2868,242650430000000,242650430116500,242650436209000,6092500,6209000,116500,242650440000000,0,0,0
1,2869,242650440000000,242650440085375,242650446237625,6152250,6237625,85375,242650450000000,0,0,0
1,2870,242650450000000,242650450121500,242650456119625,5998125,6119625,121500,242650460000000,0,0,0
1,2871,242650460000000,242650460098625,242650466089625,5991000,6089625,98625,242650470000000,0,0,0
1,2872,242650470000000,242650470112375,242650476233875,6121500,6233875,112375,242650480000000,0,0,0
1,2873,242650480000000,242650480085750,242650486122500,6036750,6122500,85750,242650490000000,0,0,0
1,2874,242650490000000,242650490084500,242650496116375,6031875,6116375,84500,242650500000000,0,0,0
1,2875,242650500000000,242650500082125,242650506124875,6042750,6124875,82125,242650510000000,0,0,0
1,2876,242650510000000,242650510088750,242650516233375,6144625,6233375,88750,242650520000000,0,0,0
1,2877,242650520000000,242650520078375,242650526034250,5955875,6034250,78375,242650530000000,0,0,0
1,2878,242650530000000,242650530084375,242650536130375,6046000,6130375,84375,242650540000000,0,0,0
1,2879,242650540000000,242650540083875,242650546231375,6147500,6231375,83875,242650550000000,0,0,0
1,2880,242650550000000,242650550085375,242650555432500,5347125,5432500,85375,242650560000000,0,0,0
1,2881,242650560000000,242650560113625,242650565915750,5802125,5915750,113625,242650570000000,0,0,0
1,2882,242650570000000,242650570088250,242650575679125,5590875,5679125,88250,242650580000000,0,0,0
1,2883,242650580000000,242650580086500,242650586237250,6150750,6237250,86500,242650590000000,0,0,0
1,2884,242650590000000,242650590084250,242650595593500,5509250,5593500,84250,242650600000000,0,0,0
1,2885,242650600000000,242650600088125,242650606144125,6056000,6144125,88125,242650610000000,0,0,0
1,2886,242650610000000,242650610090000,242650616083625,5993625,6083625,90000,242650620000000,0,0,0
1,2887,242650620000000,242650620084000,242650626114875,6030875,6114875,84000,242650630000000,0,0,0
1,2888,242650630000000,242650630082375,242650635591625,5509250,5591625,82375,242650640000000,0,0,0
1,2889,242650640000000,242650640086375,242650645916250,5829875,5916250,86375,242650650000000,0,0,0
1,2890,242650650000000,242650650087500,242650656182375,6094875,6182375,87500,242650660000000,0,0,0
1,2891,242650660000000,242650660083625,242650666109125,6025500,6109125,83625,242650670000000,0,0,0
1,2892,242650670000000,242650670087500,242650676192375,6104875,6192375,87500,242650680000000,0,0,0
1,2893,242650680000000,242650680083500,242650686143125,6059625,6143125,83500,242650690000000,0,0,0
1,2894,242650690000000,242650690085125,242650695595000,5509875,5595000,85125,242650700000000,0,0,0
1,2895,242650700000000,242650700088125,242650706107750,6019625,6107750,88125,242650710000000,0,0,0
1,2896,242650710000000,242650710112625,242650716095625,5983000,6095625,112625,242650720000000,0,0,0
1,2897,242650720000000,242650720085500,242650726152375,6066875,6152375,85500,242650730000000,0,0,0
1,2898,242650730000000,242650730085250,242650735648000,5562750,5648000,85250,242650740000000,0,0,0
1,2899,242650740000000,242650740091125,242650746174875,6083750,6174875,91125,242650750000000,0,0,0
1,2900,242650750000000,242650750089000,242650755571875,5482875,5571875,89000,242650760000000,0,0,0
1,2901,242650760000000,242650760087750,242650766171250,6083500,6171250,87750,242650770000000,0,0,0
1,2902,242650770000000,242650770078625,242650776136250,6057625,6136250,78625,242650780000000,0,0,0
1,2903,242650780000000,242650780081875,242650786091500,6009625,6091500,81875,242650790000000,0,0,0
1,2904,242650790000000,242650790086000,242650796169500,6083500,6169500,86000,242650800000000,0,0,0
1,2905,242650800000000,242650800109625,242650806166125,6056500,6166125,109625,242650810000000,0,0,0
1,2906,242650810000000,242650810089000,242650816192750,6103750,6192750,89000,242650820000000,0,0,0
1,2907,242650820000000,242650820117500,242650826100375,5982875,6100375,117500,242650830000000,0,0,0
1,2908,242650830000000,242650830089375,242650836135500,6046125,6135500,89375,242650840000000,0,0,0
1,2909,242650840000000,242650840083000,242650846183000,6100000,6183000,83000,242650850000000,0,0,0
1,2910,242650850000000,242650850087250,242650856146000,6058750,6146000,87250,242650860000000,0,0,0
1,2911,242650860000000,242650860084250,242650865609375,5525125,5609375,84250,242650870000000,0,0,0
1,2912,242650870000000,242650870086250,242650876295750,6209500,6295750,86250,242650880000000,0,0,0
1,2913,242650880000000,242650880082875,242650885857875,5775000,5857875,82875,242650890000000,0,0,0
1,2914,242650890000000,242650890085375,242650896160375,6075000,6160375,85375,242650900000000,0,0,0
1,2915,242650900000000,242650900084875,242650906174250,6089375,6174250,84875,242650910000000,0,0,0
1,2916,242650910000000,242650910063625,242650916085375,6021750,6085375,63625,242650920000000,0,0,0
1,2917,242650920000000,242650920083500,242650926087500,6004000,6087500,83500,242650930000000,0,0,0
1,2918,242650930000000,242650930100125,242650936160500,6060375,6160500,100125,242650940000000,0,0,0
1,2919,242650940000000,242650940086750,242650946078375,5991625,6078375,86750,242650950000000,0,0,0
1,2920,242650950000000,242650950119250,242650955631000,5511750,5631000,119250,242650960000000,0,0,0
1,2921,242650960000000,242650960089125,242650966169500,6080375,6169500,89125,242650970000000,0,0,0
1,2922,242650970000000,242650970113750,242650976228000,6114250,6228000,113750,242650980000000,0,0,0
1,2923,242650980000000,242650980084125,242650986095500,6011375,6095500,84125,242650990000000,0,0,0
1,2924,242650990000000,242650990087125,242650996178875,6091750,6178875,87125,242651000000000,0,0,0
1,2925,242651000000000,242651000084500,242651006087000,6002500,6087000,84500,242651010000000,0,0,0
1,2926,242651010000000,242651010086500,242651015652000,5565500,5652000,86500,242651020000000,0,0,0
1,2927,242651020000000,242651020089875,242651026153000,6063125,6153000,89875,242651030000000,0,0,0
1,2928,242651030000000,242651030088250,242651036105625,6017375,6105625,88250,242651040000000,0,0,0
1,2929,242651040000000,242651040082000,242651046095125,6013125,6095125,82000,242651050000000,0,0,0
1,2930,242651050000000,242651050087000,242651056123500,6036500,6123500,87000,242651060000000,0,0,0
1,2931,242651060000000,242651060081625,242651065938625,5857000,5938625,81625,242651070000000,0,0,0
1,2932,242651070000000,242651070063125,242651076040500,5977375,6040500,63125,242651080000000,0,0,0
1,2933,242651080000000,242651080088250,242651086217125,6128875,6217125,88250,242651090000000,0,0,0
1,2934,242651090000000,242651090062875,242651096231125,6168250,6231125,62875,242651100000000,0,0,0
1,2935,242651100000000,242651100087000,242651106170750,6083750,6170750,87000,242651110000000,0,0,0
1,2936,242651110000000,242651110065125,242651115409125,5344000,5409125,65125,242651120000000,0,0,0
1,2937,242651120000000,242651120092625,242651126195875,6103250,6195875,92625,242651130000000,0,0,0
1,2938,242651130000000,242651130066375,242651136204375,6138000,6204375,66375,242651140000000,0,0,0
1,2939,242651140000000,242651140066625,242651146189125,6122500,6189125,66625,242651150000000,0,0,0
1,2940,242651150000000,242651150061625,242651156221000,6159375,6221000,61625,242651160000000,0,0,0
1,2941,242651160000000,242651160063375,242651166118125,6054750,6118125,63375,242651170000000,0,0,0
1,2942,242651170000000,242651170064750,242651175610000,5545250,5610000,64750,242651180000000,0,0,0
1,2943,242651180000000,242651180064125,242651186174000,6109875,6174000,64125,242651190000000,0,0,0
1,2944,242651190000000,242651190065000,242651195879250,5814250,5879250,65000,242651200000000,0,0,0
1,2945,242651200000000,242651200072750,242651205847000,5774250,5847000,72750,242651210000000,0,0,0
1,2946,242651210000000,242651210090375,242651215396625,5306250,5396625,90375,242651220000000,0,0,0
1,2947,242651220000000,242651220076375,242651226099250,6022875,6099250,76375,242651230000000,0,0,0
1,2948,242651230000000,242651230094000,242651236206375,6112375,6206375,94000,242651240000000,0,0,0
1,2949,242651240000000,242651240084875,242651246153375,6068500,6153375,84875,242651250000000,0,0,0
1,2950,242651250000000,242651250117750,242651256187750,6070000,6187750,117750,242651260000000,0,0,0
1,2951,242651260000000,242651260083250,242651266096000,6012750,6096000,83250,242651270000000,0,0,0
1,2952,242651270000000,242651270103250,242651276147000,6043750,6147000,103250,242651280000000,0,0,0
1,2953,242651280000000,242651280085250,242651286072500,5987250,6072500,85250,242651290000000,0,0,0
1,2954,242651290000000,242651290108000,242651296164375,6056375,6164375,108000,242651300000000,0,0,0
1,2955,242651300000000,242651300085625,242651306051500,5965875,6051500,85625,242651310000000,0,0,0
1,2956,242651310000000,242651310085000,242651315874375,5789375,5874375,85000,242651320000000,0,0,0
1,2957,242651320000000,242651320087750,242651326156375,6068625,6156375,87750,242651330000000,0,0,0
1,2958,242651330000000,242651330086500,242651336152125,6065625,6152125,86500,242651340000000,0,0,0
1,2959,242651340000000,242651340070125,242651346148250,6078125,6148250,70125,242651350000000,0,0,0
1,2960,242651350000000,242651350087500,242651356163250,6075750,6163250,87500,242651360000000,0,0,0
1,2961,242651360000000,242651360083000,242651366093250,6010250,6093250,83000,242651370000000,0,0,0
1,2962,242651370000000,242651370086125,242651376143375,6057250,6143375,86125,242651380000000,0,0,0
1,2963,242651380000000,242651380092875,242651386207125,6114250,6207125,92875,242651390000000,0,0,0
1,2964,242651390000000,242651390090750,242651396193375,6102625,6193375,90750,242651400000000,0,0,0
1,2965,242651400000000,242651400115750,242651405884750,5769000,5884750,115750,242651410000000,0,0,0
1,2966,242651410000000,242651410090250,242651416191000,6100750,6191000,90250,242651420000000,0,0,0
1,2967,242651420000000,242651420080000,242651426110250,6030250,6110250,80000,242651430000000,0,0,0
1,2968,242651430000000,242651430088250,242651436099375,6011125,6099375,88250,242651440000000,0,0,0
1,2969,242651440000000,242651440078500,242651446101250,6022750,6101250,78500,242651450000000,0,0,0
1,2970,242651450000000,242651450087875,242651455584375,5496500,5584375,87875,242651460000000,0,0,0
1,2971,242651460000000,242651460089750,242651466138250,6048500,6138250,89750,242651470000000,0,0,0
1,2972,242651470000000,242651470085250,242651476137125,6051875,6137125,85250,242651480000000,0,0,0
1,2973,242651480000000,242651480085500,242651486101375,6015875,6101375,85500,242651490000000,0,0,0
1,2974,242651490000000,242651490115875,242651496165500,6049625,6165500,115875,242651500000000,0,0,0
1,2975,242651500000000,242651500079500,242651506084625,6005125,6084625,79500,242651510000000,0,0,0
1,2976,242651510000000,242651510085125,242651516252625,6167500,6252625,85125,242651520000000,0,0,0
1,2977,242651520000000,242651520085250,242651526111250,6026000,6111250,85250,242651530000000,0,0,0
1,2978,242651530000000,242651530085125,242651536187375,6102250,6187375,85125,242651540000000,0,0,0
1,2979,242651540000000,242651540080875,242651546073375,5992500,6073375,80875,242651550000000,0,0,0
1,2980,242651550000000,242651550088125,242651556248750,6160625,6248750,88125,242651560000000,0,0,0
1,2981,242651560000000,242651560062375,242651566156875,6094500,6156875,62375,242651570000000,0,0,0
1,2982,242651570000000,242651570065500,242651576137500,6072000,6137500,65500,242651580000000,0,0,0
1,2983,242651580000000,242651580077375,242651586056750,5979375,6056750,77375,242651590000000,0,0,0
1,2984,242651590000000,242651590079375,242651595540375,5461000,5540375,79375,242651600000000,0,0,0
1,2985,242651600000000,242651600077625,242651606079375,6001750,6079375,77625,242651610000000,0,0,0
1,2986,242651610000000,242651610075875,242651615496500,5420625,5496500,75875,242651620000000,0,0,0
1,2987,242651620000000,242651620064500,242651625966750,5902250,5966750,64500,242651630000000,0,0,0
1,2988,242651630000000,242651630080125,242651635561000,5480875,5561000,80125,242651640000000,0,0,0
1,2989,242651640000000,242651640082000,242651646107375,6025375,6107375,82000,242651650000000,0,0,0
1,2990,242651650000000,242651650080750,242651656093125,6012375,6093125,80750,242651660000000,0,0,0
1,2991,242651660000000,242651660078750,242651666107000,6028250,6107000,78750,242651670000000,0,0,0
1,2992,242651670000000,242651670074625,242651675503500,5428875,5503500,74625,242651680000000,0,0,0
1,2993,242651680000000,242651680079625,242651686119625,6040000,6119625,79625,242651690000000,0,0,0
1,2994,242651690000000,242651690079125,242651696136250,6057125,6136250,79125,242651700000000,0,0,0
1,2995,242651700000000,242651700077750,242651705854375,5776625,5854375,77750,242651710000000,0,0,0
1,2996,242651710000000,242651710114000,242651716147375,6033375,6147375,114000,242651720000000,0,0,0
1,2997,242651720000000,242651720080750,242651726163625,6082875,6163625,80750,242651730000000,0,0,0
1,2998,242651730000000,242651730104875,242651736151375,6046500,6151375,104875,242651740000000,0,0,0
1,2999,242651740000000,242651740080375,242651746032750,5952375,6032750,80375,242651750000000,0,0,0
1,3000,242651750000000,242651750078750,242651756108500,6029750,6108500,78750,242651760000000,0,0,0
1,3001,242651760000000,242651760077625,242651766143750,6066125,6143750,77625,242651770000000,0,0,0
1,3002,242651770000000,242651770080625,242651776208125,6127500,6208125,80625,242651780000000,0,0,0
1,3003,242651780000000,242651780062500,242651786129875,6067375,6129875,62500,242651790000000,0,0,0
1,3004,242651790000000,242651790066125,242651796143375,6077250,6143375,66125,242651800000000,0,0,0
1,3005,242651800000000,242651800079125,242651806100125,6021000,6100125,79125,242651810000000,0,0,0
1,3006,242651810000000,242651810080500,242651816167375,6086875,6167375,80500,242651820000000,0,0,0
1,3007,242651820000000,242651820078000,242651826112375,6034375,6112375,78000,242651830000000,0,0,0
1,3008,242651830000000,242651830077500,242651835402125,5324625,5402125,77500,242651840000000,0,0,0
1,3009,242651840000000,242651840063000,242651846126125,6063125,6126125,63000,242651850000000,0,0,0
1,3010,242651850000000,242651851605875,242651857419500,5813625,7419500,1605875,242651860000000,0,0,0
1,3011,242651860000000,242651860120375,242651865791500,5671125,5791500,120375,242651870000000,0,0,0
1,3012,242651870000000,242651870070750,242651875533000,5462250,5533000,70750,242651880000000,0,0,0
1,3013,242651880000000,242651880089250,242651885739625,5650375,5739625,89250,242651890000000,0,0,0
1,3014,242651890000000,242651890090250,242651895314000,5223750,5314000,90250,242651900000000,0,0,0
1,3015,242651900000000,242651903213375,242651909445625,6232250,9445625,3213375,242651910000000,0,0,0
1,3016,242651910000000,242651910101750,242651915562000,5460250,5562000,101750,242651920000000,0,0,0
1,3017,242651920000000,242651920089625,242651925607750,5518125,5607750,89625,242651930000000,0,0,0
1,3018,242651930000000,242651930063375,242651935796375,5733000,5796375,63375,242651940000000,0,0,0
1,3019,242651940000000,242651940028875,242651953398375,13369500,13398375,28875,242651950000000,1,0,0
1,3020,242651950000000,242651953685375,242651959331250,5645875,9331250,3685375,242651960000000,0,0,0
1,3021,242651960000000,242651960939375,242651968055250,7115875,8055250,939375,242651970000000,0,0,0
1,3022,242651970000000,242651970068500,242651976523375,6454875,6523375,68500,242651980000000,0,0,0
1,3023,242651980000000,242651980064375,242651986207250,6142875,6207250,64375,242651990000000,0,0,0
1,3024,242651990000000,242651990060750,242651995966125,5905375,5966125,60750,242652000000000,0,0,0
1,3025,242652000000000,242652000025375,242652005968125,5942750,5968125,25375,242652010000000,0,0,0
1,3026,242652010000000,242652010059875,242652016113625,6053750,6113625,59875,242652020000000,0,0,0
1,3027,242652020000000,242652020044500,242652026122250,6077750,6122250,44500,242652030000000,0,0,0
1,3028,242652030000000,242652030063250,242652035535000,5471750,5535000,63250,242652040000000,0,0,0
1,3029,242652040000000,242652040090125,242652046113250,6023125,6113250,90125,242652050000000,0,0,0
1,3030,242652050000000,242652050065375,242652055966750,5901375,5966750,65375,242652060000000,0,0,0
1,3031,242652060000000,242652060074000,242652066138875,6064875,6138875,74000,242652070000000,0,0,0
1,3032,242652070000000,242652070074750,242652075797250,5722500,5797250,74750,242652080000000,0,0,0
1,3033,242652080000000,242652080070875,242652085943250,5872375,5943250,70875,242652090000000,0,0,0
1,3034,242652090000000,242652090078375,242652096227375,6149000,6227375,78375,242652100000000,0,0,0
1,3035,242652100000000,242652100063750,242652106119000,6055250,6119000,63750,242652110000000,0,0,0
1,3036,242652110000000,242652110071875,242652115097125,5025250,5097125,71875,242652120000000,0,0,0
1,3037,242652120000000,242652120071500,242652125640500,5569000,5640500,71500,242652130000000,0,0,0
1,3038,242652130000000,242652130070750,242652135294625,5223875,5294625,70750,242652140000000,0,0,0
1,3039,242652140000000,242652140068875,242652145857000,5788125,5857000,68875,242652150000000,0,0,0
1,3040,242652150000000,242652150081375,242652155856375,5775000,5856375,81375,242652160000000,0,0,0
1,3041,242652160000000,242652160075500,242652165646375,5570875,5646375,75500,242652170000000,0,0,0
1,3042,242652170000000,242652170076875,242652175788250,5711375,5788250,76875,242652180000000,0,0,0
1,3043,242652180000000,242652180070000,242652185515500,5445500,5515500,70000,242652190000000,0,0,0
1,3044,242652190000000,242652190065125,242652195795875,5730750,5795875,65125,242652200000000,0,0,0
1,3045,242652200000000,242652200076000,242652205544250,5468250,5544250,76000,242652210000000,0,0,0
1,3046,242652210000000,242652210062375,242652215648625,5586250,5648625,62375,242652220000000,0,0,0
1,3047,242652220000000,242652220071875,242652225906875,5835000,5906875,71875,242652230000000,0,0,0
1,3048,242652230000000,242652230094375,242652235467250,5372875,5467250,94375,242652240000000,0,0,0
1,3049,242652240000000,242652240103750,242652245543875,5440125,5543875,103750,242652250000000,0,0,0
1,3050,242652250000000,242652250424500,242652255724375,5299875,5724375,424500,242652260000000,0,0,0
1,3051,242652260000000,242652260072125,242652266298875,6226750,6298875,72125,242652270000000,0,0,0
1,3052,242652270000000,242652270091750,242652276352875,6261125,6352875,91750,242652280000000,0,0,0
1,3053,242652280000000,242652280105750,242652285539750,5434000,5539750,105750,242652290000000,0,0,0
1,3054,242652290000000,242652290108375,242652301082500,10974125,11082500,108375,242652300000000,1,0,0
1,3055,242652300000000,242652301169625,242652307140875,5971250,7140875,1169625,242652310000000,0,0,0
1,3056,242652310000000,242652310064750,242652316199375,6134625,6199375,64750,242652320000000,0,0,0
1,3057,242652320000000,242652320068000,242652326121125,6053125,6121125,68000,242652330000000,0,0,0
1,3058,242652330000000,242652330069875,242652336150625,6080750,6150625,69875,242652340000000,0,0,0
1,3059,242652340000000,242652340067375,242652346139500,6072125,6139500,67375,242652350000000,0,0,0
1,3060,242652350000000,242652350077625,242652356302375,6224750,6302375,77625,242652360000000,0,0,0
1,3061,242652360000000,242652360068250,242652366182500,6114250,6182500,68250,242652370000000,0,0,0
1,3062,242652370000000,242652370087250,242652376251625,6164375,6251625,87250,242652380000000,0,0,0
1,3063,242652380000000,242652380083750,242652385918375,5834625,5918375,83750,242652390000000,0,0,0
1,3064,242652390000000,242652390104750,242652395669250,5564500,5669250,104750,242652400000000,0,0,0
1,3065,242652400000000,242652400091000,242652405955625,5864625,5955625,91000,242652410000000,0,0,0
1,3066,242652410000000,242652410110750,242652416307750,6197000,6307750,110750,242652420000000,0,0,0
1,3067,242652420000000,242652420086125,242652426216375,6130250,6216375,86125,242652430000000,0,0,0
1,3068,242652430000000,242652430064875,242652436277000,6212125,6277000,64875,242652440000000,0,0,0
1,3069,242652440000000,242652440064375,242652446069750,6005375,6069750,64375,242652450000000,0,0,0
1,3070,242652450000000,242652450080250,242652456171625,6091375,6171625,80250,242652460000000,0,0,0
1,3071,242652460000000,242652460082625,242652466003625,5921000,6003625,82625,242652470000000,0,0,0
1,3072,242652470000000,242652470076500,242652475667375,5590875,5667375,76500,242652480000000,0,0,0
1,3073,242652480000000,242652480096250,242652486305250,6209000,6305250,96250,242652490000000,0,0,0
1,3074,242652490000000,242652490066875,242652496255000,6188125,6255000,66875,242652500000000,0,0,0
1,3075,242652500000000,242652500119125,242652506199500,6080375,6199500,119125,242652510000000,0,0,0
1,3076,242652510000000,242652510089625,242652516162250,6072625,6162250,89625,242652520000000,0,0,0
1,3077,242652520000000,242652520105750,242652526206875,6101125,6206875,105750,242652530000000,0,0,0
1,3078,242652530000000,242652530089375,242652536227250,6137875,6227250,89375,242652540000000,0,0,0
1,3079,242652540000000,242652540078250,242652546251125,6172875,6251125,78250,242652550000000,0,0,0
1,3080,242652550000000,242652550061875,242652555580750,5518875,5580750,61875,242652560000000,0,0,0
1,3081,242652560000000,242652560085000,242652566164375,6079375,6164375,85000,242652570000000,0,0,0
1,3082,242652570000000,242652570083000,242652576185625,6102625,6185625,83000,242652580000000,0,0,0
1,3083,242652580000000,242652580084125,242652586143375,6059250,6143375,84125,242652590000000,0,0,0
1,3084,242652590000000,242652590078625,242652596197000,6118375,6197000,78625,242652600000000,0,0,0
1,3085,242652600000000,242652600085000,242652606304625,6219625,6304625,85000,242652610000000,0,0,0
1,3086,242652610000000,242652610084750,242652616279125,6194375,6279125,84750,242652620000000,0,0,0
1,3087,242652620000000,242652620084125,242652625877250,5793125,5877250,84125,242652630000000,0,0,0
1,3088,242652630000000,242652630117250,242652636286625,6169375,6286625,117250,242652640000000,0,0,0
1,3089,242652640000000,242652640067875,242652646152125,6084250,6152125,67875,242652650000000,0,0,0
1,3090,242652650000000,242652650089125,242652656314500,6225375,6314500,89125,242652660000000,0,0,0
1,3091,242652660000000,242652660061625,242652665885000,5823375,5885000,61625,242652670000000,0,0,0
1,3092,242652670000000,242652670086625,242652676253000,6166375,6253000,86625,242652680000000,0,0,0
1,3093,242652680000000,242652680084750,242652686247250,6162500,6247250,84750,242652690000000,0,0,0
1,3094,242652690000000,242652690087625,242652695649500,5561875,5649500,87625,242652700000000,0,0,0
1,3095,242652700000000,242652700088500,242652706202750,6114250,6202750,88500,242652710000000,0,0,0
1,3096,242652710000000,242652710087750,242652716234625,6146875,6234625,87750,242652720000000,0,0,0
1,3097,242652720000000,242652720085750,242652725932500,5846750,5932500,85750,242652730000000,0,0,0
1,3098,242652730000000,242652730091250,242652736261375,6170125,6261375,91250,242652740000000,0,0,0
1,3099,242652740000000,242652740084250,242652745940375,5856125,5940375,84250,242652750000000,0,0,0
1,3100,242652750000000,242652750092000,242652756351875,6259875,6351875,92000,242652760000000,0,0,0
1,3101,242652760000000,242652760085500,242652766184125,6098625,6184125,85500,242652770000000,0,0,0
1,3102,242652770000000,242652770062500,242652775583250,5520750,5583250,62500,242652780000000,0,0,0
1,3103,242652780000000,242652780105750,242652786248750,6143000,6248750,105750,242652790000000,0,0,0
1,3104,242652790000000,242652790067750,242652795584500,5516750,5584500,67750,242652800000000,0,0,0
1,3105,242652800000000,242652800095000,242652806245625,6150625,6245625,95000,242652810000000,0,0,0
1,3106,242652810000000,242652810088625,242652815447375,5358750,5447375,88625,242652820000000,0,0,0
1,3107,242652820000000,242652820101625,242652825958625,5857000,5958625,101625,242652830000000,0,0,0
1,3108,242652830000000,242652830081000,242652835633750,5552750,5633750,81000,242652840000000,0,0,0
1,3109,242652840000000,242652840071250,242652845912125,5840875,5912125,71250,242652850000000,0,0,0
1,3110,242652850000000,242652850089875,242652856322250,6232375,6322250,89875,242652860000000,0,0,0
1,3111,242652860000000,242652860091875,242652866202125,6110250,6202125,91875,242652870000000,0,0,0
1,3112,242652870000000,242652870086000,242652876263750,6177750,6263750,86000,242652880000000,0,0,0
1,3113,242652880000000,242652880062125,242652886168500,6106375,6168500,62125,242652890000000,0,0,0
1,3114,242652890000000,242652890094750,242652896135750,6041000,6135750,94750,242652900000000,0,0,0
1,3115,242652900000000,242652900060375,242652906154250,6093875,6154250,60375,242652910000000,0,0,0
1,3116,242652910000000,242652910115000,242652916214875,6099875,6214875,115000,242652920000000,0,0,0
1,3117,242652920000000,242652920088625,242652926204250,6115625,6204250,88625,242652930000000,0,0,0
1,3118,242652930000000,242652930100250,242652936343000,6242750,6343000,100250,242652940000000,0,0,0
1,3119,242652940000000,242652940087500,242652946241000,6153500,6241000,87500,242652950000000,0,0,0
1,3120,242652950000000,242652950089000,242652956198375,6109375,6198375,89000,242652960000000,0,0,0
1,3121,242652960000000,242652960085750,242652966211750,6126000,6211750,85750,242652970000000,0,0,0
1,3122,242652970000000,242652970072750,242652976200625,6127875,6200625,72750,242652980000000,0,0,0
1,3123,242652980000000,242652980084625,242652986154750,6070125,6154750,84625,242652990000000,0,0,0
1,3124,242652990000000,242652990064750,242652996274750,6210000,6274750,64750,242653000000000,0,0,0
1,3125,242653000000000,242653000065375,242653006086125,6020750,6086125,65375,242653010000000,0,0,0
1,3126,242653010000000,242653010087625,242653016356625,6269000,6356625,87625,242653020000000,0,0,0
1,3127,242653020000000,242653020076500,242653026134500,6058000,6134500,76500,242653030000000,0,0,0
1,3128,242653030000000,242653030078250,242653036245750,6167500,6245750,78250,242653040000000,0,0,0
1,3129,242653040000000,242653040080000,242653045902000,5822000,5902000,80000,242653050000000,0,0,0
1,3130,242653050000000,242653050069375,242653055587500,5518125,5587500,69375,242653060000000,0,0,0
1,3131,242653060000000,242653060112500,242653066257250,6144750,6257250,112500,242653070000000,0,0,0
1,3132,242653070000000,242653070087500,242653076208000,6120500,6208000,87500,242653080000000,0,0,0
1,3133,242653080000000,242653080083375,242653086183625,6100250,6183625,83375,242653090000000,0,0,0
1,3134,242653090000000,242653090089250,242653096211875,6122625,6211875,89250,242653100000000,0,0,0
1,3135,242653100000000,242653100078625,242653105957750,5879125,5957750,78625,242653110000000,0,0,0
1,3136,242653110000000,242653110064125,242653116177500,6113375,6177500,64125,242653120000000,0,0,0
1,3137,242653120000000,242653120067375,242653126187625,6120250,6187625,67375,242653130000000,0,0,0
1,3138,242653130000000,242653130065750,242653136135625,6069875,6135625,65750,242653140000000,0,0,0
1,3139,242653140000000,242653140088250,242653146158250,6070000,6158250,88250,242653150000000,0,0,0
1,3140,242653150000000,242653150092750,242653156127875,6035125,6127875,92750,242653160000000,0,0,0
1,3141,242653160000000,242653160086625,242653166198000,6111375,6198000,86625,242653170000000,0,0,0
1,3142,242653170000000,242653170089875,242653176156250,6066375,6156250,89875,242653180000000,0,0,0
1,3143,242653180000000,242653180086500,242653186309250,6222750,6309250,86500,242653190000000,0,0,0
1,3144,242653190000000,242653190096250,242653196240375,6144125,6240375,96250,242653200000000,0,0,0
1,3145,242653200000000,242653200067250,242653206112125,6044875,6112125,67250,242653210000000,0,0,0
1,3146,242653210000000,242653210109000,242653215676875,5567875,5676875,109000,242653220000000,0,0,0
1,3147,242653220000000,242653220062875,242653226106875,6044000,6106875,62875,242653230000000,0,0,0
1,3148,242653230000000,242653230088875,242653236198375,6109500,6198375,88875,242653240000000,0,0,0
1,3149,242653240000000,242653240082250,242653246167875,6085625,6167875,82250,242653250000000,0,0,0
1,3150,242653250000000,242653250085750,242653255681500,5595750,5681500,85750,242653260000000,0,0,0
1,3151,242653260000000,242653260084125,242653266223625,6139500,6223625,84125,242653270000000,0,0,0
1,3152,242653270000000,242653270089250,242653276216000,6126750,6216000,89250,242653280000000,0,0,0
1,3153,242653280000000,242653280075000,242653286134750,6059750,6134750,75000,242653290000000,0,0,0
1,3154,242653290000000,242653290088500,242653296180250,6091750,6180250,88500,242653300000000,0,0,0
1,3155,242653300000000,242653300082000,242653306243500,6161500,6243500,82000,242653310000000,0,0,0
1,3156,242653310000000,242653310087750,242653315659250,5571500,5659250,87750,242653320000000,0,0,0
1,3157,242653320000000,242653320112000,242653326328625,6216625,6328625,112000,242653330000000,0,0,0
1,3158,242653330000000,242653330063000,242653336164500,6101500,6164500,63000,242653340000000,0,0,0
1,3159,242653340000000,242653340080375,242653346189750,6109375,6189750,80375,242653350000000,0,0,0
1,3160,242653350000000,242653350064625,242653355613500,5548875,5613500,64625,242653360000000,0,0,0
1,3161,242653360000000,242653360090500,242653365926125,5835625,5926125,90500,242653370000000,0,0,0
1,3162,242653370000000,242653370083500,242653376191875,6108375,6191875,83500,242653380000000,0,0,0
1,3163,242653380000000,242653380068500,242653386194250,6125750,6194250,68500,242653390000000,0,0,0
1,3164,242653390000000,242653390086250,242653396281625,6195375,6281625,86250,242653400000000,0,0,0
1,3165,242653400000000,242653400084875,242653406263875,6179000,6263875,84875,242653410000000,0,0,0
1,3166,242653410000000,242653410084000,242653416295375,6211375,6295375,84000,242653420000000,0,0,0
1,3167,242653420000000,242653420066875,242653425874375,5807500,5874375,66875,242653430000000,0,0,0
1,3168,242653430000000,242653430116625,242653435705250,5588625,5705250,116625,242653440000000,0,0,0
1,3169,242653440000000,242653440064875,242653446297000,6232125,6297000,64875,242653450000000,0,0,0
1,3170,242653450000000,242653450111250,242653455839750,5728500,5839750,111250,242653460000000,0,0,0
1,3171,242653460000000,242653460519000,242653467656750,7137750,7656750,519000,242653470000000,0,0,0
1,3172,242653470000000,242653470175250,242653476207750,6032500,6207750,175250,242653480000000,0,0,0
1,3173,242653480000000,242653480342250,242653489244125,8901875,9244125,342250,242653490000000,0,0,0
1,3174,242653490000000,242653490076500,242653497791375,7714875,7791375,76500,242653500000000,0,0,0
1,3175,242653500000000,242653500535875,242653506555500,6019625,6555500,535875,242653510000000,0,0,0
1,3176,242653510000000,242653510085750,242653518949875,8864125,8949875,85750,242653520000000,0,0,0
1,3177,242653520000000,242653520241500,242653527003375,6761875,7003375,241500,242653530000000,0,0,0
1,3178,242653530000000,242653530067750,242653536243125,6175375,6243125,67750,242653540000000,0,0,0
1,3179,242653540000000,242653540077125,242653546059250,5982125,6059250,77125,242653550000000,0,0,0
1,3180,242653550000000,242653550074875,242653555854750,5779875,5854750,74875,242653560000000,0,0,0
1,3181,242653560000000,242653560074125,242653566032625,5958500,6032625,74125,242653570000000,0,0,0
1,3182,242653570000000,242653570087625,242653575583000,5495375,5583000,87625,242653580000000,0,0,0
1,3183,242653580000000,242653580102125,242653586186500,6084375,6186500,102125,242653590000000,0,0,0
1,3184,242653590000000,242653590088750,242653596173250,6084500,6173250,88750,242653600000000,0,0,0
1,3185,242653600000000,242653600084250,242653606103750,6019500,6103750,84250,242653610000000,0,0,0
1,3186,242653610000000,242653610087250,242653615621125,5533875,5621125,87250,242653620000000,0,0,0
1,3187,242653620000000,242653620089000,242653626130000,6041000,6130000,89000,242653630000000,0,0,0
1,3188,242653630000000,242653630086750,242653636276000,6189250,6276000,86750,242653640000000,0,0,0
1,3189,242653640000000,242653640077250,242653646119875,6042625,6119875,77250,242653650000000,0,0,0
1,3190,242653650000000,242653650108125,242653656275625,6167500,6275625,108125,242653660000000,0,0,0
1,3191,242653660000000,242653660090750,242653666049625,5958875,6049625,90750,242653670000000,0,0,0
1,3192,242653670000000,242653670123000,242653676157000,6034000,6157000,123000,242653680000000,0,0,0
1,3193,242653680000000,242653680087250,242653686182375,6095125,6182375,87250,242653690000000,0,0,0
1,3194,242653690000000,242653690108875,242653696149875,6041000,6149875,108875,242653700000000,0,0,0
1,3195,242653700000000,242653700086500,242653706098250,6011750,6098250,86500,242653710000000,0,0,0
1,3196,242653710000000,242653710089750,242653716223125,6133375,6223125,89750,242653720000000,0,0,0
1,3197,242653720000000,242653720084875,242653725871375,5786500,5871375,84875,242653730000000,0,0,0
1,3198,242653730000000,242653730088125,242653735687125,5599000,5687125,88125,242653740000000,0,0,0
1,3199,242653740000000,242653740090500,242653746183250,6092750,6183250,90500,242653750000000,0,0,0
1,3200,242653750000000,242653750088500,242653756152875,6064375,6152875,88500,242653760000000,0,0,0
1,3201,242653760000000,242653760085375,242653766078000,5992625,6078000,85375,242653770000000,0,0,0
1,3202,242653770000000,242653770077625,242653775589750,5512125,5589750,77625,242653780000000,0,0,0
1,3203,242653780000000,242653780114750,242653786154000,6039250,6154000,114750,242653790000000,0,0,0
1,3204,242653790000000,242653790085500,242653796154125,6068625,6154125,85500,242653800000000,0,0,0
1,3205,242653800000000,242653800083750,242653806103500,6019750,6103500,83750,242653810000000,0,0,0
1,3206,242653810000000,242653810083875,242653815576500,5492625,5576500,83875,242653820000000,0,0,0
1,3207,242653820000000,242653820093875,242653826140375,6046500,6140375,93875,242653830000000,0,0,0
1,3208,242653830000000,242653830085625,242653836109375,6023750,6109375,85625,242653840000000,0,0,0
1,3209,242653840000000,242653840083750,242653846030250,5946500,6030250,83750,242653850000000,0,0,0
1,3210,242653850000000,242653850077250,242653856120625,6043375,6120625,77250,242653860000000,0,0,0
1,3211,242653860000000,242653860083125,242653866107750,6024625,6107750,83125,242653870000000,0,0,0
1,3212,242653870000000,242653870084875,242653876128875,6044000,6128875,84875,242653880000000,0,0,0
1,3213,242653880000000,242653880084000,242653885853125,5769125,5853125,84000,242653890000000,0,0,0
1,3214,242653890000000,242653890112375,242653895651875,5539500,5651875,112375,242653900000000,0,0,0
1,3215,242653900000000,242653900088250,242653906111750,6023500,6111750,88250,242653910000000,0,0,0
1,3216,242653910000000,242653910101125,242653916113750,6012625,6113750,101125,242653920000000,0,0,0
1,3217,242653920000000,242653920085250,242653926290750,6205500,6290750,85250,242653930000000,0,0,0
1,3218,242653930000000,242653930085625,242653936233000,6147375,6233000,85625,242653940000000,0,0,0
1,3219,242653940000000,242653940084125,242653946126000,6041875,6126000,84125,242653950000000,0,0,0
1,3220,242653950000000,242653950087625,242653956267875,6180250,6267875,87625,242653960000000,0,0,0
1,3221,242653960000000,242653960066500,242653965996500,5930000,5996500,66500,242653970000000,0,0,0
1,3222,242653970000000,242653970061500,242653975545125,5483625,5545125,61500,242653980000000,0,0,0
1,3223,242653980000000,242653980087125,242653986226375,6139250,6226375,87125,242653990000000,0,0,0
1,3224,242653990000000,242653990074125,242653995873875,5799750,5873875,74125,242654000000000,0,0,0
1,3225,242654000000000,242654000111000,242654005872625,5761625,5872625,111000,242654010000000,0,0,0
1,3226,242654010000000,242654010087375,242654016197000,6109625,6197000,87375,242654020000000,0,0,0
1,3227,242654020000000,242654020084250,242654026112875,6028625,6112875,84250,242654030000000,0,0,0
1,3228,242654030000000,242654030085375,242654036109750,6024375,6109750,85375,242654040000000,0,0,0
1,3229,242654040000000,242654040085625,242654046070500,5984875,6070500,85625,242654050000000,0,0,0
1,3230,242654050000000,242654050084375,242654056117500,6033125,6117500,84375,242654060000000,0,0,0
1,3231,242654060000000,242654060085750,242654066187875,6102125,6187875,85750,242654070000000,0,0,0
1,3232,242654070000000,242654070082875,242654076165625,6082750,6165625,82875,242654080000000,0,0,0
1,3233,242654080000000,242654080091000,242654086033500,5942500,6033500,91000,242654090000000,0,0,0
1,3234,242654090000000,242654090116750,242654096157125,6040375,6157125,116750,242654100000000,0,0,0
1,3235,242654100000000,242654100083875,242654105876750,5792875,5876750,83875,242654110000000,0,0,0
1,3236,242654110000000,242654110088750,242654116312500,6223750,6312500,88750,242654120000000,0,0,0
1,3237,242654120000000,242654120083000,242654126134625,6051625,6134625,83000,242654130000000,0,0,0
1,3238,242654130000000,242654130088500,242654136230250,6141750,6230250,88500,242654140000000,0,0,0
1,3239,242654140000000,242654140084000,242654145420125,5336125,5420125,84000,242654150000000,0,0,0
1,3240,242654150000000,242654150084000,242654155873375,5789375,5873375,84000,242654160000000,0,0,0
1,3241,242654160000000,242654160110500,242654166130750,6020250,6130750,110500,242654170000000,0,0,0
1,3242,242654170000000,242654170088750,242654176162250,6073500,6162250,88750,242654180000000,0,0,0
1,3243,242654180000000,242654180084000,242654186102250,6018250,6102250,84000,242654190000000,0,0,0
1,3244,242654190000000,242654190086125,242654196173125,6087000,6173125,86125,242654200000000,0,0,0
1,3245,242654200000000,242654200082750,242654206027875,5945125,6027875,82750,242654210000000,0,0,0
1,3246,242654210000000,242654210083375,242654215367625,5284250,5367625,83375,242654220000000,0,0,0
1,3247,242654220000000,242654220088125,242654225911000,5822875,5911000,88125,242654230000000,0,0,0
1,3248,242654230000000,242654230112500,242654235660375,5547875,5660375,112500,242654240000000,0,0,0
1,3249,242654240000000,242654240064875,242654246082750,6017875,6082750,64875,242654250000000,0,0,0
1,3250,242654250000000,242654250088125,242654256173750,6085625,6173750,88125,242654260000000,0,0,0
1,3251,242654260000000,242654260083000,242654265880125,5797125,5880125,83000,242654270000000,0,0,0
1,3252,242654270000000,242654270085625,242654276190875,6105250,6190875,85625,242654280000000,0,0,0
1,3253,242654280000000,242654280082000,242654286177875,6095875,6177875,82000,242654290000000,0,0,0
1,3254,242654290000000,242654290087875,242654296143250,6055375,6143250,87875,242654300000000,0,0,0
1,3255,242654300000000,242654300080375,242654306034500,5954125,6034500,80375,242654310000000,0,0,0
1,3256,242654310000000,242654310086250,242654315567750,5481500,5567750,86250,242654320000000,0,0,0
1,3257,242654320000000,242654320104125,242654326150625,6046500,6150625,104125,242654330000000,0,0,0
1,3258,242654330000000,242654330086625,242654336105375,6018750,6105375,86625,242654340000000,0,0,0
1,3259,242654340000000,242654340085000,242654345838500,5753500,5838500,85000,242654350000000,0,0,0
1,3260,242654350000000,242654350086125,242654355628500,5542375,5628500,86125,242654360000000,0,0,0
1,3261,242654360000000,242654360089625,242654366160875,6071250,6160875,89625,242654370000000,0,0,0
1,3262,242654370000000,242654370085125,242654375911875,5826750,5911875,85125,242654380000000,0,0,0
1,3263,242654380000000,242654380087750,242654386118000,6030250,6118000,87750,242654390000000,0,0,0
1,3264,242654390000000,242654390077375,242654396075375,5998000,6075375,77375,242654400000000,0,0,0
1,3265,242654400000000,242654400070750,242654406069750,5999000,6069750,70750,242654410000000,0,0,0
1,3266,242654410000000,242654410107000,242654416111500,6004500,6111500,107000,242654420000000,0,0,0
1,3267,242654420000000,242654420084625,242654425381875,5297250,5381875,84625,242654430000000,0,0,0
1,3268,242654430000000,242654430085375,242654436223250,6137875,6223250,85375,242654440000000,0,0,0
1,3269,242654440000000,242654440082750,242654446063250,5980500,6063250,82750,242654450000000,0,0,0
1,3270,242654450000000,242654450086250,242654456173500,6087250,6173500,86250,242654460000000,0,0,0
1,3271,242654460000000,242654460082875,242654466067250,5984375,6067250,82875,242654470000000,0,0,0
1,3272,242654470000000,242654470087750,242654476107125,6019375,6107125,87750,242654480000000,0,0,0
1,3273,242654480000000,242654480083125,242654486078125,5995000,6078125,83125,242654490000000,0,0,0
1,3274,242654490000000,242654490093875,242654496202750,6108875,6202750,93875,242654500000000,0,0,0
1,3275,242654500000000,242654500086250,242654505923250,5837000,5923250,86250,242654510000000,0,0,0
1,3276,242654510000000,242654510092750,242654516186375,6093625,6186375,92750,242654520000000,0,0,0
1,3277,242654520000000,242654520082750,242654526207875,6125125,6207875,82750,242654530000000,0,0,0
1,3278,242654530000000,242654530087750,242654535612750,5525000,5612750,87750,242654540000000,0,0,0
1,3279,242654540000000,242654540103625,242654546168750,6065125,6168750,103625,242654550000000,0,0,0
1,3280,242654550000000,242654550088500,242654556139500,6051000,6139500,88500,242654560000000,0,0,0
1,3281,242654560000000,242654560085125,242654566142375,6057250,6142375,85125,242654570000000,0,0,0
1,3282,242654570000000,242654570085250,242654576122500,6037250,6122500,85250,242654580000000,0,0,0
1,3283,242654580000000,242654580084750,242654586141500,6056750,6141500,84750,242654590000000,0,0,0
1,3284,242654590000000,242654590088375,242654595602750,5514375,5602750,88375,242654600000000,0,0,0
1,3285,242654600000000,242654600083250,242654606131125,6047875,6131125,83250,242654610000000,0,0,0
1,3286,242654610000000,242654610079250,242654615598875,5519625,5598875,79250,242654620000000,0,0,0
1,3287,242654620000000,242654620088375,242654626143500,6055125,6143500,88375,242654630000000,0,0,0
1,3288,242654630000000,242654630074625,242654636086625,6012000,6086625,74625,242654640000000,0,0,0
1,3289,242654640000000,242654640085500,242654645874875,5789375,5874875,85500,242654650000000,0,0,0
1,3290,242654650000000,242654650101250,242654656180000,6078750,6180000,101250,242654660000000,0,0,0
1,3291,242654660000000,242654660085125,242654666106000,6020875,6106000,85125,242654670000000,0,0,0
1,3292,242654670000000,242654670086250,242654676174875,6088625,6174875,86250,242654680000000,0,0,0
1,3293,242654680000000,242654680066000,242654686018750,5952750,6018750,66000,242654690000000,0,0,0
1,3294,242654690000000,242654690087750,242654696322875,6235125,6322875,87750,242654700000000,0,0,0
1,3295,242654700000000,242654700084375,242654706103625,6019250,6103625,84375,242654710000000,0,0,0
1,3296,242654710000000,242654710089500,242654716185875,6096375,6185875,89500,242654720000000,0,0,0
1,3297,242654720000000,242654720108125,242654726087750,5979625,6087750,108125,242654730000000,0,0,0
1,3298,242654730000000,242654730089250,242654736161125,6071875,6161125,89250,242654740000000,0,0,0
1,3299,242654740000000,242654740117375,242654746067500,5950125,6067500,117375,242654750000000,0,0,0
1,3300,242654750000000,242654750086125,242654756108625,6022500,6108625,86125,242654760000000,0,0,0
1,3301,242654760000000,242654760085375,242654766230250,6144875,6230250,85375,242654770000000,0,0,0
1,3302,242654770000000,242654770076750,242654776151000,6074250,6151000,76750,242654780000000,0,0,0
1,3303,242654780000000,242654780083750,242654786189875,6106125,6189875,83750,242654790000000,0,0,0
1,3304,242654790000000,242654790084750,242654796149375,6064625,6149375,84750,242654800000000,0,0,0
1,3305,242654800000000,242654800085250,242654806076000,5990750,6076000,85250,242654810000000,0,0,0
1,3306,242654810000000,242654810113375,242654816218250,6104875,6218250,113375,242654820000000,0,0,0
1,3307,242654820000000,242654820086500,242654826066000,5979500,6066000,86500,242654830000000,0,0,0
1,3308,242654830000000,242654830117500,242654836219125,6101625,6219125,117500,242654840000000,0,0,0
1,3309,242654840000000,242654840084375,242654846100875,6016500,6100875,84375,242654850000000,0,0,0
1,3310,242654850000000,242654850088875,242654856229750,6140875,6229750,88875,242654860000000,0,0,0
1,3311,242654860000000,242654860084625,242654866063250,5978625,6063250,84625,242654870000000,0,0,0
1,3312,242654870000000,242654870088625,242654876196750,6108125,6196750,88625,242654880000000,0,0,0
1,3313,242654880000000,242654880083000,242654886092125,6009125,6092125,83000,242654890000000,0,0,0
1,3314,242654890000000,242654890087875,242654896121250,6033375,6121250,87875,242654900000000,0,0,0
1,3315,242654900000000,242654900089875,242654906074000,5984125,6074000,89875,242654910000000,0,0,0
1,3316,242654910000000,242654910086125,242654916171250,6085125,6171250,86125,242654920000000,0,0,0
1,3317,242654920000000,242654920083250,242654926105125,6021875,6105125,83250,242654930000000,0,0,0
1,3318,242654930000000,242654930086625,242654936090375,6003750,6090375,86625,242654940000000,0,0,0
1,3319,242654940000000,242654940106750,242654946155875,6049125,6155875,106750,242654950000000,0,0,0
1,3320,242654950000000,242654950089375,242654956256000,6166625,6256000,89375,242654960000000,0,0,0
1,3321,242654960000000,242654960114875,242654966140000,6025125,6140000,114875,242654970000000,0,0,0
1,3322,242654970000000,242654970089250,242654976176375,6087125,6176375,89250,242654980000000,0,0,0
1,3323,242654980000000,242654980086125,242654985652125,5566000,5652125,86125,242654990000000,0,0,0
1,3324,242654990000000,242654990085375,242654996120750,6035375,6120750,85375,242655000000000,0,0,0
1,3325,242655000000000,242655000085375,242655006149250,6063875,6149250,85375,242655010000000,0,0,0
1,3326,242655010000000,242655010074500,242655016248500,6174000,6248500,74500,242655020000000,0,0,0
1,3327,242655020000000,242655020083875,242655026214625,6130750,6214625,83875,242655030000000,0,0,0
1,3328,242655030000000,242655030076125,242655035928500,5852375,5928500,76125,242655040000000,0,0,0
1,3329,242655040000000,242655040086500,242655045854875,5768375,5854875,86500,242655050000000,0,0,0
1,3330,242655050000000,242655050113000,242655055622500,5509500,5622500,113000,242655060000000,0,0,0
1,3331,242655060000000,242655060087500,242655066142875,6055375,6142875,87500,242655070000000,0,0,0
1,3332,242655070000000,242655070086750,242655075632250,5545500,5632250,86750,242655080000000,0,0,0
1,3333,242655080000000,242655080090000,242655086149250,6059250,6149250,90000,242655090000000,0,0,0
1,3334,242655090000000,242655090089625,242655095434750,5345125,5434750,89625,242655100000000,0,0,0
1,3335,242655100000000,242655100087375,242655106089000,6001625,6089000,87375,242655110000000,0,0,0
1,3336,242655110000000,242655110088250,242655116210375,6122125,6210375,88250,242655120000000,0,0,0
1,3337,242655120000000,242655120078250,242655126106125,6027875,6106125,78250,242655130000000,0,0,0
1,3338,242655130000000,242655130087500,242655136187500,6100000,6187500,87500,242655140000000,0,0,0
1,3339,242655140000000,242655140084000,242655145838875,5754875,5838875,84000,242655150000000,0,0,0
1,3340,242655150000000,242655150089000,242655155636000,5547000,5636000,89000,242655160000000,0,0,0
1,3341,242655160000000,242655160116375,242655166175500,6059125,6175500,116375,242655170000000,0,0,0
1,3342,242655170000000,242655170086250,242655176226625,6140375,6226625,86250,242655180000000,0,0,0
1,3343,242655180000000,242655180083500,242655186244375,6160875,6244375,83500,242655190000000,0,0,0
1,3344,242655190000000,242655190088750,242655196129250,6040500,6129250,88750,242655200000000,0,0,0
1,3345,242655200000000,242655200081500,242655206144250,6062750,6144250,81500,242655210000000,0,0,0
1,3346,242655210000000,242655210084750,242655215574000,5489250,5574000,84750,242655220000000,0,0,0
1,3347,242655220000000,242655220084375,242655226194750,6110375,6194750,84375,242655230000000,0,0,0
1,3348,242655230000000,242655230076750,242655236139750,6063000,6139750,76750,242655240000000,0,0,0
1,3349,242655240000000,242655240084625,242655246129625,6045000,6129625,84625,242655250000000,0,0,0
1,3350,242655250000000,242655250100625,242655256135875,6035250,6135875,100625,242655260000000,0,0,0
1,3351,242655260000000,242655260076375,242655266085125,6008750,6085125,76375,242655270000000,0,0,0
1,3352,242655270000000,242655270085750,242655276170125,6084375,6170125,85750,242655280000000,0,0,0
1,3353,242655280000000,242655280083875,242655286102000,6018125,6102000,83875,242655290000000,0,0,0
1,3354,242655290000000,242655290083750,242655296143875,6060125,6143875,83750,242655300000000,0,0,0
1,3355,242655300000000,242655300083625,242655306151375,6067750,6151375,83625,242655310000000,0,0,0
1,3356,242655310000000,242655310086500,242655316192250,6105750,6192250,86500,242655320000000,0,0,0
1,3357,242655320000000,242655320089000,242655326055375,5966375,6055375,89000,242655330000000,0,0,0
1,3358,242655330000000,242655330085750,242655336154875,6069125,6154875,85750,242655340000000,0,0,0
1,3359,242655340000000,242655340083875,242655346118375,6034500,6118375,83875,242655350000000,0,0,0
1,3360,242655350000000,242655350086375,242655356278750,6192375,6278750,86375,242655360000000,0,0,0
1,3361,242655360000000,242655360082625,242655366091375,6008750,6091375,82625,242655370000000,0,0,0
1,3362,242655370000000,242655370088625,242655376172125,6083500,6172125,88625,242655380000000,0,0,0
1,3363,242655380000000,242655380083500,242655386081625,5998125,6081625,83500,242655390000000,0,0,0
1,3364,242655390000000,242655390086125,242655396175875,6089750,6175875,86125,242655400000000,0,0,0
1,3365,242655400000000,242655400084125,242655406124125,6040000,6124125,84125,242655410000000,0,0,0
1,3366,242655410000000,242655410087625,242655416133375,6045750,6133375,87625,242655420000000,0,0,0
1,3367,242655420000000,242655420069250,242655426111625,6042375,6111625,69250,242655430000000,0,0,0
1,3368,242655430000000,242655430088625,242655436128125,6039500,6128125,88625,242655440000000,0,0,0
1,3369,242655440000000,242655440112125,242655446222750,6110625,6222750,112125,242655450000000,0,0,0
1,3370,242655450000000,242655450086125,242655456102875,6016750,6102875,86125,242655460000000,0,0,0
1,3371,242655460000000,242655460084750,242655466100750,6016000,6100750,84750,242655470000000,0,0,0
1,3372,242655470000000,242655470085500,242655476106375,6020875,6106375,85500,242655480000000,0,0,0
1,3373,242655480000000,242655480086250,242655486120250,6034000,6120250,86250,242655490000000,0,0,0
1,3374,242655490000000,242655490087500,242655496132750,6045250,6132750,87500,242655500000000,0,0,0
1,3375,242655500000000,242655500085375,242655506202875,6117500,6202875,85375,242655510000000,0,0,0
1,3376,242655510000000,242655510086250,242655516233125,6146875,6233125,86250,242655520000000,0,0,0
1,3377,242655520000000,242655520084625,242655525890125,5805500,5890125,84625,242655530000000,0,0,0
1,3378,242655530000000,242655530115625,242655536297500,6181875,6297500,115625,242655540000000,0,0,0
1,3379,242655540000000,242655540083000,242655546050750,5967750,6050750,83000,242655550000000,0,0,0
1,3380,242655550000000,242655550078875,242655556079875,6001000,6079875,78875,242655560000000,0,0,0
1,3381,242655560000000,242655560081500,242655566045500,5964000,6045500,81500,242655570000000,0,0,0
1,3382,242655570000000,242655570088250,242655575978625,5890375,5978625,88250,242655580000000,0,0,0
1,3383,242655580000000,242655580082000,242655586156875,6074875,6156875,82000,242655590000000,0,0,0
1,3384,242655590000000,242655590086125,242655596145750,6059625,6145750,86125,242655600000000,0,0,0
1,3385,242655600000000,242655600083375,242655605435125,5351750,5435125,83375,242655610000000,0,0,0
1,3386,242655610000000,242655610083875,242655615635125,5551250,5635125,83875,242655620000000,0,0,0
1,3387,242655620000000,242655620104250,242655626097625,5993375,6097625,104250,242655630000000,0,0,0
1,3388,242655630000000,242655630087500,242655636179500,6092000,6179500,87500,242655640000000,0,0,0
1,3389,242655640000000,242655640083500,242655646095500,6012000,6095500,83500,242655650000000,0,0,0
1,3390,242655650000000,242655650085750,242655656200625,6114875,6200625,85750,242655660000000,0,0,0
1,3391,242655660000000,242655660084250,242655666108875,6024625,6108875,84250,242655670000000,0,0,0
1,3392,242655670000000,242655670087000,242655676152875,6065875,6152875,87000,242655680000000,0,0,0
1,3393,242655680000000,242655680086250,242655686251625,6165375,6251625,86250,242655690000000,0,0,0
1,3394,242655690000000,242655690088750,242655696131250,6042500,6131250,88750,242655700000000,0,0,0
1,3395,242655700000000,242655700087375,242655706275500,6188125,6275500,87375,242655710000000,0,0,0
1,3396,242655710000000,242655710089625,242655716232500,6142875,6232500,89625,242655720000000,0,0,0
1,3397,242655720000000,242655720086000,242655726085375,5999375,6085375,86000,242655730000000,0,0,0
1,3398,242655730000000,242655730119500,242655736246250,6126750,6246250,119500,242655740000000,0,0,0
1,3399,242655740000000,242655740086250,242655746095500,6009250,6095500,86250,242655750000000,0,0,0
1,3400,242655750000000,242655750088500,242655756190875,6102375,6190875,88500,242655760000000,0,0,0
1,3401,242655760000000,242655760084125,242655766103125,6019000,6103125,84125,242655770000000,0,0,0
1,3402,242655770000000,242655770080125,242655775598125,5518000,5598125,80125,242655780000000,0,0,0
1,3403,242655780000000,242655780085125,242655786126625,6041500,6126625,85125,242655790000000,0,0,0
1,3404,242655790000000,242655790088625,242655796239875,6151250,6239875,88625,242655800000000,0,0,0
1,3405,242655800000000,242655800077000,242655805910875,5833875,5910875,77000,242655810000000,0,0,0
1,3406,242655810000000,242655810089750,242655815620125,5530375,5620125,89750,242655820000000,0,0,0
1,3407,242655820000000,242655820107375,242655825917375,5810000,5917375,107375,242655830000000,0,0,0
1,3408,242655830000000,242655830088375,242655836190500,6102125,6190500,88375,242655840000000,0,0,0
1,3409,242655840000000,242655840066000,242655846104750,6038750,6104750,66000,242655850000000,0,0,0
1,3410,242655850000000,242655850082375,242655855622250,5539875,5622250,82375,242655860000000,0,0,0
1,3411,242655860000000,242655860089625,242655866160625,6071000,6160625,89625,242655870000000,0,0,0
1,3412,242655870000000,242655870088000,242655876209250,6121250,6209250,88000,242655880000000,0,0,0
1,3413,242655880000000,242655880085125,242655886110375,6025250,6110375,85125,242655890000000,0,0,0
1,3414,242655890000000,242655890078000,242655896138250,6060250,6138250,78000,242655900000000,0,0,0
1,3415,242655900000000,242655900084750,242655906256750,6172000,6256750,84750,242655910000000,0,0,0
1,3416,242655910000000,242655910084250,242655916132750,6048500,6132750,84250,242655920000000,0,0,0
1,3417,242655920000000,242655920083250,242655926037750,5954500,6037750,83250,242655930000000,0,0,0
1,3418,242655930000000,242655930113500,242655935662875,5549375,5662875,113500,242655940000000,0,0,0
1,3419,242655940000000,242655940087875,242655945886750,5798875,5886750,87875,242655950000000,0,0,0
1,3420,242655950000000,242655950103625,242655956237750,6134125,6237750,103625,242655960000000,0,0,0
1,3421,242655960000000,242655960087000,242655965620500,5533500,5620500,87000,242655970000000,0,0,0
1,3422,242655970000000,242655970083500,242655975617500,5534000,5617500,83500,242655980000000,0,0,0
1,3423,242655980000000,242655980090750,242655986127625,6036875,6127625,90750,242655990000000,0,0,0
1,3424,242655990000000,242655990088125,242655995619750,5531625,5619750,88125,242656000000000,0,0,0
1,3425,242656000000000,242656000082625,242656006201250,6118625,6201250,82625,242656010000000,0,0,0
1,3426,242656010000000,242656010084250,242656016185000,6100750,6185000,84250,242656020000000,0,0,0
1,3427,242656020000000,242656020075625,242656026052000,5976375,6052000,75625,242656030000000,0,0,0
1,3428,242656030000000,242656030077250,242656036222750,6145500,6222750,77250,242656040000000,0,0,0
1,3429,242656040000000,242656040101500,242656046271250,6169750,6271250,101500,242656050000000,0,0,0
1,3430,242656050000000,242656050087500,242656056234625,6147125,6234625,87500,242656060000000,0,0,0
1,3431,242656060000000,242656060082750,242656065890625,5807875,5890625,82750,242656070000000,0,0,0
1,3432,242656070000000,242656070087250,242656075635750,5548500,5635750,87250,242656080000000,0,0,0
1,3433,242656080000000,242656080089375,242656086124250,6034875,6124250,89375,242656090000000,0,0,0
1,3434,242656090000000,242656090086625,242656096121500,6034875,6121500,86625,242656100000000,0,0,0
1,3435,242656100000000,242656100086500,242656106107500,6021000,6107500,86500,242656110000000,0,0,0
1,3436,242656110000000,242656110114625,242656115908750,5794125,5908750,114625,242656120000000,0,0,0
1,3437,242656120000000,242656120086750,242656126087750,6001000,6087750,86750,242656130000000,0,0,0
1,3438,242656130000000,242656130116625,242656136198125,6081500,6198125,116625,242656140000000,0,0,0
1,3439,242656140000000,242656140089875,242656146217500,6127625,6217500,89875,242656150000000,0,0,0
1,3440,242656150000000,242656150086875,242656156125375,6038500,6125375,86875,242656160000000,0,0,0
1,3441,242656160000000,242656160085250,242656166112375,6027125,6112375,85250,242656170000000,0,0,0
1,3442,242656170000000,242656170090500,242656176187375,6096875,6187375,90500,242656180000000,0,0,0
1,3443,242656180000000,242656180084000,242656186081125,5997125,6081125,84000,242656190000000,0,0,0
1,3444,242656190000000,242656190086875,242656196098375,6011500,6098375,86875,242656200000000,0,0,0
1,3445,242656200000000,242656200107875,242656206125375,6017500,6125375,107875,242656210000000,0,0,0
1,3446,242656210000000,242656210087625,242656216234750,6147125,6234750,87625,242656220000000,0,0,0
1,3447,242656220000000,242656220124875,242656225796500,5671625,5796500,124875,242656230000000,0,0,0
1,3448,242656230000000,242656230078250,242656236155000,6076750,6155000,78250,242656240000000,0,0,0
1,3449,242656240000000,242656240075750,242656246111375,6035625,6111375,75750,242656250000000,0,0,0
1,3450,242656250000000,242656250078500,242656256084625,6006125,6084625,78500,242656260000000,0,0,0
1,3451,242656260000000,242656260070000,242656266035625,5965625,6035625,70000,242656270000000,0,0,0
1,3452,242656270000000,242656270086625,242656275997625,5911000,5997625,86625,242656280000000,0,0,0
1,3453,242656280000000,242656280085000,242656286103500,6018500,6103500,85000,242656290000000,0,0,0
1,3454,242656290000000,242656290076000,242656295563750,5487750,5563750,76000,242656300000000,0,0,0
1,3455,242656300000000,242656300089250,242656306111375,6022125,6111375,89250,242656310000000,0,0,0
1,3456,242656310000000,242656310074625,242656316134750,6060125,6134750,74625,242656320000000,0,0,0
1,3457,242656320000000,242656320084125,242656326130875,6046750,6130875,84125,242656330000000,0,0,0
1,3458,242656330000000,242656330074750,242656336127375,6052625,6127375,74750,242656340000000,0,0,0
1,3459,242656340000000,242656340084250,242656345863500,5779250,5863500,84250,242656350000000,0,0,0
1,3460,242656350000000,242656350097375,242656356162375,6065000,6162375,97375,242656360000000,0,0,0
1,3461,242656360000000,242656360086750,242656366120125,6033375,6120125,86750,242656370000000,0,0,0
1,3462,242656370000000,242656370108500,242656376133625,6025125,6133625,108500,242656380000000,0,0,0
1,3463,242656380000000,242656380085750,242656386236750,6151000,6236750,85750,242656390000000,0,0,0
1,3464,242656390000000,242656390087000,242656396104250,6017250,6104250,87000,242656400000000,0,0,0
1,3465,242656400000000,242656400085125,242656406088500,6003375,6088500,85125,242656410000000,0,0,0
1,3466,242656410000000,242656410087000,242656416183000,6096000,6183000,87000,242656420000000,0,0,0
1,3467,242656420000000,242656420084125,242656425914250,5830125,5914250,84125,242656430000000,0,0,0
1,3468,242656430000000,242656430090250,242656436215875,6125625,6215875,90250,242656440000000,0,0,0
1,3469,242656440000000,242656440068625,242656445599625,5531000,5599625,68625,242656450000000,0,0,0
1,3470,242656450000000,242656450084125,242656456130000,6045875,6130000,84125,242656460000000,0,0,0
1,3471,242656460000000,242656460110125,242656466114500,6004375,6114500,110125,242656470000000,0,0,0
1,3472,242656470000000,242656470092125,242656476105000,6012875,6105000,92125,242656480000000,0,0,0
1,3473,242656480000000,242656480084000,242656486073375,5989375,6073375,84000,242656490000000,0,0,0
1,3474,242656490000000,242656490087625,242656496160125,6072500,6160125,87625,242656500000000,0,0,0
1,3475,242656500000000,242656500082875,242656505912500,5829625,5912500,82875,242656510000000,0,0,0
1,3476,242656510000000,242656510067500,242656516160250,6092750,6160250,67500,242656520000000,0,0,0
1,3477,242656520000000,242656520101125,242656526069000,5967875,6069000,101125,242656530000000,0,0,0
1,3478,242656530000000,242656530087750,242656536143250,6055500,6143250,87750,242656540000000,0,0,0
1,3479,242656540000000,242656540088000,242656546194000,6106000,6194000,88000,242656550000000,0,0,0
1,3480,242656550000000,242656550085500,242656556148125,6062625,6148125,85500,242656560000000,0,0,0
1,3481,242656560000000,242656560090125,242656566039875,5949750,6039875,90125,242656570000000,0,0,0
1,3482,242656570000000,242656570114875,242656576252125,6137250,6252125,114875,242656580000000,0,0,0
1,3483,242656580000000,242656580085875,242656586137500,6051625,6137500,85875,242656590000000,0,0,0
1,3484,242656590000000,242656590119625,242656595988125,5868500,5988125,119625,242656600000000,0,0,0
1,3485,242656600000000,242656600083125,242656606100750,6017625,6100750,83125,242656610000000,0,0,0
1,3486,242656610000000,242656610085375,242656616149500,6064125,6149500,85375,242656620000000,0,0,0
1,3487,242656620000000,242656620081750,242656626076750,5995000,6076750,81750,242656630000000,0,0,0
1,3488,242656630000000,242656630088750,242656635620250,5531500,5620250,88750,242656640000000,0,0,0
1,3489,242656640000000,242656640079375,242656646054875,5975500,6054875,79375,242656650000000,0,0,0
1,3490,242656650000000,242656650087500,242656656202875,6115375,6202875,87500,242656660000000,0,0,0
1,3491,242656660000000,242656660075250,242656665856125,5780875,5856125,75250,242656670000000,0,0,0
1,3492,242656670000000,242656670085375,242656676198250,6112875,6198250,85375,242656680000000,0,0,0
1,3493,242656680000000,242656680075375,242656686041625,5966250,6041625,75375,242656690000000,0,0,0
1,3494,242656690000000,242656690085750,242656696128875,6043125,6128875,85750,242656700000000,0,0,0
1,3495,242656700000000,242656700112875,242656706092750,5979875,6092750,112875,242656710000000,0,0,0
1,3496,242656710000000,242656710087625,242656716071250,5983625,6071250,87625,242656720000000,0,0,0
1,3497,242656720000000,242656720084625,242656726110250,6025625,6110250,84625,242656730000000,0,0,0
1,3498,242656730000000,242656730087000,242656736115250,6028250,6115250,87000,242656740000000,0,0,0
1,3499,242656740000000,242656740062625,242656746032250,5969625,6032250,62625,242656750000000,0,0,0
1,3500,242656750000000,242656750086875,242656756121875,6035000,6121875,86875,242656760000000,0,0,0
1,3501,242656760000000,242656760085750,242656766101625,6015875,6101625,85750,242656770000000,0,0,0
1,3502,242656770000000,242656770079125,242656776121375,6042250,6121375,79125,242656780000000,0,0,0
1,3503,242656780000000,242656780084500,242656786202625,6118125,6202625,84500,242656790000000,0,0,0
1,3504,242656790000000,242656790085125,242656796108500,6023375,6108500,85125,242656800000000,0,0,0
1,3505,242656800000000,242656800078875,242656805825375,5746500,5825375,78875,242656810000000,0,0,0
1,3506,242656810000000,242656810122125,242656815638500,5516375,5638500,122125,242656820000000,0,0,0
1,3507,242656820000000,242656820088375,242656826156750,6068375,6156750,88375,242656830000000,0,0,0
1,3508,242656830000000,242656830079500,242656836136625,6057125,6136625,79500,242656840000000,0,0,0
1,3509,242656840000000,242656840085125,242656846108250,6023125,6108250,85125,242656850000000,0,0,0
1,3510,242656850000000,242656850088375,242656855601375,5513000,5601375,88375,242656860000000,0,0,0
1,3511,242656860000000,242656860083125,242656866134375,6051250,6134375,83125,242656870000000,0,0,0
1,3512,242656870000000,242656870091375,242656876192375,6101000,6192375,91375,242656880000000,0,0,0
1,3513,242656880000000,242656880078250,242656886013000,5934750,6013000,78250,242656890000000,0,0,0
1,3514,242656890000000,242656890085500,242656896126250,6040750,6126250,85500,242656900000000,0,0,0
1,3515,242656900000000,242656900090875,242656906049000,5958125,6049000,90875,242656910000000,0,0,0
1,3516,242656910000000,242656910088875,242656916273125,6184250,6273125,88875,242656920000000,0,0,0
1,3517,242656920000000,242656920081875,242656926097375,6015500,6097375,81875,242656930000000,0,0,0
1,3518,242656930000000,242656930086750,242656936119500,6032750,6119500,86750,242656940000000,0,0,0
1,3519,242656940000000,242656940084875,242656946211500,6126625,6211500,84875,242656950000000,0,0,0
1,3520,242656950000000,242656950086000,242656955973500,5887500,5973500,86000,242656960000000,0,0,0
1,3521,242656960000000,242656960082750,242656966150750,6068000,6150750,82750,242656970000000,0,0,0
1,3522,242656970000000,242656970085375,242656976170375,6085000,6170375,85375,242656980000000,0,0,0
1,3523,242656980000000,242656980083375,242656985857125,5773750,5857125,83375,242656990000000,0,0,0
1,3524,242656990000000,242656990115625,242656996196625,6081000,6196625,115625,242657000000000,0,0,0
1,3525,242657000000000,242657000085250,242657006107250,6022000,6107250,85250,242657010000000,0,0,0
1,3526,242657010000000,242657010121000,242657016167375,6046375,6167375,121000,242657020000000,0,0,0
1,3527,242657020000000,242657020083625,242657026161875,6078250,6161875,83625,242657030000000,0,0,0
1,3528,242657030000000,242657030090750,242657036176125,6085375,6176125,90750,242657040000000,0,0,0
1,3529,242657040000000,242657040082875,242657046138750,6055875,6138750,82875,242657050000000,0,0,0
1,3530,242657050000000,242657050074875,242657056168000,6093125,6168000,74875,242657060000000,0,0,0
1,3531,242657060000000,242657060082375,242657066091875,6009500,6091875,82375,242657070000000,0,0,0
1,3532,242657070000000,242657070087375,242657076117375,6030000,6117375,87375,242657080000000,0,0,0
1,3533,242657080000000,242657080083500,242657085856000,5772500,5856000,83500,242657090000000,0,0,0
1,3534,242657090000000,242657090089625,242657096178500,6088875,6178500,89625,242657100000000,0,0,0
1,3535,242657100000000,242657100112375,242657106159125,6046750,6159125,112375,242657110000000,0,0,0
1,3536,242657110000000,242657110087750,242657116148375,6060625,6148375,87750,242657120000000,0,0,0
1,3537,242657120000000,242657120083000,242657126108750,6025750,6108750,83000,242657130000000,0,0,0
1,3538,242657130000000,242657130083625,242657136262125,6178500,6262125,83625,242657140000000,0,0,0
1,3539,242657140000000,242657140083250,242657145867625,5784375,5867625,83250,242657150000000,0,0,0
1,3540,242657150000000,242657150084625,242657156212375,6127750,6212375,84625,242657160000000,0,0,0
1,3541,242657160000000,242657160085625,242657165862250,5776625,5862250,85625,242657170000000,0,0,0
1,3542,242657170000000,242657170104000,242657176222125,6118125,6222125,104000,242657180000000,0,0,0
1,3543,242657180000000,242657180085500,242657186096000,6010500,6096000,85500,242657190000000,0,0,0
1,3544,242657190000000,242657190086000,242657196178875,6092875,6178875,86000,242657200000000,0,0,0
1,3545,242657200000000,242657200084250,242657206073250,5989000,6073250,84250,242657210000000,0,0,0
1,3546,242657210000000,242657210090125,242657216174500,6084375,6174500,90125,242657220000000,0,0,0
1,3547,242657220000000,242657220080250,242657226084750,6004500,6084750,80250,242657230000000,0,0,0
1,3548,242657230000000,242657230087250,242657235906750,5819500,5906750,87250,242657240000000,0,0,0
1,3549,242657240000000,242657240111875,242657246180500,6068625,6180500,111875,242657250000000,0,0,0
1,3550,242657250000000,242657250090500,242657256136375,6045875,6136375,90500,242657260000000,0,0,0
1,3551,242657260000000,242657260082625,242657266125625,6043000,6125625,82625,242657270000000,0,0,0
1,3552,242657270000000,242657270089500,242657276100125,6010625,6100125,89500,242657280000000,0,0,0
1,3553,242657280000000,242657280085125,242657286207875,6122750,6207875,85125,242657290000000,0,0,0
1,3554,242657290000000,242657290087250,242657296153875,6066625,6153875,87250,242657300000000,0,0,0
1,3555,242657300000000,242657300084000,242657306234500,6150500,6234500,84000,242657310000000,0,0,0
1,3556,242657310000000,242657310061625,242657315531125,5469500,5531125,61625,242657320000000,0,0,0
1,3557,242657320000000,242657320089750,242657326150750,6061000,6150750,89750,242657330000000,0,0,0
1,3558,242657330000000,242657330111375,242657336237250,6125875,6237250,111375,242657340000000,0,0,0
1,3559,242657340000000,242657340085000,242657346171125,6086125,6171125,85000,242657350000000,0,0,0
1,3560,242657350000000,242657350085750,242657355624375,5538625,5624375,85750,242657360000000,0,0,0
1,3561,242657360000000,242657360090500,242657365918750,5828250,5918750,90500,242657370000000,0,0,0
1,3562,242657370000000,242657370088375,242657376282500,6194125,6282500,88375,242657380000000,0,0,0
1,3563,242657380000000,242657380065875,242657385357625,5291750,5357625,65875,242657390000000,0,0,0
1,3564,242657390000000,242657390084000,242657396252250,6168250,6252250,84000,242657400000000,0,0,0
1,3565,242657400000000,242657400076375,242657406174000,6097625,6174000,76375,242657410000000,0,0,0
1,3566,242657410000000,242657410086875,242657416113750,6026875,6113750,86875,242657420000000,0,0,0
1,3567,242657420000000,242657420100500,242657426174875,6074375,6174875,100500,242657430000000,0,0,0
1,3568,242657430000000,242657430086375,242657436093625,6007250,6093625,86375,242657440000000,0,0,0
1,3569,242657440000000,242657440064375,242657445813375,5749000,5813375,64375,242657450000000,0,0,0
1,3570,242657450000000,242657450084000,242657456214875,6130875,6214875,84000,242657460000000,0,0,0
1,3571,242657460000000,242657460070250,242657466018000,5947750,6018000,70250,242657470000000,0,0,0
1,3572,242657470000000,242657470080000,242657476131750,6051750,6131750,80000,242657480000000,0,0,0
1,3573,242657480000000,242657480086000,242657486049000,5963000,6049000,86000,242657490000000,0,0,0
1,3574,242657490000000,242657490083375,242657495595625,5512250,5595625,83375,242657500000000,0,0,0
1,3575,242657500000000,242657500086875,242657506167625,6080750,6167625,86875,242657510000000,0,0,0
1,3576,242657510000000,242657510073750,242657516181375,6107625,6181375,73750,242657520000000,0,0,0
1,3577,242657520000000,242657520082625,242657526139500,6056875,6139500,82625,242657530000000,0,0,0
1,3578,242657530000000,242657530102375,242657536149000,6046625,6149000,102375,242657540000000,0,0,0
1,3579,242657540000000,242657540085375,242657546203500,6118125,6203500,85375,242657550000000,0,0,0
1,3580,242657550000000,242657550120250,242657556173125,6052875,6173125,120250,242657560000000,0,0,0
1,3581,242657560000000,242657560085250,242657566074250,5989000,6074250,85250,242657570000000,0,0,0
1,3582,242657570000000,242657570088500,242657576127125,6038625,6127125,88500,242657580000000,0,0,0
1,3583,242657580000000,242657580086000,242657586197500,6111500,6197500,86000,242657590000000,0,0,0
1,3584,242657590000000,242657590087250,242657595600500,5513250,5600500,87250,242657600000000,0,0,0
1,3585,242657600000000,242657600087125,242657606173500,6086375,6173500,87125,242657610000000,0,0,0
1,3586,242657610000000,242657610087000,242657616123250,6036250,6123250,87000,242657620000000,0,0,0
1,3587,242657620000000,242657620085125,242657626113750,6028625,6113750,85125,242657630000000,0,0,0
1,3588,242657630000000,242657630086625,242657635930250,5843625,5930250,86625,242657640000000,0,0,0
1,3589,242657640000000,242657640112125,242657646093875,5981750,6093875,112125,242657650000000,0,0,0
1,3590,242657650000000,242657650088375,242657656156625,6068250,6156625,88375,242657660000000,0,0,0
1,3591,242657660000000,242657660077000,242657666074125,5997125,6074125,77000,242657670000000,0,0,0
1,3592,242657670000000,242657670084375,242657676067625,5983250,6067625,84375,242657680000000,0,0,0
1,3593,242657680000000,242657680083625,242657686238500,6154875,6238500,83625,242657690000000,0,0,0
1,3594,242657690000000,242657690085375,242657695619250,5533875,5619250,85375,242657700000000,0,0,0
1,3595,242657700000000,242657700088750,242657705421000,5332250,5421000,88750,242657710000000,0,0,0
1,3596,242657710000000,242657710114625,242657716248625,6134000,6248625,114625,242657720000000,0,0,0
1,3597,242657720000000,242657720084875,242657726049875,5965000,6049875,84875,242657730000000,0,0,0
1,3598,242657730000000,242657730120625,242657736138000,6017375,6138000,120625,242657740000000,0,0,0
1,3599,242657740000000,242657740085375,242657746032750,5947375,6032750,85375,242657750000000,0,0,0
1,3600,242657750000000,242657750108750,242657756235000,6126250,6235000,108750,242657760000000,0,0,0
1,3601,242657760000000,242657760085625,242657766130375,6044750,6130375,85625,242657770000000,0,0,0
1,3602,242657770000000,242657770079250,242657776191375,6112125,6191375,79250,242657780000000,0,0,0
1,3603,242657780000000,242657780081250,242657786085125,6003875,6085125,81250,242657790000000,0,0,0
1,3604,242657790000000,242657790087000,242657795640375,5553375,5640375,87000,242657800000000,0,0,0
1,3605,242657800000000,242657800083250,242657805919875,5836625,5919875,83250,242657810000000,0,0,0
1,3606,242657810000000,242657810087625,242657816336000,6248375,6336000,87625,242657820000000,0,0,0
1,3607,242657820000000,242657820065875,242657825838500,5772625,5838500,65875,242657830000000,0,0,0
1,3608,242657830000000,242657830088250,242657835615000,5526750,5615000,88250,242657840000000,0,0,0
1,3609,242657840000000,242657840104750,242657846115250,6010500,6115250,104750,242657850000000,0,0,0
1,3610,242657850000000,242657850086375,242657856152125,6065750,6152125,86375,242657860000000,0,0,0
1,3611,242657860000000,242657860118000,242657865901875,5783875,5901875,118000,242657870000000,0,0,0
1,3612,242657870000000,242657870084500,242657876235500,6151000,6235500,84500,242657880000000,0,0,0
1,3613,242657880000000,242657880084125,242657886184000,6099875,6184000,84125,242657890000000,0,0,0
1,3614,242657890000000,242657890089375,242657896107875,6018500,6107875,89375,242657900000000,0,0,0
1,3615,242657900000000,242657900082875,242657906106125,6023250,6106125,82875,242657910000000,0,0,0
1,3616,242657910000000,242657910082125,242657916163375,6081250,6163375,82125,242657920000000,0,0,0
1,3617,242657920000000,242657920086250,242657926211625,6125375,6211625,86250,242657930000000,0,0,0
1,3618,242657930000000,242657930084750,242657936140625,6055875,6140625,84750,242657940000000,0,0,0
1,3619,242657940000000,242657940084500,242657945846625,5762125,5846625,84500,242657950000000,0,0,0
1,3620,242657950000000,242657950118000,242657956324375,6206375,6324375,118000,242657960000000,0,0,0
1,3621,242657960000000,242657960084000,242657965845750,5761750,5845750,84000,242657970000000,0,0,0
1,3622,242657970000000,242657970087625,242657976209625,6122000,6209625,87625,242657980000000,0,0,0
1,3623,242657980000000,242657980082875,242657985957250,5874375,5957250,82875,242657990000000,0,0,0
1,3624,242657990000000,242657990089375,242657996243875,6154500,6243875,89375,242658000000000,0,0,0
1,3625,242658000000000,242658000087750,242658006134750,6047000,6134750,87750,242658010000000,0,0,0
1,3626,242658010000000,242658010088250,242658016167750,6079500,6167750,88250,242658020000000,0,0,0
1,3627,242658020000000,242658020083625,242658025595625,5512000,5595625,83625,242658030000000,0,0,0
1,3628,242658030000000,242658030083500,242658036244875,6161375,6244875,83500,242658040000000,0,0,0
1,3629,242658040000000,242658040113250,242658046148875,6035625,6148875,113250,242658050000000,0,0,0
1,3630,242658050000000,242658050088875,242658056162875,6074000,6162875,88875,242658060000000,0,0,0
1,3631,242658060000000,242658060085250,242658066097625,6012375,6097625,85250,242658070000000,0,0,0
1,3632,242658070000000,242658070074625,242658076148250,6073625,6148250,74625,242658080000000,0,0,0
1,3633,242658080000000,242658080085500,242658086085750,6000250,6085750,85500,242658090000000,0,0,0
1,3634,242658090000000,242658090086250,242658096116000,6029750,6116000,86250,242658100000000,0,0,0
1,3635,242658100000000,242658100087500,242658105870125,5782625,5870125,87500,242658110000000,0,0,0
1,3636,242658110000000,242658110115125,242658116157000,6041875,6157000,115125,242658120000000,0,0,0
1,3637,242658120000000,242658120082875,242658125857500,5774625,5857500,82875,242658130000000,0,0,0
1,3638,242658130000000,242658130118375,242658136190375,6072000,6190375,118375,242658140000000,0,0,0
1,3639,242658140000000,242658140083375,242658146151750,6068375,6151750,83375,242658150000000,0,0,0
1,3640,242658150000000,242658150108625,242658156234375,6125750,6234375,108625,242658160000000,0,0,0
1,3641,242658160000000,242658160084000,242658165850500,5766500,5850500,84000,242658170000000,0,0,0
1,3642,242658170000000,242658170108875,242658176128250,6019375,6128250,108875,242658180000000,0,0,0
1,3643,242658180000000,242658180084500,242658186219250,6134750,6219250,84500,242658190000000,0,0,0
1,3644,242658190000000,242658190091250,242658196156750,6065500,6156750,91250,242658200000000,0,0,0
1,3645,242658200000000,242658200086000,242658206136875,6050875,6136875,86000,242658210000000,0,0,0
1,3646,242658210000000,242658210091750,242658215873375,5781625,5873375,91750,242658220000000,0,0,0
1,3647,242658220000000,242658220089375,242658226148625,6059250,6148625,89375,242658230000000,0,0,0
1,3648,242658230000000,242658230084750,242658236152125,6067375,6152125,84750,242658240000000,0,0,0
1,3649,242658240000000,242658240081500,242658246136500,6055000,6136500,81500,242658250000000,0,0,0
1,3650,242658250000000,242658250088375,242658256144250,6055875,6144250,88375,242658260000000,0,0,0
1,3651,242658260000000,242658260082750,242658266096875,6014125,6096875,82750,242658270000000,0,0,0
1,3652,242658270000000,242658270087625,242658276142875,6055250,6142875,87625,242658280000000,0,0,0
1,3653,242658280000000,242658280108125,242658285906875,5798750,5906875,108125,242658290000000,0,0,0
1,3654,242658290000000,242658290089125,242658296179500,6090375,6179500,89125,242658300000000,0,0,0
1,3655,242658300000000,242658300118875,242658306145750,6026875,6145750,118875,242658310000000,0,0,0
1,3656,242658310000000,242658310086625,242658316092875,6006250,6092875,86625,242658320000000,0,0,0
1,3657,242658320000000,242658320083000,242658326042500,5959500,6042500,83000,242658330000000,0,0,0
1,3658,242658330000000,242658330088750,242658335602750,5514000,5602750,88750,242658340000000,0,0,0
1,3659,242658340000000,242658340088875,242658346124875,6036000,6124875,88875,242658350000000,0,0,0
1,3660,242658350000000,242658350083875,242658355380625,5296750,5380625,83875,242658360000000,0,0,0
1,3661,242658360000000,242658360086500,242658366092250,6005750,6092250,86500,242658370000000,0,0,0
1,3662,242658370000000,242658370115125,242658375642375,5527250,5642375,115125,242658380000000,0,0,0
1,3663,242658380000000,242658380086625,242658386135500,6048875,6135500,86625,242658390000000,0,0,0
1,3664,242658390000000,242658390100500,242658396163500,6063000,6163500,100500,242658400000000,0,0,0
1,3665,242658400000000,242658400075750,242658406202250,6126500,6202250,75750,242658410000000,0,0,0
1,3666,242658410000000,242658410119625,242658416173375,6053750,6173375,119625,242658420000000,0,0,0
1,3667,242658420000000,242658420087375,242658426106375,6019000,6106375,87375,242658430000000,0,0,0
1,3668,242658430000000,242658430085750,242658436149875,6064125,6149875,85750,242658440000000,0,0,0
1,3669,242658440000000,242658440086250,242658446192625,6106375,6192625,86250,242658450000000,0,0,0
1,3670,242658450000000,242658450087125,242658456137875,6050750,6137875,87125,242658460000000,0,0,0
1,3671,242658460000000,242658460085375,242658466081000,5995625,6081000,85375,242658470000000,0,0,0
1,3672,242658470000000,242658470086000,242658475680625,5594625,5680625,86000,242658480000000,0,0,0
1,3673,242658480000000,242658480073375,242658486120625,6047250,6120625,73375,242658490000000,0,0,0
1,3674,242658490000000,242658490084875,242658496227875,6143000,6227875,84875,242658500000000,0,0,0
1,3675,242658500000000,242658500083500,242658506090750,6007250,6090750,83500,242658510000000,0,0,0
1,3676,242658510000000,242658510089625,242658516076125,5986500,6076125,89625,242658520000000,0,0,0
1,3677,242658520000000,242658520114000,242658526187250,6073250,6187250,114000,242658530000000,0,0,0
1,3678,242658530000000,242658530091000,242658535597375,5506375,5597375,91000,242658540000000,0,0,0
1,3679,242658540000000,242658540068625,242658545997125,5928500,5997125,68625,242658550000000,0,0,0
1,3680,242658550000000,242658550086875,242658555602875,5516000,5602875,86875,242658560000000,0,0,0
1,3681,242658560000000,242658560088125,242658565930750,5842625,5930750,88125,242658570000000,0,0,0
1,3682,242658570000000,242658570085500,242658575617500,5532000,5617500,85500,242658580000000,0,0,0
1,3683,242658580000000,242658580086750,242658585917500,5830750,5917500,86750,242658590000000,0,0,0
1,3684,242658590000000,242658590115250,242658596261500,6146250,6261500,115250,242658600000000,0,0,0
1,3685,242658600000000,242658600084625,242658605881625,5797000,5881625,84625,242658610000000,0,0,0
1,3686,242658610000000,242658610086250,242658616184625,6098375,6184625,86250,242658620000000,0,0,0
1,3687,242658620000000,242658620089125,242658626038000,5948875,6038000,89125,242658630000000,0,0,0
1,3688,242658630000000,242658630087375,242658636137625,6050250,6137625,87375,242658640000000,0,0,0
1,3689,242658640000000,242658640081000,242658646197000,6116000,6197000,81000,242658650000000,0,0,0
1,3690,242658650000000,242658650090250,242658656175875,6085625,6175875,90250,242658660000000,0,0,0
1,3691,242658660000000,242658660085000,242658665601750,5516750,5601750,85000,242658670000000,0,0,0
1,3692,242658670000000,242658670086375,242658676178750,6092375,6178750,86375,242658680000000,0,0,0
1,3693,242658680000000,242658680070875,242658686080375,6009500,6080375,70875,242658690000000,0,0,0
1,3694,242658690000000,242658690086500,242658696094250,6007750,6094250,86500,242658700000000,0,0,0
1,3695,242658700000000,242658700096250,242658706065750,5969500,6065750,96250,242658710000000,0,0,0
1,3696,242658710000000,242658710090875,242658716291250,6200375,6291250,90875,242658720000000,0,0,0
1,3697,242658720000000,242658720081625,242658726109875,6028250,6109875,81625,242658730000000,0,0,0
1,3698,242658730000000,242658730087500,242658736136375,6048875,6136375,87500,242658740000000,0,0,0
1,3699,242658740000000,242658740084000,242658746102000,6018000,6102000,84000,242658750000000,0,0,0
1,3700,242658750000000,242658750086000,242658755987125,5901125,5987125,86000,242658760000000,0,0,0
1,3701,242658760000000,242658760082000,242658766079250,5997250,6079250,82000,242658770000000,0,0,0
1,3702,242658770000000,242658770100000,242658776148375,6048375,6148375,100000,242658780000000,0,0,0
1,3703,242658780000000,242658780085250,242658785895000,5809750,5895000,85250,242658790000000,0,0,0
1,3704,242658790000000,242658790117250,242658796156875,6039625,6156875,117250,242658800000000,0,0,0
1,3705,242658800000000,242658800082375,242658805870250,5787875,5870250,82375,242658810000000,0,0,0
1,3706,242658810000000,242658810108375,242658816202750,6094375,6202750,108375,242658820000000,0,0,0
1,3707,242658820000000,242658820086375,242658826196125,6109750,6196125,86375,242658830000000,0,0,0
1,3708,242658830000000,242658830088125,242658836108375,6020250,6108375,88125,242658840000000,0,0,0
1,3709,242658840000000,242658840083375,242658846124375,6041000,6124375,83375,242658850000000,0,0,0
1,3710,242658850000000,242658850086750,242658856159250,6072500,6159250,86750,242658860000000,0,0,0
1,3711,242658860000000,242658860084250,242658866056000,5971750,6056000,84250,242658870000000,0,0,0
1,3712,242658870000000,242658870083375,242658876211375,6128000,6211375,83375,242658880000000,0,0,0
1,3713,242658880000000,242658880084250,242658885861000,5776750,5861000,84250,242658890000000,0,0,0
1,3714,242658890000000,242658890085625,242658896180625,6095000,6180625,85625,242658900000000,0,0,0
1,3715,242658900000000,242658900083500,242658906056750,5973250,6056750,83500,242658910000000,0,0,0
1,3716,242658910000000,242658910087375,242658916136750,6049375,6136750,87375,242658920000000,0,0,0
1,3717,242658920000000,242658920111875,242658926246500,6134625,6246500,111875,242658930000000,0,0,0
1,3718,242658930000000,242658930088250,242658936165250,6077000,6165250,88250,242658940000000,0,0,0
1,3719,242658940000000,242658940106375,242658946197875,6091500,6197875,106375,242658950000000,0,0,0
1,3720,242658950000000,242658950089875,242658956097750,6007875,6097750,89875,242658960000000,0,0,0
1,3721,242658960000000,242658960084625,242658966053500,5968875,6053500,84625,242658970000000,0,0,0
1,3722,242658970000000,242658970089250,242658976096625,6007375,6096625,89250,242658980000000,0,0,0
1,3723,242658980000000,242658980085500,242658985909000,5823500,5909000,85500,242658990000000,0,0,0
1,3724,242658990000000,242658990085625,242658996143000,6057375,6143000,85625,242659000000000,0,0,0
1,3725,242659000000000,242659000083750,242659006070000,5986250,6070000,83750,242659010000000,0,0,0
1,3726,242659010000000,242659010083125,242659015617375,5534250,5617375,83125,242659020000000,0,0,0
1,3727,242659020000000,242659020090750,242659026132875,6042125,6132875,90750,242659030000000,0,0,0
1,3728,242659030000000,242659030075250,242659036127250,6052000,6127250,75250,242659040000000,0,0,0
1,3729,242659040000000,242659040089375,242659046076500,5987125,6076500,89375,242659050000000,0,0,0
1,3730,242659050000000,242659050101000,242659056178125,6077125,6178125,101000,242659060000000,0,0,0
1,3731,242659060000000,242659060083750,242659066113000,6029250,6113000,83750,242659070000000,0,0,0
1,3732,242659070000000,242659070124875,242659076149500,6024625,6149500,124875,242659080000000,0,0,0
1,3733,242659080000000,242659080086375,242659086101375,6015000,6101375,86375,242659090000000,0,0,0
1,3734,242659090000000,242659090076125,242659096243125,6167000,6243125,76125,242659100000000,0,0,0
1,3735,242659100000000,242659100084125,242659106168625,6084500,6168625,84125,242659110000000,0,0,0
1,3736,242659110000000,242659110087625,242659115589000,5501375,5589000,87625,242659120000000,0,0,0
1,3737,242659120000000,242659120085250,242659126107250,6022000,6107250,85250,242659130000000,0,0,0
1,3738,242659130000000,242659130091000,242659136216750,6125750,6216750,91000,242659140000000,0,0,0
1,3739,242659140000000,242659140082125,242659146065500,5983375,6065500,82125,242659150000000,0,0,0
1,3740,242659150000000,242659150089375,242659156207625,6118250,6207625,89375,242659160000000,0,0,0
1,3741,242659160000000,242659160083000,242659166062625,5979625,6062625,83000,242659170000000,0,0,0
1,3742,242659170000000,242659170088125,242659176270375,6182250,6270375,88125,242659180000000,0,0,0
1,3743,242659180000000,242659180104500,242659185944625,5840125,5944625,104500,242659190000000,0,0,0
1,3744,242659190000000,242659190088625,242659196148000,6059375,6148000,88625,242659200000000,0,0,0
1,3745,242659200000000,242659200083875,242659206099000,6015125,6099000,83875,242659210000000,0,0,0
1,3746,242659210000000,242659210085875,242659216113125,6027250,6113125,85875,242659220000000,0,0,0
1,3747,242659220000000,242659220082750,242659226088250,6005500,6088250,82750,242659230000000,0,0,0
1,3748,242659230000000,242659230088750,242659236303250,6214500,6303250,88750,242659240000000,0,0,0
1,3749,242659240000000,242659240083750,242659245854875,5771125,5854875,83750,242659250000000,0,0,0
1,3750,242659250000000,242659250085875,242659255658500,5572625,5658500,85875,242659260000000,0,0,0
1,3751,242659260000000,242659260087000,242659266166750,6079750,6166750,87000,242659270000000,0,0,0
1,3752,242659270000000,242659270077000,242659276182375,6105375,6182375,77000,242659280000000,0,0,0
1,3753,242659280000000,242659280084875,242659286036375,5951500,6036375,84875,242659290000000,0,0,0
1,3754,242659290000000,242659290101125,242659296308500,6207375,6308500,101125,242659300000000,0,0,0
1,3755,242659300000000,242659300085250,242659306092875,6007625,6092875,85250,242659310000000,0,0,0
1,3756,242659310000000,242659310121500,242659316207125,6085625,6207125,121500,242659320000000,0,0,0
1,3757,242659320000000,242659320082375,242659326059250,5976875,6059250,82375,242659330000000,0,0,0
1,3758,242659330000000,242659330085250,242659336212125,6126875,6212125,85250,242659340000000,0,0,0
1,3759,242659340000000,242659340083500,242659346105625,6022125,6105625,83500,242659350000000,0,0,0
1,3760,242659350000000,242659350089750,242659355604250,5514500,5604250,89750,242659360000000,0,0,0
1,3761,242659360000000,242659360063875,242659366069875,6006000,6069875,63875,242659370000000,0,0,0
1,3762,242659370000000,242659370088250,242659376190250,6102000,6190250,88250,242659380000000,0,0,0
1,3763,242659380000000,242659380076375,242659386185875,6109500,6185875,76375,242659390000000,0,0,0
1,3764,242659390000000,242659390087375,242659396186375,6099000,6186375,87375,242659400000000,0,0,0
1,3765,242659400000000,242659400077000,242659406090250,6013250,6090250,77000,242659410000000,0,0,0
1,3766,242659410000000,242659410088500,242659416151625,6063125,6151625,88500,242659420000000,0,0,0
1,3767,242659420000000,242659420079750,242659426245125,6165375,6245125,79750,242659430000000,0,0,0
1,3768,242659430000000,242659430088625,242659435609000,5520375,5609000,88625,242659440000000,0,0,0
1,3769,242659440000000,242659440108250,242659445926625,5818375,5926625,108250,242659450000000,0,0,0
1,3770,242659450000000,242659450091125,242659456119000,6027875,6119000,91125,242659460000000,0,0,0
1,3771,242659460000000,242659460118500,242659465920250,5801750,5920250,118500,242659470000000,0,0,0
1,3772,242659470000000,242659470090125,242659476165250,6075125,6165250,90125,242659480000000,0,0,0
1,3773,242659480000000,242659480108000,242659486240500,6132500,6240500,108000,242659490000000,0,0,0
1,3774,242659490000000,242659490087875,242659496165625,6077750,6165625,87875,242659500000000,0,0,0
1,3775,242659500000000,242659500069750,242659506115875,6046125,6115875,69750,242659510000000,0,0,0
1,3776,242659510000000,242659510087750,242659516145625,6057875,6145625,87750,242659520000000,0,0,0
1,3777,242659520000000,242659520081875,242659526152625,6070750,6152625,81875,242659530000000,0,0,0
1,3778,242659530000000,242659530085375,242659536109500,6024125,6109500,85375,242659540000000,0,0,0
1,3779,242659540000000,242659540084875,242659546086125,6001250,6086125,84875,242659550000000,0,0,0
1,3780,242659550000000,242659550116750,242659556135000,6018250,6135000,116750,242659560000000,0,0,0
1,3781,242659560000000,242659560084750,242659566040750,5956000,6040750,84750,242659570000000,0,0,0
1,3782,242659570000000,242659570088500,242659576149125,6060625,6149125,88500,242659580000000,0,0,0
1,3783,242659580000000,242659580082625,242659585836875,5754250,5836875,82625,242659590000000,0,0,0
1,3784,242659590000000,242659590086250,242659596256750,6170500,6256750,86250,242659600000000,0,0,0
1,3785,242659600000000,242659600081250,242659606052625,5971375,6052625,81250,242659610000000,0,0,0
1,3786,242659610000000,242659610089375,242659616092375,6003000,6092375,89375,242659620000000,0,0,0
1,3787,242659620000000,242659620112750,242659626131375,6018625,6131375,112750,242659630000000,0,0,0
1,3788,242659630000000,242659630088875,242659635622375,5533500,5622375,88875,242659640000000,0,0,0
1,3789,242659640000000,242659640103625,242659646173750,6070125,6173750,103625,242659650000000,0,0,0
1,3790,242659650000000,242659650086875,242659655597500,5510625,5597500,86875,242659660000000,0,0,0
1,3791,242659660000000,242659660089000,242659665936875,5847875,5936875,89000,242659670000000,0,0,0
1,3792,242659670000000,242659670087375,242659675612750,5525375,5612750,87375,242659680000000,0,0,0
1,3793,242659680000000,242659680089625,242659686120875,6031250,6120875,89625,242659690000000,0,0,0
1,3794,242659690000000,242659690086375,242659696198125,6111750,6198125,86375,242659700000000,0,0,0
1,3795,242659700000000,242659700077625,242659706077875,6000250,6077875,77625,242659710000000,0,0,0
1,3796,242659710000000,242659710116750,242659715581875,5465125,5581875,116750,242659720000000,0,0,0
1,3797,242659720000000,242659720088875,242659726269625,6180750,6269625,88875,242659730000000,0,0,0
1,3798,242659730000000,242659730106500,242659736155000,6048500,6155000,106500,242659740000000,0,0,0
1,3799,242659740000000,242659740083000,242659746230750,6147750,6230750,83000,242659750000000,0,0,0
1,3800,242659750000000,242659750089500,242659756234750,6145250,6234750,89500,242659760000000,0,0,0
1,3801,242659760000000,242659760083750,242659766070125,5986375,6070125,83750,242659770000000,0,0,0
1,3802,242659770000000,242659770079875,242659775610125,5530250,5610125,79875,242659780000000,0,0,0
1,3803,242659780000000,242659780086500,242659786100375,6013875,6100375,86500,242659790000000,0,0,0
1,3804,242659790000000,242659790086250,242659795571625,5485375,5571625,86250,242659800000000,0,0,0
1,3805,242659800000000,242659800081500,242659805617750,5536250,5617750,81500,242659810000000,0,0,0
1,3806,242659810000000,242659810082625,242659815589375,5506750,5589375,82625,242659820000000,0,0,0
1,3807,242659820000000,242659820074750,242659826101875,6027125,6101875,74750,242659830000000,0,0,0
1,3808,242659830000000,242659830087625,242659836180250,6092625,6180250,87625,242659840000000,0,0,0
1,3809,242659840000000,242659840078500,242659846059125,5980625,6059125,78500,242659850000000,0,0,0
1,3810,242659850000000,242659850088625,242659856146375,6057750,6146375,88625,242659860000000,0,0,0
1,3811,242659860000000,242659860103875,242659866109625,6005750,6109625,103875,242659870000000,0,0,0
1,3812,242659870000000,242659870087250,242659876141125,6053875,6141125,87250,242659880000000,0,0,0
1,3813,242659880000000,242659880084125,242659886172875,6088750,6172875,84125,242659890000000,0,0,0
1,3814,242659890000000,242659890087000,242659896131125,6044125,6131125,87000,242659900000000,0,0,0
1,3815,242659900000000,242659900083125,242659906115375,6032250,6115375,83125,242659910000000,0,0,0
1,3816,242659910000000,242659910080625,242659916104125,6023500,6104125,80625,242659920000000,0,0,0
1,3817,242659920000000,242659920082375,242659926096000,6013625,6096000,82375,242659930000000,0,0,0
1,3818,242659930000000,242659930113375,242659936288000,6174625,6288000,113375,242659940000000,0,0,0
1,3819,242659940000000,242659940083750,242659946101250,6017500,6101250,83750,242659950000000,0,0,0
1,3820,242659950000000,242659950121375,242659956142250,6020875,6142250,121375,242659960000000,0,0,0
1,3821,242659960000000,242659960081875,242659966141625,6059750,6141625,81875,242659970000000,0,0,0
1,3822,242659970000000,242659970088500,242659976310125,6221625,6310125,88500,242659980000000,0,0,0
1,3823,242659980000000,242659980084000,242659986196125,6112125,6196125,84000,242659990000000,0,0,0
1,3824,242659990000000,242659990087625,242659995612500,5524875,5612500,87625,242660000000000,0,0,0
1,3825,242660000000000,242660000088750,242660006125250,6036500,6125250,88750,242660010000000,0,0,0
1,3826,242660010000000,242660010080125,242660016173125,6093000,6173125,80125,242660020000000,0,0,0
1,3827,242660020000000,242660020085125,242660025878375,5793250,5878375,85125,242660030000000,0,0,0
1,3828,242660030000000,242660030084375,242660036181125,6096750,6181125,84375,242660040000000,0,0,0
1,3829,242660040000000,242660040075750,242660046056875,5981125,6056875,75750,242660050000000,0,0,0
1,3830,242660050000000,242660050086875,242660056114750,6027875,6114750,86875,242660060000000,0,0,0
1,3831,242660060000000,242660060080750,242660066054875,5974125,6054875,80750,242660070000000,0,0,0
1,3832,242660070000000,242660070088250,242660076163500,6075250,6163500,88250,242660080000000,0,0,0
1,3833,242660080000000,242660080083250,242660085395750,5312500,5395750,83250,242660090000000,0,0,0
1,3834,242660090000000,242660090088375,242660096165375,6077000,6165375,88375,242660100000000,0,0,0
1,3835,242660100000000,242660100105500,242660106083750,5978250,6083750,105500,242660110000000,0,0,0
1,3836,242660110000000,242660110077000,242660116086250,6009250,6086250,77000,242660120000000,0,0,0
1,3837,242660120000000,242660120103000,242660126243750,6140750,6243750,103000,242660130000000,0,0,0
1,3838,242660130000000,242660130088750,242660135593625,5504875,5593625,88750,242660140000000,0,0,0
1,3839,242660140000000,242660140108125,242660146213875,6105750,6213875,108125,242660150000000,0,0,0
1,3840,242660150000000,242660150088750,242660155590375,5501625,5590375,88750,242660160000000,0,0,0
1,3841,242660160000000,242660160089250,242660166170750,6081500,6170750,89250,242660170000000,0,0,0
1,3842,242660170000000,242660170085625,242660176105875,6020250,6105875,85625,242660180000000,0,0,0
1,3843,242660180000000,242660180086125,242660186180250,6094125,6180250,86125,242660190000000,0,0,0
1,3844,242660190000000,242660190082875,242660196137875,6055000,6137875,82875,242660200000000,0,0,0
1,3845,242660200000000,242660200085250,242660206078625,5993375,6078625,85250,242660210000000,0,0,0
1,3846,242660210000000,242660210107625,242660216165625,6058000,6165625,107625,242660220000000,0,0,0
1,3847,242660220000000,242660220087875,242660226113125,6025250,6113125,87875,242660230000000,0,0,0
1,3848,242660230000000,242660230090000,242660236157500,6067500,6157500,90000,242660240000000,0,0,0
1,3849,242660240000000,242660240083125,242660245400125,5317000,5400125,83125,242660250000000,0,0,0
1,3850,242660250000000,242660250085750,242660256253500,6167750,6253500,85750,242660260000000,0,0,0
1,3851,242660260000000,242660260081625,242660266095250,6013625,6095250,81625,242660270000000,0,0,0
1,3852,242660270000000,242660270091250,242660276114125,6022875,6114125,91250,242660280000000,0,0,0
1,3853,242660280000000,242660280082750,242660286179125,6096375,6179125,82750,242660290000000,0,0,0
1,3854,242660290000000,242660290089125,242660296124625,6035500,6124625,89125,242660300000000,0,0,0
1,3855,242660300000000,242660300081875,242660305851750,5769875,5851750,81875,242660310000000,0,0,0
1,3856,242660310000000,242660310088750,242660316177000,6088250,6177000,88750,242660320000000,0,0,0
1,3857,242660320000000,242660320082250,242660326072500,5990250,6072500,82250,242660330000000,0,0,0
1,3858,242660330000000,242660330087750,242660336141000,6053250,6141000,87750,242660340000000,0,0,0
1,3859,242660340000000,242660340104625,242660346099250,5994625,6099250,104625,242660350000000,0,0,0
1,3860,242660350000000,242660350086500,242660356171000,6084500,6171000,86500,242660360000000,0,0,0
1,3861,242660360000000,242660360084250,242660366143625,6059375,6143625,84250,242660370000000,0,0,0
1,3862,242660370000000,242660370086000,242660376103125,6017125,6103125,86000,242660380000000,0,0,0
1,3863,242660380000000,242660380072375,242660386090875,6018500,6090875,72375,242660390000000,0,0,0
1,3864,242660390000000,242660390085500,242660396144500,6059000,6144500,85500,242660400000000,0,0,0
1,3865,242660400000000,242660400082250,242660406094500,6012250,6094500,82250,242660410000000,0,0,0
1,3866,242660410000000,242660410085250,242660416113875,6028625,6113875,85250,242660420000000,0,0,0
1,3867,242660420000000,242660420081500,242660426075000,5993500,6075000,81500,242660430000000,0,0,0
1,3868,242660430000000,242660430116125,242660436153375,6037250,6153375,116125,242660440000000,0,0,0
1,3869,242660440000000,242660440084750,242660446099125,6014375,6099125,84750,242660450000000,0,0,0
1,3870,242660450000000,242660450083250,242660456162625,6079375,6162625,83250,242660460000000,0,0,0
1,3871,242660460000000,242660460081875,242660466123750,6041875,6123750,81875,242660470000000,0,0,0
1,3872,242660470000000,242660470086750,242660476124750,6038000,6124750,86750,242660480000000,0,0,0
1,3873,242660480000000,242660480084625,242660486065500,5980875,6065500,84625,242660490000000,0,0,0
1,3874,242660490000000,242660490088625,242660496122500,6033875,6122500,88625,242660500000000,0,0,0
1,3875,242660500000000,242660500084500,242660506105750,6021250,6105750,84500,242660510000000,0,0,0
1,3876,242660510000000,242660510084875,242660516168375,6083500,6168375,84875,242660520000000,0,0,0
1,3877,242660520000000,242660520069250,242660525401125,5331875,5401125,69250,242660530000000,0,0,0
1,3878,242660530000000,242660530084250,242660536268000,6183750,6268000,84250,242660540000000,0,0,0
1,3879,242660540000000,242660540128875,242660546187375,6058500,6187375,128875,242660550000000,0,0,0
1,3880,242660550000000,242660550089250,242660556337875,6248625,6337875,89250,242660560000000,0,0,0
1,3881,242660560000000,242660560120500,242660566145875,6025375,6145875,120500,242660570000000,0,0,0
1,3882,242660570000000,242660570089125,242660575616375,5527250,5616375,89125,242660580000000,0,0,0
1,3883,242660580000000,242660580087875,242660586198000,6110125,6198000,87875,242660590000000,0,0,0
1,3884,242660590000000,242660590087125,242660595369625,5282500,5369625,87125,242660600000000,0,0,0
1,3885,242660600000000,242660600091250,242660606186375,6095125,6186375,91250,242660610000000,0,0,0
1,3886,242660610000000,242660610091500,242660616111375,6019875,6111375,91500,242660620000000,0,0,0
1,3887,242660620000000,242660620080500,242660626125125,6044625,6125125,80500,242660630000000,0,0,0
1,3888,242660630000000,242660630078250,242660636108625,6030375,6108625,78250,242660640000000,0,0,0
1,3889,242660640000000,242660640082250,242660646066250,5984000,6066250,82250,242660650000000,0,0,0
1,3890,242660650000000,242660650116500,242660656210000,6093500,6210000,116500,242660660000000,0,0,0
1,3891,242660660000000,242660660087000,242660666075875,5988875,6075875,87000,242660670000000,0,0,0
1,3892,242660670000000,242660670085750,242660676197375,6111625,6197375,85750,242660680000000,0,0,0
1,3893,242660680000000,242660680085625,242660686078875,5993250,6078875,85625,242660690000000,0,0,0
1,3894,242660690000000,242660690090000,242660696106500,6016500,6106500,90000,242660700000000,0,0,0
1,3895,242660700000000,242660700083750,242660706095000,6011250,6095000,83750,242660710000000,0,0,0
1,3896,242660710000000,242660710086750,242660715654875,5568125,5654875,86750,242660720000000,0,0,0
1,3897,242660720000000,242660720079750,242660726216000,6136250,6216000,79750,242660730000000,0,0,0
1,3898,242660730000000,242660730087625,242660736207375,6119750,6207375,87625,242660740000000,0,0,0
1,3899,242660740000000,242660740086000,242660746051250,5965250,6051250,86000,242660750000000,0,0,0
1,3900,242660750000000,242660750086125,242660755619250,5533125,5619250,86125,242660760000000,0,0,0
1,3901,242660760000000,242660760112500,242660766118375,6005875,6118375,112500,242660770000000,0,0,0
1,3902,242660770000000,242660770081000,242660776151125,6070125,6151125,81000,242660780000000,0,0,0
1,3903,242660780000000,242660780080500,242660785850125,5769625,5850125,80500,242660790000000,0,0,0
1,3904,242660790000000,242660790086500,242660796315125,6228625,6315125,86500,242660800000000,0,0,0
1,3905,242660800000000,242660800084625,242660806134750,6050125,6134750,84625,242660810000000,0,0,0
1,3906,242660810000000,242660810089250,242660816175125,6085875,6175125,89250,242660820000000,0,0,0
1,3907,242660820000000,242660820083750,242660826118875,6035125,6118875,83750,242660830000000,0,0,0
1,3908,242660830000000,242660830062875,242660836120250,6057375,6120250,62875,242660840000000,0,0,0
1,3909,242660840000000,242660840085125,242660845426250,5341125,5426250,85125,242660850000000,0,0,0
1,3910,242660850000000,242660850112625,242660856284500,6171875,6284500,112625,242660860000000,0,0,0
1,3911,242660860000000,242660860085125,242660866184875,6099750,6184875,85125,242660870000000,0,0,0
1,3912,242660870000000,242660870083000,242660876158375,6075375,6158375,83000,242660880000000,0,0,0
1,3913,242660880000000,242660880083875,242660886105125,6021250,6105125,83875,242660890000000,0,0,0
1,3914,242660890000000,242660890088000,242660896155125,6067125,6155125,88000,242660900000000,0,0,0
1,3915,242660900000000,242660900084625,242660906080375,5995750,6080375,84625,242660910000000,0,0,0
1,3916,242660910000000,242660910090250,242660915554625,5464375,5554625,90250,242660920000000,0,0,0
1,3917,242660920000000,242660920081875,242660926134750,6052875,6134750,81875,242660930000000,0,0,0
1,3918,242660930000000,242660930087125,242660936154500,6067375,6154500,87125,242660940000000,0,0,0
1,3919,242660940000000,242660940075375,242660946131125,6055750,6131125,75375,242660950000000,0,0,0
1,3920,242660950000000,242660950084750,242660956213875,6129125,6213875,84750,242660960000000,0,0,0
1,3921,242660960000000,242660960093750,242660966168750,6075000,6168750,93750,242660970000000,0,0,0
1,3922,242660970000000,242660970086875,242660975613875,5527000,5613875,86875,242660980000000,0,0,0
1,3923,242660980000000,242660980101250,242660986212625,6111375,6212625,101250,242660990000000,0,0,0
1,3924,242660990000000,242660990085500,242660996157875,6072375,6157875,85500,242661000000000,0,0,0
1,3925,242661000000000,242661000085625,242661006242125,6156500,6242125,85625,242661010000000,0,0,0
1,3926,242661010000000,242661010086250,242661016131625,6045375,6131625,86250,242661020000000,0,0,0
1,3927,242661020000000,242661020084625,242661026066625,5982000,6066625,84625,242661030000000,0,0,0
1,3928,242661030000000,242661030088625,242661036083125,5994500,6083125,88625,242661040000000,0,0,0
1,3929,242661040000000,242661040082625,242661046060750,5978125,6060750,82625,242661050000000,0,0,0
1,3930,242661050000000,242661050087500,242661056179625,6092125,6179625,87500,242661060000000,0,0,0
1,3931,242661060000000,242661060082250,242661066152000,6069750,6152000,82250,242661070000000,0,0,0
1,3932,242661070000000,242661070085625,242661075579375,5493750,5579375,85625,242661080000000,0,0,0
1,3933,242661080000000,242661080089250,242661086134875,6045625,6134875,89250,242661090000000,0,0,0
1,3934,242661090000000,242661090120125,242661096159125,6039000,6159125,120125,242661100000000,0,0,0
1,3935,242661100000000,242661100088750,242661106088000,5999250,6088000,88750,242661110000000,0,0,0
1,3936,242661110000000,242661110084750,242661115662875,5578125,5662875,84750,242661120000000,0,0,0
1,3937,242661120000000,242661120089125,242661126228500,6139375,6228500,89125,242661130000000,0,0,0
1,3938,242661130000000,242661130077000,242661136102250,6025250,6102250,77000,242661140000000,0,0,0
1,3939,242661140000000,242661140084500,242661146193875,6109375,6193875,84500,242661150000000,0,0,0
1,3940,242661150000000,242661150087625,242661155438125,5350500,5438125,87625,242661160000000,0,0,0
1,3941,242661160000000,242661160087375,242661166086750,5999375,6086750,87375,242661170000000,0,0,0
1,3942,242661170000000,242661170088000,242661176133000,6045000,6133000,88000,242661180000000,0,0,0
1,3943,242661180000000,242661180082500,242661186124250,6041750,6124250,82500,242661190000000,0,0,0
1,3944,242661190000000,242661190087875,242661195563375,5475500,5563375,87875,242661200000000,0,0,0
1,3945,242661200000000,242661200104250,242661206167250,6063000,6167250,104250,242661210000000,0,0,0
1,3946,242661210000000,242661210088625,242661216135375,6046750,6135375,88625,242661220000000,0,0,0
1,3947,242661220000000,242661220083375,242661226156125,6072750,6156125,83375,242661230000000,0,0,0
1,3948,242661230000000,242661230086000,242661236137875,6051875,6137875,86000,242661240000000,0,0,0
1,3949,242661240000000,242661240084000,242661245871250,5787250,5871250,84000,242661250000000,0,0,0
1,3950,242661250000000,242661250086250,242661256156250,6070000,6156250,86250,242661260000000,0,0,0
1,3951,242661260000000,242661260083750,242661266119750,6036000,6119750,83750,242661270000000,0,0,0
1,3952,242661270000000,242661270082250,242661276156125,6073875,6156125,82250,242661280000000,0,0,0
1,3953,242661280000000,242661280085125,242661286091500,6006375,6091500,85125,242661290000000,0,0,0
1,3954,242661290000000,242661290108750,242661296132625,6023875,6132625,108750,242661300000000,0,0,0
1,3955,242661300000000,242661300084250,242661305919250,5835000,5919250,84250,242661310000000,0,0,0
1,3956,242661310000000,242661310089125,242661315426125,5337000,5426125,89125,242661320000000,0,0,0
1,3957,242661320000000,242661320089750,242661326108625,6018875,6108625,89750,242661330000000,0,0,0
1,3958,242661330000000,242661330088750,242661336173000,6084250,6173000,88750,242661340000000,0,0,0
1,3959,242661340000000,242661340083500,242661346079375,5995875,6079375,83500,242661350000000,0,0,0
1,3960,242661350000000,242661350090250,242661356296250,6206000,6296250,90250,242661360000000,0,0,0
1,3961,242661360000000,242661360083250,242661366055875,5972625,6055875,83250,242661370000000,0,0,0
1,3962,242661370000000,242661370087375,242661376160500,6073125,6160500,87375,242661380000000,0,0,0
1,3963,242661380000000,242661380082000,242661385834625,5752625,5834625,82000,242661390000000,0,0,0
1,3964,242661390000000,242661390089500,242661396185625,6096125,6185625,89500,242661400000000,0,0,0
1,3965,242661400000000,242661400082250,242661406101500,6019250,6101500,82250,242661410000000,0,0,0
1,3966,242661410000000,242661410071875,242661416103000,6031125,6103000,71875,242661420000000,0,0,0
1,3967,242661420000000,242661420101125,242661426117375,6016250,6117375,101125,242661430000000,0,0,0
1,3968,242661430000000,242661430089750,242661436224000,6134250,6224000,89750,242661440000000,0,0,0
1,3969,242661440000000,242661440103375,242661446109125,6005750,6109125,103375,242661450000000,0,0,0
1,3970,242661450000000,242661450089875,242661456139500,6049625,6139500,89875,242661460000000,0,0,0
1,3971,242661460000000,242661460093625,242661466114000,6020375,6114000,93625,242661470000000,0,0,0
1,3972,242661470000000,242661470082125,242661475625875,5543750,5625875,82125,242661480000000,0,0,0
1,3973,242661480000000,242661480102125,242661485650750,5548625,5650750,102125,242661490000000,0,0,0
1,3974,242661490000000,242661490085750,242661495587375,5501625,5587375,85750,242661500000000,0,0,0
1,3975,242661500000000,242661500093125,242661506188500,6095375,6188500,93125,242661510000000,0,0,0
1,3976,242661510000000,242661510092375,242661516104125,6011750,6104125,92375,242661520000000,0,0,0
1,3977,242661520000000,242661520087375,242661526268000,6180625,6268000,87375,242661530000000,0,0,0
1,3978,242661530000000,242661530085625,242661536114625,6029000,6114625,85625,242661540000000,0,0,0
1,3979,242661540000000,242661540070375,242661546121625,6051250,6121625,70375,242661550000000,0,0,0
1,3980,242661550000000,242661550087500,242661556105375,6017875,6105375,87500,242661560000000,0,0,0
1,3981,242661560000000,242661560085125,242661566149125,6064000,6149125,85125,242661570000000,0,0,0
1,3982,242661570000000,242661570084250,242661576163375,6079125,6163375,84250,242661580000000,0,0,0
1,3983,242661580000000,242661580081750,242661586171375,6089625,6171375,81750,242661590000000,0,0,0
1,3984,242661590000000,242661590084750,242661596144750,6060000,6144750,84750,242661600000000,0,0,0
1,3985,242661600000000,242661600082875,242661606042250,5959375,6042250,82875,242661610000000,0,0,0
1,3986,242661610000000,242661610113375,242661616193000,6079625,6193000,113375,242661620000000,0,0,0
1,3987,242661620000000,242661620084000,242661626147875,6063875,6147875,84000,242661630000000,0,0,0
1,3988,242661630000000,242661630085000,242661636162250,6077250,6162250,85000,242661640000000,0,0,0
1,3989,242661640000000,242661640080500,242661646084000,6003500,6084000,80500,242661650000000,0,0,0
1,3990,242661650000000,242661650089375,242661656185125,6095750,6185125,89375,242661660000000,0,0,0
1,3991,242661660000000,242661660083250,242661665373500,5290250,5373500,83250,242661670000000,0,0,0
1,3992,242661670000000,242661670087375,242661676140750,6053375,6140750,87375,242661680000000,0,0,0
1,3993,242661680000000,242661680107000,242661686134625,6027625,6134625,107000,242661690000000,0,0,0
1,3994,242661690000000,242661690091750,242661696165250,6073500,6165250,91750,242661700000000,0,0,0
1,3995,242661700000000,242661700082875,242661706129625,6046750,6129625,82875,242661710000000,0,0,0
1,3996,242661710000000,242661710088625,242661716109750,6021125,6109750,88625,242661720000000,0,0,0
1,3997,242661720000000,242661720085375,242661726252000,6166625,6252000,85375,242661730000000,0,0,0
1,3998,242661730000000,242661730085750,242661735659625,5573875,5659625,85750,242661740000000,0,0,0
1,3999,242661740000000,242661740085500,242661746220375,6134875,6220375,85500,242661750000000,0,0,0
1,4000,242661750000000,242661750113750,242661756166125,6052375,6166125,113750,242661760000000,0,0,0
1,4001,242661760000000,242661760085375,242661766118000,6032625,6118000,85375,242661770000000,0,0,0
1,4002,242661770000000,242661770079875,242661776191875,6112000,6191875,79875,242661780000000,0,0,0
1,4003,242661780000000,242661780081625,242661785846250,5764625,5846250,81625,242661790000000,0,0,0
1,4004,242661790000000,242661790084750,242661796165250,6080500,6165250,84750,242661800000000,0,0,0
1,4005,242661800000000,242661800083750,242661806063625,5979875,6063625,83750,242661810000000,0,0,0
1,4006,242661810000000,242661810087500,242661816173125,6085625,6173125,87500,242661820000000,0,0,0
1,4007,242661820000000,242661820069750,242661826131125,6061375,6131125,69750,242661830000000,0,0,0
1,4008,242661830000000,242661830087500,242661835652500,5565000,5652500,87500,242661840000000,0,0,0
1,4009,242661840000000,242661840113250,242661846128625,6015375,6128625,113250,242661850000000,0,0,0
1,4010,242661850000000,242661850089000,242661855559625,5470625,5559625,89000,242661860000000,0,0,0
1,4011,242661860000000,242661860065000,242661865995875,5930875,5995875,65000,242661870000000,0,0,0
1,4012,242661870000000,242661870063125,242661876111375,6048250,6111375,63125,242661880000000,0,0,0
1,4013,242661880000000,242661880084500,242661886108750,6024250,6108750,84500,242661890000000,0,0,0
1,4014,242661890000000,242661890089500,242661896241250,6151750,6241250,89500,242661900000000,0,0,0
1,4015,242661900000000,242661900082875,242661906178375,6095500,6178375,82875,242661910000000,0,0,0
1,4016,242661910000000,242661910080500,242661916099375,6018875,6099375,80500,242661920000000,0,0,0
1,4017,242661920000000,242661920083250,242661926088125,6004875,6088125,83250,242661930000000,0,0,0
1,4018,242661930000000,242661930084375,242661936058250,5973875,6058250,84375,242661940000000,0,0,0
1,4019,242661940000000,242661940085250,242661946119250,6034000,6119250,85250,242661950000000,0,0,0
1,4020,242661950000000,242661950111250,242661956110250,5999000,6110250,111250,242661960000000,0,0,0
1,4021,242661960000000,242661960084750,242661966074125,5989375,6074125,84750,242661970000000,0,0,0
1,4022,242661970000000,242661970106125,242661976148875,6042750,6148875,106125,242661980000000,0,0,0
1,4023,242661980000000,242661980086125,242661986146875,6060750,6146875,86125,242661990000000,0,0,0
1,4024,242661990000000,242661990103750,242661996150875,6047125,6150875,103750,242662000000000,0,0,0
1,4025,242662000000000,242662000083750,242662005939000,5855250,5939000,83750,242662010000000,0,0,0
1,4026,242662010000000,242662010087125,242662016232500,6145375,6232500,87125,242662020000000,0,0,0
1,4027,242662020000000,242662020082000,242662026156500,6074500,6156500,82000,242662030000000,0,0,0
1,4028,242662030000000,242662030084125,242662036134500,6050375,6134500,84125,242662040000000,0,0,0
1,4029,242662040000000,242662040082125,242662046080000,5997875,6080000,82125,242662050000000,0,0,0
1,4030,242662050000000,242662050086625,242662056156625,6070000,6156625,86625,242662060000000,0,0,0
1,4031,242662060000000,242662060083500,242662066030500,5947000,6030500,83500,242662070000000,0,0,0
1,4032,242662070000000,242662070083875,242662076091875,6008000,6091875,83875,242662080000000,0,0,0
1,4033,242662080000000,242662080106750,242662086139125,6032375,6139125,106750,242662090000000,0,0,0
1,4034,242662090000000,242662090087000,242662096187750,6100750,6187750,87000,242662100000000,0,0,0
1,4035,242662100000000,242662100084500,242662106081625,5997125,6081625,84500,242662110000000,0,0,0
1,4036,242662110000000,242662110086000,242662116137500,6051500,6137500,86000,242662120000000,0,0,0
1,4037,242662120000000,242662120083750,242662126133750,6050000,6133750,83750,242662130000000,0,0,0
1,4038,242662130000000,242662130088125,242662136106250,6018125,6106250,88125,242662140000000,0,0,0
1,4039,242662140000000,242662140084500,242662146122250,6037750,6122250,84500,242662150000000,0,0,0
1,4040,242662150000000,242662150073750,242662156157875,6084125,6157875,73750,242662160000000,0,0,0
1,4041,242662160000000,242662160086250,242662166099750,6013500,6099750,86250,242662170000000,0,0,0
1,4042,242662170000000,242662170116500,242662176237500,6121000,6237500,116500,242662180000000,0,0,0
1,4043,242662180000000,242662180084875,242662185870625,5785750,5870625,84875,242662190000000,0,0,0
1,4044,242662190000000,242662190121000,242662196221750,6100750,6221750,121000,242662200000000,0,0,0
1,4045,242662200000000,242662200085000,242662206117875,6032875,6117875,85000,242662210000000,0,0,0
1,4046,242662210000000,242662210085375,242662216254125,6168750,6254125,85375,242662220000000,0,0,0
1,4047,242662220000000,242662220083750,242662226098375,6014625,6098375,83750,242662230000000,0,0,0
1,4048,242662230000000,242662230085250,242662236158750,6073500,6158750,85250,242662240000000,0,0,0
1,4049,242662240000000,242662240084375,242662246112375,6028000,6112375,84375,242662250000000,0,0,0
1,4050,242662250000000,242662250088125,242662256172625,6084500,6172625,88125,242662260000000,0,0,0
1,4051,242662260000000,242662260084125,242662266146750,6062625,6146750,84125,242662270000000,0,0,0
1,4052,242662270000000,242662270088125,242662276132000,6043875,6132000,88125,242662280000000,0,0,0
1,4053,242662280000000,242662280102125,242662286167125,6065000,6167125,102125,242662290000000,0,0,0
1,4054,242662290000000,242662290088625,242662296129000,6040375,6129000,88625,242662300000000,0,0,0
1,4055,242662300000000,242662300082500,242662305628750,5546250,5628750,82500,242662310000000,0,0,0
1,4056,242662310000000,242662310084375,242662316219375,6135000,6219375,84375,242662320000000,0,0,0
1,4057,242662320000000,242662320085625,242662326073250,5987625,6073250,85625,242662330000000,0,0,0
1,4058,242662330000000,242662330084875,242662336155625,6070750,6155625,84875,242662340000000,0,0,0
1,4059,242662340000000,242662340087500,242662345870875,5783375,5870875,87500,242662350000000,0,0,0
1,4060,242662350000000,242662350117625,242662356186625,6069000,6186625,117625,242662360000000,0,0,0
1,4061,242662360000000,242662360085250,242662366072750,5987500,6072750,85250,242662370000000,0,0,0
1,4062,242662370000000,242662370083750,242662376160250,6076500,6160250,83750,242662380000000,0,0,0
1,4063,242662380000000,242662380085125,242662386103125,6018000,6103125,85125,242662390000000,0,0,0
1,4064,242662390000000,242662390087750,242662396222250,6134500,6222250,87750,242662400000000,0,0,0
1,4065,242662400000000,242662400084625,242662406205250,6120625,6205250,84625,242662410000000,0,0,0
1,4066,242662410000000,242662410088250,242662415582250,5494000,5582250,88250,242662420000000,0,0,0
1,4067,242662420000000,242662420112500,242662426145125,6032625,6145125,112500,242662430000000,0,0,0
1,4068,242662430000000,242662430064625,242662436114125,6049500,6114125,64625,242662440000000,0,0,0
1,4069,242662440000000,242662440082875,242662446124375,6041500,6124375,82875,242662450000000,0,0,0
1,4070,242662450000000,242662450089875,242662456086625,5996750,6086625,89875,242662460000000,0,0,0
1,4071,242662460000000,242662460083000,242662466113000,6030000,6113000,83000,242662470000000,0,0,0
1,4072,242662470000000,242662470085500,242662476114125,6028625,6114125,85500,242662480000000,0,0,0
1,4073,242662480000000,242662480083875,242662485870500,5786625,5870500,83875,242662490000000,0,0,0
1,4074,242662490000000,242662490116625,242662496217625,6101000,6217625,116625,242662500000000,0,0,0
1,4075,242662500000000,242662500080625,242662506054500,5973875,6054500,80625,242662510000000,0,0,0
1,4076,242662510000000,242662510086000,242662515633375,5547375,5633375,86000,242662520000000,0,0,0
1,4077,242662520000000,242662520086125,242662525904375,5818250,5904375,86125,242662530000000,0,0,0
1,4078,242662530000000,242662530086625,242662536236500,6149875,6236500,86625,242662540000000,0,0,0
1,4079,242662540000000,242662540084125,242662546110875,6026750,6110875,84125,242662550000000,0,0,0
1,4080,242662550000000,242662550089625,242662556297750,6208125,6297750,89625,242662560000000,0,0,0
1,4081,242662560000000,242662560068375,242662566002125,5933750,6002125,68375,242662570000000,0,0,0
1,4082,242662570000000,242662570068250,242662576146000,6077750,6146000,68250,242662580000000,0,0,0
1,4083,242662580000000,242662580083375,242662586115125,6031750,6115125,83375,242662590000000,0,0,0
1,4084,242662590000000,242662590086125,242662596115000,6028875,6115000,86125,242662600000000,0,0,0
1,4085,242662600000000,242662600112750,242662606054500,5941750,6054500,112750,242662610000000,0,0,0
1,4086,242662610000000,242662610087625,242662616142375,6054750,6142375,87625,242662620000000,0,0,0
1,4087,242662620000000,242662620086750,242662625894750,5808000,5894750,86750,242662630000000,0,0,0
1,4088,242662630000000,242662630085750,242662636180250,6094500,6180250,85750,242662640000000,0,0,0
1,4089,242662640000000,242662640081750,242662646193875,6112125,6193875,81750,242662650000000,0,0,0
1,4090,242662650000000,242662650087250,242662656160250,6073000,6160250,87250,242662660000000,0,0,0
1,4091,242662660000000,242662660079250,242662666101875,6022625,6101875,79250,242662670000000,0,0,0
1,4092,242662670000000,242662670116250,242662676141000,6024750,6141000,116250,242662680000000,0,0,0
1,4093,242662680000000,242662680084875,242662686048250,5963375,6048250,84875,242662690000000,0,0,0
1,4094,242662690000000,242662690119500,242662696220125,6100625,6220125,119500,242662700000000,0,0,0
1,4095,242662700000000,242662700087625,242662705623125,5535500,5623125,87625,242662710000000,0,0,0
1,4096,242662710000000,242662710109750,242662715579750,5470000,5579750,109750,242662720000000,0,0,0
1,4097,242662720000000,242662720086875,242662726110750,6023875,6110750,86875,242662730000000,0,0,0
1,4098,242662730000000,242662730100750,242662736167875,6067125,6167875,100750,242662740000000,0,0,0
1,4099,242662740000000,242662740086250,242662745615500,5529250,5615500,86250,242662750000000,0,0,0
1,4100,242662750000000,242662750060375,242662755936500,5876125,5936500,60375,242662760000000,0,0,0
1,4101,242662760000000,242662760077125,242662766094500,6017375,6094500,77125,242662770000000,0,0,0
1,4102,242662770000000,242662770079250,242662775633375,5554125,5633375,79250,242662780000000,0,0,0
1,4103,242662780000000,242662780091625,242662786133875,6042250,6133875,91625,242662790000000,0,0,0
1,4104,242662790000000,242662790086500,242662796214375,6127875,6214375,86500,242662800000000,0,0,0
1,4105,242662800000000,242662800083000,242662806082625,5999625,6082625,83000,242662810000000,0,0,0
1,4106,242662810000000,242662810084000,242662816194500,6110500,6194500,84000,242662820000000,0,0,0
1,4107,242662820000000,242662820085250,242662826083250,5998000,6083250,85250,242662830000000,0,0,0
1,4108,242662830000000,242662830087375,242662836131750,6044375,6131750,87375,242662840000000,0,0,0
1,4109,242662840000000,242662840114625,242662846106625,5992000,6106625,114625,242662850000000,0,0,0
1,4110,242662850000000,242662850090375,242662856160750,6070375,6160750,90375,242662860000000,0,0,0
1,4111,242662860000000,242662860080000,242662865615625,5535625,5615625,80000,242662870000000,0,0,0
1,4112,242662870000000,242662870080375,242662876162375,6082000,6162375,80375,242662880000000,0,0,0
1,4113,242662880000000,242662880083125,242662886160500,6077375,6160500,83125,242662890000000,0,0,0
1,4114,242662890000000,242662890083375,242662896144625,6061250,6144625,83375,242662900000000,0,0,0
1,4115,242662900000000,242662900084000,242662906047000,5963000,6047000,84000,242662910000000,0,0,0
1,4116,242662910000000,242662910110250,242662916214500,6104250,6214500,110250,242662920000000,0,0,0
1,4117,242662920000000,242662920084375,242662926113125,6028750,6113125,84375,242662930000000,0,0,0
1,4118,242662930000000,242662930119125,242662936184125,6065000,6184125,119125,242662940000000,0,0,0
1,4119,242662940000000,242662940083500,242662946192125,6108625,6192125,83500,242662950000000,0,0,0
1,4120,242662950000000,242662950087750,242662956115875,6028125,6115875,87750,242662960000000,0,0,0
1,4121,242662960000000,242662960082500,242662965851750,5769250,5851750,82500,242662970000000,0,0,0
1,4122,242662970000000,242662970086250,242662976155250,6069000,6155250,86250,242662980000000,0,0,0
1,4123,242662980000000,242662980082250,242662986131875,6049625,6131875,82250,242662990000000,0,0,0
1,4124,242662990000000,242662990087625,242662995609375,5521750,5609375,87625,242663000000000,0,0,0
1,4125,242663000000000,242663000090125,242663006109875,6019750,6109875,90125,242663010000000,0,0,0
1,4126,242663010000000,242663010088125,242663016176750,6088625,6176750,88125,242663020000000,0,0,0
1,4127,242663020000000,242663020082625,242663026080875,5998250,6080875,82625,242663030000000,0,0,0
1,4128,242663030000000,242663030089875,242663036068125,5978250,6068125,89875,242663040000000,0,0,0
1,4129,242663040000000,242663040111000,242663046208375,6097375,6208375,111000,242663050000000,0,0,0
1,4130,242663050000000,242663050089375,242663056085625,5996250,6085625,89375,242663060000000,0,0,0
1,4131,242663060000000,242663060078500,242663066239875,6161375,6239875,78500,242663070000000,0,0,0
1,4132,242663070000000,242663070088375,242663076160125,6071750,6160125,88375,242663080000000,0,0,0
1,4133,242663080000000,242663080087500,242663085914250,5826750,5914250,87500,242663090000000,0,0,0
1,4134,242663090000000,242663090087000,242663096127250,6040250,6127250,87000,242663100000000,0,0,0
1,4135,242663100000000,242663100082125,242663106074500,5992375,6074500,82125,242663110000000,0,0,0
1,4136,242663110000000,242663110082250,242663116187125,6104875,6187125,82250,242663120000000,0,0,0
1,4137,242663120000000,242663120083250,242663126071500,5988250,6071500,83250,242663130000000,0,0,0
1,4138,242663130000000,242663130115625,242663136169375,6053750,6169375,115625,242663140000000,0,0,0
1,4139,242663140000000,242663140084375,242663146219250,6134875,6219250,84375,242663150000000,0,0,0
1,4140,242663150000000,242663150086750,242663156178625,6091875,6178625,86750,242663160000000,0,0,0
1,4141,242663160000000,242663160080875,242663166032250,5951375,6032250,80875,242663170000000,0,0,0
1,4142,242663170000000,242663170080125,242663175384625,5304500,5384625,80125,242663180000000,0,0,0
1,4143,242663180000000,242663180092375,242663186109250,6016875,6109250,92375,242663190000000,0,0,0
1,4144,242663190000000,242663190088625,242663196242000,6153375,6242000,88625,242663200000000,0,0,0
1,4145,242663200000000,242663200083375,242663206155500,6072125,6155500,83375,242663210000000,0,0,0
1,4146,242663210000000,242663210087375,242663216195500,6108125,6195500,87375,242663220000000,0,0,0
1,4147,242663220000000,242663220106875,242663226104625,5997750,6104625,106875,242663230000000,0,0,0
1,4148,242663230000000,242663230087375,242663236249000,6161625,6249000,87375,242663240000000,0,0,0
1,4149,242663240000000,242663240084375,242663246148750,6064375,6148750,84375,242663250000000,0,0,0
1,4150,242663250000000,242663250088125,242663256134875,6046750,6134875,88125,242663260000000,0,0,0
1,4151,242663260000000,242663260082375,242663266157250,6074875,6157250,82375,242663270000000,0,0,0
1,4152,242663270000000,242663270089250,242663276257500,6168250,6257500,89250,242663280000000,0,0,0
1,4153,242663280000000,242663280081250,242663286276000,6194750,6276000,81250,242663290000000,0,0,0
1,4154,242663290000000,242663290088000,242663295592750,5504750,5592750,88000,242663300000000,0,0,0
1,4155,242663300000000,242663300088625,242663306115375,6026750,6115375,88625,242663310000000,0,0,0
1,4156,242663310000000,242663310084250,242663316100500,6016250,6100500,84250,242663320000000,0,0,0
1,4157,242663320000000,242663320086500,242663326073125,5986625,6073125,86500,242663330000000,0,0,0
1,4158,242663330000000,242663330110250,242663335608375,5498125,5608375,110250,242663340000000,0,0,0
1,4159,242663340000000,242663340090125,242663346116000,6025875,6116000,90125,242663350000000,0,0,0
1,4160,242663350000000,242663350101625,242663356267625,6166000,6267625,101625,242663360000000,0,0,0
1,4161,242663360000000,242663360084125,242663365884250,5800125,5884250,84125,242663370000000,0,0,0
1,4162,242663370000000,242663370087125,242663376227625,6140500,6227625,87125,242663380000000,0,0,0
1,4163,242663380000000,242663380082625,242663386098750,6016125,6098750,82625,242663390000000,0,0,0
1,4164,242663390000000,242663390088750,242663395595500,5506750,5595500,88750,242663400000000,0,0,0
1,4165,242663400000000,242663400089000,242663406112000,6023000,6112000,89000,242663410000000,0,0,0
1,4166,242663410000000,242663410086875,242663416212625,6125750,6212625,86875,242663420000000,0,0,0
1,4167,242663420000000,242663420083125,242663426089625,6006500,6089625,83125,242663430000000,0,0,0
1,4168,242663430000000,242663430089375,242663436151750,6062375,6151750,89375,242663440000000,0,0,0
1,4169,242663440000000,242663440081375,242663446100000,6018625,6100000,81375,242663450000000,0,0,0
1,4170,242663450000000,242663450089500,242663456217875,6128375,6217875,89500,242663460000000,0,0,0
1,4171,242663460000000,242663460083500,242663465870250,5786750,5870250,83500,242663470000000,0,0,0
1,4172,242663470000000,242663470087375,242663476158250,6070875,6158250,87375,242663480000000,0,0,0
1,4173,242663480000000,242663480108625,242663486130375,6021750,6130375,108625,242663490000000,0,0,0
1,4174,242663490000000,242663490091375,242663496143375,6052000,6143375,91375,242663500000000,0,0,0
1,4175,242663500000000,242663500106625,242663506093625,5987000,6093625,106625,242663510000000,0,0,0
1,4176,242663510000000,242663510088375,242663516310875,6222500,6310875,88375,242663520000000,0,0,0
1,4177,242663520000000,242663520072750,242663526104875,6032125,6104875,72750,242663530000000,0,0,0
1,4178,242663530000000,242663530085375,242663536251000,6165625,6251000,85375,242663540000000,0,0,0
1,4179,242663540000000,242663540082625,242663546215625,6133000,6215625,82625,242663550000000,0,0,0
1,4180,242663550000000,242663550084000,242663556177250,6093250,6177250,84000,242663560000000,0,0,0
1,4181,242663560000000,242663560083500,242663566096625,6013125,6096625,83500,242663570000000,0,0,0
1,4182,242663570000000,242663570112500,242663576206625,6094125,6206625,112500,242663580000000,0,0,0
1,4183,242663580000000,242663580074625,242663586112625,6038000,6112625,74625,242663590000000,0,0,0
1,4184,242663590000000,242663590121875,242663595635875,5514000,5635875,121875,242663600000000,0,0,0
1,4185,242663600000000,242663600089375,242663606140875,6051500,6140875,89375,242663610000000,0,0,0
1,4186,242663610000000,242663610086000,242663616101625,6015625,6101625,86000,242663620000000,0,0,0
1,4187,242663620000000,242663620086750,242663626067375,5980625,6067375,86750,242663630000000,0,0,0
1,4188,242663630000000,242663630087375,242663636179000,6091625,6179000,87375,242663640000000,0,0,0
1,4189,242663640000000,242663640083750,242663646237625,6153875,6237625,83750,242663650000000,0,0,0
1,4190,242663650000000,242663650088250,242663655591000,5502750,5591000,88250,242663660000000,0,0,0
1,4191,242663660000000,242663660113750,242663666145875,6032125,6145875,113750,242663670000000,0,0,0
1,4192,242663670000000,242663670088375,242663676167250,6078875,6167250,88375,242663680000000,0,0,0
1,4193,242663680000000,242663680084375,242663686139125,6054750,6139125,84375,242663690000000,0,0,0
1,4194,242663690000000,242663690088250,242663696176625,6088375,6176625,88250,242663700000000,0,0,0
1,4195,242663700000000,242663700081250,242663706099625,6018375,6099625,81250,242663710000000,0,0,0
1,4196,242663710000000,242663710091750,242663716190500,6098750,6190500,91750,242663720000000,0,0,0
1,4197,242663720000000,242663720083375,242663726056625,5973250,6056625,83375,242663730000000,0,0,0
1,4198,242663730000000,242663730084125,242663735932875,5848750,5932875,84125,242663740000000,0,0,0
1,4199,242663740000000,242663740083125,242663746087625,6004500,6087625,83125,242663750000000,0,0,0
1,4200,242663750000000,242663750085375,242663756133625,6048250,6133625,85375,242663760000000,0,0,0
1,4201,242663760000000,242663760086750,242663765620750,5534000,5620750,86750,242663770000000,0,0,0
1,4202,242663770000000,242663770099625,242663776182750,6083125,6182750,99625,242663780000000,0,0,0
1,4203,242663780000000,242663780082500,242663785849000,5766500,5849000,82500,242663790000000,0,0,0
1,4204,242663790000000,242663790118250,242663796227875,6109625,6227875,118250,242663800000000,0,0,0
1,4205,242663800000000,242663800081000,242663806065875,5984875,6065875,81000,242663810000000,0,0,0
1,4206,242663810000000,242663810085500,242663816258125,6172625,6258125,85500,242663820000000,0,0,0
1,4207,242663820000000,242663820084250,242663826063000,5978750,6063000,84250,242663830000000,0,0,0
1,4208,242663830000000,242663830086625,242663836107750,6021125,6107750,86625,242663840000000,0,0,0
1,4209,242663840000000,242663840079250,242663846070250,5991000,6070250,79250,242663850000000,0,0,0
1,4210,242663850000000,242663850087250,242663856138625,6051375,6138625,87250,242663860000000,0,0,0
1,4211,242663860000000,242663860110625,242663866235625,6125000,6235625,110625,242663870000000,0,0,0
1,4212,242663870000000,242663870090500,242663876151875,6061375,6151875,90500,242663880000000,0,0,0
1,4213,242663880000000,242663880102625,242663885887500,5784875,5887500,102625,242663890000000,0,0,0
1,4214,242663890000000,242663890089250,242663896154375,6065125,6154375,89250,242663900000000,0,0,0
1,4215,242663900000000,242663900079125,242663906152875,6073750,6152875,79125,242663910000000,0,0,0
1,4216,242663910000000,242663910084875,242663916145250,6060375,6145250,84875,242663920000000,0,0,0
1,4217,242663920000000,242663920084000,242663926224000,6140000,6224000,84000,242663930000000,0,0,0
1,4218,242663930000000,242663930088250,242663936108250,6020000,6108250,88250,242663940000000,0,0,0
1,4219,242663940000000,242663940085750,242663946079875,5994125,6079875,85750,242663950000000,0,0,0
1,4220,242663950000000,242663950084375,242663956138500,6054125,6138500,84375,242663960000000,0,0,0
1,4221,242663960000000,242663960087000,242663966115875,6028875,6115875,87000,242663970000000,0,0,0
1,4222,242663970000000,242663970085250,242663976248625,6163375,6248625,85250,242663980000000,0,0,0
1,4223,242663980000000,242663980084125,242663986109500,6025375,6109500,84125,242663990000000,0,0,0
1,4224,242663990000000,242663990083000,242663996119625,6036625,6119625,83000,242664000000000,0,0,0
1,4225,242664000000000,242664000082250,242664006102250,6020000,6102250,82250,242664010000000,0,0,0
1,4226,242664010000000,242664010102250,242664016097625,5995375,6097625,102250,242664020000000,0,0,0
1,4227,242664020000000,242664020083875,242664026098250,6014375,6098250,83875,242664030000000,0,0,0
1,4228,242664030000000,242664030118625,242664035635000,5516375,5635000,118625,242664040000000,0,0,0
1,4229,242664040000000,242664040087250,242664046172000,6084750,6172000,87250,242664050000000,0,0,0
1,4230,242664050000000,242664050113000,242664056170875,6057875,6170875,113000,242664060000000,0,0,0
1,4231,242664060000000,242664060082500,242664065399000,5316500,5399000,82500,242664070000000,0,0,0
1,4232,242664070000000,242664070085875,242664076337250,6251375,6337250,85875,242664080000000,0,0,0
1,4233,242664080000000,242664080081250,242664086138375,6057125,6138375,81250,242664090000000,0,0,0
1,4234,242664090000000,242664090087500,242664096188625,6101125,6188625,87500,242664100000000,0,0,0
1,4235,242664100000000,242664100081250,242664106056875,5975625,6056875,81250,242664110000000,0,0,0
1,4236,242664110000000,242664110086125,242664115899000,5812875,5899000,86125,242664120000000,0,0,0
1,4237,242664120000000,242664120113500,242664126093875,5980375,6093875,113500,242664130000000,0,0,0
1,4238,242664130000000,242664130090750,242664136112750,6022000,6112750,90750,242664140000000,0,0,0
1,4239,242664140000000,242664140083250,242664145402750,5319500,5402750,83250,242664150000000,0,0,0
1,4240,242664150000000,242664150081750,242664156240875,6159125,6240875,81750,242664160000000,0,0,0
1,4241,242664160000000,242664160084000,242664166117875,6033875,6117875,84000,242664170000000,0,0,0
1,4242,242664170000000,242664170085875,242664176109500,6023625,6109500,85875,242664180000000,0,0,0
1,4243,242664180000000,242664180083625,242664185881875,5798250,5881875,83625,242664190000000,0,0,0
1,4244,242664190000000,242664190093375,242664196189125,6095750,6189125,93375,242664200000000,0,0,0
1,4245,242664200000000,242664200083500,242664206093125,6009625,6093125,83500,242664210000000,0,0,0
1,4246,242664210000000,242664210109500,242664216154500,6045000,6154500,109500,242664220000000,0,0,0
1,4247,242664220000000,242664220088625,242664226049875,5961250,6049875,88625,242664230000000,0,0,0
1,4248,242664230000000,242664230106750,242664236119250,6012500,6119250,106750,242664240000000,0,0,0
1,4249,242664240000000,242664240083750,242664246067250,5983500,6067250,83750,242664250000000,0,0,0
1,4250,242664250000000,242664250087000,242664256138750,6051750,6138750,87000,242664260000000,0,0,0
1,4251,242664260000000,242664260083125,242664266122000,6038875,6122000,83125,242664270000000,0,0,0
1,4252,242664270000000,242664270087000,242664276139375,6052375,6139375,87000,242664280000000,0,0,0
1,4253,242664280000000,242664280082875,242664286056625,5973750,6056625,82875,242664290000000,0,0,0
1,4254,242664290000000,242664290088625,242664296166250,6077625,6166250,88625,242664300000000,0,0,0
1,4255,242664300000000,242664300080000,242664306064375,5984375,6064375,80000,242664310000000,0,0,0
1,4256,242664310000000,242664310088375,242664316171250,6082875,6171250,88375,242664320000000,0,0,0
1,4257,242664320000000,242664320110000,242664326120000,6010000,6120000,110000,242664330000000,0,0,0
1,4258,242664330000000,242664330086625,242664335648125,5561500,5648125,86625,242664340000000,0,0,0
1,4259,242664340000000,242664340107750,242664346090125,5982375,6090125,107750,242664350000000,0,0,0
1,4260,242664350000000,242664350088750,242664356213375,6124625,6213375,88750,242664360000000,0,0,0
1,4261,242664360000000,242664360083500,242664366153250,6069750,6153250,83500,242664370000000,0,0,0
1,4262,242664370000000,242664370087500,242664375376500,5289000,5376500,87500,242664380000000,0,0,0
1,4263,242664380000000,242664380090250,242664386152750,6062500,6152750,90250,242664390000000,0,0,0
1,4264,242664390000000,242664390086125,242664395658250,5572125,5658250,86125,242664400000000,0,0,0
1,4265,242664400000000,242664400089500,242664406067875,5978375,6067875,89500,242664410000000,0,0,0
1,4266,242664410000000,242664410079000,242664416127250,6048250,6127250,79000,242664420000000,0,0,0
1,4267,242664420000000,242664420083875,242664426128250,6044375,6128250,83875,242664430000000,0,0,0
1,4268,242664430000000,242664430116875,242664436223750,6106875,6223750,116875,242664440000000,0,0,0
1,4269,242664440000000,242664440083625,242664446223875,6140250,6223875,83625,242664450000000,0,0,0
1,4270,242664450000000,242664450087500,242664456175625,6088125,6175625,87500,242664460000000,0,0,0
1,4271,242664460000000,242664460084625,242664466130500,6045875,6130500,84625,242664470000000,0,0,0
1,4272,242664470000000,242664470089125,242664476187000,6097875,6187000,89125,242664480000000,0,0,0
1,4273,242664480000000,242664480062500,242664486062500,6000000,6062500,62500,242664490000000,0,0,0
1,4274,242664490000000,242664490088125,242664496143750,6055625,6143750,88125,242664500000000,0,0,0
1,4275,242664500000000,242664500104375,242664506279750,6175375,6279750,104375,242664510000000,0,0,0
1,4276,242664510000000,242664510088125,242664516200375,6112250,6200375,88125,242664520000000,0,0,0
1,4277,242664520000000,242664520115250,242664526183000,6067750,6183000,115250,242664530000000,0,0,0
1,4278,242664530000000,242664530090500,242664536283000,6192500,6283000,90500,242664540000000,0,0,0
1,4279,242664540000000,242664540093625,242664545863750,5770125,5863750,93625,242664550000000,0,0,0
1,4280,242664550000000,242664550088625,242664556153375,6064750,6153375,88625,242664560000000,0,0,0
1,4281,242664560000000,242664560083250,242664566101375,6018125,6101375,83250,242664570000000,0,0,0
1,4282,242664570000000,242664570083625,242664576238500,6154875,6238500,83625,242664580000000,0,0,0
1,4283,242664580000000,242664580085000,242664586174000,6089000,6174000,85000,242664590000000,0,0,0
1,4284,242664590000000,242664590091125,242664596125500,6034375,6125500,91125,242664600000000,0,0,0
1,4285,242664600000000,242664600069500,242664606088375,6018875,6088375,69500,242664610000000,0,0,0
1,4286,242664610000000,242664610084750,242664616115250,6030500,6115250,84750,242664620000000,0,0,0
1,4287,242664620000000,242664620081750,242664626073750,5992000,6073750,81750,242664630000000,0,0,0
1,4288,242664630000000,242664630114875,242664636139375,6024500,6139375,114875,242664640000000,0,0,0
1,4289,242664640000000,242664640081500,242664645858750,5777250,5858750,81500,242664650000000,0,0,0
1,4290,242664650000000,242664650120875,242664656219000,6098125,6219000,120875,242664660000000,0,0,0
1,4291,242664660000000,242664660088000,242664666056375,5968375,6056375,88000,242664670000000,0,0,0
1,4292,242664670000000,242664670084500,242664675618125,5533625,5618125,84500,242664680000000,0,0,0
1,4293,242664680000000,242664680091375,242664686095375,6004000,6095375,91375,242664690000000,0,0,0
1,4294,242664690000000,242664690086500,242664695983125,5896625,5983125,86500,242664700000000,0,0,0
1,4295,242664700000000,242664700082375,242664706131125,6048750,6131125,82375,242664710000000,0,0,0
1,4296,242664710000000,242664710088625,242664716236750,6148125,6236750,88625,242664720000000,0,0,0
1,4297,242664720000000,242664720078250,242664725847625,5769375,5847625,78250,242664730000000,0,0,0
1,4298,242664730000000,242664730091125,242664736154000,6062875,6154000,91125,242664740000000,0,0,0
1,4299,242664740000000,242664740081875,242664746098250,6016375,6098250,81875,242664750000000,0,0,0
1,4300,242664750000000,242664750087250,242664756160500,6073250,6160500,87250,242664760000000,0,0,0
1,4301,242664760000000,242664760084000,242664766195750,6111750,6195750,84000,242664770000000,0,0,0
1,4302,242664770000000,242664770078125,242664776106125,6028000,6106125,78125,242664780000000,0,0,0
1,4303,242664780000000,242664780101875,242664785935125,5833250,5935125,101875,242664790000000,0,0,0
1,4304,242664790000000,242664790090750,242664796129375,6038625,6129375,90750,242664800000000,0,0,0
1,4305,242664800000000,242664800103250,242664806094250,5991000,6094250,103250,242664810000000,0,0,0
1,4306,242664810000000,242664810087375,242664816139500,6052125,6139500,87375,242664820000000,0,0,0
1,4307,242664820000000,242664820085875,242664826129000,6043125,6129000,85875,242664830000000,0,0,0
1,4308,242664830000000,242664830066125,242664836101125,6035000,6101125,66125,242664840000000,0,0,0
1,4309,242664840000000,242664840084875,242664846201625,6116750,6201625,84875,242664850000000,0,0,0
1,4310,242664850000000,242664850083750,242664856092250,6008500,6092250,83750,242664860000000,0,0,0
1,4311,242664860000000,242664860086875,242664865858750,5771875,5858750,86875,242664870000000,0,0,0
1,4312,242664870000000,242664870106500,242664876189250,6082750,6189250,106500,242664880000000,0,0,0
1,4313,242664880000000,242664880087250,242664885870125,5782875,5870125,87250,242664890000000,0,0,0
1,4314,242664890000000,242664890086750,242664896234625,6147875,6234625,86750,242664900000000,0,0,0
1,4315,242664900000000,242664900083250,242664906103500,6020250,6103500,83250,242664910000000,0,0,0
1,4316,242664910000000,242664910089250,242664916165250,6076000,6165250,89250,242664920000000,0,0,0
1,4317,242664920000000,242664920081125,242664925836625,5755500,5836625,81125,242664930000000,0,0,0
1,4318,242664930000000,242664930083125,242664936203750,6120625,6203750,83125,242664940000000,0,0,0
1,4319,242664940000000,242664940080750,242664946078750,5998000,6078750,80750,242664950000000,0,0,0
1,4320,242664950000000,242664950089500,242664956136000,6046500,6136000,89500,242664960000000,0,0,0
1,4321,242664960000000,242664960102875,242664966099250,5996375,6099250,102875,242664970000000,0,0,0
1,4322,242664970000000,242664970088500,242664976132750,6044250,6132750,88500,242664980000000,0,0,0
1,4323,242664980000000,242664980083250,242664986105000,6021750,6105000,83250,242664990000000,0,0,0
1,4324,242664990000000,242664990086625,242664996188000,6101375,6188000,86625,242665000000000,0,0,0
1,4325,242665000000000,242665000083375,242665006202000,6118625,6202000,83375,242665010000000,0,0,0
1,4326,242665010000000,242665010087250,242665015631750,5544500,5631750,87250,242665020000000,0,0,0
1,4327,242665020000000,242665020087750,242665025909375,5821625,5909375,87750,242665030000000,0,0,0
1,4328,242665030000000,242665030082875,242665036205375,6122500,6205375,82875,242665040000000,0,0,0
1,4329,242665040000000,242665040083750,242665046094375,6010625,6094375,83750,242665050000000,0,0,0
1,4330,242665050000000,242665050083000,242665056135875,6052875,6135875,83000,242665060000000,0,0,0
1,4331,242665060000000,242665060087125,242665066217250,6130125,6217250,87125,242665070000000,0,0,0
1,4332,242665070000000,242665070084500,242665076278250,6193750,6278250,84500,242665080000000,0,0,0
1,4333,242665080000000,242665080084625,242665086158250,6073625,6158250,84625,242665090000000,0,0,0
1,4334,242665090000000,242665090112750,242665096271125,6158375,6271125,112750,242665100000000,0,0,0
1,4335,242665100000000,242665100085250,242665106152500,6067250,6152500,85250,242665110000000,0,0,0
1,4336,242665110000000,242665110110875,242665115970625,5859750,5970625,110875,242665120000000,0,0,0
1,4337,242665120000000,242665120080750,242665126099125,6018375,6099125,80750,242665130000000,0,0,0
1,4338,242665130000000,242665130105250,242665136143625,6038375,6143625,105250,242665140000000,0,0,0
1,4339,242665140000000,242665140084500,242665145874375,5789875,5874375,84500,242665150000000,0,0,0
1,4340,242665150000000,242665150109000,242665156193125,6084125,6193125,109000,242665160000000,0,0,0
1,4341,242665160000000,242665160083375,242665166038125,5954750,6038125,83375,242665170000000,0,0,0
1,4342,242665170000000,242665170087000,242665175636750,5549750,5636750,87000,242665180000000,0,0,0
1,4343,242665180000000,242665180088500,242665185429375,5340875,5429375,88500,242665190000000,0,0,0
1,4344,242665190000000,242665190086000,242665196260250,6174250,6260250,86000,242665200000000,0,0,0
1,4345,242665200000000,242665200082750,242665206093750,6011000,6093750,82750,242665210000000,0,0,0
1,4346,242665210000000,242665210076250,242665215563375,5487125,5563375,76250,242665220000000,0,0,0
1,4347,242665220000000,242665220112250,242665225910250,5798000,5910250,112250,242665230000000,0,0,0
1,4348,242665230000000,242665230093250,242665236103250,6010000,6103250,93250,242665240000000,0,0,0
1,4349,242665240000000,242665240083875,242665246126250,6042375,6126250,83875,242665250000000,0,0,0
1,4350,242665250000000,242665250087375,242665256160125,6072750,6160125,87375,242665260000000,0,0,0
1,4351,242665260000000,242665260085500,242665266098250,6012750,6098250,85500,242665270000000,0,0,0
1,4352,242665270000000,242665270085875,242665276089875,6004000,6089875,85875,242665280000000,0,0,0
1,4353,242665280000000,242665280086500,242665285803125,5716625,5803125,86500,242665290000000,0,0,0
1,4354,242665290000000,242665290113375,242665296191500,6078125,6191500,113375,242665300000000,0,0,0
1,4355,242665300000000,242665300084250,242665306094500,6010250,6094500,84250,242665310000000,0,0,0
1,4356,242665310000000,242665310122500,242665315418750,5296250,5418750,122500,242665320000000,0,0,0
1,4357,242665320000000,242665320089750,242665326200375,6110625,6200375,89750,242665330000000,0,0,0
1,4358,242665330000000,242665330114375,242665336104250,5989875,6104250,114375,242665340000000,0,0,0
1,4359,242665340000000,242665340082875,242665346079750,5996875,6079750,82875,242665350000000,0,0,0
1,4360,242665350000000,242665350124625,242665356154875,6030250,6154875,124625,242665360000000,0,0,0
1,4361,242665360000000,242665360083500,242665365832000,5748500,5832000,83500,242665370000000,0,0,0
1,4362,242665370000000,242665370087500,242665376198125,6110625,6198125,87500,242665380000000,0,0,0
1,4363,242665380000000,242665380082000,242665386073625,5991625,6073625,82000,242665390000000,0,0,0
1,4364,242665390000000,242665390086250,242665396292500,6206250,6292500,86250,242665400000000,0,0,0
1,4365,242665400000000,242665400084500,242665405874500,5790000,5874500,84500,242665410000000,0,0,0
1,4366,242665410000000,242665410087750,242665416195875,6108125,6195875,87750,242665420000000,0,0,0
1,4367,242665420000000,242665420081625,242665426084250,6002625,6084250,81625,242665430000000,0,0,0
1,4368,242665430000000,242665430086750,242665436173000,6086250,6173000,86750,242665440000000,0,0,0
1,4369,242665440000000,242665440110625,242665446275375,6164750,6275375,110625,242665450000000,0,0,0
1,4370,242665450000000,242665450087500,242665455913500,5826000,5913500,87500,242665460000000,0,0,0
1,4371,242665460000000,242665460119500,242665466148000,6028500,6148000,119500,242665470000000,0,0,0
1,4372,242665470000000,242665470089000,242665475583875,5494875,5583875,89000,242665480000000,0,0,0
1,4373,242665480000000,242665480089250,242665485894625,5805375,5894625,89250,242665490000000,0,0,0
1,4374,242665490000000,242665490089625,242665495674375,5584750,5674375,89625,242665500000000,0,0,0
1,4375,242665500000000,242665500080250,242665505447500,5367250,5447500,80250,242665510000000,0,0,0
1,4376,242665510000000,242665510084125,242665516247125,6163000,6247125,84125,242665520000000,0,0,0
1,4377,242665520000000,242665520083625,242665526094000,6010375,6094000,83625,242665530000000,0,0,0
1,4378,242665530000000,242665530079125,242665536086250,6007125,6086250,79125,242665540000000,0,0,0
1,4379,242665540000000,242665540081250,242665546053875,5972625,6053875,81250,242665550000000,0,0,0
1,4380,242665550000000,242665550114875,242665556164375,6049500,6164375,114875,242665560000000,0,0,0
1,4381,242665560000000,242665560082000,242665566154750,6072750,6154750,82000,242665570000000,0,0,0
1,4382,242665570000000,242665570083250,242665576157750,6074500,6157750,83250,242665580000000,0,0,0
1,4383,242665580000000,242665580082000,242665586148250,6066250,6148250,82000,242665590000000,0,0,0
1,4384,242665590000000,242665590088875,242665596175000,6086125,6175000,88875,242665600000000,0,0,0
1,4385,242665600000000,242665600084250,242665606071000,5986750,6071000,84250,242665610000000,0,0,0
1,4386,242665610000000,242665610088875,242665616170250,6081375,6170250,88875,242665620000000,0,0,0
1,4387,242665620000000,242665620069125,242665626122875,6053750,6122875,69125,242665630000000,0,0,0
1,4388,242665630000000,242665630087250,242665636122500,6035250,6122500,87250,242665640000000,0,0,0
1,4389,242665640000000,242665640080750,242665646208125,6127375,6208125,80750,242665650000000,0,0,0
1,4390,242665650000000,242665650090250,242665655997375,5907125,5997375,90250,242665660000000,0,0,0
1,4391,242665660000000,242665660114500,242665666159875,6045375,6159875,114500,242665670000000,0,0,0
1,4392,242665670000000,242665670091750,242665676215125,6123375,6215125,91750,242665680000000,0,0,0
1,4393,242665680000000,242665680083875,242665686128375,6044500,6128375,83875,242665690000000,0,0,0
1,4394,242665690000000,242665690065500,242665695418500,5353000,5418500,65500,242665700000000,0,0,0
1,4395,242665700000000,242665700084375,242665706103875,6019500,6103875,84375,242665710000000,0,0,0
1,4396,242665710000000,242665710088375,242665716077625,5989250,6077625,88375,242665720000000,0,0,0
1,4397,242665720000000,242665720084000,242665726068375,5984375,6068375,84000,242665730000000,0,0,0
1,4398,242665730000000,242665730074625,242665736110250,6035625,6110250,74625,242665740000000,0,0,0
1,4399,242665740000000,242665740083250,242665745405125,5321875,5405125,83250,242665750000000,0,0,0
1,4400,242665750000000,242665750115250,242665756238500,6123250,6238500,115250,242665760000000,0,0,0
1,4401,242665760000000,242665760087000,242665766168250,6081250,6168250,87000,242665770000000,0,0,0
1,4402,242665770000000,242665770077250,242665776151875,6074625,6151875,77250,242665780000000,0,0,0
1,4403,242665780000000,242665780086500,242665786120125,6033625,6120125,86500,242665790000000,0,0,0
1,4404,242665790000000,242665790088000,242665796190500,6102500,6190500,88000,242665800000000,0,0,0
1,4405,242665800000000,242665800085625,242665806092000,6006375,6092000,85625,242665810000000,0,0,0
1,4406,242665810000000,242665810087375,242665816143125,6055750,6143125,87375,242665820000000,0,0,0
1,4407,242665820000000,242665820072750,242665825836250,5763500,5836250,72750,242665830000000,0,0,0
1,4408,242665830000000,242665830086375,242665835899000,5812625,5899000,86375,242665840000000,0,0,0
1,4409,242665840000000,242665840118250,242665846088875,5970625,6088875,118250,242665850000000,0,0,0
1,4410,242665850000000,242665850084375,242665856247375,6163000,6247375,84375,242665860000000,0,0,0
1,4411,242665860000000,242665860085375,242665866123250,6037875,6123250,85375,242665870000000,0,0,0
1,4412,242665870000000,242665870088500,242665876123000,6034500,6123000,88500,242665880000000,0,0,0
1,4413,242665880000000,242665880082750,242665886116625,6033875,6116625,82750,242665890000000,0,0,0
1,4414,242665890000000,242665890089375,242665896099375,6010000,6099375,89375,242665900000000,0,0,0
1,4415,242665900000000,242665900081875,242665906025000,5943125,6025000,81875,242665910000000,0,0,0
1,4416,242665910000000,242665910083375,242665916180875,6097500,6180875,83375,242665920000000,0,0,0
1,4417,242665920000000,242665920084250,242665926101000,6016750,6101000,84250,242665930000000,0,0,0
1,4418,242665930000000,242665930085500,242665936162875,6077375,6162875,85500,242665940000000,0,0,0
1,4419,242665940000000,242665940081750,242665946105000,6023250,6105000,81750,242665950000000,0,0,0
1,4420,242665950000000,242665950084375,242665956269250,6184875,6269250,84375,242665960000000,0,0,0
1,4421,242665960000000,242665960083250,242665965403750,5320500,5403750,83250,242665970000000,0,0,0
1,4422,242665970000000,242665970111875,242665976151375,6039500,6151375,111875,242665980000000,0,0,0
1,4423,242665980000000,242665980083625,242665986072000,5988375,6072000,83625,242665990000000,0,0,0
1,4424,242665990000000,242665990118500,242665996174875,6056375,6174875,118500,242666000000000,0,0,0
1,4425,242666000000000,242666000087750,242666006102250,6014500,6102250,87750,242666010000000,0,0,0
1,4426,242666010000000,242666010104750,242666016131125,6026375,6131125,104750,242666020000000,0,0,0
1,4427,242666020000000,242666020084750,242666026066750,5982000,6066750,84750,242666030000000,0,0,0
1,4428,242666030000000,242666030084125,242666036233375,6149250,6233375,84125,242666040000000,0,0,0
1,4429,242666040000000,242666040085875,242666046247125,6161250,6247125,85875,242666050000000,0,0,0
1,4430,242666050000000,242666050088625,242666056155875,6067250,6155875,88625,242666060000000,0,0,0
1,4431,242666060000000,242666060088125,242666066017875,5929750,6017875,88125,242666070000000,0,0,0
1,4432,242666070000000,242666070088000,242666076148125,6060125,6148125,88000,242666080000000,0,0,0
1,4433,242666080000000,242666080099750,242666086085625,5985875,6085625,99750,242666090000000,0,0,0
1,4434,242666090000000,242666090090500,242666096138875,6048375,6138875,90500,242666100000000,0,0,0
1,4435,242666100000000,242666100116625,242666105690125,5573500,5690125,116625,242666110000000,0,0,0
1,4436,242666110000000,242666110085875,242666116144875,6059000,6144875,85875,242666120000000,0,0,0
1,4437,242666120000000,242666120111000,242666125939500,5828500,5939500,111000,242666130000000,0,0,0
1,4438,242666130000000,242666130089875,242666136192875,6103000,6192875,89875,242666140000000,0,0,0
1,4439,242666140000000,242666140084250,242666146087250,6003000,6087250,84250,242666150000000,0,0,0
1,4440,242666150000000,242666150085500,242666155598125,5512625,5598125,85500,242666160000000,0,0,0
1,4441,242666160000000,242666160091250,242666166214625,6123375,6214625,91250,242666170000000,0,0,0
1,4442,242666170000000,242666170087250,242666176161375,6074125,6161375,87250,242666180000000,0,0,0
1,4443,242666180000000,242666180078375,242666186242250,6163875,6242250,78375,242666190000000,0,0,0
1,4444,242666190000000,242666190077250,242666196148625,6071375,6148625,77250,242666200000000,0,0,0
1,4445,242666200000000,242666200082125,242666206080375,5998250,6080375,82125,242666210000000,0,0,0
1,4446,242666210000000,242666210116375,242666216266375,6150000,6266375,116375,242666220000000,0,0,0
1,4447,242666220000000,242666220086500,242666226124375,6037875,6124375,86500,242666230000000,0,0,0
1,4448,242666230000000,242666230074625,242666236149000,6074375,6149000,74625,242666240000000,0,0,0
1,4449,242666240000000,242666240084750,242666245916375,5831625,5916375,84750,242666250000000,0,0,0
1,4450,242666250000000,242666250086000,242666255664625,5578625,5664625,86000,242666260000000,0,0,0
1,4451,242666260000000,242666260088000,242666266169375,6081375,6169375,88000,242666270000000,0,0,0
1,4452,242666270000000,242666270085125,242666276173625,6088500,6173625,85125,242666280000000,0,0,0
1,4453,242666280000000,242666280082125,242666286090875,6008750,6090875,82125,242666290000000,0,0,0
1,4454,242666290000000,242666290088625,242666296108875,6020250,6108875,88625,242666300000000,0,0,0
1,4455,242666300000000,242666300113875,242666306107375,5993500,6107375,113875,242666310000000,0,0,0
1,4456,242666310000000,242666310087875,242666316114750,6026875,6114750,87875,242666320000000,0,0,0
1,4457,242666320000000,242666320083875,242666326169125,6085250,6169125,83875,242666330000000,0,0,0
1,4458,242666330000000,242666330087375,242666335553375,5466000,5553375,87375,242666340000000,0,0,0
1,4459,242666340000000,242666340087250,242666346134625,6047375,6134625,87250,242666350000000,0,0,0
1,4460,242666350000000,242666350085375,242666356136750,6051375,6136750,85375,242666360000000,0,0,0
1,4461,242666360000000,242666360084250,242666365952500,5868250,5952500,84250,242666370000000,0,0,0
1,4462,242666370000000,242666370114750,242666375630250,5515500,5630250,114750,242666380000000,0,0,0
1,4463,242666380000000,242666380087625,242666386131500,6043875,6131500,87625,242666390000000,0,0,0
1,4464,242666390000000,242666390101125,242666396142125,6041000,6142125,101125,242666400000000,0,0,0
1,4465,242666400000000,242666400083625,242666406091375,6007750,6091375,83625,242666410000000,0,0,0
1,4466,242666410000000,242666410087000,242666416164375,6077375,6164375,87000,242666420000000,0,0,0
1,4467,242666420000000,242666420078625,242666426094750,6016125,6094750,78625,242666430000000,0,0,0
1,4468,242666430000000,242666430087000,242666435946000,5859000,5946000,87000,242666440000000,0,0,0
1,4469,242666440000000,242666440081250,242666445595125,5513875,5595125,81250,242666450000000,0,0,0
1,4470,242666450000000,242666450083375,242666456180500,6097125,6180500,83375,242666460000000,0,0,0
1,4471,242666460000000,242666460082000,242666466050125,5968125,6050125,82000,242666470000000,0,0,0
1,4472,242666470000000,242666470091625,242666476156125,6064500,6156125,91625,242666480000000,0,0,0
1,4473,242666480000000,242666480115125,242666486190125,6075000,6190125,115125,242666490000000,0,0,0
1,4474,242666490000000,242666490089125,242666496230750,6141625,6230750,89125,242666500000000,0,0,0
1,4475,242666500000000,242666500119875,242666506117375,5997500,6117375,119875,242666510000000,0,0,0
1,4476,242666510000000,242666510089625,242666516285375,6195750,6285375,89625,242666520000000,0,0,0
1,4477,242666520000000,242666520082875,242666526087750,6004875,6087750,82875,242666530000000,0,0,0
1,4478,242666530000000,242666530077125,242666536091000,6013875,6091000,77125,242666540000000,0,0,0
1,4479,242666540000000,242666540085625,242666545887000,5801375,5887000,85625,242666550000000,0,0,0
1,4480,242666550000000,242666550087750,242666556174875,6087125,6174875,87750,242666560000000,0,0,0
1,4481,242666560000000,242666560085625,242666566090500,6004875,6090500,85625,242666570000000,0,0,0
1,4482,242666570000000,242666570083500,242666576120250,6036750,6120250,83500,242666580000000,0,0,0
1,4483,242666580000000,242666580086375,242666586099875,6013500,6099875,86375,242666590000000,0,0,0
1,4484,242666590000000,242666590066250,242666595568250,5502000,5568250,66250,242666600000000,0,0,0
1,4485,242666600000000,242666600104000,242666606152000,6048000,6152000,104000,242666610000000,0,0,0
1,4486,242666610000000,242666610075125,242666616067750,5992625,6067750,75125,242666620000000,0,0,0
1,4487,242666620000000,242666620082875,242666626085375,6002500,6085375,82875,242666630000000,0,0,0
1,4488,242666630000000,242666630098875,242666635593625,5494750,5593625,98875,242666640000000,0,0,0
1,4489,242666640000000,242666640073500,242666646056875,5983375,6056875,73500,242666650000000,0,0,0
1,4490,242666650000000,242666650100000,242666655969500,5869500,5969500,100000,242666660000000,0,0,0
1,4491,242666660000000,242666660078875,242666665856750,5777875,5856750,78875,242666670000000,0,0,0
1,4492,242666670000000,242666670100500,242666676164500,6064000,6164500,100500,242666680000000,0,0,0
1,4493,242666680000000,242666680084250,242666686073250,5989000,6073250,84250,242666690000000,0,0,0
1,4494,242666690000000,242666690080625,242666696183625,6103000,6183625,80625,242666700000000,0,0,0
1,4495,242666700000000,242666700085125,242666706069125,5984000,6069125,85125,242666710000000,0,0,0
1,4496,242666710000000,242666710089375,242666716172375,6083000,6172375,89375,242666720000000,0,0,0
1,4497,242666720000000,242666720082125,242666726172000,6089875,6172000,82125,242666730000000,0,0,0
1,4498,242666730000000,242666730087875,242666735607125,5519250,5607125,87875,242666740000000,0,0,0
1,4499,242666740000000,242666740084625,242666745853000,5768375,5853000,84625,242666750000000,0,0,0
1,4500,242666750000000,242666750086250,242666756315625,6229375,6315625,86250,242666760000000,0,0,0
1,4501,242666760000000,242666760078000,242666765619375,5541375,5619375,78000,242666770000000,0,0,0
1,4502,242666770000000,242666770077125,242666776137750,6060625,6137750,77125,242666780000000,0,0,0
1,4503,242666780000000,242666780098125,242666786136125,6038000,6136125,98125,242666790000000,0,0,0
1,4504,242666790000000,242666790088375,242666795595500,5507125,5595500,88375,242666800000000,0,0,0
1,4505,242666800000000,242666800101125,242666806185375,6084250,6185375,101125,242666810000000,0,0,0
1,4506,242666810000000,242666810086375,242666816262250,6175875,6262250,86375,242666820000000,0,0,0
1,4507,242666820000000,242666820081625,242666826178875,6097250,6178875,81625,242666830000000,0,0,0
1,4508,242666830000000,242666830087750,242666836247625,6159875,6247625,87750,242666840000000,0,0,0
1,4509,242666840000000,242666840077375,242666846119250,6041875,6119250,77375,242666850000000,0,0,0
1,4510,242666850000000,242666850089125,242666855386250,5297125,5386250,89125,242666860000000,0,0,0
1,4511,242666860000000,242666860086125,242666866156625,6070500,6156625,86125,242666870000000,0,0,0
1,4512,242666870000000,242666870086875,242666876135250,6048375,6135250,86875,242666880000000,0,0,0
1,4513,242666880000000,242666880087625,242666886175375,6087750,6175375,87625,242666890000000,0,0,0
1,4514,242666890000000,242666890086500,242666896136750,6050250,6136750,86500,242666900000000,0,0,0
1,4515,242666900000000,242666900084875,242666906100750,6015875,6100750,84875,242666910000000,0,0,0
1,4516,242666910000000,242666910118250,242666916143875,6025625,6143875,118250,242666920000000,0,0,0
1,4517,242666920000000,242666920083875,242666926053875,5970000,6053875,83875,242666930000000,0,0,0
1,4518,242666930000000,242666930087625,242666935626000,5538375,5626000,87625,242666940000000,0,0,0
1,4519,242666940000000,242666940088375,242666945916625,5828250,5916625,88375,242666950000000,0,0,0
1,4520,242666950000000,242666950088125,242666956119250,6031125,6119250,88125,242666960000000,0,0,0
1,4521,242666960000000,242666960082750,242666966087500,6004750,6087500,82750,242666970000000,0,0,0
1,4522,242666970000000,242666970086500,242666976260000,6173500,6260000,86500,242666980000000,0,0,0
1,4523,242666980000000,242666980079500,242666986089250,6009750,6089250,79500,242666990000000,0,0,0
1,4524,242666990000000,242666990088000,242666995581625,5493625,5581625,88000,242667000000000,0,0,0
1,4525,242667000000000,242667000113250,242667006160750,6047500,6160750,113250,242667010000000,0,0,0
1,4526,242667010000000,242667010087125,242667015573375,5486250,5573375,87125,242667020000000,0,0,0
1,4527,242667020000000,242667020101375,242667026159875,6058500,6159875,101375,242667030000000,0,0,0
1,4528,242667030000000,242667030089875,242667036142375,6052500,6142375,89875,242667040000000,0,0,0
1,4529,242667040000000,242667040083250,242667046122375,6039125,6122375,83250,242667050000000,0,0,0
1,4530,242667050000000,242667050086500,242667056093250,6006750,6093250,86500,242667060000000,0,0,0
1,4531,242667060000000,242667060080250,242667066117250,6037000,6117250,80250,242667070000000,0,0,0
1,4532,242667070000000,242667070083375,242667076142500,6059125,6142500,83375,242667080000000,0,0,0
1,4533,242667080000000,242667080081750,242667086107500,6025750,6107500,81750,242667090000000,0,0,0
1,4534,242667090000000,242667090115000,242667096125500,6010500,6125500,115000,242667100000000,0,0,0
1,4535,242667100000000,242667100083875,242667106028500,5944625,6028500,83875,242667110000000,0,0,0
1,4536,242667110000000,242667110119375,242667116162875,6043500,6162875,119375,242667120000000,0,0,0
1,4537,242667120000000,242667120086125,242667126102875,6016750,6102875,86125,242667130000000,0,0,0
1,4538,242667130000000,242667130088375,242667136225500,6137125,6225500,88375,242667140000000,0,0,0
1,4539,242667140000000,242667140084000,242667146113750,6029750,6113750,84000,242667150000000,0,0,0
1,4540,242667150000000,242667150087250,242667156159125,6071875,6159125,87250,242667160000000,0,0,0
1,4541,242667160000000,242667160081625,242667166106875,6025250,6106875,81625,242667170000000,0,0,0
1,4542,242667170000000,242667170086375,242667176149375,6063000,6149375,86375,242667180000000,0,0,0
1,4543,242667180000000,242667180083625,242667185854750,5771125,5854750,83625,242667190000000,0,0,0
1,4544,242667190000000,242667190087375,242667196138875,6051500,6138875,87375,242667200000000,0,0,0
1,4545,242667200000000,242667200111875,242667205645125,5533250,5645125,111875,242667210000000,0,0,0
1,4546,242667210000000,242667210085125,242667216149250,6064125,6149250,85125,242667220000000,0,0,0
1,4547,242667220000000,242667220082625,242667226137125,6054500,6137125,82625,242667230000000,0,0,0
1,4548,242667230000000,242667230086625,242667236117375,6030750,6117375,86625,242667240000000,0,0,0
1,4549,242667240000000,242667240082000,242667245882125,5800125,5882125,82000,242667250000000,0,0,0
1,4550,242667250000000,242667250074125,242667256192750,6118625,6192750,74125,242667260000000,0,0,0
1,4551,242667260000000,242667260081875,242667265880750,5798875,5880750,81875,242667270000000,0,0,0
1,4552,242667270000000,242667270089250,242667276132125,6042875,6132125,89250,242667280000000,0,0,0
1,4553,242667280000000,242667280086875,242667286024625,5937750,6024625,86875,242667290000000,0,0,0
1,4554,242667290000000,242667290083625,242667296115875,6032250,6115875,83625,242667300000000,0,0,0
1,4555,242667300000000,242667300090000,242667306092375,6002375,6092375,90000,242667310000000,0,0,0
1,4556,242667310000000,242667310084500,242667316059000,5974500,6059000,84500,242667320000000,0,0,0
1,4557,242667320000000,242667320084125,242667326111250,6027125,6111250,84125,242667330000000,0,0,0
1,4558,242667330000000,242667330082375,242667336093875,6011500,6093875,82375,242667340000000,0,0,0
1,4559,242667340000000,242667340086125,242667346120375,6034250,6120375,86125,242667350000000,0,0,0
1,4560,242667350000000,242667350082250,242667356131500,6049250,6131500,82250,242667360000000,0,0,0
1,4561,242667360000000,242667360081750,242667366115000,6033250,6115000,81750,242667370000000,0,0,0
1,4562,242667370000000,242667370113500,242667376155625,6042125,6155625,113500,242667380000000,0,0,0
1,4563,242667380000000,242667380086875,242667386090000,6003125,6090000,86875,242667390000000,0,0,0
1,4564,242667390000000,242667390085500,242667395598375,5512875,5598375,85500,242667400000000,0,0,0
1,4565,242667400000000,242667400086625,242667406150750,6064125,6150750,86625,242667410000000,0,0,0
1,4566,242667410000000,242667410090250,242667416208250,6118000,6208250,90250,242667420000000,0,0,0
1,4567,242667420000000,242667420082250,242667425589625,5507375,5589625,82250,242667430000000,0,0,0
1,4568,242667430000000,242667430084125,242667436143750,6059625,6143750,84125,242667440000000,0,0,0
1,4569,242667440000000,242667440104000,242667446104125,6000125,6104125,104000,242667450000000,0,0,0
1,4570,242667450000000,242667450088625,242667456214750,6126125,6214750,88625,242667460000000,0,0,0
1,4571,242667460000000,242667460077500,242667465871750,5794250,5871750,77500,242667470000000,0,0,0
1,4572,242667470000000,242667470088375,242667476175000,6086625,6175000,88375,242667480000000,0,0,0
1,4573,242667480000000,242667480085250,242667486066625,5981375,6066625,85250,242667490000000,0,0,0
1,4574,242667490000000,242667490083250,242667496115000,6031750,6115000,83250,242667500000000,0,0,0
1,4575,242667500000000,242667500083750,242667505966000,5882250,5966000,83750,242667510000000,0,0,0
1,4576,242667510000000,242667510115375,242667516204500,6089125,6204500,115375,242667520000000,0,0,0
1,4577,242667520000000,242667520086875,242667526116250,6029375,6116250,86875,242667530000000,0,0,0
1,4578,242667530000000,242667530087000,242667536165750,6078750,6165750,87000,242667540000000,0,0,0
1,4579,242667540000000,242667540083375,242667546074375,5991000,6074375,83375,242667550000000,0,0,0
1,4580,242667550000000,242667550064125,242667556091500,6027375,6091500,64125,242667560000000,0,0,0
1,4581,242667560000000,242667560081625,242667566069000,5987375,6069000,81625,242667570000000,0,0,0
1,4582,242667570000000,242667570085625,242667576108875,6023250,6108875,85625,242667580000000,0,0,0
1,4583,242667580000000,242667580111500,242667585892750,5781250,5892750,111500,242667590000000,0,0,0
1,4584,242667590000000,242667590088125,242667596156875,6068750,6156875,88125,242667600000000,0,0,0
1,4585,242667600000000,242667600117875,242667606184500,6066625,6184500,117875,242667610000000,0,0,0
1,4586,242667610000000,242667610085375,242667616120500,6035125,6120500,85375,242667620000000,0,0,0
1,4587,242667620000000,242667620084875,242667626065000,5980125,6065000,84875,242667630000000,0,0,0
1,4588,242667630000000,242667630086750,242667636149375,6062625,6149375,86750,242667640000000,0,0,0
1,4589,242667640000000,242667640084375,242667646176375,6092000,6176375,84375,242667650000000,0,0,0
1,4590,242667650000000,242667650084625,242667656142125,6057500,6142125,84625,242667660000000,0,0,0
1,4591,242667660000000,242667660068625,242667666191375,6122750,6191375,68625,242667670000000,0,0,0
1,4592,242667670000000,242667670085125,242667676205375,6120250,6205375,85125,242667680000000,0,0,0
1,4593,242667680000000,242667680082625,242667686043125,5960500,6043125,82625,242667690000000,0,0,0
1,4594,242667690000000,242667690113250,242667696204125,6090875,6204125,113250,242667700000000,0,0,0
1,4595,242667700000000,242667700083125,242667705847250,5764125,5847250,83125,242667710000000,0,0,0
1,4596,242667710000000,242667710126125,242667716161500,6035375,6161500,126125,242667720000000,0,0,0
1,4597,242667720000000,242667720085625,242667726097500,6011875,6097500,85625,242667730000000,0,0,0
1,4598,242667730000000,242667730089000,242667736148500,6059500,6148500,89000,242667740000000,0,0,0
1,4599,242667740000000,242667740083500,242667745889875,5806375,5889875,83500,242667750000000,0,0,0
1,4600,242667750000000,242667750090250,242667756196375,6106125,6196375,90250,242667760000000,0,0,0
1,4601,242667760000000,242667760081750,242667766089000,6007250,6089000,81750,242667770000000,0,0,0
1,4602,242667770000000,242667770078250,242667776272125,6193875,6272125,78250,242667780000000,0,0,0
1,4603,242667780000000,242667780083125,242667786076625,5993500,6076625,83125,242667790000000,0,0,0
1,4604,242667790000000,242667790087250,242667795366750,5279500,5366750,87250,242667800000000,0,0,0
1,4605,242667800000000,242667800117750,242667806211875,6094125,6211875,117750,242667810000000,0,0,0
1,4606,242667810000000,242667810093875,242667815583500,5489625,5583500,93875,242667820000000,0,0,0
1,4607,242667820000000,242667820089875,242667825663375,5573500,5663375,89875,242667830000000,0,0,0
1,4608,242667830000000,242667830083875,242667836130500,6046625,6130500,83875,242667840000000,0,0,0
1,4609,242667840000000,242667840067625,242667846180875,6113250,6180875,67625,242667850000000,0,0,0
1,4610,242667850000000,242667850084625,242667856083875,5999250,6083875,84625,242667860000000,0,0,0
1,4611,242667860000000,242667860077500,242667866103000,6025500,6103000,77500,242667870000000,0,0,0
1,4612,242667870000000,242667870106625,242667875601500,5494875,5601500,106625,242667880000000,0,0,0
1,4613,242667880000000,242667880091000,242667886137625,6046625,6137625,91000,242667890000000,0,0,0
1,4614,242667890000000,242667890102125,242667896161875,6059750,6161875,102125,242667900000000,0,0,0
1,4615,242667900000000,242667900085500,242667905393000,5307500,5393000,85500,242667910000000,0,0,0
1,4616,242667910000000,242667910086250,242667916176000,6089750,6176000,86250,242667920000000,0,0,0
1,4617,242667920000000,242667920087000,242667926169250,6082250,6169250,87000,242667930000000,0,0,0
1,4618,242667930000000,242667930086250,242667936182750,6096500,6182750,86250,242667940000000,0,0,0
1,4619,242667940000000,242667940084000,242667946080250,5996250,6080250,84000,242667950000000,0,0,0
1,4620,242667950000000,242667950088000,242667956184000,6096000,6184000,88000,242667960000000,0,0,0
1,4621,242667960000000,242667960081375,242667966150875,6069500,6150875,81375,242667970000000,0,0,0
1,4622,242667970000000,242667970087125,242667976178500,6091375,6178500,87125,242667980000000,0,0,0
1,4623,242667980000000,242667980105250,242667986068125,5962875,6068125,105250,242667990000000,0,0,0
1,4624,242667990000000,242667990088125,242667995570750,5482625,5570750,88125,242668000000000,0,0,0
1,4625,242668000000000,242668000065375,242668006007875,5942500,6007875,65375,242668010000000,0,0,0
1,4626,242668010000000,242668010083750,242668016118875,6035125,6118875,83750,242668020000000,0,0,0
1,4627,242668020000000,242668020085750,242668026113250,6027500,6113250,85750,242668030000000,0,0,0
1,4628,242668030000000,242668030085375,242668036095750,6010375,6095750,85375,242668040000000,0,0,0
1,4629,242668040000000,242668040084750,242668046155875,6071125,6155875,84750,242668050000000,0,0,0
1,4630,242668050000000,242668050086375,242668056287375,6201000,6287375,86375,242668060000000,0,0,0
1,4631,242668060000000,242668060084125,242668066116250,6032125,6116250,84125,242668070000000,0,0,0
1,4632,242668070000000,242668070113000,242668075408000,5295000,5408000,113000,242668080000000,0,0,0
1,4633,242668080000000,242668080087500,242668085899375,5811875,5899375,87500,242668090000000,0,0,0
1,4634,242668090000000,242668090105250,242668096197625,6092375,6197625,105250,242668100000000,0,0,0
1,4635,242668100000000,242668100085000,242668106095250,6010250,6095250,85000,242668110000000,0,0,0
1,4636,242668110000000,242668110085000,242668116050250,5965250,6050250,85000,242668120000000,0,0,0
1,4637,242668120000000,242668120087500,242668126064000,5976500,6064000,87500,242668130000000,0,0,0
1,4638,242668130000000,242668130087375,242668136138250,6050875,6138250,87375,242668140000000,0,0,0
1,4639,242668140000000,242668140082250,242668146167125,6084875,6167125,82250,242668150000000,0,0,0
1,4640,242668150000000,242668150085625,242668156096750,6011125,6096750,85625,242668160000000,0,0,0
1,4641,242668160000000,242668160109750,242668165389000,5279250,5389000,109750,242668170000000,0,0,0
1,4642,242668170000000,242668170085375,242668176157250,6071875,6157250,85375,242668180000000,0,0,0
1,4643,242668180000000,242668180096125,242668185878750,5782625,5878750,96125,242668190000000,0,0,0
1,4644,242668190000000,242668190088500,242668196186625,6098125,6186625,88500,242668200000000,0,0,0
1,4645,242668200000000,242668200113250,242668206110500,5997250,6110500,113250,242668210000000,0,0,0
1,4646,242668210000000,242668210087125,242668216079625,5992500,6079625,87125,242668220000000,0,0,0
1,4647,242668220000000,242668220083500,242668226112250,6028750,6112250,83500,242668230000000,0,0,0
1,4648,242668230000000,242668230086750,242668235919000,5832250,5919000,86750,242668240000000,0,0,0
1,4649,242668240000000,242668240086750,242668246094250,6007500,6094250,86750,242668250000000,0,0,0
1,4650,242668250000000,242668250088000,242668256175750,6087750,6175750,88000,242668260000000,0,0,0
1,4651,242668260000000,242668260081375,242668266159125,6077750,6159125,81375,242668270000000,0,0,0
1,4652,242668270000000,242668270075875,242668276158500,6082625,6158500,75875,242668280000000,0,0,0
1,4653,242668280000000,242668280084375,242668286048375,5964000,6048375,84375,242668290000000,0,0,0
1,4654,242668290000000,242668290083750,242668296123500,6039750,6123500,83750,242668300000000,0,0,0
1,4655,242668300000000,242668300085125,242668306093625,6008500,6093625,85125,242668310000000,0,0,0
1,4656,242668310000000,242668310083500,242668315869000,5785500,5869000,83500,242668320000000,0,0,0
1,4657,242668320000000,242668320088000,242668325864125,5776125,5864125,88000,242668330000000,0,0,0
1,4658,242668330000000,242668330114125,242668336193000,6078875,6193000,114125,242668340000000,0,0,0
1,4659,242668340000000,242668340084875,242668346146000,6061125,6146000,84875,242668350000000,0,0,0
1,4660,242668350000000,242668350088250,242668356143250,6055000,6143250,88250,242668360000000,0,0,0
1,4661,242668360000000,242668360079250,242668365913000,5833750,5913000,79250,242668370000000,0,0,0
1,4662,242668370000000,242668370088875,242668376219750,6130875,6219750,88875,242668380000000,0,0,0
1,4663,242668380000000,242668380080875,242668385391375,5310500,5391375,80875,242668390000000,0,0,0
1,4664,242668390000000,242668390088750,242668396184500,6095750,6184500,88750,242668400000000,0,0,0
1,4665,242668400000000,242668400103125,242668405416125,5313000,5416125,103125,242668410000000,0,0,0
1,4666,242668410000000,242668410088625,242668416180250,6091625,6180250,88625,242668420000000,0,0,0
1,4667,242668420000000,242668420091750,242668426151125,6059375,6151125,91750,242668430000000,0,0,0
1,4668,242668430000000,242668430087250,242668436150500,6063250,6150500,87250,242668440000000,0,0,0
1,4669,242668440000000,242668440119000,242668446127625,6008625,6127625,119000,242668450000000,0,0,0
1,4670,242668450000000,242668450088375,242668455578875,5490500,5578875,88375,242668460000000,0,0,0
1,4671,242668460000000,242668460111375,242668466183875,6072500,6183875,111375,242668470000000,0,0,0
1,4672,242668470000000,242668470088250,242668475617625,5529375,5617625,88250,242668480000000,0,0,0
1,4673,242668480000000,242668480086125,242668486191125,6105000,6191125,86125,242668490000000,0,0,0
1,4674,242668490000000,242668490087125,242668496138000,6050875,6138000,87125,242668500000000,0,0,0
1,4675,242668500000000,242668500081500,242668506122625,6041125,6122625,81500,242668510000000,0,0,0
1,4676,242668510000000,242668510088000,242668516127875,6039875,6127875,88000,242668520000000,0,0,0
1,4677,242668520000000,242668520084875,242668525904500,5819625,5904500,84875,242668530000000,0,0,0
1,4678,242668530000000,242668530089125,242668536178625,6089500,6178625,89125,242668540000000,0,0,0
1,4679,242668540000000,242668540089750,242668545604625,5514875,5604625,89750,242668550000000,0,0,0
1,4680,242668550000000,242668550087125,242668555616500,5529375,5616500,87125,242668560000000,0,0,0
1,4681,242668560000000,242668560087875,242668566162000,6074125,6162000,87875,242668570000000,0,0,0
1,4682,242668570000000,242668570086250,242668576168375,6082125,6168375,86250,242668580000000,0,0,0
1,4683,242668580000000,242668580080875,242668586067625,5986750,6067625,80875,242668590000000,0,0,0
1,4684,242668590000000,242668590117875,242668596195625,6077750,6195625,117875,242668600000000,0,0,0
1,4685,242668600000000,242668600080250,242668606135125,6054875,6135125,80250,242668610000000,0,0,0
1,4686,242668610000000,242668610123500,242668615594000,5470500,5594000,123500,242668620000000,0,0,0
1,4687,242668620000000,242668620070250,242668626093625,6023375,6093625,70250,242668630000000,0,0,0
1,4688,242668630000000,242668630087250,242668636147000,6059750,6147000,87250,242668640000000,0,0,0
1,4689,242668640000000,242668640077125,242668646114250,6037125,6114250,77125,242668650000000,0,0,0
1,4690,242668650000000,242668650086625,242668656354750,6268125,6354750,86625,242668660000000,0,0,0
1,4691,242668660000000,242668660085250,242668666265750,6180500,6265750,85250,242668670000000,0,0,0
1,4692,242668670000000,242668670087750,242668675388125,5300375,5388125,87750,242668680000000,0,0,0
1,4693,242668680000000,242668680075500,242668686101000,6025500,6101000,75500,242668690000000,0,0,0
1,4694,242668690000000,242668690088375,242668696077125,5988750,6077125,88375,242668700000000,0,0,0
1,4695,242668700000000,242668700069375,242668706195000,6125625,6195000,69375,242668710000000,0,0,0
1,4696,242668710000000,242668710082000,242668716135000,6053000,6135000,82000,242668720000000,0,0,0
1,4697,242668720000000,242668720066875,242668726035625,5968750,6035625,66875,242668730000000,0,0,0
1,4698,242668730000000,242668730078250,242668736139875,6061625,6139875,78250,242668740000000,0,0,0
1,4699,242668740000000,242668740073375,242668746124000,6050625,6124000,73375,242668750000000,0,0,0
1,4700,242668750000000,242668750089000,242668755567125,5478125,5567125,89000,242668760000000,0,0,0
1,4701,242668760000000,242668760103250,242668765920125,5816875,5920125,103250,242668770000000,0,0,0
1,4702,242668770000000,242668770078625,242668776207875,6129250,6207875,78625,242668780000000,0,0,0
1,4703,242668780000000,242668780081375,242668785914125,5832750,5914125,81375,242668790000000,0,0,0
1,4704,242668790000000,242668790085750,242668796192500,6106750,6192500,85750,242668800000000,0,0,0
1,4705,242668800000000,242668800082625,242668806089250,6006625,6089250,82625,242668810000000,0,0,0
1,4706,242668810000000,242668810082250,242668815630375,5548125,5630375,82250,242668820000000,0,0,0
1,4707,242668820000000,242668820089250,242668826098750,6009500,6098750,89250,242668830000000,0,0,0
1,4708,242668830000000,242668830072500,242668836079500,6007000,6079500,72500,242668840000000,0,0,0
1,4709,242668840000000,242668840065125,242668846080625,6015500,6080625,65125,242668850000000,0,0,0
1,4710,242668850000000,242668850107625,242668856222125,6114500,6222125,107625,242668860000000,0,0,0
1,4711,242668860000000,242668860083750,242668865867625,5783875,5867625,83750,242668870000000,0,0,0
1,4712,242668870000000,242668870087750,242668876189000,6101250,6189000,87750,242668880000000,0,0,0
1,4713,242668880000000,242668880076375,242668886037375,5961000,6037375,76375,242668890000000,0,0,0
1,4714,242668890000000,242668890086125,242668896116875,6030750,6116875,86125,242668900000000,0,0,0
1,4715,242668900000000,242668900079750,242668906055750,5976000,6055750,79750,242668910000000,0,0,0
1,4716,242668910000000,242668910089125,242668915401875,5312750,5401875,89125,242668920000000,0,0,0
1,4717,242668920000000,242668920110875,242668926169500,6058625,6169500,110875,242668930000000,0,0,0
1,4718,242668930000000,242668930092250,242668936185000,6092750,6185000,92250,242668940000000,0,0,0
1,4719,242668940000000,242668940086125,242668946140500,6054375,6140500,86125,242668950000000,0,0,0
1,4720,242668950000000,242668950092000,242668956128250,6036250,6128250,92000,242668960000000,0,0,0
1,4721,242668960000000,242668960066375,242668966122500,6056125,6122500,66375,242668970000000,0,0,0
1,4722,242668970000000,242668970081875,242668975626250,5544375,5626250,81875,242668980000000,0,0,0
1,4723,242668980000000,242668980071375,242668986134125,6062750,6134125,71375,242668990000000,0,0,0
1,4724,242668990000000,242668990075625,242668995962000,5886375,5962000,75625,242669000000000,0,0,0
1,4725,242669000000000,242669000080750,242669006117250,6036500,6117250,80750,242669010000000,0,0,0
1,4726,242669010000000,242669010099375,242669016123750,6024375,6123750,99375,242669020000000,0,0,0
1,4727,242669020000000,242669020083375,242669026200875,6117500,6200875,83375,242669030000000,0,0,0
1,4728,242669030000000,242669030086750,242669036104875,6018125,6104875,86750,242669040000000,0,0,0
1,4729,242669040000000,242669040085250,242669045867875,5782625,5867875,85250,242669050000000,0,0,0
1,4730,242669050000000,242669050086250,242669056177500,6091250,6177500,86250,242669060000000,0,0,0
1,4731,242669060000000,242669060086000,242669066102125,6016125,6102125,86000,242669070000000,0,0,0
1,4732,242669070000000,242669070087000,242669076137500,6050500,6137500,87000,242669080000000,0,0,0
1,4733,242669080000000,242669080076500,242669086214875,6138375,6214875,76500,242669090000000,0,0,0
1,4734,242669090000000,242669090083500,242669096183000,6099500,6183000,83500,242669100000000,0,0,0
1,4735,242669100000000,242669100078750,242669105939250,5860500,5939250,78750,242669110000000,0,0,0
1,4736,242669110000000,242669110088625,242669116185000,6096375,6185000,88625,242669120000000,0,0,0
1,4737,242669120000000,242669120108125,242669126108500,6000375,6108500,108125,242669130000000,0,0,0
1,4738,242669130000000,242669130089625,242669135968125,5878500,5968125,89625,242669140000000,0,0,0
1,4739,242669140000000,242669140080000,242669145949125,5869125,5949125,80000,242669150000000,0,0,0
1,4740,242669150000000,242669150089000,242669156180375,6091375,6180375,89000,242669160000000,0,0,0
1,4741,242669160000000,242669160082750,242669166126000,6043250,6126000,82750,242669170000000,0,0,0
1,4742,242669170000000,242669170088000,242669176095750,6007750,6095750,88000,242669180000000,0,0,0
1,4743,242669180000000,242669180081250,242669186131875,6050625,6131875,81250,242669190000000,0,0,0
1,4744,242669190000000,242669190087500,242669196265625,6178125,6265625,87500,242669200000000,0,0,0
1,4745,242669200000000,242669200082125,242669205833625,5751500,5833625,82125,242669210000000,0,0,0
1,4746,242669210000000,242669210086375,242669216200875,6114500,6200875,86375,242669220000000,0,0,0
1,4747,242669220000000,242669220084000,242669226147875,6063875,6147875,84000,242669230000000,0,0,0
1,4748,242669230000000,242669230085875,242669236163625,6077750,6163625,85875,242669240000000,0,0,0
1,4749,242669240000000,242669240080750,242669246070750,5990000,6070750,80750,242669250000000,0,0,0
1,4750,242669250000000,242669250113375,242669256143000,6029625,6143000,113375,242669260000000,0,0,0
1,4751,242669260000000,242669260086375,242669266117625,6031250,6117625,86375,242669270000000,0,0,0
1,4752,242669270000000,242669270087625,242669276127875,6040250,6127875,87625,242669280000000,0,0,0
1,4753,242669280000000,242669280084125,242669286101250,6017125,6101250,84125,242669290000000,0,0,0
1,4754,242669290000000,242669290073625,242669296105750,6032125,6105750,73625,242669300000000,0,0,0
1,4755,242669300000000,242669300081375,242669306079125,5997750,6079125,81375,242669310000000,0,0,0
1,4756,242669310000000,242669310090500,242669316186125,6095625,6186125,90500,242669320000000,0,0,0
1,4757,242669320000000,242669320079875,242669325848250,5768375,5848250,79875,242669330000000,0,0,0
1,4758,242669330000000,242669330088375,242669336198625,6110250,6198625,88375,242669340000000,0,0,0
1,4759,242669340000000,242669340081000,242669346080875,5999875,6080875,81000,242669350000000,0,0,0
1,4760,242669350000000,242669350087000,242669356065250,5978250,6065250,87000,242669360000000,0,0,0
1,4761,242669360000000,242669360116875,242669366045250,5928375,6045250,116875,242669370000000,0,0,0
1,4762,242669370000000,242669370089625,242669376151375,6061750,6151375,89625,242669380000000,0,0,0
1,4763,242669380000000,242669380083875,242669386116875,6033000,6116875,83875,242669390000000,0,0,0
1,4764,242669390000000,242669390087625,242669396123625,6036000,6123625,87625,242669400000000,0,0,0
1,4765,242669400000000,242669400082000,242669406205625,6123625,6205625,82000,242669410000000,0,0,0
1,4766,242669410000000,242669410088875,242669415587500,5498625,5587500,88875,242669420000000,0,0,0
1,4767,242669420000000,242669420086250,242669426137375,6051125,6137375,86250,242669430000000,0,0,0
1,4768,242669430000000,242669430084250,242669436148750,6064500,6148750,84250,242669440000000,0,0,0
1,4769,242669440000000,242669440083375,242669445820125,5736750,5820125,83375,242669450000000,0,0,0
1,4770,242669450000000,242669450115625,242669456204750,6089125,6204750,115625,242669460000000,0,0,0
1,4771,242669460000000,242669460086375,242669466049875,5963500,6049875,86375,242669470000000,0,0,0
1,4772,242669470000000,242669470117125,242669476128125,6011000,6128125,117125,242669480000000,0,0,0
1,4773,242669480000000,242669480085500,242669486148750,6063250,6148750,85500,242669490000000,0,0,0
1,4774,242669490000000,242669490088875,242669496197875,6109000,6197875,88875,242669500000000,0,0,0
1,4775,242669500000000,242669500077750,242669505576250,5498500,5576250,77750,242669510000000,0,0,0
1,4776,242669510000000,242669510083625,242669516167500,6083875,6167500,83625,242669520000000,0,0,0
1,4777,242669520000000,242669520083375,242669526108375,6025000,6108375,83375,242669530000000,0,0,0
1,4778,242669530000000,242669530085125,242669536218875,6133750,6218875,85125,242669540000000,0,0,0
1,4779,242669540000000,242669540078625,242669546051750,5973125,6051750,78625,242669550000000,0,0,0
1,4780,242669550000000,242669550089000,242669556156875,6067875,6156875,89000,242669560000000,0,0,0
1,4781,242669560000000,242669560084125,242669566123875,6039750,6123875,84125,242669570000000,0,0,0
1,4782,242669570000000,242669570087125,242669576139750,6052625,6139750,87125,242669580000000,0,0,0
1,4783,242669580000000,242669580082375,242669586098875,6016500,6098875,82375,242669590000000,0,0,0
1,4784,242669590000000,242669590088375,242669595605125,5516750,5605125,88375,242669600000000,0,0,0
1,4785,242669600000000,242669600064750,242669606052000,5987250,6052000,64750,242669610000000,0,0,0
1,4786,242669610000000,242669610086625,242669616189500,6102875,6189500,86625,242669620000000,0,0,0
1,4787,242669620000000,242669620082875,242669626112625,6029750,6112625,82875,242669630000000,0,0,0
1,4788,242669630000000,242669630085875,242669636256875,6171000,6256875,85875,242669640000000,0,0,0
1,4789,242669640000000,242669640082250,242669646247000,6164750,6247000,82250,242669650000000,0,0,0
1,4790,242669650000000,242669650087750,242669656079750,5992000,6079750,87750,242669660000000,0,0,0
1,4791,242669660000000,242669660106125,242669666083875,5977750,6083875,106125,242669670000000,0,0,0
1,4792,242669670000000,242669670087250,242669675596125,5508875,5596125,87250,242669680000000,0,0,0
1,4793,242669680000000,242669680103125,242669685880000,5776875,5880000,103125,242669690000000,0,0,0
1,4794,242669690000000,242669690088125,242669696194875,6106750,6194875,88125,242669700000000,0,0,0
1,4795,242669700000000,242669700070750,242669705889750,5819000,5889750,70750,242669710000000,0,0,0
1,4796,242669710000000,242669710087750,242669715626125,5538375,5626125,87750,242669720000000,0,0,0
1,4797,242669720000000,242669720088500,242669726186000,6097500,6186000,88500,242669730000000,0,0,0
1,4798,242669730000000,242669730086625,242669736133750,6047125,6133750,86625,242669740000000,0,0,0
1,4799,242669740000000,242669740086125,242669746084250,5998125,6084250,86125,242669750000000,0,0,0
1,4800,242669750000000,242669750112375,242669756158750,6046375,6158750,112375,242669760000000,0,0,0
1,4801,242669760000000,242669760085750,242669766063500,5977750,6063500,85750,242669770000000,0,0,0
1,4802,242669770000000,242669770079500,242669776193250,6113750,6193250,79500,242669780000000,0,0,0
1,4803,242669780000000,242669780085625,242669785626000,5540375,5626000,85625,242669790000000,0,0,0
1,4804,242669790000000,242669790084500,242669795427125,5342625,5427125,84500,242669800000000,0,0,0
1,4805,242669800000000,242669800088375,242669805874500,5786125,5874500,88375,242669810000000,0,0,0
1,4806,242669810000000,242669810089250,242669816166250,6077000,6166250,89250,242669820000000,0,0,0
1,4807,242669820000000,242669820069250,242669825349125,5279875,5349125,69250,242669830000000,0,0,0
1,4808,242669830000000,242669830083250,242669836128000,6044750,6128000,83250,242669840000000,0,0,0
1,4809,242669840000000,242669840116375,242669846133875,6017500,6133875,116375,242669850000000,0,0,0
1,4810,242669850000000,242669850088750,242669855601750,5513000,5601750,88750,242669860000000,0,0,0
1,4811,242669860000000,242669860087625,242669865974500,5886875,5974500,87625,242669870000000,0,0,0
1,4812,242669870000000,242669870085250,242669876114625,6029375,6114625,85250,242669880000000,0,0,0
1,4813,242669880000000,242669880083875,242669885414500,5330625,5414500,83875,242669890000000,0,0,0
1,4814,242669890000000,242669890085875,242669896122125,6036250,6122125,85875,242669900000000,0,0,0
1,4815,242669900000000,242669900076125,242669906113625,6037500,6113625,76125,242669910000000,0,0,0
1,4816,242669910000000,242669910083750,242669916137625,6053875,6137625,83750,242669920000000,0,0,0
1,4817,242669920000000,242669920085125,242669926055625,5970500,6055625,85125,242669930000000,0,0,0
1,4818,242669930000000,242669930111250,242669936233250,6122000,6233250,111250,242669940000000,0,0,0
1,4819,242669940000000,242669940085000,242669946109375,6024375,6109375,85000,242669950000000,0,0,0
1,4820,242669950000000,242669950119625,242669956177500,6057875,6177500,119625,242669960000000,0,0,0
1,4821,242669960000000,242669960083875,242669966071500,5987625,6071500,83875,242669970000000,0,0,0
1,4822,242669970000000,242669970106000,242669976110625,6004625,6110625,106000,242669980000000,0,0,0
1,4823,242669980000000,242669980083250,242669986098250,6015000,6098250,83250,242669990000000,0,0,0
1,4824,242669990000000,242669990087250,242669996171875,6084625,6171875,87250,242670000000000,0,0,0
1,4825,242670000000000,242670000085250,242670006076875,5991625,6076875,85250,242670010000000,0,0,0
1,4826,242670010000000,242670010087125,242670016161500,6074375,6161500,87125,242670020000000,0,0,0
1,4827,242670020000000,242670020083875,242670025951250,5867375,5951250,83875,242670030000000,0,0,0
1,4828,242670030000000,242670030085875,242670036262500,6176625,6262500,85875,242670040000000,0,0,0
1,4829,242670040000000,242670040085250,242670046113500,6028250,6113500,85250,242670050000000,0,0,0
1,4830,242670050000000,242670050086125,242670056166000,6079875,6166000,86125,242670060000000,0,0,0
1,4831,242670060000000,242670060084625,242670066111125,6026500,6111125,84625,242670070000000,0,0,0
1,4832,242670070000000,242670070087500,242670076137875,6050375,6137875,87500,242670080000000,0,0,0
1,4833,242670080000000,242670080112625,242670086204750,6092125,6204750,112625,242670090000000,0,0,0
1,4834,242670090000000,242670090088250,242670095610000,5521750,5610000,88250,242670100000000,0,0,0
1,4835,242670100000000,242670100100875,242670106191875,6091000,6191875,100875,242670110000000,0,0,0
1,4836,242670110000000,242670110079375,242670116178250,6098875,6178250,79375,242670120000000,0,0,0
1,4837,242670120000000,242670120084375,242670126155625,6071250,6155625,84375,242670130000000,0,0,0
1,4838,242670130000000,242670130087750,242670136099375,6011625,6099375,87750,242670140000000,0,0,0
1,4839,242670140000000,242670140084875,242670146100000,6015125,6100000,84875,242670150000000,0,0,0
1,4840,242670150000000,242670150089000,242670156129250,6040250,6129250,89000,242670160000000,0,0,0
1,4841,242670160000000,242670160083500,242670166224375,6140875,6224375,83500,242670170000000,0,0,0
1,4842,242670170000000,242670170083375,242670176183000,6099625,6183000,83375,242670180000000,0,0,0
1,4843,242670180000000,242670180085125,242670186098875,6013750,6098875,85125,242670190000000,0,0,0
1,4844,242670190000000,242670190085875,242670196072250,5986375,6072250,85875,242670200000000,0,0,0
1,4845,242670200000000,242670200084625,242670206132000,6047375,6132000,84625,242670210000000,0,0,0
1,4846,242670210000000,242670210111875,242670216178500,6066625,6178500,111875,242670220000000,0,0,0
1,4847,242670220000000,242670220085500,242670226087125,6001625,6087125,85500,242670230000000,0,0,0
1,4848,242670230000000,242670230111750,242670236195625,6083875,6195625,111750,242670240000000,0,0,0
1,4849,242670240000000,242670240085250,242670246111500,6026250,6111500,85250,242670250000000,0,0,0
1,4850,242670250000000,242670250087500,242670256253000,6165500,6253000,87500,242670260000000,0,0,0
1,4851,242670260000000,242670260084500,242670266126625,6042125,6126625,84500,242670270000000,0,0,0
1,4852,242670270000000,242670270088625,242670276102000,6013375,6102000,88625,242670280000000,0,0,0
1,4853,242670280000000,242670280085250,242670286107125,6021875,6107125,85250,242670290000000,0,0,0
1,4854,242670290000000,242670290088375,242670296215750,6127375,6215750,88375,242670300000000,0,0,0
1,4855,242670300000000,242670300082375,242670306062750,5980375,6062750,82375,242670310000000,0,0,0
1,4856,242670310000000,242670310076250,242670316150625,6074375,6150625,76250,242670320000000,0,0,0
1,4857,242670320000000,242670320098625,242670325893125,5794500,5893125,98625,242670330000000,0,0,0
1,4858,242670330000000,242670330092000,242670336167625,6075625,6167625,92000,242670340000000,0,0,0
1,4859,242670340000000,242670340104750,242670346152125,6047375,6152125,104750,242670350000000,0,0,0
1,4860,242670350000000,242670350087875,242670356158625,6070750,6158625,87875,242670360000000,0,0,0
1,4861,242670360000000,242670360104125,242670366127625,6023500,6127625,104125,242670370000000,0,0,0
1,4862,242670370000000,242670370089500,242670376142750,6053250,6142750,89500,242670380000000,0,0,0
1,4863,242670380000000,242670380103375,242670386125375,6022000,6125375,103375,242670390000000,0,0,0
1,4864,242670390000000,242670390087250,242670396275750,6188500,6275750,87250,242670400000000,0,0,0
1,4865,242670400000000,242670400083625,242670406100875,6017250,6100875,83625,242670410000000,0,0,0
1,4866,242670410000000,242670410088250,242670416249000,6160750,6249000,88250,242670420000000,0,0,0
1,4867,242670420000000,242670420082750,242670426229250,6146500,6229250,82750,242670430000000,0,0,0
1,4868,242670430000000,242670430087000,242670436168250,6081250,6168250,87000,242670440000000,0,0,0
1,4869,242670440000000,242670440083375,242670446061375,5978000,6061375,83375,242670450000000,0,0,0
1,4870,242670450000000,242670450085625,242670456106250,6020625,6106250,85625,242670460000000,0,0,0
1,4871,242670460000000,242670460082875,242670466210000,6127125,6210000,82875,242670470000000,0,0,0
1,4872,242670470000000,242670470086625,242670475382750,5296125,5382750,86625,242670480000000,0,0,0
1,4873,242670480000000,242670480086750,242670486139125,6052375,6139125,86750,242670490000000,0,0,0
1,4874,242670490000000,242670490112250,242670496205125,6092875,6205125,112250,242670500000000,0,0,0
1,4875,242670500000000,242670500082625,242670505399125,5316500,5399125,82625,242670510000000,0,0,0
1,4876,242670510000000,242670510099500,242670516220000,6120500,6220000,99500,242670520000000,0,0,0
1,4877,242670520000000,242670520082625,242670526128500,6045875,6128500,82625,242670530000000,0,0,0
1,4878,242670530000000,242670530118625,242670536227375,6108750,6227375,118625,242670540000000,0,0,0
1,4879,242670540000000,242670540086250,242670546147375,6061125,6147375,86250,242670550000000,0,0,0
1,4880,242670550000000,242670550085250,242670556225000,6139750,6225000,85250,242670560000000,0,0,0
1,4881,242670560000000,242670560072875,242670566152125,6079250,6152125,72875,242670570000000,0,0,0
1,4882,242670570000000,242670570087875,242670576173875,6086000,6173875,87875,242670580000000,0,0,0
1,4883,242670580000000,242670580084500,242670586095125,6010625,6095125,84500,242670590000000,0,0,0
1,4884,242670590000000,242670590088000,242670596169875,6081875,6169875,88000,242670600000000,0,0,0
1,4885,242670600000000,242670600090750,242670606114875,6024125,6114875,90750,242670610000000,0,0,0
1,4886,242670610000000,242670610089625,242670616149250,6059625,6149250,89625,242670620000000,0,0,0
1,4887,242670620000000,242670620087250,242670626099375,6012125,6099375,87250,242670630000000,0,0,0
1,4888,242670630000000,242670630089750,242670636260375,6170625,6260375,89750,242670640000000,0,0,0
1,4889,242670640000000,242670640083375,242670646032000,5948625,6032000,83375,242670650000000,0,0,0
1,4890,242670650000000,242670650087500,242670656143250,6055750,6143250,87500,242670660000000,0,0,0
1,4891,242670660000000,242670660110125,242670665885500,5775375,5885500,110125,242670670000000,0,0,0
1,4892,242670670000000,242670670091750,242670676207000,6115250,6207000,91750,242670680000000,0,0,0
1,4893,242670680000000,242670680103375,242670685902375,5799000,5902375,103375,242670690000000,0,0,0
1,4894,242670690000000,242670690088875,242670696103000,6014125,6103000,88875,242670700000000,0,0,0
1,4895,242670700000000,242670700091750,242670706075125,5983375,6075125,91750,242670710000000,0,0,0
1,4896,242670710000000,242670710088375,242670716133250,6044875,6133250,88375,242670720000000,0,0,0
1,4897,242670720000000,242670720069000,242670726087250,6018250,6087250,69000,242670730000000,0,0,0
1,4898,242670730000000,242670730087875,242670736249125,6161250,6249125,87875,242670740000000,0,0,0
1,4899,242670740000000,242670740084250,242670745870000,5785750,5870000,84250,242670750000000,0,0,0
1,4900,242670750000000,242670750086125,242670756235625,6149500,6235625,86125,242670760000000,0,0,0
1,4901,242670760000000,242670760083125,242670766066125,5983000,6066125,83125,242670770000000,0,0,0
1,4902,242670770000000,242670770074875,242670776108625,6033750,6108625,74875,242670780000000,0,0,0
1,4903,242670780000000,242670780083625,242670786141875,6058250,6141875,83625,242670790000000,0,0,0
1,4904,242670790000000,242670790080250,242670795603250,5523000,5603250,80250,242670800000000,0,0,0
1,4905,242670800000000,242670800086875,242670806136625,6049750,6136625,86875,242670810000000,0,0,0
1,4906,242670810000000,242670810107375,242670816209500,6102125,6209500,107375,242670820000000,0,0,0
1,4907,242670820000000,242670820085250,242670826098375,6013125,6098375,85250,242670830000000,0,0,0
1,4908,242670830000000,242670830122625,242670836159750,6037125,6159750,122625,242670840000000,0,0,0
1,4909,242670840000000,242670840084625,242670846093125,6008500,6093125,84625,242670850000000,0,0,0
1,4910,242670850000000,242670850086125,242670856179250,6093125,6179250,86125,242670860000000,0,0,0
1,4911,242670860000000,242670860083250,242670866100500,6017250,6100500,83250,242670870000000,0,0,0
1,4912,242670870000000,242670870088250,242670876248500,6160250,6248500,88250,242670880000000,0,0,0
1,4913,242670880000000,242670880081375,242670886099000,6017625,6099000,81375,242670890000000,0,0,0
1,4914,242670890000000,242670890087875,242670896129000,6041125,6129000,87875,242670900000000,0,0,0
1,4915,242670900000000,242670900102000,242670906175500,6073500,6175500,102000,242670910000000,0,0,0
1,4916,242670910000000,242670910091000,242670916205500,6114500,6205500,91000,242670920000000,0,0,0
1,4917,242670920000000,242670920100375,242670926106125,6005750,6106125,100375,242670930000000,0,0,0
1,4918,242670930000000,242670930084875,242670936123750,6038875,6123750,84875,242670940000000,0,0,0
1,4919,242670940000000,242670940107250,242670946074875,5967625,6074875,107250,242670950000000,0,0,0
1,4920,242670950000000,242670950086125,242670956144125,6058000,6144125,86125,242670960000000,0,0,0
1,4921,242670960000000,242670960084500,242670966109625,6025125,6109625,84500,242670970000000,0,0,0
1,4922,242670970000000,242670970087000,242670976087750,6000750,6087750,87000,242670980000000,0,0,0
1,4923,242670980000000,242670980083875,242670986105250,6021375,6105250,83875,242670990000000,0,0,0
1,4924,242670990000000,242670990085000,242670996162375,6077375,6162375,85000,242671000000000,0,0,0
1,4925,242671000000000,242671000083875,242671006089125,6005250,6089125,83875,242671010000000,0,0,0
1,4926,242671010000000,242671010111375,242671016207500,6096125,6207500,111375,242671020000000,0,0,0
1,4927,242671020000000,242671020087750,242671026066250,5978500,6066250,87750,242671030000000,0,0,0
1,4928,242671030000000,242671030122875,242671035631750,5508875,5631750,122875,242671040000000,0,0,0
1,4929,242671040000000,242671040089500,242671046229375,6139875,6229375,89500,242671050000000,0,0,0
1,4930,242671050000000,242671050089000,242671056252500,6163500,6252500,89000,242671060000000,0,0,0
1,4931,242671060000000,242671060084750,242671066163875,6079125,6163875,84750,242671070000000,0,0,0
1,4932,242671070000000,242671070063500,242671075903875,5840375,5903875,63500,242671080000000,0,0,0
1,4933,242671080000000,242671080091375,242671085884625,5793250,5884625,91375,242671090000000,0,0,0
1,4934,242671090000000,242671090089625,242671096188625,6099000,6188625,89625,242671100000000,0,0,0
1,4935,242671100000000,242671100084500,242671105983250,5898750,5983250,84500,242671110000000,0,0,0
1,4936,242671110000000,242671110086750,242671115635875,5549125,5635875,86750,242671120000000,0,0,0
1,4937,242671120000000,242671120115000,242671126194000,6079000,6194000,115000,242671130000000,0,0,0
1,4938,242671130000000,242671130087875,242671136174375,6086500,6174375,87875,242671140000000,0,0,0
1,4939,242671140000000,242671140081375,242671146122500,6041125,6122500,81375,242671150000000,0,0,0
1,4940,242671150000000,242671150087875,242671156146750,6058875,6146750,87875,242671160000000,0,0,0
1,4941,242671160000000,242671160082625,242671166070500,5987875,6070500,82625,242671170000000,0,0,0
1,4942,242671170000000,242671170085875,242671176140875,6055000,6140875,85875,242671180000000,0,0,0
1,4943,242671180000000,242671180083500,242671186185125,6101625,6185125,83500,242671190000000,0,0,0
1,4944,242671190000000,242671190084750,242671196132250,6047500,6132250,84750,242671200000000,0,0,0
1,4945,242671200000000,242671200083625,242671206282000,6198375,6282000,83625,242671210000000,0,0,0
1,4946,242671210000000,242671210084000,242671215609875,5525875,5609875,84000,242671220000000,0,0,0
1,4947,242671220000000,242671220089625,242671226118500,6028875,6118500,89625,242671230000000,0,0,0
1,4948,242671230000000,242671230113250,242671236259375,6146125,6259375,113250,242671240000000,0,0,0
1,4949,242671240000000,242671240086000,242671246079500,5993500,6079500,86000,242671250000000,0,0,0
1,4950,242671250000000,242671250085375,242671256198000,6112625,6198000,85375,242671260000000,0,0,0
1,4951,242671260000000,242671260085375,242671266128125,6042750,6128125,85375,242671270000000,0,0,0
1,4952,242671270000000,242671270087125,242671275377125,5290000,5377125,87125,242671280000000,0,0,0
1,4953,242671280000000,242671280089375,242671286129375,6040000,6129375,89375,242671290000000,0,0,0
1,4954,242671290000000,242671290086000,242671296199000,6113000,6199000,86000,242671300000000,0,0,0
1,4955,242671300000000,242671300084125,242671306092750,6008625,6092750,84125,242671310000000,0,0,0
1,4956,242671310000000,242671310089250,242671316152125,6062875,6152125,89250,242671320000000,0,0,0
1,4957,242671320000000,242671320082750,242671326123000,6040250,6123000,82750,242671330000000,0,0,0
1,4958,242671330000000,242671330076000,242671335597000,5521000,5597000,76000,242671340000000,0,0,0
1,4959,242671340000000,242671340111875,242671346136000,6024125,6136000,111875,242671350000000,0,0,0
1,4960,242671350000000,242671350088000,242671356128750,6040750,6128750,88000,242671360000000,0,0,0
1,4961,242671360000000,242671360083875,242671365858000,5774125,5858000,83875,242671370000000,0,0,0
1,4962,242671370000000,242671370087125,242671376280875,6193750,6280875,87125,242671380000000,0,0,0
1,4963,242671380000000,242671380084250,242671386125750,6041500,6125750,84250,242671390000000,0,0,0
1,4964,242671390000000,242671390089375,242671396123875,6034500,6123875,89375,242671400000000,0,0,0
1,4965,242671400000000,242671400083875,242671406071375,5987500,6071375,83875,242671410000000,0,0,0
1,4966,242671410000000,242671410082875,242671416165125,6082250,6165125,82875,242671420000000,0,0,0
1,4967,242671420000000,242671420086875,242671426226375,6139500,6226375,86875,242671430000000,0,0,0
1,4968,242671430000000,242671430085375,242671436107625,6022250,6107625,85375,242671440000000,0,0,0
1,4969,242671440000000,242671440084750,242671446053875,5969125,6053875,84750,242671450000000,0,0,0
1,4970,242671450000000,242671450112000,242671456119375,6007375,6119375,112000,242671460000000,0,0,0
1,4971,242671460000000,242671460085250,242671465879750,5794500,5879750,85250,242671470000000,0,0,0
1,4972,242671470000000,242671470085875,242671476262250,6176375,6262250,85875,242671480000000,0,0,0
1,4973,242671480000000,242671480084000,242671486140375,6056375,6140375,84000,242671490000000,0,0,0
1,4974,242671490000000,242671490084875,242671495604250,5519375,5604250,84875,242671500000000,0,0,0
1,4975,242671500000000,242671500090000,242671506105125,6015125,6105125,90000,242671510000000,0,0,0
1,4976,242671510000000,242671510086500,242671516143125,6056625,6143125,86500,242671520000000,0,0,0
1,4977,242671520000000,242671520083625,242671526079875,5996250,6079875,83625,242671530000000,0,0,0
1,4978,242671530000000,242671530087750,242671536180125,6092375,6180125,87750,242671540000000,0,0,0
1,4979,242671540000000,242671540101375,242671546087500,5986125,6087500,101375,242671550000000,0,0,0
1,4980,242671550000000,242671550087250,242671556115000,6027750,6115000,87250,242671560000000,0,0,0
1,4981,242671560000000,242671560102625,242671566157250,6054625,6157250,102625,242671570000000,0,0,0
1,4982,242671570000000,242671570087625,242671576132375,6044750,6132375,87625,242671580000000,0,0,0
1,4983,242671580000000,242671580078375,242671586044250,5965875,6044250,78375,242671590000000,0,0,0
1,4984,242671590000000,242671590087000,242671596134000,6047000,6134000,87000,242671600000000,0,0,0
1,4985,242671600000000,242671600082500,242671605816375,5733875,5816375,82500,242671610000000,0,0,0
1,4986,242671610000000,242671610086750,242671616239750,6153000,6239750,86750,242671620000000,0,0,0
1,4987,242671620000000,242671620083625,242671626056500,5972875,6056500,83625,242671630000000,0,0,0
1,4988,242671630000000,242671630083875,242671636174625,6090750,6174625,83875,242671640000000,0,0,0
1,4989,242671640000000,242671640085500,242671646096750,6011250,6096750,85500,242671650000000,0,0,0
1,4990,242671650000000,242671650071125,242671656138875,6067750,6138875,71125,242671660000000,0,0,0
1,4991,242671660000000,242671660085125,242671666138625,6053500,6138625,85125,242671670000000,0,0,0
1,4992,242671670000000,242671670084750,242671676124875,6040125,6124875,84750,242671680000000,0,0,0
1,4993,242671680000000,242671680082750,242671686147375,6064625,6147375,82750,242671690000000,0,0,0
1,4994,242671690000000,242671690084875,242671695560750,5475875,5560750,84875,242671700000000,0,0,0
1,4995,242671700000000,242671700089000,242671706235750,6146750,6235750,89000,242671710000000,0,0,0
1,4996,242671710000000,242671710071875,242671716148375,6076500,6148375,71875,242671720000000,0,0,0
1,4997,242671720000000,242671720081875,242671726038750,5956875,6038750,81875,242671730000000,0,0,0
1,4998,242671730000000,242671730100250,242671736220250,6120000,6220250,100250,242671740000000,0,0,0
1,4999,242671740000000,242671740069750,242671746105250,6035500,6105250,69750,242671750000000,0,0,0
1,5000,242671750000000,242671750089500,242671756178750,6089250,6178750,89500,242671760000000,0,0,0
1,5001,242671760000000,242671760087250,242671766101375,6014125,6101375,87250,242671770000000,0,0,0
1,5002,242671770000000,242671770077250,242671776119500,6042250,6119500,77250,242671780000000,0,0,0
1,5003,242671780000000,242671780086000,242671786159375,6073375,6159375,86000,242671790000000,0,0,0
1,5004,242671790000000,242671790084000,242671796179125,6095125,6179125,84000,242671800000000,0,0,0
1,5005,242671800000000,242671800082875,242671805876250,5793375,5876250,82875,242671810000000,0,0,0
1,5006,242671810000000,242671810088375,242671816164125,6075750,6164125,88375,242671820000000,0,0,0
1,5007,242671820000000,242671820081250,242671825380625,5299375,5380625,81250,242671830000000,0,0,0
1,5008,242671830000000,242671830085375,242671836161875,6076500,6161875,85375,242671840000000,0,0,0
1,5009,242671840000000,242671840071250,242671845810125,5738875,5810125,71250,242671850000000,0,0,0
1,5010,242671850000000,242671850087875,242671856192500,6104625,6192500,87875,242671860000000,0,0,0
1,5011,242671860000000,242671860092375,242671866077125,5984750,6077125,92375,242671870000000,0,0,0
1,5012,242671870000000,242671870087875,242671876132500,6044625,6132500,87875,242671880000000,0,0,0
1,5013,242671880000000,242671880084125,242671886146250,6062125,6146250,84125,242671890000000,0,0,0
1,5014,242671890000000,242671890087000,242671896122125,6035125,6122125,87000,242671900000000,0,0,0
1,5015,242671900000000,242671900084500,242671906107250,6022750,6107250,84500,242671910000000,0,0,0
1,5016,242671910000000,242671910085000,242671916128625,6043625,6128625,85000,242671920000000,0,0,0
1,5017,242671920000000,242671920086000,242671926106250,6020250,6106250,86000,242671930000000,0,0,0
1,5018,242671930000000,242671930083875,242671936143625,6059750,6143625,83875,242671940000000,0,0,0
1,5019,242671940000000,242671940074875,242671946082250,6007375,6082250,74875,242671950000000,0,0,0
1,5020,242671950000000,242671950084375,242671956167250,6082875,6167250,84375,242671960000000,0,0,0
1,5021,242671960000000,242671960085375,242671966075500,5990125,6075500,85375,242671970000000,0,0,0
1,5022,242671970000000,242671970116875,242671976269375,6152500,6269375,116875,242671980000000,0,0,0
1,5023,242671980000000,242671980083500,242671986250125,6166625,6250125,83500,242671990000000,0,0,0
1,5024,242671990000000,242671990087875,242671996172125,6084250,6172125,87875,242672000000000,0,0,0
1,5025,242672000000000,242672000083125,242672006107250,6024125,6107250,83125,242672010000000,0,0,0
1,5026,242672010000000,242672010081750,242672016236000,6154250,6236000,81750,242672020000000,0,0,0
1,5027,242672020000000,242672020082875,242672025836500,5753625,5836500,82875,242672030000000,0,0,0
1,5028,242672030000000,242672030088625,242672035642000,5553375,5642000,88625,242672040000000,0,0,0
1,5029,242672040000000,242672040085125,242672046135625,6050500,6135625,85125,242672050000000,0,0,0
1,5030,242672050000000,242672050088625,242672055567875,5479250,5567875,88625,242672060000000,0,0,0
1,5031,242672060000000,242672060085500,242672066108000,6022500,6108000,85500,242672070000000,0,0,0
1,5032,242672070000000,242672070088250,242672076122250,6034000,6122250,88250,242672080000000,0,0,0
1,5033,242672080000000,242672080077500,242672086073000,5995500,6073000,77500,242672090000000,0,0,0
1,5034,242672090000000,242672090087125,242672096202875,6115750,6202875,87125,242672100000000,0,0,0
1,5035,242672100000000,242672100072500,242672106182375,6109875,6182375,72500,242672110000000,0,0,0
1,5036,242672110000000,242672110088000,242672116230500,6142500,6230500,88000,242672120000000,0,0,0
1,5037,242672120000000,242672120104750,242672126214250,6109500,6214250,104750,242672130000000,0,0,0
1,5038,242672130000000,242672130086875,242672136170500,6083625,6170500,86875,242672140000000,0,0,0
1,5039,242672140000000,242672140115125,242672146148000,6032875,6148000,115125,242672150000000,0,0,0
1,5040,242672150000000,242672150086875,242672156163000,6076125,6163000,86875,242672160000000,0,0,0
1,5041,242672160000000,242672160083375,242672166155250,6071875,6155250,83375,242672170000000,0,0,0
1,5042,242672170000000,242672170088125,242672176137375,6049250,6137375,88125,242672180000000,0,0,0
1,5043,242672180000000,242672180083250,242672186105750,6022500,6105750,83250,242672190000000,0,0,0
1,5044,242672190000000,242672190084375,242672196180375,6096000,6180375,84375,242672200000000,0,0,0
1,5045,242672200000000,242672200083125,242672206063625,5980500,6063625,83125,242672210000000,0,0,0
1,5046,242672210000000,242672210112375,242672216208750,6096375,6208750,112375,242672220000000,0,0,0
1,5047,242672220000000,242672220085250,242672226095000,6009750,6095000,85250,242672230000000,0,0,0
1,5048,242672230000000,242672230119625,242672235634875,5515250,5634875,119625,242672240000000,0,0,0
1,5049,242672240000000,242672240086875,242672246124250,6037375,6124250,86875,242672250000000,0,0,0
1,5050,242672250000000,242672250087750,242672256299000,6211250,6299000,87750,242672260000000,0,0,0
1,5051,242672260000000,242672260090500,242672266174125,6083625,6174125,90500,242672270000000,0,0,0
1,5052,242672270000000,242672270086750,242672276128000,6041250,6128000,86750,242672280000000,0,0,0
1,5053,242672280000000,242672280085750,242672286131750,6046000,6131750,85750,242672290000000,0,0,0
1,5054,242672290000000,242672290086125,242672296101750,6015625,6101750,86125,242672300000000,0,0,0
1,5055,242672300000000,242672300085375,242672305601250,5515875,5601250,85375,242672310000000,0,0,0
1,5056,242672310000000,242672310086625,242672316157625,6071000,6157625,86625,242672320000000,0,0,0
1,5057,242672320000000,242672320110250,242672326207000,6096750,6207000,110250,242672330000000,0,0,0
1,5058,242672330000000,242672330088625,242672336151750,6063125,6151750,88625,242672340000000,0,0,0
1,5059,242672340000000,242672340116125,242672346168250,6052125,6168250,116125,242672350000000,0,0,0
1,5060,242672350000000,242672350076000,242672356084250,6008250,6084250,76000,242672360000000,0,0,0
1,5061,242672360000000,242672360083875,242672365849875,5766000,5849875,83875,242672370000000,0,0,0
1,5062,242672370000000,242672370089000,242672375600875,5511875,5600875,89000,242672380000000,0,0,0
1,5063,242672380000000,242672380085875,242672386203625,6117750,6203625,85875,242672390000000,0,0,0
1,5064,242672390000000,242672390088125,242672396112750,6024625,6112750,88125,242672400000000,0,0,0
1,5065,242672400000000,242672400083000,242672406136750,6053750,6136750,83000,242672410000000,0,0,0
1,5066,242672410000000,242672410085000,242672416145625,6060625,6145625,85000,242672420000000,0,0,0
1,5067,242672420000000,242672420084375,242672426134250,6049875,6134250,84375,242672430000000,0,0,0
1,5068,242672430000000,242672430087500,242672436166375,6078875,6166375,87500,242672440000000,0,0,0
1,5069,242672440000000,242672440083500,242672446098750,6015250,6098750,83500,242672450000000,0,0,0
1,5070,242672450000000,242672450083250,242672456138750,6055500,6138750,83250,242672460000000,0,0,0
1,5071,242672460000000,242672460084250,242672466098875,6014625,6098875,84250,242672470000000,0,0,0
1,5072,242672470000000,242672470111625,242672476145250,6033625,6145250,111625,242672480000000,0,0,0
1,5073,242672480000000,242672480084500,242672485828500,5744000,5828500,84500,242672490000000,0,0,0
1,5074,242672490000000,242672490097375,242672496191375,6094000,6191375,97375,242672500000000,0,0,0
1,5075,242672500000000,242672500087250,242672506061625,5974375,6061625,87250,242672510000000,0,0,0
1,5076,242672510000000,242672510116625,242672516140500,6023875,6140500,116625,242672520000000,0,0,0
1,5077,242672520000000,242672520087125,242672526059125,5972000,6059125,87125,242672530000000,0,0,0
1,5078,242672530000000,242672530088125,242672536248000,6159875,6248000,88125,242672540000000,0,0,0
1,5079,242672540000000,242672540085125,242672546118000,6032875,6118000,85125,242672550000000,0,0,0
1,5080,242672550000000,242672550087625,242672556172375,6084750,6172375,87625,242672560000000,0,0,0
1,5081,242672560000000,242672560083250,242672566125750,6042500,6125750,83250,242672570000000,0,0,0
1,5082,242672570000000,242672570088875,242672576118250,6029375,6118250,88875,242672580000000,0,0,0
1,5083,242672580000000,242672580107125,242672586113625,6006500,6113625,107125,242672590000000,0,0,0
1,5084,242672590000000,242672590088500,242672596092375,6003875,6092375,88500,242672600000000,0,0,0
1,5085,242672600000000,242672600084375,242672606108625,6024250,6108625,84375,242672610000000,0,0,0
1,5086,242672610000000,242672610085875,242672616151750,6065875,6151750,85875,242672620000000,0,0,0
1,5087,242672620000000,242672620081000,242672626133875,6052875,6133875,81000,242672630000000,0,0,0
1,5088,242672630000000,242672630085750,242672636258875,6173125,6258875,85750,242672640000000,0,0,0
1,5089,242672640000000,242672640080750,242672646125625,6044875,6125625,80750,242672650000000,0,0,0
1,5090,242672650000000,242672650065375,242672656088875,6023500,6088875,65375,242672660000000,0,0,0
1,5091,242672660000000,242672660085375,242672666075375,5990000,6075375,85375,242672670000000,0,0,0
1,5092,242672670000000,242672670072750,242672676062500,5989750,6062500,72750,242672680000000,0,0,0
1,5093,242672680000000,242672680086625,242672686085750,5999125,6085750,86625,242672690000000,0,0,0
1,5094,242672690000000,242672690113125,242672696162500,6049375,6162500,113125,242672700000000,0,0,0
1,5095,242672700000000,242672700085250,242672705857375,5772125,5857375,85250,242672710000000,0,0,0
1,5096,242672710000000,242672710109500,242672716230750,6121250,6230750,109500,242672720000000,0,0,0
1,5097,242672720000000,242672720084750,242672726100625,6015875,6100625,84750,242672730000000,0,0,0
1,5098,242672730000000,242672730087750,242672736257875,6170125,6257875,87750,242672740000000,0,0,0
1,5099,242672740000000,242672740085875,242672746149750,6063875,6149750,85875,242672750000000,0,0,0
1,5100,242672750000000,242672750089750,242672756196375,6106625,6196375,89750,242672760000000,0,0,0
1,5101,242672760000000,242672760070125,242672765570125,5500000,5570125,70125,242672770000000,0,0,0
1,5102,242672770000000,242672770076625,242672776173000,6096375,6173000,76625,242672780000000,0,0,0
1,5103,242672780000000,242672780079375,242672786170750,6091375,6170750,79375,242672790000000,0,0,0
1,5104,242672790000000,242672790086250,242672796221625,6135375,6221625,86250,242672800000000,0,0,0
1,5105,242672800000000,242672800105125,242672806108000,6002875,6108000,105125,242672810000000,0,0,0
1,5106,242672810000000,242672810088750,242672816164375,6075625,6164375,88750,242672820000000,0,0,0
1,5107,242672820000000,242672820103625,242672825945000,5841375,5945000,103625,242672830000000,0,0,0
1,5108,242672830000000,242672830067375,242672836108750,6041375,6108750,67375,242672840000000,0,0,0
1,5109,242672840000000,242672840084875,242672846108125,6023250,6108125,84875,242672850000000,0,0,0
1,5110,242672850000000,242672850089625,242672855599500,5509875,5599500,89625,242672860000000,0,0,0
1,5111,242672860000000,242672860086875,242672866145625,6058750,6145625,86875,242672870000000,0,0,0
1,5112,242672870000000,242672870085250,242672875599375,5514125,5599375,85250,242672880000000,0,0,0
1,5113,242672880000000,242672880087750,242672886152375,6064625,6152375,87750,242672890000000,0,0,0
1,5114,242672890000000,242672890077875,242672896131875,6054000,6131875,77875,242672900000000,0,0,0
1,5115,242672900000000,242672900086000,242672906118000,6032000,6118000,86000,242672910000000,0,0,0
1,5116,242672910000000,242672910101000,242672915933125,5832125,5933125,101000,242672920000000,0,0,0
1,5117,242672920000000,242672920088625,242672926096500,6007875,6096500,88625,242672930000000,0,0,0
1,5118,242672930000000,242672930108625,242672936209750,6101125,6209750,108625,242672940000000,0,0,0
1,5119,242672940000000,242672940086000,242672946077625,5991625,6077625,86000,242672950000000,0,0,0
1,5120,242672950000000,242672950109375,242672955600250,5490875,5600250,109375,242672960000000,0,0,0
1,5121,242672960000000,242672960082875,242672966109250,6026375,6109250,82875,242672970000000,0,0,0
1,5122,242672970000000,242672970087250,242672976136125,6048875,6136125,87250,242672980000000,0,0,0
1,5123,242672980000000,242672980082125,242672985861125,5779000,5861125,82125,242672990000000,0,0,0
1,5124,242672990000000,242672990088000,242672995679250,5591250,5679250,88000,242673000000000,0,0,0
1,5125,242673000000000,242673000082250,242673005864875,5782625,5864875,82250,242673010000000,0,0,0
1,5126,242673010000000,242673010086500,242673016192250,6105750,6192250,86500,242673020000000,0,0,0
1,5127,242673020000000,242673020075000,242673025853250,5778250,5853250,75000,242673030000000,0,0,0
1,5128,242673030000000,242673030087375,242673036222125,6134750,6222125,87375,242673040000000,0,0,0
1,5129,242673040000000,242673040092750,242673045980125,5887375,5980125,92750,242673050000000,0,0,0
1,5130,242673050000000,242673050090125,242673056138750,6048625,6138750,90125,242673060000000,0,0,0
1,5131,242673060000000,242673060083625,242673066129875,6046250,6129875,83625,242673070000000,0,0,0
1,5132,242673070000000,242673070083750,242673076257875,6174125,6257875,83750,242673080000000,0,0,0
1,5133,242673080000000,242673080086625,242673086107125,6020500,6107125,86625,242673090000000,0,0,0
1,5134,242673090000000,242673090090875,242673095592500,5501625,5592500,90875,242673100000000,0,0,0
1,5135,242673100000000,242673100089625,242673106115875,6026250,6115875,89625,242673110000000,0,0,0
1,5136,242673110000000,242673110081750,242673116106125,6024375,6106125,81750,242673120000000,0,0,0
1,5137,242673120000000,242673120087250,242673126139500,6052250,6139500,87250,242673130000000,0,0,0
1,5138,242673130000000,242673130083875,242673136175000,6091125,6175000,83875,242673140000000,0,0,0
1,5139,242673140000000,242673140084125,242673146206500,6122375,6206500,84125,242673150000000,0,0,0
1,5140,242673150000000,242673150085125,242673155573625,5488500,5573625,85125,242673160000000,0,0,0
1,5141,242673160000000,242673160089625,242673166156375,6066750,6156375,89625,242673170000000,0,0,0
1,5142,242673170000000,242673170102500,242673175576750,5474250,5576750,102500,242673180000000,0,0,0
1,5143,242673180000000,242673180089375,242673186123500,6034125,6123500,89375,242673190000000,0,0,0
1,5144,242673190000000,242673190101500,242673196143375,6041875,6143375,101500,242673200000000,0,0,0
1,5145,242673200000000,242673200085625,242673206115000,6029375,6115000,85625,242673210000000,0,0,0
1,5146,242673210000000,242673210089125,242673216290750,6201625,6290750,89125,242673220000000,0,0,0
1,5147,242673220000000,242673220083125,242673225923500,5840375,5923500,83125,242673230000000,0,0,0
1,5148,242673230000000,242673230088375,242673236204125,6115750,6204125,88375,242673240000000,0,0,0
1,5149,242673240000000,242673240082250,242673246107000,6024750,6107000,82250,242673250000000,0,0,0
1,5150,242673250000000,242673250086875,242673256154125,6067250,6154125,86875,242673260000000,0,0,0
1,5151,242673260000000,242673260104750,242673266215000,6110250,6215000,104750,242673270000000,0,0,0
1,5152,242673270000000,242673270087250,242673276089625,6002375,6089625,87250,242673280000000,0,0,0
1,5153,242673280000000,242673280116000,242673285953125,5837125,5953125,116000,242673290000000,0,0,0
1,5154,242673290000000,242673290088875,242673296159500,6070625,6159500,88875,242673300000000,0,0,0
1,5155,242673300000000,242673300103875,242673306124625,6020750,6124625,103875,242673310000000,0,0,0
1,5156,242673310000000,242673310086250,242673315573000,5486750,5573000,86250,242673320000000,0,0,0
1,5157,242673320000000,242673320114125,242673326125250,6011125,6125250,114125,242673330000000,0,0,0
1,5158,242673330000000,242673330089000,242673336131250,6042250,6131250,89000,242673340000000,0,0,0
1,5159,242673340000000,242673340085125,242673345661750,5576625,5661750,85125,242673350000000,0,0,0
1,5160,242673350000000,242673350085500,242673356166500,6081000,6166500,85500,242673360000000,0,0,0
1,5161,242673360000000,242673360082500,242673366117000,6034500,6117000,82500,242673370000000,0,0,0
1,5162,242673370000000,242673370072875,242673375545875,5473000,5545875,72875,242673380000000,0,0,0
1,5163,242673380000000,242673380087125,242673386147000,6059875,6147000,87125,242673390000000,0,0,0
1,5164,242673390000000,242673390077750,242673396120250,6042500,6120250,77750,242673400000000,0,0,0
1,5165,242673400000000,242673400083250,242673406089250,6006000,6089250,83250,242673410000000,0,0,0
1,5166,242673410000000,242673410100250,242673415627125,5526875,5627125,100250,242673420000000,0,0,0
1,5167,242673420000000,242673420089250,242673426225375,6136125,6225375,89250,242673430000000,0,0,0
1,5168,242673430000000,242673430100625,242673436126000,6025375,6126000,100625,242673440000000,0,0,0
1,5169,242673440000000,242673440083500,242673446112750,6029250,6112750,83500,242673450000000,0,0,0
1,5170,242673450000000,242673450121000,242673456208000,6087000,6208000,121000,242673460000000,0,0,0
1,5171,242673460000000,242673460086125,242673466251625,6165500,6251625,86125,242673470000000,0,0,0
1,5172,242673470000000,242673470085750,242673476149250,6063500,6149250,85750,242673480000000,0,0,0
1,5173,242673480000000,242673480082000,242673486230000,6148000,6230000,82000,242673490000000,0,0,0
1,5174,242673490000000,242673490089500,242673495618125,5528625,5618125,89500,242673500000000,0,0,0
1,5175,242673500000000,242673500061000,242673506001125,5940125,6001125,61000,242673510000000,0,0,0
1,5176,242673510000000,242673510088125,242673515419250,5331125,5419250,88125,242673520000000,0,0,0
1,5177,242673520000000,242673520088750,242673526129250,6040500,6129250,88750,242673530000000,0,0,0
1,5178,242673530000000,242673530086000,242673535626375,5540375,5626375,86000,242673540000000,0,0,0
1,5179,242673540000000,242673540077125,242673546118000,6040875,6118000,77125,242673550000000,0,0,0
1,5180,242673550000000,242673550087875,242673556159750,6071875,6159750,87875,242673560000000,0,0,0
1,5181,242673560000000,242673560073875,242673565615250,5541375,5615250,73875,242673570000000,0,0,0
1,5182,242673570000000,242673570085250,242673576170500,6085250,6170500,85250,242673580000000,0,0,0
1,5183,242673580000000,242673580082000,242673586089250,6007250,6089250,82000,242673590000000,0,0,0
1,5184,242673590000000,242673590087250,242673596223000,6135750,6223000,87250,242673600000000,0,0,0
1,5185,242673600000000,242673600074875,242673605368500,5293625,5368500,74875,242673610000000,0,0,0
1,5186,242673610000000,242673610086375,242673615663875,5577500,5663875,86375,242673620000000,0,0,0
1,5187,242673620000000,242673620109500,242673626170000,6060500,6170000,109500,242673630000000,0,0,0
1,5188,242673630000000,242673630089500,242673636120750,6031250,6120750,89500,242673640000000,0,0,0
1,5189,242673640000000,242673640085250,242673646080750,5995500,6080750,85250,242673650000000,0,0,0
1,5190,242673650000000,242673650086750,242673656135500,6048750,6135500,86750,242673660000000,0,0,0
1,5191,242673660000000,242673660084625,242673666091375,6006750,6091375,84625,242673670000000,0,0,0
1,5192,242673670000000,242673670087125,242673676168500,6081375,6168500,87125,242673680000000,0,0,0
1,5193,242673680000000,242673680083625,242673686088750,6005125,6088750,83625,242673690000000,0,0,0
1,5194,242673690000000,242673690085875,242673696170750,6084875,6170750,85875,242673700000000,0,0,0
1,5195,242673700000000,242673700080625,242673706077875,5997250,6077875,80625,242673710000000,0,0,0
1,5196,242673710000000,242673710115000,242673716191625,6076625,6191625,115000,242673720000000,0,0,0
1,5197,242673720000000,242673720085250,242673726088500,6003250,6088500,85250,242673730000000,0,0,0
1,5198,242673730000000,242673730123250,242673736192375,6069125,6192375,123250,242673740000000,0,0,0
1,5199,242673740000000,242673740082750,242673746079875,5997125,6079875,82750,242673750000000,0,0,0
1,5200,242673750000000,242673750088125,242673756141625,6053500,6141625,88125,242673760000000,0,0,0
1,5201,242673760000000,242673760077750,242673766023250,5945500,6023250,77750,242673770000000,0,0,0
1,5202,242673770000000,242673770078875,242673775583875,5505000,5583875,78875,242673780000000,0,0,0
1,5203,242673780000000,242673780069125,242673786092875,6023750,6092875,69125,242673790000000,0,0,0
1,5204,242673790000000,242673790086000,242673795575625,5489625,5575625,86000,242673800000000,0,0,0
1,5205,242673800000000,242673800112000,242673806129125,6017125,6129125,112000,242673810000000,0,0,0
1,5206,242673810000000,242673810089750,242673816137875,6048125,6137875,89750,242673820000000,0,0,0
1,5207,242673820000000,242673820073125,242673826218625,6145500,6218625,73125,242673830000000,0,0,0
1,5208,242673830000000,242673830088250,242673836142375,6054125,6142375,88250,242673840000000,0,0,0
1,5209,242673840000000,242673840086000,242673846126500,6040500,6126500,86000,242673850000000,0,0,0
1,5210,242673850000000,242673850089250,242673856129000,6039750,6129000,89250,242673860000000,0,0,0
1,5211,242673860000000,242673860086250,242673865867375,5781125,5867375,86250,242673870000000,0,0,0
1,5212,242673870000000,242673870086125,242673876107125,6021000,6107125,86125,242673880000000,0,0,0
1,5213,242673880000000,242673880082625,242673886088125,6005500,6088125,82625,242673890000000,0,0,0
1,5214,242673890000000,242673890085750,242673896162000,6076250,6162000,85750,242673900000000,0,0,0
1,5215,242673900000000,242673900084500,242673906121500,6037000,6121500,84500,242673910000000,0,0,0
1,5216,242673910000000,242673910086000,242673916078375,5992375,6078375,86000,242673920000000,0,0,0
1,5217,242673920000000,242673920085125,242673926122500,6037375,6122500,85125,242673930000000,0,0,0
1,5218,242673930000000,242673930115250,242673936248500,6133250,6248500,115250,242673940000000,0,0,0
1,5219,242673940000000,242673940087000,242673945874625,5787625,5874625,87000,242673950000000,0,0,0
1,5220,242673950000000,242673950108625,242673956218375,6109750,6218375,108625,242673960000000,0,0,0
1,5221,242673960000000,242673960085875,242673966106750,6020875,6106750,85875,242673970000000,0,0,0
1,5222,242673970000000,242673970105000,242673976151750,6046750,6151750,105000,242673980000000,0,0,0
1,5223,242673980000000,242673980077500,242673986106125,6028625,6106125,77500,242673990000000,0,0,0
1,5224,242673990000000,242673990085875,242673996243875,6158000,6243875,85875,242674000000000,0,0,0
1,5225,242674000000000,242674000086125,242674006095750,6009625,6095750,86125,242674010000000,0,0,0
1,5226,242674010000000,242674010091625,242674016126375,6034750,6126375,91625,242674020000000,0,0,0
1,5227,242674020000000,242674020084125,242674026108500,6024375,6108500,84125,242674030000000,0,0,0
1,5228,242674030000000,242674030087875,242674036153000,6065125,6153000,87875,242674040000000,0,0,0
1,5229,242674040000000,242674040081000,242674046102375,6021375,6102375,81000,242674050000000,0,0,0
1,5230,242674050000000,242674050087375,242674056108875,6021500,6108875,87375,242674060000000,0,0,0
1,5231,242674060000000,242674060103000,242674066109500,6006500,6109500,103000,242674070000000,0,0,0
1,5232,242674070000000,242674070089000,242674075981500,5892500,5981500,89000,242674080000000,0,0,0
1,5233,242674080000000,242674080110000,242674086185250,6075250,6185250,110000,242674090000000,0,0,0
1,5234,242674090000000,242674090090125,242674096113625,6023500,6113625,90125,242674100000000,0,0,0
1,5235,242674100000000,242674100083500,242674106113875,6030375,6113875,83500,242674110000000,0,0,0
1,5236,242674110000000,242674110085000,242674116227125,6142125,6227125,85000,242674120000000,0,0,0
1,5237,242674120000000,242674120083000,242674126113875,6030875,6113875,83000,242674130000000,0,0,0
1,5238,242674130000000,242674130084375,242674136148875,6064500,6148875,84375,242674140000000,0,0,0
1,5239,242674140000000,242674140081875,242674146061750,5979875,6061750,81875,242674150000000,0,0,0
1,5240,242674150000000,242674150111500,242674156100875,5989375,6100875,111500,242674160000000,0,0,0
1,5241,242674160000000,242674160084875,242674166222625,6137750,6222625,84875,242674170000000,0,0,0
1,5242,242674170000000,242674170120750,242674175940125,5819375,5940125,120750,242674180000000,0,0,0
1,5243,242674180000000,242674180082125,242674185878250,5796125,5878250,82125,242674190000000,0,0,0
1,5244,242674190000000,242674190087125,242674196243500,6156375,6243500,87125,242674200000000,0,0,0
1,5245,242674200000000,242674200083125,242674205899750,5816625,5899750,83125,242674210000000,0,0,0
1,5246,242674210000000,242674210088250,242674215946750,5858500,5946750,88250,242674220000000,0,0,0
1,5247,242674220000000,242674220081500,242674226147750,6066250,6147750,81500,242674230000000,0,0,0
1,5248,242674230000000,242674230088500,242674236154750,6066250,6154750,88500,242674240000000,0,0,0
1,5249,242674240000000,242674240082875,242674246089125,6006250,6089125,82875,242674250000000,0,0,0
1,5250,242674250000000,242674250087625,242674255585250,5497625,5585250,87625,242674260000000,0,0,0
1,5251,242674260000000,242674260109125,242674266238375,6129250,6238375,109125,242674270000000,0,0,0
1,5252,242674270000000,242674270089750,242674276138000,6048250,6138000,89750,242674280000000,0,0,0
1,5253,242674280000000,242674280083375,242674286199000,6115625,6199000,83375,242674290000000,0,0,0
1,5254,242674290000000,242674290085625,242674295615250,5529625,5615250,85625,242674300000000,0,0,0
1,5255,242674300000000,242674300090000,242674306204125,6114125,6204125,90000,242674310000000,0,0,0
1,5256,242674310000000,242674310083625,242674316236000,6152375,6236000,83625,242674320000000,0,0,0
1,5257,242674320000000,242674320088875,242674325570750,5481875,5570750,88875,242674330000000,0,0,0
1,5258,242674330000000,242674330107750,242674335606250,5498500,5606250,107750,242674340000000,0,0,0
1,5259,242674340000000,242674340089875,242674345944625,5854750,5944625,89875,242674350000000,0,0,0
1,5260,242674350000000,242674350096500,242674356205375,6108875,6205375,96500,242674360000000,0,0,0
1,5261,242674360000000,242674360083000,242674365875125,5792125,5875125,83000,242674370000000,0,0,0
1,5262,242674370000000,242674370086750,242674376226250,6139500,6226250,86750,242674380000000,0,0,0
1,5263,242674380000000,242674380082875,242674386095875,6013000,6095875,82875,242674390000000,0,0,0
1,5264,242674390000000,242674390076375,242674396124375,6048000,6124375,76375,242674400000000,0,0,0
1,5265,242674400000000,242674400080875,242674405893625,5812750,5893625,80875,242674410000000,0,0,0
1,5266,242674410000000,242674410086000,242674415580750,5494750,5580750,86000,242674420000000,0,0,0
1,5267,242674420000000,242674420105125,242674426115625,6010500,6115625,105125,242674430000000,0,0,0
1,5268,242674430000000,242674430089000,242674436247500,6158500,6247500,89000,242674440000000,0,0,0
1,5269,242674440000000,242674440082000,242674446182375,6100375,6182375,82000,242674450000000,0,0,0
1,5270,242674450000000,242674450087250,242674456122000,6034750,6122000,87250,242674460000000,0,0,0
1,5271,242674460000000,242674460082625,242674466107000,6024375,6107000,82625,242674470000000,0,0,0
1,5272,242674470000000,242674470085375,242674475607250,5521875,5607250,85375,242674480000000,0,0,0
1,5273,242674480000000,242674480088875,242674486156875,6068000,6156875,88875,242674490000000,0,0,0
1,5274,242674490000000,242674490083000,242674496123250,6040250,6123250,83000,242674500000000,0,0,0
1,5275,242674500000000,242674500083250,242674506099125,6015875,6099125,83250,242674510000000,0,0,0
1,5276,242674510000000,242674510114500,242674516141250,6026750,6141250,114500,242674520000000,0,0,0
1,5277,242674520000000,242674520083875,242674526064750,5980875,6064750,83875,242674530000000,0,0,0
1,5278,242674530000000,242674530119250,242674536123375,6004125,6123375,119250,242674540000000,0,0,0
1,5279,242674540000000,242674540085375,242674545846125,5760750,5846125,85375,242674550000000,0,0,0
1,5280,242674550000000,242674550114250,242674556155750,6041500,6155750,114250,242674560000000,0,0,0
1,5281,242674560000000,242674560085375,242674566074000,5988625,6074000,85375,242674570000000,0,0,0
1,5282,242674570000000,242674570086125,242674576163000,6076875,6163000,86125,242674580000000,0,0,0
1,5283,242674580000000,242674580081875,242674586095875,6014000,6095875,81875,242674590000000,0,0,0
1,5284,242674590000000,242674590087625,242674596174000,6086375,6174000,87625,242674600000000,0,0,0
1,5285,242674600000000,242674600082625,242674606096750,6014125,6096750,82625,242674610000000,0,0,0
1,5286,242674610000000,242674610087125,242674616175375,6088250,6175375,87125,242674620000000,0,0,0
1,5287,242674620000000,242674620082000,242674625592750,5510750,5592750,82000,242674630000000,0,0,0
1,5288,242674630000000,242674630086250,242674636133000,6046750,6133000,86250,242674640000000,0,0,0
1,5289,242674640000000,242674640105375,242674646147375,6042000,6147375,105375,242674650000000,0,0,0
1,5290,242674650000000,242674650086375,242674656278000,6191625,6278000,86375,242674660000000,0,0,0
1,5291,242674660000000,242674660106125,242674665501250,5395125,5501250,106125,242674670000000,0,0,0
1,5292,242674670000000,242674670089625,242674676178125,6088500,6178125,89625,242674680000000,0,0,0
1,5293,242674680000000,242674680083000,242674686261875,6178875,6261875,83000,242674690000000,0,0,0
1,5294,242674690000000,242674690090875,242674695609750,5518875,5609750,90875,242674700000000,0,0,0
1,5295,242674700000000,242674700068125,242674705990500,5922375,5990500,68125,242674710000000,0,0,0
1,5296,242674710000000,242674710069625,242674716091000,6021375,6091000,69625,242674720000000,0,0,0
1,5297,242674720000000,242674720068125,242674725998125,5930000,5998125,68125,242674730000000,0,0,0
1,5298,242674730000000,242674730078375,242674736073125,5994750,6073125,78375,242674740000000,0,0,0
1,5299,242674740000000,242674740085750,242674746180000,6094250,6180000,85750,242674750000000,0,0,0
1,5300,242674750000000,242674750114500,242674756149250,6034750,6149250,114500,242674760000000,0,0,0
1,5301,242674760000000,242674760087375,242674766162250,6074875,6162250,87375,242674770000000,0,0,0
1,5302,242674770000000,242674770078375,242674776155125,6076750,6155125,78375,242674780000000,0,0,0
1,5303,242674780000000,242674780083000,242674785875250,5792250,5875250,83000,242674790000000,0,0,0
1,5304,242674790000000,242674790086125,242674796225000,6138875,6225000,86125,242674800000000,0,0,0
1,5305,242674800000000,242674800068875,242674806104125,6035250,6104125,68875,242674810000000,0,0,0
1,5306,242674810000000,242674810089500,242674816331500,6242000,6331500,89500,242674820000000,0,0,0
1,5307,242674820000000,242674820082375,242674826180500,6098125,6180500,82375,242674830000000,0,0,0
1,5308,242674830000000,242674830090375,242674835580000,5489625,5580000,90375,242674840000000,0,0,0
1,5309,242674840000000,242674840108125,242674846089000,5980875,6089000,108125,242674850000000,0,0,0
1,5310,242674850000000,242674850088625,242674856178625,6090000,6178625,88625,242674860000000,0,0,0
1,5311,242674860000000,242674860082250,242674866098375,6016125,6098375,82250,242674870000000,0,0,0
1,5312,242674870000000,242674870085125,242674876152750,6067625,6152750,85125,242674880000000,0,0,0
1,5313,242674880000000,242674880084500,242674886125125,6040625,6125125,84500,242674890000000,0,0,0
1,5314,242674890000000,242674890085750,242674895934500,5848750,5934500,85750,242674900000000,0,0,0
1,5315,242674900000000,242674900089500,242674906107500,6018000,6107500,89500,242674910000000,0,0,0
1,5316,242674910000000,242674910083625,242674916160875,6077250,6160875,83625,242674920000000,0,0,0
1,5317,242674920000000,242674920084125,242674926150000,6065875,6150000,84125,242674930000000,0,0,0
1,5318,242674930000000,242674930084250,242674936163625,6079375,6163625,84250,242674940000000,0,0,0
1,5319,242674940000000,242674940085500,242674946057000,5971500,6057000,85500,242674950000000,0,0,0
1,5320,242674950000000,242674950115750,242674956138500,6022750,6138500,115750,242674960000000,0,0,0
1,5321,242674960000000,242674960088250,242674965848375,5760125,5848375,88250,242674970000000,0,0,0
1,5322,242674970000000,242674970087250,242674975639000,5551750,5639000,87250,242674980000000,0,0,0
1,5323,242674980000000,242674980091375,242674986243625,6152250,6243625,91375,242674990000000,0,0,0
1,5324,242674990000000,242674990090125,242674996198875,6108750,6198875,90125,242675000000000,0,0,0
1,5325,242675000000000,242675000076125,242675005869625,5793500,5869625,76125,242675010000000,0,0,0
1,5326,242675010000000,242675010087750,242675016183000,6095250,6183000,87750,242675020000000,0,0,0
1,5327,242675020000000,242675020076750,242675026279500,6202750,6279500,76750,242675030000000,0,0,0
1,5328,242675030000000,242675030088375,242675035913250,5824875,5913250,88375,242675040000000,0,0,0
1,5329,242675040000000,242675040103500,242675046226875,6123375,6226875,103500,242675050000000,0,0,0
1,5330,242675050000000,242675050091750,242675055914250,5822500,5914250,91750,242675060000000,0,0,0
1,5331,242675060000000,242675060112125,242675065895250,5783125,5895250,112125,242675070000000,0,0,0
1,5332,242675070000000,242675070088250,242675075908125,5819875,5908125,88250,242675080000000,0,0,0
1,5333,242675080000000,242675080089000,242675086127500,6038500,6127500,89000,242675090000000,0,0,0
1,5334,242675090000000,242675090088625,242675096156250,6067625,6156250,88625,242675100000000,0,0,0
1,5335,242675100000000,242675100085000,242675106239000,6154000,6239000,85000,242675110000000,0,0,0
1,5336,242675110000000,242675110088000,242675116163875,6075875,6163875,88000,242675120000000,0,0,0
1,5337,242675120000000,242675120086125,242675126093375,6007250,6093375,86125,242675130000000,0,0,0
1,5338,242675130000000,242675130106125,242675136151625,6045500,6151625,106125,242675140000000,0,0,0
1,5339,242675140000000,242675140084625,242675146078875,5994250,6078875,84625,242675150000000,0,0,0
1,5340,242675150000000,242675150125375,242675156158125,6032750,6158125,125375,242675160000000,0,0,0
1,5341,242675160000000,242675160084625,242675166078125,5993500,6078125,84625,242675170000000,0,0,0
1,5342,242675170000000,242675170089625,242675176182250,6092625,6182250,89625,242675180000000,0,0,0
1,5343,242675180000000,242675180083125,242675186098375,6015250,6098375,83125,242675190000000,0,0,0
1,5344,242675190000000,242675190086375,242675195950500,5864125,5950500,86375,242675200000000,0,0,0
1,5345,242675200000000,242675200081875,242675206193000,6111125,6193000,81875,242675210000000,0,0,0
1,5346,242675210000000,242675210084875,242675216269250,6184375,6269250,84875,242675220000000,0,0,0
1,5347,242675220000000,242675220082125,242675226088375,6006250,6088375,82125,242675230000000,0,0,0
1,5348,242675230000000,242675230087875,242675236176125,6088250,6176125,87875,242675240000000,0,0,0
1,5349,242675240000000,242675240082375,242675246080125,5997750,6080125,82375,242675250000000,0,0,0
1,5350,242675250000000,242675250086375,242675256252500,6166125,6252500,86375,242675260000000,0,0,0
1,5351,242675260000000,242675260082375,242675266240000,6157625,6240000,82375,242675270000000,0,0,0
1,5352,242675270000000,242675270087125,242675276267500,6180375,6267500,87125,242675280000000,0,0,0
1,5353,242675280000000,242675280111625,242675286145750,6034125,6145750,111625,242675290000000,0,0,0
1,5354,242675290000000,242675290091375,242675296132125,6040750,6132125,91375,242675300000000,0,0,0
1,5355,242675300000000,242675300080625,242675306184125,6103500,6184125,80625,242675310000000,0,0,0
1,5356,242675310000000,242675310090125,242675316167250,6077125,6167250,90125,242675320000000,0,0,0
1,5357,242675320000000,242675320084375,242675326113375,6029000,6113375,84375,242675330000000,0,0,0
1,5358,242675330000000,242675330084500,242675336136000,6051500,6136000,84500,242675340000000,0,0,0
1,5359,242675340000000,242675340084250,242675345854375,5770125,5854375,84250,242675350000000,0,0,0
1,5360,242675350000000,242675350112625,242675356165875,6053250,6165875,112625,242675360000000,0,0,0
1,5361,242675360000000,242675360086750,242675366124125,6037375,6124125,86750,242675370000000,0,0,0
1,5362,242675370000000,242675370117375,242675376153625,6036250,6153625,117375,242675380000000,0,0,0
1,5363,242675380000000,242675380085250,242675386108000,6022750,6108000,85250,242675390000000,0,0,0
1,5364,242675390000000,242675390086375,242675396163500,6077125,6163500,86375,242675400000000,0,0,0
1,5365,242675400000000,242675400083750,242675406107500,6023750,6107500,83750,242675410000000,0,0,0
1,5366,242675410000000,242675410076750,242675416252625,6175875,6252625,76750,242675420000000,0,0,0
1,5367,242675420000000,242675420084250,242675425902500,5818250,5902500,84250,242675430000000,0,0,0
1,5368,242675430000000,242675430088000,242675435639500,5551500,5639500,88000,242675440000000,0,0,0
1,5369,242675440000000,242675440109125,242675446106125,5997000,6106125,109125,242675450000000,0,0,0
1,5370,242675450000000,242675450088250,242675455663875,5575625,5663875,88250,242675460000000,0,0,0
1,5371,242675460000000,242675460105500,242675466096500,5991000,6096500,105500,242675470000000,0,0,0
1,5372,242675470000000,242675470088250,242675476120375,6032125,6120375,88250,242675480000000,0,0,0
1,5373,242675480000000,242675480085375,242675486126500,6041125,6126500,85375,242675490000000,0,0,0
1,5374,242675490000000,242675490084375,242675495891750,5807375,5891750,84375,242675500000000,0,0,0
1,5375,242675500000000,242675500088375,242675505870250,5781875,5870250,88375,242675510000000,0,0,0
1,5376,242675510000000,242675510085125,242675516190000,6104875,6190000,85125,242675520000000,0,0,0
1,5377,242675520000000,242675520084750,242675526077875,5993125,6077875,84750,242675530000000,0,0,0
1,5378,242675530000000,242675530084625,242675536137250,6052625,6137250,84625,242675540000000,0,0,0
1,5379,242675540000000,242675540085250,242675546109250,6024000,6109250,85250,242675550000000,0,0,0
1,5380,242675550000000,242675550086500,242675556292625,6206125,6292625,86500,242675560000000,0,0,0
1,5381,242675560000000,242675560086625,242675565864375,5777750,5864375,86625,242675570000000,0,0,0
1,5382,242675570000000,242675570116750,242675576190875,6074125,6190875,116750,242675580000000,0,0,0
1,5383,242675580000000,242675580084375,242675586066125,5981750,6066125,84375,242675590000000,0,0,0
1,5384,242675590000000,242675590087500,242675595655750,5568250,5655750,87500,242675600000000,0,0,0
1,5385,242675600000000,242675600086625,242675606138000,6051375,6138000,86625,242675610000000,0,0,0
1,5386,242675610000000,242675610086750,242675616179125,6092375,6179125,86750,242675620000000,0,0,0
1,5387,242675620000000,242675620078375,242675625408375,5330000,5408375,78375,242675630000000,0,0,0
1,5388,242675630000000,242675630088000,242675636192000,6104000,6192000,88000,242675640000000,0,0,0
1,5389,242675640000000,242675640075000,242675646110375,6035375,6110375,75000,242675650000000,0,0,0
1,5390,242675650000000,242675650088000,242675656104500,6016500,6104500,88000,242675660000000,0,0,0
1,5391,242675660000000,242675660080875,242675666063875,5983000,6063875,80875,242675670000000,0,0,0
1,5392,242675670000000,242675670087250,242675676141875,6054625,6141875,87250,242675680000000,0,0,0
1,5393,242675680000000,242675680106375,242675686085375,5979000,6085375,106375,242675690000000,0,0,0
1,5394,242675690000000,242675690088000,242675695601250,5513250,5601250,88000,242675700000000,0,0,0
1,5395,242675700000000,242675700102875,242675706239250,6136375,6239250,102875,242675710000000,0,0,0
1,5396,242675710000000,242675710089250,242675715663625,5574375,5663625,89250,242675720000000,0,0,0
1,5397,242675720000000,242675720106000,242675726175625,6069625,6175625,106000,242675730000000,0,0,0
1,5398,242675730000000,242675730087875,242675736177625,6089750,6177625,87875,242675740000000,0,0,0
1,5399,242675740000000,242675740078250,242675746070250,5992000,6070250,78250,242675750000000,0,0,0
1,5400,242675750000000,242675750087625,242675756150000,6062375,6150000,87625,242675760000000,0,0,0
1,5401,242675760000000,242675760081375,242675766019125,5937750,6019125,81375,242675770000000,0,0,0
1,5402,242675770000000,242675770079625,242675776134750,6055125,6134750,79625,242675780000000,0,0,0
1,5403,242675780000000,242675780083375,242675785884750,5801375,5884750,83375,242675790000000,0,0,0
1,5404,242675790000000,242675790116250,242675796167875,6051625,6167875,116250,242675800000000,0,0,0
1,5405,242675800000000,242675800087125,242675806075625,5988500,6075625,87125,242675810000000,0,0,0
1,5406,242675810000000,242675810084000,242675815646000,5562000,5646000,84000,242675820000000,0,0,0
1,5407,242675820000000,242675820074375,242675826093750,6019375,6093750,74375,242675830000000,0,0,0
1,5408,242675830000000,242675830086625,242675836158000,6071375,6158000,86625,242675840000000,0,0,0
1,5409,242675840000000,242675840076750,242675846129125,6052375,6129125,76750,242675850000000,0,0,0
1,5410,242675850000000,242675850087625,242675856204500,6116875,6204500,87625,242675860000000,0,0,0
1,5411,242675860000000,242675860083125,242675866117250,6034125,6117250,83125,242675870000000,0,0,0
1,5412,242675870000000,242675870085125,242675876165125,6080000,6165125,85125,242675880000000,0,0,0
1,5413,242675880000000,242675880082250,242675886114875,6032625,6114875,82250,242675890000000,0,0,0
1,5414,242675890000000,242675890084750,242675895862500,5777750,5862500,84750,242675900000000,0,0,0
1,5415,242675900000000,242675900109750,242675906107375,5997625,6107375,109750,242675910000000,0,0,0
1,5416,242675910000000,242675910086125,242675916108125,6022000,6108125,86125,242675920000000,0,0,0
1,5417,242675920000000,242675920083500,242675925896625,5813125,5896625,83500,242675930000000,0,0,0
1,5418,242675930000000,242675930088125,242675936153375,6065250,6153375,88125,242675940000000,0,0,0
1,5419,242675940000000,242675940084250,242675946115750,6031500,6115750,84250,242675950000000,0,0,0
1,5420,242675950000000,242675950088500,242675956235125,6146625,6235125,88500,242675960000000,0,0,0
1,5421,242675960000000,242675960081125,242675966127750,6046625,6127750,81125,242675970000000,0,0,0
1,5422,242675970000000,242675970088750,242675976084500,5995750,6084500,88750,242675980000000,0,0,0
1,5423,242675980000000,242675980082750,242675986067750,5985000,6067750,82750,242675990000000,0,0,0
1,5424,242675990000000,242675990114125,242675996094875,5980750,6094875,114125,242676000000000,0,0,0
1,5425,242676000000000,242676000087375,242676006105125,6017750,6105125,87375,242676010000000,0,0,0
1,5426,242676010000000,242676010077250,242676016129000,6051750,6129000,77250,242676020000000,0,0,0
1,5427,242676020000000,242676020078125,242676026074875,5996750,6074875,78125,242676030000000,0,0,0
1,5428,242676030000000,242676030085625,242676036158375,6072750,6158375,85625,242676040000000,0,0,0
1,5429,242676040000000,242676040083625,242676046202750,6119125,6202750,83625,242676050000000,0,0,0
1,5430,242676050000000,242676050086250,242676056126000,6039750,6126000,86250,242676060000000,0,0,0
1,5431,242676060000000,242676060083875,242676066095000,6011125,6095000,83875,242676070000000,0,0,0
1,5432,242676070000000,242676070083250,242676075373500,5290250,5373500,83250,242676080000000,0,0,0
1,5433,242676080000000,242676080114125,242676086133625,6019500,6133625,114125,242676090000000,0,0,0
1,5434,242676090000000,242676090085750,242676096247375,6161625,6247375,85750,242676100000000,0,0,0
1,5435,242676100000000,242676100087750,242676106118750,6031000,6118750,87750,242676110000000,0,0,0
1,5436,242676110000000,242676110085500,242676116134625,6049125,6134625,85500,242676120000000,0,0,0
1,5437,242676120000000,242676120083000,242676126089750,6006750,6089750,83000,242676130000000,0,0,0
1,5438,242676130000000,242676130085375,242676136129000,6043625,6129000,85375,242676140000000,0,0,0
1,5439,242676140000000,242676140082750,242676146070375,5987625,6070375,82750,242676150000000,0,0,0
1,5440,242676150000000,242676150113750,242676156174250,6060500,6174250,113750,242676160000000,0,0,0
1,5441,242676160000000,242676160078375,242676165815625,5737250,5815625,78375,242676170000000,0,0,0
1,5442,242676170000000,242676170102375,242676176173875,6071500,6173875,102375,242676180000000,0,0,0
1,5443,242676180000000,242676180084875,242676185836625,5751750,5836625,84875,242676190000000,0,0,0
1,5444,242676190000000,242676190086250,242676196134125,6047875,6134125,86250,242676200000000,0,0,0
1,5445,242676200000000,242676200084125,242676206224750,6140625,6224750,84125,242676210000000,0,0,0
1,5446,242676210000000,242676210088875,242676216261000,6172125,6261000,88875,242676220000000,0,0,0
1,5447,242676220000000,242676220083500,242676226194750,6111250,6194750,83500,242676230000000,0,0,0
1,5448,242676230000000,242676230085875,242676236168125,6082250,6168125,85875,242676240000000,0,0,0
1,5449,242676240000000,242676240080875,242676246117875,6037000,6117875,80875,242676250000000,0,0,0
1,5450,242676250000000,242676250085875,242676255564625,5478750,5564625,85875,242676260000000,0,0,0
1,5451,242676260000000,242676260117250,242676265941750,5824500,5941750,117250,242676270000000,0,0,0
1,5452,242676270000000,242676270088875,242676276196750,6107875,6196750,88875,242676280000000,0,0,0
1,5453,242676280000000,242676280084500,242676286161375,6076875,6161375,84500,242676290000000,0,0,0
1,5454,242676290000000,242676290087250,242676296202125,6114875,6202125,87250,242676300000000,0,0,0
1,5455,242676300000000,242676300083500,242676306114875,6031375,6114875,83500,242676310000000,0,0,0
1,5456,242676310000000,242676310082500,242676316149125,6066625,6149125,82500,242676320000000,0,0,0
1,5457,242676320000000,242676320080125,242676326187625,6107500,6187625,80125,242676330000000,0,0,0
1,5458,242676330000000,242676330084125,242676336145250,6061125,6145250,84125,242676340000000,0,0,0
1,5459,242676340000000,242676340083875,242676346094000,6010125,6094000,83875,242676350000000,0,0,0
1,5460,242676350000000,242676350112375,242676356092625,5980250,6092625,112375,242676360000000,0,0,0
1,5461,242676360000000,242676360084000,242676366111250,6027250,6111250,84000,242676370000000,0,0,0
1,5462,242676370000000,242676370118500,242676376144625,6026125,6144625,118500,242676380000000,0,0,0
1,5463,242676380000000,242676380084625,242676386118375,6033750,6118375,84625,242676390000000,0,0,0
1,5464,242676390000000,242676390114000,242676396102750,5988750,6102750,114000,242676400000000,0,0,0
1,5465,242676400000000,242676400084625,242676406060500,5975875,6060500,84625,242676410000000,0,0,0
1,5466,242676410000000,242676410086500,242676416166250,6079750,6166250,86500,242676420000000,0,0,0
1,5467,242676420000000,242676420084250,242676426124750,6040500,6124750,84250,242676430000000,0,0,0
1,5468,242676430000000,242676430077875,242676436138875,6061000,6138875,77875,242676440000000,0,0,0
1,5469,242676440000000,242676440086875,242676446052375,5965500,6052375,86875,242676450000000,0,0,0
1,5470,242676450000000,242676450088125,242676456254125,6166000,6254125,88125,242676460000000,0,0,0
1,5471,242676460000000,242676460084125,242676465905125,5821000,5905125,84125,242676470000000,0,0,0
1,5472,242676470000000,242676470088625,242676475670000,5581375,5670000,88625,242676480000000,0,0,0
1,5473,242676480000000,242676480083875,242676486130875,6047000,6130875,83875,242676490000000,0,0,0
1,5474,242676490000000,242676490090000,242676495636625,5546625,5636625,90000,242676500000000,0,0,0
1,5475,242676500000000,242676500112000,242676506242125,6130125,6242125,112000,242676510000000,0,0,0
1,5476,242676510000000,242676510090375,242676516152750,6062375,6152750,90375,242676520000000,0,0,0
1,5477,242676520000000,242676520081750,242676526077750,5996000,6077750,81750,242676530000000,0,0,0
1,5478,242676530000000,242676530086375,242676536104500,6018125,6104500,86375,242676540000000,0,0,0
1,5479,242676540000000,242676540085250,242676545942375,5857125,5942375,85250,242676550000000,0,0,0
1,5480,242676550000000,242676550087000,242676556166625,6079625,6166625,87000,242676560000000,0,0,0
1,5481,242676560000000,242676560083125,242676565437375,5354250,5437375,83125,242676570000000,0,0,0
1,5482,242676570000000,242676570085375,242676576161750,6076375,6161750,85375,242676580000000,0,0,0
1,5483,242676580000000,242676580083250,242676586109125,6025875,6109125,83250,242676590000000,0,0,0
1,5484,242676590000000,242676590085000,242676596139625,6054625,6139625,85000,242676600000000,0,0,0
1,5485,242676600000000,242676600084500,242676606115125,6030625,6115125,84500,242676610000000,0,0,0
1,5486,242676610000000,242676610087000,242676616180375,6093375,6180375,87000,242676620000000,0,0,0
1,5487,242676620000000,242676620083375,242676626075750,5992375,6075750,83375,242676630000000,0,0,0
1,5488,242676630000000,242676630117750,242676636214125,6096375,6214125,117750,242676640000000,0,0,0
1,5489,242676640000000,242676640084000,242676646225000,6141000,6225000,84000,242676650000000,0,0,0
1,5490,242676650000000,242676650087375,242676656216500,6129125,6216500,87375,242676660000000,0,0,0
1,5491,242676660000000,242676660081750,242676666112625,6030875,6112625,81750,242676670000000,0,0,0
1,5492,242676670000000,242676670067500,242676676154875,6087375,6154875,67500,242676680000000,0,0,0
1,5493,242676680000000,242676680093125,242676686076875,5983750,6076875,93125,242676690000000,0,0,0
1,5494,242676690000000,242676690088375,242676696107750,6019375,6107750,88375,242676700000000,0,0,0
1,5495,242676700000000,242676700115750,242676706119750,6004000,6119750,115750,242676710000000,0,0,0
1,5496,242676710000000,242676710087125,242676716082000,5994875,6082000,87125,242676720000000,0,0,0
1,5497,242676720000000,242676720086000,242676725869000,5783000,5869000,86000,242676730000000,0,0,0
1,5498,242676730000000,242676730092125,242676735606125,5514000,5606125,92125,242676740000000,0,0,0
1,5499,242676740000000,242676740088500,242676746155750,6067250,6155750,88500,242676750000000,0,0,0
1,5500,242676750000000,242676750088250,242676756146375,6058125,6146375,88250,242676760000000,0,0,0
1,5501,242676760000000,242676760085750,242676766052500,5966750,6052500,85750,242676770000000,0,0,0
1,5502,242676770000000,242676770066000,242676776051000,5985000,6051000,66000,242676780000000,0,0,0
1,5503,242676780000000,242676780080875,242676786081375,6000500,6081375,80875,242676790000000,0,0,0
1,5504,242676790000000,242676790084500,242676796129250,6044750,6129250,84500,242676800000000,0,0,0
1,5505,242676800000000,242676800087375,242676805850625,5763250,5850625,87375,242676810000000,0,0,0
1,5506,242676810000000,242676810118875,242676816179375,6060500,6179375,118875,242676820000000,0,0,0
1,5507,242676820000000,242676820086250,242676826198000,6111750,6198000,86250,242676830000000,0,0,0
1,5508,242676830000000,242676830066875,242676836096000,6029125,6096000,66875,242676840000000,0,0,0
1,5509,242676840000000,242676840069875,242676846077875,6008000,6077875,69875,242676850000000,0,0,0
1,5510,242676850000000,242676850087625,242676856106125,6018500,6106125,87625,242676860000000,0,0,0
1,5511,242676860000000,242676860085000,242676866104125,6019125,6104125,85000,242676870000000,0,0,0
1,5512,242676870000000,242676870089250,242676876145125,6055875,6145125,89250,242676880000000,0,0,0
1,5513,242676880000000,242676880084875,242676886131250,6046375,6131250,84875,242676890000000,0,0,0
1,5514,242676890000000,242676890086875,242676895626500,5539625,5626500,86875,242676900000000,0,0,0
1,5515,242676900000000,242676900116375,242676906235000,6118625,6235000,116375,242676910000000,0,0,0
1,5516,242676910000000,242676910086750,242676916134875,6048125,6134875,86750,242676920000000,0,0,0
1,5517,242676920000000,242676920084375,242676926142375,6058000,6142375,84375,242676930000000,0,0,0
1,5518,242676930000000,242676930085625,242676936181500,6095875,6181500,85625,242676940000000,0,0,0
1,5519,242676940000000,242676940084625,242676946085625,6001000,6085625,84625,242676950000000,0,0,0
1,5520,242676950000000,242676950089000,242676956153875,6064875,6153875,89000,242676960000000,0,0,0
1,5521,242676960000000,242676960065625,242676965815875,5750250,5815875,65625,242676970000000,0,0,0
1,5522,242676970000000,242676970088375,242676976151125,6062750,6151125,88375,242676980000000,0,0,0
1,5523,242676980000000,242676980087000,242676986083250,5996250,6083250,87000,242676990000000,0,0,0
1,5524,242676990000000,242676990082125,242676996143250,6061125,6143250,82125,242677000000000,0,0,0
1,5525,242677000000000,242677000083875,242677005393125,5309250,5393125,83875,242677010000000,0,0,0
1,5526,242677010000000,242677010112875,242677016236625,6123750,6236625,112875,242677020000000,0,0,0
1,5527,242677020000000,242677020083750,242677025936625,5852875,5936625,83750,242677030000000,0,0,0
1,5528,242677030000000,242677030121750,242677036343250,6221500,6343250,121750,242677040000000,0,0,0
1,5529,242677040000000,242677040081375,242677046098125,6016750,6098125,81375,242677050000000,0,0,0
1,5530,242677050000000,242677050110625,242677055575375,5464750,5575375,110625,242677060000000,0,0,0
1,5531,242677060000000,242677060085125,242677066220625,6135500,6220625,85125,242677070000000,0,0,0
1,5532,242677070000000,242677070086875,242677076184625,6097750,6184625,86875,242677080000000,0,0,0
1,5533,242677080000000,242677080085750,242677086119750,6034000,6119750,85750,242677090000000,0,0,0
1,5534,242677090000000,242677090087750,242677096100500,6012750,6100500,87750,242677100000000,0,0,0
1,5535,242677100000000,242677100083875,242677106057875,5974000,6057875,83875,242677110000000,0,0,0
1,5536,242677110000000,242677110085000,242677116139750,6054750,6139750,85000,242677120000000,0,0,0
1,5537,242677120000000,242677120083000,242677126250125,6167125,6250125,83000,242677130000000,0,0,0
1,5538,242677130000000,242677130087125,242677136134250,6047125,6134250,87125,242677140000000,0,0,0
1,5539,242677140000000,242677140086000,242677146198625,6112625,6198625,86000,242677150000000,0,0,0
1,5540,242677150000000,242677150087250,242677156143625,6056375,6143625,87250,242677160000000,0,0,0
1,5541,242677160000000,242677160083750,242677166103375,6019625,6103375,83750,242677170000000,0,0,0
1,5542,242677170000000,242677170089500,242677176089000,5999500,6089000,89500,242677180000000,0,0,0
1,5543,242677180000000,242677180109875,242677186118250,6008375,6118250,109875,242677190000000,0,0,0
1,5544,242677190000000,242677190088000,242677195624250,5536250,5624250,88000,242677200000000,0,0,0
1,5545,242677200000000,242677200103250,242677205906000,5802750,5906000,103250,242677210000000,0,0,0
1,5546,242677210000000,242677210093625,242677216168500,6074875,6168500,93625,242677220000000,0,0,0
1,5547,242677220000000,242677220079250,242677226215250,6136000,6215250,79250,242677230000000,0,0,0
1,5548,242677230000000,242677230087500,242677236136750,6049250,6136750,87500,242677240000000,0,0,0
1,5549,242677240000000,242677240083250,242677246115875,6032625,6115875,83250,242677250000000,0,0,0
1,5550,242677250000000,242677250086500,242677256102500,6016000,6102500,86500,242677260000000,0,0,0
1,5551,242677260000000,242677260081625,242677266118875,6037250,6118875,81625,242677270000000,0,0,0
1,5552,242677270000000,242677270086000,242677276170000,6084000,6170000,86000,242677280000000,0,0,0
1,5553,242677280000000,242677280085000,242677286054875,5969875,6054875,85000,242677290000000,0,0,0
1,5554,242677290000000,242677290112375,242677296259250,6146875,6259250,112375,242677300000000,0,0,0
1,5555,242677300000000,242677300085875,242677306182000,6096125,6182000,85875,242677310000000,0,0,0
1,5556,242677310000000,242677310110250,242677316169000,6058750,6169000,110250,242677320000000,0,0,0
1,5557,242677320000000,242677320085875,242677325839375,5753500,5839375,85875,242677330000000,0,0,0
1,5558,242677330000000,242677330097125,242677336158750,6061625,6158750,97125,242677340000000,0,0,0
1,5559,242677340000000,242677340084375,242677346101875,6017500,6101875,84375,242677350000000,0,0,0
1,5560,242677350000000,242677350111750,242677356165250,6053500,6165250,111750,242677360000000,0,0,0
1,5561,242677360000000,242677360084500,242677366157750,6073250,6157750,84500,242677370000000,0,0,0
1,5562,242677370000000,242677370088000,242677376205125,6117125,6205125,88000,242677380000000,0,0,0
1,5563,242677380000000,242677380082250,242677385413625,5331375,5413625,82250,242677390000000,0,0,0
1,5564,242677390000000,242677390087375,242677396201250,6113875,6201250,87375,242677400000000,0,0,0
1,5565,242677400000000,242677400085250,242677406182500,6097250,6182500,85250,242677410000000,0,0,0
1,5566,242677410000000,242677410087375,242677416153750,6066375,6153750,87375,242677420000000,0,0,0
1,5567,242677420000000,242677420081875,242677426109375,6027500,6109375,81875,242677430000000,0,0,0
1,5568,242677430000000,242677430083875,242677436164125,6080250,6164125,83875,242677440000000,0,0,0
1,5569,242677440000000,242677440082375,242677446113625,6031250,6113625,82375,242677450000000,0,0,0
1,5570,242677450000000,242677450073250,242677456129375,6056125,6129375,73250,242677460000000,0,0,0
1,5571,242677460000000,242677460081125,242677466099125,6018000,6099125,81125,242677470000000,0,0,0
1,5572,242677470000000,242677470087875,242677476109750,6021875,6109750,87875,242677480000000,0,0,0
1,5573,242677480000000,242677480111625,242677486123375,6011750,6123375,111625,242677490000000,0,0,0
1,5574,242677490000000,242677490090000,242677496231375,6141375,6231375,90000,242677500000000,0,0,0
1,5575,242677500000000,242677500084875,242677506130125,6045250,6130125,84875,242677510000000,0,0,0
1,5576,242677510000000,242677510087500,242677515600375,5512875,5600375,87500,242677520000000,0,0,0
1,5577,242677520000000,242677520087750,242677525863125,5775375,5863125,87750,242677530000000,0,0,0
1,5578,242677530000000,242677530083625,242677536140500,6056875,6140500,83625,242677540000000,0,0,0
1,5579,242677540000000,242677540085500,242677546095000,6009500,6095000,85500,242677550000000,0,0,0
1,5580,242677550000000,242677550084125,242677556268375,6184250,6268375,84125,242677560000000,0,0,0
1,5581,242677560000000,242677560083750,242677566129125,6045375,6129125,83750,242677570000000,0,0,0
1,5582,242677570000000,242677570085375,242677576230875,6145500,6230875,85375,242677580000000,0,0,0
1,5583,242677580000000,242677580084750,242677586087125,6002375,6087125,84750,242677590000000,0,0,0
1,5584,242677590000000,242677590115250,242677596205125,6089875,6205125,115250,242677600000000,0,0,0
1,5585,242677600000000,242677600083875,242677606082250,5998375,6082250,83875,242677610000000,0,0,0
1,5586,242677610000000,242677610087625,242677616142125,6054500,6142125,87625,242677620000000,0,0,0
1,5587,242677620000000,242677620081625,242677626062375,5980750,6062375,81625,242677630000000,0,0,0
1,5588,242677630000000,242677630085625,242677636101125,6015500,6101125,85625,242677640000000,0,0,0
1,5589,242677640000000,242677640084375,242677645881375,5797000,5881375,84375,242677650000000,0,0,0
1,5590,242677650000000,242677650086250,242677655646875,5560625,5646875,86250,242677660000000,0,0,0
1,5591,242677660000000,242677660087875,242677666148125,6060250,6148125,87875,242677670000000,0,0,0
1,5592,242677670000000,242677670089250,242677676304875,6215625,6304875,89250,242677680000000,0,0,0
1,5593,242677680000000,242677680076125,242677686087750,6011625,6087750,76125,242677690000000,0,0,0
1,5594,242677690000000,242677690087750,242677696104250,6016500,6104250,87750,242677700000000,0,0,0
1,5595,242677700000000,242677700098875,242677706095000,5996125,6095000,98875,242677710000000,0,0,0
1,5596,242677710000000,242677710087750,242677715609250,5521500,5609250,87750,242677720000000,0,0,0
1,5597,242677720000000,242677720101625,242677726161750,6060125,6161750,101625,242677730000000,0,0,0
1,5598,242677730000000,242677730088125,242677735579500,5491375,5579500,88125,242677740000000,0,0,0
1,5599,242677740000000,242677740089375,242677746287500,6198125,6287500,89375,242677750000000,0,0,0
1,5600,242677750000000,242677750087250,242677755599000,5511750,5599000,87250,242677760000000,0,0,0
1,5601,242677760000000,242677760089000,242677765989250,5900250,5989250,89000,242677770000000,0,0,0
1,5602,242677770000000,242677770077250,242677776133375,6056125,6133375,77250,242677780000000,0,0,0
1,5603,242677780000000,242677780083000,242677786065500,5982500,6065500,83000,242677790000000,0,0,0
1,5604,242677790000000,242677790062875,242677796119875,6057000,6119875,62875,242677800000000,0,0,0
1,5605,242677800000000,242677800085500,242677806107000,6021500,6107000,85500,242677810000000,0,0,0
1,5606,242677810000000,242677810085625,242677816112500,6026875,6112500,85625,242677820000000,0,0,0
1,5607,242677820000000,242677820076000,242677826133375,6057375,6133375,76000,242677830000000,0,0,0
1,5608,242677830000000,242677830090000,242677836133250,6043250,6133250,90000,242677840000000,0,0,0
1,5609,242677840000000,242677840083125,242677845828125,5745000,5828125,83125,242677850000000,0,0,0
1,5610,242677850000000,242677850119000,242677856194375,6075375,6194375,119000,242677860000000,0,0,0
1,5611,242677860000000,242677860066500,242677866203125,6136625,6203125,66500,242677870000000,0,0,0
1,5612,242677870000000,242677870087500,242677876209625,6122125,6209625,87500,242677880000000,0,0,0
1,5613,242677880000000,242677880082125,242677886096375,6014250,6096375,82125,242677890000000,0,0,0
1,5614,242677890000000,242677890088000,242677896153250,6065250,6153250,88000,242677900000000,0,0,0
1,5615,242677900000000,242677900082500,242677906086625,6004125,6086625,82500,242677910000000,0,0,0
1,5616,242677910000000,242677910086375,242677916174750,6088375,6174750,86375,242677920000000,0,0,0
1,5617,242677920000000,242677920084750,242677926144750,6060000,6144750,84750,242677930000000,0,0,0
1,5618,242677930000000,242677930089000,242677936075625,5986625,6075625,89000,242677940000000,0,0,0
1,5619,242677940000000,242677940114125,242677945860875,5746750,5860875,114125,242677950000000,0,0,0
1,5620,242677950000000,242677950091000,242677955661500,5570500,5661500,91000,242677960000000,0,0,0
1,5621,242677960000000,242677960106125,242677965933875,5827750,5933875,106125,242677970000000,0,0,0
1,5622,242677970000000,242677970088875,242677976184250,6095375,6184250,88875,242677980000000,0,0,0
1,5623,242677980000000,242677980084875,242677985921500,5836625,5921500,84875,242677990000000,0,0,0
1,5624,242677990000000,242677990089625,242677995600000,5510375,5600000,89625,242678000000000,0,0,0
1,5625,242678000000000,242678000088625,242678006169250,6080625,6169250,88625,242678010000000,0,0,0
1,5626,242678010000000,242678010087875,242678016248125,6160250,6248125,87875,242678020000000,0,0,0
1,5627,242678020000000,242678020081500,242678026127750,6046250,6127750,81500,242678030000000,0,0,0
1,5628,242678030000000,242678030089625,242678036135000,6045375,6135000,89625,242678040000000,0,0,0
1,5629,242678040000000,242678040086000,242678045854875,5768875,5854875,86000,242678050000000,0,0,0
1,5630,242678050000000,242678050090000,242678056123500,6033500,6123500,90000,242678060000000,0,0,0
1,5631,242678060000000,242678060079250,242678066098375,6019125,6098375,79250,242678070000000,0,0,0
1,5632,242678070000000,242678070087500,242678075605125,5517625,5605125,87500,242678080000000,0,0,0
1,5633,242678080000000,242678080090000,242678085639375,5549375,5639375,90000,242678090000000,0,0,0
1,5634,242678090000000,242678090109625,242678096114500,6004875,6114500,109625,242678100000000,0,0,0
1,5635,242678100000000,242678100088875,242678106130125,6041250,6130125,88875,242678110000000,0,0,0
1,5636,242678110000000,242678110109375,242678115630750,5521375,5630750,109375,242678120000000,0,0,0
1,5637,242678120000000,242678120089375,242678126199750,6110375,6199750,89375,242678130000000,0,0,0
1,5638,242678130000000,242678130110000,242678135599875,5489875,5599875,110000,242678140000000,0,0,0
1,5639,242678140000000,242678140091000,242678145653750,5562750,5653750,91000,242678150000000,0,0,0
1,5640,242678150000000,242678150085875,242678156165875,6080000,6165875,85875,242678160000000,0,0,0
1,5641,242678160000000,242678160078125,242678166068000,5989875,6068000,78125,242678170000000,0,0,0
1,5642,242678170000000,242678170089750,242678175589750,5500000,5589750,89750,242678180000000,0,0,0
1,5643,242678180000000,242678180086000,242678186201375,6115375,6201375,86000,242678190000000,0,0,0
1,5644,242678190000000,242678190088875,242678196254000,6165125,6254000,88875,242678200000000,0,0,0
1,5645,242678200000000,242678200079875,242678206052250,5972375,6052250,79875,242678210000000,0,0,0
1,5646,242678210000000,242678210086375,242678216182000,6095625,6182000,86375,242678220000000,0,0,0
1,5647,242678220000000,242678220085875,242678226120375,6034500,6120375,85875,242678230000000,0,0,0
1,5648,242678230000000,242678230090375,242678236197750,6107375,6197750,90375,242678240000000,0,0,0
1,5649,242678240000000,242678240081500,242678246099750,6018250,6099750,81500,242678250000000,0,0,0
1,5650,242678250000000,242678250087750,242678256228625,6140875,6228625,87750,242678260000000,0,0,0
1,5651,242678260000000,242678260106750,242678266137500,6030750,6137500,106750,242678270000000,0,0,0
1,5652,242678270000000,242678270085250,242678276178500,6093250,6178500,85250,242678280000000,0,0,0
1,5653,242678280000000,242678280116625,242678286221500,6104875,6221500,116625,242678290000000,0,0,0
1,5654,242678290000000,242678290086125,242678296213125,6127000,6213125,86125,242678300000000,0,0,0
1,5655,242678300000000,242678300101500,242678305912125,5810625,5912125,101500,242678310000000,0,0,0
1,5656,242678310000000,242678310088500,242678316179000,6090500,6179000,88500,242678320000000,0,0,0
1,5657,242678320000000,242678320084625,242678326239250,6154625,6239250,84625,242678330000000,0,0,0
1,5658,242678330000000,242678330088250,242678336084125,5995875,6084125,88250,242678340000000,0,0,0
1,5659,242678340000000,242678340085625,242678346184625,6099000,6184625,85625,242678350000000,0,0,0
1,5660,242678350000000,242678350087625,242678356125125,6037500,6125125,87625,242678360000000,0,0,0
1,5661,242678360000000,242678360082000,242678366039875,5957875,6039875,82000,242678370000000,0,0,0
1,5662,242678370000000,242678370089000,242678375585625,5496625,5585625,89000,242678380000000,0,0,0
1,5663,242678380000000,242678380088125,242678386136375,6048250,6136375,88125,242678390000000,0,0,0
1,5664,242678390000000,242678390076125,242678396134500,6058375,6134500,76125,242678400000000,0,0,0
1,5665,242678400000000,242678400084625,242678406059250,5974625,6059250,84625,242678410000000,0,0,0
1,5666,242678410000000,242678410102875,242678416179500,6076625,6179500,102875,242678420000000,0,0,0
1,5667,242678420000000,242678420083250,242678426256500,6173250,6256500,83250,242678430000000,0,0,0
1,5668,242678430000000,242678430119375,242678436188250,6068875,6188250,119375,242678440000000,0,0,0
1,5669,242678440000000,242678440083750,242678446046500,5962750,6046500,83750,242678450000000,0,0,0
1,5670,242678450000000,242678450113375,242678455583375,5470000,5583375,113375,242678460000000,0,0,0
1,5671,242678460000000,242678460089000,242678465902375,5813375,5902375,89000,242678470000000,0,0,0
1,5672,242678470000000,242678470080125,242678475947000,5866875,5947000,80125,242678480000000,0,0,0
1,5673,242678480000000,242678480082375,242678486037125,5954750,6037125,82375,242678490000000,0,0,0
1,5674,242678490000000,242678490089000,242678496178625,6089625,6178625,89000,242678500000000,0,0,0
1,5675,242678500000000,242678500079750,242678505637000,5557250,5637000,79750,242678510000000,0,0,0
1,5676,242678510000000,242678510083875,242678516141000,6057125,6141000,83875,242678520000000,0,0,0
1,5677,242678520000000,242678520109500,242678526100125,5990625,6100125,109500,242678530000000,0,0,0
1,5678,242678530000000,242678530085875,242678536114750,6028875,6114750,85875,242678540000000,0,0,0
1,5679,242678540000000,242678540083125,242678546234750,6151625,6234750,83125,242678550000000,0,0,0
1,5680,242678550000000,242678550082875,242678556138250,6055375,6138250,82875,242678560000000,0,0,0
1,5681,242678560000000,242678560084750,242678566122000,6037250,6122000,84750,242678570000000,0,0,0
1,5682,242678570000000,242678570087750,242678576136500,6048750,6136500,87750,242678580000000,0,0,0
1,5683,242678580000000,242678580083250,242678585435875,5352625,5435875,83250,242678590000000,0,0,0
1,5684,242678590000000,242678590084750,242678596266000,6181250,6266000,84750,242678600000000,0,0,0
1,5685,242678600000000,242678600082625,242678606235375,6152750,6235375,82625,242678610000000,0,0,0
1,5686,242678610000000,242678610086875,242678616161875,6075000,6161875,86875,242678620000000,0,0,0
1,5687,242678620000000,242678620083375,242678626095125,6011750,6095125,83375,242678630000000,0,0,0
1,5688,242678630000000,242678630113250,242678636081250,5968000,6081250,113250,242678640000000,0,0,0
1,5689,242678640000000,242678640084875,242678646097625,6012750,6097625,84875,242678650000000,0,0,0
1,5690,242678650000000,242678650122375,242678656160875,6038500,6160875,122375,242678660000000,0,0,0
1,5691,242678660000000,242678660083750,242678666091000,6007250,6091000,83750,242678670000000,0,0,0
1,5692,242678670000000,242678670091750,242678675606500,5514750,5606500,91750,242678680000000,0,0,0
1,5693,242678680000000,242678680089125,242678686187250,6098125,6187250,89125,242678690000000,0,0,0
1,5694,242678690000000,242678690092125,242678695632750,5540625,5632750,92125,242678700000000,0,0,0
1,5695,242678700000000,242678700067375,242678706161875,6094500,6161875,67375,242678710000000,0,0,0
1,5696,242678710000000,242678710086875,242678716213250,6126375,6213250,86875,242678720000000,0,0,0
1,5697,242678720000000,242678720078125,242678725872750,5794625,5872750,78125,242678730000000,0,0,0
1,5698,242678730000000,242678730086875,242678736155000,6068125,6155000,86875,242678740000000,0,0,0
1,5699,242678740000000,242678740110875,242678746063750,5952875,6063750,110875,242678750000000,0,0,0
1,5700,242678750000000,242678750088250,242678756207125,6118875,6207125,88250,242678760000000,0,0,0
1,5701,242678760000000,242678760084875,242678766126875,6042000,6126875,84875,242678770000000,0,0,0
1,5702,242678770000000,242678770077625,242678776177125,6099500,6177125,77625,242678780000000,0,0,0
1,5703,242678780000000,242678780084625,242678786128250,6043625,6128250,84625,242678790000000,0,0,0
1,5704,242678790000000,242678790085500,242678796131000,6045500,6131000,85500,242678800000000,0,0,0
1,5705,242678800000000,242678800083375,242678806039625,5956250,6039625,83375,242678810000000,0,0,0
1,5706,242678810000000,242678810083875,242678816234875,6151000,6234875,83875,242678820000000,0,0,0
1,5707,242678820000000,242678820078250,242678825856500,5778250,5856500,78250,242678830000000,0,0,0
1,5708,242678830000000,242678830117875,242678836246375,6128500,6246375,117875,242678840000000,0,0,0
1,5709,242678840000000,242678840081500,242678846094500,6013000,6094500,81500,242678850000000,0,0,0
1,5710,242678850000000,242678850088875,242678855929500,5840625,5929500,88875,242678860000000,0,0,0
1,5711,242678860000000,242678860088500,242678866079125,5990625,6079125,88500,242678870000000,0,0,0
1,5712,242678870000000,242678870246000,242678876214875,5968875,6214875,246000,242678880000000,0,0,0
1,5713,242678880000000,242678880066875,242678886064500,5997625,6064500,66875,242678890000000,0,0,0
1,5714,242678890000000,242678890088000,242678895636875,5548875,5636875,88000,242678900000000,0,0,0
1,5715,242678900000000,242678900084250,242678906317125,6232875,6317125,84250,242678910000000,0,0,0
1,5716,242678910000000,242678910089125,242678916261750,6172625,6261750,89125,242678920000000,0,0,0
1,5717,242678920000000,242678920083250,242678926091125,6007875,6091125,83250,242678930000000,0,0,0
1,5718,242678930000000,242678930084750,242678936110250,6025500,6110250,84750,242678940000000,0,0,0
1,5719,242678940000000,242678940080125,242678945376000,5295875,5376000,80125,242678950000000,0,0,0
1,5720,242678950000000,242678950087125,242678955623000,5535875,5623000,87125,242678960000000,0,0,0
1,5721,242678960000000,242678960117500,242678966245125,6127625,6245125,117500,242678970000000,0,0,0
1,5722,242678970000000,242678970090125,242678975590875,5500750,5590875,90125,242678980000000,0,0,0
1,5723,242678980000000,242678980104750,242678985417125,5312375,5417125,104750,242678990000000,0,0,0
1,5724,242678990000000,242678990091000,242678996253500,6162500,6253500,91000,242679000000000,0,0,0
1,5725,242679000000000,242679000083625,242679006157500,6073875,6157500,83625,242679010000000,0,0,0
1,5726,242679010000000,242679010090500,242679016097125,6006625,6097125,90500,242679020000000,0,0,0
1,5727,242679020000000,242679020082750,242679026194875,6112125,6194875,82750,242679030000000,0,0,0
1,5728,242679030000000,242679030085250,242679036186625,6101375,6186625,85250,242679040000000,0,0,0
1,5729,242679040000000,242679040083375,242679045834750,5751375,5834750,83375,242679050000000,0,0,0
1,5730,242679050000000,242679050115250,242679056170125,6054875,6170125,115250,242679060000000,0,0,0
1,5731,242679060000000,242679060085250,242679066097375,6012125,6097375,85250,242679070000000,0,0,0
1,5732,242679070000000,242679070087750,242679076183375,6095625,6183375,87750,242679080000000,0,0,0
1,5733,242679080000000,242679080074875,242679086039125,5964250,6039125,74875,242679090000000,0,0,0
1,5734,242679090000000,242679090086875,242679096203250,6116375,6203250,86875,242679100000000,0,0,0
1,5735,242679100000000,242679100086125,242679106078500,5992375,6078500,86125,242679110000000,0,0,0
1,5736,242679110000000,242679110086750,242679116145875,6059125,6145875,86750,242679120000000,0,0,0
1,5737,242679120000000,242679120083500,242679125863250,5779750,5863250,83500,242679130000000,0,0,0
1,5738,242679130000000,242679130090250,242679136323125,6232875,6323125,90250,242679140000000,0,0,0
1,5739,242679140000000,242679140082000,242679146138375,6056375,6138375,82000,242679150000000,0,0,0
1,5740,242679150000000,242679150086375,242679155592375,5506000,5592375,86375,242679160000000,0,0,0
1,5741,242679160000000,242679160112125,242679166151625,6039500,6151625,112125,242679170000000,0,0,0
1,5742,242679170000000,242679170087375,242679176240750,6153375,6240750,87375,242679180000000,0,0,0
1,5743,242679180000000,242679180083875,242679186100125,6016250,6100125,83875,242679190000000,0,0,0
1,5744,242679190000000,242679190087250,242679195570750,5483500,5570750,87250,242679200000000,0,0,0
1,5745,242679200000000,242679200087625,242679206182625,6095000,6182625,87625,242679210000000,0,0,0
1,5746,242679210000000,242679210087125,242679216108250,6021125,6108250,87125,242679220000000,0,0,0
1,5747,242679220000000,242679220083500,242679225655000,5571500,5655000,83500,242679230000000,0,0,0
1,5748,242679230000000,242679230085500,242679236124500,6039000,6124500,85500,242679240000000,0,0,0
1,5749,242679240000000,242679240081000,242679246162125,6081125,6162125,81000,242679250000000,0,0,0
1,5750,242679250000000,242679250085375,242679256110000,6024625,6110000,85375,242679260000000,0,0,0
1,5751,242679260000000,242679260085125,242679265915500,5830375,5915500,85125,242679270000000,0,0,0
1,5752,242679270000000,242679270111750,242679276152250,6040500,6152250,111750,242679280000000,0,0,0
1,5753,242679280000000,242679280087875,242679286089000,6001125,6089000,87875,242679290000000,0,0,0
1,5754,242679290000000,242679290122500,242679296159375,6036875,6159375,122500,242679300000000,0,0,0
1,5755,242679300000000,242679300083750,242679305971875,5888125,5971875,83750,242679310000000,0,0,0
1,5756,242679310000000,242679310086750,242679315649625,5562875,5649625,86750,242679320000000,0,0,0
1,5757,242679320000000,242679320088750,242679326189875,6101125,6189875,88750,242679330000000,0,0,0
1,5758,242679330000000,242679330089750,242679336187125,6097375,6187125,89750,242679340000000,0,0,0
1,5759,242679340000000,242679340080500,242679346070375,5989875,6070375,80500,242679350000000,0,0,0
1,5760,242679350000000,242679350088875,242679356149375,6060500,6149375,88875,242679360000000,0,0,0
1,5761,242679360000000,242679360076125,242679366072500,5996375,6072500,76125,242679370000000,0,0,0
1,5762,242679370000000,242679370086750,242679376255750,6169000,6255750,86750,242679380000000,0,0,0
1,5763,242679380000000,242679380101000,242679386205500,6104500,6205500,101000,242679390000000,0,0,0
1,5764,242679390000000,242679390089375,242679395598375,5509000,5598375,89375,242679400000000,0,0,0
1,5765,242679400000000,242679400095500,242679406138750,6043250,6138750,95500,242679410000000,0,0,0
1,5766,242679410000000,242679410089625,242679416120250,6030625,6120250,89625,242679420000000,0,0,0
1,5767,242679420000000,242679420085500,242679426126375,6040875,6126375,85500,242679430000000,0,0,0
1,5768,242679430000000,242679430085250,242679436113500,6028250,6113500,85250,242679440000000,0,0,0
1,5769,242679440000000,242679440083375,242679446087500,6004125,6087500,83375,242679450000000,0,0,0
1,5770,242679450000000,242679450085000,242679456165500,6080500,6165500,85000,242679460000000,0,0,0
1,5771,242679460000000,242679460082750,242679465886500,5803750,5886500,82750,242679470000000,0,0,0
1,5772,242679470000000,242679470109625,242679476233250,6123625,6233250,109625,242679480000000,0,0,0
1,5773,242679480000000,242679480084375,242679486124625,6040250,6124625,84375,242679490000000,0,0,0
1,5774,242679490000000,242679490073375,242679495609500,5536125,5609500,73375,242679500000000,0,0,0
1,5775,242679500000000,242679500088500,242679505867750,5779250,5867750,88500,242679510000000,0,0,0
1,5776,242679510000000,242679510091125,242679516231500,6140375,6231500,91125,242679520000000,0,0,0
1,5777,242679520000000,242679520083625,242679526132500,6048875,6132500,83625,242679530000000,0,0,0
1,5778,242679530000000,242679530087250,242679536193750,6106500,6193750,87250,242679540000000,0,0,0
1,5779,242679540000000,242679540072500,242679545591875,5519375,5591875,72500,242679550000000,0,0,0
1,5780,242679550000000,242679550086750,242679555614125,5527375,5614125,86750,242679560000000,0,0,0
1,5781,242679560000000,242679560108250,242679566103000,5994750,6103000,108250,242679570000000,0,0,0
1,5782,242679570000000,242679570090125,242679576091500,6001375,6091500,90125,242679580000000,0,0,0
1,5783,242679580000000,242679580082125,242679586127875,6045750,6127875,82125,242679590000000,0,0,0
1,5784,242679590000000,242679590087000,242679596152625,6065625,6152625,87000,242679600000000,0,0,0
1,5785,242679600000000,242679600083875,242679606115375,6031500,6115375,83875,242679610000000,0,0,0
1,5786,242679610000000,242679610088625,242679616244000,6155375,6244000,88625,242679620000000,0,0,0
1,5787,242679620000000,242679620082875,242679626083750,6000875,6083750,82875,242679630000000,0,0,0
1,5788,242679630000000,242679630084625,242679636144000,6059375,6144000,84625,242679640000000,0,0,0
1,5789,242679640000000,242679640081750,242679645915375,5833625,5915375,81750,242679650000000,0,0,0
1,5790,242679650000000,242679650115000,242679656160500,6045500,6160500,115000,242679660000000,0,0,0
1,5791,242679660000000,242679660083750,242679666062500,5978750,6062500,83750,242679670000000,0,0,0
1,5792,242679670000000,242679670090125,242679675640125,5550000,5640125,90125,242679680000000,0,0,0
1,5793,242679680000000,242679680091000,242679686093375,6002375,6093375,91000,242679690000000,0,0,0
1,5794,242679690000000,242679690090250,242679696210250,6120000,6210250,90250,242679700000000,0,0,0
1,5795,242679700000000,242679700082500,242679706024250,5941750,6024250,82500,242679710000000,0,0,0
1,5796,242679710000000,242679710082375,242679716178875,6096500,6178875,82375,242679720000000,0,0,0
1,5797,242679720000000,242679720075750,242679726083250,6007500,6083250,75750,242679730000000,0,0,0
1,5798,242679730000000,242679730087750,242679736113875,6026125,6113875,87750,242679740000000,0,0,0
1,5799,242679740000000,242679740113875,242679745961375,5847500,5961375,113875,242679750000000,0,0,0
1,5800,242679750000000,242679750089000,242679756162250,6073250,6162250,89000,242679760000000,0,0,0
1,5801,242679760000000,242679760082000,242679766099000,6017000,6099000,82000,242679770000000,0,0,0
1,5802,242679770000000,242679770074000,242679775576000,5502000,5576000,74000,242679780000000,0,0,0
1,5803,242679780000000,242679780086250,242679786132750,6046500,6132750,86250,242679790000000,0,0,0
1,5804,242679790000000,242679790085875,242679796131250,6045375,6131250,85875,242679800000000,0,0,0
1,5805,242679800000000,242679800080250,242679805710500,5630250,5710500,80250,242679810000000,0,0,0
1,5806,242679810000000,242679810113625,242679816241250,6127625,6241250,113625,242679820000000,0,0,0
1,5807,242679820000000,242679820080875,242679826129125,6048250,6129125,80875,242679830000000,0,0,0
1,5808,242679830000000,242679830088125,242679836136750,6048625,6136750,88125,242679840000000,0,0,0
1,5809,242679840000000,242679840064250,242679845826750,5762500,5826750,64250,242679850000000,0,0,0
1,5810,242679850000000,242679850085625,242679856226250,6140625,6226250,85625,242679860000000,0,0,0
1,5811,242679860000000,242679860081750,242679866064000,5982250,6064000,81750,242679870000000,0,0,0
1,5812,242679870000000,242679870086625,242679875592875,5506250,5592875,86625,242679880000000,0,0,0
1,5813,242679880000000,242679880077000,242679886118250,6041250,6118250,77000,242679890000000,0,0,0
1,5814,242679890000000,242679890088500,242679896314000,6225500,6314000,88500,242679900000000,0,0,0
1,5815,242679900000000,242679900073500,242679906160125,6086625,6160125,73500,242679910000000,0,0,0
1,5816,242679910000000,242679910087875,242679915606000,5518125,5606000,87875,242679920000000,0,0,0
1,5817,242679920000000,242679920101875,242679925900250,5798375,5900250,101875,242679930000000,0,0,0
1,5818,242679930000000,242679930087000,242679936179875,6092875,6179875,87000,242679940000000,0,0,0
1,5819,242679940000000,242679940082125,242679946293375,6211250,6293375,82125,242679950000000,0,0,0
1,5820,242679950000000,242679950089875,242679956170750,6080875,6170750,89875,242679960000000,0,0,0
1,5821,242679960000000,242679960082875,242679966236000,6153125,6236000,82875,242679970000000,0,0,0
1,5822,242679970000000,242679970087000,242679976177625,6090625,6177625,87000,242679980000000,0,0,0
1,5823,242679980000000,242679980082750,242679985472500,5389750,5472500,82750,242679990000000,0,0,0
1,5824,242679990000000,242679990087750,242679996144875,6057125,6144875,87750,242680000000000,0,0,0
1,5825,242680000000000,242680000083125,242680005860125,5777000,5860125,83125,242680010000000,0,0,0
1,5826,242680010000000,242680010068000,242680016194250,6126250,6194250,68000,242680020000000,0,0,0
1,5827,242680020000000,242680020083000,242680026058625,5975625,6058625,83000,242680030000000,0,0,0
1,5828,242680030000000,242680030084250,242680036226625,6142375,6226625,84250,242680040000000,0,0,0
1,5829,242680040000000,242680040083000,242680046077000,5994000,6077000,83000,242680050000000,0,0,0
1,5830,242680050000000,242680050084000,242680056143875,6059875,6143875,84000,242680060000000,0,0,0
1,5831,242680060000000,242680060083250,242680065889250,5806000,5889250,83250,242680070000000,0,0,0
1,5832,242680070000000,242680070118000,242680076186250,6068250,6186250,118000,242680080000000,0,0,0
1,5833,242680080000000,242680080085250,242680086125125,6039875,6125125,85250,242680090000000,0,0,0
1,5834,242680090000000,242680090085250,242680095634625,5549375,5634625,85250,242680100000000,0,0,0
1,5835,242680100000000,242680100083875,242680105949500,5865625,5949500,83875,242680110000000,0,0,0
1,5836,242680110000000,242680110088625,242680116135000,6046375,6135000,88625,242680120000000,0,0,0
1,5837,242680120000000,242680120087750,242680126148000,6060250,6148000,87750,242680130000000,0,0,0
1,5838,242680130000000,242680130086625,242680136221000,6134375,6221000,86625,242680140000000,0,0,0
1,5839,242680140000000,242680140077500,242680146102625,6025125,6102625,77500,242680150000000,0,0,0
1,5840,242680150000000,242680150085250,242680156112250,6027000,6112250,85250,242680160000000,0,0,0
1,5841,242680160000000,242680160084625,242680166102250,6017625,6102250,84625,242680170000000,0,0,0
1,5842,242680170000000,242680170086250,242680175577000,5490750,5577000,86250,242680180000000,0,0,0
1,5843,242680180000000,242680180115500,242680186143250,6027750,6143250,115500,242680190000000,0,0,0
1,5844,242680190000000,242680190082875,242680195594500,5511625,5594500,82875,242680200000000,0,0,0
1,5845,242680200000000,242680200108250,242680206168875,6060625,6168875,108250,242680210000000,0,0,0
1,5846,242680210000000,242680210094375,242680215572875,5478500,5572875,94375,242680220000000,0,0,0
1,5847,242680220000000,242680220086625,242680226180375,6093750,6180375,86625,242680230000000,0,0,0
1,5848,242680230000000,242680230087625,242680235630875,5543250,5630875,87625,242680240000000,0,0,0
1,5849,242680240000000,242680240087375,242680246231125,6143750,6231125,87375,242680250000000,0,0,0
1,5850,242680250000000,242680250087625,242680256121500,6033875,6121500,87625,242680260000000,0,0,0
1,5851,242680260000000,242680260081875,242680266084375,6002500,6084375,81875,242680270000000,0,0,0
1,5852,242680270000000,242680270115250,242680276172750,6057500,6172750,115250,242680280000000,0,0,0
1,5853,242680280000000,242680280085500,242680285924250,5838750,5924250,85500,242680290000000,0,0,0
1,5854,242680290000000,242680290117000,242680296225750,6108750,6225750,117000,242680300000000,0,0,0
1,5855,242680300000000,242680300085625,242680305599000,5513375,5599000,85625,242680310000000,0,0,0
1,5856,242680310000000,242680310079750,242680316157125,6077375,6157125,79750,242680320000000,0,0,0
1,5857,242680320000000,242680320084125,242680326066000,5981875,6066000,84125,242680330000000,0,0,0
1,5858,242680330000000,242680330085875,242680336182875,6097000,6182875,85875,242680340000000,0,0,0
1,5859,242680340000000,242680340082250,242680346083250,6001000,6083250,82250,242680350000000,0,0,0
1,5860,242680350000000,242680350086875,242680356275500,6188625,6275500,86875,242680360000000,0,0,0
1,5861,242680360000000,242680360108500,242680365897125,5788625,5897125,108500,242680370000000,0,0,0
1,5862,242680370000000,242680370089625,242680376156125,6066500,6156125,89625,242680380000000,0,0,0
1,5863,242680380000000,242680380116750,242680386136750,6020000,6136750,116750,242680390000000,0,0,0
1,5864,242680390000000,242680390089500,242680396205625,6116125,6205625,89500,242680400000000,0,0,0
1,5865,242680400000000,242680400081625,242680406142250,6060625,6142250,81625,242680410000000,0,0,0
1,5866,242680410000000,242680410090000,242680415603000,5513000,5603000,90000,242680420000000,0,0,0
1,5867,242680420000000,242680420087750,242680426151250,6063500,6151250,87750,242680430000000,0,0,0
1,5868,242680430000000,242680430084875,242680436203125,6118250,6203125,84875,242680440000000,0,0,0
1,5869,242680440000000,242680440085125,242680445941625,5856500,5941625,85125,242680450000000,0,0,0
1,5870,242680450000000,242680450115125,242680456184000,6068875,6184000,115125,242680460000000,0,0,0
1,5871,242680460000000,242680460083375,242680466113500,6030125,6113500,83375,242680470000000,0,0,0
1,5872,242680470000000,242680470109250,242680476086250,5977000,6086250,109250,242680480000000,0,0,0
1,5873,242680480000000,242680480087500,242680486118000,6030500,6118000,87500,242680490000000,0,0,0
1,5874,242680490000000,242680490107250,242680496124750,6017500,6124750,107250,242680500000000,0,0,0
1,5875,242680500000000,242680500084000,242680506094875,6010875,6094875,84000,242680510000000,0,0,0
1,5876,242680510000000,242680510075750,242680516176000,6100250,6176000,75750,242680520000000,0,0,0
1,5877,242680520000000,242680520086375,242680526054000,5967625,6054000,86375,242680530000000,0,0,0
1,5878,242680530000000,242680530089250,242680536282625,6193375,6282625,89250,242680540000000,0,0,0
1,5879,242680540000000,242680540082625,242680545838375,5755750,5838375,82625,242680550000000,0,0,0
1,5880,242680550000000,242680550089375,242680556223375,6134000,6223375,89375,242680560000000,0,0,0
1,5881,242680560000000,242680560078625,242680566057875,5979250,6057875,78625,242680570000000,0,0,0
1,5882,242680570000000,242680570086250,242680576166625,6080375,6166625,86250,242680580000000,0,0,0
1,5883,242680580000000,242680580085250,242680586134500,6049250,6134500,85250,242680590000000,0,0,0
1,5884,242680590000000,242680590087625,242680596114375,6026750,6114375,87625,242680600000000,0,0,0
1,5885,242680600000000,242680600082375,242680606036500,5954125,6036500,82375,242680610000000,0,0,0
1,5886,242680610000000,242680610090625,242680616108375,6017750,6108375,90625,242680620000000,0,0,0
1,5887,242680620000000,242680620111875,242680626133000,6021125,6133000,111875,242680630000000,0,0,0
1,5888,242680630000000,242680630090000,242680636109500,6019500,6109500,90000,242680640000000,0,0,0
1,5889,242680640000000,242680640119500,242680646151500,6032000,6151500,119500,242680650000000,0,0,0
1,5890,242680650000000,242680650089750,242680656237375,6147625,6237375,89750,242680660000000,0,0,0
1,5891,242680660000000,242680660084125,242680665933875,5849750,5933875,84125,242680670000000,0,0,0
1,5892,242680670000000,242680670088000,242680676184125,6096125,6184125,88000,242680680000000,0,0,0
1,5893,242680680000000,242680680085750,242680685872125,5786375,5872125,85750,242680690000000,0,0,0
1,5894,242680690000000,242680690088875,242680696169000,6080125,6169000,88875,242680700000000,0,0,0
1,5895,242680700000000,242680700100250,242680706136250,6036000,6136250,100250,242680710000000,0,0,0
1,5896,242680710000000,242680710090250,242680716206750,6116500,6206750,90250,242680720000000,0,0,0
1,5897,242680720000000,242680720085250,242680726111500,6026250,6111500,85250,242680730000000,0,0,0
1,5898,242680730000000,242680730064875,242680735353500,5288625,5353500,64875,242680740000000,0,0,0
1,5899,242680740000000,242680740071750,242680745609625,5537875,5609625,71750,242680750000000,0,0,0
1,5900,242680750000000,242680750071125,242680755611250,5540125,5611250,71125,242680760000000,0,0,0
1,5901,242680760000000,242680760079125,242680765655625,5576500,5655625,79125,242680770000000,0,0,0
1,5902,242680770000000,242680770066875,242680775630000,5563125,5630000,66875,242680780000000,0,0,0
1,5903,242680780000000,242680780080375,242680785644000,5563625,5644000,80375,242680790000000,0,0,0
1,5904,242680790000000,242680790116500,242680795587375,5470875,5587375,116500,242680800000000,0,0,0
1,5905,242680800000000,242680800107125,242680805566000,5458875,5566000,107125,242680810000000,0,0,0
1,5906,242680810000000,242680810114375,242680815609375,5495000,5609375,114375,242680820000000,0,0,0
1,5907,242680820000000,242680820103625,242680825554250,5450625,5554250,103625,242680830000000,0,0,0
1,5908,242680830000000,242680830080000,242680835525875,5445875,5525875,80000,242680840000000,0,0,0
1,5909,242680840000000,242680840109875,242680845559500,5449625,5559500,109875,242680850000000,0,0,0
1,5910,242680850000000,242680850098875,242680855715250,5616375,5715250,98875,242680860000000,0,0,0
1,5911,242680860000000,242680860087250,242680865983875,5896625,5983875,87250,242680870000000,0,0,0
1,5912,242680870000000,242680870103750,242680875933500,5829750,5933500,103750,242680880000000,0,0,0
1,5913,242680880000000,242680880073375,242680885817875,5744500,5817875,73375,242680890000000,0,0,0
1,5914,242680890000000,242680890112625,242680895689500,5576875,5689500,112625,242680900000000,0,0,0
1,5915,242680900000000,242680900109125,242680905704250,5595125,5704250,109125,242680910000000,0,0,0
1,5916,242680910000000,242680910106625,242680915844625,5738000,5844625,106625,242680920000000,0,0,0
1,5917,242680920000000,242680920076500,242680925792875,5716375,5792875,76500,242680930000000,0,0,0
1,5918,242680930000000,242680930099500,242680935795625,5696125,5795625,99500,242680940000000,0,0,0
1,5919,242680940000000,242680940086125,242680945750875,5664750,5750875,86125,242680950000000,0,0,0
1,5920,242680950000000,242680950104375,242680955961875,5857500,5961875,104375,242680960000000,0,0,0
1,5921,242680960000000,242680960089875,242680965794250,5704375,5794250,89875,242680970000000,0,0,0
1,5922,242680970000000,242680970101000,242680975851875,5750875,5851875,101000,242680980000000,0,0,0
1,5923,242680980000000,242680980126000,242680985753000,5627000,5753000,126000,242680990000000,0,0,0
1,5924,242680990000000,242680990103375,242680995711375,5608000,5711375,103375,242681000000000,0,0,0
1,5925,242681000000000,242681000126000,242681005737250,5611250,5737250,126000,242681010000000,0,0,0
1,5926,242681010000000,242681010104000,242681015737250,5633250,5737250,104000,242681020000000,0,0,0
1,5927,242681020000000,242681020132750,242681025826250,5693500,5826250,132750,242681030000000,0,0,0
1,5928,242681030000000,242681030107000,242681035738750,5631750,5738750,107000,242681040000000,0,0,0
1,5929,242681040000000,242681040113375,242681045745875,5632500,5745875,113375,242681050000000,0,0,0
1,5930,242681050000000,242681050107375,242681055768875,5661500,5768875,107375,242681060000000,0,0,0
1,5931,242681060000000,242681060107750,242681065729375,5621625,5729375,107750,242681070000000,0,0,0
1,5932,242681070000000,242681070103125,242681075776000,5672875,5776000,103125,242681080000000,0,0,0
1,5933,242681080000000,242681080115000,242681085749375,5634375,5749375,115000,242681090000000,0,0,0
1,5934,242681090000000,242681090104500,242681095688125,5583625,5688125,104500,242681100000000,0,0,0
1,5935,242681100000000,242681100109250,242681105607875,5498625,5607875,109250,242681110000000,0,0,0
1,5936,242681110000000,242681110122875,242681115748500,5625625,5748500,122875,242681120000000,0,0,0
1,5937,242681120000000,242681120093625,242681125643750,5550125,5643750,93625,242681130000000,0,0,0
1,5938,242681130000000,242681130122625,242681135714000,5591375,5714000,122625,242681140000000,0,0,0
1,5939,242681140000000,242681140113750,242681145695375,5581625,5695375,113750,242681150000000,0,0,0
1,5940,242681150000000,242681150102750,242681155832125,5729375,5832125,102750,242681160000000,0,0,0
1,5941,242681160000000,242681160112000,242681165715250,5603250,5715250,112000,242681170000000,0,0,0
1,5942,242681170000000,242681170103000,242681175748750,5645750,5748750,103000,242681180000000,0,0,0
1,5943,242681180000000,242681180114125,242681186010625,5896500,6010625,114125,242681190000000,0,0,0
1,5944,242681190000000,242681190108875,242681195812500,5703625,5812500,108875,242681200000000,0,0,0
1,5945,242681200000000,242681200119375,242681205791875,5672500,5791875,119375,242681210000000,0,0,0
1,5946,242681210000000,242681210104875,242681215915750,5810875,5915750,104875,242681220000000,0,0,0
1,5947,242681220000000,242681220092125,242681225813750,5721625,5813750,92125,242681230000000,0,0,0
1,5948,242681230000000,242681230105375,242681235700375,5595000,5700375,105375,242681240000000,0,0,0
1,5949,242681240000000,242681240131125,242681245986250,5855125,5986250,131125,242681250000000,0,0,0
1,5950,242681250000000,242681250102750,242681255802750,5700000,5802750,102750,242681260000000,0,0,0
1,5951,242681260000000,242681260108000,242681265999250,5891250,5999250,108000,242681270000000,0,0,0
1,5952,242681270000000,242681270108250,242681275685750,5577500,5685750,108250,242681280000000,0,0,0
1,5953,242681280000000,242681280113250,242681285749000,5635750,5749000,113250,242681290000000,0,0,0
1,5954,242681290000000,242681290100500,242681295606500,5506000,5606500,100500,242681300000000,0,0,0
1,5955,242681300000000,242681300112125,242681305690625,5578500,5690625,112125,242681310000000,0,0,0
1,5956,242681310000000,242681310123875,242681315762250,5638375,5762250,123875,242681320000000,0,0,0
1,5957,242681320000000,242681320116750,242681325688125,5571375,5688125,116750,242681330000000,0,0,0
1,5958,242681330000000,242681330101375,242681335671250,5569875,5671250,101375,242681340000000,0,0,0
1,5959,242681340000000,242681340115000,242681345743000,5628000,5743000,115000,242681350000000,0,0,0
1,5960,242681350000000,242681350105875,242681355769500,5663625,5769500,105875,242681360000000,0,0,0
1,5961,242681360000000,242681360109625,242681365659125,5549500,5659125,109625,242681370000000,0,0,0
1,5962,242681370000000,242681370104375,242681375790375,5686000,5790375,104375,242681380000000,0,0,0
1,5963,242681380000000,242681380109750,242681385784375,5674625,5784375,109750,242681390000000,0,0,0
1,5964,242681390000000,242681390106250,242681395766625,5660375,5766625,106250,242681400000000,0,0,0
1,5965,242681400000000,242681400125750,242681405778250,5652500,5778250,125750,242681410000000,0,0,0
1,5966,242681410000000,242681410107250,242681415657750,5550500,5657750,107250,242681420000000,0,0,0
1,5967,242681420000000,242681420108375,242681425690250,5581875,5690250,108375,242681430000000,0,0,0
1,5968,242681430000000,242681430105750,242681435698250,5592500,5698250,105750,242681440000000,0,0,0
1,5969,242681440000000,242681440112750,242681445705750,5593000,5705750,112750,242681450000000,0,0,0
1,5970,242681450000000,242681450105000,242681455769750,5664750,5769750,105000,242681460000000,0,0,0
1,5971,242681460000000,242681460110375,242681465757250,5646875,5757250,110375,242681470000000,0,0,0
1,5972,242681470000000,242681470106375,242681475822000,5715625,5822000,106375,242681480000000,0,0,0
1,5973,242681480000000,242681480114250,242681485945250,5831000,5945250,114250,242681490000000,0,0,0
1,5974,242681490000000,242681490108000,242681495929625,5821625,5929625,108000,242681500000000,0,0,0
1,5975,242681500000000,242681500114250,242681505810625,5696375,5810625,114250,242681510000000,0,0,0
1,5976,242681510000000,242681510124375,242681515558125,5433750,5558125,124375,242681520000000,0,0,0
1,5977,242681520000000,242681520111875,242681525803125,5691250,5803125,111875,242681530000000,0,0,0
1,5978,242681530000000,242681530071250,242681535676375,5605125,5676375,71250,242681540000000,0,0,0
1,5979,242681540000000,242681540113875,242681545807375,5693500,5807375,113875,242681550000000,0,0,0
1,5980,242681550000000,242681550106125,242681555769750,5663625,5769750,106125,242681560000000,0,0,0
1,5981,242681560000000,242681560115375,242681565836625,5721250,5836625,115375,242681570000000,0,0,0
1,5982,242681570000000,242681570104375,242681575711000,5606625,5711000,104375,242681580000000,0,0,0
1,5983,242681580000000,242681580112875,242681585756625,5643750,5756625,112875,242681590000000,0,0,0
1,5984,242681590000000,242681590106125,242681595673500,5567375,5673500,106125,242681600000000,0,0,0
1,5985,242681600000000,242681600126625,242681605729500,5602875,5729500,126625,242681610000000,0,0,0
1,5986,242681610000000,242681610110250,242681615638875,5528625,5638875,110250,242681620000000,0,0,0
1,5987,242681620000000,242681620107625,242681625716375,5608750,5716375,107625,242681630000000,0,0,0
1,5988,242681630000000,242681630111000,242681635658000,5547000,5658000,111000,242681640000000,0,0,0
1,5989,242681640000000,242681640112000,242681645714250,5602250,5714250,112000,242681650000000,0,0,0
1,5990,242681650000000,242681650103625,242681655721250,5617625,5721250,103625,242681660000000,0,0,0
1,5991,242681660000000,242681660095625,242681666144000,6048375,6144000,95625,242681670000000,0,0,0
1,5992,242681670000000,242681670108375,242681675901500,5793125,5901500,108375,242681680000000,0,0,0
1,5993,242681680000000,242681680115000,242681685814375,5699375,5814375,115000,242681690000000,0,0,0
1,5994,242681690000000,242681690125000,242681695838375,5713375,5838375,125000,242681700000000,0,0,0
1,5995,242681700000000,242681700110375,242681706014375,5904000,6014375,110375,242681710000000,0,0,0
1,5996,242681710000000,242681710126750,242681715896750,5770000,5896750,126750,242681720000000,0,0,0
1,5997,242681720000000,242681720108125,242681725733875,5625750,5733875,108125,242681730000000,0,0,0
1,5998,242681730000000,242681730103375,242681735930625,5827250,5930625,103375,242681740000000,0,0,0
1,5999,242681740000000,242681740116750,242681745796125,5679375,5796125,116750,242681750000000,0,0,0
